word,freq
export,0.0061508924914324935
manufactur,0.004910719227746228
agricultur,0.0038549430598847755
tariff,0.0037211523711473894
foreign,0.0036053902149348997
patent,0.0035993807040932677
union,0.003401066846319412
domest,0.0033204128850238246
household,0.003316933694536564
land,0.0029361204812036732
plant,0.0027782917490997597
shock,0.002743183554182857
farm,0.002729583082278111
gdp,0.0026549386318241554
labour,0.002651775731381191
unemploy,0.00252462713357403
hour,0.0024730718563537135
innov,0.0024234143193991755
advertis,0.0022845629899530466
dummi,0.00227633944880134
capita,0.002201378708303088
intens,0.0020286843441172423
entri,0.0020068603310607895
citi,0.0019527747334861015
educ,0.0018695904518361427
protect,0.0018341659668749436
capac,0.0018139234040399728
panel,0.0017674287675283988
equip,0.0017123942998208217
food,0.0016671648234864336
hous,0.0016640019230434694
inflat,0.0016386987194997556
compani,0.001627628567949381
reform,0.0016048556847600387
oil,0.001602009074361371
skill,0.001589357472589514
instrument,0.0015722778101975074
rent,0.0015681660396216538
locat,0.0014593622643836852
japan,0.0014176119785365576
transport,0.00140590924689759
south,0.001385666684062619
census,0.0013711173420249837
credit,0.0013635263809618696
energi,0.0013360091471080811
longrun,0.0013065941729885138
extern,0.0012860353201092467
electr,0.001280342099311911
depreci,0.0012762303287360576
residu,0.0012689556577172398
matrix,0.001260732116565533
spend,0.0012578855061668652
job,0.0012461827745278975
global,0.0012145537700982555
crop,0.0012053813588136593
urban,0.0012009532981935094
rank,0.001198422977839138
forecast,0.0011873528262887633
migrat,0.0011500306010617856
distanc,0.0011338998088026681
corpor,0.0011272577178724433
cycl,0.0011108106355690295
barrier,0.001106698864993176
regul,0.0010839259818038337
nomin,0.0010832934017152409
robust,0.0010760187306964233
counti,0.0010757024406521268
currenc,0.0010738047003863483
path,0.0010639997090131593
million,0.0010611530986144914
converg,0.0010497666570198202
yes,0.0010459711764882632
canada,0.0010443897262667813
debt,0.0010257286136532923
retail,0.001024779743520403
physic,0.0010244634534761067
subsidi,0.0010219331331217352
budget,0.0010058023408626177
aid,0.001002006860331061
steel,0.0009959973494894287
china,0.000994732189312243
farmer,0.0009922018689578717
bargain,0.0009890389685149076
home,0.0009827131676289791
north,0.0009659497952812688
european,0.000961521734661119
match,0.0009608891545725261
intermedi,0.0009545633536865977
simul,0.0009377999813388873
offic,0.0009362185311174053
employe,0.0009321067605415519
enterpris,0.000925464669611327
war,0.0009181899985925093
volatil,0.0009175574185039165
rural,0.000905222106776356
drug,0.0009042732366434668
durabl,0.0009033243665105776
tfp,0.0009030080764662811
mobil,0.0009020592063333919
inventori,0.0008913053448273135
row,0.0008909890547830171
mine,0.0008868772842071637
proxi,0.000883398093719903
crosssect,0.0008808677733655317
deflat,0.0008808677733655317
day,0.0008799189032326424
fluctuat,0.0008720116521252319
spillov,0.0008704302019037497
fuel,0.0008625229507963392
car,0.0008612577906191536
esti,0.0008489224788915932
india,0.0008369034572083292
slope,0.0008369034572083292
week,0.0008359545870754399
gnp,0.0008346894268982543
strike,0.0008331079766767721
largest,0.0008274147558794366
shortrun,0.0008226704052149902
likelihood,0.0008214052450378046
surplus,0.0008195075047720261
cotton,0.0008191912147277297
homogen,0.0008166608943733582
volum,0.0008150794441518761
transit,0.0008150794441518761
cross,0.0008131817038860976
learn,0.0008093862233545405
oecd,0.0008093862233545405
histor,0.0007929391410511267
item,0.0007910414007853482
brand,0.000785664470032309
store,0.0007837667297665305
parenthes,0.0007821852795450484
machineri,0.0007793386691463806
explanatori,0.0007752268985705272
germani,0.0007749106085262307
hypothes,0.0007704825479060808
distort,0.000763840456975856
accumul,0.0007590961063114097
poverti,0.0007537191755583705
kingdom,0.000751821435292592
median,0.0007505562751154064
pool,0.000749607404982517
ownership,0.0007467607945838493
custom,0.0007429653140522923
royal,0.0007391698335207352
monopoli,0.0007287322620589533
canadian,0.0007271508118374712
six,0.0007255693616159891
japanes,0.0007167132403756893
flexibl,0.0007122851797555394
water,0.0007116525996669465
densiti,0.0007078571191353895
decad,0.0007069082490025003
endow,0.000705959378869611
uniti,0.0007027964784266468
classif,0.0007012150282051647
compens,0.0007005824481165719
regim,0.0007002661580722755
nontrad,0.0006993172879393862
gap,0.0006990009978950898
centuri,0.0006964706775407184
post,0.0006958380974521255
heterogen,0.00069014487665479
count,0.000687930846344715
perman,0.0006857168160346401
borrow,0.0006850842359460473
sic,0.0006822376255473794
logarithm,0.0006800235952373045
macroeconom,0.0006787584350601188
nonlinear,0.0006778095649272296
schedul,0.0006771769848386367
engin,0.0006765444047500439
sell,0.0006752792445728582
invent,0.0006724326341741904
climat,0.0006724326341741904
length,0.0006711674739970047
loan,0.0006708511839527083
insur,0.0006702186038641155
europ,0.0006686371536426334
expans,0.0006670557034211512
liber,0.0006664231233325584
machin,0.0006638928029781871
chemic,0.0006629439328452978
port,0.0006610461925795193
access,0.000657883292136555
border,0.0006547203916935909
bilater,0.0006544041016492945
optimum,0.0006537715215607016
persist,0.0006528226514278124
coun,0.000648078300763366
cite,0.0006474457206747732
geograph,0.0006471294306304768
expens,0.0006452316903646983
insignific,0.0006385895994344734
west,0.0006363755691243984
agreement,0.0006357429890358056
systemat,0.0006351104089472128
formula,0.0006344778288586199
transform,0.0006344778288586199
record,0.0006313149284156558
dispers,0.0006249891275297273
rental,0.0006240402573968381
static,0.0006227750972196524
transact,0.0006218262270867632
mix,0.0006208773569538738
top,0.0006173981664666132
season,0.0006167655863780204
cyclic,0.0006161330062894276
quantit,0.0006158167162451311
textil,0.000614235266023649
metal,0.0006110723655806848
markup,0.000610439785492092
equiti,0.0006063280149162384
plot,0.0005984207638088279
franc,0.0005981044737645315
pair,0.0005981044737645315
frequenc,0.0005974718936759387
indus,0.0005943089932329745
upper,0.0005943089932329745
british,0.0005939927031886781
invers,0.0005939927031886781
exhibit,0.0005936764131443817
fiscal,0.0005936764131443817
oxford,0.0005911460927900103
imperfect,0.0005848202919040819
frontier,0.000584187711815489
coal,0.0005819736815054141
wheat,0.0005797596511953392
billion,0.0005797596511953392
cooper,0.0005788107810624499
ship,0.0005784944910181535
confirm,0.0005781782009738571
occup,0.0005778619109295607
east,0.0005740664303980036
charg,0.0005712198199993358
vertic,0.0005702709498664466
indian,0.0005690057896892608
field,0.000568373209600668
buyer,0.0005664754693348895
octob,0.000564577729069111
citat,0.0005626799888033325
acceler,0.0005614148286261467
versus,0.0005614148286261467
william,0.0005604659584932575
america,0.0005604659584932575
white,0.0005588845082717754
fig,0.0005569867680059969
exclus,0.0005566704779617005
methodolog,0.0005557216078288112
ten,0.000554772737695922
mill,0.000554140157607329
novemb,0.000554140157607329
remov,0.0005528749974301434
cluster,0.0005519261272972541
man,0.0005506609671200684
format,0.0005462329064999185
book,0.0005459166164556221
michael,0.0005433862961012508
covari,0.0005430700060569543
southern,0.0005414885558354723
null,0.0005411722657911758
old,0.0005392745255253972
februari,0.0005380093653482116
acr,0.0005367442051710259
tech,0.0005364279151267295
inputoutput,0.0005364279151267295
primarili,0.0005348464649052474
rich,0.000534530174860951
constrain,0.0005335813047280618
target,0.0005291532441079118
pollut,0.0005282043739750226
offici,0.0005275717938864297
postwar,0.0005234600233105762
confid,0.0005228274432219834
environment,0.0005218785730890941
jorgenson,0.0005183993826018336
cit,0.0005177668025132407
generic,0.00051428761202598
head,0.0005130224518487944
pressur,0.0005130224518487944
disturb,0.0005111247115830159
quota,0.000510492131494423
africa,0.000510492131494423
tween,0.0005101758414501266
classifi,0.0005101758414501266
rev,0.0005098595514058302
rigid,0.0005070129410071624
stochast,0.0005041663306084946
hire,0.0005022685903427161
cash,0.0005013197202098269
cal,0.0004994219799440483
exercis,0.0004959427894567877
crosscountri,0.0004956264994124913
wholesal,0.0004953102093681949
mexico,0.0004953102093681949
upward,0.0004940450491910092
fertil,0.000492463598969527
extract,0.0004921473089252306
villag,0.0004911984387923413
print,0.0004911984387923413
western,0.0004902495686594521
disaggreg,0.0004883518283936736
rela,0.0004877192483050807
petroleum,0.0004874029582607843
benchmark,0.00048708666821648786
inclus,0.00048677037817219145
communiti,0.0004855052179950058
nber,0.0004845563478621165
dustri,0.00048170973746344874
shipment,0.00048170973746344874
neoclass,0.0004804445772862631
premium,0.0004794957071533738
economica,0.0004782305469761881
downward,0.0004779142569318917
cumul,0.000476649096754706
negoti,0.000476649096754706
unobserv,0.00047633280671040957
crisi,0.00047601651666611316
commerci,0.0004753839365775203
univ,0.0004753839365775203
compet,0.0004731699062674454
network,0.0004731699062674454
ith,0.0004731699062674454
unskil,0.0004722210361345561
sold,0.0004719047460902597
ineffici,0.0004693744257358883
conduct,0.00046874184564729546
soviet,0.0004671603954258134
intercept,0.00046684410538151694
duction,0.00046652781533722054
content,0.00046621152529292413
text,0.0004655789452043313
uniform,0.000464630075071442
corn,0.0004630486248499599
paul,0.0004627323348056635
sweden,0.00046083459453988496
cobbdougla,0.0004579879841412172
divis,0.00045767169409692077
baselin,0.00045767169409692077
solow,0.0004573554040526243
durat,0.0004570391140083279
code,0.0004570391140083279
mea,0.00045609024387543865
hall,0.0004554576637868458
liquid,0.0004551413737425494
criterion,0.000454825083698253
steadi,0.0004545087936539565
equa,0.0004541925036096601
inflow,0.00045324363347677086
portion,0.00045324363347677086
peak,0.00045292734343247446
brazil,0.00045292734343247446
raw,0.00045292734343247446
owner,0.00045134589321099233
dif,0.00045134589321099233
seller,0.00044976444298951027
diffus,0.00044565267241365676
board,0.00044502009232506395
cut,0.00044502009232506395
sec,0.0004447038022807675
grilich,0.0004443875122364711
tor,0.00044375493214787823
emiss,0.00044312235205928543
lend,0.00044248977197069257
tradabl,0.00044217348192639617
princip,0.0004412246117935069
commiss,0.0004412246117935069
taxat,0.0004399594516163212
bls,0.0004393268715277284
princeton,0.00043806171135054266
gas,0.0004364802611290606
summer,0.0004342662308189856
agenc,0.0004339499407746892
exit,0.00043331736068609635
mit,0.00043268478059750354
ton,0.0004314196204203178
monopolist,0.0004314196204203178
shadow,0.00043047075028742856
korea,0.00042983817019883575
digit,0.0004288893000659465
cpi,0.00042825671997735363
longterm,0.00042699155980016796
func,0.0004266752697558715
modern,0.0004244612394457966
unchang,0.0004244612394457966
ces,0.0004244612394457966
attract,0.00042224720913572165
administr,0.00042098204895853593
rose,0.00042066575891423953
immigr,0.00042003317882564667
tendenc,0.0004190843086927574
itali,0.000418768018648461
linkag,0.0004184517286041646
behaviour,0.00041781914851557174
scheme,0.00041750285847127534
doubl,0.00041718656842697893
modifi,0.0004168702783826825
firstord,0.0004165539883383861
serial,0.00041465624807260755
entrant,0.00041433995802831115
promot,0.000412758507806829
seven,0.0004124422177625326
virtual,0.0004105444774967541
col,0.00040991189740816124
segment,0.00040864673723097557
buy,0.0004083304471866791
speed,0.0004080141571423827
capitallabor,0.00040738157705378985
sumption,0.00040706528700949345
pass,0.00040706528700949345
spatial,0.00040706528700949345
migrant,0.00040706528700949345
lowest,0.00040674899696519705
democraci,0.00040674899696519705
passthrough,0.0004064327069209006
neutral,0.0004058001268323078
experienc,0.0004051675467437149
perspect,0.0004035860965222328
display,0.0004032698064779364
eight,0.00040295351643364
miss,0.00040232093634504714
faster,0.00040232093634504714
partner,0.00040232093634504714
health,0.00040200464630075073
preced,0.0004016883562564543
merger,0.00040137206621215787
automobil,0.0003985254558134901
harvest,0.00039694400559200796
switch,0.00039694400559200796
gini,0.0003959951354591187
embodi,0.0003956788454148223
connect,0.0003953625553705259
freedom,0.00039472997528193303
presum,0.00039441368523763663
iron,0.00039346481510474737
propens,0.00039188336488326525
entrepreneur,0.00039188336488326525
duti,0.000390934494750376
asymptot,0.0003899856246174867
quadrat,0.0003899856246174867
middl,0.00038935304452889386
constitut,0.00038935304452889386
attain,0.00038903675448459746
ground,0.0003877715943074118
led,0.00038745530426311534
friction,0.0003865064341302261
document,0.0003865064341302261
anticip,0.0003865064341302261
site,0.00038619014408592967
decomposit,0.0003852412739530404
road,0.000384924983908744
tobacco,0.00038397611377585474
regular,0.0003817620834657798
moment,0.00038144579342148336
surviv,0.00038081321333289055
fourth,0.0003804969232885941
portfolio,0.00037954805315570483
vehicl,0.00037923176311140843
communic,0.000378915473067112
via,0.00037859918302281557
timeseri,0.0003776503128899263
classic,0.00037638515271274064
status,0.0003757525726241478
men,0.0003754362825798514
cloth,0.0003748037024912585
ant,0.00037385483235836926
accur,0.00037353854231407285
crude,0.00037195709209259073
divers,0.00037195709209259073
option,0.00037069193191540507
convert,0.00037069193191540507
analyt,0.00037037564187110866
cient,0.0003700593518268122
cigarett,0.00036911048169392294
confer,0.00036911048169392294
termin,0.00036847790160533014
secondari,0.0003681616115610337
user,0.0003681616115610337
johnson,0.0003678453215167373
mand,0.0003678453215167373
scope,0.0003675290314724409
notic,0.0003672127414281444
valuead,0.0003665801613395516
therebi,0.0003665801613395516
notion,0.00036594758125095875
peter,0.00036594758125095875
latin,0.0003653150011623659
enforc,0.0003646824210737731
slave,0.0003637335509408838
duce,0.0003637335509408838
discret,0.00036341726089658737
chain,0.00036341726089658737
black,0.0003624683907636981
legal,0.0003618358106751053
cultur,0.0003618358106751053
root,0.00036151952063080884
feasibl,0.00036151952063080884
bond,0.00036088694054221604
regulatori,0.00036088694054221604
ordinari,0.0003605706504979196
unpublish,0.0003605706504979196
qualit,0.0003602543604536232
edward,0.0003599380704093268
shortag,0.0003599380704093268
prevail,0.0003599380704093268
phase,0.0003596217803650303
minus,0.0003589892002764375
dimens,0.00035677516996636253
databas,0.0003564588799220661
shape,0.0003564588799220661
leontief,0.0003561425898777697
liberalis,0.0003561425898777697
exploit,0.0003561425898777697
manner,0.0003545611396562876
thoma,0.0003542448496119912
driven,0.00035392855956769474
abund,0.00035329597947910194
commerc,0.0003526633993905091
doubt,0.0003526633993905091
depress,0.0003523471093462127
wood,0.0003523471093462127
round,0.0003520308193019162
translog,0.0003520308193019162
rice,0.0003520308193019162
asia,0.00035044936908043415
tenant,0.00035044936908043415
unfortun,0.00035013307903613775
crise,0.00035013307903613775
break,0.00035013307903613775
identif,0.0003498167889918413
stronger,0.0003498167889918413
inconsist,0.0003491842089032485
diminish,0.0003491842089032485
reliabl,0.000348867918858952
priori,0.0003482353387703592
deposit,0.0003482353387703592
scenario,0.00034791904872606276
arrang,0.00034760275868176636
slow,0.0003466538885488771
realiz,0.0003463375985045807
seek,0.00034570501841598784
valuat,0.00034538872837169143
criteria,0.0003434909881059129
district,0.00034317469806161645
counterfactu,0.00034317469806161645
causal,0.00034254211797302364
burden,0.0003419095378844308
proper,0.0003415932478401344
chines,0.0003415932478401344
committe,0.0003406443777072451
irrig,0.00033969550757435586
britain,0.0003393792175300594
california,0.0003387466374414666
drive,0.0003387466374414666
destin,0.00033843034739717014
rainfal,0.00033843034739717014
imf,0.00033811405735287373
regressor,0.0003374814772642809
son,0.00033716518721998447
infrastructur,0.00033684889717568807
bear,0.0003359000270427988
fell,0.0003359000270427988
sometim,0.00033558373699850235
deficit,0.00033558373699850235
crucial,0.00033495115690990954
competitor,0.0003346348668656131
male,0.0003343185768213167
australia,0.0003340022867770203
strateg,0.0003336859967327238
children,0.0003333697066884274
spread,0.0003333697066884274
grain,0.00033273712659983456
provis,0.00033273712659983456
diverg,0.00033210454651124176
channel,0.0003317882564669453
devalu,0.0003311556763783525
temporari,0.00033083938633405604
encourag,0.00033083938633405604
brook,0.00033052309628975963
request,0.00033020680624546323
fewer,0.00032925793611257397
martin,0.0003289416460682775
superior,0.00032767648589109185
repeat,0.000327043905802499
signifi,0.000327043905802499
recess,0.0003260950356696097
resid,0.0003254624555810169
sent,0.00032514616553672046
ate,0.00032514616553672046
file,0.0003235647153152384
logic,0.0003235647153152384
task,0.00032324842527094193
mass,0.00032324842527094193
branch,0.00032293213522664553
professor,0.00032293213522664553
mile,0.000321034394960867
circumst,0.000321034394960867
execut,0.000321034394960867
vintag,0.00032008552482797774
edit,0.0003194529447393849
var,0.0003188203646507921
german,0.0003188203646507921
turnov,0.0003188203646507921
leisur,0.0003188203646507921
appreci,0.0003185040746064956
default,0.0003185040746064956
netherland,0.0003181877845621992
minor,0.0003181877845621992
adapt,0.0003181877845621992
sort,0.00031723891442930996
pose,0.00031723891442930996
ppp,0.00031692262438501355
alli,0.00031692262438501355
tast,0.00031660633434071715
georg,0.0003156574642078279
debat,0.0003156574642078279
ldcs,0.00031534117416353143
cation,0.00031534117416353143
convers,0.0003147085940749386
tain,0.00031439230403064217
coeffi,0.00031439230403064217
diversif,0.00031375972394204936
dec,0.0003128108538091601
max,0.0003128108538091601
tstatist,0.00031249456376486364
retain,0.00031249456376486364
insight,0.00031186198367627084
interindustri,0.000311229403587678
hong,0.0003105968234990851
dual,0.0003102805334547887
mimeo,0.0003102805334547887
brown,0.0003099642434104923
goal,0.0003099642434104923
gold,0.00030964795336619586
acquir,0.00030933166332189945
parti,0.00030933166332189945
redistribut,0.0003086990832333066
vii,0.0003083827931890102
bill,0.00030775021310041733
mathemat,0.00030648505292323166
nolog,0.0003055361827903424
engag,0.0003055361827903424
bracket,0.000305219892746046
abroad,0.000305219892746046
manhour,0.00030458731265745314
bottom,0.00030458731265745314
smooth,0.00030427102261315674
smith,0.0003039547325688603
agre,0.0003033221524802675
van,0.0003033221524802675
train,0.000303005862435971
arbitrari,0.00030205699230308175
feb,0.00030205699230308175
militari,0.00030205699230308175
mainten,0.00030142441221448895
defens,0.0003007918321258961
coverag,0.0003004755420815997
fdi,0.0003004755420815997
conflict,0.0003004755420815997
amsterdam,0.00030015925203730323
dispos,0.0002998429619930068
taylor,0.00029921038190441397
increment,0.00029889409186011756
kong,0.00029889409186011756
graviti,0.00029857780181582116
indi,0.00029857780181582116
horizon,0.0002982615117715247
prod,0.0002979452217272283
ireland,0.0002979452217272283
elsewher,0.0002963637715057462
aug,0.0002950986113285605
sustain,0.0002950986113285605
sequenc,0.0002947823212842641
adequ,0.0002947823212842641
fisher,0.00029414974119567125
closer,0.00029414974119567125
clude,0.000293200871062782
enabl,0.000293200871062782
outlay,0.000293200871062782
african,0.0002928845810184856
imput,0.00029256829097418913
dramat,0.0002919357108855963
autocorrel,0.0002919357108855963
delay,0.00029161942084129987
overtim,0.00029161942084129987
cant,0.00029098684075270706
righthand,0.0002906705507084106
freight,0.0002906705507084106
phenomenon,0.0002903542606641142
commit,0.0002900379706198178
pakistan,0.0002900379706198178
pharmaceut,0.00028972168057552134
realloc,0.00028908910048692853
carbon,0.0002884565203983357
coloni,0.00028687507017685355
ideal,0.00028655878013255715
motor,0.00028624249008826075
sole,0.0002859262000439643
forthcom,0.0002856099099996679
devot,0.0002852936199553715
residenti,0.0002852936199553715
subset,0.00028497732991107503
tribut,0.00028497732991107503
manageri,0.00028497732991107503
england,0.0002843447498224822
evolut,0.0002840284597781858
andor,0.0002840284597781858
prob,0.00028371216973388936
chile,0.00028371216973388936
engel,0.00028339587968959296
instal,0.00028307958964529656
multin,0.0002827632996010001
ductiv,0.0002821307195124073
nine,0.0002821307195124073
score,0.0002821307195124073
tool,0.00028181442946811084
dwell,0.00028149813942381443
nov,0.00028118184937951803
today,0.0002808655593352216
tran,0.0002808655593352216
receipt,0.0002808655593352216
guarante,0.00028054926929092517
young,0.00028054926929092517
deduct,0.00028054926929092517
licens,0.00028023297924662877
steadyst,0.00028023297924662877
deter,0.00028023297924662877
discrimin,0.00028023297924662877
jan,0.0002799166892023323
sult,0.0002799166892023323
supplier,0.0002799166892023323
landlord,0.0002792841091137395
women,0.00027896781906944305
heavili,0.00027865152902514665
hedon,0.0002780189489365538
rival,0.000277386368847961
readili,0.000277386368847961
investor,0.000277386368847961
nonunion,0.000277386368847961
demograph,0.0002770700788036645
indiffer,0.0002770700788036645
tiviti,0.0002764374987150717
abstract,0.0002764374987150717
eastern,0.00027612120867077526
fish,0.00027580491862647886
clean,0.00027580491862647886
prospect,0.00027548862858218246
extra,0.00027548862858218246
air,0.000275172338537886
incid,0.0002748560484935896
outlin,0.0002745397584492932
gradual,0.00027390717836070033
creation,0.00027390717836070033
suffer,0.00027359088831640393
intertempor,0.0002732745982721075
compil,0.00027264201818351467
ambigu,0.00027264201818351467
imposs,0.0002723257281392182
multilater,0.0002716931480506254
alan,0.0002716931480506254
dividend,0.0002716931480506254
subsampl,0.0002716931480506254
liabil,0.00027106056796203254
corr,0.00027106056796203254
geometr,0.0002704279878734397
ployment,0.0002704279878734397
symmetr,0.0002704279878734397
nonfarm,0.000269162827696254
bad,0.0002688465376519576
railroad,0.00026853024760766116
uct,0.00026853024760766116
charl,0.00026821395756336476
ket,0.0002675813774747719
said,0.0002672650874304755
augment,0.0002672650874304755
stress,0.0002672650874304755
forward,0.00026663250734188263
prepar,0.00026663250734188263
big,0.00026631621729758623
pli,0.00026568363720899337
twodigit,0.00026568363720899337
weather,0.0002647347670761041
supplement,0.0002647347670761041
mortgag,0.0002647347670761041
spent,0.0002647347670761041
gordon,0.0002644184770318077
sept,0.0002641021869875113
parent,0.0002641021869875113
boom,0.00026378589694321485
eventu,0.00026346960689891844
ber,0.00026346960689891844
fect,0.00026346960689891844
miner,0.00026315331685462204
fore,0.00026315331685462204
simplic,0.0002628370268103256
incumb,0.0002628370268103256
provinc,0.0002628370268103256
goe,0.0002628370268103256
arriv,0.0002625207367660292
threshold,0.0002618881566774363
threat,0.0002612555765888435
lost,0.00026093928654454706
inventor,0.00026093928654454706
denmark,0.00026030670645595425
taiwan,0.00026030670645595425
refin,0.00026030670645595425
notat,0.000259357836323065
argentina,0.00025904154627876853
took,0.00025904154627876853
temperatur,0.00025872525623447213
northern,0.00025840896619017573
strength,0.00025809267614587927
moder,0.00025777638610158287
onlin,0.00025777638610158287
unknown,0.00025777638610158287
exhaust,0.00025746009605728647
map,0.00025746009605728647
concav,0.00025714380601299
subscript,0.00025714380601299
conserv,0.0002568275159686936
sharp,0.0002568275159686936
republ,0.0002565112259243972
twice,0.00025619493588010075
massachusett,0.00025587864583580434
straightforward,0.00025556235579150794
cor,0.0002552460657472115
lose,0.0002549297757029151
idiosyncrat,0.0002546134856586187
thousand,0.0002542971956143222
micro,0.0002542971956143222
lee,0.0002542971956143222
nific,0.0002539809055700258
narrow,0.0002539809055700258
isol,0.0002539809055700258
behind,0.0002536646155257294
pareto,0.00025334832548143296
profil,0.00025303203543713656
fourdigit,0.00025303203543713656
forest,0.00025271574539284015
cultiv,0.00025271574539284015
philippin,0.0002517668752599509
gasolin,0.0002517668752599509
jone,0.00025113429517135803
oppos,0.0002508180051270616
older,0.0002505017150827652
stephen,0.00024986913499417236
briefli,0.00024986913499417236
contrari,0.00024986913499417236
ultim,0.00024955284494987596
invari,0.0002492365549055795
winter,0.0002489202648612831
medium,0.00024828768477269024
noth,0.00024765510468409744
deliveri,0.0002470225245955046
eec,0.0002467062345512082
ent,0.0002463899445069117
advers,0.0002463899445069117
cate,0.0002463899445069117
truck,0.0002460736544626153
exp,0.0002457573644183189
convex,0.0002457573644183189
barro,0.00024544107437402245
belgium,0.00024480849428542965
instabl,0.00024480849428542965
decompos,0.00024480849428542965
conceptu,0.00024480849428542965
stream,0.00024480849428542965
behav,0.00024480849428542965
her,0.0002444922042411332
medic,0.0002441759141968368
femal,0.00024385962415254036
becam,0.00024354333410824393
span,0.00024354333410824393
colombia,0.0002429107540196511
ness,0.0002429107540196511
drill,0.0002429107540196511
manu,0.0002429107540196511
sls,0.0002425944639753547
mid,0.00024227817393105826
reaction,0.00024227817393105826
harri,0.00024227817393105826
regardless,0.00024227817393105826
sig,0.00024196188388676183
phillip,0.000241329303798169
facilit,0.000241329303798169
calibr,0.000241329303798169
nelson,0.000241329303798169
aim,0.00024069672370957617
norway,0.00024038043366527974
cave,0.0002400641436209833
gate,0.0002400641436209833
accompani,0.0002400641436209833
complementar,0.0002397478535766869
realli,0.0002397478535766869
sup,0.00023911527348809405
enhanc,0.0002384826933995012
coffe,0.0002384826933995012
incomplet,0.00023816640335520478
firmlevel,0.00023785011331090838
lar,0.00023785011331090838
facil,0.00023753382326661195
reader,0.00023721753322231552
lawrenc,0.00023721753322231552
calli,0.00023721753322231552
affili,0.00023690124317801912
finit,0.0002365849531337227
equilibria,0.00023626866308942626
pvalu,0.00023626866308942626
lation,0.00023595237304512985
cap,0.00023595237304512985
metric,0.0002350035029122406
pictur,0.0002350035029122406
petit,0.00023468721286794416
ter,0.00023468721286794416
compris,0.00023468721286794416
singapor,0.00023437092282364773
par,0.00023405463277935133
slowdown,0.00023405463277935133
game,0.0002337383427350549
iter,0.0002337383427350549
intervent,0.00023342205269075847
underestim,0.00023310576264646207
factur,0.00023310576264646207
paradox,0.00023310576264646207
subtract,0.0002324731825578692
block,0.0002324731825578692
spain,0.00023184060246927637
peasant,0.0002308917323363871
transitori,0.00022994286220349785
subsidiari,0.00022962657215920142
denc,0.00022962657215920142
read,0.00022931028211490502
leather,0.00022931028211490502
pricecost,0.0002289939920706086
council,0.0002289939920706086
presid,0.00022867770202631216
sider,0.00022867770202631216
estat,0.00022867770202631216
romer,0.00022867770202631216
mation,0.00022867770202631216
shortterm,0.00022836141198201575
regr,0.00022836141198201575
infinit,0.00022836141198201575
acreag,0.00022836141198201575
label,0.00022836141198201575
corrupt,0.00022836141198201575
chart,0.00022804512193771932
andrew,0.00022804512193771932
mind,0.0002277288318934229
soil,0.0002277288318934229
layoff,0.0002277288318934229
tic,0.0002274125418491265
familiar,0.0002274125418491265
omi,0.0002274125418491265
intraindustri,0.00022709625180483006
footnot,0.00022677996176053363
cast,0.00022677996176053363
hazard,0.00022677996176053363
pursu,0.00022646367171623723
assert,0.0002261473816719408
countryspecif,0.0002261473816719408
proportion,0.0002258310916276444
oligopoli,0.00022551480158334797
challeng,0.00022551480158334797
deregul,0.00022551480158334797
nondur,0.0002245659314504587
tradeoff,0.00022393335136186587
monoton,0.00022393335136186587
auto,0.000223300771273273
preliminari,0.0002229844812289766
ray,0.00022266819118468018
damag,0.00022235190114038375
brought,0.00022235190114038375
intend,0.00022203561109608735
settlement,0.00022203561109608735
daili,0.00022203561109608735
apparel,0.00022171932105179092
eral,0.00022140303100749449
apart,0.00022140303100749449
bind,0.00022140303100749449
ferenc,0.00022108674096319808
coincid,0.00022077045091890165
bulletin,0.00022077045091890165
sharpli,0.00022077045091890165
valuabl,0.00022013787083030882
emphasi,0.00022013787083030882
host,0.00021950529074171596
leader,0.0002182401305645303
quick,0.0002182401305645303
capabl,0.00021792384052023387
dougla,0.00021792384052023387
sume,0.00021760755047593744
adult,0.00021729126043164103
bhagwati,0.00021729126043164103
rubber,0.00021729126043164103
capitalintens,0.00021729126043164103
horizont,0.0002169749703873446
asian,0.00021665868034304817
boston,0.00021634239029875177
columbia,0.00021634239029875177
imit,0.00021602610025445534
factori,0.00021602610025445534
violat,0.0002157098102101589
aircraft,0.0002157098102101589
nonagricultur,0.0002153935201658625
perceiv,0.00021507723012156608
green,0.00021476094007726965
programm,0.00021476094007726965
judg,0.00021476094007726965
realist,0.00021444465003297324
daniel,0.00021444465003297324
comprehens,0.00021444465003297324
arrow,0.00021444465003297324
plain,0.00021412835998867681
travel,0.00021412835998867681
williamson,0.00021412835998867681
nativ,0.00021381206994438038
allen,0.00021381206994438038
scientif,0.00021349577990008398
notabl,0.00021349577990008398
acquisit,0.00021317948985578755
deplet,0.00021286319981149112
salari,0.00021286319981149112
fashion,0.00021286319981149112
represent,0.00021191432967860186
oct,0.00021128174959000903
anderson,0.00021128174959000903
graph,0.00021128174959000903
cartel,0.00021128174959000903
guid,0.00021128174959000903
luca,0.0002109654595457126
metropolitan,0.0002109654595457126
legisl,0.0002106491695014162
recipi,0.0002106491695014162
helpman,0.0002106491695014162
translat,0.0002106491695014162
livestock,0.00021033287945711976
membership,0.00021033287945711976
assump,0.00021033287945711976
firmspecif,0.00021033287945711976
load,0.00021001658941282333
civil,0.00021001658941282333
samuelson,0.00020970029936852693
charact,0.00020970029936852693
clark,0.0002093840093242305
incur,0.0002093840093242305
satisfactori,0.0002090677192799341
macro,0.00020875142923563767
geographi,0.00020875142923563767
stimul,0.00020875142923563767
neglect,0.00020875142923563767
neglig,0.00020875142923563767
cur,0.00020843513919134124
wrong,0.00020811884914704484
stanford,0.00020811884914704484
ceteri,0.0002078025591027484
stationari,0.00020716997901415557
algorithm,0.00020716997901415557
began,0.00020685368896985914
remaind,0.00020685368896985914
postul,0.00020685368896985914
stone,0.00020653739892556271
paribus,0.00020653739892556271
stori,0.00020653739892556271
mortal,0.0002062211088812663
econo,0.0002062211088812663
station,0.0002062211088812663
counterpart,0.0002062211088812663
symmetri,0.00020590481883696988
bundl,0.00020590481883696988
anc,0.00020590481883696988
heavi,0.00020590481883696988
interna,0.00020590481883696988
softwar,0.00020558852879267345
boundari,0.00020558852879267345
mode,0.00020527223874837705
finland,0.00020527223874837705
suitabl,0.00020495594870408062
surfac,0.00020495594870408062
disequilibrium,0.0002046396586597842
payoff,0.0002046396586597842
prewar,0.00020400707857119136
israel,0.00020400707857119136
inelast,0.00020400707857119136
puzzl,0.00020369078852689493
berndt,0.00020369078852689493
politi,0.00020369078852689493
deterior,0.00020369078852689493
sunk,0.00020369078852689493
revolut,0.00020369078852689493
brief,0.00020337449848259852
river,0.00020337449848259852
proxim,0.00020337449848259852
relax,0.00020337449848259852
stitut,0.00020337449848259852
highlight,0.0002030582084383021
percentil,0.00020274191839400566
recoveri,0.00020210933830541283
aea,0.0002017930482611164
aver,0.0002017930482611164
underst,0.00020147675821682
hope,0.00020147675821682
storag,0.00020116046817252357
belong,0.00020116046817252357
absorb,0.00020084417812822714
essay,0.00020084417812822714
grew,0.00020084417812822714
spring,0.00020084417812822714
siti,0.00020052788808393074
disappear,0.00020052788808393074
indebt,0.00020052788808393074
furnitur,0.0002002115980396343
electron,0.00019989530799533788
tract,0.00019989530799533788
modest,0.00019957901795104147
fabric,0.00019957901795104147
usa,0.00019926272790674504
birth,0.00019926272790674504
distribu,0.00019926272790674504
michigan,0.00019926272790674504
cell,0.0001989464378624486
kuznet,0.0001989464378624486
lobbi,0.00019768127768526295
ple,0.00019768127768526295
struc,0.00019768127768526295
skew,0.00019736498764096652
vice,0.00019736498764096652
tal,0.00019736498764096652
vestment,0.0001970486975966701
deliv,0.0001970486975966701
sumer,0.0001970486975966701
homothet,0.0001970486975966701
variant,0.0001970486975966701
came,0.0001970486975966701
probit,0.00019673240755237368
stigler,0.00019673240755237368
inc,0.00019641611750807725
expendi,0.00019641611750807725
quantifi,0.00019609982746378082
sug,0.00019609982746378082
retir,0.00019578353741948442
discrep,0.000195467247375188
spell,0.000195467247375188
undertaken,0.00019515095733089156
uncorrel,0.00019515095733089156
ation,0.00019515095733089156
tail,0.00019515095733089156
whenev,0.00019483466728659516
yale,0.00019483466728659516
axi,0.00019483466728659516
ticiti,0.00019451837724229873
shop,0.00019451837724229873
creditor,0.00019451837724229873
manufac,0.00019451837724229873
vide,0.00019451837724229873
nontariff,0.00019451837724229873
min,0.00019451837724229873
denomin,0.0001942020871980023
stati,0.0001938857971537059
depict,0.0001938857971537059
heckscherohlin,0.00019356950710940947
staff,0.00019356950710940947
split,0.00019325321706511304
intang,0.00019325321706511304
kenneth,0.00019325321706511304
quot,0.00019293692702081663
consump,0.00019293692702081663
interview,0.00019293692702081663
shorter,0.00019293692702081663
davi,0.00019293692702081663
french,0.0001926206369765202
coordin,0.0001926206369765202
launch,0.0001926206369765202
nois,0.0001926206369765202
tell,0.0001923043469322238
unabl,0.00019198805688792737
ela,0.00019167176684363094
northholland,0.00019167176684363094
simon,0.00019167176684363094
condi,0.00019167176684363094
scrap,0.00019135547679933454
nonparametr,0.0001910391867550381
sugar,0.0001910391867550381
baldwin,0.0001910391867550381
interdepend,0.00019072289671074168
matric,0.00019040660666644528
thailand,0.00018977402657785242
draft,0.00018977402657785242
graduat,0.00018977402657785242
cheneri,0.000189457736533556
parametr,0.000189457736533556
underdevelop,0.000189457736533556
friedman,0.00018914144648925958
bodi,0.00018914144648925958
scarc,0.00018914144648925958
milk,0.00018882515644496315
gen,0.00018850886640066675
speci,0.00018850886640066675
overst,0.00018850886640066675
centrat,0.00018819257635637032
reproduc,0.00018819257635637032
aggr,0.00018819257635637032
yearbook,0.00018819257635637032
miscellan,0.00018819257635637032
meaning,0.00018819257635637032
austria,0.0001878762863120739
krugman,0.0001878762863120739
greec,0.0001878762863120739
pect,0.0001878762863120739
disadvantag,0.0001878762863120739
gest,0.0001878762863120739
someth,0.0001878762863120739
uni,0.0001875599962677775
pariti,0.0001875599962677775
twenti,0.00018724370622348106
academ,0.00018724370622348106
pick,0.00018724370622348106
molecul,0.00018692741617918463
dale,0.00018692741617918463
belief,0.00018692741617918463
greatest,0.00018692741617918463
parallel,0.00018661112613488823
ring,0.0001862948360905918
subperiod,0.0001862948360905918
pound,0.0001862948360905918
preserv,0.0001862948360905918
biliti,0.00018597854604629537
outlet,0.00018597854604629537
sis,0.00018597854604629537
capitalist,0.00018597854604629537
impor,0.00018534596595770253
island,0.00018534596595770253
devel,0.00018534596595770253
page,0.0001850296759134061
exponenti,0.0001847133858691097
sur,0.0001847133858691097
weiss,0.00018408080578051684
penetr,0.00018408080578051684
oversea,0.00018408080578051684
expir,0.00018408080578051684
nineteenth,0.00018376451573622044
logit,0.00018376451573622044
procycl,0.000183448225691924
grossman,0.00018313193564762758
neighbor,0.00018313193564762758
laboratori,0.00018313193564762758
speak,0.00018281564560333118
ical,0.00018249935555903475
portug,0.0001818667754704419
possess,0.00018155048542614548
levi,0.00018155048542614548
whatev,0.00018155048542614548
conform,0.00018155048542614548
bea,0.00018123419538184905
meat,0.00018091790533755265
piec,0.00018060161529325622
anim,0.00018060161529325622
repay,0.0001802853252489598
velop,0.0001802853252489598
rare,0.0001802853252489598
moditi,0.0001802853252489598
microeconom,0.0001802853252489598
vote,0.0001802853252489598
complement,0.0001799690352046634
favour,0.00017965274516036696
pwt,0.00017965274516036696
zvi,0.00017965274516036696
bar,0.00017933645511607053
ward,0.00017933645511607053
chapter,0.00017933645511607053
modif,0.00017933645511607053
graphic,0.0001787038750274777
attach,0.0001787038750274777
peru,0.0001787038750274777
stan,0.0001787038750274777
slowli,0.0001787038750274777
levin,0.0001787038750274777
dissert,0.00017838758498318126
undertak,0.00017838758498318126
orient,0.00017807129493888486
stem,0.00017807129493888486
dispar,0.00017807129493888486
assembl,0.00017775500489458843
unrel,0.000177438714850292
phd,0.000177438714850292
macmillan,0.000177438714850292
scherer,0.000177438714850292
lognorm,0.0001771224248059956
evi,0.0001771224248059956
congress,0.0001771224248059956
repr,0.00017680613476169917
tial,0.00017680613476169917
jeffrey,0.00017680613476169917
met,0.00017680613476169917
seminar,0.00017680613476169917
rout,0.00017680613476169917
nal,0.00017648984471740274
approv,0.00017648984471740274
fac,0.00017617355467310634
territori,0.0001758572646288099
stay,0.0001758572646288099
num,0.0001758572646288099
news,0.0001755409745845135
fare,0.0001755409745845135
fee,0.0001755409745845135
signal,0.0001755409745845135
posi,0.00017522468454021707
param,0.00017522468454021707
candid,0.00017522468454021707
handl,0.00017490839449592064
leastsquar,0.00017490839449592064
complementari,0.00017490839449592064
unweight,0.00017490839449592064
usag,0.00017459210445162424
avers,0.00017459210445162424
threedigit,0.00017459210445162424
vacanc,0.00017459210445162424
built,0.00017459210445162424
nonneg,0.0001742758144073278
enjoy,0.0001742758144073278
bus,0.0001742758144073278
profession,0.00017395952436303138
butter,0.00017395952436303138
icp,0.00017395952436303138
ble,0.00017364323431873498
els,0.00017364323431873498
wilson,0.00017364323431873498
letter,0.00017364323431873498
departur,0.00017332694427443855
porter,0.00017332694427443855
democrat,0.00017332694427443855
handbook,0.00017301065423014212
zealand,0.00017269436418584572
dition,0.00017269436418584572
ver,0.00017269436418584572
forth,0.00017269436418584572
manuscript,0.00017237807414154929
omiss,0.00017237807414154929
negro,0.00017206178409725286
feed,0.00017206178409725286
pari,0.00017174549405295645
uncertain,0.00017174549405295645
popular,0.00017142920400866002
hausman,0.00017142920400866002
collaps,0.0001707966239200672
indonesia,0.0001707966239200672
joseph,0.0001707966239200672
ind,0.0001707966239200672
nonetheless,0.0001707966239200672
realiti,0.00017048033387577076
capi,0.00017048033387577076
deaton,0.00017048033387577076
tenur,0.00017048033387577076
jth,0.00017048033387577076
dirti,0.00017048033387577076
tural,0.00017016404383147433
episod,0.00017016404383147433
diversifi,0.00017016404383147433
glass,0.00016984775378717793
wors,0.0001695314637428815
diagram,0.0001695314637428815
experiment,0.0001695314637428815
subsist,0.0001695314637428815
child,0.00016921517369858507
replic,0.00016921517369858507
agglomer,0.00016921517369858507
twostag,0.00016889888365428867
unrestrict,0.00016889888365428867
amer,0.00016889888365428867
mutual,0.00016889888365428867
restraint,0.00016889888365428867
christensen,0.00016858259360999224
steven,0.00016858259360999224
subsid,0.00016858259360999224
leas,0.0001682663035656958
devic,0.00016763372347710297
broader,0.00016763372347710297
accuraci,0.00016731743343280654
exposur,0.00016700114338851014
der,0.00016700114338851014
est,0.0001666848533442137
lender,0.0001666848533442137
frank,0.0001666848533442137
poland,0.0001666848533442137
bridg,0.00016636856329991728
theil,0.00016636856329991728
overlap,0.00016636856329991728
trip,0.00016605227325562088
adam,0.00016605227325562088
thesi,0.00016605227325562088
ntbs,0.00016573598321132445
doctor,0.00016573598321132445
diagon,0.00016573598321132445
municip,0.00016541969316702802
verifi,0.00016510340312273162
viii,0.00016478711307843519
intersect,0.00016478711307843519
pertain,0.00016447082303413876
contemporan,0.00016447082303413876
abat,0.00016415453298984235
sta,0.00016415453298984235
conjectur,0.00016415453298984235
manual,0.00016383824294554592
grade,0.0001635219529012495
scientist,0.0001635219529012495
switzerland,0.0001635219529012495
librium,0.0001632056628569531
smallest,0.0001632056628569531
cutoff,0.0001632056628569531
born,0.00016288937281265666
annum,0.00016288937281265666
lemma,0.00016257308276836023
lowincom,0.00016257308276836023
anyth,0.00016225679272406383
stiglitz,0.00016225679272406383
wiley,0.0001619405026797674
bid,0.00016162421263547097
pat,0.00016162421263547097
feenstra,0.00016162421263547097
wellknown,0.00016162421263547097
pit,0.00016162421263547097
backward,0.00016130792259117456
fifth,0.00016130792259117456
holiday,0.00016099163254687813
asymmetri,0.0001606753425025817
chanc,0.0001606753425025817
admit,0.0001606753425025817
cement,0.0001606753425025817
unambigu,0.0001606753425025817
band,0.0001603590524582853
unusu,0.0001603590524582853
wash,0.00016004276241398887
inspect,0.00015972647236969244
scarciti,0.00015972647236969244
stop,0.00015972647236969244
reestim,0.00015972647236969244
hospit,0.00015972647236969244
intellectu,0.00015941018232539604
trace,0.00015941018232539604
planner,0.00015941018232539604
ore,0.0001590938922810996
weaker,0.0001590938922810996
equi,0.0001590938922810996
owe,0.0001590938922810996
push,0.0001590938922810996
klein,0.0001590938922810996
lifetim,0.0001587776022368032
spond,0.0001587776022368032
diewert,0.0001587776022368032
autarki,0.00015846131219250678
bution,0.00015846131219250678
cohort,0.00015814502214821035
entrepreneuri,0.00015814502214821035
tori,0.00015814502214821035
gmm,0.00015782873210391394
pronounc,0.00015782873210391394
agricul,0.00015751244205961751
you,0.00015719615201532108
onethird,0.00015719615201532108
menu,0.00015687986197102468
insid,0.00015687986197102468
turkey,0.00015687986197102468
destruct,0.00015656357192672825
dent,0.00015656357192672825
feel,0.00015656357192672825
park,0.00015656357192672825
inher,0.00015656357192672825
slower,0.00015624728188243182
pacif,0.00015624728188243182
confin,0.00015593099183813542
ooo,0.00015593099183813542
riski,0.00015593099183813542
swedish,0.00015593099183813542
recov,0.00015593099183813542
fol,0.00015593099183813542
exert,0.00015529841174954256
potato,0.00015529841174954256
imbal,0.00015498212170524616
race,0.00015498212170524616
lewi,0.00015498212170524616
nash,0.00015466583166094973
aer,0.00015466583166094973
jour,0.0001543495416166533
autoregress,0.0001543495416166533
beta,0.0001543495416166533
monitor,0.0001543495416166533
catastroph,0.0001540332515723569
mes,0.0001540332515723569
safe,0.00015371696152806046
judgment,0.00015371696152806046
street,0.00015340067148376403
carolina,0.00015340067148376403
heston,0.00015308438143946763
fortun,0.00015308438143946763
reinforc,0.00015308438143946763
stant,0.00015308438143946763
polynomi,0.0001527680913951712
era,0.0001527680913951712
sharehold,0.0001527680913951712
accru,0.0001527680913951712
sam,0.00015245180135087477
him,0.00015245180135087477
dataset,0.00015245180135087477
hick,0.00015245180135087477
rand,0.00015245180135087477
displac,0.00015245180135087477
isoqu,0.00015213551130657837
debtor,0.00015213551130657837
death,0.00015181922126228194
drift,0.00015181922126228194
updat,0.00015181922126228194
hypothet,0.0001515029312179855
conting,0.0001511866411736891
eros,0.0001511866411736891
controversi,0.0001511866411736891
awar,0.0001511866411736891
easier,0.00015087035112939268
incorrect,0.00015087035112939268
spot,0.00015055406108509625
collus,0.00015055406108509625
remitt,0.00015023777104079984
solid,0.0001499214809965034
cess,0.0001499214809965034
spirit,0.0001499214809965034
penditur,0.0001499214809965034
unexpect,0.0001499214809965034
nest,0.00014960519095220698
sen,0.00014960519095220698
appeal,0.00014960519095220698
carrier,0.00014960519095220698
reducedform,0.00014960519095220698
socialist,0.00014928890090791058
competi,0.00014928890090791058
eas,0.00014928890090791058
specul,0.00014928890090791058
subsect,0.00014897261086361415
opinion,0.00014897261086361415
poorer,0.00014897261086361415
asymmetr,0.00014897261086361415
mislead,0.00014897261086361415
gave,0.00014897261086361415
ford,0.00014897261086361415
lem,0.00014865632081931772
seed,0.00014865632081931772
fruit,0.00014865632081931772
overestim,0.00014865632081931772
ioo,0.0001480237407307249
centr,0.0001480237407307249
ferent,0.0001480237407307249
politician,0.0001480237407307249
strengthen,0.00014770745068642846
detect,0.00014770745068642846
ogi,0.00014770745068642846
informa,0.00014739116064213206
rail,0.00014739116064213206
acemoglu,0.00014739116064213206
televis,0.00014739116064213206
portant,0.00014707487059783563
pennsylvania,0.00014707487059783563
finish,0.00014707487059783563
highway,0.00014707487059783563
excel,0.00014707487059783563
sive,0.00014707487059783563
regist,0.0001467585805535392
recommend,0.0001467585805535392
leamer,0.0001464422905092428
agri,0.0001464422905092428
team,0.0001464422905092428
contradict,0.00014612600046494636
rivalri,0.00014612600046494636
grown,0.00014612600046494636
bulk,0.00014612600046494636
nonzero,0.00014580971042064993
background,0.00014580971042064993
bell,0.00014580971042064993
keynesian,0.00014580971042064993
ann,0.00014549342037635353
fire,0.00014549342037635353
beverag,0.0001451771303320571
capitaloutput,0.0001451771303320571
wave,0.0001451771303320571
inappropri,0.0001451771303320571
entail,0.00014486084028776067
newli,0.00014486084028776067
core,0.00014454455024346427
voluntari,0.00014454455024346427
fine,0.00014454455024346427
straight,0.00014422826019916784
tem,0.00014422826019916784
languag,0.0001439119701548714
vast,0.0001439119701548714
ibid,0.000143595680110575
upgrad,0.000143595680110575
penn,0.000143595680110575
overcom,0.000143595680110575
sys,0.00014327939006627857
elect,0.00014327939006627857
apr,0.00014296310002198214
wright,0.00014296310002198214
odd,0.00014296310002198214
lau,0.00014296310002198214
titl,0.00014296310002198214
proach,0.00014296310002198214
ronald,0.00014296310002198214
payrol,0.00014296310002198214
outlier,0.00014296310002198214
addi,0.00014264680997768574
locus,0.00014264680997768574
reward,0.00014264680997768574
pos,0.0001423305199333893
tation,0.0001423305199333893
concen,0.0001423305199333893
upc,0.0001423305199333893
realize,0.0001423305199333893
personnel,0.0001423305199333893
setup,0.0001420142298890929
student,0.0001420142298890929
vulner,0.00014169793984479648
ous,0.00014169793984479648
unaffect,0.00014169793984479648
latent,0.00014138164980050005
pur,0.00014138164980050005
twelv,0.00014138164980050005
lot,0.00014106535975620365
phenomena,0.00014106535975620365
predomin,0.00014106535975620365
bonus,0.00014074906971190722
heteroskedast,0.00014074906971190722
tionship,0.00014074906971190722
wait,0.00014074906971190722
art,0.00014074906971190722
trial,0.00014074906971190722
rodrik,0.00014074906971190722
contact,0.00014074906971190722
pare,0.0001404327796676108
widespread,0.0001404327796676108
fiveyear,0.0001404327796676108
oligopolist,0.0001404327796676108
balassa,0.0001404327796676108
emigr,0.0001404327796676108
track,0.00014011648962331438
repli,0.00014011648962331438
mental,0.00014011648962331438
tratio,0.00013980019957901795
richer,0.00013980019957901795
topic,0.00013948390953472152
librari,0.00013948390953472152
ago,0.00013916761949042512
hypoth,0.00013916761949042512
discov,0.00013916761949042512
pioneer,0.00013916761949042512
loglinear,0.00013916761949042512
krueger,0.00013916761949042512
straint,0.0001388513294461287
hoard,0.0001388513294461287
stern,0.00013853503940183226
dump,0.00013853503940183226
spin,0.00013821874935753586
iowa,0.00013821874935753586
rational,0.00013821874935753586
kept,0.00013790245931323943
versiti,0.00013790245931323943
tanc,0.00013790245931323943
fring,0.00013790245931323943
interpol,0.00013790245931323943
onehalf,0.000137586169268943
cattl,0.000137586169268943
venezuela,0.000137586169268943
cline,0.000137586169268943
absorpt,0.000137586169268943
fellow,0.000137586169268943
malaysia,0.000137586169268943
maker,0.00013695358918035017
laspeyr,0.00013695358918035017
lorenz,0.00013695358918035017
laborintens,0.00013695358918035017
becker,0.00013695358918035017
resolv,0.00013663729913605374
justif,0.00013663729913605374
maximis,0.00013663729913605374
nega,0.00013632100909175733
releas,0.00013632100909175733
inferior,0.00013632100909175733
robinson,0.00013632100909175733
warm,0.00013632100909175733
resist,0.0001360047190474609
town,0.0001360047190474609
media,0.00013568842900316447
hybrid,0.00013568842900316447
extrapol,0.00013568842900316447
secondord,0.00013568842900316447
quir,0.00013537213895886807
announc,0.00013537213895886807
tant,0.00013537213895886807
truncat,0.00013537213895886807
expropri,0.00013505584891457164
renew,0.00013505584891457164
sistent,0.00013505584891457164
spite,0.0001347395588702752
simplest,0.0001347395588702752
hundr,0.0001347395588702752
ize,0.0001347395588702752
houthakk,0.0001347395588702752
suspect,0.0001344232688259788
uruguay,0.00013410697878168238
applianc,0.00013410697878168238
newspap,0.00013410697878168238
ser,0.00013379068873738595
inflationari,0.00013379068873738595
warrant,0.00013379068873738595
comov,0.00013379068873738595
impress,0.00013347439869308955
coast,0.00013347439869308955
sim,0.00013315810864879312
tobin,0.00013315810864879312
contemporari,0.00013315810864879312
assur,0.00013315810864879312
tight,0.00013284181860449669
king,0.00013284181860449669
likewis,0.00013284181860449669
kendrick,0.00013252552856020028
decil,0.00013252552856020028
multi,0.00013252552856020028
mitig,0.00013252552856020028
tree,0.00013220923851590385
etal,0.00013220923851590385
herd,0.00013220923851590385
carlo,0.00013220923851590385
prohibit,0.00013189294847160742
scott,0.00013189294847160742
email,0.00013189294847160742
occupi,0.00013189294847160742
erat,0.00013189294847160742
zone,0.00013157665842731102
meant,0.00013157665842731102
gregori,0.00013157665842731102
antitrust,0.00013157665842731102
mansfield,0.00013157665842731102
gari,0.0001312603683830146
vation,0.0001312603683830146
exam,0.00013094407833871816
breakdown,0.00013094407833871816
tangibl,0.00013094407833871816
productiv,0.00013094407833871816
passeng,0.00013094407833871816
jaff,0.00013062778829442176
hide,0.00013062778829442176
fstatist,0.00013031149825012533
predetermin,0.00013031149825012533
soft,0.00013031149825012533
conceiv,0.00013031149825012533
res,0.00013031149825012533
cept,0.00013031149825012533
footwear,0.0001299952082058289
unconstrain,0.0001299952082058289
shed,0.0001299952082058289
flat,0.00012936262811723607
intent,0.00012936262811723607
goldberg,0.00012936262811723607
utilis,0.00012936262811723607
fill,0.00012904633807293964
repair,0.00012904633807293964
went,0.00012904633807293964
donald,0.00012904633807293964
bain,0.00012904633807293964
denni,0.00012904633807293964
scrappag,0.00012873004802864323
sit,0.00012873004802864323
illinoi,0.00012873004802864323
obsolesc,0.00012873004802864323
withdraw,0.0001284137579843468
copyright,0.0001284137579843468
pace,0.0001284137579843468
berkeley,0.00012809746794005037
frame,0.00012809746794005037
henri,0.00012809746794005037
wider,0.00012809746794005037
weaken,0.00012809746794005037
propor,0.00012778117789575397
packag,0.00012746488785145754
civilian,0.00012746488785145754
transmiss,0.00012746488785145754
mon,0.00012746488785145754
preval,0.00012746488785145754
ministri,0.00012746488785145754
rect,0.00012746488785145754
sach,0.0001271485978071611
fallen,0.0001271485978071611
ital,0.0001271485978071611
quasifix,0.0001271485978071611
decay,0.0001268323077628647
evolv,0.0001268323077628647
depriv,0.00012651601771856828
schultz,0.00012651601771856828
biolog,0.00012619972767427185
exposit,0.00012619972767427185
approxi,0.00012619972767427185
tobit,0.00012619972767427185
distri,0.00012619972767427185
policymak,0.00012588343762997544
gov,0.00012588343762997544
instantan,0.00012588343762997544
nonproduct,0.00012588343762997544
asid,0.00012556714758567901
render,0.00012556714758567901
fisheri,0.00012556714758567901
attitud,0.00012556714758567901
australian,0.00012556714758567901
nent,0.0001252508575413826
quartil,0.0001252508575413826
rium,0.0001252508575413826
ldc,0.00012493456749708618
ghana,0.00012493456749708618
accommod,0.00012461827745278975
credibl,0.00012461827745278975
rep,0.00012461827745278975
compat,0.00012461827745278975
dard,0.00012430198740849335
wisconsin,0.00012430198740849335
she,0.00012430198740849335
interst,0.00012430198740849335
sheet,0.00012430198740849335
hill,0.00012430198740849335
jurisdict,0.00012430198740849335
coef,0.00012430198740849335
lumber,0.00012398569736419692
famin,0.00012398569736419692
secular,0.00012398569736419692
technol,0.00012398569736419692
unem,0.00012398569736419692
virginia,0.0001236694073199005
compos,0.0001236694073199005
twentieth,0.0001236694073199005
pothesi,0.0001236694073199005
sophist,0.0001236694073199005
costa,0.0001233531172756041
join,0.0001233531172756041
gatt,0.00012303682723130766
ficient,0.00012303682723130766
observa,0.00012303682723130766
rosen,0.00012272053718701123
gls,0.00012272053718701123
pendent,0.00012240424714271482
rewrit,0.00012240424714271482
disburs,0.00012240424714271482
elabor,0.00012240424714271482
inquiri,0.00012240424714271482
wast,0.0001220879570984184
yugoslavia,0.0001220879570984184
multicollinear,0.00012177166705412196
risen,0.00012177166705412196
yit,0.00012177166705412196
hungari,0.00012177166705412196
prime,0.00012177166705412196
necess,0.00012177166705412196
rigor,0.00012177166705412196
hansen,0.00012145537700982555
gression,0.00012145537700982555
hit,0.00012145537700982555
spurious,0.00012145537700982555
eaton,0.00012145537700982555
ill,0.00012113908696552913
interior,0.00012113908696552913
concentra,0.00012113908696552913
fifteen,0.00012113908696552913
organiz,0.00012113908696552913
socal,0.00012113908696552913
nigeria,0.00012113908696552913
equilib,0.00012113908696552913
roger,0.00012082279692123272
bit,0.00012082279692123272
supermarket,0.00012050650687693629
marshal,0.00012050650687693629
fer,0.00012050650687693629
absent,0.00012050650687693629
tration,0.00012050650687693629
walter,0.00012019021683263987
tvalu,0.00012019021683263987
respec,0.00012019021683263987
atlant,0.00012019021683263987
edg,0.00012019021683263987
cam,0.00011987392678834345
rain,0.00011987392678834345
aftertax,0.00011987392678834345
centag,0.00011987392678834345
die,0.00011987392678834345
cial,0.00011987392678834345
promis,0.00011987392678834345
mule,0.00011955763674404702
ticular,0.00011955763674404702
egypt,0.0001192413466997506
imposit,0.0001192413466997506
gram,0.0001192413466997506
understood,0.0001192413466997506
organis,0.0001192413466997506
player,0.0001192413466997506
settl,0.00011892505665545419
synthet,0.00011892505665545419
specifica,0.00011892505665545419
eit,0.00011892505665545419
treasuri,0.00011892505665545419
numerair,0.00011892505665545419
baumol,0.00011860876661115776
clay,0.00011860876661115776
reciproc,0.00011860876661115776
cli,0.00011860876661115776
pri,0.00011860876661115776
wale,0.00011829247656686134
foster,0.00011829247656686134
subgroup,0.00011797618652256493
flood,0.00011797618652256493
mcgrawhil,0.00011797618652256493
styliz,0.00011797618652256493
algebra,0.00011797618652256493
collinear,0.00011797618652256493
lowwag,0.0001176598964782685
san,0.0001176598964782685
encount,0.0001176598964782685
apprais,0.0001176598964782685
pol,0.0001176598964782685
determinist,0.0001176598964782685
agrarian,0.00011734360643397208
safeti,0.00011734360643397208
discontinu,0.00011734360643397208
fur,0.00011734360643397208
ampl,0.00011734360643397208
symbol,0.00011734360643397208
yard,0.00011734360643397208
gather,0.00011734360643397208
twothird,0.00011702731638967566
rearrang,0.00011702731638967566
interregion,0.00011702731638967566
telephon,0.00011702731638967566
uncondit,0.00011671102634537923
buffalo,0.00011671102634537923
korean,0.00011671102634537923
whom,0.00011671102634537923
ricardian,0.00011639473630108282
ginal,0.00011639473630108282
worldwid,0.00011639473630108282
traffic,0.00011639473630108282
sitc,0.0001160784462567864
merit,0.0001160784462567864
ventur,0.0001160784462567864
tical,0.00011576215621248997
succeed,0.00011576215621248997
puerto,0.00011544586616819356
chief,0.00011544586616819356
infor,0.00011544586616819356
arithmet,0.00011544586616819356
defici,0.00011544586616819356
curvatur,0.00011544586616819356
stud,0.00011544586616819356
writer,0.00011544586616819356
tent,0.00011512957612389714
upstream,0.00011512957612389714
pake,0.00011512957612389714
industryspecif,0.00011481328607960071
baltimor,0.00011481328607960071
sticki,0.00011481328607960071
amend,0.00011481328607960071
matur,0.00011481328607960071
certainti,0.0001144969960353043
ethnic,0.0001144969960353043
catch,0.0001144969960353043
effi,0.00011418070599100788
termsoftrad,0.00011418070599100788
fast,0.00011418070599100788
pend,0.00011418070599100788
unanticip,0.00011418070599100788
valorem,0.00011418070599100788
eckstein,0.00011418070599100788
multivari,0.00011418070599100788
imagin,0.00011418070599100788
plane,0.00011386441594671145
talent,0.00011386441594671145
heat,0.00011386441594671145
chose,0.00011386441594671145
telecommun,0.00011354812590241503
tempor,0.00011354812590241503
dom,0.00011323183585811861
alterna,0.00011323183585811861
room,0.00011323183585811861
fulfil,0.00011323183585811861
consolid,0.00011323183585811861
mississippi,0.00011323183585811861
lefthand,0.00011323183585811861
ussr,0.0001129155458138222
pension,0.0001129155458138222
sex,0.0001129155458138222
automat,0.0001129155458138222
economywid,0.0001129155458138222
dri,0.0001129155458138222
miller,0.00011259925576952577
jpe,0.00011259925576952577
vernon,0.00011259925576952577
donor,0.00011259925576952577
mann,0.00011228296572522935
besid,0.00011228296572522935
jump,0.00011228296572522935
industrylevel,0.00011196667568093294
veget,0.00011196667568093294
tractor,0.0001116503856366365
irrelev,0.0001116503856366365
cancel,0.00011133409559234009
dairi,0.00011133409559234009
ideolog,0.00011133409559234009
rica,0.00011101780554804367
plastic,0.00011101780554804367
gregat,0.00011101780554804367
restructur,0.00011101780554804367
kravi,0.00011070151550374724
vessel,0.00011070151550374724
counter,0.00011070151550374724
undesir,0.00011070151550374724
nerlov,0.00011070151550374724
muellbauer,0.00011070151550374724
eter,0.00011070151550374724
popula,0.00011038522545945083
ernment,0.00011038522545945083
broken,0.00011038522545945083
fixedeffect,0.00011006893541515441
cereal,0.00011006893541515441
caution,0.00011006893541515441
messag,0.00011006893541515441
promin,0.00011006893541515441
antidump,0.00011006893541515441
plantat,0.00011006893541515441
haven,0.00010975264537085798
unavail,0.00010975264537085798
ross,0.00010975264537085798
opec,0.00010975264537085798
eleven,0.00010975264537085798
undoubt,0.00010975264537085798
brazilian,0.00010943635532656156
mail,0.00010912006528226515
decisionmak,0.00010912006528226515
estima,0.00010912006528226515
suit,0.00010912006528226515
mod,0.00010912006528226515
ploy,0.00010880377523796872
prioriti,0.00010880377523796872
quintil,0.00010880377523796872
freeman,0.00010880377523796872
unequ,0.0001084874851936723
insuffici,0.0001084874851936723
binari,0.0001084874851936723
beef,0.0001084874851936723
hopkin,0.00010817119514937588
windfal,0.00010817119514937588
tialli,0.00010817119514937588
multiproduct,0.00010817119514937588
sought,0.00010785490510507945
stantial,0.00010785490510507945
convinc,0.00010785490510507945
coupl,0.00010785490510507945
reconcil,0.00010753861506078304
harberg,0.00010753861506078304
arbitrarili,0.00010753861506078304
arthur,0.00010753861506078304
poorest,0.00010753861506078304
mont,0.00010722232501648662
restor,0.00010722232501648662
griffin,0.00010690603497219019
percept,0.00010690603497219019
texa,0.00010690603497219019
mcfadden,0.00010690603497219019
struct,0.00010690603497219019
ope,0.00010658974492789378
box,0.00010658974492789378
heteroscedast,0.00010658974492789378
thereaft,0.00010658974492789378
varia,0.00010658974492789378
blanchard,0.00010658974492789378
arm,0.00010627345488359736
firststag,0.00010627345488359736
bankruptci,0.00010595716483930093
trader,0.00010595716483930093
kenya,0.00010595716483930093
partit,0.00010595716483930093
tentat,0.00010595716483930093
largescal,0.00010595716483930093
confront,0.00010564087479500451
rewritten,0.00010564087479500451
correla,0.00010564087479500451
editor,0.00010564087479500451
wine,0.00010564087479500451
fourfirm,0.0001053245847507081
discourag,0.0001053245847507081
explana,0.0001053245847507081
intro,0.0001053245847507081
bonanza,0.0001053245847507081
visit,0.00010500829470641167
cohen,0.00010500829470641167
riod,0.00010500829470641167
exchanger,0.00010500829470641167
consensus,0.00010500829470641167
artifici,0.00010500829470641167
fear,0.00010469200466211525
ecuador,0.00010469200466211525
recruit,0.00010469200466211525
red,0.00010469200466211525
hotel,0.00010469200466211525
logist,0.00010469200466211525
feedback,0.00010437571461781883
anali,0.00010437571461781883
comanor,0.00010437571461781883
habit,0.00010437571461781883
bloc,0.00010405942457352242
unbias,0.00010405942457352242
precipit,0.00010405942457352242
felt,0.00010405942457352242
xit,0.00010405942457352242
recognit,0.00010405942457352242
cienci,0.00010374313452922599
preclud,0.00010374313452922599
prosper,0.00010342684448492957
char,0.00010342684448492957
mal,0.00010342684448492957
maxi,0.00010342684448492957
merg,0.00010342684448492957
innova,0.00010342684448492957
benefici,0.00010311055444063316
misalloc,0.00010311055444063316
pani,0.00010311055444063316
nickel,0.00010311055444063316
adver,0.00010311055444063316
dealer,0.00010311055444063316
downturn,0.00010311055444063316
feldstein,0.00010311055444063316
ran,0.00010311055444063316
prescott,0.00010279426439633673
beer,0.00010279426439633673
marri,0.00010279426439633673
lish,0.00010247797435204031
stanley,0.00010247797435204031
english,0.00010216168430774389
wto,0.00010216168430774389
timat,0.00010216168430774389
holder,0.00010216168430774389
substitu,0.00010184539426344746
disproportion,0.00010184539426344746
react,0.00010184539426344746
entitl,0.00010184539426344746
norm,0.00010152910421915105
diamond,0.00010152910421915105
spons,0.00010121281417485463
wit,0.00010121281417485463
compo,0.00010121281417485463
comp,0.00010121281417485463
val,0.00010121281417485463
lesser,0.00010121281417485463
triangl,0.0001008965241305582
herfindahl,0.0001008965241305582
versa,0.0001008965241305582
enorm,0.0001008965241305582
sri,0.00010058023408626178
tistic,0.00010058023408626178
card,0.00010058023408626178
abandon,0.00010058023408626178
affair,0.00010058023408626178
ativ,0.00010026394404196537
tenanc,0.00010026394404196537
disrupt,0.00010026394404196537
mitchel,0.00010026394404196537
charac,0.00010026394404196537
bor,0.00010026394404196537
shoe,0.00010026394404196537
profitmaxim,9.994765399766894e-05
accomplish,9.994765399766894e-05
farmland,9.994765399766894e-05
bivari,9.994765399766894e-05
piric,9.994765399766894e-05
fulltim,9.963136395337252e-05
industrialis,9.963136395337252e-05
que,9.963136395337252e-05
inevit,9.963136395337252e-05
particu,9.93150739090761e-05
downstream,9.93150739090761e-05
qualifi,9.93150739090761e-05
cheaper,9.93150739090761e-05
mimeograph,9.93150739090761e-05
qualif,9.93150739090761e-05
ftc,9.93150739090761e-05
trajectori,9.93150739090761e-05
prise,9.93150739090761e-05
ohio,9.899878386477967e-05
rig,9.899878386477967e-05
linder,9.899878386477967e-05
von,9.899878386477967e-05
trough,9.899878386477967e-05
voter,9.868249382048326e-05
procur,9.868249382048326e-05
cons,9.868249382048326e-05
nate,9.868249382048326e-05
mum,9.868249382048326e-05
aij,9.868249382048326e-05
vidual,9.868249382048326e-05
sovereign,9.836620377618684e-05
compound,9.836620377618684e-05
chap,9.836620377618684e-05
manc,9.836620377618684e-05
tise,9.836620377618684e-05
gener,9.836620377618684e-05
aghion,9.836620377618684e-05
abli,9.836620377618684e-05
inadequ,9.836620377618684e-05
mueller,9.804991373189041e-05
ponent,9.804991373189041e-05
win,9.804991373189041e-05
thirti,9.7733623687594e-05
frankel,9.7733623687594e-05
analyst,9.7733623687594e-05
tabul,9.7733623687594e-05
landown,9.7733623687594e-05
cen,9.741733364329758e-05
mari,9.741733364329758e-05
hectar,9.741733364329758e-05
sequenti,9.741733364329758e-05
leverag,9.741733364329758e-05
amen,9.741733364329758e-05
plete,9.741733364329758e-05
parison,9.710104359900115e-05
mediat,9.710104359900115e-05
slack,9.710104359900115e-05
afford,9.710104359900115e-05
occasion,9.710104359900115e-05
willing,9.710104359900115e-05
weinstein,9.678475355470473e-05
christoph,9.678475355470473e-05
ure,9.678475355470473e-05
russia,9.678475355470473e-05
lay,9.678475355470473e-05
lesson,9.678475355470473e-05
ftest,9.678475355470473e-05
leonard,9.646846351040832e-05
rotat,9.646846351040832e-05
exempt,9.646846351040832e-05
morocco,9.646846351040832e-05
tern,9.646846351040832e-05
steadili,9.646846351040832e-05
dictat,9.646846351040832e-05
abnorm,9.646846351040832e-05
delet,9.646846351040832e-05
highincom,9.61521734661119e-05
claus,9.61521734661119e-05
campaign,9.61521734661119e-05
auction,9.551959337751905e-05
durbinwatson,9.551959337751905e-05
unstabl,9.551959337751905e-05
izat,9.551959337751905e-05
consult,9.551959337751905e-05
penalti,9.551959337751905e-05
nordhaus,9.520330333322264e-05
kuh,9.520330333322264e-05
pres,9.520330333322264e-05
constanc,9.520330333322264e-05
intersector,9.520330333322264e-05
hunt,9.520330333322264e-05
restric,9.488701328892621e-05
senior,9.488701328892621e-05
pub,9.488701328892621e-05
bootstrap,9.488701328892621e-05
encompass,9.488701328892621e-05
paasch,9.457072324462979e-05
contractu,9.457072324462979e-05
routin,9.457072324462979e-05
widen,9.457072324462979e-05
timevari,9.457072324462979e-05
pear,9.457072324462979e-05
lit,9.457072324462979e-05
nadiri,9.457072324462979e-05
mankiw,9.425443320033338e-05
sibl,9.425443320033338e-05
kim,9.393814315603695e-05
rhode,9.393814315603695e-05
alcohol,9.393814315603695e-05
ual,9.393814315603695e-05
perfor,9.393814315603695e-05
corollari,9.393814315603695e-05
preferenti,9.362185311174053e-05
misspecif,9.362185311174053e-05
los,9.362185311174053e-05
berlin,9.362185311174053e-05
smuggl,9.362185311174053e-05
kernel,9.362185311174053e-05
dot,9.330556306744411e-05
ball,9.330556306744411e-05
bigger,9.330556306744411e-05
dur,9.330556306744411e-05
chase,9.330556306744411e-05
radio,9.330556306744411e-05
nic,9.298927302314768e-05
ari,9.298927302314768e-05
paragraph,9.298927302314768e-05
decentr,9.298927302314768e-05
woodland,9.267298297885127e-05
ternat,9.267298297885127e-05
saw,9.267298297885127e-05
repress,9.235669293455485e-05
naiv,9.235669293455485e-05
recreat,9.235669293455485e-05
eric,9.235669293455485e-05
moral,9.204040289025842e-05
trigger,9.204040289025842e-05
lim,9.204040289025842e-05
leadership,9.204040289025842e-05
director,9.204040289025842e-05
hart,9.204040289025842e-05
critiqu,9.204040289025842e-05
ricardo,9.204040289025842e-05
selfemploy,9.1724112845962e-05
wedg,9.1724112845962e-05
court,9.1724112845962e-05
resembl,9.1724112845962e-05
deadweight,9.1724112845962e-05
workforc,9.140782280166559e-05
defend,9.140782280166559e-05
sizabl,9.140782280166559e-05
perri,9.140782280166559e-05
henderson,9.140782280166559e-05
minnesota,9.140782280166559e-05
rogoff,9.140782280166559e-05
fixiti,9.140782280166559e-05
compustat,9.140782280166559e-05
simpler,9.109153275736916e-05
irish,9.109153275736916e-05
relianc,9.109153275736916e-05
nat,9.109153275736916e-05
freeli,9.109153275736916e-05
mexican,9.109153275736916e-05
pull,9.077524271307274e-05
citizen,9.077524271307274e-05
postal,9.077524271307274e-05
peg,9.077524271307274e-05
therapeut,9.077524271307274e-05
retic,9.077524271307274e-05
airlin,9.077524271307274e-05
subclass,9.077524271307274e-05
unadjust,9.077524271307274e-05
disembodi,9.045895266877632e-05
window,9.045895266877632e-05
delta,9.045895266877632e-05
onetail,9.045895266877632e-05
barri,9.045895266877632e-05
tire,9.045895266877632e-05
edwin,9.045895266877632e-05
guatemala,9.01426626244799e-05
vat,9.01426626244799e-05
manipul,9.01426626244799e-05
blackwel,9.01426626244799e-05
rico,8.982637258018348e-05
lipsey,8.982637258018348e-05
ficat,8.982637258018348e-05
shortcom,8.982637258018348e-05
implaus,8.982637258018348e-05
drink,8.982637258018348e-05
katz,8.982637258018348e-05
tennesse,8.951008253588706e-05
specialis,8.951008253588706e-05
outward,8.951008253588706e-05
basu,8.919379249159063e-05
disput,8.919379249159063e-05
unilater,8.919379249159063e-05
enrol,8.887750244729422e-05
cuss,8.887750244729422e-05
apt,8.887750244729422e-05
timber,8.887750244729422e-05
dixit,8.887750244729422e-05
stockhold,8.887750244729422e-05
pute,8.85612124029978e-05
driver,8.85612124029978e-05
copper,8.85612124029978e-05
bangladesh,8.85612124029978e-05
tempt,8.85612124029978e-05
calori,8.85612124029978e-05
techno,8.85612124029978e-05
phelp,8.85612124029978e-05
shapiro,8.85612124029978e-05
recurs,8.824492235870137e-05
mie,8.824492235870137e-05
soon,8.824492235870137e-05
mixtur,8.824492235870137e-05
unexplain,8.824492235870137e-05
kortum,8.792863231440495e-05
tokyo,8.792863231440495e-05
inven,8.792863231440495e-05
confus,8.792863231440495e-05
lake,8.792863231440495e-05
pindyck,8.792863231440495e-05
denison,8.792863231440495e-05
schwartz,8.792863231440495e-05
berri,8.792863231440495e-05
nipa,8.761234227010854e-05
jamaica,8.761234227010854e-05
fed,8.761234227010854e-05
bought,8.761234227010854e-05
expon,8.761234227010854e-05
gray,8.761234227010854e-05
suppress,8.761234227010854e-05
furnac,8.761234227010854e-05
calcu,8.761234227010854e-05
backlog,8.761234227010854e-05
sensibl,8.729605222581212e-05
filter,8.729605222581212e-05
dash,8.729605222581212e-05
jonathan,8.729605222581212e-05
calendar,8.729605222581212e-05
outstand,8.729605222581212e-05
shleifer,8.697976218151569e-05
lanka,8.697976218151569e-05
oblig,8.697976218151569e-05
oxygen,8.697976218151569e-05
ject,8.697976218151569e-05
wherebi,8.697976218151569e-05
ascertain,8.697976218151569e-05
blundel,8.666347213721927e-05
loui,8.666347213721927e-05
euro,8.666347213721927e-05
anal,8.666347213721927e-05
salaimartin,8.666347213721927e-05
diseas,8.666347213721927e-05
nece,8.666347213721927e-05
presumpt,8.666347213721927e-05
whalley,8.666347213721927e-05
refus,8.634718209292286e-05
circl,8.634718209292286e-05
substi,8.634718209292286e-05
deepen,8.634718209292286e-05
niqu,8.634718209292286e-05
interwar,8.634718209292286e-05
worsen,8.634718209292286e-05
fischer,8.634718209292286e-05
liter,8.634718209292286e-05
lin,8.603089204862643e-05
taxabl,8.603089204862643e-05
crosspric,8.603089204862643e-05
discoveri,8.603089204862643e-05
pulp,8.603089204862643e-05
giant,8.603089204862643e-05
toronto,8.571460200433001e-05
zipf,8.571460200433001e-05
angel,8.571460200433001e-05
ahead,8.571460200433001e-05
ait,8.571460200433001e-05
harold,8.571460200433001e-05
idl,8.571460200433001e-05
fifti,8.571460200433001e-05
opti,8.53983119600336e-05
hamilton,8.53983119600336e-05
sound,8.53983119600336e-05
gamma,8.53983119600336e-05
rie,8.53983119600336e-05
irwin,8.508202191573717e-05
infin,8.508202191573717e-05
avert,8.508202191573717e-05
pop,8.508202191573717e-05
corden,8.508202191573717e-05
zellner,8.508202191573717e-05
klenow,8.508202191573717e-05
insofar,8.508202191573717e-05
patient,8.508202191573717e-05
blue,8.508202191573717e-05
supervis,8.476573187144075e-05
hoc,8.476573187144075e-05
evan,8.476573187144075e-05
holland,8.476573187144075e-05
ben,8.476573187144075e-05
instru,8.476573187144075e-05
kansa,8.476573187144075e-05
statisti,8.476573187144075e-05
senat,8.476573187144075e-05
surround,8.476573187144075e-05
anthoni,8.476573187144075e-05
rea,8.476573187144075e-05
ought,8.476573187144075e-05
administ,8.444944182714433e-05
spike,8.444944182714433e-05
ere,8.444944182714433e-05
sudden,8.444944182714433e-05
surg,8.444944182714433e-05
vertis,8.444944182714433e-05
insert,8.41331517828479e-05
morrison,8.41331517828479e-05
ceil,8.41331517828479e-05
cern,8.41331517828479e-05
scatter,8.41331517828479e-05
noncompetit,8.41331517828479e-05
rpm,8.41331517828479e-05
socioeconom,8.381686173855149e-05
asterisk,8.381686173855149e-05
roll,8.381686173855149e-05
gone,8.381686173855149e-05
cheap,8.381686173855149e-05
iid,8.381686173855149e-05
censor,8.381686173855149e-05
takeov,8.381686173855149e-05
fie,8.350057169425507e-05
mfa,8.350057169425507e-05
guess,8.350057169425507e-05
outweigh,8.350057169425507e-05
strain,8.318428164995864e-05
ntb,8.318428164995864e-05
catchup,8.318428164995864e-05
dustrial,8.318428164995864e-05
efta,8.318428164995864e-05
forego,8.318428164995864e-05
northeast,8.318428164995864e-05
arbitrag,8.286799160566222e-05
des,8.286799160566222e-05
russel,8.286799160566222e-05
ceas,8.286799160566222e-05
adjac,8.286799160566222e-05
predictor,8.286799160566222e-05
opment,8.286799160566222e-05
infant,8.286799160566222e-05
caselli,8.286799160566222e-05
tropic,8.286799160566222e-05
wind,8.255170156136581e-05
gin,8.255170156136581e-05
basket,8.255170156136581e-05
domain,8.255170156136581e-05
mini,8.255170156136581e-05
royalti,8.255170156136581e-05
insensit,8.223541151706938e-05
dismiss,8.223541151706938e-05
bolivia,8.223541151706938e-05
casual,8.223541151706938e-05
worthwhil,8.223541151706938e-05
altogeth,8.191912147277296e-05
remuner,8.191912147277296e-05
grid,8.191912147277296e-05
havior,8.191912147277296e-05
ses,8.191912147277296e-05
advoc,8.191912147277296e-05
unrealist,8.160283142847654e-05
pack,8.160283142847654e-05
shortfal,8.160283142847654e-05
ree,8.160283142847654e-05
eisner,8.160283142847654e-05
closest,8.160283142847654e-05
distant,8.160283142847654e-05
suboptim,8.160283142847654e-05
overwhelm,8.160283142847654e-05
rit,8.160283142847654e-05
zation,8.128654138418012e-05
attack,8.128654138418012e-05
rememb,8.128654138418012e-05
atkinson,8.128654138418012e-05
unimport,8.128654138418012e-05
sci,8.128654138418012e-05
trivial,8.128654138418012e-05
bread,8.09702513398837e-05
slaveri,8.09702513398837e-05
philadelphia,8.09702513398837e-05
nonresidenti,8.09702513398837e-05
advic,8.09702513398837e-05
clarifi,8.09702513398837e-05
characteris,8.09702513398837e-05
estab,8.09702513398837e-05
younger,8.09702513398837e-05
spill,8.065396129558728e-05
indepen,8.065396129558728e-05
harm,8.065396129558728e-05
caveat,8.065396129558728e-05
pta,8.065396129558728e-05
taxpay,8.065396129558728e-05
chisquar,8.065396129558728e-05
craft,8.065396129558728e-05
ownpric,8.065396129558728e-05
himself,8.065396129558728e-05
bribe,8.065396129558728e-05
trol,8.065396129558728e-05
todaro,8.065396129558728e-05
fuss,8.033767125129085e-05
slaughter,8.033767125129085e-05
manifest,8.033767125129085e-05
subsaharan,8.033767125129085e-05
geneva,8.033767125129085e-05
esp,8.002138120699444e-05
entiti,8.002138120699444e-05
sea,8.002138120699444e-05
srinivasan,8.002138120699444e-05
drastic,8.002138120699444e-05
height,8.002138120699444e-05
stanc,8.002138120699444e-05
wall,8.002138120699444e-05
manchest,8.002138120699444e-05
interrel,8.002138120699444e-05
escap,8.002138120699444e-05
inst,8.002138120699444e-05
mfp,7.970509116269802e-05
poisson,7.970509116269802e-05
gaug,7.970509116269802e-05
dex,7.970509116269802e-05
orthogon,7.970509116269802e-05
spe,7.970509116269802e-05
consi,7.970509116269802e-05
elig,7.970509116269802e-05
stringent,7.93888011184016e-05
resal,7.93888011184016e-05
expos,7.93888011184016e-05
corp,7.93888011184016e-05
dev,7.93888011184016e-05
danger,7.93888011184016e-05
implica,7.907251107410517e-05
forestri,7.907251107410517e-05
withincountri,7.907251107410517e-05
heckman,7.907251107410517e-05
maiz,7.907251107410517e-05
lectur,7.907251107410517e-05
dealt,7.875622102980876e-05
ernst,7.875622102980876e-05
bernard,7.875622102980876e-05
jacob,7.875622102980876e-05
panama,7.875622102980876e-05
inabl,7.875622102980876e-05
possi,7.875622102980876e-05
nonferr,7.875622102980876e-05
viewpoint,7.875622102980876e-05
nonmanufactur,7.843993098551234e-05
swing,7.843993098551234e-05
barrel,7.843993098551234e-05
tractabl,7.843993098551234e-05
testabl,7.843993098551234e-05
quo,7.843993098551234e-05
everywher,7.843993098551234e-05
unbalanc,7.812364094121591e-05
usda,7.812364094121591e-05
kth,7.812364094121591e-05
diseconomi,7.812364094121591e-05
substant,7.812364094121591e-05
vanek,7.812364094121591e-05
earner,7.812364094121591e-05
maryland,7.812364094121591e-05
gene,7.78073508969195e-05
radius,7.78073508969195e-05
parttim,7.78073508969195e-05
problemat,7.78073508969195e-05
tunisia,7.78073508969195e-05
belt,7.78073508969195e-05
isic,7.749106085262308e-05
theorist,7.749106085262308e-05
commut,7.749106085262308e-05
johnston,7.749106085262308e-05
quentli,7.749106085262308e-05
neighborhood,7.749106085262308e-05
obstacl,7.749106085262308e-05
modigliani,7.749106085262308e-05
hulten,7.717477080832665e-05
wald,7.717477080832665e-05
substan,7.717477080832665e-05
ppi,7.717477080832665e-05
cropland,7.717477080832665e-05
barley,7.685848076403023e-05
std,7.685848076403023e-05
scribe,7.685848076403023e-05
forti,7.685848076403023e-05
meyer,7.685848076403023e-05
loser,7.654219071973382e-05
ici,7.654219071973382e-05
florida,7.654219071973382e-05
asso,7.654219071973382e-05
fourteen,7.654219071973382e-05
kaldor,7.622590067543739e-05
threeyear,7.622590067543739e-05
self,7.622590067543739e-05
bottl,7.622590067543739e-05
instruct,7.622590067543739e-05
differenc,7.622590067543739e-05
samuel,7.622590067543739e-05
expen,7.622590067543739e-05
bruce,7.622590067543739e-05
costofliv,7.622590067543739e-05
hay,7.622590067543739e-05
readi,7.590961063114097e-05
canal,7.590961063114097e-05
int,7.590961063114097e-05
philip,7.590961063114097e-05
tage,7.590961063114097e-05
deserv,7.590961063114097e-05
eign,7.590961063114097e-05
yarn,7.559332058684455e-05
liquor,7.559332058684455e-05
cie,7.559332058684455e-05
schumpet,7.559332058684455e-05
circul,7.559332058684455e-05
justment,7.559332058684455e-05
revisit,7.559332058684455e-05
deci,7.559332058684455e-05
autonom,7.559332058684455e-05
wire,7.559332058684455e-05
trust,7.559332058684455e-05
flight,7.527703054254812e-05
retard,7.527703054254812e-05
radic,7.527703054254812e-05
timothi,7.527703054254812e-05
escal,7.49607404982517e-05
francisco,7.49607404982517e-05
entrepreneurship,7.49607404982517e-05
simi,7.49607404982517e-05
spectiv,7.49607404982517e-05
ysis,7.49607404982517e-05
schmalense,7.49607404982517e-05
tan,7.49607404982517e-05
overview,7.49607404982517e-05
aluminum,7.464445045395529e-05
wisdom,7.464445045395529e-05
nsf,7.464445045395529e-05
massiv,7.464445045395529e-05
epa,7.464445045395529e-05
thorough,7.464445045395529e-05
ele,7.464445045395529e-05
illus,7.432816040965886e-05
vietnam,7.432816040965886e-05
dcs,7.432816040965886e-05
redund,7.432816040965886e-05
monopsoni,7.432816040965886e-05
marx,7.432816040965886e-05
maddison,7.432816040965886e-05
style,7.432816040965886e-05
tari,7.432816040965886e-05
conjunct,7.432816040965886e-05
defect,7.401187036536244e-05
wholli,7.401187036536244e-05
invalid,7.401187036536244e-05
multimarket,7.401187036536244e-05
kevin,7.401187036536244e-05
mize,7.401187036536244e-05
moor,7.401187036536244e-05
iran,7.401187036536244e-05
protectionist,7.401187036536244e-05
nous,7.401187036536244e-05
twosector,7.369558032106603e-05
pairwis,7.369558032106603e-05
walmart,7.369558032106603e-05
quan,7.369558032106603e-05
strongest,7.369558032106603e-05
minut,7.369558032106603e-05
fin,7.33792902767696e-05
margarin,7.33792902767696e-05
lerner,7.33792902767696e-05
dampen,7.33792902767696e-05
qualityadjust,7.33792902767696e-05
albeit,7.33792902767696e-05
genc,7.306300023247318e-05
causat,7.306300023247318e-05
inno,7.306300023247318e-05
occurr,7.306300023247318e-05
resort,7.306300023247318e-05
prescript,7.306300023247318e-05
ond,7.306300023247318e-05
pretax,7.306300023247318e-05
propriat,7.306300023247318e-05
suffic,7.306300023247318e-05
congest,7.306300023247318e-05
increa,7.306300023247318e-05
generous,7.274671018817676e-05
les,7.274671018817676e-05
dome,7.274671018817676e-05
kennedi,7.274671018817676e-05
aaa,7.274671018817676e-05
conglomer,7.274671018817676e-05
tape,7.274671018817676e-05
vantag,7.274671018817676e-05
leakag,7.274671018817676e-05
quasi,7.274671018817676e-05
emphasis,7.274671018817676e-05
ameri,7.274671018817676e-05
excis,7.274671018817676e-05
magazin,7.243042014388034e-05
chow,7.243042014388034e-05
compel,7.243042014388034e-05
hov,7.243042014388034e-05
inv,7.243042014388034e-05
tution,7.243042014388034e-05
shepherd,7.243042014388034e-05
railway,7.243042014388034e-05
questionnair,7.243042014388034e-05
underemploy,7.243042014388034e-05
prop,7.243042014388034e-05
reschedul,7.243042014388034e-05
popu,7.243042014388034e-05
impuls,7.211413009958392e-05
wtp,7.211413009958392e-05
temporarili,7.211413009958392e-05
bur,7.211413009958392e-05
influenti,7.211413009958392e-05
disciplin,7.211413009958392e-05
merchandis,7.211413009958392e-05
governor,7.211413009958392e-05
truli,7.211413009958392e-05
expert,7.17978400552875e-05
plantlevel,7.17978400552875e-05
tsls,7.17978400552875e-05
concret,7.17978400552875e-05
albert,7.17978400552875e-05
stockout,7.17978400552875e-05
unclear,7.17978400552875e-05
reprint,7.17978400552875e-05
simplif,7.17978400552875e-05
luxembourg,7.148155001099107e-05
weitzman,7.148155001099107e-05
dept,7.148155001099107e-05
reinvest,7.148155001099107e-05
bay,7.148155001099107e-05
configur,7.148155001099107e-05
fat,7.148155001099107e-05
paint,7.116525996669466e-05
salvador,7.116525996669466e-05
novel,7.116525996669466e-05
paraguay,7.116525996669466e-05
pcm,7.116525996669466e-05
categor,7.116525996669466e-05
bowen,7.116525996669466e-05
weigh,7.116525996669466e-05
finan,7.116525996669466e-05
hondura,7.116525996669466e-05
relief,7.116525996669466e-05
uganda,7.084896992239824e-05
rotemberg,7.084896992239824e-05
compari,7.084896992239824e-05
rel,7.084896992239824e-05
ashenfelt,7.084896992239824e-05
hunter,7.084896992239824e-05
pact,7.084896992239824e-05
enlarg,7.084896992239824e-05
georgia,7.084896992239824e-05
grower,7.084896992239824e-05
hereaft,7.084896992239824e-05
dam,7.084896992239824e-05
hayami,7.084896992239824e-05
vit,7.084896992239824e-05
ana,7.053267987810182e-05
evolutionari,7.053267987810182e-05
internet,7.053267987810182e-05
pseudo,7.053267987810182e-05
exog,7.053267987810182e-05
ramsey,7.053267987810182e-05
tute,7.053267987810182e-05
expecta,7.053267987810182e-05
czech,7.053267987810182e-05
bull,7.053267987810182e-05
latitud,7.053267987810182e-05
soybean,7.02163898338054e-05
sulfur,7.02163898338054e-05
countercycl,7.02163898338054e-05
interfirm,7.02163898338054e-05
den,7.02163898338054e-05
insul,7.02163898338054e-05
empiri,7.02163898338054e-05
matthew,7.02163898338054e-05
outflow,6.990009978950898e-05
sep,6.990009978950898e-05
polar,6.990009978950898e-05
your,6.990009978950898e-05
axiom,6.990009978950898e-05
dualiti,6.990009978950898e-05
lab,6.990009978950898e-05
nonmarket,6.958380974521256e-05
struction,6.958380974521256e-05
valley,6.958380974521256e-05
pollak,6.958380974521256e-05
lbs,6.958380974521256e-05
disutil,6.958380974521256e-05
murphi,6.958380974521256e-05
furnish,6.958380974521256e-05
educa,6.958380974521256e-05
khan,6.958380974521256e-05
sake,6.958380974521256e-05
gorman,6.926751970091613e-05
individ,6.926751970091613e-05
rer,6.926751970091613e-05
distil,6.926751970091613e-05
theme,6.926751970091613e-05
groceri,6.926751970091613e-05
mauritius,6.926751970091613e-05
ciat,6.926751970091613e-05
devis,6.926751970091613e-05
begun,6.926751970091613e-05
unreason,6.926751970091613e-05
stagnat,6.895122965661971e-05
government,6.895122965661971e-05
clusion,6.895122965661971e-05
fresh,6.895122965661971e-05
viabl,6.895122965661971e-05
alleg,6.895122965661971e-05
contractor,6.895122965661971e-05
harder,6.895122965661971e-05
intercountri,6.895122965661971e-05
jute,6.895122965661971e-05
knowl,6.86349396123233e-05
zambia,6.86349396123233e-05
irrespect,6.86349396123233e-05
dict,6.86349396123233e-05
smoke,6.86349396123233e-05
academi,6.86349396123233e-05
deni,6.86349396123233e-05
cameroon,6.86349396123233e-05
reluct,6.86349396123233e-05
roy,6.86349396123233e-05
uit,6.86349396123233e-05
uncov,6.86349396123233e-05
peculiar,6.86349396123233e-05
plicat,6.86349396123233e-05
lightn,6.86349396123233e-05
esi,6.831864956802687e-05
corner,6.831864956802687e-05
ecolog,6.831864956802687e-05
occas,6.831864956802687e-05
solar,6.831864956802687e-05
elementari,6.831864956802687e-05
command,6.831864956802687e-05
wise,6.831864956802687e-05
reexamin,6.831864956802687e-05
servat,6.831864956802687e-05
shirt,6.800235952373045e-05
importcompet,6.800235952373045e-05
guidepost,6.800235952373045e-05
ooi,6.800235952373045e-05
erp,6.800235952373045e-05
overvalu,6.800235952373045e-05
array,6.800235952373045e-05
luxuri,6.800235952373045e-05
nutrit,6.800235952373045e-05
ili,6.800235952373045e-05
ulat,6.768606947943404e-05
vanish,6.768606947943404e-05
guinea,6.768606947943404e-05
malawi,6.768606947943404e-05
neari,6.768606947943404e-05
walk,6.768606947943404e-05
virtu,6.768606947943404e-05
ful,6.768606947943404e-05
trap,6.768606947943404e-05
autumn,6.768606947943404e-05
variancecovari,6.768606947943404e-05
essenc,6.768606947943404e-05
umn,6.768606947943404e-05
invert,6.768606947943404e-05
proc,6.768606947943404e-05
iden,6.768606947943404e-05
illeg,6.768606947943404e-05
lester,6.768606947943404e-05
nant,6.73697794351376e-05
keyn,6.73697794351376e-05
attenu,6.73697794351376e-05
yugoslav,6.73697794351376e-05
cow,6.73697794351376e-05
industrywid,6.73697794351376e-05
destroy,6.73697794351376e-05
perpetu,6.73697794351376e-05
yeartoyear,6.73697794351376e-05
premis,6.73697794351376e-05
divert,6.73697794351376e-05
continuum,6.73697794351376e-05
ther,6.73697794351376e-05
ocean,6.73697794351376e-05
autocraci,6.73697794351376e-05
atmospher,6.73697794351376e-05
floor,6.73697794351376e-05
ian,6.705348939084119e-05
newer,6.705348939084119e-05
zimbabw,6.705348939084119e-05
trate,6.705348939084119e-05
tanzania,6.705348939084119e-05
laid,6.705348939084119e-05
bulgaria,6.705348939084119e-05
cord,6.705348939084119e-05
prompt,6.705348939084119e-05
spindl,6.705348939084119e-05
collin,6.705348939084119e-05
latest,6.705348939084119e-05
jensen,6.705348939084119e-05
shrink,6.705348939084119e-05
neous,6.705348939084119e-05
iceland,6.673719934654477e-05
rao,6.673719934654477e-05
outsourc,6.673719934654477e-05
ufactur,6.673719934654477e-05
nonlabor,6.673719934654477e-05
racial,6.673719934654477e-05
inward,6.673719934654477e-05
ditur,6.673719934654477e-05
transpar,6.673719934654477e-05
primal,6.673719934654477e-05
boost,6.673719934654477e-05
lump,6.642090930224834e-05
kit,6.642090930224834e-05
motion,6.642090930224834e-05
unmeasur,6.642090930224834e-05
honor,6.642090930224834e-05
depen,6.642090930224834e-05
obstfeld,6.642090930224834e-05
attend,6.642090930224834e-05
unfil,6.642090930224834e-05
supplementari,6.610461925795193e-05
sixth,6.610461925795193e-05
superscript,6.610461925795193e-05
leon,6.610461925795193e-05
wei,6.610461925795193e-05
nafta,6.610461925795193e-05
parameter,6.610461925795193e-05
chen,6.610461925795193e-05
accid,6.610461925795193e-05
costless,6.610461925795193e-05
polish,6.610461925795193e-05
elec,6.610461925795193e-05
remot,6.610461925795193e-05
ordin,6.578832921365551e-05
dioxid,6.578832921365551e-05
boat,6.578832921365551e-05
nonpric,6.578832921365551e-05
thirteen,6.578832921365551e-05
differen,6.578832921365551e-05
servant,6.578832921365551e-05
explos,6.578832921365551e-05
visibl,6.578832921365551e-05
deep,6.578832921365551e-05
aln,6.547203916935908e-05
deardorff,6.547203916935908e-05
ravallion,6.547203916935908e-05
meter,6.547203916935908e-05
highwag,6.547203916935908e-05
protec,6.547203916935908e-05
cobb,6.547203916935908e-05
archiv,6.547203916935908e-05
institu,6.547203916935908e-05
chi,6.547203916935908e-05
workshop,6.547203916935908e-05
istic,6.547203916935908e-05
maddala,6.515574912506266e-05
caballero,6.515574912506266e-05
crowd,6.515574912506266e-05
disguis,6.515574912506266e-05
manpow,6.515574912506266e-05
signif,6.515574912506266e-05
murray,6.515574912506266e-05
resent,6.515574912506266e-05
stat,6.515574912506266e-05
detrend,6.515574912506266e-05
noncoop,6.483945908076625e-05
pervers,6.483945908076625e-05
inten,6.483945908076625e-05
lessdevelop,6.483945908076625e-05
huge,6.483945908076625e-05
adelman,6.483945908076625e-05
obser,6.483945908076625e-05
ern,6.483945908076625e-05
freetrad,6.483945908076625e-05
ori,6.483945908076625e-05
unsuccess,6.483945908076625e-05
registr,6.483945908076625e-05
nakamura,6.452316903646982e-05
cps,6.452316903646982e-05
adverti,6.452316903646982e-05
thompson,6.452316903646982e-05
baili,6.452316903646982e-05
formanc,6.452316903646982e-05
coup,6.452316903646982e-05
pcs,6.452316903646982e-05
dutch,6.452316903646982e-05
imprecis,6.452316903646982e-05
northsouth,6.452316903646982e-05
arnold,6.452316903646982e-05
harrison,6.452316903646982e-05
algeria,6.42068789921734e-05
telser,6.42068789921734e-05
award,6.42068789921734e-05
proce,6.42068789921734e-05
transmit,6.42068789921734e-05
euler,6.42068789921734e-05
bruno,6.42068789921734e-05
ppps,6.389058894787699e-05
ducer,6.389058894787699e-05
norman,6.389058894787699e-05
bowl,6.389058894787699e-05
deterr,6.389058894787699e-05
ning,6.389058894787699e-05
cournot,6.389058894787699e-05
greenhous,6.389058894787699e-05
ruttan,6.389058894787699e-05
jordan,6.389058894787699e-05
singular,6.389058894787699e-05
porat,6.389058894787699e-05
terist,6.389058894787699e-05
unitari,6.357429890358056e-05
wallac,6.357429890358056e-05
depth,6.357429890358056e-05
quenc,6.357429890358056e-05
xij,6.357429890358056e-05
mestic,6.357429890358056e-05
nichola,6.357429890358056e-05
avenu,6.357429890358056e-05
summaris,6.357429890358056e-05
drawback,6.357429890358056e-05
ioi,6.357429890358056e-05
theo,6.357429890358056e-05
bushel,6.325800885928414e-05
amin,6.325800885928414e-05
affirm,6.325800885928414e-05
oneyear,6.325800885928414e-05
tude,6.325800885928414e-05
costbenefit,6.325800885928414e-05
alfr,6.325800885928414e-05
saudi,6.325800885928414e-05
culat,6.325800885928414e-05
ban,6.325800885928414e-05
volv,6.325800885928414e-05
deliber,6.294171881498772e-05
arabl,6.294171881498772e-05
elhanan,6.294171881498772e-05
carter,6.294171881498772e-05
cliff,6.294171881498772e-05
renegoti,6.294171881498772e-05
yen,6.294171881498772e-05
glaeser,6.294171881498772e-05
allevi,6.294171881498772e-05
oat,6.294171881498772e-05
jerri,6.26254287706913e-05
uncer,6.26254287706913e-05
hear,6.26254287706913e-05
foregon,6.26254287706913e-05
color,6.26254287706913e-05
refriger,6.26254287706913e-05
noteworthi,6.26254287706913e-05
master,6.230913872639488e-05
entertain,6.230913872639488e-05
epo,6.230913872639488e-05
underground,6.230913872639488e-05
sectorspecif,6.230913872639488e-05
predic,6.230913872639488e-05
ger,6.230913872639488e-05
xeffici,6.230913872639488e-05
soc,6.230913872639488e-05
brain,6.230913872639488e-05
marc,6.199284868209846e-05
diesel,6.199284868209846e-05
geo,6.199284868209846e-05
normat,6.199284868209846e-05
outlook,6.199284868209846e-05
cepr,6.199284868209846e-05
kwh,6.199284868209846e-05
olivi,6.199284868209846e-05
nical,6.199284868209846e-05
subscrib,6.199284868209846e-05
mistak,6.199284868209846e-05
congo,6.199284868209846e-05
arab,6.199284868209846e-05
factorpric,6.167655863780204e-05
contest,6.167655863780204e-05
recycl,6.167655863780204e-05
farther,6.167655863780204e-05
complianc,6.167655863780204e-05
morri,6.167655863780204e-05
pij,6.167655863780204e-05
involuntari,6.167655863780204e-05
outmigr,6.167655863780204e-05
concess,6.167655863780204e-05
erod,6.167655863780204e-05
hurrican,6.167655863780204e-05
nonneutr,6.136026859350561e-05
fuller,6.136026859350561e-05
friend,6.136026859350561e-05
markdown,6.136026859350561e-05
conclu,6.136026859350561e-05
easter,6.136026859350561e-05
yij,6.136026859350561e-05
ongo,6.136026859350561e-05
dornbusch,6.10439785492092e-05
cowl,6.10439785492092e-05
medoff,6.10439785492092e-05
henceforth,6.10439785492092e-05
mis,6.10439785492092e-05
satisfact,6.10439785492092e-05
minha,6.10439785492092e-05
twotail,6.10439785492092e-05
nearest,6.10439785492092e-05
harper,6.10439785492092e-05
ramet,6.0727688504912774e-05
recognis,6.0727688504912774e-05
iraq,6.0727688504912774e-05
theta,6.0727688504912774e-05
prof,6.0727688504912774e-05
disregard,6.0727688504912774e-05
mild,6.0727688504912774e-05
submit,6.0727688504912774e-05
cov,6.0727688504912774e-05
koyck,6.0727688504912774e-05
smsa,6.0727688504912774e-05
postreform,6.0727688504912774e-05
passag,6.041139846061636e-05
cnc,6.041139846061636e-05
eighteen,6.041139846061636e-05
discern,6.041139846061636e-05
southeast,6.041139846061636e-05
obscur,6.041139846061636e-05
firstbest,6.041139846061636e-05
ttest,6.041139846061636e-05
ceed,6.041139846061636e-05
vention,6.041139846061636e-05
malmquist,6.041139846061636e-05
vineyard,6.041139846061636e-05
wharton,6.041139846061636e-05
aggress,6.041139846061636e-05
icant,6.0095108416319935e-05
singh,6.0095108416319935e-05
ramey,6.0095108416319935e-05
ethiopia,6.0095108416319935e-05
defer,6.0095108416319935e-05
mcdonald,6.0095108416319935e-05
psycholog,6.0095108416319935e-05
crane,6.0095108416319935e-05
sigma,6.0095108416319935e-05
ravenscraft,6.0095108416319935e-05
steam,6.0095108416319935e-05
standpoint,6.0095108416319935e-05
necessit,6.0095108416319935e-05
loglikelihood,6.0095108416319935e-05
patrick,6.0095108416319935e-05
norton,6.0095108416319935e-05
egalitarian,6.0095108416319935e-05
narrowli,6.0095108416319935e-05
deduc,6.0095108416319935e-05
ington,6.0095108416319935e-05
app,6.0095108416319935e-05
keho,5.977881837202351e-05
raymond,5.977881837202351e-05
keith,5.977881837202351e-05
nonwag,5.977881837202351e-05
wolf,5.977881837202351e-05
ousli,5.977881837202351e-05
parsimoni,5.977881837202351e-05
analogu,5.977881837202351e-05
wang,5.977881837202351e-05
staiger,5.977881837202351e-05
scholar,5.977881837202351e-05
angus,5.977881837202351e-05
reput,5.977881837202351e-05
admiss,5.9462528327727095e-05
eli,5.9462528327727095e-05
dens,5.9462528327727095e-05
overhead,5.9462528327727095e-05
permiss,5.9462528327727095e-05
invas,5.9462528327727095e-05
bal,5.9462528327727095e-05
exagger,5.9462528327727095e-05
visual,5.9462528327727095e-05
immobil,5.9462528327727095e-05
puttyclay,5.9462528327727095e-05
acterist,5.9462528327727095e-05
somewher,5.914623828343067e-05
reconstruct,5.914623828343067e-05
protection,5.914623828343067e-05
marketshar,5.914623828343067e-05
globalis,5.914623828343067e-05
minneapoli,5.914623828343067e-05
dissimilar,5.914623828343067e-05
vers,5.914623828343067e-05
wincoop,5.914623828343067e-05
posterior,5.914623828343067e-05
erti,5.914623828343067e-05
warner,5.882994823913425e-05
contin,5.882994823913425e-05
phi,5.882994823913425e-05
semiconductor,5.882994823913425e-05
anomali,5.882994823913425e-05
factual,5.882994823913425e-05
harvey,5.882994823913425e-05
premia,5.882994823913425e-05
pervas,5.882994823913425e-05
kemp,5.851365819483783e-05
deem,5.851365819483783e-05
ferenti,5.851365819483783e-05
constitu,5.851365819483783e-05
nicaragua,5.851365819483783e-05
intrins,5.851365819483783e-05
coastal,5.851365819483783e-05
sus,5.851365819483783e-05
binomi,5.851365819483783e-05
bil,5.851365819483783e-05
flect,5.851365819483783e-05
trajtenberg,5.851365819483783e-05
para,5.819736815054141e-05
temin,5.819736815054141e-05
doctrin,5.819736815054141e-05
loos,5.819736815054141e-05
watson,5.819736815054141e-05
arguabl,5.819736815054141e-05
influ,5.819736815054141e-05
hedg,5.819736815054141e-05
cedur,5.819736815054141e-05
sixteen,5.819736815054141e-05
philipp,5.819736815054141e-05
namic,5.7881078106244986e-05
endog,5.7881078106244986e-05
cornel,5.7881078106244986e-05
inherit,5.7881078106244986e-05
melitz,5.7881078106244986e-05
visavi,5.7881078106244986e-05
ingredi,5.7881078106244986e-05
fals,5.7881078106244986e-05
mileag,5.7881078106244986e-05
bayesian,5.756478806194857e-05
midpoint,5.756478806194857e-05
smallfirm,5.756478806194857e-05
lovel,5.756478806194857e-05
ini,5.756478806194857e-05
guidelin,5.756478806194857e-05
creativ,5.756478806194857e-05
injuri,5.756478806194857e-05
dominican,5.756478806194857e-05
customari,5.756478806194857e-05
tection,5.756478806194857e-05
ourselv,5.724849801765215e-05
iff,5.724849801765215e-05
litera,5.724849801765215e-05
fre,5.724849801765215e-05
reynold,5.724849801765215e-05
reg,5.724849801765215e-05
rupe,5.724849801765215e-05
seneg,5.724849801765215e-05
microdata,5.724849801765215e-05
vey,5.724849801765215e-05
har,5.724849801765215e-05
capitallabour,5.6932207973355724e-05
vate,5.6932207973355724e-05
unido,5.6932207973355724e-05
polic,5.6932207973355724e-05
certif,5.6932207973355724e-05
shade,5.6932207973355724e-05
ushap,5.6932207973355724e-05
titi,5.6932207973355724e-05
nonelectr,5.6932207973355724e-05
applica,5.6932207973355724e-05
qit,5.6932207973355724e-05
invok,5.6932207973355724e-05
cola,5.661591792905931e-05
tradi,5.661591792905931e-05
drain,5.661591792905931e-05
poli,5.661591792905931e-05
egg,5.661591792905931e-05
prereform,5.661591792905931e-05
remedi,5.661591792905931e-05
parcel,5.661591792905931e-05
sato,5.661591792905931e-05
jagdish,5.661591792905931e-05
dean,5.661591792905931e-05
shelter,5.661591792905931e-05
soe,5.661591792905931e-05
interven,5.661591792905931e-05
corrobor,5.661591792905931e-05
campbel,5.661591792905931e-05
weil,5.661591792905931e-05
web,5.661591792905931e-05
protocol,5.661591792905931e-05
altruism,5.661591792905931e-05
comfort,5.661591792905931e-05
jean,5.661591792905931e-05
bidder,5.661591792905931e-05
romania,5.6299627884762884e-05
fluenc,5.6299627884762884e-05
surement,5.6299627884762884e-05
scalar,5.6299627884762884e-05
crossindustri,5.6299627884762884e-05
rebelo,5.6299627884762884e-05
flour,5.6299627884762884e-05
cane,5.6299627884762884e-05
convey,5.6299627884762884e-05
terminolog,5.6299627884762884e-05
irv,5.6299627884762884e-05
alesina,5.598333784046647e-05
alexand,5.598333784046647e-05
tar,5.598333784046647e-05
tinbergen,5.598333784046647e-05
retali,5.598333784046647e-05
automot,5.598333784046647e-05
laurit,5.598333784046647e-05
chronic,5.598333784046647e-05
worst,5.598333784046647e-05
outset,5.598333784046647e-05
fiml,5.598333784046647e-05
engerman,5.5667047796170045e-05
cointegr,5.5667047796170045e-05
advan,5.5667047796170045e-05
guidanc,5.5667047796170045e-05
front,5.5667047796170045e-05
peso,5.5667047796170045e-05
veloc,5.5667047796170045e-05
han,5.5667047796170045e-05
postpon,5.5667047796170045e-05
contend,5.5667047796170045e-05
gale,5.5667047796170045e-05
gibrat,5.535075775187362e-05
willig,5.535075775187362e-05
bureaucrat,5.535075775187362e-05
mul,5.535075775187362e-05
locomot,5.535075775187362e-05
rive,5.535075775187362e-05
wife,5.535075775187362e-05
revalu,5.535075775187362e-05
italian,5.535075775187362e-05
xavier,5.535075775187362e-05
multisector,5.535075775187362e-05
wpi,5.535075775187362e-05
kil,5.535075775187362e-05
missouri,5.535075775187362e-05
mayer,5.535075775187362e-05
prescrib,5.535075775187362e-05
discard,5.5034467707577205e-05
ute,5.5034467707577205e-05
zit,5.5034467707577205e-05
planter,5.5034467707577205e-05
schumpeterian,5.5034467707577205e-05
conver,5.5034467707577205e-05
disast,5.5034467707577205e-05
durbin,5.5034467707577205e-05
ottawa,5.5034467707577205e-05
evas,5.5034467707577205e-05
wartim,5.5034467707577205e-05
drc,5.5034467707577205e-05
kmenta,5.5034467707577205e-05
blend,5.471817766328078e-05
textbook,5.471817766328078e-05
effec,5.471817766328078e-05
sition,5.471817766328078e-05
countrylevel,5.471817766328078e-05
sari,5.471817766328078e-05
propag,5.471817766328078e-05
regu,5.471817766328078e-05
infla,5.471817766328078e-05
homeown,5.471817766328078e-05
cubic,5.471817766328078e-05
outag,5.471817766328078e-05
retent,5.471817766328078e-05
gional,5.471817766328078e-05
canc,5.471817766328078e-05
summat,5.471817766328078e-05
bean,5.471817766328078e-05
northwestern,5.471817766328078e-05
hirsch,5.440188761898436e-05
alt,5.440188761898436e-05
foot,5.440188761898436e-05
twoyear,5.440188761898436e-05
sketch,5.440188761898436e-05
ontario,5.440188761898436e-05
tradeabl,5.440188761898436e-05
pastur,5.440188761898436e-05
hicksneutr,5.440188761898436e-05
collater,5.440188761898436e-05
mage,5.440188761898436e-05
slutski,5.440188761898436e-05
plicit,5.440188761898436e-05
mandat,5.440188761898436e-05
magni,5.440188761898436e-05
hightech,5.440188761898436e-05
opium,5.440188761898436e-05
depositor,5.408559757468794e-05
bare,5.408559757468794e-05
sev,5.408559757468794e-05
jersey,5.408559757468794e-05
coop,5.408559757468794e-05
refineri,5.408559757468794e-05
sin,5.408559757468794e-05
mfn,5.408559757468794e-05
ariel,5.408559757468794e-05
shaw,5.408559757468794e-05
dicat,5.408559757468794e-05
unsatisfactori,5.408559757468794e-05
quasir,5.376930753039152e-05
embed,5.376930753039152e-05
meal,5.376930753039152e-05
extinct,5.376930753039152e-05
indiana,5.376930753039152e-05
jack,5.376930753039152e-05
steeper,5.376930753039152e-05
elastici,5.376930753039152e-05
shipbuild,5.3453017486095096e-05
resolut,5.3453017486095096e-05
ilo,5.3453017486095096e-05
carl,5.3453017486095096e-05
inflex,5.3453017486095096e-05
parat,5.3453017486095096e-05
spect,5.3453017486095096e-05
worri,5.3453017486095096e-05
bertrand,5.3453017486095096e-05
lion,5.3453017486095096e-05
armington,5.3453017486095096e-05
terest,5.3453017486095096e-05
haltiwang,5.3453017486095096e-05
sargent,5.3453017486095096e-05
undermin,5.3453017486095096e-05
eat,5.3453017486095096e-05
stockholm,5.3453017486095096e-05
acm,5.3453017486095096e-05
ceiv,5.313672744179868e-05
mismeasur,5.313672744179868e-05
gion,5.313672744179868e-05
intermediari,5.313672744179868e-05
pig,5.313672744179868e-05
elsevi,5.313672744179868e-05
appro,5.313672744179868e-05
twin,5.313672744179868e-05
cussion,5.313672744179868e-05
gilbert,5.313672744179868e-05
envelop,5.313672744179868e-05
pradesh,5.313672744179868e-05
conven,5.313672744179868e-05
msa,5.313672744179868e-05
elit,5.313672744179868e-05
legitim,5.313672744179868e-05
crash,5.313672744179868e-05
montana,5.282043739750226e-05
whilst,5.282043739750226e-05
nepal,5.282043739750226e-05
fda,5.282043739750226e-05
ruralurban,5.282043739750226e-05
lent,5.282043739750226e-05
uneven,5.282043739750226e-05
lumpsum,5.282043739750226e-05
nonoil,5.282043739750226e-05
tybout,5.282043739750226e-05
byproduct,5.282043739750226e-05
nitrogen,5.282043739750226e-05
indetermin,5.282043739750226e-05
xii,5.2504147353205834e-05
arabia,5.2504147353205834e-05
jovanov,5.2504147353205834e-05
diver,5.2504147353205834e-05
tainti,5.2504147353205834e-05
nanc,5.2504147353205834e-05
everyth,5.2504147353205834e-05
tin,5.2504147353205834e-05
timeinvari,5.2504147353205834e-05
xxx,5.2504147353205834e-05
plywood,5.2504147353205834e-05
priat,5.2504147353205834e-05
miracl,5.2504147353205834e-05
homo,5.2504147353205834e-05
talk,5.2504147353205834e-05
inject,5.2504147353205834e-05
vanc,5.2504147353205834e-05
indigen,5.218785730890942e-05
shorten,5.218785730890942e-05
demon,5.218785730890942e-05
quandt,5.218785730890942e-05
eichengreen,5.218785730890942e-05
toler,5.218785730890942e-05
copi,5.218785730890942e-05
dont,5.218785730890942e-05
granular,5.218785730890942e-05
float,5.218785730890942e-05
harrod,5.218785730890942e-05
pertin,5.218785730890942e-05
cuba,5.218785730890942e-05
golden,5.218785730890942e-05
abramovitz,5.1871567264612994e-05
buffer,5.1871567264612994e-05
aii,5.1871567264612994e-05
winston,5.1871567264612994e-05
prai,5.1871567264612994e-05
privatis,5.1871567264612994e-05
persson,5.1871567264612994e-05
ascrib,5.1871567264612994e-05
adequaci,5.1871567264612994e-05
demsetz,5.1871567264612994e-05
wel,5.1871567264612994e-05
wagner,5.1871567264612994e-05
noneconom,5.1871567264612994e-05
kenen,5.1871567264612994e-05
cold,5.1871567264612994e-05
novat,5.155527722031658e-05
provinci,5.155527722031658e-05
stabilis,5.155527722031658e-05
fli,5.155527722031658e-05
cer,5.155527722031658e-05
clinic,5.155527722031658e-05
warn,5.155527722031658e-05
stewart,5.155527722031658e-05
merchant,5.155527722031658e-05
foresight,5.155527722031658e-05
burn,5.155527722031658e-05
mccallum,5.155527722031658e-05
phone,5.155527722031658e-05
colorado,5.155527722031658e-05
cocoa,5.155527722031658e-05
wolff,5.155527722031658e-05
matic,5.155527722031658e-05
eye,5.155527722031658e-05
suffi,5.155527722031658e-05
spectrum,5.155527722031658e-05
advis,5.1238987176020155e-05
richest,5.1238987176020155e-05
poten,5.1238987176020155e-05
compromis,5.1238987176020155e-05
markov,5.1238987176020155e-05
dani,5.1238987176020155e-05
owneroccupi,5.1238987176020155e-05
moodi,5.1238987176020155e-05
nonconvex,5.1238987176020155e-05
koopman,5.092269713172373e-05
spec,5.092269713172373e-05
err,5.092269713172373e-05
fallow,5.092269713172373e-05
determi,5.092269713172373e-05
unreli,5.092269713172373e-05
insti,5.092269713172373e-05
ivori,5.092269713172373e-05
disagr,5.092269713172373e-05
mulat,5.092269713172373e-05
semin,5.092269713172373e-05
threaten,5.092269713172373e-05
stapl,5.092269713172373e-05
welldefin,5.092269713172373e-05
nec,5.092269713172373e-05
normalis,5.092269713172373e-05
misspecifi,5.092269713172373e-05
skeptic,5.092269713172373e-05
nuclear,5.0606407087427315e-05
imag,5.0606407087427315e-05
send,5.0606407087427315e-05
historian,5.0606407087427315e-05
identi,5.0606407087427315e-05
selfselect,5.0606407087427315e-05
adher,5.0606407087427315e-05
hsieh,5.0606407087427315e-05
gori,5.0606407087427315e-05
duplic,5.0606407087427315e-05
icc,5.0606407087427315e-05
hurt,5.0606407087427315e-05
cri,5.0606407087427315e-05
holm,5.029011704313089e-05
macroeco,5.029011704313089e-05
divisia,5.029011704313089e-05
laborsav,5.029011704313089e-05
wellb,5.029011704313089e-05
preston,5.029011704313089e-05
strand,5.029011704313089e-05
troubl,5.029011704313089e-05
yang,5.029011704313089e-05
night,5.029011704313089e-05
everyon,5.029011704313089e-05
truth,5.029011704313089e-05
nearbi,5.029011704313089e-05
dimension,5.029011704313089e-05
annal,5.029011704313089e-05
continent,5.029011704313089e-05
shirk,4.997382699883447e-05
throw,4.997382699883447e-05
hing,4.997382699883447e-05
memori,4.997382699883447e-05
contribu,4.997382699883447e-05
tinu,4.997382699883447e-05
mer,4.997382699883447e-05
git,4.997382699883447e-05
ltd,4.997382699883447e-05
nonmetal,4.997382699883447e-05
elev,4.997382699883447e-05
renci,4.997382699883447e-05
varian,4.997382699883447e-05
hamermesh,4.997382699883447e-05
fullemploy,4.997382699883447e-05
tea,4.965753695453805e-05
glenn,4.965753695453805e-05
righthandsid,4.965753695453805e-05
robin,4.965753695453805e-05
bernank,4.965753695453805e-05
restrain,4.965753695453805e-05
incident,4.965753695453805e-05
norfolk,4.965753695453805e-05
infrequ,4.965753695453805e-05
magnifi,4.965753695453805e-05
collabor,4.965753695453805e-05
contour,4.965753695453805e-05
fenc,4.934124691024163e-05
unprofit,4.934124691024163e-05
pork,4.934124691024163e-05
regula,4.934124691024163e-05
auxiliari,4.934124691024163e-05
labourintens,4.934124691024163e-05
pittsburgh,4.934124691024163e-05
twostep,4.934124691024163e-05
benjamin,4.934124691024163e-05
blinder,4.934124691024163e-05
kink,4.934124691024163e-05
bine,4.934124691024163e-05
tenyear,4.934124691024163e-05
qpq,4.934124691024163e-05
paradigm,4.934124691024163e-05
autonomi,4.934124691024163e-05
generalis,4.934124691024163e-05
benefitcost,4.934124691024163e-05
riskshar,4.934124691024163e-05
rele,4.934124691024163e-05
dichotom,4.934124691024163e-05
quar,4.934124691024163e-05
hot,4.934124691024163e-05
fogel,4.934124691024163e-05
crossbord,4.9024956865945206e-05
twocountri,4.9024956865945206e-05
integ,4.9024956865945206e-05
ciation,4.9024956865945206e-05
amongst,4.9024956865945206e-05
earliest,4.9024956865945206e-05
trinidad,4.9024956865945206e-05
cif,4.9024956865945206e-05
shifter,4.9024956865945206e-05
multifactor,4.9024956865945206e-05
onward,4.9024956865945206e-05
spenc,4.9024956865945206e-05
emi,4.9024956865945206e-05
tornqvist,4.870866682164879e-05
directori,4.870866682164879e-05
mcguir,4.870866682164879e-05
ric,4.870866682164879e-05
eri,4.870866682164879e-05
screen,4.870866682164879e-05
depr,4.870866682164879e-05
chilean,4.870866682164879e-05
stark,4.870866682164879e-05
ralph,4.870866682164879e-05
adj,4.870866682164879e-05
tth,4.870866682164879e-05
unfavor,4.870866682164879e-05
almon,4.839237677735237e-05
reloc,4.839237677735237e-05
irrevers,4.839237677735237e-05
manuel,4.839237677735237e-05
frozen,4.839237677735237e-05
headquart,4.839237677735237e-05
restaur,4.839237677735237e-05
parabl,4.839237677735237e-05
hood,4.839237677735237e-05
overlook,4.839237677735237e-05
characteri,4.839237677735237e-05
gender,4.807608673305595e-05
enact,4.807608673305595e-05
printer,4.807608673305595e-05
wool,4.807608673305595e-05
rosenberg,4.807608673305595e-05
bluecollar,4.807608673305595e-05
gation,4.807608673305595e-05
survivor,4.807608673305595e-05
diego,4.807608673305595e-05
stateown,4.807608673305595e-05
ohlin,4.807608673305595e-05
cialli,4.807608673305595e-05
cone,4.807608673305595e-05
heart,4.807608673305595e-05
indefinit,4.807608673305595e-05
deeper,4.807608673305595e-05
mem,4.807608673305595e-05
costminim,4.807608673305595e-05
consecut,4.775979668875953e-05
stratifi,4.775979668875953e-05
gsp,4.775979668875953e-05
subsector,4.775979668875953e-05
stoker,4.775979668875953e-05
howard,4.775979668875953e-05
lect,4.775979668875953e-05
genuin,4.775979668875953e-05
mil,4.775979668875953e-05
ethic,4.775979668875953e-05
gupta,4.775979668875953e-05
schmidt,4.775979668875953e-05
singleequ,4.775979668875953e-05
oneperiod,4.775979668875953e-05
eti,4.775979668875953e-05
partic,4.775979668875953e-05
dakota,4.775979668875953e-05
previ,4.775979668875953e-05
transnat,4.775979668875953e-05
kilomet,4.775979668875953e-05
ner,4.775979668875953e-05
gradient,4.775979668875953e-05
bengal,4.775979668875953e-05
roi,4.7443506644463104e-05
contigu,4.7443506644463104e-05
venabl,4.7443506644463104e-05
disentangl,4.7443506644463104e-05
fei,4.7443506644463104e-05
exacerb,4.7443506644463104e-05
optimist,4.7443506644463104e-05
intrafirm,4.7443506644463104e-05
hufbauer,4.7443506644463104e-05
coke,4.7443506644463104e-05
construc,4.712721660016669e-05
fob,4.712721660016669e-05
ist,4.712721660016669e-05
drought,4.712721660016669e-05
crack,4.712721660016669e-05
portanc,4.712721660016669e-05
cook,4.712721660016669e-05
shephard,4.712721660016669e-05
rani,4.712721660016669e-05
lancast,4.712721660016669e-05
hanson,4.712721660016669e-05
imped,4.712721660016669e-05
probabilist,4.6810926555870265e-05
neumann,4.6810926555870265e-05
knit,4.6810926555870265e-05
anecdot,4.6810926555870265e-05
inclin,4.6810926555870265e-05
ular,4.6810926555870265e-05
internat,4.6810926555870265e-05
pan,4.6810926555870265e-05
holli,4.6810926555870265e-05
irregular,4.6810926555870265e-05
englewood,4.6810926555870265e-05
onto,4.6810926555870265e-05
mountain,4.6810926555870265e-05
clarendon,4.6810926555870265e-05
precautionari,4.6810926555870265e-05
economet,4.6810926555870265e-05
tom,4.6810926555870265e-05
erag,4.6810926555870265e-05
labormarket,4.6810926555870265e-05
colleagu,4.649463651157384e-05
quadrant,4.649463651157384e-05
loge,4.649463651157384e-05
kill,4.649463651157384e-05
inconclus,4.649463651157384e-05
mauric,4.649463651157384e-05
univari,4.649463651157384e-05
andrei,4.649463651157384e-05
hicksian,4.649463651157384e-05
jel,4.649463651157384e-05
farrel,4.649463651157384e-05
multicountri,4.649463651157384e-05
ine,4.649463651157384e-05
punish,4.649463651157384e-05
uspto,4.649463651157384e-05
twoway,4.649463651157384e-05
processor,4.649463651157384e-05
geneiti,4.649463651157384e-05
unctad,4.649463651157384e-05
geari,4.649463651157384e-05
moratorium,4.649463651157384e-05
longitudin,4.649463651157384e-05
morgan,4.649463651157384e-05
gear,4.649463651157384e-05
techni,4.649463651157384e-05
eem,4.649463651157384e-05
stimulus,4.649463651157384e-05
leibenstein,4.649463651157384e-05
lexington,4.6178346467277425e-05
aerospac,4.6178346467277425e-05
rap,4.6178346467277425e-05
iit,4.6178346467277425e-05
reviv,4.6178346467277425e-05
fouryear,4.6178346467277425e-05
instant,4.6178346467277425e-05
pin,4.6178346467277425e-05
discus,4.6178346467277425e-05
sixti,4.6178346467277425e-05
dian,4.6178346467277425e-05
strata,4.6178346467277425e-05
maxwel,4.6178346467277425e-05
granger,4.6178346467277425e-05
offfarm,4.6178346467277425e-05
ior,4.6178346467277425e-05
wear,4.6178346467277425e-05
lifecycl,4.6178346467277425e-05
unifi,4.5862056422981e-05
ali,4.5862056422981e-05
uae,4.5862056422981e-05
connecticut,4.5862056422981e-05
profess,4.5862056422981e-05
communist,4.5862056422981e-05
edu,4.5862056422981e-05
usitc,4.5862056422981e-05
collar,4.5862056422981e-05
brian,4.5862056422981e-05
breed,4.5862056422981e-05
unnecessari,4.5862056422981e-05
sav,4.5862056422981e-05
evenson,4.5862056422981e-05
landless,4.5862056422981e-05
disclosur,4.5862056422981e-05
sudan,4.5862056422981e-05
basevi,4.554576637868458e-05
pencavel,4.554576637868458e-05
subindustri,4.554576637868458e-05
winner,4.554576637868458e-05
artifact,4.554576637868458e-05
suburban,4.554576637868458e-05
tenc,4.554576637868458e-05
alpha,4.554576637868458e-05
mead,4.554576637868458e-05
adc,4.554576637868458e-05
treati,4.554576637868458e-05
lloyd,4.554576637868458e-05
biggest,4.554576637868458e-05
soap,4.554576637868458e-05
enrich,4.554576637868458e-05
gift,4.554576637868458e-05
mission,4.522947633438816e-05
refut,4.522947633438816e-05
afriat,4.522947633438816e-05
finer,4.522947633438816e-05
predecessor,4.522947633438816e-05
levinsohn,4.522947633438816e-05
ltl,4.522947633438816e-05
ear,4.522947633438816e-05
qje,4.522947633438816e-05
bradford,4.522947633438816e-05
confound,4.522947633438816e-05
biomass,4.522947633438816e-05
orang,4.522947633438816e-05
dhryme,4.522947633438816e-05
schmookler,4.522947633438816e-05
botswana,4.522947633438816e-05
unwin,4.522947633438816e-05
deprecia,4.522947633438816e-05
cox,4.522947633438816e-05
selfsuffici,4.522947633438816e-05
kahn,4.522947633438816e-05
ploye,4.522947633438816e-05
sharecrop,4.491318629009174e-05
seldom,4.491318629009174e-05
inhibit,4.491318629009174e-05
workweek,4.491318629009174e-05
empti,4.491318629009174e-05
musgrav,4.491318629009174e-05
portat,4.491318629009174e-05
bij,4.491318629009174e-05
rsquar,4.491318629009174e-05
inhabit,4.491318629009174e-05
dividu,4.491318629009174e-05
meth,4.491318629009174e-05
onset,4.491318629009174e-05
hirschman,4.491318629009174e-05
fernald,4.491318629009174e-05
suc,4.491318629009174e-05
rhoad,4.491318629009174e-05
milton,4.491318629009174e-05
tabellini,4.491318629009174e-05
franci,4.491318629009174e-05
howitt,4.491318629009174e-05
myopic,4.491318629009174e-05
wager,4.491318629009174e-05
broda,4.491318629009174e-05
insist,4.491318629009174e-05
gollop,4.4596896245795316e-05
peterson,4.4596896245795316e-05
bombay,4.4596896245795316e-05
tenth,4.4596896245795316e-05
ceylon,4.4596896245795316e-05
harmon,4.4596896245795316e-05
realis,4.4596896245795316e-05
shut,4.4596896245795316e-05
ting,4.4596896245795316e-05
freez,4.4596896245795316e-05
fixtur,4.4596896245795316e-05
cabl,4.4596896245795316e-05
literaci,4.4596896245795316e-05
nineteen,4.4596896245795316e-05
statutori,4.4596896245795316e-05
itc,4.4596896245795316e-05
krishna,4.4596896245795316e-05
cos,4.42806062014989e-05
don,4.42806062014989e-05
erron,4.42806062014989e-05
giffen,4.42806062014989e-05
mendelsohn,4.42806062014989e-05
crs,4.42806062014989e-05
builder,4.42806062014989e-05
closur,4.42806062014989e-05
louisiana,4.42806062014989e-05
nit,4.42806062014989e-05
bin,4.42806062014989e-05
percapita,4.42806062014989e-05
evidenc,4.42806062014989e-05
whitecollar,4.42806062014989e-05
reconsid,4.42806062014989e-05
mirror,4.42806062014989e-05
elaps,4.42806062014989e-05
monograph,4.396431615720248e-05
griffith,4.396431615720248e-05
countervail,4.396431615720248e-05
sierra,4.396431615720248e-05
stein,4.396431615720248e-05
enumer,4.396431615720248e-05
peruvian,4.396431615720248e-05
burma,4.396431615720248e-05
prete,4.396431615720248e-05
cge,4.396431615720248e-05
coher,4.396431615720248e-05
sown,4.396431615720248e-05
dasgupta,4.396431615720248e-05
modul,4.396431615720248e-05
wealthi,4.396431615720248e-05
und,4.396431615720248e-05
capitalskil,4.396431615720248e-05
malt,4.396431615720248e-05
interrupt,4.396431615720248e-05
compli,4.396431615720248e-05
pensat,4.396431615720248e-05
del,4.396431615720248e-05
hors,4.396431615720248e-05
wdi,4.396431615720248e-05
ice,4.396431615720248e-05
geolog,4.396431615720248e-05
quotat,4.364802611290606e-05
jet,4.364802611290606e-05
ken,4.364802611290606e-05
statelevel,4.364802611290606e-05
daron,4.364802611290606e-05
gang,4.364802611290606e-05
errat,4.364802611290606e-05
secondstag,4.364802611290606e-05
aggrega,4.364802611290606e-05
alloca,4.364802611290606e-05
arellano,4.364802611290606e-05
lang,4.364802611290606e-05
victor,4.364802611290606e-05
tangenc,4.364802611290606e-05
joe,4.333173606860964e-05
publicsector,4.333173606860964e-05
stake,4.333173606860964e-05
medicin,4.333173606860964e-05
melvin,4.333173606860964e-05
acut,4.333173606860964e-05
aic,4.333173606860964e-05
barbara,4.333173606860964e-05
bresnahan,4.333173606860964e-05
balanceofpay,4.333173606860964e-05
breviti,4.333173606860964e-05
pine,4.333173606860964e-05
glanc,4.333173606860964e-05
squir,4.333173606860964e-05
steve,4.333173606860964e-05
alik,4.333173606860964e-05
ror,4.333173606860964e-05
houston,4.3015446024313214e-05
econometrician,4.3015446024313214e-05
arbor,4.3015446024313214e-05
gort,4.3015446024313214e-05
berg,4.3015446024313214e-05
advertisingsal,4.3015446024313214e-05
metro,4.3015446024313214e-05
ivb,4.3015446024313214e-05
sacrific,4.3015446024313214e-05
proba,4.3015446024313214e-05
tangent,4.3015446024313214e-05
adv,4.3015446024313214e-05
lib,4.3015446024313214e-05
nonhomothet,4.3015446024313214e-05
lop,4.3015446024313214e-05
nonwhit,4.3015446024313214e-05
agenda,4.3015446024313214e-05
opt,4.3015446024313214e-05
sequent,4.3015446024313214e-05
expend,4.3015446024313214e-05
oppor,4.3015446024313214e-05
marin,4.3015446024313214e-05
tition,4.26991559800168e-05
muth,4.26991559800168e-05
att,4.26991559800168e-05
halv,4.26991559800168e-05
fao,4.26991559800168e-05
tuniti,4.26991559800168e-05
layer,4.26991559800168e-05
eci,4.26991559800168e-05
proven,4.26991559800168e-05
yuan,4.26991559800168e-05
tual,4.26991559800168e-05
quirement,4.26991559800168e-05
coin,4.26991559800168e-05
stolpersamuelson,4.26991559800168e-05
unproduct,4.26991559800168e-05
hidden,4.26991559800168e-05
rosenzweig,4.26991559800168e-05
hetero,4.26991559800168e-05
sociolog,4.26991559800168e-05
marshallian,4.26991559800168e-05
acid,4.26991559800168e-05
peac,4.26991559800168e-05
assigne,4.2382865935720375e-05
cyprus,4.2382865935720375e-05
hugh,4.2382865935720375e-05
homewood,4.2382865935720375e-05
tonnag,4.2382865935720375e-05
marriag,4.2382865935720375e-05
provement,4.2382865935720375e-05
thermal,4.2382865935720375e-05
vious,4.2382865935720375e-05
propon,4.2382865935720375e-05
akerlof,4.2382865935720375e-05
primat,4.2382865935720375e-05
horsepow,4.2382865935720375e-05
oswald,4.2382865935720375e-05
beneficiari,4.2382865935720375e-05
itiv,4.2382865935720375e-05
bailey,4.2382865935720375e-05
herbert,4.2382865935720375e-05
super,4.2382865935720375e-05
envi,4.2382865935720375e-05
club,4.2382865935720375e-05
diagnost,4.206657589142395e-05
alberto,4.206657589142395e-05
amort,4.206657589142395e-05
appl,4.206657589142395e-05
opera,4.206657589142395e-05
sluggish,4.206657589142395e-05
punjab,4.206657589142395e-05
smsas,4.206657589142395e-05
vision,4.206657589142395e-05
minant,4.206657589142395e-05
basin,4.206657589142395e-05
bloom,4.206657589142395e-05
viz,4.206657589142395e-05
mrs,4.206657589142395e-05
session,4.206657589142395e-05
defini,4.206657589142395e-05
tel,4.206657589142395e-05
lane,4.206657589142395e-05
sentat,4.206657589142395e-05
duesenberri,4.206657589142395e-05
spearman,4.206657589142395e-05
famous,4.1750285847127535e-05
delhi,4.1750285847127535e-05
barnett,4.1750285847127535e-05
faculti,4.1750285847127535e-05
cus,4.1750285847127535e-05
perienc,4.1750285847127535e-05
troll,4.1750285847127535e-05
trast,4.1750285847127535e-05
dress,4.1750285847127535e-05
domar,4.1750285847127535e-05
humancapit,4.1750285847127535e-05
thrift,4.1750285847127535e-05
declar,4.1750285847127535e-05
graham,4.1750285847127535e-05
expertis,4.1750285847127535e-05
mac,4.1750285847127535e-05
intra,4.1750285847127535e-05
larri,4.1750285847127535e-05
lic,4.143399580283111e-05
dust,4.143399580283111e-05
joumal,4.143399580283111e-05
superl,4.143399580283111e-05
wrote,4.143399580283111e-05
direc,4.143399580283111e-05
morton,4.143399580283111e-05
erwin,4.143399580283111e-05
dissip,4.143399580283111e-05
madagascar,4.143399580283111e-05
firstdiffer,4.143399580283111e-05
olson,4.143399580283111e-05
ibm,4.143399580283111e-05
prac,4.143399580283111e-05
brechl,4.143399580283111e-05
impedi,4.143399580283111e-05
twentyf,4.143399580283111e-05
incen,4.143399580283111e-05
vant,4.143399580283111e-05
allan,4.143399580283111e-05
neg,4.143399580283111e-05
workday,4.143399580283111e-05
haul,4.143399580283111e-05
ecosystem,4.143399580283111e-05
earth,4.143399580283111e-05
greenaway,4.143399580283111e-05
barten,4.143399580283111e-05
oklahoma,4.143399580283111e-05
theater,4.143399580283111e-05
madison,4.143399580283111e-05
compara,4.111770575853469e-05
reenen,4.111770575853469e-05
distortionari,4.111770575853469e-05
caribbean,4.111770575853469e-05
dan,4.111770575853469e-05
qual,4.111770575853469e-05
pti,4.111770575853469e-05
franklin,4.111770575853469e-05
susan,4.111770575853469e-05
congression,4.111770575853469e-05
tifi,4.111770575853469e-05
semiparametr,4.111770575853469e-05
typescript,4.111770575853469e-05
powel,4.111770575853469e-05
sargan,4.111770575853469e-05
karl,4.111770575853469e-05
allo,4.111770575853469e-05
cleric,4.080141571423827e-05
kentucki,4.080141571423827e-05
ioc,4.080141571423827e-05
fha,4.080141571423827e-05
forag,4.080141571423827e-05
concord,4.080141571423827e-05
minist,4.080141571423827e-05
broadcast,4.080141571423827e-05
semilog,4.080141571423827e-05
strip,4.080141571423827e-05
sight,4.080141571423827e-05
devia,4.080141571423827e-05
das,4.080141571423827e-05
preciat,4.080141571423827e-05
subs,4.080141571423827e-05
refuge,4.048512566994185e-05
hierarchi,4.048512566994185e-05
mozambiqu,4.048512566994185e-05
bcr,4.048512566994185e-05
steep,4.048512566994185e-05
crew,4.048512566994185e-05
sad,4.048512566994185e-05
countrypair,4.048512566994185e-05
persuas,4.048512566994185e-05
hearth,4.048512566994185e-05
upwardslop,4.048512566994185e-05
mali,4.048512566994185e-05
migra,4.048512566994185e-05
xjt,4.048512566994185e-05
chad,4.048512566994185e-05
calvo,4.048512566994185e-05
taneous,4.048512566994185e-05
scandinavian,4.048512566994185e-05
partnership,4.048512566994185e-05
supplysid,4.048512566994185e-05
synthesi,4.048512566994185e-05
undergo,4.048512566994185e-05
chris,4.048512566994185e-05
gase,4.048512566994185e-05
hardwar,4.048512566994185e-05
lagrang,4.048512566994185e-05
oliv,4.048512566994185e-05
subtl,4.0168835625645426e-05
presidenti,4.0168835625645426e-05
rybczynski,4.0168835625645426e-05
antebellum,4.0168835625645426e-05
schmitz,4.0168835625645426e-05
illumin,4.0168835625645426e-05
modem,4.0168835625645426e-05
theodor,4.0168835625645426e-05
nual,4.0168835625645426e-05
wonder,4.0168835625645426e-05
rebat,4.0168835625645426e-05
taker,4.0168835625645426e-05
weekend,4.0168835625645426e-05
greenwood,4.0168835625645426e-05
iio,4.0168835625645426e-05
quart,4.0168835625645426e-05
orourk,3.985254558134901e-05
physician,3.985254558134901e-05
highqual,3.985254558134901e-05
reinterpret,3.985254558134901e-05
okun,3.985254558134901e-05
fiber,3.985254558134901e-05
mone,3.985254558134901e-05
juic,3.985254558134901e-05
margaret,3.985254558134901e-05
compl,3.985254558134901e-05
restat,3.985254558134901e-05
obsolet,3.985254558134901e-05
mcgrattan,3.985254558134901e-05
nil,3.985254558134901e-05
ite,3.985254558134901e-05
cardin,3.985254558134901e-05
bottleneck,3.985254558134901e-05
forgon,3.985254558134901e-05
intellig,3.985254558134901e-05
symposium,3.985254558134901e-05
interac,3.985254558134901e-05
nls,3.985254558134901e-05
gration,3.985254558134901e-05
stockmarket,3.953625553705259e-05
elicit,3.953625553705259e-05
headi,3.953625553705259e-05
cautious,3.953625553705259e-05
meanwhil,3.953625553705259e-05
coeff,3.953625553705259e-05
chamber,3.953625553705259e-05
contributor,3.953625553705259e-05
rentseek,3.953625553705259e-05
countryyear,3.953625553705259e-05
randal,3.953625553705259e-05
immiser,3.953625553705259e-05
cockburn,3.953625553705259e-05
ita,3.953625553705259e-05
goodwil,3.953625553705259e-05
tativ,3.953625553705259e-05
nebraska,3.953625553705259e-05
somehow,3.953625553705259e-05
spur,3.953625553705259e-05
planat,3.953625553705259e-05
accu,3.953625553705259e-05
layard,3.953625553705259e-05
northwest,3.921996549275617e-05
christian,3.921996549275617e-05
eastwest,3.921996549275617e-05
dij,3.921996549275617e-05
sponsor,3.921996549275617e-05
sphere,3.921996549275617e-05
sess,3.921996549275617e-05
gard,3.921996549275617e-05
discretionari,3.921996549275617e-05
star,3.921996549275617e-05
loca,3.921996549275617e-05
duke,3.921996549275617e-05
organiza,3.921996549275617e-05
curtail,3.921996549275617e-05
frictionless,3.921996549275617e-05
kindr,3.921996549275617e-05
abrupt,3.921996549275617e-05
walker,3.921996549275617e-05
sizeabl,3.921996549275617e-05
ternal,3.921996549275617e-05
sorghum,3.921996549275617e-05
gdps,3.921996549275617e-05
transcendent,3.921996549275617e-05
prenticehal,3.921996549275617e-05
gether,3.921996549275617e-05
pilot,3.921996549275617e-05
repudi,3.921996549275617e-05
mediums,3.921996549275617e-05
jose,3.921996549275617e-05
striction,3.921996549275617e-05
indivis,3.890367544845975e-05
cific,3.890367544845975e-05
twoperiod,3.890367544845975e-05
businesscycl,3.890367544845975e-05
equiva,3.890367544845975e-05
tim,3.890367544845975e-05
infeas,3.890367544845975e-05
synchron,3.890367544845975e-05
wayn,3.890367544845975e-05
vacat,3.890367544845975e-05
welch,3.890367544845975e-05
thin,3.890367544845975e-05
reid,3.890367544845975e-05
alabama,3.890367544845975e-05
shutdown,3.890367544845975e-05
recalcul,3.890367544845975e-05
wyom,3.890367544845975e-05
addict,3.890367544845975e-05
peri,3.890367544845975e-05
sociat,3.890367544845975e-05
strang,3.890367544845975e-05
anti,3.890367544845975e-05
resi,3.8587385404163324e-05
richardson,3.8587385404163324e-05
calcula,3.8587385404163324e-05
radiat,3.8587385404163324e-05
iia,3.8587385404163324e-05
pursuit,3.8587385404163324e-05
ept,3.8587385404163324e-05
indistinguish,3.8587385404163324e-05
essex,3.8587385404163324e-05
tension,3.8587385404163324e-05
diet,3.8587385404163324e-05
irr,3.8587385404163324e-05
imper,3.8587385404163324e-05
vigor,3.8587385404163324e-05
distress,3.8587385404163324e-05
acter,3.8587385404163324e-05
enous,3.8587385404163324e-05
estimat,3.8587385404163324e-05
mask,3.8587385404163324e-05
sepa,3.8587385404163324e-05
eighteenth,3.8587385404163324e-05
pessimist,3.8587385404163324e-05
hog,3.8587385404163324e-05
anyon,3.8587385404163324e-05
smallscal,3.8587385404163324e-05
piecewis,3.827109535986691e-05
levhari,3.827109535986691e-05
grabowski,3.827109535986691e-05
viner,3.827109535986691e-05
associa,3.827109535986691e-05
intensifi,3.827109535986691e-05
placement,3.827109535986691e-05
quent,3.827109535986691e-05
salt,3.827109535986691e-05
clearcut,3.827109535986691e-05
reassur,3.827109535986691e-05
phrase,3.827109535986691e-05
tube,3.827109535986691e-05
vishni,3.827109535986691e-05
hysteresi,3.827109535986691e-05
nonexist,3.827109535986691e-05
renter,3.827109535986691e-05
craig,3.827109535986691e-05
inaccur,3.827109535986691e-05
hap,3.827109535986691e-05
qed,3.827109535986691e-05
sixdigit,3.7954805315570485e-05
diction,3.7954805315570485e-05
paddi,3.7954805315570485e-05
vest,3.7954805315570485e-05
tripl,3.7954805315570485e-05
fsu,3.7954805315570485e-05
seventeen,3.7954805315570485e-05
anid,3.7954805315570485e-05
gabaix,3.7954805315570485e-05
subcommitte,3.7954805315570485e-05
ethier,3.7954805315570485e-05
startup,3.7954805315570485e-05
caught,3.7954805315570485e-05
treme,3.7954805315570485e-05
belgian,3.7954805315570485e-05
tile,3.7954805315570485e-05
herein,3.7954805315570485e-05
conduc,3.7954805315570485e-05
pearson,3.7954805315570485e-05
repercuss,3.7954805315570485e-05
coexist,3.7954805315570485e-05
overidentifi,3.7954805315570485e-05
equiv,3.7954805315570485e-05
qrs,3.7954805315570485e-05
circular,3.7954805315570485e-05
dum,3.7954805315570485e-05
ican,3.7954805315570485e-05
galor,3.763851527127406e-05
intak,3.763851527127406e-05
smyth,3.763851527127406e-05
rubin,3.763851527127406e-05
unlimit,3.763851527127406e-05
reinhart,3.763851527127406e-05
nanci,3.763851527127406e-05
trys,3.763851527127406e-05
interchang,3.763851527127406e-05
sherman,3.763851527127406e-05
ade,3.763851527127406e-05
quanti,3.763851527127406e-05
patern,3.763851527127406e-05
gulf,3.763851527127406e-05
sloan,3.7322225226977645e-05
tne,3.7322225226977645e-05
compa,3.7322225226977645e-05
metrica,3.7322225226977645e-05
ath,3.7322225226977645e-05
binswang,3.7322225226977645e-05
btl,3.7322225226977645e-05
banerje,3.7322225226977645e-05
tij,3.7322225226977645e-05
understat,3.7322225226977645e-05
scanner,3.7322225226977645e-05
duct,3.7322225226977645e-05
rauch,3.7322225226977645e-05
burstein,3.7322225226977645e-05
mcnalli,3.7322225226977645e-05
satellit,3.7322225226977645e-05
impart,3.7322225226977645e-05
mcmillan,3.7322225226977645e-05
trefler,3.7322225226977645e-05
pression,3.7322225226977645e-05
ensu,3.7322225226977645e-05
valv,3.7322225226977645e-05
russian,3.7322225226977645e-05
andr,3.7322225226977645e-05
bitumin,3.7322225226977645e-05
svejnar,3.7322225226977645e-05
nth,3.7322225226977645e-05
markusen,3.7322225226977645e-05
allot,3.7322225226977645e-05
gree,3.7322225226977645e-05
middleincom,3.7322225226977645e-05
nineteenthcenturi,3.7322225226977645e-05
shanghai,3.7322225226977645e-05
mps,3.7322225226977645e-05
colombian,3.700593518268122e-05
temper,3.700593518268122e-05
oli,3.700593518268122e-05
mse,3.700593518268122e-05
primit,3.700593518268122e-05
sibil,3.700593518268122e-05
fellner,3.700593518268122e-05
francoi,3.700593518268122e-05
merica,3.700593518268122e-05
situa,3.700593518268122e-05
yotopoulo,3.700593518268122e-05
pnt,3.700593518268122e-05
lucki,3.700593518268122e-05
incor,3.700593518268122e-05
manyear,3.700593518268122e-05
fossil,3.700593518268122e-05
spectral,3.700593518268122e-05
nie,3.700593518268122e-05
bela,3.700593518268122e-05
beck,3.66896451383848e-05
twolevel,3.66896451383848e-05
interpreta,3.66896451383848e-05
solu,3.66896451383848e-05
oregon,3.66896451383848e-05
histogram,3.66896451383848e-05
inat,3.66896451383848e-05
chip,3.66896451383848e-05
coleman,3.66896451383848e-05
findlay,3.66896451383848e-05
straighttim,3.66896451383848e-05
quotient,3.66896451383848e-05
ram,3.66896451383848e-05
gattwto,3.66896451383848e-05
midwest,3.66896451383848e-05
equilibr,3.66896451383848e-05
hubbard,3.66896451383848e-05
forget,3.66896451383848e-05
aus,3.66896451383848e-05
therein,3.66896451383848e-05
cientli,3.66896451383848e-05
gerald,3.66896451383848e-05
lnl,3.66896451383848e-05
leagu,3.66896451383848e-05
conley,3.66896451383848e-05
bardhan,3.66896451383848e-05
queen,3.637335509408838e-05
nonpecuniari,3.637335509408838e-05
nonexport,3.637335509408838e-05
minimis,3.637335509408838e-05
alchian,3.637335509408838e-05
dit,3.637335509408838e-05
ronment,3.637335509408838e-05
ticip,3.637335509408838e-05
ential,3.637335509408838e-05
nize,3.637335509408838e-05
fragment,3.637335509408838e-05
newman,3.637335509408838e-05
unitvalu,3.637335509408838e-05
tice,3.637335509408838e-05
deceler,3.637335509408838e-05
czechoslovakia,3.637335509408838e-05
schankerman,3.637335509408838e-05
epoch,3.637335509408838e-05
rec,3.637335509408838e-05
ellison,3.637335509408838e-05
rier,3.637335509408838e-05
southwest,3.637335509408838e-05
boxcox,3.637335509408838e-05
cij,3.637335509408838e-05
tradeweight,3.637335509408838e-05
exi,3.637335509408838e-05
allianc,3.637335509408838e-05
noisi,3.637335509408838e-05
settler,3.637335509408838e-05
businessmen,3.637335509408838e-05
rochest,3.637335509408838e-05
spline,3.605706504979196e-05
spinoff,3.605706504979196e-05
calculus,3.605706504979196e-05
catherin,3.605706504979196e-05
suppl,3.605706504979196e-05
eichenbaum,3.605706504979196e-05
ast,3.605706504979196e-05
lyon,3.605706504979196e-05
seeker,3.605706504979196e-05
marxian,3.605706504979196e-05
tighten,3.605706504979196e-05
lindbeck,3.605706504979196e-05
cole,3.605706504979196e-05
peck,3.605706504979196e-05
nonconst,3.605706504979196e-05
tier,3.605706504979196e-05
saver,3.605706504979196e-05
holt,3.605706504979196e-05
dunn,3.605706504979196e-05
manhattan,3.605706504979196e-05
counteract,3.605706504979196e-05
joel,3.605706504979196e-05
pivot,3.605706504979196e-05
fishlow,3.605706504979196e-05
fpe,3.605706504979196e-05
mason,3.605706504979196e-05
porta,3.605706504979196e-05
transporta,3.605706504979196e-05
watch,3.605706504979196e-05
loga,3.605706504979196e-05
sidney,3.5740775005495536e-05
dowrick,3.5740775005495536e-05
investi,3.5740775005495536e-05
sraffa,3.5740775005495536e-05
sport,3.5740775005495536e-05
ala,3.5740775005495536e-05
ware,3.5740775005495536e-05
offshor,3.5740775005495536e-05
fea,3.5740775005495536e-05
detriment,3.5740775005495536e-05
lationship,3.5740775005495536e-05
zhang,3.5740775005495536e-05
dunlop,3.5740775005495536e-05
wellbehav,3.5740775005495536e-05
mose,3.5740775005495536e-05
utah,3.5740775005495536e-05
fluctua,3.5740775005495536e-05
revert,3.5740775005495536e-05
logi,3.5740775005495536e-05
twofactor,3.5740775005495536e-05
marketclear,3.5740775005495536e-05
nue,3.5740775005495536e-05
usabl,3.542448496119912e-05
compact,3.542448496119912e-05
lessen,3.542448496119912e-05
potteri,3.542448496119912e-05
wooldridg,3.542448496119912e-05
api,3.542448496119912e-05
ted,3.542448496119912e-05
integra,3.542448496119912e-05
cot,3.542448496119912e-05
combina,3.542448496119912e-05
ordinarili,3.542448496119912e-05
heckscher,3.542448496119912e-05
genet,3.542448496119912e-05
orcutt,3.542448496119912e-05
lengthen,3.542448496119912e-05
mpk,3.542448496119912e-05
mag,3.542448496119912e-05
het,3.542448496119912e-05
fromm,3.542448496119912e-05
feet,3.542448496119912e-05
riskneutr,3.542448496119912e-05
msas,3.542448496119912e-05
lev,3.542448496119912e-05
pim,3.51081949169027e-05
inadequaci,3.51081949169027e-05
expan,3.51081949169027e-05
inertia,3.51081949169027e-05
inasmuch,3.51081949169027e-05
aai,3.51081949169027e-05
sutton,3.51081949169027e-05
mincer,3.51081949169027e-05
haiti,3.51081949169027e-05
dead,3.51081949169027e-05
reformul,3.51081949169027e-05
santa,3.51081949169027e-05
reservoir,3.51081949169027e-05
contempl,3.51081949169027e-05
ard,3.51081949169027e-05
hist,3.51081949169027e-05
carnegi,3.51081949169027e-05
lishment,3.51081949169027e-05
tere,3.51081949169027e-05
strat,3.51081949169027e-05
misclassif,3.51081949169027e-05
entropi,3.51081949169027e-05
kyle,3.51081949169027e-05
fivedigit,3.51081949169027e-05
transac,3.51081949169027e-05
ozon,3.479190487260628e-05
entr,3.479190487260628e-05
bene,3.479190487260628e-05
facto,3.479190487260628e-05
sonal,3.479190487260628e-05
peer,3.479190487260628e-05
beforetax,3.479190487260628e-05
silver,3.479190487260628e-05
toral,3.479190487260628e-05
circum,3.479190487260628e-05
proprietor,3.479190487260628e-05
nalli,3.479190487260628e-05
rothschild,3.479190487260628e-05
bennett,3.479190487260628e-05
withdrawn,3.479190487260628e-05
pothes,3.479190487260628e-05
toll,3.479190487260628e-05
nontrivi,3.479190487260628e-05
interfer,3.479190487260628e-05
cise,3.479190487260628e-05
burnsid,3.479190487260628e-05
spanish,3.479190487260628e-05
toy,3.479190487260628e-05
rmse,3.479190487260628e-05
ict,3.479190487260628e-05
touch,3.479190487260628e-05
incompat,3.479190487260628e-05
lise,3.479190487260628e-05
turner,3.479190487260628e-05
ccd,3.447561482830986e-05
transactor,3.447561482830986e-05
tang,3.447561482830986e-05
disagre,3.447561482830986e-05
malta,3.447561482830986e-05
essen,3.447561482830986e-05
searcher,3.447561482830986e-05
chicken,3.447561482830986e-05
strate,3.447561482830986e-05
avinash,3.447561482830986e-05
scrutini,3.447561482830986e-05
landlock,3.447561482830986e-05
fan,3.447561482830986e-05
cia,3.447561482830986e-05
tensiti,3.447561482830986e-05
unregul,3.447561482830986e-05
foreignown,3.447561482830986e-05
voucher,3.447561482830986e-05
stratum,3.447561482830986e-05
foodstuff,3.447561482830986e-05
sij,3.447561482830986e-05
forwardlook,3.447561482830986e-05
stretch,3.447561482830986e-05
justic,3.447561482830986e-05
flaw,3.447561482830986e-05
inaccuraci,3.447561482830986e-05
prolong,3.447561482830986e-05
rajan,3.447561482830986e-05
extraordinari,3.447561482830986e-05
subdivid,3.447561482830986e-05
arat,3.447561482830986e-05
microlevel,3.447561482830986e-05
ert,3.447561482830986e-05
hull,3.447561482830986e-05
commune,3.4159324784013434e-05
singlemarket,3.4159324784013434e-05
abstractthi,3.4159324784013434e-05
behrman,3.4159324784013434e-05
obey,3.4159324784013434e-05
loc,3.4159324784013434e-05
oooo,3.4159324784013434e-05
massel,3.4159324784013434e-05
pricetak,3.4159324784013434e-05
wacziarg,3.4159324784013434e-05
frederick,3.4159324784013434e-05
outperform,3.4159324784013434e-05
wassili,3.4159324784013434e-05
accom,3.4159324784013434e-05
enu,3.4159324784013434e-05
pitfal,3.4159324784013434e-05
friedlaend,3.4159324784013434e-05
cope,3.4159324784013434e-05
statespecif,3.4159324784013434e-05
bagwel,3.4159324784013434e-05
reve,3.4159324784013434e-05
recurr,3.4159324784013434e-05
amplitud,3.4159324784013434e-05
disappoint,3.4159324784013434e-05
wild,3.4159324784013434e-05
seigniorag,3.4159324784013434e-05
salient,3.4159324784013434e-05
poultri,3.4159324784013434e-05
lichtenberg,3.4159324784013434e-05
classifica,3.4159324784013434e-05
wooden,3.4159324784013434e-05
pipe,3.4159324784013434e-05
utiliza,3.4159324784013434e-05
prone,3.384303473971702e-05
mij,3.384303473971702e-05
hoover,3.384303473971702e-05
unionnonunion,3.384303473971702e-05
gie,3.384303473971702e-05
semidefinit,3.384303473971702e-05
efficaci,3.384303473971702e-05
tobago,3.384303473971702e-05
commission,3.384303473971702e-05
tacit,3.384303473971702e-05
apparatus,3.384303473971702e-05
foodgrain,3.384303473971702e-05
hummel,3.384303473971702e-05
bailout,3.384303473971702e-05
anywher,3.384303473971702e-05
unalt,3.384303473971702e-05
complain,3.384303473971702e-05
thai,3.384303473971702e-05
aviat,3.384303473971702e-05
sistenc,3.384303473971702e-05
interrelationship,3.384303473971702e-05
linda,3.384303473971702e-05
harrigan,3.384303473971702e-05
rhs,3.384303473971702e-05
indica,3.384303473971702e-05
disequilibria,3.384303473971702e-05
mariz,3.384303473971702e-05
artist,3.384303473971702e-05
reap,3.384303473971702e-05
rio,3.3526744695420595e-05
got,3.3526744695420595e-05
postworld,3.3526744695420595e-05
arc,3.3526744695420595e-05
sectorlevel,3.3526744695420595e-05
queue,3.3526744695420595e-05
chemistri,3.3526744695420595e-05
catalyt,3.3526744695420595e-05
raj,3.3526744695420595e-05
ain,3.3526744695420595e-05
distributor,3.3526744695420595e-05
sand,3.3526744695420595e-05
seventh,3.3526744695420595e-05
dichotomi,3.3526744695420595e-05
ect,3.3526744695420595e-05
basil,3.3526744695420595e-05
nonhuman,3.3526744695420595e-05
petersen,3.3526744695420595e-05
finnish,3.3526744695420595e-05
melo,3.3526744695420595e-05
syria,3.3526744695420595e-05
composi,3.3526744695420595e-05
dilemma,3.3526744695420595e-05
plagu,3.321045465112417e-05
considera,3.321045465112417e-05
xineffici,3.321045465112417e-05
career,3.321045465112417e-05
turi,3.321045465112417e-05
durlauf,3.321045465112417e-05
siegel,3.321045465112417e-05
nonmanu,3.321045465112417e-05
kuwait,3.321045465112417e-05
naic,3.321045465112417e-05
pain,3.321045465112417e-05
trad,3.321045465112417e-05
sullivan,3.321045465112417e-05
leff,3.321045465112417e-05
transi,3.321045465112417e-05
inspir,3.321045465112417e-05
nationwid,3.321045465112417e-05
redefin,3.321045465112417e-05
zair,3.321045465112417e-05
vital,3.321045465112417e-05
amplifi,3.321045465112417e-05
puter,3.321045465112417e-05
burgess,3.321045465112417e-05
flatter,3.321045465112417e-05
dispens,3.321045465112417e-05
coupon,3.321045465112417e-05
stationar,3.321045465112417e-05
plug,3.321045465112417e-05
mundlak,3.2894164606827755e-05
exten,3.2894164606827755e-05
distrib,3.2894164606827755e-05
chiefli,3.2894164606827755e-05
scitovski,3.2894164606827755e-05
ineffect,3.2894164606827755e-05
squeez,3.2894164606827755e-05
watersh,3.2894164606827755e-05
dem,3.2894164606827755e-05
libya,3.2894164606827755e-05
pump,3.2894164606827755e-05
niger,3.2894164606827755e-05
harristodaro,3.2894164606827755e-05
goldsmith,3.2894164606827755e-05
wls,3.2894164606827755e-05
temat,3.2894164606827755e-05
spars,3.2894164606827755e-05
francesco,3.2894164606827755e-05
silk,3.2894164606827755e-05
virgin,3.2894164606827755e-05
secondbest,3.2894164606827755e-05
davidson,3.257787456253133e-05
lewbel,3.257787456253133e-05
baker,3.257787456253133e-05
proprietari,3.257787456253133e-05
goldstein,3.257787456253133e-05
sific,3.257787456253133e-05
kraay,3.257787456253133e-05
selv,3.257787456253133e-05
gallon,3.257787456253133e-05
arizona,3.257787456253133e-05
waverman,3.257787456253133e-05
diffi,3.257787456253133e-05
theoreti,3.257787456253133e-05
princ,3.257787456253133e-05
semi,3.257787456253133e-05
niti,3.257787456253133e-05
loyalti,3.257787456253133e-05
workplac,3.257787456253133e-05
downwardslop,3.257787456253133e-05
sterl,3.257787456253133e-05
weav,3.257787456253133e-05
detroit,3.257787456253133e-05
nutrient,3.257787456253133e-05
sist,3.257787456253133e-05
ingot,3.257787456253133e-05
dissemin,3.257787456253133e-05
clearer,3.226158451823491e-05
julio,3.226158451823491e-05
passiv,3.226158451823491e-05
fallaci,3.226158451823491e-05
hydro,3.226158451823491e-05
liberti,3.226158451823491e-05
purg,3.226158451823491e-05
erenc,3.226158451823491e-05
perma,3.226158451823491e-05
kaplan,3.226158451823491e-05
axe,3.226158451823491e-05
neil,3.226158451823491e-05
lumpi,3.226158451823491e-05
cukierman,3.226158451823491e-05
audienc,3.226158451823491e-05
fragil,3.226158451823491e-05
cre,3.226158451823491e-05
jon,3.226158451823491e-05
homog,3.226158451823491e-05
nira,3.226158451823491e-05
impl,3.226158451823491e-05
novelti,3.226158451823491e-05
embrac,3.226158451823491e-05
ciccon,3.226158451823491e-05
someon,3.226158451823491e-05
preexist,3.226158451823491e-05
popp,3.226158451823491e-05
doc,3.226158451823491e-05
maskus,3.226158451823491e-05
underutil,3.194529447393849e-05
alia,3.194529447393849e-05
hmso,3.194529447393849e-05
agement,3.194529447393849e-05
inland,3.194529447393849e-05
coe,3.194529447393849e-05
bandwidth,3.194529447393849e-05
modal,3.194529447393849e-05
inner,3.194529447393849e-05
representa,3.194529447393849e-05
boiler,3.194529447393849e-05
onequart,3.194529447393849e-05
diat,3.194529447393849e-05
hymer,3.194529447393849e-05
orthodox,3.194529447393849e-05
cong,3.194529447393849e-05
fvalu,3.194529447393849e-05
metzler,3.194529447393849e-05
geroski,3.194529447393849e-05
ipr,3.194529447393849e-05
alog,3.194529447393849e-05
skillintens,3.194529447393849e-05
myer,3.194529447393849e-05
bird,3.194529447393849e-05
secret,3.194529447393849e-05
modi,3.194529447393849e-05
eurostat,3.194529447393849e-05
circumv,3.162900442964207e-05
rob,3.162900442964207e-05
lli,3.162900442964207e-05
eugen,3.162900442964207e-05
tualli,3.162900442964207e-05
arr,3.162900442964207e-05
ific,3.162900442964207e-05
diff,3.162900442964207e-05
insecur,3.162900442964207e-05
testimoni,3.162900442964207e-05
pupil,3.162900442964207e-05
recog,3.162900442964207e-05
spare,3.162900442964207e-05
prin,3.162900442964207e-05
safeguard,3.162900442964207e-05
klepper,3.162900442964207e-05
fratio,3.162900442964207e-05
pecuniari,3.162900442964207e-05
stuart,3.162900442964207e-05
domi,3.162900442964207e-05
generalequilibrium,3.162900442964207e-05
portray,3.162900442964207e-05
contri,3.162900442964207e-05
backus,3.162900442964207e-05
await,3.162900442964207e-05
approxima,3.162900442964207e-05
tremend,3.162900442964207e-05
rogerson,3.162900442964207e-05
carlton,3.162900442964207e-05
remind,3.162900442964207e-05
budgetari,3.131271438534565e-05
bronwyn,3.131271438534565e-05
tra,3.131271438534565e-05
surrog,3.131271438534565e-05
eta,3.131271438534565e-05
respon,3.131271438534565e-05
complaint,3.131271438534565e-05
breakup,3.131271438534565e-05
angl,3.131271438534565e-05
structureperform,3.131271438534565e-05
parenthesi,3.131271438534565e-05
desai,3.131271438534565e-05
rey,3.131271438534565e-05
quah,3.131271438534565e-05
inch,3.131271438534565e-05
richmond,3.131271438534565e-05
crime,3.131271438534565e-05
preentri,3.131271438534565e-05
kendal,3.131271438534565e-05
peltzman,3.131271438534565e-05
countylevel,3.131271438534565e-05
ilar,3.131271438534565e-05
plr,3.131271438534565e-05
quantil,3.131271438534565e-05
rome,3.131271438534565e-05
mat,3.131271438534565e-05
dep,3.131271438534565e-05
rentshar,3.131271438534565e-05
parker,3.131271438534565e-05
pectat,3.131271438534565e-05
mirrle,3.099642434104923e-05
plenti,3.099642434104923e-05
buse,3.099642434104923e-05
rho,3.099642434104923e-05
banker,3.099642434104923e-05
nonsignific,3.099642434104923e-05
grand,3.099642434104923e-05
ref,3.099642434104923e-05
aigner,3.099642434104923e-05
pac,3.099642434104923e-05
underli,3.099642434104923e-05
immobl,3.099642434104923e-05
situ,3.099642434104923e-05
nondollar,3.099642434104923e-05
cleveland,3.099642434104923e-05
asi,3.099642434104923e-05
pugel,3.099642434104923e-05
abolish,3.099642434104923e-05
conc,3.099642434104923e-05
tomorrow,3.099642434104923e-05
hudson,3.099642434104923e-05
ski,3.099642434104923e-05
loom,3.099642434104923e-05
seventi,3.099642434104923e-05
exter,3.099642434104923e-05
ail,3.068013429675281e-05
houghton,3.068013429675281e-05
relationshipspecif,3.068013429675281e-05
spi,3.068013429675281e-05
simultaneousequ,3.068013429675281e-05
nlls,3.068013429675281e-05
duncan,3.068013429675281e-05
nitud,3.068013429675281e-05
chakravarti,3.068013429675281e-05
mismatch,3.068013429675281e-05
stipul,3.068013429675281e-05
unspecifi,3.068013429675281e-05
psi,3.068013429675281e-05
payout,3.068013429675281e-05
arkansa,3.068013429675281e-05
portun,3.068013429675281e-05
dubious,3.068013429675281e-05
outputcapit,3.068013429675281e-05
iso,3.068013429675281e-05
togo,3.068013429675281e-05
tighter,3.068013429675281e-05
bureaucraci,3.068013429675281e-05
ofth,3.068013429675281e-05
riskavers,3.068013429675281e-05
align,3.068013429675281e-05
bli,3.068013429675281e-05
religion,3.068013429675281e-05
offin,3.068013429675281e-05
berman,3.068013429675281e-05
dura,3.068013429675281e-05
onesector,3.068013429675281e-05
concurr,3.0363844252456387e-05
tradedgood,3.0363844252456387e-05
ranch,3.0363844252456387e-05
bench,3.0363844252456387e-05
lindert,3.0363844252456387e-05
onetoon,3.0363844252456387e-05
contractionari,3.0363844252456387e-05
avg,3.0363844252456387e-05
blackorbi,3.0363844252456387e-05
reorgan,3.0363844252456387e-05
knowhow,3.0363844252456387e-05
ferguson,3.0363844252456387e-05
steelmak,3.0363844252456387e-05
underpin,3.0363844252456387e-05
math,3.0363844252456387e-05
thereof,3.0363844252456387e-05
semiskil,3.0363844252456387e-05
invit,3.0363844252456387e-05
vie,3.0363844252456387e-05
sergio,3.0363844252456387e-05
eman,3.0363844252456387e-05
script,3.0363844252456387e-05
bibliographi,3.0363844252456387e-05
nurks,3.0363844252456387e-05
rotterdam,3.0363844252456387e-05
freer,3.0363844252456387e-05
jacqu,3.0363844252456387e-05
dorfman,3.0363844252456387e-05
grosskopf,3.0363844252456387e-05
grape,3.0363844252456387e-05
stephenson,3.0363844252456387e-05
barzel,3.0363844252456387e-05
benston,3.0363844252456387e-05
mecha,3.0363844252456387e-05
sandberg,3.0363844252456387e-05
compress,3.0047554208159967e-05
ati,3.0047554208159967e-05
expansionari,3.0047554208159967e-05
perturb,3.0047554208159967e-05
eij,3.0047554208159967e-05
xcp,3.0047554208159967e-05
liberia,3.0047554208159967e-05
aitken,3.0047554208159967e-05
wagepric,3.0047554208159967e-05
iva,3.0047554208159967e-05
tential,3.0047554208159967e-05
montreal,3.0047554208159967e-05
geneous,3.0047554208159967e-05
oio,3.0047554208159967e-05
suscept,3.0047554208159967e-05
queu,3.0047554208159967e-05
kreinin,3.0047554208159967e-05
coo,3.0047554208159967e-05
ping,3.0047554208159967e-05
introductori,3.0047554208159967e-05
autark,3.0047554208159967e-05
balling,3.0047554208159967e-05
typi,3.0047554208159967e-05
foreignborn,3.0047554208159967e-05
undervalu,3.0047554208159967e-05
ventori,3.0047554208159967e-05
ladder,3.0047554208159967e-05
aftermath,3.0047554208159967e-05
fri,3.0047554208159967e-05
liv,3.0047554208159967e-05
bles,3.0047554208159967e-05
knetter,3.0047554208159967e-05
warehous,3.0047554208159967e-05
neo,3.0047554208159967e-05
won,2.9731264163863548e-05
ish,2.9731264163863548e-05
mover,2.9731264163863548e-05
kurz,2.9731264163863548e-05
unduli,2.9731264163863548e-05
demo,2.9731264163863548e-05
sun,2.9731264163863548e-05
med,2.9731264163863548e-05
multinomi,2.9731264163863548e-05
simulta,2.9731264163863548e-05
alp,2.9731264163863548e-05
yjt,2.9731264163863548e-05
withinindustri,2.9731264163863548e-05
rbc,2.9731264163863548e-05
corsetti,2.9731264163863548e-05
doesnt,2.9731264163863548e-05
hjt,2.9731264163863548e-05
pens,2.9731264163863548e-05
navig,2.9731264163863548e-05
southeastern,2.9731264163863548e-05
occupa,2.9731264163863548e-05
crimin,2.9731264163863548e-05
kumar,2.9731264163863548e-05
steiner,2.9731264163863548e-05
townsend,2.9731264163863548e-05
dualism,2.9731264163863548e-05
forev,2.9731264163863548e-05
struggl,2.9731264163863548e-05
hike,2.9414974119567124e-05
argentin,2.9414974119567124e-05
emu,2.9414974119567124e-05
anyway,2.9414974119567124e-05
knight,2.9414974119567124e-05
entiat,2.9414974119567124e-05
ergi,2.9414974119567124e-05
lowcost,2.9414974119567124e-05
heurist,2.9414974119567124e-05
pill,2.9414974119567124e-05
pond,2.9414974119567124e-05
bob,2.9414974119567124e-05
kamien,2.9414974119567124e-05
intercorrel,2.9414974119567124e-05
notwithstand,2.9414974119567124e-05
mundel,2.9414974119567124e-05
plim,2.9414974119567124e-05
ptt,2.9414974119567124e-05
gabon,2.9414974119567124e-05
singlefamili,2.9414974119567124e-05
sokoloff,2.9414974119567124e-05
hinder,2.9414974119567124e-05
autor,2.9414974119567124e-05
exploratori,2.9414974119567124e-05
underinvest,2.9414974119567124e-05
firstdifferenc,2.9414974119567124e-05
bort,2.9098684075270705e-05
payabl,2.9098684075270705e-05
upsw,2.9098684075270705e-05
substanc,2.9098684075270705e-05
solomon,2.9098684075270705e-05
jor,2.9098684075270705e-05
eighth,2.9098684075270705e-05
outofsampl,2.9098684075270705e-05
gambia,2.9098684075270705e-05
drew,2.9098684075270705e-05
pete,2.9098684075270705e-05
insignifi,2.9098684075270705e-05
cca,2.9098684075270705e-05
mckinnon,2.9098684075270705e-05
pate,2.9098684075270705e-05
pation,2.9098684075270705e-05
client,2.9098684075270705e-05
ficienc,2.9098684075270705e-05
funda,2.9098684075270705e-05
deed,2.9098684075270705e-05
strument,2.9098684075270705e-05
lesotho,2.9098684075270705e-05
nice,2.9098684075270705e-05
aros,2.9098684075270705e-05
stead,2.9098684075270705e-05
memorandum,2.9098684075270705e-05
pricingtomarket,2.9098684075270705e-05
jackson,2.9098684075270705e-05
shoven,2.9098684075270705e-05
unaccept,2.9098684075270705e-05
collectiv,2.9098684075270705e-05
conscious,2.9098684075270705e-05
protest,2.9098684075270705e-05
violenc,2.9098684075270705e-05
wherein,2.9098684075270705e-05
interlink,2.9098684075270705e-05
edison,2.9098684075270705e-05
entli,2.9098684075270705e-05
earl,2.9098684075270705e-05
cat,2.8782394030974285e-05
protein,2.8782394030974285e-05
ryan,2.8782394030974285e-05
underscor,2.8782394030974285e-05
thetic,2.8782394030974285e-05
rwanda,2.8782394030974285e-05
approx,2.8782394030974285e-05
haberl,2.8782394030974285e-05
told,2.8782394030974285e-05
fred,2.8782394030974285e-05
pet,2.8782394030974285e-05
ijt,2.8782394030974285e-05
hessian,2.8782394030974285e-05
tionari,2.8782394030974285e-05
onedigit,2.8782394030974285e-05
probabil,2.8782394030974285e-05
sue,2.8782394030974285e-05
ham,2.8782394030974285e-05
distin,2.8782394030974285e-05
cleaner,2.8782394030974285e-05
admini,2.8782394030974285e-05
phe,2.8782394030974285e-05
qes,2.8782394030974285e-05
barbado,2.8782394030974285e-05
logl,2.8782394030974285e-05
terror,2.8782394030974285e-05
crts,2.8782394030974285e-05
bernstein,2.8782394030974285e-05
crown,2.8782394030974285e-05
pct,2.8782394030974285e-05
stratif,2.8782394030974285e-05
confidenti,2.8782394030974285e-05
finger,2.8782394030974285e-05
cheat,2.8782394030974285e-05
xiii,2.8782394030974285e-05
plier,2.8782394030974285e-05
onesid,2.8782394030974285e-05
dogen,2.8782394030974285e-05
nguyen,2.8782394030974285e-05
donat,2.8782394030974285e-05
nism,2.8782394030974285e-05
bourguignon,2.8782394030974285e-05
contagion,2.8782394030974285e-05
leo,2.8466103986677862e-05
eckaus,2.8466103986677862e-05
forum,2.8466103986677862e-05
indebted,2.8466103986677862e-05
wesley,2.8466103986677862e-05
disincent,2.8466103986677862e-05
heal,2.8466103986677862e-05
shell,2.8466103986677862e-05
cision,2.8466103986677862e-05
pearc,2.8466103986677862e-05
hamper,2.8466103986677862e-05
profound,2.8466103986677862e-05
mas,2.8466103986677862e-05
pref,2.8466103986677862e-05
digest,2.8466103986677862e-05
coalit,2.8466103986677862e-05
sarili,2.8466103986677862e-05
maritim,2.8466103986677862e-05
horst,2.8466103986677862e-05
pritchett,2.8466103986677862e-05
terpret,2.8466103986677862e-05
schott,2.8466103986677862e-05
stiroh,2.8466103986677862e-05
communal,2.8466103986677862e-05
fight,2.8466103986677862e-05
andrea,2.8466103986677862e-05
reder,2.8466103986677862e-05
twofold,2.8466103986677862e-05
mortensen,2.8466103986677862e-05
imp,2.8466103986677862e-05
forb,2.8466103986677862e-05
father,2.8466103986677862e-05
biotechnolog,2.8466103986677862e-05
invalu,2.8466103986677862e-05
chees,2.8466103986677862e-05
teriz,2.8466103986677862e-05
ifi,2.8466103986677862e-05
chem,2.8466103986677862e-05
tit,2.8466103986677862e-05
melvyn,2.8466103986677862e-05
erabl,2.8466103986677862e-05
longest,2.8466103986677862e-05
sidi,2.8466103986677862e-05
ion,2.8466103986677862e-05
gill,2.8466103986677862e-05
itu,2.8466103986677862e-05
buchanan,2.8466103986677862e-05
dissav,2.8466103986677862e-05
levinson,2.8149813942381442e-05
retrospect,2.8149813942381442e-05
nathan,2.8149813942381442e-05
neighbour,2.8149813942381442e-05
pand,2.8149813942381442e-05
fastest,2.8149813942381442e-05
baseperiod,2.8149813942381442e-05
nonoecd,2.8149813942381442e-05
paciti,2.8149813942381442e-05
isra,2.8149813942381442e-05
pean,2.8149813942381442e-05
akt,2.8149813942381442e-05
brecher,2.8149813942381442e-05
fraumeni,2.8149813942381442e-05
elector,2.8149813942381442e-05
quenci,2.8149813942381442e-05
otto,2.8149813942381442e-05
sherwin,2.8149813942381442e-05
wherev,2.8149813942381442e-05
expr,2.8149813942381442e-05
luck,2.8149813942381442e-05
judgement,2.8149813942381442e-05
julian,2.8149813942381442e-05
nfa,2.8149813942381442e-05
clas,2.8149813942381442e-05
ukrain,2.8149813942381442e-05
minat,2.7833523898085022e-05
salon,2.7833523898085022e-05
bergstrand,2.7833523898085022e-05
autom,2.7833523898085022e-05
nonloc,2.7833523898085022e-05
thor,2.7833523898085022e-05
hal,2.7833523898085022e-05
wicksel,2.7833523898085022e-05
lift,2.7833523898085022e-05
randomeffect,2.7833523898085022e-05
disinvest,2.7833523898085022e-05
xix,2.7833523898085022e-05
guish,2.7833523898085022e-05
flation,2.7833523898085022e-05
contamin,2.7833523898085022e-05
determina,2.7833523898085022e-05
sharper,2.7833523898085022e-05
nonnest,2.7833523898085022e-05
ene,2.7833523898085022e-05
gertler,2.7833523898085022e-05
malinvaud,2.7833523898085022e-05
geoffrey,2.7833523898085022e-05
plantspecif,2.7833523898085022e-05
classi,2.7833523898085022e-05
iiia,2.7833523898085022e-05
pretat,2.7833523898085022e-05
placebo,2.7833523898085022e-05
repatri,2.7833523898085022e-05
legislatur,2.7833523898085022e-05
balancedgrowth,2.7833523898085022e-05
hibit,2.7833523898085022e-05
atomist,2.7833523898085022e-05
supposit,2.7833523898085022e-05
mercial,2.7833523898085022e-05
sym,2.7833523898085022e-05
vergenc,2.7833523898085022e-05
nondecreas,2.7833523898085022e-05
blank,2.7833523898085022e-05
spinner,2.7833523898085022e-05
creditworthi,2.7833523898085022e-05
weisskopf,2.7833523898085022e-05
ftcs,2.7833523898085022e-05
sati,2.7833523898085022e-05
tradein,2.7833523898085022e-05
pesaran,2.7833523898085022e-05
factorintens,2.7517233853788603e-05
goldin,2.7517233853788603e-05
bartelsman,2.7517233853788603e-05
interim,2.7517233853788603e-05
http,2.7517233853788603e-05
cir,2.7517233853788603e-05
unreport,2.7517233853788603e-05
expec,2.7517233853788603e-05
corpo,2.7517233853788603e-05
beij,2.7517233853788603e-05
tonmil,2.7517233853788603e-05
unincorpor,2.7517233853788603e-05
stringenc,2.7517233853788603e-05
rudig,2.7517233853788603e-05
thick,2.7517233853788603e-05
realism,2.7517233853788603e-05
jai,2.7517233853788603e-05
landownership,2.7517233853788603e-05
distor,2.7517233853788603e-05
tinguish,2.7517233853788603e-05
thornton,2.7517233853788603e-05
fes,2.7517233853788603e-05
ssr,2.7517233853788603e-05
misc,2.7517233853788603e-05
lindahl,2.7517233853788603e-05
gage,2.7517233853788603e-05
pave,2.7517233853788603e-05
landhold,2.7517233853788603e-05
cio,2.7517233853788603e-05
objec,2.7517233853788603e-05
benin,2.7517233853788603e-05
paretian,2.7517233853788603e-05
alcoa,2.7517233853788603e-05
lock,2.7517233853788603e-05
curious,2.7517233853788603e-05
jim,2.7517233853788603e-05
galbraith,2.7517233853788603e-05
putat,2.7517233853788603e-05
tradeinduc,2.7517233853788603e-05
cass,2.7517233853788603e-05
ark,2.7517233853788603e-05
upland,2.7517233853788603e-05
imat,2.7517233853788603e-05
broaden,2.7517233853788603e-05
pen,2.7517233853788603e-05
fra,2.7517233853788603e-05
rafael,2.7517233853788603e-05
portland,2.7517233853788603e-05
tesar,2.720094380949218e-05
bold,2.720094380949218e-05
boyd,2.720094380949218e-05
confeder,2.720094380949218e-05
swamp,2.720094380949218e-05
ral,2.720094380949218e-05
neighbourhood,2.720094380949218e-05
sonabl,2.720094380949218e-05
moistur,2.720094380949218e-05
pendix,2.720094380949218e-05
accumu,2.720094380949218e-05
lebanon,2.720094380949218e-05
dol,2.720094380949218e-05
cum,2.720094380949218e-05
nia,2.720094380949218e-05
gress,2.720094380949218e-05
finn,2.720094380949218e-05
partment,2.720094380949218e-05
durablegood,2.720094380949218e-05
babi,2.720094380949218e-05
corpora,2.720094380949218e-05
subsidis,2.720094380949218e-05
ayt,2.720094380949218e-05
fellowship,2.720094380949218e-05
erik,2.720094380949218e-05
monop,2.720094380949218e-05
frisch,2.720094380949218e-05
bodkin,2.720094380949218e-05
rican,2.720094380949218e-05
rithm,2.720094380949218e-05
ase,2.720094380949218e-05
door,2.720094380949218e-05
oxid,2.720094380949218e-05
atlanta,2.720094380949218e-05
unpredict,2.720094380949218e-05
fort,2.720094380949218e-05
diagnosi,2.720094380949218e-05
armi,2.720094380949218e-05
muniti,2.720094380949218e-05
tale,2.720094380949218e-05
simplex,2.720094380949218e-05
edmund,2.720094380949218e-05
capitalabund,2.720094380949218e-05
guilt,2.720094380949218e-05
hurdl,2.720094380949218e-05
stick,2.720094380949218e-05
perotti,2.720094380949218e-05
ime,2.720094380949218e-05
alaska,2.720094380949218e-05
abowd,2.720094380949218e-05
requisit,2.720094380949218e-05
toric,2.720094380949218e-05
interpr,2.720094380949218e-05
husband,2.720094380949218e-05
tackl,2.720094380949218e-05
dun,2.688465376519576e-05
exant,2.688465376519576e-05
submarket,2.688465376519576e-05
thurow,2.688465376519576e-05
johansen,2.688465376519576e-05
twentyon,2.688465376519576e-05
troduc,2.688465376519576e-05
abel,2.688465376519576e-05
clue,2.688465376519576e-05
razin,2.688465376519576e-05
productspecif,2.688465376519576e-05
bust,2.688465376519576e-05
kees,2.688465376519576e-05
cargo,2.688465376519576e-05
binat,2.688465376519576e-05
onthejob,2.688465376519576e-05
jewelri,2.688465376519576e-05
zilibotti,2.688465376519576e-05
emp,2.688465376519576e-05
cloud,2.688465376519576e-05
trait,2.688465376519576e-05
const,2.688465376519576e-05
kydland,2.688465376519576e-05
gainer,2.688465376519576e-05
centiv,2.688465376519576e-05
intran,2.688465376519576e-05
baxter,2.688465376519576e-05
grangercaus,2.688465376519576e-05
pipelin,2.688465376519576e-05
zinc,2.688465376519576e-05
posttax,2.688465376519576e-05
seat,2.688465376519576e-05
merican,2.688465376519576e-05
disclos,2.688465376519576e-05
ito,2.688465376519576e-05
lni,2.688465376519576e-05
combust,2.688465376519576e-05
atten,2.688465376519576e-05
besley,2.688465376519576e-05
amalgam,2.688465376519576e-05
olin,2.688465376519576e-05
rodriguez,2.688465376519576e-05
kilowatt,2.688465376519576e-05
ples,2.688465376519576e-05
proposi,2.688465376519576e-05
cameron,2.688465376519576e-05
nonmemb,2.688465376519576e-05
unfair,2.688465376519576e-05
nonfinanci,2.688465376519576e-05
selfenforc,2.688465376519576e-05
mendoza,2.688465376519576e-05
fold,2.656836372089934e-05
unob,2.656836372089934e-05
hampshir,2.656836372089934e-05
breakthrough,2.656836372089934e-05
weapon,2.656836372089934e-05
gould,2.656836372089934e-05
lesli,2.656836372089934e-05
stood,2.656836372089934e-05
petro,2.656836372089934e-05
satisfactorili,2.656836372089934e-05
wachter,2.656836372089934e-05
dpi,2.656836372089934e-05
duranton,2.656836372089934e-05
narrat,2.656836372089934e-05
infra,2.656836372089934e-05
expost,2.656836372089934e-05
nancial,2.656836372089934e-05
oii,2.656836372089934e-05
audretsch,2.656836372089934e-05
usher,2.656836372089934e-05
ellen,2.656836372089934e-05
dreze,2.656836372089934e-05
ounc,2.656836372089934e-05
regener,2.656836372089934e-05
conn,2.656836372089934e-05
aia,2.656836372089934e-05
waugh,2.656836372089934e-05
siebert,2.656836372089934e-05
weston,2.656836372089934e-05
tailor,2.656836372089934e-05
champernown,2.656836372089934e-05
halvorsen,2.656836372089934e-05
slovenia,2.656836372089934e-05
legaci,2.656836372089934e-05
turbul,2.6252073676602917e-05
tio,2.6252073676602917e-05
tag,2.6252073676602917e-05
collud,2.6252073676602917e-05
renelt,2.6252073676602917e-05
abolit,2.6252073676602917e-05
twogood,2.6252073676602917e-05
stc,2.6252073676602917e-05
camouflag,2.6252073676602917e-05
singer,2.6252073676602917e-05
planatori,2.6252073676602917e-05
needless,2.6252073676602917e-05
religi,2.6252073676602917e-05
ess,2.6252073676602917e-05
hawaii,2.6252073676602917e-05
extran,2.6252073676602917e-05
dozen,2.6252073676602917e-05
ambiti,2.6252073676602917e-05
auerbach,2.6252073676602917e-05
toxic,2.6252073676602917e-05
nielsen,2.6252073676602917e-05
culti,2.6252073676602917e-05
twist,2.6252073676602917e-05
mauritania,2.6252073676602917e-05
manur,2.6252073676602917e-05
unpaid,2.6252073676602917e-05
expla,2.6252073676602917e-05
quasiconcav,2.6252073676602917e-05
shorrock,2.6252073676602917e-05
freerid,2.6252073676602917e-05
ytt,2.6252073676602917e-05
myrdal,2.6252073676602917e-05
buildup,2.6252073676602917e-05
vestig,2.6252073676602917e-05
sor,2.6252073676602917e-05
oman,2.6252073676602917e-05
kindleberg,2.6252073676602917e-05
unus,2.6252073676602917e-05
batch,2.6252073676602917e-05
nuisanc,2.5935783632306497e-05
asiapacif,2.5935783632306497e-05
ployer,2.5935783632306497e-05
rust,2.5935783632306497e-05
eigenvalu,2.5935783632306497e-05
intrigu,2.5935783632306497e-05
tral,2.5935783632306497e-05
empha,2.5935783632306497e-05
travi,2.5935783632306497e-05
bordo,2.5935783632306497e-05
giovanni,2.5935783632306497e-05
alston,2.5935783632306497e-05
bureaus,2.5935783632306497e-05
mysteri,2.5935783632306497e-05
oldest,2.5935783632306497e-05
hickman,2.5935783632306497e-05
subregion,2.5935783632306497e-05
devereux,2.5935783632306497e-05
width,2.5935783632306497e-05
vis,2.5935783632306497e-05
ame,2.5935783632306497e-05
rutherford,2.5935783632306497e-05
rca,2.5935783632306497e-05
hosieri,2.5935783632306497e-05
timmer,2.5935783632306497e-05
guyana,2.5935783632306497e-05
vic,2.5935783632306497e-05
unpreced,2.5935783632306497e-05
delin,2.5935783632306497e-05
differenceindiffer,2.5935783632306497e-05
laborcapit,2.5935783632306497e-05
mount,2.5935783632306497e-05
withhold,2.5935783632306497e-05
behalf,2.5935783632306497e-05
pigou,2.5935783632306497e-05
marcus,2.5935783632306497e-05
theless,2.5935783632306497e-05
plate,2.5935783632306497e-05
actor,2.5935783632306497e-05
fta,2.5935783632306497e-05
worthi,2.5935783632306497e-05
thrust,2.5619493588010077e-05
interm,2.5619493588010077e-05
colon,2.5619493588010077e-05
onetim,2.5619493588010077e-05
advisori,2.5619493588010077e-05
omega,2.5619493588010077e-05
gpt,2.5619493588010077e-05
cool,2.5619493588010077e-05
coas,2.5619493588010077e-05
lowqual,2.5619493588010077e-05
arg,2.5619493588010077e-05
merc,2.5619493588010077e-05
marschak,2.5619493588010077e-05
threequart,2.5619493588010077e-05
quat,2.5619493588010077e-05
boy,2.5619493588010077e-05
burundi,2.5619493588010077e-05
curs,2.5619493588010077e-05
surpass,2.5619493588010077e-05
publica,2.5619493588010077e-05
hine,2.5619493588010077e-05
nonfood,2.5619493588010077e-05
akin,2.5619493588010077e-05
anticompetit,2.5619493588010077e-05
unconcentr,2.5619493588010077e-05
huang,2.5619493588010077e-05
technolo,2.5619493588010077e-05
thermor,2.5619493588010077e-05
micha,2.5619493588010077e-05
agglom,2.5619493588010077e-05
song,2.5619493588010077e-05
unionis,2.5619493588010077e-05
bairoch,2.5619493588010077e-05
youth,2.5619493588010077e-05
abus,2.5619493588010077e-05
stumbl,2.5619493588010077e-05
tertiari,2.5619493588010077e-05
tap,2.5619493588010077e-05
xlo,2.5619493588010077e-05
intrilig,2.5619493588010077e-05
alberta,2.5619493588010077e-05
whichev,2.5619493588010077e-05
antonio,2.5303203543713658e-05
wat,2.5303203543713658e-05
ceo,2.5303203543713658e-05
aaron,2.5303203543713658e-05
spencer,2.5303203543713658e-05
centralis,2.5303203543713658e-05
quid,2.5303203543713658e-05
sclerosi,2.5303203543713658e-05
concomit,2.5303203543713658e-05
duflo,2.5303203543713658e-05
chronolog,2.5303203543713658e-05
mach,2.5303203543713658e-05
reproduct,2.5303203543713658e-05
panagariya,2.5303203543713658e-05
maximumlikelihood,2.5303203543713658e-05
rubl,2.5303203543713658e-05
lipton,2.5303203543713658e-05
lancashir,2.5303203543713658e-05
colin,2.5303203543713658e-05
capitalaccount,2.5303203543713658e-05
pascal,2.5303203543713658e-05
peripher,2.5303203543713658e-05
iiib,2.5303203543713658e-05
burmeist,2.5303203543713658e-05
len,2.5303203543713658e-05
pkt,2.5303203543713658e-05
pasinetti,2.5303203543713658e-05
bomb,2.5303203543713658e-05
barker,2.5303203543713658e-05
lanc,2.5303203543713658e-05
newey,2.5303203543713658e-05
bet,2.5303203543713658e-05
divi,2.5303203543713658e-05
cdr,2.5303203543713658e-05
string,2.5303203543713658e-05
suprem,2.5303203543713658e-05
accentu,2.5303203543713658e-05
satur,2.5303203543713658e-05
accumula,2.5303203543713658e-05
cember,2.5303203543713658e-05
crawford,2.5303203543713658e-05
todd,2.5303203543713658e-05
engl,2.5303203543713658e-05
nopoli,2.5303203543713658e-05
gressiv,2.5303203543713658e-05
incorpo,2.5303203543713658e-05
sacrif,2.5303203543713658e-05
seg,2.5303203543713658e-05
faith,2.5303203543713658e-05
smallsampl,2.4986913499417234e-05
chineri,2.4986913499417234e-05
unpub,2.4986913499417234e-05
ascend,2.4986913499417234e-05
mous,2.4986913499417234e-05
lowskil,2.4986913499417234e-05
shipper,2.4986913499417234e-05
kelley,2.4986913499417234e-05
surpri,2.4986913499417234e-05
purport,2.4986913499417234e-05
toilet,2.4986913499417234e-05
audit,2.4986913499417234e-05
bale,2.4986913499417234e-05
liu,2.4986913499417234e-05
vagu,2.4986913499417234e-05
advent,2.4986913499417234e-05
lean,2.4986913499417234e-05
terial,2.4986913499417234e-05
verif,2.4986913499417234e-05
overstat,2.4986913499417234e-05
plement,2.4986913499417234e-05
heller,2.4986913499417234e-05
joshua,2.4986913499417234e-05
uncompens,2.4986913499417234e-05
till,2.4986913499417234e-05
film,2.4986913499417234e-05
compulsori,2.4986913499417234e-05
stt,2.4986913499417234e-05
subsum,2.4986913499417234e-05
optic,2.4986913499417234e-05
epstein,2.4986913499417234e-05
nonposit,2.4986913499417234e-05
exportori,2.4986913499417234e-05
pleas,2.4986913499417234e-05
urg,2.4986913499417234e-05
zingal,2.4986913499417234e-05
betweencountri,2.4670623455120815e-05
lyze,2.4670623455120815e-05
sawmil,2.4670623455120815e-05
nomi,2.4670623455120815e-05
angola,2.4670623455120815e-05
klem,2.4670623455120815e-05
yin,2.4670623455120815e-05
domowitz,2.4670623455120815e-05
uncorrect,2.4670623455120815e-05
descend,2.4670623455120815e-05
wadhwani,2.4670623455120815e-05
lat,2.4670623455120815e-05
bergson,2.4670623455120815e-05
uttar,2.4670623455120815e-05
wrt,2.4670623455120815e-05
oceania,2.4670623455120815e-05
perish,2.4670623455120815e-05
branson,2.4670623455120815e-05
rateofreturn,2.4670623455120815e-05
marili,2.4670623455120815e-05
sheep,2.4670623455120815e-05
lengthi,2.4670623455120815e-05
nonprofit,2.4670623455120815e-05
liabl,2.4670623455120815e-05
lemon,2.4670623455120815e-05
useless,2.4670623455120815e-05
tinuous,2.4670623455120815e-05
chan,2.4670623455120815e-05
dup,2.4670623455120815e-05
decom,2.4670623455120815e-05
roland,2.4670623455120815e-05
unr,2.4670623455120815e-05
machlup,2.4670623455120815e-05
mackinnon,2.4670623455120815e-05
cpis,2.4670623455120815e-05
grunfeld,2.4670623455120815e-05
skillbias,2.4670623455120815e-05
btu,2.4670623455120815e-05
triangular,2.4670623455120815e-05
sveikauska,2.4670623455120815e-05
rial,2.4670623455120815e-05
doublecount,2.4670623455120815e-05
hole,2.4670623455120815e-05
frb,2.4670623455120815e-05
aac,2.4670623455120815e-05
outer,2.4670623455120815e-05
slump,2.4670623455120815e-05
nel,2.4670623455120815e-05
brew,2.4670623455120815e-05
eff,2.4670623455120815e-05
elimi,2.4354333410824395e-05
lutz,2.4354333410824395e-05
laboraug,2.4354333410824395e-05
vicin,2.4354333410824395e-05
knox,2.4354333410824395e-05
cambodia,2.4354333410824395e-05
harcourt,2.4354333410824395e-05
enquiri,2.4354333410824395e-05
hat,2.4354333410824395e-05
nonus,2.4354333410824395e-05
suspicion,2.4354333410824395e-05
trari,2.4354333410824395e-05
watt,2.4354333410824395e-05
ipc,2.4354333410824395e-05
withingroup,2.4354333410824395e-05
norwegian,2.4354333410824395e-05
vard,2.4354333410824395e-05
frustrat,2.4354333410824395e-05
ism,2.4354333410824395e-05
errorsinvari,2.4354333410824395e-05
tate,2.4354333410824395e-05
knew,2.4354333410824395e-05
deepli,2.4354333410824395e-05
rhodesia,2.4354333410824395e-05
clagu,2.4354333410824395e-05
nonstochast,2.4354333410824395e-05
prima,2.4354333410824395e-05
nce,2.4354333410824395e-05
longliv,2.4354333410824395e-05
haavelmo,2.4354333410824395e-05
rainf,2.4354333410824395e-05
judici,2.4354333410824395e-05
doi,2.4354333410824395e-05
vacant,2.4354333410824395e-05
append,2.4354333410824395e-05
computa,2.4354333410824395e-05
gerard,2.4354333410824395e-05
interperson,2.4354333410824395e-05
lilien,2.4354333410824395e-05
monopsonist,2.4354333410824395e-05
catalog,2.4354333410824395e-05
consortium,2.4354333410824395e-05
unif,2.4354333410824395e-05
envisag,2.4354333410824395e-05
sanit,2.4354333410824395e-05
deploy,2.4354333410824395e-05
strout,2.4354333410824395e-05
labormanag,2.4354333410824395e-05
phenom,2.4354333410824395e-05
criti,2.4354333410824395e-05
focal,2.4354333410824395e-05
faci,2.4038043366527975e-05
gallman,2.4038043366527975e-05
dental,2.4038043366527975e-05
lui,2.4038043366527975e-05
lution,2.4038043366527975e-05
delawar,2.4038043366527975e-05
swami,2.4038043366527975e-05
prt,2.4038043366527975e-05
goldfeld,2.4038043366527975e-05
noneu,2.4038043366527975e-05
impair,2.4038043366527975e-05
sjt,2.4038043366527975e-05
decontrol,2.4038043366527975e-05
jeremi,2.4038043366527975e-05
afterward,2.4038043366527975e-05
dixitstiglitz,2.4038043366527975e-05
fleet,2.4038043366527975e-05
closedform,2.4038043366527975e-05
foreclosur,2.4038043366527975e-05
kerr,2.4038043366527975e-05
rosensteinrodan,2.4038043366527975e-05
sandler,2.4038043366527975e-05
suf,2.4038043366527975e-05
kose,2.4038043366527975e-05
elizabeth,2.4038043366527975e-05
moroney,2.4038043366527975e-05
outdoor,2.4038043366527975e-05
thumb,2.4038043366527975e-05
battl,2.4038043366527975e-05
unavoid,2.4038043366527975e-05
oth,2.4038043366527975e-05
breadth,2.4038043366527975e-05
conrad,2.4038043366527975e-05
threestag,2.4038043366527975e-05
nato,2.4038043366527975e-05
multiparti,2.4038043366527975e-05
onestandarddevi,2.4038043366527975e-05
bullock,2.4038043366527975e-05
qij,2.4038043366527975e-05
newberi,2.4038043366527975e-05
assoc,2.4038043366527975e-05
bri,2.4038043366527975e-05
amemiya,2.4038043366527975e-05
divoir,2.4038043366527975e-05
panic,2.4038043366527975e-05
lxx,2.4038043366527975e-05
werner,2.4038043366527975e-05
burkina,2.4038043366527975e-05
xxi,2.4038043366527975e-05
lord,2.4038043366527975e-05
rienc,2.4038043366527975e-05
obrien,2.4038043366527975e-05
longstand,2.4038043366527975e-05
neat,2.4038043366527975e-05
takeoff,2.4038043366527975e-05
teach,2.4038043366527975e-05
zij,2.4038043366527975e-05
rij,2.4038043366527975e-05
debtequ,2.4038043366527975e-05
dow,2.4038043366527975e-05
lazear,2.4038043366527975e-05
stamp,2.4038043366527975e-05
reconcili,2.3721753322231552e-05
privatesector,2.3721753322231552e-05
airport,2.3721753322231552e-05
discriminatori,2.3721753322231552e-05
longerterm,2.3721753322231552e-05
swan,2.3721753322231552e-05
polk,2.3721753322231552e-05
storm,2.3721753322231552e-05
pjt,2.3721753322231552e-05
latvia,2.3721753322231552e-05
uzawa,2.3721753322231552e-05
sional,2.3721753322231552e-05
tragedi,2.3721753322231552e-05
papua,2.3721753322231552e-05
cator,2.3721753322231552e-05
ell,2.3721753322231552e-05
wykoff,2.3721753322231552e-05
laundri,2.3721753322231552e-05
woodford,2.3721753322231552e-05
exclu,2.3721753322231552e-05
hightechnolog,2.3721753322231552e-05
mairess,2.3721753322231552e-05
sanction,2.3721753322231552e-05
kelejian,2.3721753322231552e-05
tegrat,2.3721753322231552e-05
cagan,2.3721753322231552e-05
bai,2.3721753322231552e-05
ferrous,2.3721753322231552e-05
transient,2.3721753322231552e-05
subcategori,2.3721753322231552e-05
easterlin,2.3721753322231552e-05
plow,2.3721753322231552e-05
inal,2.3721753322231552e-05
pst,2.3721753322231552e-05
dimen,2.3721753322231552e-05
dualist,2.3721753322231552e-05
ibrd,2.3721753322231552e-05
quebec,2.3721753322231552e-05
verboven,2.3721753322231552e-05
tes,2.3721753322231552e-05
probat,2.3721753322231552e-05
freder,2.3721753322231552e-05
shelf,2.3405463277935132e-05
iib,2.3405463277935132e-05
chrysler,2.3405463277935132e-05
ged,2.3405463277935132e-05
mimic,2.3405463277935132e-05
bradley,2.3405463277935132e-05
kluwer,2.3405463277935132e-05
salop,2.3405463277935132e-05
equalis,2.3405463277935132e-05
epsilon,2.3405463277935132e-05
copeland,2.3405463277935132e-05
economia,2.3405463277935132e-05
insampl,2.3405463277935132e-05
anatomi,2.3405463277935132e-05
iiii,2.3405463277935132e-05
coat,2.3405463277935132e-05
steepli,2.3405463277935132e-05
berger,2.3405463277935132e-05
pric,2.3405463277935132e-05
dublin,2.3405463277935132e-05
unbound,2.3405463277935132e-05
recomput,2.3405463277935132e-05
bra,2.3405463277935132e-05
susanto,2.3405463277935132e-05
dilut,2.3405463277935132e-05
snow,2.3405463277935132e-05
zarembka,2.3405463277935132e-05
articul,2.3405463277935132e-05
nonfamili,2.3405463277935132e-05
papanek,2.3405463277935132e-05
foremen,2.3405463277935132e-05
attorney,2.3405463277935132e-05
stagnant,2.3405463277935132e-05
tirol,2.3405463277935132e-05
neer,2.3405463277935132e-05
lagrangian,2.3405463277935132e-05
carpent,2.3405463277935132e-05
nichol,2.3405463277935132e-05
hydrocarbon,2.3405463277935132e-05
vermont,2.3405463277935132e-05
christma,2.3405463277935132e-05
marketori,2.3405463277935132e-05
commer,2.3405463277935132e-05
vert,2.3405463277935132e-05
wij,2.3405463277935132e-05
cosmet,2.3405463277935132e-05
mandatori,2.3405463277935132e-05
dutta,2.3405463277935132e-05
ijiri,2.3405463277935132e-05
ticket,2.3405463277935132e-05
gopinath,2.3405463277935132e-05
compen,2.3405463277935132e-05
mech,2.3405463277935132e-05
veal,2.3405463277935132e-05
outright,2.3405463277935132e-05
hebrew,2.3405463277935132e-05
exemplifi,2.3405463277935132e-05
prairi,2.3405463277935132e-05
kimbal,2.3405463277935132e-05
blonigen,2.3405463277935132e-05
aboveaverag,2.3405463277935132e-05
aten,2.3089173233638713e-05
insideroutsid,2.3089173233638713e-05
secretari,2.3089173233638713e-05
appoint,2.3089173233638713e-05
estonia,2.3089173233638713e-05
mcgowan,2.3089173233638713e-05
voic,2.3089173233638713e-05
nonrandom,2.3089173233638713e-05
pip,2.3089173233638713e-05
mle,2.3089173233638713e-05
sooner,2.3089173233638713e-05
ecommerc,2.3089173233638713e-05
courag,2.3089173233638713e-05
chamberlin,2.3089173233638713e-05
pastor,2.3089173233638713e-05
onefourth,2.3089173233638713e-05
conceal,2.3089173233638713e-05
stateconting,2.3089173233638713e-05
camp,2.3089173233638713e-05
sensi,2.3089173233638713e-05
cld,2.3089173233638713e-05
ming,2.3089173233638713e-05
timal,2.3089173233638713e-05
camel,2.3089173233638713e-05
spectacular,2.3089173233638713e-05
gerschenkron,2.3089173233638713e-05
myself,2.3089173233638713e-05
donaldson,2.3089173233638713e-05
contradictori,2.3089173233638713e-05
admin,2.3089173233638713e-05
investiga,2.3089173233638713e-05
vec,2.3089173233638713e-05
blast,2.3089173233638713e-05
collec,2.3089173233638713e-05
heteroskedasticityconsist,2.3089173233638713e-05
practition,2.3089173233638713e-05
craftsmen,2.3089173233638713e-05
defenc,2.3089173233638713e-05
joan,2.3089173233638713e-05
kindahl,2.3089173233638713e-05
refund,2.3089173233638713e-05
statistiqu,2.3089173233638713e-05
hierarch,2.3089173233638713e-05
nonwork,2.3089173233638713e-05
xlix,2.3089173233638713e-05
bacon,2.3089173233638713e-05
mst,2.3089173233638713e-05
mic,2.3089173233638713e-05
crossproduct,2.3089173233638713e-05
mainland,2.3089173233638713e-05
aut,2.3089173233638713e-05
forg,2.277288318934229e-05
sce,2.277288318934229e-05
ando,2.277288318934229e-05
grey,2.277288318934229e-05
iooo,2.277288318934229e-05
cote,2.277288318934229e-05
uncon,2.277288318934229e-05
nonparticip,2.277288318934229e-05
eratur,2.277288318934229e-05
reclam,2.277288318934229e-05
marit,2.277288318934229e-05
ule,2.277288318934229e-05
cochran,2.277288318934229e-05
ncr,2.277288318934229e-05
wive,2.277288318934229e-05
restuccia,2.277288318934229e-05
presentday,2.277288318934229e-05
wet,2.277288318934229e-05
wis,2.277288318934229e-05
defi,2.277288318934229e-05
dark,2.277288318934229e-05
love,2.277288318934229e-05
tensiv,2.277288318934229e-05
cohes,2.277288318934229e-05
scissor,2.277288318934229e-05
microfound,2.277288318934229e-05
incon,2.277288318934229e-05
clearanc,2.277288318934229e-05
pretreat,2.277288318934229e-05
stonegeari,2.277288318934229e-05
hemispher,2.277288318934229e-05
reassess,2.277288318934229e-05
indentur,2.277288318934229e-05
faso,2.277288318934229e-05
peripheri,2.277288318934229e-05
pal,2.277288318934229e-05
yti,2.277288318934229e-05
statistician,2.277288318934229e-05
tarr,2.277288318934229e-05
malli,2.277288318934229e-05
catalogu,2.277288318934229e-05
accel,2.277288318934229e-05
activi,2.277288318934229e-05
etari,2.277288318934229e-05
architectur,2.277288318934229e-05
rentier,2.277288318934229e-05
segal,2.277288318934229e-05
crosssec,2.277288318934229e-05
hypo,2.277288318934229e-05
triplett,2.277288318934229e-05
timespecif,2.277288318934229e-05
subsystem,2.277288318934229e-05
bakeri,2.277288318934229e-05
sch,2.277288318934229e-05
gregg,2.277288318934229e-05
indeterminaci,2.277288318934229e-05
crucini,2.277288318934229e-05
exc,2.277288318934229e-05
flavor,2.277288318934229e-05
priceset,2.277288318934229e-05
bel,2.277288318934229e-05
nonoptim,2.277288318934229e-05
ibl,2.277288318934229e-05
abraham,2.245659314504587e-05
dicken,2.245659314504587e-05
bent,2.245659314504587e-05
steer,2.245659314504587e-05
watanab,2.245659314504587e-05
tender,2.245659314504587e-05
township,2.245659314504587e-05
persuad,2.245659314504587e-05
orley,2.245659314504587e-05
changeov,2.245659314504587e-05
brandnam,2.245659314504587e-05
ucla,2.245659314504587e-05
usgpo,2.245659314504587e-05
fluc,2.245659314504587e-05
qian,2.245659314504587e-05
reapprais,2.245659314504587e-05
bethlehem,2.245659314504587e-05
vaccara,2.245659314504587e-05
xvi,2.245659314504587e-05
notori,2.245659314504587e-05
nom,2.245659314504587e-05
ride,2.245659314504587e-05
mium,2.245659314504587e-05
ison,2.245659314504587e-05
chairman,2.245659314504587e-05
disaggr,2.245659314504587e-05
imb,2.245659314504587e-05
scotland,2.245659314504587e-05
raci,2.245659314504587e-05
youngstown,2.245659314504587e-05
wageset,2.245659314504587e-05
boyan,2.245659314504587e-05
mono,2.245659314504587e-05
hendrik,2.245659314504587e-05
transforma,2.245659314504587e-05
topel,2.245659314504587e-05
preneur,2.245659314504587e-05
collier,2.245659314504587e-05
maximiza,2.245659314504587e-05
quantita,2.245659314504587e-05
pik,2.245659314504587e-05
iiv,2.245659314504587e-05
commonwealth,2.245659314504587e-05
ass,2.245659314504587e-05
gustav,2.245659314504587e-05
clinton,2.245659314504587e-05
dia,2.245659314504587e-05
oscil,2.245659314504587e-05
gestat,2.245659314504587e-05
chao,2.245659314504587e-05
uti,2.245659314504587e-05
ipi,2.245659314504587e-05
nevada,2.245659314504587e-05
goodnessoffit,2.245659314504587e-05
unwil,2.245659314504587e-05
impetus,2.245659314504587e-05
partici,2.245659314504587e-05
salter,2.245659314504587e-05
jerusalem,2.245659314504587e-05
cowley,2.245659314504587e-05
thursbi,2.245659314504587e-05
addingup,2.245659314504587e-05
nos,2.245659314504587e-05
regressand,2.245659314504587e-05
sage,2.245659314504587e-05
breakfast,2.214030310074945e-05
dra,2.214030310074945e-05
forese,2.214030310074945e-05
lan,2.214030310074945e-05
iln,2.214030310074945e-05
cds,2.214030310074945e-05
landus,2.214030310074945e-05
tablish,2.214030310074945e-05
atm,2.214030310074945e-05
haskel,2.214030310074945e-05
predat,2.214030310074945e-05
physi,2.214030310074945e-05
mfg,2.214030310074945e-05
clariti,2.214030310074945e-05
repetit,2.214030310074945e-05
vacuum,2.214030310074945e-05
infring,2.214030310074945e-05
permut,2.214030310074945e-05
danc,2.214030310074945e-05
dpk,2.214030310074945e-05
efit,2.214030310074945e-05
infinitesim,2.214030310074945e-05
itabl,2.214030310074945e-05
embargo,2.214030310074945e-05
arisen,2.214030310074945e-05
apg,2.214030310074945e-05
docu,2.214030310074945e-05
capm,2.214030310074945e-05
utili,2.214030310074945e-05
intergener,2.214030310074945e-05
pashigian,2.214030310074945e-05
retrofit,2.214030310074945e-05
posner,2.214030310074945e-05
genera,2.214030310074945e-05
sumabl,2.214030310074945e-05
autocrat,2.214030310074945e-05
fuch,2.214030310074945e-05
specialist,2.214030310074945e-05
holtzeakin,2.214030310074945e-05
tionat,2.214030310074945e-05
pis,2.214030310074945e-05
mayjun,2.214030310074945e-05
onefifth,2.214030310074945e-05
sir,2.214030310074945e-05
crosselast,2.214030310074945e-05
heritag,2.214030310074945e-05
whenc,2.214030310074945e-05
portabl,2.214030310074945e-05
intact,2.214030310074945e-05
homoscedast,2.214030310074945e-05
supplydemand,2.214030310074945e-05
ven,2.214030310074945e-05
urbanrur,2.214030310074945e-05
overpredict,2.182401305645303e-05
curb,2.182401305645303e-05
represen,2.182401305645303e-05
hun,2.182401305645303e-05
lute,2.182401305645303e-05
bio,2.182401305645303e-05
ape,2.182401305645303e-05
miti,2.182401305645303e-05
mak,2.182401305645303e-05
pse,2.182401305645303e-05
northeastern,2.182401305645303e-05
wil,2.182401305645303e-05
etx,2.182401305645303e-05
nounc,2.182401305645303e-05
vdp,2.182401305645303e-05
forma,2.182401305645303e-05
loglog,2.182401305645303e-05
dudley,2.182401305645303e-05
lowproduct,2.182401305645303e-05
mnc,2.182401305645303e-05
teec,2.182401305645303e-05
penal,2.182401305645303e-05
islam,2.182401305645303e-05
shea,2.182401305645303e-05
hendri,2.182401305645303e-05
senc,2.182401305645303e-05
oeec,2.182401305645303e-05
pic,2.182401305645303e-05
deleg,2.182401305645303e-05
hanemann,2.182401305645303e-05
cooley,2.182401305645303e-05
blame,2.182401305645303e-05
leak,2.182401305645303e-05
cratic,2.182401305645303e-05
poral,2.182401305645303e-05
chandler,2.182401305645303e-05
rodriguezclar,2.182401305645303e-05
olog,2.182401305645303e-05
demandsid,2.182401305645303e-05
grass,2.182401305645303e-05
deutsch,2.182401305645303e-05
yio,2.182401305645303e-05
constru,2.182401305645303e-05
meltzer,2.182401305645303e-05
sebastian,2.182401305645303e-05
arbi,2.182401305645303e-05
irt,2.182401305645303e-05
purchasingpow,2.182401305645303e-05
vein,2.182401305645303e-05
cochraneorcutt,2.182401305645303e-05
schaefer,2.182401305645303e-05
assort,2.182401305645303e-05
oit,2.182401305645303e-05
vail,2.1507723012156607e-05
krusel,2.1507723012156607e-05
organi,2.1507723012156607e-05
warren,2.1507723012156607e-05
affin,2.1507723012156607e-05
guard,2.1507723012156607e-05
finalgood,2.1507723012156607e-05
internation,2.1507723012156607e-05
rothbarth,2.1507723012156607e-05
itt,2.1507723012156607e-05
orr,2.1507723012156607e-05
teenag,2.1507723012156607e-05
provok,2.1507723012156607e-05
greenwich,2.1507723012156607e-05
atkeson,2.1507723012156607e-05
reau,2.1507723012156607e-05
learningbydo,2.1507723012156607e-05
guy,2.1507723012156607e-05
sst,2.1507723012156607e-05
strotz,2.1507723012156607e-05
moweri,2.1507723012156607e-05
offdiagon,2.1507723012156607e-05
moran,2.1507723012156607e-05
dation,2.1507723012156607e-05
grc,2.1507723012156607e-05
ambient,2.1507723012156607e-05
boil,2.1507723012156607e-05
warp,2.1507723012156607e-05
kellogg,2.1507723012156607e-05
indig,2.1507723012156607e-05
asm,2.1507723012156607e-05
gavin,2.1507723012156607e-05
viousli,2.1507723012156607e-05
descrip,2.1507723012156607e-05
utilitarian,2.1507723012156607e-05
epi,2.1507723012156607e-05
onetenth,2.1507723012156607e-05
retriev,2.1507723012156607e-05
wing,2.1507723012156607e-05
brace,2.1507723012156607e-05
awt,2.1507723012156607e-05
repeal,2.1507723012156607e-05
nonresid,2.1507723012156607e-05
romali,2.1507723012156607e-05
inquir,2.1507723012156607e-05
veteran,2.1507723012156607e-05
wageeffort,2.1507723012156607e-05
gazett,2.1507723012156607e-05
swap,2.1507723012156607e-05
deforest,2.1507723012156607e-05
dice,2.1507723012156607e-05
por,2.1507723012156607e-05
recur,2.1507723012156607e-05
bauxit,2.1507723012156607e-05
helen,2.1507723012156607e-05
beckerman,2.1507723012156607e-05
discharg,2.1507723012156607e-05
fam,2.1507723012156607e-05
scs,2.1507723012156607e-05
canadaus,2.1507723012156607e-05
commenc,2.1507723012156607e-05
ural,2.1191432967860187e-05
nonuniform,2.1191432967860187e-05
manser,2.1191432967860187e-05
weltwirtschaftlich,2.1191432967860187e-05
rpi,2.1191432967860187e-05
predatori,2.1191432967860187e-05
yemen,2.1191432967860187e-05
kilian,2.1191432967860187e-05
optima,2.1191432967860187e-05
harroddomar,2.1191432967860187e-05
accessori,2.1191432967860187e-05
slesnick,2.1191432967860187e-05
stevenson,2.1191432967860187e-05
lao,2.1191432967860187e-05
mizat,2.1191432967860187e-05
pdf,2.1191432967860187e-05
fixedweight,2.1191432967860187e-05
abbrevi,2.1191432967860187e-05
rolf,2.1191432967860187e-05
smp,2.1191432967860187e-05
nas,2.1191432967860187e-05
hayashi,2.1191432967860187e-05
litic,2.1191432967860187e-05
anomal,2.1191432967860187e-05
dxi,2.1191432967860187e-05
swe,2.1191432967860187e-05
formid,2.1191432967860187e-05
beneath,2.1191432967860187e-05
simula,2.1191432967860187e-05
akk,2.1191432967860187e-05
madra,2.1191432967860187e-05
nari,2.1191432967860187e-05
ling,2.1191432967860187e-05
lotteri,2.1191432967860187e-05
ogen,2.1191432967860187e-05
noncorpor,2.1191432967860187e-05
bate,2.1191432967860187e-05
straightlin,2.1191432967860187e-05
maria,2.1191432967860187e-05
trim,2.1191432967860187e-05
husbandri,2.1191432967860187e-05
chiang,2.1191432967860187e-05
fiji,2.1191432967860187e-05
underreport,2.1191432967860187e-05
columbus,2.1191432967860187e-05
mpl,2.1191432967860187e-05
marglin,2.1191432967860187e-05
symptom,2.1191432967860187e-05
eleg,2.1191432967860187e-05
iri,2.1191432967860187e-05
trillion,2.1191432967860187e-05
templ,2.1191432967860187e-05
rescu,2.1191432967860187e-05
terleckyj,2.1191432967860187e-05
prefectur,2.1191432967860187e-05
zimmerman,2.1191432967860187e-05
gali,2.1191432967860187e-05
telegraph,2.0875142923563768e-05
wolfgang,2.0875142923563768e-05
cali,2.0875142923563768e-05
intraregion,2.0875142923563768e-05
xlv,2.0875142923563768e-05
timeconsist,2.0875142923563768e-05
spiral,2.0875142923563768e-05
forestal,2.0875142923563768e-05
nonrespons,2.0875142923563768e-05
laborforc,2.0875142923563768e-05
excep,2.0875142923563768e-05
mist,2.0875142923563768e-05
kremer,2.0875142923563768e-05
unequivoc,2.0875142923563768e-05
lieu,2.0875142923563768e-05
conspicu,2.0875142923563768e-05
walli,2.0875142923563768e-05
spectra,2.0875142923563768e-05
iceberg,2.0875142923563768e-05
shrinkag,2.0875142923563768e-05
comm,2.0875142923563768e-05
fis,2.0875142923563768e-05
perspec,2.0875142923563768e-05
panzar,2.0875142923563768e-05
dosag,2.0875142923563768e-05
endur,2.0875142923563768e-05
endeavor,2.0875142923563768e-05
lvi,2.0875142923563768e-05
nonincreas,2.0875142923563768e-05
overman,2.0875142923563768e-05
opportu,2.0875142923563768e-05
djankov,2.0875142923563768e-05
oslo,2.0875142923563768e-05
insig,2.0875142923563768e-05
nugent,2.0875142923563768e-05
formu,2.0875142923563768e-05
abso,2.0875142923563768e-05
malthusian,2.0875142923563768e-05
mistaken,2.0875142923563768e-05
rescal,2.0875142923563768e-05
tower,2.0875142923563768e-05
coars,2.0875142923563768e-05
merton,2.0875142923563768e-05
stockman,2.0875142923563768e-05
ratifi,2.0875142923563768e-05
decenni,2.0875142923563768e-05
interrelated,2.0875142923563768e-05
hitherto,2.0875142923563768e-05
tenn,2.0875142923563768e-05
terenc,2.0558852879267344e-05
cure,2.0558852879267344e-05
gardner,2.0558852879267344e-05
sheshinski,2.0558852879267344e-05
suranc,2.0558852879267344e-05
photograph,2.0558852879267344e-05
altonji,2.0558852879267344e-05
aqt,2.0558852879267344e-05
swiss,2.0558852879267344e-05
maximand,2.0558852879267344e-05
efficiencywag,2.0558852879267344e-05
nonhomogen,2.0558852879267344e-05
andi,2.0558852879267344e-05
rat,2.0558852879267344e-05
wake,2.0558852879267344e-05
withinst,2.0558852879267344e-05
litig,2.0558852879267344e-05
munnel,2.0558852879267344e-05
ineffi,2.0558852879267344e-05
eighti,2.0558852879267344e-05
fir,2.0558852879267344e-05
remit,2.0558852879267344e-05
orga,2.0558852879267344e-05
amartya,2.0558852879267344e-05
ferber,2.0558852879267344e-05
kyklo,2.0558852879267344e-05
microcomput,2.0558852879267344e-05
sched,2.0558852879267344e-05
wageearn,2.0558852879267344e-05
decim,2.0558852879267344e-05
munic,2.0558852879267344e-05
divestitur,2.0558852879267344e-05
carol,2.0558852879267344e-05
pensiti,2.0558852879267344e-05
airfram,2.0558852879267344e-05
rebecca,2.0558852879267344e-05
christiano,2.0558852879267344e-05
kislev,2.0558852879267344e-05
subsi,2.0558852879267344e-05
pauciti,2.0558852879267344e-05
gibb,2.0558852879267344e-05
httpwww,2.0558852879267344e-05
austin,2.0558852879267344e-05
climb,2.0558852879267344e-05
calif,2.0558852879267344e-05
precrisi,2.0558852879267344e-05
chs,2.0558852879267344e-05
gruber,2.0558852879267344e-05
routledg,2.0558852879267344e-05
sichel,2.0558852879267344e-05
lon,2.0558852879267344e-05
paglin,2.0558852879267344e-05
struck,2.0558852879267344e-05
nonstat,2.0558852879267344e-05
chaudhuri,2.0558852879267344e-05
nonenergi,2.0558852879267344e-05
ume,2.0558852879267344e-05
embark,2.0558852879267344e-05
orlean,2.0558852879267344e-05
abstractth,2.0558852879267344e-05
mex,2.0558852879267344e-05
obvi,2.0558852879267344e-05
multidimension,2.0558852879267344e-05
transpor,2.0558852879267344e-05
cis,2.0558852879267344e-05
bag,2.0558852879267344e-05
eng,2.0558852879267344e-05
alize,2.0558852879267344e-05
sung,2.0558852879267344e-05
manent,2.0242562834970925e-05
xxiv,2.0242562834970925e-05
byron,2.0242562834970925e-05
lii,2.0242562834970925e-05
timepath,2.0242562834970925e-05
sat,2.0242562834970925e-05
owen,2.0242562834970925e-05
ipcc,2.0242562834970925e-05
turbanc,2.0242562834970925e-05
ext,2.0242562834970925e-05
tot,2.0242562834970925e-05
nacion,2.0242562834970925e-05
subdivis,2.0242562834970925e-05
webb,2.0242562834970925e-05
gaussian,2.0242562834970925e-05
anchor,2.0242562834970925e-05
nut,2.0242562834970925e-05
corbo,2.0242562834970925e-05
stagger,2.0242562834970925e-05
weibul,2.0242562834970925e-05
roberto,2.0242562834970925e-05
tele,2.0242562834970925e-05
levchenko,2.0242562834970925e-05
zip,2.0242562834970925e-05
superfici,2.0242562834970925e-05
azariadi,2.0242562834970925e-05
victori,2.0242562834970925e-05
largefirm,2.0242562834970925e-05
inact,2.0242562834970925e-05
wan,2.0242562834970925e-05
pixel,2.0242562834970925e-05
tex,2.0242562834970925e-05
reunif,2.0242562834970925e-05
pci,2.0242562834970925e-05
cbi,2.0242562834970925e-05
optimis,2.0242562834970925e-05
fms,2.0242562834970925e-05
pendenc,2.0242562834970925e-05
counterintuit,2.0242562834970925e-05
seattl,2.0242562834970925e-05
submiss,2.0242562834970925e-05
cet,2.0242562834970925e-05
possibil,2.0242562834970925e-05
neousli,2.0242562834970925e-05
meaningless,2.0242562834970925e-05
fault,2.0242562834970925e-05
nashcournot,2.0242562834970925e-05
hartley,2.0242562834970925e-05
gallant,2.0242562834970925e-05
lowland,2.0242562834970925e-05
weber,2.0242562834970925e-05
sumner,2.0242562834970925e-05
whittington,2.0242562834970925e-05
iranian,2.0242562834970925e-05
chamberlain,2.0242562834970925e-05
tini,2.0242562834970925e-05
monopol,2.0242562834970925e-05
gollin,2.0242562834970925e-05
hostil,2.0242562834970925e-05
bellman,2.0242562834970925e-05
kaminski,2.0242562834970925e-05
voluntarili,2.0242562834970925e-05
commodi,2.0242562834970925e-05
olley,2.0242562834970925e-05
unintend,2.0242562834970925e-05
hadley,2.0242562834970925e-05
amelior,1.9926272790674505e-05
atic,1.9926272790674505e-05
cago,1.9926272790674505e-05
walrasian,1.9926272790674505e-05
simu,1.9926272790674505e-05
ohkawa,1.9926272790674505e-05
metcalf,1.9926272790674505e-05
fabrizio,1.9926272790674505e-05
heavier,1.9926272790674505e-05
perwork,1.9926272790674505e-05
terri,1.9926272790674505e-05
attrit,1.9926272790674505e-05
huffman,1.9926272790674505e-05
damp,1.9926272790674505e-05
occu,1.9926272790674505e-05
selfmanag,1.9926272790674505e-05
cater,1.9926272790674505e-05
ipat,1.9926272790674505e-05
dose,1.9926272790674505e-05
multiperiod,1.9926272790674505e-05
alongsid,1.9926272790674505e-05
pyatt,1.9926272790674505e-05
rpt,1.9926272790674505e-05
circuit,1.9926272790674505e-05
subindex,1.9926272790674505e-05
almond,1.9926272790674505e-05
pharmaci,1.9926272790674505e-05
midland,1.9926272790674505e-05
leftw,1.9926272790674505e-05
viabil,1.9926272790674505e-05
atyp,1.9926272790674505e-05
bauer,1.9926272790674505e-05
dpe,1.9926272790674505e-05
cult,1.9926272790674505e-05
xxxix,1.9926272790674505e-05
dirlam,1.9926272790674505e-05
elder,1.9926272790674505e-05
pap,1.9926272790674505e-05
scription,1.9926272790674505e-05
postmerg,1.9926272790674505e-05
labourforc,1.9926272790674505e-05
combat,1.9926272790674505e-05
herman,1.9926272790674505e-05
prebisch,1.9926272790674505e-05
token,1.9926272790674505e-05
gpo,1.9926272790674505e-05
cain,1.9926272790674505e-05
tunat,1.9926272790674505e-05
frenkel,1.9926272790674505e-05
vij,1.9926272790674505e-05
incr,1.9926272790674505e-05
mentari,1.9926272790674505e-05
atlas,1.9926272790674505e-05
foundri,1.9926272790674505e-05
joskow,1.9926272790674505e-05
sydney,1.9926272790674505e-05
deer,1.9926272790674505e-05
yellow,1.9926272790674505e-05
stack,1.9926272790674505e-05
uri,1.9926272790674505e-05
wilkinson,1.9926272790674505e-05
denci,1.9926272790674505e-05
twentyfour,1.9926272790674505e-05
periment,1.9609982746378085e-05
aet,1.9609982746378085e-05
immi,1.9609982746378085e-05
bed,1.9609982746378085e-05
paperboard,1.9609982746378085e-05
skilledlabor,1.9609982746378085e-05
cede,1.9609982746378085e-05
agr,1.9609982746378085e-05
pissarid,1.9609982746378085e-05
sink,1.9609982746378085e-05
devi,1.9609982746378085e-05
praeger,1.9609982746378085e-05
hannan,1.9609982746378085e-05
intim,1.9609982746378085e-05
valeri,1.9609982746378085e-05
abovement,1.9609982746378085e-05
bunch,1.9609982746378085e-05
geometri,1.9609982746378085e-05
nonpoor,1.9609982746378085e-05
editori,1.9609982746378085e-05
excl,1.9609982746378085e-05
nonroutin,1.9609982746378085e-05
ghosh,1.9609982746378085e-05
dpt,1.9609982746378085e-05
eurozon,1.9609982746378085e-05
assimil,1.9609982746378085e-05
tigat,1.9609982746378085e-05
postbellum,1.9609982746378085e-05
halt,1.9609982746378085e-05
semiannu,1.9609982746378085e-05
cdrom,1.9609982746378085e-05
bicycl,1.9609982746378085e-05
shiller,1.9609982746378085e-05
afghanistan,1.9609982746378085e-05
kin,1.9609982746378085e-05
inmigr,1.9609982746378085e-05
jerom,1.9609982746378085e-05
mol,1.9609982746378085e-05
profitabil,1.9609982746378085e-05
agronom,1.9609982746378085e-05
cana,1.9609982746378085e-05
vent,1.9609982746378085e-05
ership,1.9609982746378085e-05
wold,1.9609982746378085e-05
nearer,1.9609982746378085e-05
productmarket,1.9609982746378085e-05
reopen,1.9609982746378085e-05
improp,1.9609982746378085e-05
mcgraw,1.9609982746378085e-05
prentic,1.9609982746378085e-05
udri,1.9609982746378085e-05
pricelevel,1.9609982746378085e-05
dickeyful,1.9609982746378085e-05
headcount,1.9293692702081662e-05
poterba,1.9293692702081662e-05
percentagepoint,1.9293692702081662e-05
gourincha,1.9293692702081662e-05
dai,1.9293692702081662e-05
graze,1.9293692702081662e-05
hsiao,1.9293692702081662e-05
cialize,1.9293692702081662e-05
kaufmann,1.9293692702081662e-05
fertilis,1.9293692702081662e-05
dismantl,1.9293692702081662e-05
bpp,1.9293692702081662e-05
gambl,1.9293692702081662e-05
saxonhous,1.9293692702081662e-05
rightw,1.9293692702081662e-05
franco,1.9293692702081662e-05
bend,1.9293692702081662e-05
breakpoint,1.9293692702081662e-05
maint,1.9293692702081662e-05
assi,1.9293692702081662e-05
tenuous,1.9293692702081662e-05
consumergood,1.9293692702081662e-05
pros,1.9293692702081662e-05
claimant,1.9293692702081662e-05
howe,1.9293692702081662e-05
standardis,1.9293692702081662e-05
lebergott,1.9293692702081662e-05
usjapan,1.9293692702081662e-05
woman,1.9293692702081662e-05
disclaim,1.9293692702081662e-05
nese,1.9293692702081662e-05
rece,1.9293692702081662e-05
chari,1.9293692702081662e-05
hellerstein,1.9293692702081662e-05
shangjin,1.9293692702081662e-05
hos,1.9293692702081662e-05
newsprint,1.9293692702081662e-05
mitte,1.9293692702081662e-05
meiji,1.9293692702081662e-05
complemen,1.9293692702081662e-05
fractil,1.9293692702081662e-05
tdt,1.9293692702081662e-05
bpt,1.9293692702081662e-05
ishaq,1.9293692702081662e-05
libecap,1.9293692702081662e-05
yii,1.9293692702081662e-05
ytn,1.9293692702081662e-05
elus,1.9293692702081662e-05
fss,1.9293692702081662e-05
theoriz,1.9293692702081662e-05
crossequ,1.9293692702081662e-05
happi,1.9293692702081662e-05
platform,1.9293692702081662e-05
reiss,1.9293692702081662e-05
laborabund,1.9293692702081662e-05
huntergather,1.9293692702081662e-05
clarif,1.9293692702081662e-05
kurtosi,1.9293692702081662e-05
dalla,1.9293692702081662e-05
uneduc,1.9293692702081662e-05
tuation,1.9293692702081662e-05
vil,1.9293692702081662e-05
websit,1.9293692702081662e-05
asignific,1.9293692702081662e-05
hitt,1.9293692702081662e-05
xli,1.9293692702081662e-05
kramarz,1.9293692702081662e-05
supervisori,1.9293692702081662e-05
sick,1.9293692702081662e-05
connolli,1.9293692702081662e-05
oda,1.9293692702081662e-05
barter,1.9293692702081662e-05
tomer,1.9293692702081662e-05
pharma,1.9293692702081662e-05
hyperinfl,1.9293692702081662e-05
greek,1.8977402657785242e-05
zeroprofit,1.8977402657785242e-05
agric,1.8977402657785242e-05
basebal,1.8977402657785242e-05
atur,1.8977402657785242e-05
kraft,1.8977402657785242e-05
mellon,1.8977402657785242e-05
entrepr,1.8977402657785242e-05
mos,1.8977402657785242e-05
refrain,1.8977402657785242e-05
plt,1.8977402657785242e-05
lithuania,1.8977402657785242e-05
linguist,1.8977402657785242e-05
journey,1.8977402657785242e-05
peanut,1.8977402657785242e-05
mother,1.8977402657785242e-05
indicat,1.8977402657785242e-05
deriva,1.8977402657785242e-05
confi,1.8977402657785242e-05
porari,1.8977402657785242e-05
nixon,1.8977402657785242e-05
minima,1.8977402657785242e-05
everybodi,1.8977402657785242e-05
malden,1.8977402657785242e-05
oco,1.8977402657785242e-05
noncompet,1.8977402657785242e-05
garden,1.8977402657785242e-05
guido,1.8977402657785242e-05
deacon,1.8977402657785242e-05
mula,1.8977402657785242e-05
marion,1.8977402657785242e-05
xis,1.8977402657785242e-05
highpow,1.8977402657785242e-05
overshoot,1.8977402657785242e-05
milesiferretti,1.8977402657785242e-05
bristol,1.8977402657785242e-05
vrs,1.8977402657785242e-05
cdf,1.8977402657785242e-05
xviii,1.8977402657785242e-05
landlabor,1.8977402657785242e-05
weed,1.8977402657785242e-05
liberaliza,1.8977402657785242e-05
axt,1.8977402657785242e-05
concis,1.8977402657785242e-05
subutil,1.8977402657785242e-05
disabl,1.8977402657785242e-05
emit,1.8977402657785242e-05
manova,1.8977402657785242e-05
glick,1.8977402657785242e-05
selfsustain,1.8977402657785242e-05
carnegierochest,1.8977402657785242e-05
lnq,1.8977402657785242e-05
gis,1.8977402657785242e-05
interlinkag,1.8977402657785242e-05
division,1.8977402657785242e-05
unrat,1.8977402657785242e-05
cleanup,1.8977402657785242e-05
erect,1.8977402657785242e-05
bergstrom,1.8977402657785242e-05
pollu,1.8977402657785242e-05
persi,1.8977402657785242e-05
xiv,1.8977402657785242e-05
crossnat,1.8977402657785242e-05
sharpen,1.8977402657785242e-05
brussel,1.8977402657785242e-05
earningspric,1.8977402657785242e-05
expedi,1.8977402657785242e-05
abbott,1.8977402657785242e-05
unesco,1.8977402657785242e-05
grubel,1.8977402657785242e-05
lowpric,1.8661112613488823e-05
taubman,1.8661112613488823e-05
absente,1.8661112613488823e-05
leastcost,1.8661112613488823e-05
cognit,1.8661112613488823e-05
dodg,1.8661112613488823e-05
revolv,1.8661112613488823e-05
rectangular,1.8661112613488823e-05
combi,1.8661112613488823e-05
lnp,1.8661112613488823e-05
higherqu,1.8661112613488823e-05
heath,1.8661112613488823e-05
charter,1.8661112613488823e-05
hasten,1.8661112613488823e-05
expo,1.8661112613488823e-05
potent,1.8661112613488823e-05
pls,1.8661112613488823e-05
hagen,1.8661112613488823e-05
unanim,1.8661112613488823e-05
ithaca,1.8661112613488823e-05
lse,1.8661112613488823e-05
alex,1.8661112613488823e-05
fectiv,1.8661112613488823e-05
ajt,1.8661112613488823e-05
sugg,1.8661112613488823e-05
scare,1.8661112613488823e-05
intrus,1.8661112613488823e-05
rush,1.8661112613488823e-05
rowthorn,1.8661112613488823e-05
teract,1.8661112613488823e-05
axiomat,1.8661112613488823e-05
montgomeri,1.8661112613488823e-05
partialequilibrium,1.8661112613488823e-05
bis,1.8661112613488823e-05
natu,1.8661112613488823e-05
boot,1.8661112613488823e-05
heighten,1.8661112613488823e-05
altruist,1.8661112613488823e-05
raisin,1.8661112613488823e-05
petti,1.8661112613488823e-05
myth,1.8661112613488823e-05
sna,1.8661112613488823e-05
borderlin,1.8661112613488823e-05
erogen,1.8661112613488823e-05
prototyp,1.8661112613488823e-05
compensatori,1.8661112613488823e-05
endofyear,1.8661112613488823e-05
soften,1.8661112613488823e-05
lach,1.8661112613488823e-05
banco,1.8661112613488823e-05
tention,1.8661112613488823e-05
kean,1.8661112613488823e-05
dentli,1.8661112613488823e-05
andersen,1.8661112613488823e-05
egi,1.8661112613488823e-05
milit,1.8661112613488823e-05
movi,1.8661112613488823e-05
actu,1.8661112613488823e-05
hurwicz,1.8661112613488823e-05
gun,1.8661112613488823e-05
commu,1.8661112613488823e-05
mifflin,1.8661112613488823e-05
highproduct,1.8661112613488823e-05
preferr,1.8661112613488823e-05
fungibl,1.8661112613488823e-05
specialti,1.8661112613488823e-05
jane,1.8661112613488823e-05
jul,1.8661112613488823e-05
persion,1.8661112613488823e-05
schneider,1.8661112613488823e-05
bsignific,1.8661112613488823e-05
sharecropp,1.8661112613488823e-05
xxxvi,1.8661112613488823e-05
alvarez,1.83448225691924e-05
origi,1.83448225691924e-05
rock,1.83448225691924e-05
underlin,1.83448225691924e-05
taiwanes,1.83448225691924e-05
lob,1.83448225691924e-05
rabl,1.83448225691924e-05
lath,1.83448225691924e-05
tect,1.83448225691924e-05
quest,1.83448225691924e-05
lanjouw,1.83448225691924e-05
macroeconometr,1.83448225691924e-05
equit,1.83448225691924e-05
misus,1.83448225691924e-05
trademark,1.83448225691924e-05
transvers,1.83448225691924e-05
hair,1.83448225691924e-05
iiic,1.83448225691924e-05
weakest,1.83448225691924e-05
manday,1.83448225691924e-05
specializa,1.83448225691924e-05
saul,1.83448225691924e-05
cide,1.83448225691924e-05
fere,1.83448225691924e-05
wealthier,1.83448225691924e-05
fishermen,1.83448225691924e-05
zhu,1.83448225691924e-05
traction,1.83448225691924e-05
ministr,1.83448225691924e-05
bile,1.83448225691924e-05
whinston,1.83448225691924e-05
adop,1.83448225691924e-05
datastream,1.83448225691924e-05
companion,1.83448225691924e-05
aschauer,1.83448225691924e-05
allud,1.83448225691924e-05
batteri,1.83448225691924e-05
falvey,1.83448225691924e-05
brainard,1.83448225691924e-05
gersovitz,1.83448225691924e-05
livingston,1.83448225691924e-05
hark,1.83448225691924e-05
gdr,1.83448225691924e-05
baltagi,1.83448225691924e-05
oooi,1.83448225691924e-05
centroid,1.83448225691924e-05
selfgener,1.83448225691924e-05
nizat,1.83448225691924e-05
influx,1.83448225691924e-05
rdsale,1.83448225691924e-05
pansion,1.83448225691924e-05
facet,1.83448225691924e-05
schiff,1.83448225691924e-05
mentat,1.83448225691924e-05
bergen,1.83448225691924e-05
reminisc,1.83448225691924e-05
horowitz,1.83448225691924e-05
cracker,1.83448225691924e-05
dictatorship,1.83448225691924e-05
alien,1.83448225691924e-05
secreci,1.83448225691924e-05
syracus,1.83448225691924e-05
jenkin,1.83448225691924e-05
lesseduc,1.83448225691924e-05
intrast,1.802853252489598e-05
scan,1.802853252489598e-05
boskin,1.802853252489598e-05
janet,1.802853252489598e-05
demean,1.802853252489598e-05
condens,1.802853252489598e-05
unawar,1.802853252489598e-05
rationalis,1.802853252489598e-05
blow,1.802853252489598e-05
higg,1.802853252489598e-05
segreg,1.802853252489598e-05
elliott,1.802853252489598e-05
rerun,1.802853252489598e-05
migratori,1.802853252489598e-05
sixyear,1.802853252489598e-05
cumbersom,1.802853252489598e-05
stepwis,1.802853252489598e-05
upturn,1.802853252489598e-05
chapel,1.802853252489598e-05
doublelog,1.802853252489598e-05
broker,1.802853252489598e-05
juan,1.802853252489598e-05
bol,1.802853252489598e-05
longitud,1.802853252489598e-05
unfor,1.802853252489598e-05
erm,1.802853252489598e-05
jacobi,1.802853252489598e-05
teamster,1.802853252489598e-05
abun,1.802853252489598e-05
laps,1.802853252489598e-05
ulc,1.802853252489598e-05
coopera,1.802853252489598e-05
feldman,1.802853252489598e-05
lna,1.802853252489598e-05
koh,1.802853252489598e-05
nexus,1.802853252489598e-05
tci,1.802853252489598e-05
turer,1.802853252489598e-05
tella,1.802853252489598e-05
homeproduc,1.802853252489598e-05
hoch,1.802853252489598e-05
jectiv,1.802853252489598e-05
brother,1.802853252489598e-05
xliii,1.802853252489598e-05
unex,1.802853252489598e-05
unfortu,1.802853252489598e-05
idaho,1.802853252489598e-05
birmingham,1.802853252489598e-05
deterg,1.802853252489598e-05
sweep,1.802853252489598e-05
dye,1.802853252489598e-05
interestr,1.802853252489598e-05
cheapli,1.802853252489598e-05
stockpil,1.802853252489598e-05
yip,1.802853252489598e-05
phasiz,1.802853252489598e-05
mator,1.802853252489598e-05
nonoverlap,1.802853252489598e-05
somalia,1.802853252489598e-05
differentia,1.802853252489598e-05
explic,1.802853252489598e-05
trant,1.802853252489598e-05
scarf,1.802853252489598e-05
warwick,1.802853252489598e-05
sel,1.802853252489598e-05
ccc,1.802853252489598e-05
santiago,1.802853252489598e-05
undertook,1.802853252489598e-05
mussa,1.802853252489598e-05
poll,1.802853252489598e-05
taxonomi,1.802853252489598e-05
malthus,1.802853252489598e-05
nam,1.802853252489598e-05
zurcher,1.802853252489598e-05
perunit,1.771224248059956e-05
jpn,1.771224248059956e-05
selfinterest,1.771224248059956e-05
giovannini,1.771224248059956e-05
invis,1.771224248059956e-05
imiz,1.771224248059956e-05
traci,1.771224248059956e-05
wonnacott,1.771224248059956e-05
irrat,1.771224248059956e-05
liner,1.771224248059956e-05
branstett,1.771224248059956e-05
eki,1.771224248059956e-05
baseyear,1.771224248059956e-05
unwarr,1.771224248059956e-05
founda,1.771224248059956e-05
dds,1.771224248059956e-05
anl,1.771224248059956e-05
irl,1.771224248059956e-05
turkish,1.771224248059956e-05
growthaccount,1.771224248059956e-05
intergovernment,1.771224248059956e-05
tific,1.771224248059956e-05
eppl,1.771224248059956e-05
painter,1.771224248059956e-05
haulag,1.771224248059956e-05
charn,1.771224248059956e-05
redevelop,1.771224248059956e-05
focuss,1.771224248059956e-05
yitzhaki,1.771224248059956e-05
klaus,1.771224248059956e-05
hanoch,1.771224248059956e-05
sal,1.771224248059956e-05
spadi,1.771224248059956e-05
ious,1.771224248059956e-05
evad,1.771224248059956e-05
mncs,1.771224248059956e-05
flatten,1.771224248059956e-05
recours,1.771224248059956e-05
twentytwo,1.771224248059956e-05
chine,1.771224248059956e-05
hamburg,1.771224248059956e-05
higherord,1.771224248059956e-05
upfront,1.771224248059956e-05
dential,1.771224248059956e-05
hydroelectr,1.771224248059956e-05
openeconomi,1.771224248059956e-05
marvel,1.771224248059956e-05
akaik,1.771224248059956e-05
roeconom,1.771224248059956e-05
cic,1.771224248059956e-05
disag,1.771224248059956e-05
fij,1.771224248059956e-05
nonmonoton,1.771224248059956e-05
tfk,1.771224248059956e-05
unattach,1.771224248059956e-05
aitchison,1.771224248059956e-05
aspir,1.771224248059956e-05
surtax,1.771224248059956e-05
scarpetta,1.771224248059956e-05
wageemploy,1.771224248059956e-05
philosoph,1.771224248059956e-05
recoup,1.771224248059956e-05
carpet,1.771224248059956e-05
jess,1.771224248059956e-05
hen,1.771224248059956e-05
dell,1.771224248059956e-05
stolper,1.771224248059956e-05
verbal,1.771224248059956e-05
aliv,1.771224248059956e-05
slichter,1.771224248059956e-05
realworld,1.739595243630314e-05
probe,1.739595243630314e-05
nonbusi,1.739595243630314e-05
fanci,1.739595243630314e-05
lans,1.739595243630314e-05
fll,1.739595243630314e-05
laurenc,1.739595243630314e-05
demis,1.739595243630314e-05
chapman,1.739595243630314e-05
sation,1.739595243630314e-05
calv,1.739595243630314e-05
unsurpris,1.739595243630314e-05
fron,1.739595243630314e-05
ica,1.739595243630314e-05
yearspecif,1.739595243630314e-05
nes,1.739595243630314e-05
ellipsoid,1.739595243630314e-05
prolifer,1.739595243630314e-05
euclidean,1.739595243630314e-05
wwii,1.739595243630314e-05
maliz,1.739595243630314e-05
austrian,1.739595243630314e-05
stokey,1.739595243630314e-05
gratitud,1.739595243630314e-05
leap,1.739595243630314e-05
rize,1.739595243630314e-05
reexport,1.739595243630314e-05
mediterranean,1.739595243630314e-05
istrat,1.739595243630314e-05
hint,1.739595243630314e-05
burst,1.739595243630314e-05
slade,1.739595243630314e-05
economiqu,1.739595243630314e-05
def,1.739595243630314e-05
marvin,1.739595243630314e-05
nomenon,1.739595243630314e-05
cowel,1.739595243630314e-05
ata,1.739595243630314e-05
plateau,1.739595243630314e-05
overidentif,1.739595243630314e-05
hesit,1.739595243630314e-05
las,1.739595243630314e-05
parkin,1.739595243630314e-05
ada,1.739595243630314e-05
lowerincom,1.739595243630314e-05
cramer,1.739595243630314e-05
authoritarian,1.739595243630314e-05
mop,1.739595243630314e-05
paulo,1.739595243630314e-05
alent,1.739595243630314e-05
participatori,1.739595243630314e-05
aforement,1.739595243630314e-05
christina,1.739595243630314e-05
selffinanc,1.739595243630314e-05
instituto,1.739595243630314e-05
modernis,1.739595243630314e-05
supervisor,1.739595243630314e-05
rightsid,1.739595243630314e-05
mor,1.739595243630314e-05
hillman,1.739595243630314e-05
blair,1.739595243630314e-05
denver,1.739595243630314e-05
endofperiod,1.739595243630314e-05
suburb,1.739595243630314e-05
ves,1.739595243630314e-05
unioniza,1.739595243630314e-05
judiciari,1.739595243630314e-05
fid,1.739595243630314e-05
commensur,1.739595243630314e-05
kyoto,1.739595243630314e-05
instrumentalvari,1.739595243630314e-05
secondhand,1.739595243630314e-05
publi,1.739595243630314e-05
presuppos,1.739595243630314e-05
anda,1.739595243630314e-05
nonstationari,1.739595243630314e-05
guineabissau,1.739595243630314e-05
betweengroup,1.739595243630314e-05
hooper,1.739595243630314e-05
wvs,1.739595243630314e-05
scr,1.739595243630314e-05
intel,1.739595243630314e-05
sceptic,1.739595243630314e-05
ami,1.739595243630314e-05
masson,1.739595243630314e-05
easiest,1.739595243630314e-05
duopoli,1.739595243630314e-05
noc,1.7079662392006717e-05
petrin,1.7079662392006717e-05
hungarian,1.7079662392006717e-05
typograph,1.7079662392006717e-05
urgent,1.7079662392006717e-05
din,1.7079662392006717e-05
greenberg,1.7079662392006717e-05
swift,1.7079662392006717e-05
robertson,1.7079662392006717e-05
watkin,1.7079662392006717e-05
kelli,1.7079662392006717e-05
electrif,1.7079662392006717e-05
fomc,1.7079662392006717e-05
macurdi,1.7079662392006717e-05
disintegr,1.7079662392006717e-05
diagrammat,1.7079662392006717e-05
kor,1.7079662392006717e-05
metalwork,1.7079662392006717e-05
xlviii,1.7079662392006717e-05
pie,1.7079662392006717e-05
kent,1.7079662392006717e-05
vincent,1.7079662392006717e-05
schwarz,1.7079662392006717e-05
uncommon,1.7079662392006717e-05
currentperiod,1.7079662392006717e-05
hahn,1.7079662392006717e-05
viation,1.7079662392006717e-05
camera,1.7079662392006717e-05
gallup,1.7079662392006717e-05
chipman,1.7079662392006717e-05
endors,1.7079662392006717e-05
synergi,1.7079662392006717e-05
dodo,1.7079662392006717e-05
prd,1.7079662392006717e-05
wheel,1.7079662392006717e-05
arvind,1.7079662392006717e-05
macdonald,1.7079662392006717e-05
conced,1.7079662392006717e-05
balk,1.7079662392006717e-05
oti,1.7079662392006717e-05
bellum,1.7079662392006717e-05
franchis,1.7079662392006717e-05
scene,1.7079662392006717e-05
epr,1.7079662392006717e-05
unresolv,1.7079662392006717e-05
hyperbola,1.7079662392006717e-05
ron,1.7079662392006717e-05
bhalla,1.7079662392006717e-05
ley,1.7079662392006717e-05
hopenhayn,1.7079662392006717e-05
induct,1.7079662392006717e-05
ventura,1.7079662392006717e-05
bthe,1.7079662392006717e-05
hrs,1.7079662392006717e-05
brander,1.7079662392006717e-05
lier,1.7079662392006717e-05
slovakia,1.7079662392006717e-05
abc,1.7079662392006717e-05
reckon,1.7079662392006717e-05
downsw,1.7079662392006717e-05
mns,1.7079662392006717e-05
rosenth,1.7079662392006717e-05
isocost,1.7079662392006717e-05
dix,1.7079662392006717e-05
twopart,1.7079662392006717e-05
petitor,1.7079662392006717e-05
triciti,1.7079662392006717e-05
decentralis,1.7079662392006717e-05
prerequisit,1.7079662392006717e-05
lamb,1.7079662392006717e-05
mario,1.7079662392006717e-05
pto,1.7079662392006717e-05
bubbl,1.7079662392006717e-05
kerri,1.7079662392006717e-05
dock,1.7079662392006717e-05
interc,1.7079662392006717e-05
proj,1.7079662392006717e-05
cincinnati,1.7079662392006717e-05
hane,1.7079662392006717e-05
disper,1.7079662392006717e-05
rjt,1.6763372347710297e-05
clientel,1.6763372347710297e-05
rection,1.6763372347710297e-05
halbert,1.6763372347710297e-05
intract,1.6763372347710297e-05
ayi,1.6763372347710297e-05
priceelast,1.6763372347710297e-05
antici,1.6763372347710297e-05
mus,1.6763372347710297e-05
amster,1.6763372347710297e-05
verg,1.6763372347710297e-05
klundert,1.6763372347710297e-05
administra,1.6763372347710297e-05
andhra,1.6763372347710297e-05
celebr,1.6763372347710297e-05
sutch,1.6763372347710297e-05
sweet,1.6763372347710297e-05
tiebout,1.6763372347710297e-05
thread,1.6763372347710297e-05
miguel,1.6763372347710297e-05
distur,1.6763372347710297e-05
madhya,1.6763372347710297e-05
norsworthi,1.6763372347710297e-05
primaci,1.6763372347710297e-05
lambda,1.6763372347710297e-05
xht,1.6763372347710297e-05
boulder,1.6763372347710297e-05
addison,1.6763372347710297e-05
firmyear,1.6763372347710297e-05
willi,1.6763372347710297e-05
altitud,1.6763372347710297e-05
echo,1.6763372347710297e-05
rider,1.6763372347710297e-05
retaliatori,1.6763372347710297e-05
profitshar,1.6763372347710297e-05
arora,1.6763372347710297e-05
inclu,1.6763372347710297e-05
kaysen,1.6763372347710297e-05
christ,1.6763372347710297e-05
ppt,1.6763372347710297e-05
forgotten,1.6763372347710297e-05
prematur,1.6763372347710297e-05
generos,1.6763372347710297e-05
esteban,1.6763372347710297e-05
pea,1.6763372347710297e-05
redi,1.6763372347710297e-05
statewid,1.6763372347710297e-05
subramanian,1.6763372347710297e-05
universidad,1.6763372347710297e-05
groundwat,1.6763372347710297e-05
pii,1.6763372347710297e-05
chair,1.6763372347710297e-05
oij,1.6763372347710297e-05
barski,1.6763372347710297e-05
monday,1.6763372347710297e-05
thrown,1.6763372347710297e-05
edi,1.6763372347710297e-05
firmsiz,1.6763372347710297e-05
xxxiv,1.6763372347710297e-05
biometrika,1.6763372347710297e-05
rossihansberg,1.6763372347710297e-05
secretariat,1.6763372347710297e-05
sse,1.6763372347710297e-05
deining,1.6763372347710297e-05
threefourth,1.6763372347710297e-05
yellen,1.6763372347710297e-05
fixedpric,1.6763372347710297e-05
subtot,1.6447082303413878e-05
lard,1.6447082303413878e-05
teacher,1.6447082303413878e-05
ave,1.6447082303413878e-05
mpi,1.6447082303413878e-05
appen,1.6447082303413878e-05
farreach,1.6447082303413878e-05
cea,1.6447082303413878e-05
usd,1.6447082303413878e-05
ninth,1.6447082303413878e-05
tember,1.6447082303413878e-05
violent,1.6447082303413878e-05
highyield,1.6447082303413878e-05
silicon,1.6447082303413878e-05
knot,1.6447082303413878e-05
brick,1.6447082303413878e-05
hyperbol,1.6447082303413878e-05
extraordinarili,1.6447082303413878e-05
disap,1.6447082303413878e-05
hil,1.6447082303413878e-05
salant,1.6447082303413878e-05
mayb,1.6447082303413878e-05
xxix,1.6447082303413878e-05
jaffe,1.6447082303413878e-05
brynjolfsson,1.6447082303413878e-05
minasian,1.6447082303413878e-05
neverth,1.6447082303413878e-05
ricultur,1.6447082303413878e-05
barlevi,1.6447082303413878e-05
pierr,1.6447082303413878e-05
yao,1.6447082303413878e-05
overcapac,1.6447082303413878e-05
maskin,1.6447082303413878e-05
cape,1.6447082303413878e-05
mediumterm,1.6447082303413878e-05
slide,1.6447082303413878e-05
backcast,1.6447082303413878e-05
takehom,1.6447082303413878e-05
isard,1.6447082303413878e-05
infrastruc,1.6447082303413878e-05
agesex,1.6447082303413878e-05
oven,1.6447082303413878e-05
mahalanobi,1.6447082303413878e-05
purdu,1.6447082303413878e-05
engi,1.6447082303413878e-05
lefthandsid,1.6447082303413878e-05
keizai,1.6447082303413878e-05
destabil,1.6447082303413878e-05
octan,1.6447082303413878e-05
morishima,1.6447082303413878e-05
ptm,1.6447082303413878e-05
galenson,1.6447082303413878e-05
cylind,1.6447082303413878e-05
unten,1.6447082303413878e-05
gauss,1.6447082303413878e-05
rope,1.6447082303413878e-05
sate,1.6447082303413878e-05
surcharg,1.6447082303413878e-05
mcr,1.6447082303413878e-05
oppon,1.6447082303413878e-05
knack,1.6447082303413878e-05
cream,1.6447082303413878e-05
dissatisfact,1.6447082303413878e-05
lowel,1.6447082303413878e-05
vmp,1.6447082303413878e-05
fric,1.6447082303413878e-05
hausmann,1.6447082303413878e-05
edinburgh,1.6447082303413878e-05
threemonth,1.6447082303413878e-05
hayn,1.6447082303413878e-05
httpdxdoiorgaer,1.6447082303413878e-05
ink,1.6447082303413878e-05
sitiv,1.6447082303413878e-05
related,1.6447082303413878e-05
tiat,1.6447082303413878e-05
aliz,1.6447082303413878e-05
returnstoscal,1.6447082303413878e-05
shield,1.6447082303413878e-05
privileg,1.6447082303413878e-05
portugues,1.6447082303413878e-05
wong,1.6447082303413878e-05
mehta,1.6447082303413878e-05
nontechnolog,1.6447082303413878e-05
tradeunion,1.6447082303413878e-05
monica,1.6447082303413878e-05
curvilinear,1.6447082303413878e-05
liev,1.6447082303413878e-05
sapir,1.6447082303413878e-05
degener,1.6447082303413878e-05
repel,1.6447082303413878e-05
reimburs,1.6447082303413878e-05
woolen,1.6447082303413878e-05
preponder,1.6447082303413878e-05
bert,1.6447082303413878e-05
handicap,1.6447082303413878e-05
buri,1.6447082303413878e-05
fitzgerald,1.6130792259117454e-05
ceutic,1.6130792259117454e-05
rodney,1.6130792259117454e-05
endang,1.6130792259117454e-05
christofid,1.6130792259117454e-05
guillermo,1.6130792259117454e-05
compu,1.6130792259117454e-05
yujiro,1.6130792259117454e-05
potash,1.6130792259117454e-05
grove,1.6130792259117454e-05
vine,1.6130792259117454e-05
princi,1.6130792259117454e-05
smoother,1.6130792259117454e-05
referr,1.6130792259117454e-05
unsettl,1.6130792259117454e-05
shopper,1.6130792259117454e-05
vir,1.6130792259117454e-05
yoram,1.6130792259117454e-05
lisa,1.6130792259117454e-05
tilt,1.6130792259117454e-05
lis,1.6130792259117454e-05
compr,1.6130792259117454e-05
resum,1.6130792259117454e-05
heir,1.6130792259117454e-05
tip,1.6130792259117454e-05
banc,1.6130792259117454e-05
manganes,1.6130792259117454e-05
toni,1.6130792259117454e-05
repaid,1.6130792259117454e-05
regionspecif,1.6130792259117454e-05
reset,1.6130792259117454e-05
quantif,1.6130792259117454e-05
venienc,1.6130792259117454e-05
reevalu,1.6130792259117454e-05
keefer,1.6130792259117454e-05
sovereignti,1.6130792259117454e-05
apc,1.6130792259117454e-05
gro,1.6130792259117454e-05
spark,1.6130792259117454e-05
lij,1.6130792259117454e-05
intertem,1.6130792259117454e-05
skin,1.6130792259117454e-05
mccormick,1.6130792259117454e-05
bake,1.6130792259117454e-05
plore,1.6130792259117454e-05
wta,1.6130792259117454e-05
dxt,1.6130792259117454e-05
riskfre,1.6130792259117454e-05
boyl,1.6130792259117454e-05
upset,1.6130792259117454e-05
bruton,1.6130792259117454e-05
cita,1.6130792259117454e-05
cipl,1.6130792259117454e-05
cbd,1.6130792259117454e-05
maisel,1.6130792259117454e-05
benkard,1.6130792259117454e-05
inframargin,1.6130792259117454e-05
pudney,1.6130792259117454e-05
tribe,1.6130792259117454e-05
thiss,1.6130792259117454e-05
pretti,1.6130792259117454e-05
flt,1.6130792259117454e-05
bul,1.6130792259117454e-05
sleev,1.6130792259117454e-05
lnx,1.6130792259117454e-05
presentvalu,1.6130792259117454e-05
economicjourn,1.6130792259117454e-05
platt,1.6130792259117454e-05
intratempor,1.6130792259117454e-05
soviettyp,1.6130792259117454e-05
miami,1.6130792259117454e-05
malaysian,1.6130792259117454e-05
manmad,1.6130792259117454e-05
selec,1.6130792259117454e-05
meissner,1.6130792259117454e-05
foley,1.6130792259117454e-05
maxima,1.6130792259117454e-05
saintpaul,1.6130792259117454e-05
sunday,1.6130792259117454e-05
shortest,1.6130792259117454e-05
longrang,1.6130792259117454e-05
boyer,1.6130792259117454e-05
sixmonth,1.6130792259117454e-05
adrian,1.6130792259117454e-05
xxxii,1.6130792259117454e-05
outbreak,1.6130792259117454e-05
dln,1.6130792259117454e-05
interconnect,1.6130792259117454e-05
workingag,1.6130792259117454e-05
secondperiod,1.6130792259117454e-05
kashyap,1.6130792259117454e-05
reiter,1.6130792259117454e-05
carrol,1.6130792259117454e-05
beach,1.6130792259117454e-05
uncontrol,1.6130792259117454e-05
malleabl,1.6130792259117454e-05
titat,1.6130792259117454e-05
nich,1.6130792259117454e-05
manov,1.6130792259117454e-05
pas,1.6130792259117454e-05
geq,1.6130792259117454e-05
moulton,1.6130792259117454e-05
chaotic,1.6130792259117454e-05
malaya,1.6130792259117454e-05
jacobson,1.5814502214821035e-05
nowher,1.5814502214821035e-05
lopez,1.5814502214821035e-05
huber,1.5814502214821035e-05
aizenman,1.5814502214821035e-05
moscow,1.5814502214821035e-05
shortliv,1.5814502214821035e-05
centli,1.5814502214821035e-05
concert,1.5814502214821035e-05
releg,1.5814502214821035e-05
overdraft,1.5814502214821035e-05
absurd,1.5814502214821035e-05
garp,1.5814502214821035e-05
jacquemin,1.5814502214821035e-05
aviv,1.5814502214821035e-05
machinist,1.5814502214821035e-05
ris,1.5814502214821035e-05
nicholson,1.5814502214821035e-05
accra,1.5814502214821035e-05
pppadjust,1.5814502214821035e-05
megawatt,1.5814502214821035e-05
crush,1.5814502214821035e-05
laboursav,1.5814502214821035e-05
helliwel,1.5814502214821035e-05
milgrom,1.5814502214821035e-05
pio,1.5814502214821035e-05
incap,1.5814502214821035e-05
diwan,1.5814502214821035e-05
footloos,1.5814502214821035e-05
pagan,1.5814502214821035e-05
vertex,1.5814502214821035e-05
environmen,1.5814502214821035e-05
bump,1.5814502214821035e-05
nonmonetari,1.5814502214821035e-05
moni,1.5814502214821035e-05
rothenberg,1.5814502214821035e-05
marketplac,1.5814502214821035e-05
provision,1.5814502214821035e-05
eve,1.5814502214821035e-05
sweeney,1.5814502214821035e-05
strive,1.5814502214821035e-05
extant,1.5814502214821035e-05
jin,1.5814502214821035e-05
talli,1.5814502214821035e-05
kwon,1.5814502214821035e-05
qualita,1.5814502214821035e-05
slovak,1.5814502214821035e-05
leq,1.5814502214821035e-05
provi,1.5814502214821035e-05
dip,1.5814502214821035e-05
overhang,1.5814502214821035e-05
schemat,1.5814502214821035e-05
torsten,1.5814502214821035e-05
blind,1.5814502214821035e-05
tau,1.5814502214821035e-05
kaiser,1.5814502214821035e-05
albania,1.5814502214821035e-05
bemdt,1.5814502214821035e-05
multiunit,1.5814502214821035e-05
gallaway,1.5814502214821035e-05
barber,1.5814502214821035e-05
costbas,1.5814502214821035e-05
xxv,1.5814502214821035e-05
grossli,1.5814502214821035e-05
marston,1.5814502214821035e-05
sah,1.5814502214821035e-05
surinam,1.5814502214821035e-05
macdougal,1.5814502214821035e-05
reed,1.5814502214821035e-05
mieszkowski,1.5814502214821035e-05
reliev,1.5814502214821035e-05
ericson,1.5814502214821035e-05
goldschmid,1.5814502214821035e-05
sawyer,1.5814502214821035e-05
cheung,1.5814502214821035e-05
highcost,1.5814502214821035e-05
cyc,1.5814502214821035e-05
lviii,1.5814502214821035e-05
telecom,1.5814502214821035e-05
drazen,1.5814502214821035e-05
kitchen,1.5814502214821035e-05
bahrain,1.5814502214821035e-05
offpeak,1.5814502214821035e-05
technician,1.5814502214821035e-05
bia,1.5814502214821035e-05
clq,1.5814502214821035e-05
issuanc,1.5814502214821035e-05
rant,1.5814502214821035e-05
bessem,1.5814502214821035e-05
clusiv,1.5814502214821035e-05
threefold,1.5814502214821035e-05
gottlieb,1.5814502214821035e-05
cna,1.5814502214821035e-05
transfor,1.5498212170524615e-05
seam,1.5498212170524615e-05
basmann,1.5498212170524615e-05
wellestablish,1.5498212170524615e-05
dnk,1.5498212170524615e-05
immens,1.5498212170524615e-05
aci,1.5498212170524615e-05
tempera,1.5498212170524615e-05
taper,1.5498212170524615e-05
naliti,1.5498212170524615e-05
lariti,1.5498212170524615e-05
laura,1.5498212170524615e-05
ikt,1.5498212170524615e-05
afi,1.5498212170524615e-05
unfavour,1.5498212170524615e-05
leser,1.5498212170524615e-05
lxxvi,1.5498212170524615e-05
transpos,1.5498212170524615e-05
labourmanag,1.5498212170524615e-05
statut,1.5498212170524615e-05
welcom,1.5498212170524615e-05
murdoch,1.5498212170524615e-05
rappaport,1.5498212170524615e-05
ale,1.5498212170524615e-05
regain,1.5498212170524615e-05
aggrav,1.5498212170524615e-05
deflationari,1.5498212170524615e-05
ras,1.5498212170524615e-05
endpoint,1.5498212170524615e-05
diversifica,1.5498212170524615e-05
dowment,1.5498212170524615e-05
populationweight,1.5498212170524615e-05
traderel,1.5498212170524615e-05
bone,1.5498212170524615e-05
gomulka,1.5498212170524615e-05
longperiod,1.5498212170524615e-05
ida,1.5498212170524615e-05
noncapit,1.5498212170524615e-05
postag,1.5498212170524615e-05
campa,1.5498212170524615e-05
cii,1.5498212170524615e-05
vanderbilt,1.5498212170524615e-05
lrd,1.5498212170524615e-05
communi,1.5498212170524615e-05
tollison,1.5498212170524615e-05
gaskin,1.5498212170524615e-05
propo,1.5498212170524615e-05
naval,1.5498212170524615e-05
cummin,1.5498212170524615e-05
vancouv,1.5498212170524615e-05
gan,1.5498212170524615e-05
brent,1.5498212170524615e-05
cairn,1.5498212170524615e-05
hildenbrand,1.5498212170524615e-05
cso,1.5498212170524615e-05
progr,1.5498212170524615e-05
antilog,1.5498212170524615e-05
carriag,1.5498212170524615e-05
lxi,1.5498212170524615e-05
contrac,1.5498212170524615e-05
ult,1.5498212170524615e-05
cheng,1.5498212170524615e-05
summa,1.5498212170524615e-05
overrid,1.5498212170524615e-05
jaim,1.5498212170524615e-05
circa,1.5498212170524615e-05
wipe,1.5498212170524615e-05
lize,1.5498212170524615e-05
smallhold,1.5498212170524615e-05
itl,1.5498212170524615e-05
elli,1.5498212170524615e-05
imperi,1.5498212170524615e-05
ehrenberg,1.5498212170524615e-05
ellips,1.5498212170524615e-05
scottish,1.5498212170524615e-05
crowdingout,1.5498212170524615e-05
pcp,1.5498212170524615e-05
flash,1.5498212170524615e-05
zeckhaus,1.5498212170524615e-05
lcp,1.5498212170524615e-05
rebound,1.5498212170524615e-05
pot,1.5498212170524615e-05
wilton,1.5498212170524615e-05
iza,1.5498212170524615e-05
karen,1.5498212170524615e-05
luigi,1.5498212170524615e-05
lowtax,1.5498212170524615e-05
ahm,1.5498212170524615e-05
mitra,1.5498212170524615e-05
ppe,1.5498212170524615e-05
cumstanc,1.5181922126228194e-05
strauss,1.5181922126228194e-05
zle,1.5181922126228194e-05
fip,1.5181922126228194e-05
noncompar,1.5181922126228194e-05
bliss,1.5181922126228194e-05
schwab,1.5181922126228194e-05
cmp,1.5181922126228194e-05
rectangl,1.5181922126228194e-05
reconsider,1.5181922126228194e-05
drag,1.5181922126228194e-05
immun,1.5181922126228194e-05
testifi,1.5181922126228194e-05
evo,1.5181922126228194e-05
cul,1.5181922126228194e-05
walsh,1.5181922126228194e-05
brozen,1.5181922126228194e-05
chal,1.5181922126228194e-05
stoppag,1.5181922126228194e-05
orig,1.5181922126228194e-05
margi,1.5181922126228194e-05
monotoni,1.5181922126228194e-05
inf,1.5181922126228194e-05
heterog,1.5181922126228194e-05
compensa,1.5181922126228194e-05
landau,1.5181922126228194e-05
walra,1.5181922126228194e-05
lever,1.5181922126228194e-05
cleans,1.5181922126228194e-05
stall,1.5181922126228194e-05
exper,1.5181922126228194e-05
oni,1.5181922126228194e-05
borja,1.5181922126228194e-05
ohanian,1.5181922126228194e-05
crepanc,1.5181922126228194e-05
precommit,1.5181922126228194e-05
welldevelop,1.5181922126228194e-05
preworld,1.5181922126228194e-05
nei,1.5181922126228194e-05
brake,1.5181922126228194e-05
tortion,1.5181922126228194e-05
pesticid,1.5181922126228194e-05
underesti,1.5181922126228194e-05
lvii,1.5181922126228194e-05
bath,1.5181922126228194e-05
cil,1.5181922126228194e-05
kij,1.5181922126228194e-05
ordi,1.5181922126228194e-05
noll,1.5181922126228194e-05
invoic,1.5181922126228194e-05
jobber,1.5181922126228194e-05
tse,1.5181922126228194e-05
cropper,1.5181922126228194e-05
lave,1.5181922126228194e-05
disinfl,1.5181922126228194e-05
cpt,1.5181922126228194e-05
seoul,1.5181922126228194e-05
hth,1.5181922126228194e-05
leum,1.5181922126228194e-05
mentar,1.5181922126228194e-05
uft,1.5181922126228194e-05
rasmussen,1.5181922126228194e-05
mckenzi,1.5181922126228194e-05
lax,1.5181922126228194e-05
holden,1.5181922126228194e-05
diffu,1.5181922126228194e-05
unravel,1.5181922126228194e-05
liviatan,1.5181922126228194e-05
recon,1.5181922126228194e-05
uij,1.5181922126228194e-05
isoelast,1.5181922126228194e-05
banana,1.5181922126228194e-05
statistisch,1.5181922126228194e-05
matsuyama,1.5181922126228194e-05
salvag,1.5181922126228194e-05
victoria,1.5181922126228194e-05
terrain,1.5181922126228194e-05
mainfram,1.5181922126228194e-05
microeconometr,1.5181922126228194e-05
highpric,1.5181922126228194e-05
goldman,1.5181922126228194e-05
nonriv,1.5181922126228194e-05
procyc,1.5181922126228194e-05
supp,1.5181922126228194e-05
liq,1.5181922126228194e-05
canning,1.5181922126228194e-05
neal,1.5181922126228194e-05
dfi,1.5181922126228194e-05
taxa,1.5181922126228194e-05
diminut,1.5181922126228194e-05
lincoln,1.4865632081931774e-05
coloc,1.4865632081931774e-05
endo,1.4865632081931774e-05
tanner,1.4865632081931774e-05
mohr,1.4865632081931774e-05
anism,1.4865632081931774e-05
steward,1.4865632081931774e-05
subcompon,1.4865632081931774e-05
chn,1.4865632081931774e-05
yearold,1.4865632081931774e-05
underpr,1.4865632081931774e-05
uation,1.4865632081931774e-05
angrist,1.4865632081931774e-05
hornbeck,1.4865632081931774e-05
ception,1.4865632081931774e-05
tanzi,1.4865632081931774e-05
lenc,1.4865632081931774e-05
exxon,1.4865632081931774e-05
defeat,1.4865632081931774e-05
nace,1.4865632081931774e-05
brewer,1.4865632081931774e-05
nevo,1.4865632081931774e-05
andersonrubin,1.4865632081931774e-05
sbc,1.4865632081931774e-05
cti,1.4865632081931774e-05
underpredict,1.4865632081931774e-05
singlepl,1.4865632081931774e-05
bat,1.4865632081931774e-05
edgar,1.4865632081931774e-05
nihon,1.4865632081931774e-05
stefan,1.4865632081931774e-05
buera,1.4865632081931774e-05
convict,1.4865632081931774e-05
ssa,1.4865632081931774e-05
fujita,1.4865632081931774e-05
countrysid,1.4865632081931774e-05
sporad,1.4865632081931774e-05
oneforon,1.4865632081931774e-05
eyt,1.4865632081931774e-05
cyr,1.4865632081931774e-05
aji,1.4865632081931774e-05
jefferson,1.4865632081931774e-05
bms,1.4865632081931774e-05
automo,1.4865632081931774e-05
anna,1.4865632081931774e-05
westward,1.4865632081931774e-05
aik,1.4865632081931774e-05
januaryfebruari,1.4865632081931774e-05
contriv,1.4865632081931774e-05
psychic,1.4865632081931774e-05
hardl,1.4865632081931774e-05
loosen,1.4865632081931774e-05
clifford,1.4865632081931774e-05
tourism,1.4865632081931774e-05
lopezdesilan,1.4865632081931774e-05
adt,1.4865632081931774e-05
illiter,1.4865632081931774e-05
nar,1.4865632081931774e-05
tactic,1.4865632081931774e-05
hamiltonian,1.4865632081931774e-05
tiation,1.4865632081931774e-05
ash,1.4865632081931774e-05
fpc,1.4865632081931774e-05
costreduc,1.4865632081931774e-05
esther,1.4865632081931774e-05
septem,1.4865632081931774e-05
ode,1.4865632081931774e-05
limita,1.4865632081931774e-05
factorproport,1.4865632081931774e-05
uscanada,1.4865632081931774e-05
aoo,1.4865632081931774e-05
stylis,1.4865632081931774e-05
mute,1.4865632081931774e-05
xxxi,1.4865632081931774e-05
sifi,1.4865632081931774e-05
zjt,1.4865632081931774e-05
dartmouth,1.4865632081931774e-05
advisor,1.4865632081931774e-05
codetermin,1.4865632081931774e-05
dva,1.4865632081931774e-05
bilat,1.4865632081931774e-05
cipal,1.4865632081931774e-05
plifi,1.4865632081931774e-05
synonym,1.4865632081931774e-05
jorgensen,1.4865632081931774e-05
twoequat,1.4865632081931774e-05
computer,1.4865632081931774e-05
brock,1.4865632081931774e-05
ager,1.4865632081931774e-05
elt,1.4865632081931774e-05
starvat,1.4865632081931774e-05
prorat,1.4865632081931774e-05
rachel,1.4865632081931774e-05
divorc,1.4865632081931774e-05
trix,1.4865632081931774e-05
sentiment,1.4865632081931774e-05
lemieux,1.4865632081931774e-05
andj,1.4865632081931774e-05
judith,1.4865632081931774e-05
cdc,1.4865632081931774e-05
twodimension,1.4865632081931774e-05
twentysix,1.4865632081931774e-05
uar,1.4865632081931774e-05
alto,1.4865632081931774e-05
undergon,1.4865632081931774e-05
tak,1.4865632081931774e-05
divest,1.4865632081931774e-05
oto,1.4865632081931774e-05
evalua,1.4865632081931774e-05
fls,1.4865632081931774e-05
det,1.4549342037635352e-05
pitt,1.4549342037635352e-05
darrough,1.4549342037635352e-05
tihe,1.4549342037635352e-05
longerrun,1.4549342037635352e-05
cosin,1.4549342037635352e-05
firstperiod,1.4549342037635352e-05
kjt,1.4549342037635352e-05
fallback,1.4549342037635352e-05
habitu,1.4549342037635352e-05
rdintens,1.4549342037635352e-05
vroman,1.4549342037635352e-05
revolutionari,1.4549342037635352e-05
teenth,1.4549342037635352e-05
opportuni,1.4549342037635352e-05
unidentifi,1.4549342037635352e-05
garch,1.4549342037635352e-05
mep,1.4549342037635352e-05
tle,1.4549342037635352e-05
esrc,1.4549342037635352e-05
readjust,1.4549342037635352e-05
twelfth,1.4549342037635352e-05
capitalaug,1.4549342037635352e-05
improb,1.4549342037635352e-05
sential,1.4549342037635352e-05
postentri,1.4549342037635352e-05
claessen,1.4549342037635352e-05
rye,1.4549342037635352e-05
avc,1.4549342037635352e-05
hyperplan,1.4549342037635352e-05
development,1.4549342037635352e-05
interquartil,1.4549342037635352e-05
rai,1.4549342037635352e-05
loyal,1.4549342037635352e-05
uneconom,1.4549342037635352e-05
hypothesis,1.4549342037635352e-05
fama,1.4549342037635352e-05
ejt,1.4549342037635352e-05
sail,1.4549342037635352e-05
shortcut,1.4549342037635352e-05
pra,1.4549342037635352e-05
lydal,1.4549342037635352e-05
nonagricul,1.4549342037635352e-05
tinction,1.4549342037635352e-05
decanio,1.4549342037635352e-05
goodman,1.4549342037635352e-05
examina,1.4549342037635352e-05
quarri,1.4549342037635352e-05
sto,1.4549342037635352e-05
riverabatiz,1.4549342037635352e-05
workabl,1.4549342037635352e-05
spontan,1.4549342037635352e-05
adf,1.4549342037635352e-05
minimumwag,1.4549342037635352e-05
rigobon,1.4549342037635352e-05
lighter,1.4549342037635352e-05
ahluwalia,1.4549342037635352e-05
essari,1.4549342037635352e-05
sire,1.4549342037635352e-05
invad,1.4549342037635352e-05
diari,1.4549342037635352e-05
lix,1.4549342037635352e-05
prog,1.4549342037635352e-05
degrad,1.4549342037635352e-05
neth,1.4549342037635352e-05
gtc,1.4549342037635352e-05
flexi,1.4549342037635352e-05
tractiv,1.4549342037635352e-05
indonesian,1.4549342037635352e-05
licenc,1.4549342037635352e-05
separa,1.4549342037635352e-05
dali,1.4549342037635352e-05
changtai,1.4549342037635352e-05
rri,1.4549342037635352e-05
jongwha,1.4549342037635352e-05
plex,1.4549342037635352e-05
carlson,1.4549342037635352e-05
ecla,1.4549342037635352e-05
forgo,1.4549342037635352e-05
shin,1.4549342037635352e-05
pml,1.4549342037635352e-05
fade,1.4549342037635352e-05
tenci,1.4549342037635352e-05
citibas,1.4549342037635352e-05
earmark,1.4549342037635352e-05
cigar,1.4549342037635352e-05
contem,1.4549342037635352e-05
koo,1.4549342037635352e-05
honour,1.4549342037635352e-05
ulti,1.4549342037635352e-05
turnovski,1.4549342037635352e-05
ohta,1.4549342037635352e-05
pce,1.4549342037635352e-05
misinterpret,1.4549342037635352e-05
arbitr,1.4549342037635352e-05
hatton,1.4549342037635352e-05
arti,1.4549342037635352e-05
dant,1.4549342037635352e-05
girl,1.4549342037635352e-05
epl,1.4549342037635352e-05
lari,1.4549342037635352e-05
dle,1.4549342037635352e-05
contrib,1.4549342037635352e-05
riskless,1.4549342037635352e-05
hanna,1.4549342037635352e-05
manuf,1.4549342037635352e-05
olmstead,1.4549342037635352e-05
sack,1.4549342037635352e-05
minish,1.4233051993338931e-05
turbin,1.4233051993338931e-05
fafchamp,1.4233051993338931e-05
qua,1.4233051993338931e-05
ingram,1.4233051993338931e-05
magnif,1.4233051993338931e-05
olsen,1.4233051993338931e-05
jap,1.4233051993338931e-05
homoskedast,1.4233051993338931e-05
osaka,1.4233051993338931e-05
kennan,1.4233051993338931e-05
imping,1.4233051993338931e-05
metri,1.4233051993338931e-05
prasad,1.4233051993338931e-05
cism,1.4233051993338931e-05
ctt,1.4233051993338931e-05
momentum,1.4233051993338931e-05
piecer,1.4233051993338931e-05
rdx,1.4233051993338931e-05
reweight,1.4233051993338931e-05
keller,1.4233051993338931e-05
benhabib,1.4233051993338931e-05
germ,1.4233051993338931e-05
rem,1.4233051993338931e-05
neu,1.4233051993338931e-05
mft,1.4233051993338931e-05
lowerqu,1.4233051993338931e-05
keimu,1.4233051993338931e-05
inci,1.4233051993338931e-05
ytl,1.4233051993338931e-05
jeann,1.4233051993338931e-05
expositori,1.4233051993338931e-05
oulton,1.4233051993338931e-05
tpi,1.4233051993338931e-05
xki,1.4233051993338931e-05
tnc,1.4233051993338931e-05
kalemliozcan,1.4233051993338931e-05
interamerican,1.4233051993338931e-05
adi,1.4233051993338931e-05
obe,1.4233051993338931e-05
imum,1.4233051993338931e-05
thorbeck,1.4233051993338931e-05
whitney,1.4233051993338931e-05
longev,1.4233051993338931e-05
tinct,1.4233051993338931e-05
ficult,1.4233051993338931e-05
inp,1.4233051993338931e-05
viet,1.4233051993338931e-05
mccall,1.4233051993338931e-05
saling,1.4233051993338931e-05
spurt,1.4233051993338931e-05
neiti,1.4233051993338931e-05
vjt,1.4233051993338931e-05
nonrenew,1.4233051993338931e-05
aoi,1.4233051993338931e-05
elgar,1.4233051993338931e-05
lagrangean,1.4233051993338931e-05
commonplac,1.4233051993338931e-05
prize,1.4233051993338931e-05
aio,1.4233051993338931e-05
div,1.4233051993338931e-05
asymp,1.4233051993338931e-05
laborus,1.4233051993338931e-05
subordin,1.4233051993338931e-05
phlip,1.4233051993338931e-05
concentrationprofit,1.4233051993338931e-05
biguous,1.4233051993338931e-05
heroic,1.4233051993338931e-05
ratif,1.4233051993338931e-05
apk,1.4233051993338931e-05
noah,1.4233051993338931e-05
glomer,1.4233051993338931e-05
org,1.4233051993338931e-05
lnn,1.4233051993338931e-05
roemer,1.4233051993338931e-05
frickey,1.4233051993338931e-05
ringstad,1.4233051993338931e-05
individuallevel,1.4233051993338931e-05
liver,1.4233051993338931e-05
ghg,1.4233051993338931e-05
blueprint,1.4233051993338931e-05
penguin,1.4233051993338931e-05
nousli,1.4233051993338931e-05
tenreyro,1.4233051993338931e-05
rdi,1.4233051993338931e-05
fernando,1.4233051993338931e-05
reddaway,1.4233051993338931e-05
purcha,1.4233051993338931e-05
ramaswami,1.4233051993338931e-05
preindustri,1.4233051993338931e-05
isi,1.4233051993338931e-05
highschool,1.4233051993338931e-05
lintner,1.4233051993338931e-05
hendrick,1.4233051993338931e-05
surrend,1.4233051993338931e-05
xlvii,1.4233051993338931e-05
indoor,1.4233051993338931e-05
terpris,1.4233051993338931e-05
thirtyf,1.4233051993338931e-05
redistribu,1.4233051993338931e-05
healthi,1.4233051993338931e-05
decem,1.4233051993338931e-05
wen,1.4233051993338931e-05
cjt,1.4233051993338931e-05
lizat,1.4233051993338931e-05
cont,1.4233051993338931e-05
marilyn,1.4233051993338931e-05
terfactu,1.4233051993338931e-05
burton,1.4233051993338931e-05
epidem,1.4233051993338931e-05
troublesom,1.4233051993338931e-05
julyaugust,1.3916761949042511e-05
cll,1.3916761949042511e-05
paretooptim,1.3916761949042511e-05
countryindustri,1.3916761949042511e-05
alvin,1.3916761949042511e-05
shorttim,1.3916761949042511e-05
phil,1.3916761949042511e-05
edn,1.3916761949042511e-05
metropoli,1.3916761949042511e-05
fusion,1.3916761949042511e-05
fortyfour,1.3916761949042511e-05
patronag,1.3916761949042511e-05
rein,1.3916761949042511e-05
itat,1.3916761949042511e-05
tunnel,1.3916761949042511e-05
scheinkman,1.3916761949042511e-05
olken,1.3916761949042511e-05
elasti,1.3916761949042511e-05
cutback,1.3916761949042511e-05
uninform,1.3916761949042511e-05
perkin,1.3916761949042511e-05
nld,1.3916761949042511e-05
universit,1.3916761949042511e-05
palm,1.3916761949042511e-05
beauti,1.3916761949042511e-05
armen,1.3916761949042511e-05
cathol,1.3916761949042511e-05
unsustain,1.3916761949042511e-05
purifi,1.3916761949042511e-05
insolv,1.3916761949042511e-05
wir,1.3916761949042511e-05
mors,1.3916761949042511e-05
coen,1.3916761949042511e-05
vienna,1.3916761949042511e-05
canon,1.3916761949042511e-05
eth,1.3916761949042511e-05
xft,1.3916761949042511e-05
sturm,1.3916761949042511e-05
housekeep,1.3916761949042511e-05
constantreturnstoscal,1.3916761949042511e-05
xti,1.3916761949042511e-05
praag,1.3916761949042511e-05
rex,1.3916761949042511e-05
stata,1.3916761949042511e-05
politan,1.3916761949042511e-05
vendor,1.3916761949042511e-05
download,1.3916761949042511e-05
nces,1.3916761949042511e-05
mincerian,1.3916761949042511e-05
hori,1.3916761949042511e-05
romeo,1.3916761949042511e-05
onstrat,1.3916761949042511e-05
folio,1.3916761949042511e-05
qti,1.3916761949042511e-05
openend,1.3916761949042511e-05
calmfor,1.3916761949042511e-05
veblen,1.3916761949042511e-05
bould,1.3916761949042511e-05
nition,1.3916761949042511e-05
meteorolog,1.3916761949042511e-05
bowman,1.3916761949042511e-05
taxi,1.3916761949042511e-05
bueno,1.3916761949042511e-05
rockefel,1.3916761949042511e-05
asym,1.3916761949042511e-05
cex,1.3916761949042511e-05
subcontract,1.3916761949042511e-05
rti,1.3916761949042511e-05
lns,1.3916761949042511e-05
multitud,1.3916761949042511e-05
wheeler,1.3916761949042511e-05
acknowl,1.3916761949042511e-05
fox,1.3916761949042511e-05
markham,1.3916761949042511e-05
interplay,1.3916761949042511e-05
twosid,1.3916761949042511e-05
mtl,1.3916761949042511e-05
pragmat,1.3916761949042511e-05
tedious,1.3916761949042511e-05
hawkin,1.3916761949042511e-05
wht,1.3916761949042511e-05
junior,1.3916761949042511e-05
canberra,1.3916761949042511e-05
worcest,1.3916761949042511e-05
lac,1.3916761949042511e-05
lhs,1.3916761949042511e-05
plementari,1.3916761949042511e-05
genous,1.3916761949042511e-05
brandt,1.3916761949042511e-05
commi,1.3916761949042511e-05
bestpractic,1.3916761949042511e-05
milner,1.3916761949042511e-05
philosophi,1.3916761949042511e-05
ondari,1.3916761949042511e-05
partha,1.3916761949042511e-05
asylum,1.3916761949042511e-05
treadway,1.3916761949042511e-05
writ,1.3916761949042511e-05
bosworth,1.3916761949042511e-05
zeroon,1.3916761949042511e-05
efi,1.3916761949042511e-05
importsubstitut,1.3916761949042511e-05
sidestep,1.3916761949042511e-05
shore,1.3916761949042511e-05
cfa,1.3916761949042511e-05
domino,1.3916761949042511e-05
profe,1.3916761949042511e-05
ganize,1.3916761949042511e-05
spa,1.3916761949042511e-05
payer,1.3916761949042511e-05
credenc,1.3916761949042511e-05
dupor,1.3916761949042511e-05
highskil,1.3916761949042511e-05
seiz,1.3916761949042511e-05
premerg,1.3916761949042511e-05
casestudi,1.3916761949042511e-05
democ,1.3916761949042511e-05
leftward,1.360047190474609e-05
azerbaijan,1.360047190474609e-05
rear,1.360047190474609e-05
willard,1.360047190474609e-05
arena,1.360047190474609e-05
formalis,1.360047190474609e-05
glauber,1.360047190474609e-05
smoker,1.360047190474609e-05
resurg,1.360047190474609e-05
submatrix,1.360047190474609e-05
rehir,1.360047190474609e-05
manski,1.360047190474609e-05
scatterplot,1.360047190474609e-05
loop,1.360047190474609e-05
roo,1.360047190474609e-05
loci,1.360047190474609e-05
emir,1.360047190474609e-05
munro,1.360047190474609e-05
hellein,1.360047190474609e-05
dwl,1.360047190474609e-05
dalton,1.360047190474609e-05
hansson,1.360047190474609e-05
bud,1.360047190474609e-05
sas,1.360047190474609e-05
seventeenth,1.360047190474609e-05
sander,1.360047190474609e-05
chemi,1.360047190474609e-05
oak,1.360047190474609e-05
xxxviii,1.360047190474609e-05
gvt,1.360047190474609e-05
douglass,1.360047190474609e-05
disc,1.360047190474609e-05
belsley,1.360047190474609e-05
morley,1.360047190474609e-05
interprovinci,1.360047190474609e-05
laborsuppli,1.360047190474609e-05
ernest,1.360047190474609e-05
tautolog,1.360047190474609e-05
cle,1.360047190474609e-05
builtin,1.360047190474609e-05
che,1.360047190474609e-05
destitut,1.360047190474609e-05
cusum,1.360047190474609e-05
chinn,1.360047190474609e-05
leng,1.360047190474609e-05
faulti,1.360047190474609e-05
ein,1.360047190474609e-05
fiat,1.360047190474609e-05
ihe,1.360047190474609e-05
roosevelt,1.360047190474609e-05
glen,1.360047190474609e-05
intem,1.360047190474609e-05
noninflationari,1.360047190474609e-05
factormarket,1.360047190474609e-05
janeiro,1.360047190474609e-05
ridg,1.360047190474609e-05
yond,1.360047190474609e-05
equatori,1.360047190474609e-05
quiggin,1.360047190474609e-05
bankrupt,1.360047190474609e-05
whatsoev,1.360047190474609e-05
trict,1.360047190474609e-05
ipp,1.360047190474609e-05
phys,1.360047190474609e-05
blockad,1.360047190474609e-05
superimpos,1.360047190474609e-05
veneer,1.360047190474609e-05
beg,1.360047190474609e-05
redirect,1.360047190474609e-05
hirshleif,1.360047190474609e-05
rth,1.360047190474609e-05
disarma,1.360047190474609e-05
takayama,1.360047190474609e-05
evanston,1.360047190474609e-05
garsington,1.360047190474609e-05
baron,1.360047190474609e-05
preshock,1.360047190474609e-05
noncontract,1.360047190474609e-05
eduardo,1.360047190474609e-05
totic,1.360047190474609e-05
lowercas,1.360047190474609e-05
inexpens,1.360047190474609e-05
lund,1.360047190474609e-05
stagflat,1.360047190474609e-05
gal,1.360047190474609e-05
xik,1.360047190474609e-05
poi,1.360047190474609e-05
metallurgi,1.360047190474609e-05
teen,1.360047190474609e-05
unattract,1.360047190474609e-05
biodivers,1.360047190474609e-05
penros,1.360047190474609e-05
costeffect,1.360047190474609e-05
groningen,1.360047190474609e-05
intermitt,1.360047190474609e-05
patricia,1.360047190474609e-05
xxii,1.360047190474609e-05
nonmet,1.360047190474609e-05
ress,1.360047190474609e-05
winnick,1.360047190474609e-05
woo,1.360047190474609e-05
decrea,1.360047190474609e-05
wal,1.360047190474609e-05
discrimi,1.360047190474609e-05
bradi,1.360047190474609e-05
alo,1.360047190474609e-05
ire,1.360047190474609e-05
katona,1.360047190474609e-05
nineti,1.360047190474609e-05
chichilniski,1.360047190474609e-05
suspend,1.328418186044967e-05
unrecord,1.328418186044967e-05
pkk,1.328418186044967e-05
tun,1.328418186044967e-05
pov,1.328418186044967e-05
svensson,1.328418186044967e-05
lnw,1.328418186044967e-05
vietnames,1.328418186044967e-05
pred,1.328418186044967e-05
antwerp,1.328418186044967e-05
freed,1.328418186044967e-05
disproport,1.328418186044967e-05
avi,1.328418186044967e-05
swaziland,1.328418186044967e-05
turvey,1.328418186044967e-05
xkt,1.328418186044967e-05
istenc,1.328418186044967e-05
cho,1.328418186044967e-05
profitmaximis,1.328418186044967e-05
unmatch,1.328418186044967e-05
distinc,1.328418186044967e-05
vive,1.328418186044967e-05
wageprofit,1.328418186044967e-05
gent,1.328418186044967e-05
servabl,1.328418186044967e-05
nathaniel,1.328418186044967e-05
visa,1.328418186044967e-05
legisla,1.328418186044967e-05
nox,1.328418186044967e-05
rrq,1.328418186044967e-05
chil,1.328418186044967e-05
operat,1.328418186044967e-05
recom,1.328418186044967e-05
tribal,1.328418186044967e-05
pus,1.328418186044967e-05
ingeni,1.328418186044967e-05
cqt,1.328418186044967e-05
traceabl,1.328418186044967e-05
hammond,1.328418186044967e-05
dlt,1.328418186044967e-05
kerosen,1.328418186044967e-05
accident,1.328418186044967e-05
kazakhstan,1.328418186044967e-05
kiyotaki,1.328418186044967e-05
poo,1.328418186044967e-05
kalecki,1.328418186044967e-05
nonland,1.328418186044967e-05
clus,1.328418186044967e-05
enci,1.328418186044967e-05
mike,1.328418186044967e-05
frost,1.328418186044967e-05
adler,1.328418186044967e-05
nonneglig,1.328418186044967e-05
dedola,1.328418186044967e-05
reswitch,1.328418186044967e-05
neigh,1.328418186044967e-05
xlii,1.328418186044967e-05
rutger,1.328418186044967e-05
cnt,1.328418186044967e-05
productionwork,1.328418186044967e-05
atl,1.328418186044967e-05
highvalu,1.328418186044967e-05
thou,1.328418186044967e-05
dissatisfi,1.328418186044967e-05
sjaastad,1.328418186044967e-05
blight,1.328418186044967e-05
wijnbergen,1.328418186044967e-05
recip,1.328418186044967e-05
alejandro,1.328418186044967e-05
victim,1.328418186044967e-05
cragg,1.328418186044967e-05
obviat,1.328418186044967e-05
devast,1.328418186044967e-05
spous,1.328418186044967e-05
destina,1.328418186044967e-05
tear,1.328418186044967e-05
undefl,1.328418186044967e-05
kay,1.328418186044967e-05
whitin,1.328418186044967e-05
annex,1.328418186044967e-05
utilitymaxim,1.328418186044967e-05
ttt,1.328418186044967e-05
householdlevel,1.328418186044967e-05
tstat,1.328418186044967e-05
ila,1.328418186044967e-05
xxiii,1.328418186044967e-05
marco,1.328418186044967e-05
idc,1.328418186044967e-05
lei,1.328418186044967e-05
aft,1.328418186044967e-05
nfi,1.328418186044967e-05
tonic,1.328418186044967e-05
legitimaci,1.328418186044967e-05
giavazzi,1.328418186044967e-05
lxv,1.328418186044967e-05
nonstationar,1.328418186044967e-05
pak,1.328418186044967e-05
standbi,1.328418186044967e-05
pil,1.328418186044967e-05
nondemocraci,1.328418186044967e-05
arid,1.328418186044967e-05
warfar,1.328418186044967e-05
mancur,1.328418186044967e-05
taussig,1.328418186044967e-05
fernandez,1.328418186044967e-05
cursori,1.328418186044967e-05
whale,1.328418186044967e-05
culmin,1.2967891816153249e-05
prudent,1.2967891816153249e-05
bore,1.2967891816153249e-05
closedeconomi,1.2967891816153249e-05
sirabl,1.2967891816153249e-05
privi,1.2967891816153249e-05
vittorio,1.2967891816153249e-05
rts,1.2967891816153249e-05
honest,1.2967891816153249e-05
bxt,1.2967891816153249e-05
thirtysix,1.2967891816153249e-05
pqt,1.2967891816153249e-05
hatanaka,1.2967891816153249e-05
concur,1.2967891816153249e-05
thie,1.2967891816153249e-05
curri,1.2967891816153249e-05
tort,1.2967891816153249e-05
alwyn,1.2967891816153249e-05
eleventh,1.2967891816153249e-05
fraser,1.2967891816153249e-05
powder,1.2967891816153249e-05
bsc,1.2967891816153249e-05
nonurban,1.2967891816153249e-05
mlh,1.2967891816153249e-05
jordi,1.2967891816153249e-05
friday,1.2967891816153249e-05
bretton,1.2967891816153249e-05
raff,1.2967891816153249e-05
judd,1.2967891816153249e-05
pinelopi,1.2967891816153249e-05
pole,1.2967891816153249e-05
kapteyn,1.2967891816153249e-05
mongolia,1.2967891816153249e-05
syrquin,1.2967891816153249e-05
iie,1.2967891816153249e-05
grebler,1.2967891816153249e-05
parliamentari,1.2967891816153249e-05
fluid,1.2967891816153249e-05
fran,1.2967891816153249e-05
blur,1.2967891816153249e-05
qatar,1.2967891816153249e-05
drainag,1.2967891816153249e-05
rossi,1.2967891816153249e-05
rae,1.2967891816153249e-05
nonnorm,1.2967891816153249e-05
silverman,1.2967891816153249e-05
mort,1.2967891816153249e-05
shallow,1.2967891816153249e-05
enemi,1.2967891816153249e-05
doubtless,1.2967891816153249e-05
oilexport,1.2967891816153249e-05
kakwani,1.2967891816153249e-05
ico,1.2967891816153249e-05
aal,1.2967891816153249e-05
clearest,1.2967891816153249e-05
ageearn,1.2967891816153249e-05
taxsubsidi,1.2967891816153249e-05
counterexampl,1.2967891816153249e-05
nis,1.2967891816153249e-05
plumb,1.2967891816153249e-05
weaver,1.2967891816153249e-05
choi,1.2967891816153249e-05
nonpay,1.2967891816153249e-05
incept,1.2967891816153249e-05
followup,1.2967891816153249e-05
phar,1.2967891816153249e-05
singleproduct,1.2967891816153249e-05
militar,1.2967891816153249e-05
outbound,1.2967891816153249e-05
pll,1.2967891816153249e-05
iic,1.2967891816153249e-05
blaug,1.2967891816153249e-05
goodwin,1.2967891816153249e-05
sidual,1.2967891816153249e-05
tiliti,1.2967891816153249e-05
iea,1.2967891816153249e-05
hunger,1.2967891816153249e-05
ropean,1.2967891816153249e-05
croatia,1.2967891816153249e-05
oligarchi,1.2967891816153249e-05
grave,1.2967891816153249e-05
habakkuk,1.2967891816153249e-05
macroeconomi,1.2967891816153249e-05
dweller,1.2967891816153249e-05
capitalus,1.2967891816153249e-05
robson,1.2967891816153249e-05
shs,1.2967891816153249e-05
hoffman,1.2967891816153249e-05
noteth,1.2967891816153249e-05
marketspecif,1.2967891816153249e-05
wilder,1.2967891816153249e-05
unreal,1.2967891816153249e-05
jam,1.2967891816153249e-05
boon,1.2967891816153249e-05
enriqu,1.2967891816153249e-05
sao,1.2967891816153249e-05
nick,1.2967891816153249e-05
fcc,1.2967891816153249e-05
groundnut,1.2967891816153249e-05
woodruff,1.2967891816153249e-05
aat,1.2967891816153249e-05
nopolist,1.2967891816153249e-05
outgo,1.2967891816153249e-05
marchapril,1.2967891816153249e-05
psid,1.2967891816153249e-05
xlvi,1.2967891816153249e-05
scant,1.2651601771856829e-05
oneway,1.2651601771856829e-05
commonproperti,1.2651601771856829e-05
spun,1.2651601771856829e-05
bon,1.2651601771856829e-05
parson,1.2651601771856829e-05
costoutput,1.2651601771856829e-05
assassin,1.2651601771856829e-05
hagu,1.2651601771856829e-05
gbr,1.2651601771856829e-05
mariann,1.2651601771856829e-05
shot,1.2651601771856829e-05
cheapest,1.2651601771856829e-05
sugarcan,1.2651601771856829e-05
belgiumluxembourg,1.2651601771856829e-05
humphrey,1.2651601771856829e-05
encyclopedia,1.2651601771856829e-05
jure,1.2651601771856829e-05
selfreport,1.2651601771856829e-05
coc,1.2651601771856829e-05
tsiddon,1.2651601771856829e-05
nonbank,1.2651601771856829e-05
crystal,1.2651601771856829e-05
gust,1.2651601771856829e-05
perloff,1.2651601771856829e-05
isl,1.2651601771856829e-05
diag,1.2651601771856829e-05
dewatripont,1.2651601771856829e-05
consent,1.2651601771856829e-05
shorthand,1.2651601771856829e-05
durham,1.2651601771856829e-05
rsc,1.2651601771856829e-05
sidiari,1.2651601771856829e-05
robbin,1.2651601771856829e-05
dal,1.2651601771856829e-05
uat,1.2651601771856829e-05
extort,1.2651601771856829e-05
costpush,1.2651601771856829e-05
civ,1.2651601771856829e-05
lativ,1.2651601771856829e-05
laissezfair,1.2651601771856829e-05
participa,1.2651601771856829e-05
thc,1.2651601771856829e-05
benham,1.2651601771856829e-05
longlast,1.2651601771856829e-05
fxt,1.2651601771856829e-05
bypass,1.2651601771856829e-05
yyt,1.2651601771856829e-05
unearn,1.2651601771856829e-05
tentli,1.2651601771856829e-05
paolo,1.2651601771856829e-05
sli,1.2651601771856829e-05
synthes,1.2651601771856829e-05
pia,1.2651601771856829e-05
aeronaut,1.2651601771856829e-05
crsp,1.2651601771856829e-05
zil,1.2651601771856829e-05
warmer,1.2651601771856829e-05
wolter,1.2651601771856829e-05
dish,1.2651601771856829e-05
resnick,1.2651601771856829e-05
meghir,1.2651601771856829e-05
glean,1.2651601771856829e-05
lxxiv,1.2651601771856829e-05
fil,1.2651601771856829e-05
tipl,1.2651601771856829e-05
neur,1.2651601771856829e-05
lime,1.2651601771856829e-05
lil,1.2651601771856829e-05
hensiv,1.2651601771856829e-05
brem,1.2651601771856829e-05
httpdxdoiorg,1.2651601771856829e-05
youngest,1.2651601771856829e-05
hamada,1.2651601771856829e-05
recidiv,1.2651601771856829e-05
communica,1.2651601771856829e-05
jay,1.2651601771856829e-05
dren,1.2651601771856829e-05
laeven,1.2651601771856829e-05
infect,1.2651601771856829e-05
beaudri,1.2651601771856829e-05
datum,1.2651601771856829e-05
ecb,1.2651601771856829e-05
church,1.2651601771856829e-05
kete,1.2651601771856829e-05
xvii,1.2651601771856829e-05
rid,1.2651601771856829e-05
certifi,1.2651601771856829e-05
verdoorn,1.2651601771856829e-05
abhijit,1.2651601771856829e-05
likelihoodratio,1.2651601771856829e-05
disequi,1.2651601771856829e-05
fullerton,1.2651601771856829e-05
wolak,1.2651601771856829e-05
startl,1.2651601771856829e-05
ljt,1.2651601771856829e-05
kornai,1.2651601771856829e-05
plausi,1.2651601771856829e-05
oversimplifi,1.2651601771856829e-05
qjt,1.2651601771856829e-05
dps,1.2651601771856829e-05
ecu,1.2335311727560407e-05
unrespons,1.2335311727560407e-05
halflif,1.2335311727560407e-05
inventorysal,1.2335311727560407e-05
alarm,1.2335311727560407e-05
fisman,1.2335311727560407e-05
suspici,1.2335311727560407e-05
subnat,1.2335311727560407e-05
sanford,1.2335311727560407e-05
unsystemat,1.2335311727560407e-05
lant,1.2335311727560407e-05
liii,1.2335311727560407e-05
westphal,1.2335311727560407e-05
cred,1.2335311727560407e-05
pki,1.2335311727560407e-05
pessim,1.2335311727560407e-05
conway,1.2335311727560407e-05
harrodneutr,1.2335311727560407e-05
negishi,1.2335311727560407e-05
odolog,1.2335311727560407e-05
snower,1.2335311727560407e-05
plaster,1.2335311727560407e-05
criticis,1.2335311727560407e-05
intracountri,1.2335311727560407e-05
ace,1.2335311727560407e-05
nicola,1.2335311727560407e-05
longman,1.2335311727560407e-05
rentli,1.2335311727560407e-05
collat,1.2335311727560407e-05
xaxi,1.2335311727560407e-05
bulow,1.2335311727560407e-05
conv,1.2335311727560407e-05
sibli,1.2335311727560407e-05
facili,1.2335311727560407e-05
ostens,1.2335311727560407e-05
harbor,1.2335311727560407e-05
averchjohnson,1.2335311727560407e-05
eia,1.2335311727560407e-05
contra,1.2335311727560407e-05
htl,1.2335311727560407e-05
sti,1.2335311727560407e-05
twentyyear,1.2335311727560407e-05
saddl,1.2335311727560407e-05
foreclos,1.2335311727560407e-05
voyag,1.2335311727560407e-05
silent,1.2335311727560407e-05
pablo,1.2335311727560407e-05
gestion,1.2335311727560407e-05
radii,1.2335311727560407e-05
drove,1.2335311727560407e-05
garment,1.2335311727560407e-05
carruth,1.2335311727560407e-05
negotia,1.2335311727560407e-05
mizon,1.2335311727560407e-05
froot,1.2335311727560407e-05
sheer,1.2335311727560407e-05
agg,1.2335311727560407e-05
connec,1.2335311727560407e-05
rebuild,1.2335311727560407e-05
asiat,1.2335311727560407e-05
ooc,1.2335311727560407e-05
tronic,1.2335311727560407e-05
reneg,1.2335311727560407e-05
jeff,1.2335311727560407e-05
bute,1.2335311727560407e-05
indexnumb,1.2335311727560407e-05
dicksmireaux,1.2335311727560407e-05
goolsbe,1.2335311727560407e-05
volumin,1.2335311727560407e-05
keyword,1.2335311727560407e-05
appr,1.2335311727560407e-05
presampl,1.2335311727560407e-05
smithian,1.2335311727560407e-05
ylt,1.2335311727560407e-05
opportunist,1.2335311727560407e-05
splice,1.2335311727560407e-05
ilt,1.2335311727560407e-05
sandmo,1.2335311727560407e-05
aki,1.2335311727560407e-05
barton,1.2335311727560407e-05
fini,1.2335311727560407e-05
ptqt,1.2335311727560407e-05
akl,1.2335311727560407e-05
yli,1.2335311727560407e-05
projec,1.2335311727560407e-05
equili,1.2335311727560407e-05
aca,1.2335311727560407e-05
tee,1.2335311727560407e-05
peratur,1.2335311727560407e-05
workshar,1.2335311727560407e-05
cityspecif,1.2335311727560407e-05
vironment,1.2335311727560407e-05
threefactor,1.2335311727560407e-05
pma,1.2335311727560407e-05
fourquart,1.2335311727560407e-05
coi,1.2335311727560407e-05
acrosstheboard,1.2335311727560407e-05
foun,1.2335311727560407e-05
sengupta,1.2335311727560407e-05
capitalsav,1.2335311727560407e-05
krutilla,1.2335311727560407e-05
fkt,1.2335311727560407e-05
nonexclus,1.2335311727560407e-05
tou,1.2335311727560407e-05
condition,1.2335311727560407e-05
beatric,1.2335311727560407e-05
trnqvist,1.2335311727560407e-05
grad,1.2335311727560407e-05
toyota,1.2335311727560407e-05
edgeworth,1.2335311727560407e-05
sine,1.2335311727560407e-05
leland,1.2335311727560407e-05
bradstreet,1.2335311727560407e-05
unfamiliar,1.2335311727560407e-05
oral,1.2335311727560407e-05
plementar,1.2335311727560407e-05
vald,1.2335311727560407e-05
slum,1.2335311727560407e-05
eeckhout,1.2335311727560407e-05
prehens,1.2335311727560407e-05
revenga,1.2335311727560407e-05
stoke,1.2335311727560407e-05
intragroup,1.2335311727560407e-05
overturn,1.2335311727560407e-05
maceut,1.2335311727560407e-05
asean,1.2335311727560407e-05
springerverlag,1.2335311727560407e-05
roman,1.2335311727560407e-05
patente,1.2335311727560407e-05
inkind,1.2335311727560407e-05
venient,1.2335311727560407e-05
roubini,1.2335311727560407e-05
ferri,1.2335311727560407e-05
jacobian,1.2335311727560407e-05
lxxi,1.2335311727560407e-05
ossa,1.2335311727560407e-05
ruth,1.2019021683263988e-05
unsuit,1.2019021683263988e-05
kilogram,1.2019021683263988e-05
inr,1.2019021683263988e-05
foreman,1.2019021683263988e-05
decomposi,1.2019021683263988e-05
farber,1.2019021683263988e-05
chung,1.2019021683263988e-05
siegfri,1.2019021683263988e-05
clock,1.2019021683263988e-05
lind,1.2019021683263988e-05
blackmarket,1.2019021683263988e-05
init,1.2019021683263988e-05
eqq,1.2019021683263988e-05
dist,1.2019021683263988e-05
antibiot,1.2019021683263988e-05
caplin,1.2019021683263988e-05
awkward,1.2019021683263988e-05
owneroccup,1.2019021683263988e-05
zarnowitz,1.2019021683263988e-05
productionfunct,1.2019021683263988e-05
lens,1.2019021683263988e-05
detract,1.2019021683263988e-05
pele,1.2019021683263988e-05
correc,1.2019021683263988e-05
quadrupl,1.2019021683263988e-05
peacetim,1.2019021683263988e-05
waud,1.2019021683263988e-05
selfhelp,1.2019021683263988e-05
rahman,1.2019021683263988e-05
eft,1.2019021683263988e-05
decre,1.2019021683263988e-05
copenhagen,1.2019021683263988e-05
fate,1.2019021683263988e-05
bos,1.2019021683263988e-05
steamelectr,1.2019021683263988e-05
boadway,1.2019021683263988e-05
perenni,1.2019021683263988e-05
latori,1.2019021683263988e-05
rosovski,1.2019021683263988e-05
nonpara,1.2019021683263988e-05
lrt,1.2019021683263988e-05
halfway,1.2019021683263988e-05
ffi,1.2019021683263988e-05
rhetor,1.2019021683263988e-05
vex,1.2019021683263988e-05
conserva,1.2019021683263988e-05
nobel,1.2019021683263988e-05
bihar,1.2019021683263988e-05
lawyer,1.2019021683263988e-05
nicat,1.2019021683263988e-05
scien,1.2019021683263988e-05
oooooooo,1.2019021683263988e-05
danni,1.2019021683263988e-05
idiosyn,1.2019021683263988e-05
streeten,1.2019021683263988e-05
sponsibl,1.2019021683263988e-05
operation,1.2019021683263988e-05
booth,1.2019021683263988e-05
unnecessarili,1.2019021683263988e-05
tur,1.2019021683263988e-05
blood,1.2019021683263988e-05
nock,1.2019021683263988e-05
verlag,1.2019021683263988e-05
pathdepend,1.2019021683263988e-05
pricequ,1.2019021683263988e-05
ina,1.2019021683263988e-05
sociopolit,1.2019021683263988e-05
ynt,1.2019021683263988e-05
xkj,1.2019021683263988e-05
tipli,1.2019021683263988e-05
disadvan,1.2019021683263988e-05
zeroord,1.2019021683263988e-05
promo,1.2019021683263988e-05
prestig,1.2019021683263988e-05
hwi,1.2019021683263988e-05
brunner,1.2019021683263988e-05
trail,1.2019021683263988e-05
atori,1.2019021683263988e-05
fortiori,1.2019021683263988e-05
anci,1.2019021683263988e-05
newest,1.2019021683263988e-05
turnpik,1.2019021683263988e-05
cynthia,1.2019021683263988e-05
fun,1.2019021683263988e-05
parsley,1.2019021683263988e-05
nij,1.2019021683263988e-05
analo,1.2019021683263988e-05
cts,1.2019021683263988e-05
sanitari,1.2019021683263988e-05
wilcox,1.2019021683263988e-05
disserta,1.2019021683263988e-05
reorder,1.2019021683263988e-05
keen,1.2019021683263988e-05
capitalrich,1.2019021683263988e-05
ktl,1.2019021683263988e-05
salesmen,1.2019021683263988e-05
imi,1.2019021683263988e-05
sentenc,1.2019021683263988e-05
ffc,1.2019021683263988e-05
pretend,1.2019021683263988e-05
desktop,1.2019021683263988e-05
reestablish,1.2019021683263988e-05
sii,1.2019021683263988e-05
jorgen,1.2019021683263988e-05
fic,1.2019021683263988e-05
leapfrog,1.2019021683263988e-05
lum,1.2019021683263988e-05
demographi,1.2019021683263988e-05
sow,1.2019021683263988e-05
spawn,1.2019021683263988e-05
realm,1.2019021683263988e-05
dong,1.2019021683263988e-05
hanc,1.2019021683263988e-05
intergroup,1.2019021683263988e-05
southwestern,1.2019021683263988e-05
wiggin,1.2019021683263988e-05
yun,1.2019021683263988e-05
eno,1.2019021683263988e-05
revisionist,1.2019021683263988e-05
zti,1.2019021683263988e-05
cancer,1.2019021683263988e-05
dox,1.2019021683263988e-05
inhous,1.2019021683263988e-05
pmt,1.2019021683263988e-05
eik,1.2019021683263988e-05
flatrat,1.2019021683263988e-05
blanchflow,1.2019021683263988e-05
oret,1.2019021683263988e-05
meek,1.2019021683263988e-05
newel,1.2019021683263988e-05
sla,1.2019021683263988e-05
namibia,1.2019021683263988e-05
tha,1.2019021683263988e-05
derek,1.2019021683263988e-05
untax,1.1702731638967566e-05
xci,1.1702731638967566e-05
wilfr,1.1702731638967566e-05
calcutta,1.1702731638967566e-05
dki,1.1702731638967566e-05
tour,1.1702731638967566e-05
vio,1.1702731638967566e-05
writeoff,1.1702731638967566e-05
fixedr,1.1702731638967566e-05
monetarist,1.1702731638967566e-05
villagelevel,1.1702731638967566e-05
ipd,1.1702731638967566e-05
plau,1.1702731638967566e-05
prosecut,1.1702731638967566e-05
mokyr,1.1702731638967566e-05
och,1.1702731638967566e-05
averch,1.1702731638967566e-05
anneal,1.1702731638967566e-05
reich,1.1702731638967566e-05
backstop,1.1702731638967566e-05
greer,1.1702731638967566e-05
emb,1.1702731638967566e-05
icrisat,1.1702731638967566e-05
pile,1.1702731638967566e-05
depositori,1.1702731638967566e-05
mjt,1.1702731638967566e-05
anthropolog,1.1702731638967566e-05
weightedaverag,1.1702731638967566e-05
qst,1.1702731638967566e-05
novem,1.1702731638967566e-05
betancourt,1.1702731638967566e-05
helsinki,1.1702731638967566e-05
methodol,1.1702731638967566e-05
myanmar,1.1702731638967566e-05
unansw,1.1702731638967566e-05
sewer,1.1702731638967566e-05
licat,1.1702731638967566e-05
rms,1.1702731638967566e-05
tinat,1.1702731638967566e-05
aot,1.1702731638967566e-05
asa,1.1702731638967566e-05
prison,1.1702731638967566e-05
novemberdecemb,1.1702731638967566e-05
wti,1.1702731638967566e-05
feudal,1.1702731638967566e-05
percen,1.1702731638967566e-05
effluent,1.1702731638967566e-05
ioooo,1.1702731638967566e-05
rubinstein,1.1702731638967566e-05
minimumcost,1.1702731638967566e-05
varnish,1.1702731638967566e-05
vinod,1.1702731638967566e-05
structuralist,1.1702731638967566e-05
trunk,1.1702731638967566e-05
mess,1.1702731638967566e-05
java,1.1702731638967566e-05
yeat,1.1702731638967566e-05
rayon,1.1702731638967566e-05
housework,1.1702731638967566e-05
neweywest,1.1702731638967566e-05
asp,1.1702731638967566e-05
discretecontinu,1.1702731638967566e-05
troduct,1.1702731638967566e-05
tenabl,1.1702731638967566e-05
ese,1.1702731638967566e-05
entranc,1.1702731638967566e-05
jennif,1.1702731638967566e-05
isc,1.1702731638967566e-05
aip,1.1702731638967566e-05
surveybas,1.1702731638967566e-05
atj,1.1702731638967566e-05
unforeseen,1.1702731638967566e-05
lxii,1.1702731638967566e-05
thanksgiv,1.1702731638967566e-05
crain,1.1702731638967566e-05
crete,1.1702731638967566e-05
perfum,1.1702731638967566e-05
innocu,1.1702731638967566e-05
itor,1.1702731638967566e-05
nonsepar,1.1702731638967566e-05
marginalist,1.1702731638967566e-05
pene,1.1702731638967566e-05
bimod,1.1702731638967566e-05
incum,1.1702731638967566e-05
giusepp,1.1702731638967566e-05
ijf,1.1702731638967566e-05
workingpap,1.1702731638967566e-05
currentaccount,1.1702731638967566e-05
quasiconvex,1.1702731638967566e-05
politicaleconomi,1.1702731638967566e-05
capitaltolabor,1.1702731638967566e-05
monet,1.1702731638967566e-05
lucass,1.1702731638967566e-05
sds,1.1702731638967566e-05
passim,1.1702731638967566e-05
tornel,1.1702731638967566e-05
patinkin,1.1702731638967566e-05
guiana,1.1702731638967566e-05
seychell,1.1702731638967566e-05
undistort,1.1702731638967566e-05
mediumrun,1.1702731638967566e-05
rangement,1.1702731638967566e-05
jun,1.1702731638967566e-05
rightward,1.1702731638967566e-05
papageorgiou,1.1702731638967566e-05
dissent,1.1702731638967566e-05
clarida,1.1702731638967566e-05
xct,1.1702731638967566e-05
azi,1.1702731638967566e-05
humpshap,1.1702731638967566e-05
bow,1.1702731638967566e-05
piedmont,1.1702731638967566e-05
supplant,1.1702731638967566e-05
precondit,1.1702731638967566e-05
usu,1.1702731638967566e-05
ransom,1.1702731638967566e-05
crossstat,1.1702731638967566e-05
sia,1.1702731638967566e-05
quicker,1.1702731638967566e-05
corporat,1.1702731638967566e-05
antr,1.1702731638967566e-05
solvent,1.1702731638967566e-05
lal,1.1702731638967566e-05
pir,1.1702731638967566e-05
ballard,1.1702731638967566e-05
nra,1.1702731638967566e-05
replenish,1.1702731638967566e-05
worksheet,1.1702731638967566e-05
revi,1.1702731638967566e-05
capitalgood,1.1702731638967566e-05
bod,1.1702731638967566e-05
ayr,1.1702731638967566e-05
consti,1.1702731638967566e-05
ono,1.1702731638967566e-05
repro,1.1702731638967566e-05
nonintegr,1.1702731638967566e-05
wuhausman,1.1702731638967566e-05
ixi,1.1702731638967566e-05
beliz,1.1702731638967566e-05
oppo,1.1702731638967566e-05
kwoka,1.1702731638967566e-05
parlor,1.1702731638967566e-05
macroeconomist,1.1702731638967566e-05
cessiv,1.1702731638967566e-05
beginningofyear,1.1386441594671145e-05
ramif,1.1386441594671145e-05
ive,1.1386441594671145e-05
estudio,1.1386441594671145e-05
impract,1.1386441594671145e-05
mte,1.1386441594671145e-05
cod,1.1386441594671145e-05
helper,1.1386441594671145e-05
quali,1.1386441594671145e-05
lka,1.1386441594671145e-05
tissu,1.1386441594671145e-05
oooooo,1.1386441594671145e-05
romain,1.1386441594671145e-05
carmen,1.1386441594671145e-05
wellisz,1.1386441594671145e-05
inconsi,1.1386441594671145e-05
mccarthi,1.1386441594671145e-05
paretoeffici,1.1386441594671145e-05
cbs,1.1386441594671145e-05
sistanc,1.1386441594671145e-05
xxvi,1.1386441594671145e-05
irma,1.1386441594671145e-05
lio,1.1386441594671145e-05
cin,1.1386441594671145e-05
nario,1.1386441594671145e-05
helpwant,1.1386441594671145e-05
soldier,1.1386441594671145e-05
krzyzaniak,1.1386441594671145e-05
fortuit,1.1386441594671145e-05
viewer,1.1386441594671145e-05
rawmateri,1.1386441594671145e-05
anand,1.1386441594671145e-05
swanson,1.1386441594671145e-05
mutton,1.1386441594671145e-05
eii,1.1386441594671145e-05
fidenc,1.1386441594671145e-05
georgetown,1.1386441594671145e-05
primar,1.1386441594671145e-05
yair,1.1386441594671145e-05
zerosum,1.1386441594671145e-05
morn,1.1386441594671145e-05
cfx,1.1386441594671145e-05
petrol,1.1386441594671145e-05
spc,1.1386441594671145e-05
lambert,1.1386441594671145e-05
xln,1.1386441594671145e-05
rtt,1.1386441594671145e-05
mcf,1.1386441594671145e-05
eastman,1.1386441594671145e-05
apport,1.1386441594671145e-05
stimuli,1.1386441594671145e-05
consumptionincom,1.1386441594671145e-05
mrt,1.1386441594671145e-05
paa,1.1386441594671145e-05
disloc,1.1386441594671145e-05
ancillari,1.1386441594671145e-05
gronau,1.1386441594671145e-05
shareweight,1.1386441594671145e-05
developingcountri,1.1386441594671145e-05
syndic,1.1386441594671145e-05
paren,1.1386441594671145e-05
dwarf,1.1386441594671145e-05
cvi,1.1386441594671145e-05
tomato,1.1386441594671145e-05
gli,1.1386441594671145e-05
leahi,1.1386441594671145e-05
harley,1.1386441594671145e-05
shirley,1.1386441594671145e-05
hammour,1.1386441594671145e-05
logchang,1.1386441594671145e-05
lnc,1.1386441594671145e-05
newton,1.1386441594671145e-05
nunn,1.1386441594671145e-05
economn,1.1386441594671145e-05
upton,1.1386441594671145e-05
amt,1.1386441594671145e-05
alic,1.1386441594671145e-05
tantamount,1.1386441594671145e-05
bolster,1.1386441594671145e-05
inl,1.1386441594671145e-05
rod,1.1386441594671145e-05
agnost,1.1386441594671145e-05
middleclass,1.1386441594671145e-05
demandshift,1.1386441594671145e-05
moneylend,1.1386441594671145e-05
attest,1.1386441594671145e-05
mainstream,1.1386441594671145e-05
riti,1.1386441594671145e-05
feeder,1.1386441594671145e-05
cbp,1.1386441594671145e-05
video,1.1386441594671145e-05
mension,1.1386441594671145e-05
airplan,1.1386441594671145e-05
finishedgood,1.1386441594671145e-05
affluent,1.1386441594671145e-05
ppm,1.1386441594671145e-05
antic,1.1386441594671145e-05
addilog,1.1386441594671145e-05
jection,1.1386441594671145e-05
vinc,1.1386441594671145e-05
capitalexport,1.1386441594671145e-05
bertola,1.1386441594671145e-05
lxix,1.1386441594671145e-05
oin,1.1386441594671145e-05
dropout,1.1386441594671145e-05
dou,1.1386441594671145e-05
unexplor,1.1386441594671145e-05
shi,1.1386441594671145e-05
unrest,1.1386441594671145e-05
engend,1.1386441594671145e-05
unfold,1.1386441594671145e-05
predomi,1.1386441594671145e-05
ornstein,1.1386441594671145e-05
constantpric,1.1386441594671145e-05
twentythre,1.1386441594671145e-05
steelwork,1.1386441594671145e-05
perperiod,1.1386441594671145e-05
centil,1.1386441594671145e-05
nonproduc,1.1386441594671145e-05
stationeri,1.1386441594671145e-05
rankord,1.1386441594671145e-05
exer,1.1386441594671145e-05
clemen,1.1386441594671145e-05
mccabe,1.1386441594671145e-05
tto,1.1386441594671145e-05
loa,1.1386441594671145e-05
congruenc,1.1386441594671145e-05
sidiz,1.1386441594671145e-05
mnl,1.1386441594671145e-05
guis,1.1386441594671145e-05
heck,1.1386441594671145e-05
eschew,1.1386441594671145e-05
clo,1.1386441594671145e-05
desert,1.1386441594671145e-05
accustom,1.1386441594671145e-05
hildreth,1.1386441594671145e-05
boe,1.1386441594671145e-05
afk,1.1386441594671145e-05
ruggl,1.1386441594671145e-05
misclassifi,1.1386441594671145e-05
ptl,1.1386441594671145e-05
omist,1.1386441594671145e-05
higgin,1.1386441594671145e-05
yih,1.1386441594671145e-05
leg,1.1386441594671145e-05
munshi,1.1386441594671145e-05
nontax,1.1386441594671145e-05
mellor,1.1386441594671145e-05
bowley,1.1386441594671145e-05
cdt,1.1386441594671145e-05
stekler,1.1386441594671145e-05
tintner,1.1070151550374725e-05
stefano,1.1070151550374725e-05
quad,1.1070151550374725e-05
mishkin,1.1070151550374725e-05
emul,1.1070151550374725e-05
ozler,1.1070151550374725e-05
tis,1.1070151550374725e-05
pixi,1.1070151550374725e-05
randi,1.1070151550374725e-05
nection,1.1070151550374725e-05
dougherti,1.1070151550374725e-05
bahama,1.1070151550374725e-05
cumu,1.1070151550374725e-05
conductor,1.1070151550374725e-05
mts,1.1070151550374725e-05
pocket,1.1070151550374725e-05
nxt,1.1070151550374725e-05
govt,1.1070151550374725e-05
peat,1.1070151550374725e-05
xji,1.1070151550374725e-05
alb,1.1070151550374725e-05
aja,1.1070151550374725e-05
leuven,1.1070151550374725e-05
mehra,1.1070151550374725e-05
indict,1.1070151550374725e-05
ust,1.1070151550374725e-05
verti,1.1070151550374725e-05
candi,1.1070151550374725e-05
prest,1.1070151550374725e-05
florencio,1.1070151550374725e-05
multistag,1.1070151550374725e-05
gyp,1.1070151550374725e-05
revenuemaxim,1.1070151550374725e-05
annuiti,1.1070151550374725e-05
japa,1.1070151550374725e-05
viron,1.1070151550374725e-05
putti,1.1070151550374725e-05
belarus,1.1070151550374725e-05
syverson,1.1070151550374725e-05
crosstabul,1.1070151550374725e-05
impr,1.1070151550374725e-05
constantelast,1.1070151550374725e-05
emolu,1.1070151550374725e-05
hatch,1.1070151550374725e-05
xliv,1.1070151550374725e-05
waterway,1.1070151550374725e-05
termedi,1.1070151550374725e-05
tober,1.1070151550374725e-05
petrochem,1.1070151550374725e-05
sociologist,1.1070151550374725e-05
pcx,1.1070151550374725e-05
cdd,1.1070151550374725e-05
janfeb,1.1070151550374725e-05
holger,1.1070151550374725e-05
klevorick,1.1070151550374725e-05
asr,1.1070151550374725e-05
cru,1.1070151550374725e-05
seal,1.1070151550374725e-05
paternalist,1.1070151550374725e-05
fki,1.1070151550374725e-05
foreignexchang,1.1070151550374725e-05
ddx,1.1070151550374725e-05
cumula,1.1070151550374725e-05
slacken,1.1070151550374725e-05
cializ,1.1070151550374725e-05
chu,1.1070151550374725e-05
adl,1.1070151550374725e-05
bangkok,1.1070151550374725e-05
ost,1.1070151550374725e-05
nota,1.1070151550374725e-05
hhi,1.1070151550374725e-05
anteced,1.1070151550374725e-05
gravita,1.1070151550374725e-05
flate,1.1070151550374725e-05
aan,1.1070151550374725e-05
erceg,1.1070151550374725e-05
xxxv,1.1070151550374725e-05
twoperson,1.1070151550374725e-05
forcement,1.1070151550374725e-05
plural,1.1070151550374725e-05
mne,1.1070151550374725e-05
timetrend,1.1070151550374725e-05
milwauke,1.1070151550374725e-05
server,1.1070151550374725e-05
riddel,1.1070151550374725e-05
hussain,1.1070151550374725e-05
biennial,1.1070151550374725e-05
bischoff,1.1070151550374725e-05
overus,1.1070151550374725e-05
ventil,1.1070151550374725e-05
stavin,1.1070151550374725e-05
dave,1.1070151550374725e-05
haveman,1.1070151550374725e-05
customarili,1.1070151550374725e-05
willingnesstopay,1.1070151550374725e-05
hub,1.1070151550374725e-05
nonsingular,1.1070151550374725e-05
dantzig,1.1070151550374725e-05
lucia,1.1070151550374725e-05
dedic,1.1070151550374725e-05
ykk,1.1070151550374725e-05
steal,1.1070151550374725e-05
apl,1.1070151550374725e-05
harsh,1.1070151550374725e-05
fluctu,1.1070151550374725e-05
hercowitz,1.1070151550374725e-05
oldag,1.1070151550374725e-05
feinstein,1.1070151550374725e-05
singleunit,1.1070151550374725e-05
lxxii,1.1070151550374725e-05
grilli,1.1070151550374725e-05
roast,1.1070151550374725e-05
tric,1.1070151550374725e-05
benabou,1.1070151550374725e-05
rct,1.1070151550374725e-05
ttj,1.1070151550374725e-05
primeag,1.1070151550374725e-05
propen,1.1070151550374725e-05
stu,1.1070151550374725e-05
inflict,1.1070151550374725e-05
succinct,1.1070151550374725e-05
courchen,1.1070151550374725e-05
undp,1.1070151550374725e-05
ise,1.1070151550374725e-05
soligo,1.1070151550374725e-05
multina,1.1070151550374725e-05
armenia,1.1070151550374725e-05
underway,1.1070151550374725e-05
darbi,1.1070151550374725e-05
picker,1.1070151550374725e-05
ruffin,1.1070151550374725e-05
ret,1.1070151550374725e-05
emancip,1.1070151550374725e-05
soda,1.1070151550374725e-05
aliti,1.1070151550374725e-05
impo,1.1070151550374725e-05
globe,1.1070151550374725e-05
komiya,1.1070151550374725e-05
loayza,1.1070151550374725e-05
yil,1.1070151550374725e-05
ira,1.1070151550374725e-05
kraus,1.1070151550374725e-05
probabili,1.1070151550374725e-05
hickss,1.1070151550374725e-05
creamer,1.1070151550374725e-05
dobb,1.1070151550374725e-05
thresh,1.1070151550374725e-05
stalinist,1.1070151550374725e-05
trivari,1.1070151550374725e-05
gall,1.1070151550374725e-05
tullock,1.1070151550374725e-05
carlsson,1.1070151550374725e-05
tsp,1.1070151550374725e-05
accus,1.1070151550374725e-05
dereg,1.1070151550374725e-05
eval,1.1070151550374725e-05
eber,1.0753861506078304e-05
counterfac,1.0753861506078304e-05
policyinduc,1.0753861506078304e-05
threeequat,1.0753861506078304e-05
repurchas,1.0753861506078304e-05
septemberoctob,1.0753861506078304e-05
mote,1.0753861506078304e-05
treatis,1.0753861506078304e-05
wlt,1.0753861506078304e-05
palo,1.0753861506078304e-05
chastic,1.0753861506078304e-05
bronfenbrenn,1.0753861506078304e-05
sinai,1.0753861506078304e-05
prucha,1.0753861506078304e-05
josh,1.0753861506078304e-05
heretofor,1.0753861506078304e-05
ragnar,1.0753861506078304e-05
graciela,1.0753861506078304e-05
quinquenni,1.0753861506078304e-05
mcconnel,1.0753861506078304e-05
bcl,1.0753861506078304e-05
palmer,1.0753861506078304e-05
cee,1.0753861506078304e-05
wellfunct,1.0753861506078304e-05
piecem,1.0753861506078304e-05
misunderstand,1.0753861506078304e-05
stricter,1.0753861506078304e-05
osit,1.0753861506078304e-05
nonbind,1.0753861506078304e-05
xxviii,1.0753861506078304e-05
cls,1.0753861506078304e-05
linger,1.0753861506078304e-05
firstyear,1.0753861506078304e-05
kotlikoff,1.0753861506078304e-05
yat,1.0753861506078304e-05
wiener,1.0753861506078304e-05
prece,1.0753861506078304e-05
salem,1.0753861506078304e-05
rudimentari,1.0753861506078304e-05
dictionari,1.0753861506078304e-05
comparativestat,1.0753861506078304e-05
realwag,1.0753861506078304e-05
sical,1.0753861506078304e-05
simplist,1.0753861506078304e-05
flit,1.0753861506078304e-05
outdat,1.0753861506078304e-05
wetland,1.0753861506078304e-05
abram,1.0753861506078304e-05
suspens,1.0753861506078304e-05
extrac,1.0753861506078304e-05
creditconstrain,1.0753861506078304e-05
semilogarithm,1.0753861506078304e-05
jorg,1.0753861506078304e-05
eck,1.0753861506078304e-05
heard,1.0753861506078304e-05
thi,1.0753861506078304e-05
dpm,1.0753861506078304e-05
alm,1.0753861506078304e-05
qki,1.0753861506078304e-05
dorothi,1.0753861506078304e-05
corrado,1.0753861506078304e-05
indispens,1.0753861506078304e-05
ddt,1.0753861506078304e-05
xxxvii,1.0753861506078304e-05
ott,1.0753861506078304e-05
cao,1.0753861506078304e-05
pant,1.0753861506078304e-05
barrett,1.0753861506078304e-05
tamura,1.0753861506078304e-05
lxxvii,1.0753861506078304e-05
maggi,1.0753861506078304e-05
disposit,1.0753861506078304e-05
ipt,1.0753861506078304e-05
envis,1.0753861506078304e-05
priceinduc,1.0753861506078304e-05
velasco,1.0753861506078304e-05
polat,1.0753861506078304e-05
smallcountri,1.0753861506078304e-05
flourish,1.0753861506078304e-05
dahl,1.0753861506078304e-05
prs,1.0753861506078304e-05
apa,1.0753861506078304e-05
verd,1.0753861506078304e-05
cecchetti,1.0753861506078304e-05
intensif,1.0753861506078304e-05
soar,1.0753861506078304e-05
eai,1.0753861506078304e-05
kti,1.0753861506078304e-05
prasnikar,1.0753861506078304e-05
bogu,1.0753861506078304e-05
tabular,1.0753861506078304e-05
oligopsoni,1.0753861506078304e-05
bishop,1.0753861506078304e-05
lambson,1.0753861506078304e-05
nearestneighbor,1.0753861506078304e-05
nashvill,1.0753861506078304e-05
cxi,1.0753861506078304e-05
roller,1.0753861506078304e-05
nontransf,1.0753861506078304e-05
liminari,1.0753861506078304e-05
dislik,1.0753861506078304e-05
phl,1.0753861506078304e-05
sulphur,1.0753861506078304e-05
mkt,1.0753861506078304e-05
nonstandard,1.0753861506078304e-05
temptat,1.0753861506078304e-05
bolton,1.0753861506078304e-05
thirtytwo,1.0753861506078304e-05
gum,1.0753861506078304e-05
otl,1.0753861506078304e-05
mainder,1.0753861506078304e-05
rte,1.0753861506078304e-05
katherin,1.0753861506078304e-05
reinterview,1.0753861506078304e-05
dear,1.0753861506078304e-05
comprehen,1.0753861506078304e-05
offspr,1.0753861506078304e-05
inconsequenti,1.0753861506078304e-05
prudenti,1.0753861506078304e-05
pratt,1.0753861506078304e-05
muslim,1.0753861506078304e-05
inad,1.0753861506078304e-05
claudia,1.0753861506078304e-05
founder,1.0753861506078304e-05
benton,1.0753861506078304e-05
schiantarelli,1.0753861506078304e-05
bloch,1.0753861506078304e-05
maximi,1.0753861506078304e-05
degeneraci,1.0753861506078304e-05
pigovian,1.0753861506078304e-05
productionposs,1.0753861506078304e-05
yearend,1.0753861506078304e-05
urib,1.0753861506078304e-05
descent,1.0753861506078304e-05
pyt,1.0753861506078304e-05
pft,1.0753861506078304e-05
capitalis,1.0753861506078304e-05
marginalcost,1.0753861506078304e-05
factorendow,1.0753861506078304e-05
dii,1.0753861506078304e-05
exportimport,1.0753861506078304e-05
decompo,1.0437571461781884e-05
monsoon,1.0437571461781884e-05
mauro,1.0437571461781884e-05
dsd,1.0437571461781884e-05
mys,1.0437571461781884e-05
marketbas,1.0437571461781884e-05
franoi,1.0437571461781884e-05
kopp,1.0437571461781884e-05
twentiethcenturi,1.0437571461781884e-05
tariti,1.0437571461781884e-05
rps,1.0437571461781884e-05
priation,1.0437571461781884e-05
lla,1.0437571461781884e-05
meantim,1.0437571461781884e-05
alessandro,1.0437571461781884e-05
onesixth,1.0437571461781884e-05
screw,1.0437571461781884e-05
lihood,1.0437571461781884e-05
egyptian,1.0437571461781884e-05
redefinit,1.0437571461781884e-05
starr,1.0437571461781884e-05
recapitul,1.0437571461781884e-05
luc,1.0437571461781884e-05
lxiii,1.0437571461781884e-05
lpi,1.0437571461781884e-05
kerala,1.0437571461781884e-05
communism,1.0437571461781884e-05
decoupl,1.0437571461781884e-05
bart,1.0437571461781884e-05
autocorrela,1.0437571461781884e-05
valueweight,1.0437571461781884e-05
workermanag,1.0437571461781884e-05
mnes,1.0437571461781884e-05
exami,1.0437571461781884e-05
shoulder,1.0437571461781884e-05
music,1.0437571461781884e-05
capitalmarket,1.0437571461781884e-05
conspiraci,1.0437571461781884e-05
wtlt,1.0437571461781884e-05
iabl,1.0437571461781884e-05
piqi,1.0437571461781884e-05
rus,1.0437571461781884e-05
cles,1.0437571461781884e-05
paramount,1.0437571461781884e-05
emot,1.0437571461781884e-05
sara,1.0437571461781884e-05
waterson,1.0437571461781884e-05
mich,1.0437571461781884e-05
ial,1.0437571461781884e-05
wtt,1.0437571461781884e-05
mth,1.0437571461781884e-05
oci,1.0437571461781884e-05
ehrlich,1.0437571461781884e-05
sol,1.0437571461781884e-05
resta,1.0437571461781884e-05
govem,1.0437571461781884e-05
missil,1.0437571461781884e-05
recast,1.0437571461781884e-05
perron,1.0437571461781884e-05
marcel,1.0437571461781884e-05
deborah,1.0437571461781884e-05
clical,1.0437571461781884e-05
dynasti,1.0437571461781884e-05
rosenbaum,1.0437571461781884e-05
sequel,1.0437571461781884e-05
speech,1.0437571461781884e-05
qlt,1.0437571461781884e-05
queri,1.0437571461781884e-05
tht,1.0437571461781884e-05
timeperiod,1.0437571461781884e-05
illiquid,1.0437571461781884e-05
unprotect,1.0437571461781884e-05
qik,1.0437571461781884e-05
dnn,1.0437571461781884e-05
bartlett,1.0437571461781884e-05
til,1.0437571461781884e-05
transactioncost,1.0437571461781884e-05
straightfor,1.0437571461781884e-05
upheld,1.0437571461781884e-05
ide,1.0437571461781884e-05
morgenstern,1.0437571461781884e-05
djt,1.0437571461781884e-05
ece,1.0437571461781884e-05
chl,1.0437571461781884e-05
wli,1.0437571461781884e-05
overinvest,1.0437571461781884e-05
intric,1.0437571461781884e-05
yogo,1.0437571461781884e-05
tempo,1.0437571461781884e-05
barg,1.0437571461781884e-05
midwestern,1.0437571461781884e-05
landfil,1.0437571461781884e-05
brunswick,1.0437571461781884e-05
offens,1.0437571461781884e-05
ethnograph,1.0437571461781884e-05
juri,1.0437571461781884e-05
auster,1.0437571461781884e-05
nonlabour,1.0437571461781884e-05
spiegel,1.0437571461781884e-05
anoni,1.0437571461781884e-05
dominion,1.0437571461781884e-05
greg,1.0437571461781884e-05
commentari,1.0437571461781884e-05
cumbent,1.0437571461781884e-05
tyranni,1.0437571461781884e-05
emerson,1.0437571461781884e-05
ato,1.0437571461781884e-05
yaxi,1.0437571461781884e-05
dick,1.0437571461781884e-05
isat,1.0437571461781884e-05
uari,1.0437571461781884e-05
conjug,1.0437571461781884e-05
lxxxiii,1.0437571461781884e-05
collector,1.0437571461781884e-05
westview,1.0437571461781884e-05
rds,1.0437571461781884e-05
payback,1.0437571461781884e-05
skim,1.0437571461781884e-05
hess,1.0437571461781884e-05
monfort,1.0437571461781884e-05
assaf,1.0437571461781884e-05
dls,1.0437571461781884e-05
jere,1.0437571461781884e-05
aart,1.0437571461781884e-05
priceearn,1.0437571461781884e-05
maher,1.0437571461781884e-05
wjt,1.0437571461781884e-05
skelet,1.0437571461781884e-05
nottingham,1.0437571461781884e-05
friedland,1.0437571461781884e-05
individualspecif,1.0437571461781884e-05
downsiz,1.0437571461781884e-05
inef,1.0437571461781884e-05
deu,1.0437571461781884e-05
hodrickprescott,1.0437571461781884e-05
ruption,1.0437571461781884e-05
putterman,1.0437571461781884e-05
hain,1.0437571461781884e-05
semiindustri,1.0437571461781884e-05
vola,1.0437571461781884e-05
dend,1.0437571461781884e-05
heckscherohlinsamuelson,1.0437571461781884e-05
teria,1.0437571461781884e-05
balestra,1.0437571461781884e-05
republican,1.0437571461781884e-05
doug,1.0437571461781884e-05
disconnect,1.0437571461781884e-05
skt,1.0437571461781884e-05
indepth,1.0437571461781884e-05
confisc,1.0437571461781884e-05
capitalstock,1.0437571461781884e-05
thirtyfour,1.0437571461781884e-05
outputlabor,1.0437571461781884e-05
nea,1.0437571461781884e-05
louvain,1.0437571461781884e-05
culprit,1.0437571461781884e-05
disallow,1.0437571461781884e-05
wisconsinmadison,1.0437571461781884e-05
shah,1.0437571461781884e-05
fxx,1.0437571461781884e-05
expiri,1.0437571461781884e-05
outpac,1.0437571461781884e-05
yln,1.0437571461781884e-05
inap,1.0437571461781884e-05
mcs,1.0437571461781884e-05
hav,1.0121281417485462e-05
joy,1.0121281417485462e-05
uninterest,1.0121281417485462e-05
microeco,1.0121281417485462e-05
immigra,1.0121281417485462e-05
ria,1.0121281417485462e-05
yan,1.0121281417485462e-05
moreeduc,1.0121281417485462e-05
saturday,1.0121281417485462e-05
disord,1.0121281417485462e-05
markovperfect,1.0121281417485462e-05
evapor,1.0121281417485462e-05
mathia,1.0121281417485462e-05
yll,1.0121281417485462e-05
alicia,1.0121281417485462e-05
soltow,1.0121281417485462e-05
cxt,1.0121281417485462e-05
idenc,1.0121281417485462e-05
iij,1.0121281417485462e-05
appendic,1.0121281417485462e-05
inn,1.0121281417485462e-05
thirdparti,1.0121281417485462e-05
riskier,1.0121281417485462e-05
primont,1.0121281417485462e-05
ebert,1.0121281417485462e-05
wholes,1.0121281417485462e-05
holdup,1.0121281417485462e-05
eiq,1.0121281417485462e-05
duffi,1.0121281417485462e-05
imaginari,1.0121281417485462e-05
farmlevel,1.0121281417485462e-05
intrasector,1.0121281417485462e-05
expedit,1.0121281417485462e-05
daugheti,1.0121281417485462e-05
lowvalu,1.0121281417485462e-05
covert,1.0121281417485462e-05
choleski,1.0121281417485462e-05
gibl,1.0121281417485462e-05
saint,1.0121281417485462e-05
hump,1.0121281417485462e-05
congressmen,1.0121281417485462e-05
demandpul,1.0121281417485462e-05
withinperiod,1.0121281417485462e-05
lxxiii,1.0121281417485462e-05
lxvi,1.0121281417485462e-05
verdict,1.0121281417485462e-05
tank,1.0121281417485462e-05
comin,1.0121281417485462e-05
bolt,1.0121281417485462e-05
puga,1.0121281417485462e-05
moti,1.0121281417485462e-05
rtw,1.0121281417485462e-05
roundabout,1.0121281417485462e-05
dqt,1.0121281417485462e-05
ccr,1.0121281417485462e-05
breakeven,1.0121281417485462e-05
versal,1.0121281417485462e-05
ahmad,1.0121281417485462e-05
peacock,1.0121281417485462e-05
schmitt,1.0121281417485462e-05
pde,1.0121281417485462e-05
ander,1.0121281417485462e-05
pqc,1.0121281417485462e-05
kiefer,1.0121281417485462e-05
ivc,1.0121281417485462e-05
dydt,1.0121281417485462e-05
intrud,1.0121281417485462e-05
rcr,1.0121281417485462e-05
layout,1.0121281417485462e-05
choke,1.0121281417485462e-05
marketdetermin,1.0121281417485462e-05
ravn,1.0121281417485462e-05
atom,1.0121281417485462e-05
frastructur,1.0121281417485462e-05
withstand,1.0121281417485462e-05
morck,1.0121281417485462e-05
alk,1.0121281417485462e-05
insta,1.0121281417485462e-05
blunt,1.0121281417485462e-05
magnus,1.0121281417485462e-05
impati,1.0121281417485462e-05
retool,1.0121281417485462e-05
typ,1.0121281417485462e-05
nonmilitari,1.0121281417485462e-05
ejj,1.0121281417485462e-05
fik,1.0121281417485462e-05
highspe,1.0121281417485462e-05
counterproduct,1.0121281417485462e-05
bertil,1.0121281417485462e-05
severin,1.0121281417485462e-05
bail,1.0121281417485462e-05
lxxviii,1.0121281417485462e-05
scedast,1.0121281417485462e-05
upshot,1.0121281417485462e-05
recessionari,1.0121281417485462e-05
gottfri,1.0121281417485462e-05
steril,1.0121281417485462e-05
geog,1.0121281417485462e-05
nurs,1.0121281417485462e-05
deleteri,1.0121281417485462e-05
sickl,1.0121281417485462e-05
gij,1.0121281417485462e-05
pior,1.0121281417485462e-05
cession,1.0121281417485462e-05
gaso,1.0121281417485462e-05
switzer,1.0121281417485462e-05
attri,1.0121281417485462e-05
brasil,1.0121281417485462e-05
margoli,1.0121281417485462e-05
thrive,1.0121281417485462e-05
bordeaux,1.0121281417485462e-05
chiswick,1.0121281417485462e-05
papaioannou,1.0121281417485462e-05
limao,1.0121281417485462e-05
lodg,1.0121281417485462e-05
califor,1.0121281417485462e-05
premultipli,1.0121281417485462e-05
borcherd,1.0121281417485462e-05
lunch,1.0121281417485462e-05
millennium,1.0121281417485462e-05
undefin,1.0121281417485462e-05
mht,1.0121281417485462e-05
yct,1.0121281417485462e-05
cte,1.0121281417485462e-05
secu,1.0121281417485462e-05
radner,1.0121281417485462e-05
onemonth,1.0121281417485462e-05
sectori,1.0121281417485462e-05
bendavid,1.0121281417485462e-05
falcon,1.0121281417485462e-05
investmentgdp,1.0121281417485462e-05
hlt,1.0121281417485462e-05
attrib,1.0121281417485462e-05
maizel,1.0121281417485462e-05
armslength,1.0121281417485462e-05
pxi,1.0121281417485462e-05
lai,1.0121281417485462e-05
dea,1.0121281417485462e-05
memoranda,1.0121281417485462e-05
xin,1.0121281417485462e-05
naughton,1.0121281417485462e-05
signi,1.0121281417485462e-05
sht,1.0121281417485462e-05
ler,1.0121281417485462e-05
pinpoint,1.0121281417485462e-05
eclect,1.0121281417485462e-05
mood,1.0121281417485462e-05
hpfilter,1.0121281417485462e-05
qtt,1.0121281417485462e-05
elia,1.0121281417485462e-05
inj,1.0121281417485462e-05
riot,1.0121281417485462e-05
dyi,1.0121281417485462e-05
edibl,1.0121281417485462e-05
palac,1.0121281417485462e-05
sinn,1.0121281417485462e-05
innat,1.0121281417485462e-05
knees,1.0121281417485462e-05
retire,1.0121281417485462e-05
pickup,1.0121281417485462e-05
discretetim,1.0121281417485462e-05
costshar,1.0121281417485462e-05
cec,1.0121281417485462e-05
nobodi,1.0121281417485462e-05
eightyear,1.0121281417485462e-05
gametheoret,1.0121281417485462e-05
curr,1.0121281417485462e-05
ecm,1.0121281417485462e-05
duggan,1.0121281417485462e-05
fxi,1.0121281417485462e-05
unlag,1.0121281417485462e-05
conservationist,1.0121281417485462e-05
noland,1.0121281417485462e-05
autoregr,1.0121281417485462e-05
dine,1.0121281417485462e-05
auspic,1.0121281417485462e-05
zonal,1.0121281417485462e-05
timedepend,1.0121281417485462e-05
momentari,1.0121281417485462e-05
sussex,9.804991373189043e-06
oneunit,9.804991373189043e-06
popkin,9.804991373189043e-06
balogh,9.804991373189043e-06
mond,9.804991373189043e-06
surveil,9.804991373189043e-06
coco,9.804991373189043e-06
citrus,9.804991373189043e-06
justin,9.804991373189043e-06
hang,9.804991373189043e-06
mogen,9.804991373189043e-06
laidoff,9.804991373189043e-06
beet,9.804991373189043e-06
ploit,9.804991373189043e-06
leeuw,9.804991373189043e-06
savingincom,9.804991373189043e-06
resin,9.804991373189043e-06
fortysix,9.804991373189043e-06
horioka,9.804991373189043e-06
sbr,9.804991373189043e-06
undercut,9.804991373189043e-06
jaroslav,9.804991373189043e-06
vitamin,9.804991373189043e-06
yamey,9.804991373189043e-06
laroqu,9.804991373189043e-06
palgrav,9.804991373189043e-06
wednesday,9.804991373189043e-06
sss,9.804991373189043e-06
trebbi,9.804991373189043e-06
reallo,9.804991373189043e-06
rom,9.804991373189043e-06
xio,9.804991373189043e-06
palma,9.804991373189043e-06
ruin,9.804991373189043e-06
quinn,9.804991373189043e-06
tct,9.804991373189043e-06
malcolm,9.804991373189043e-06
couch,9.804991373189043e-06
atc,9.804991373189043e-06
heinz,9.804991373189043e-06
energysav,9.804991373189043e-06
stephan,9.804991373189043e-06
troversi,9.804991373189043e-06
oxi,9.804991373189043e-06
qil,9.804991373189043e-06
garcia,9.804991373189043e-06
manila,9.804991373189043e-06
enr,9.804991373189043e-06
rower,9.804991373189043e-06
gillingham,9.804991373189043e-06
isr,9.804991373189043e-06
springer,9.804991373189043e-06
nir,9.804991373189043e-06
vitiat,9.804991373189043e-06
fastgrow,9.804991373189043e-06
prejudic,9.804991373189043e-06
withheld,9.804991373189043e-06
districtlevel,9.804991373189043e-06
theft,9.804991373189043e-06
barcelona,9.804991373189043e-06
nonlin,9.804991373189043e-06
homecountri,9.804991373189043e-06
unwilling,9.804991373189043e-06
ofj,9.804991373189043e-06
fession,9.804991373189043e-06
amm,9.804991373189043e-06
bgp,9.804991373189043e-06
zimmermann,9.804991373189043e-06
friedrich,9.804991373189043e-06
profitseek,9.804991373189043e-06
ivi,9.804991373189043e-06
adjoin,9.804991373189043e-06
debit,9.804991373189043e-06
melbourn,9.804991373189043e-06
abstractw,9.804991373189043e-06
devarajan,9.804991373189043e-06
shelbi,9.804991373189043e-06
eaten,9.804991373189043e-06
tai,9.804991373189043e-06
realloca,9.804991373189043e-06
warnock,9.804991373189043e-06
metaphor,9.804991373189043e-06
agespecif,9.804991373189043e-06
nnp,9.804991373189043e-06
foremost,9.804991373189043e-06
patibl,9.804991373189043e-06
afflict,9.804991373189043e-06
canadianj,9.804991373189043e-06
stulz,9.804991373189043e-06
bover,9.804991373189043e-06
fabio,9.804991373189043e-06
oscar,9.804991373189043e-06
reliant,9.804991373189043e-06
stephani,9.804991373189043e-06
lip,9.804991373189043e-06
encour,9.804991373189043e-06
longdist,9.804991373189043e-06
shuttl,9.804991373189043e-06
xlt,9.804991373189043e-06
cmr,9.804991373189043e-06
olist,9.804991373189043e-06
braithwait,9.804991373189043e-06
resampl,9.804991373189043e-06
tendigit,9.804991373189043e-06
immateri,9.804991373189043e-06
rati,9.804991373189043e-06
pride,9.804991373189043e-06
rapoport,9.804991373189043e-06
highfrequ,9.804991373189043e-06
phosphat,9.804991373189043e-06
leiderman,9.804991373189043e-06
supersed,9.804991373189043e-06
dat,9.804991373189043e-06
underw,9.804991373189043e-06
ypi,9.804991373189043e-06
pts,9.804991373189043e-06
xip,9.804991373189043e-06
fierc,9.804991373189043e-06
freemarket,9.804991373189043e-06
lege,9.804991373189043e-06
xpt,9.804991373189043e-06
laffont,9.804991373189043e-06
cpb,9.804991373189043e-06
sae,9.804991373189043e-06
louisvill,9.804991373189043e-06
trick,9.804991373189043e-06
dub,9.804991373189043e-06
lain,9.804991373189043e-06
schole,9.804991373189043e-06
ulrich,9.804991373189043e-06
nonmargin,9.804991373189043e-06
helm,9.804991373189043e-06
gous,9.804991373189043e-06
tpt,9.804991373189043e-06
greenston,9.804991373189043e-06
pergamon,9.804991373189043e-06
laitner,9.804991373189043e-06
febru,9.804991373189043e-06
chevrolet,9.804991373189043e-06
renc,9.804991373189043e-06
bkt,9.804991373189043e-06
ipum,9.804991373189043e-06
higherincom,9.804991373189043e-06
aco,9.804991373189043e-06
nite,9.804991373189043e-06
oneshot,9.804991373189043e-06
usbas,9.804991373189043e-06
homestead,9.804991373189043e-06
elim,9.804991373189043e-06
nicb,9.804991373189043e-06
fascin,9.804991373189043e-06
caption,9.804991373189043e-06
balancesheet,9.804991373189043e-06
zontal,9.804991373189043e-06
makeup,9.804991373189043e-06
willett,9.804991373189043e-06
npv,9.804991373189043e-06
dutiabl,9.804991373189043e-06
stackelberg,9.804991373189043e-06
humid,9.804991373189043e-06
telecommunica,9.804991373189043e-06
demic,9.804991373189043e-06
publicpriv,9.804991373189043e-06
multicol,9.804991373189043e-06
striker,9.804991373189043e-06
ren,9.804991373189043e-06
imben,9.804991373189043e-06
zeitschrift,9.804991373189043e-06
crossov,9.804991373189043e-06
baer,9.804991373189043e-06
giorgio,9.804991373189043e-06
uous,9.804991373189043e-06
retrain,9.804991373189043e-06
mall,9.804991373189043e-06
occ,9.804991373189043e-06
ebi,9.804991373189043e-06
dna,9.804991373189043e-06
jnt,9.804991373189043e-06
curat,9.804991373189043e-06
multiyear,9.804991373189043e-06
acp,9.488701328892621e-06
della,9.488701328892621e-06
dti,9.488701328892621e-06
boi,9.488701328892621e-06
iain,9.488701328892621e-06
rehabilit,9.488701328892621e-06
cullen,9.488701328892621e-06
aqi,9.488701328892621e-06
starv,9.488701328892621e-06
costinot,9.488701328892621e-06
archetyp,9.488701328892621e-06
michel,9.488701328892621e-06
prespecifi,9.488701328892621e-06
ordnanc,9.488701328892621e-06
iil,9.488701328892621e-06
riedel,9.488701328892621e-06
fixedcoeffici,9.488701328892621e-06
countrywid,9.488701328892621e-06
rubinfeld,9.488701328892621e-06
termi,9.488701328892621e-06
nosal,9.488701328892621e-06
imm,9.488701328892621e-06
prem,9.488701328892621e-06
unitcost,9.488701328892621e-06
bohn,9.488701328892621e-06
lundberg,9.488701328892621e-06
cco,9.488701328892621e-06
phenomen,9.488701328892621e-06
homeownership,9.488701328892621e-06
itera,9.488701328892621e-06
tach,9.488701328892621e-06
aldrich,9.488701328892621e-06
cuse,9.488701328892621e-06
sgp,9.488701328892621e-06
undepreci,9.488701328892621e-06
plough,9.488701328892621e-06
permanentincom,9.488701328892621e-06
beckmann,9.488701328892621e-06
twelvemonth,9.488701328892621e-06
worral,9.488701328892621e-06
ratchet,9.488701328892621e-06
marquez,9.488701328892621e-06
wii,9.488701328892621e-06
orbit,9.488701328892621e-06
louri,9.488701328892621e-06
fragmentari,9.488701328892621e-06
gian,9.488701328892621e-06
demandsuppli,9.488701328892621e-06
xxxiii,9.488701328892621e-06
ruari,9.488701328892621e-06
tti,9.488701328892621e-06
foss,9.488701328892621e-06
nuffield,9.488701328892621e-06
incomeelast,9.488701328892621e-06
attitudin,9.488701328892621e-06
acquisi,9.488701328892621e-06
semidur,9.488701328892621e-06
threefirm,9.488701328892621e-06
internazional,9.488701328892621e-06
rivalr,9.488701328892621e-06
roug,9.488701328892621e-06
imperfec,9.488701328892621e-06
wih,9.488701328892621e-06
essarili,9.488701328892621e-06
bloomington,9.488701328892621e-06
isfi,9.488701328892621e-06
libria,9.488701328892621e-06
chirinko,9.488701328892621e-06
typewrit,9.488701328892621e-06
sponsiv,9.488701328892621e-06
serbia,9.488701328892621e-06
ajj,9.488701328892621e-06
eto,9.488701328892621e-06
chronicl,9.488701328892621e-06
destabilis,9.488701328892621e-06
trt,9.488701328892621e-06
tonn,9.488701328892621e-06
pricecontrol,9.488701328892621e-06
amano,9.488701328892621e-06
unimod,9.488701328892621e-06
cupat,9.488701328892621e-06
zik,9.488701328892621e-06
flex,9.488701328892621e-06
identifica,9.488701328892621e-06
untest,9.488701328892621e-06
ingenu,9.488701328892621e-06
bhutan,9.488701328892621e-06
ujt,9.488701328892621e-06
growthrat,9.488701328892621e-06
gni,9.488701328892621e-06
archibald,9.488701328892621e-06
productmix,9.488701328892621e-06
nether,9.488701328892621e-06
offi,9.488701328892621e-06
toe,9.488701328892621e-06
undon,9.488701328892621e-06
hoel,9.488701328892621e-06
kiel,9.488701328892621e-06
roubl,9.488701328892621e-06
feig,9.488701328892621e-06
resourcerich,9.488701328892621e-06
provoc,9.488701328892621e-06
delong,9.488701328892621e-06
wagon,9.488701328892621e-06
allison,9.488701328892621e-06
welsch,9.488701328892621e-06
bonini,9.488701328892621e-06
iment,9.488701328892621e-06
ijk,9.488701328892621e-06
chariti,9.488701328892621e-06
lyn,9.488701328892621e-06
castl,9.488701328892621e-06
rasch,9.488701328892621e-06
nullifi,9.488701328892621e-06
possibili,9.488701328892621e-06
segerstrom,9.488701328892621e-06
fatal,9.488701328892621e-06
addisonwesley,9.488701328892621e-06
laborinput,9.488701328892621e-06
liverpool,9.488701328892621e-06
foreigntrad,9.488701328892621e-06
labouraug,9.488701328892621e-06
thaler,9.488701328892621e-06
twopric,9.488701328892621e-06
cottonse,9.488701328892621e-06
brium,9.488701328892621e-06
bharadwaj,9.488701328892621e-06
lci,9.488701328892621e-06
lln,9.488701328892621e-06
monopo,9.488701328892621e-06
revel,9.488701328892621e-06
changer,9.488701328892621e-06
piti,9.488701328892621e-06
diversi,9.488701328892621e-06
julyaug,9.488701328892621e-06
danish,9.488701328892621e-06
ellman,9.488701328892621e-06
node,9.488701328892621e-06
xijt,9.488701328892621e-06
pledg,9.488701328892621e-06
plummet,9.488701328892621e-06
imbed,9.488701328892621e-06
moser,9.488701328892621e-06
jewk,9.488701328892621e-06
plosser,9.488701328892621e-06
loo,9.488701328892621e-06
maynard,9.488701328892621e-06
vri,9.488701328892621e-06
mcguckin,9.488701328892621e-06
lowabl,9.488701328892621e-06
goulder,9.488701328892621e-06
adr,9.488701328892621e-06
ioannid,9.488701328892621e-06
posabl,9.488701328892621e-06
uip,9.488701328892621e-06
mosh,9.488701328892621e-06
mili,9.488701328892621e-06
pechman,9.488701328892621e-06
tenet,9.488701328892621e-06
broke,9.488701328892621e-06
undo,9.488701328892621e-06
empiric,9.488701328892621e-06
athen,9.488701328892621e-06
resel,9.488701328892621e-06
softwood,9.488701328892621e-06
shelv,9.488701328892621e-06
contempora,9.488701328892621e-06
florenc,9.488701328892621e-06
coerciv,9.488701328892621e-06
bequest,9.488701328892621e-06
junctur,9.488701328892621e-06
tribun,9.488701328892621e-06
kle,9.488701328892621e-06
wildasin,9.488701328892621e-06
catego,9.488701328892621e-06
pret,9.488701328892621e-06
therapi,9.488701328892621e-06
ichimura,9.488701328892621e-06
overs,9.488701328892621e-06
mci,9.488701328892621e-06
abi,9.488701328892621e-06
locationspecif,9.488701328892621e-06
harden,9.488701328892621e-06
pbs,9.488701328892621e-06
strictiv,9.488701328892621e-06
dks,9.488701328892621e-06
kamerschen,9.488701328892621e-06
athlet,9.1724112845962e-06
parri,9.1724112845962e-06
fourfifth,9.1724112845962e-06
cci,9.1724112845962e-06
overt,9.1724112845962e-06
nondiscriminatori,9.1724112845962e-06
nonrecipi,9.1724112845962e-06
fice,9.1724112845962e-06
nore,9.1724112845962e-06
abcd,9.1724112845962e-06
mom,9.1724112845962e-06
irn,9.1724112845962e-06
ifc,9.1724112845962e-06
rss,9.1724112845962e-06
carson,9.1724112845962e-06
withinsector,9.1724112845962e-06
tat,9.1724112845962e-06
consol,9.1724112845962e-06
laborleisur,9.1724112845962e-06
evok,9.1724112845962e-06
fuse,9.1724112845962e-06
uppsala,9.1724112845962e-06
confectioneri,9.1724112845962e-06
afl,9.1724112845962e-06
prede,9.1724112845962e-06
atmo,9.1724112845962e-06
milder,9.1724112845962e-06
knopf,9.1724112845962e-06
eie,9.1724112845962e-06
succ,9.1724112845962e-06
baier,9.1724112845962e-06
seafood,9.1724112845962e-06
lxvii,9.1724112845962e-06
writedown,9.1724112845962e-06
drs,9.1724112845962e-06
anthropologist,9.1724112845962e-06
dsi,9.1724112845962e-06
fibr,9.1724112845962e-06
putnam,9.1724112845962e-06
nationalincom,9.1724112845962e-06
lawsuit,9.1724112845962e-06
concep,9.1724112845962e-06
albani,9.1724112845962e-06
pitch,9.1724112845962e-06
toi,9.1724112845962e-06
taught,9.1724112845962e-06
hind,9.1724112845962e-06
cadr,9.1724112845962e-06
merril,9.1724112845962e-06
wilbur,9.1724112845962e-06
tol,9.1724112845962e-06
rfa,9.1724112845962e-06
storabl,9.1724112845962e-06
wagerent,9.1724112845962e-06
melt,9.1724112845962e-06
dament,9.1724112845962e-06
borenstein,9.1724112845962e-06
subvector,9.1724112845962e-06
rft,9.1724112845962e-06
eke,9.1724112845962e-06
wheatsheaf,9.1724112845962e-06
diamet,9.1724112845962e-06
gerhard,9.1724112845962e-06
moss,9.1724112845962e-06
stuck,9.1724112845962e-06
hyman,9.1724112845962e-06
disastr,9.1724112845962e-06
dearth,9.1724112845962e-06
cuddington,9.1724112845962e-06
ubiquit,9.1724112845962e-06
rwt,9.1724112845962e-06
lage,9.1724112845962e-06
ejc,9.1724112845962e-06
elr,9.1724112845962e-06
dentist,9.1724112845962e-06
propertyright,9.1724112845962e-06
gha,9.1724112845962e-06
countryj,9.1724112845962e-06
householdspecif,9.1724112845962e-06
whiteman,9.1724112845962e-06
belli,9.1724112845962e-06
filipino,9.1724112845962e-06
castro,9.1724112845962e-06
llt,9.1724112845962e-06
samoa,9.1724112845962e-06
hogan,9.1724112845962e-06
rejoind,9.1724112845962e-06
inelig,9.1724112845962e-06
nativeborn,9.1724112845962e-06
esl,9.1724112845962e-06
sharon,9.1724112845962e-06
midnineteenth,9.1724112845962e-06
learner,9.1724112845962e-06
debreu,9.1724112845962e-06
ett,9.1724112845962e-06
amit,9.1724112845962e-06
riskadjust,9.1724112845962e-06
erb,9.1724112845962e-06
garner,9.1724112845962e-06
synergist,9.1724112845962e-06
xnt,9.1724112845962e-06
backman,9.1724112845962e-06
protract,9.1724112845962e-06
nobay,9.1724112845962e-06
hobijn,9.1724112845962e-06
yrs,9.1724112845962e-06
yeapl,9.1724112845962e-06
hardship,9.1724112845962e-06
blss,9.1724112845962e-06
intransit,9.1724112845962e-06
fornia,9.1724112845962e-06
tougher,9.1724112845962e-06
responsi,9.1724112845962e-06
constantcost,9.1724112845962e-06
rebuilt,9.1724112845962e-06
pling,9.1724112845962e-06
vativ,9.1724112845962e-06
kathleen,9.1724112845962e-06
fundamen,9.1724112845962e-06
fullsampl,9.1724112845962e-06
msi,9.1724112845962e-06
mian,9.1724112845962e-06
surmis,9.1724112845962e-06
quiet,9.1724112845962e-06
tanganyika,9.1724112845962e-06
schuh,9.1724112845962e-06
clc,9.1724112845962e-06
ptj,9.1724112845962e-06
atil,9.1724112845962e-06
inconveni,9.1724112845962e-06
sth,9.1724112845962e-06
relativepric,9.1724112845962e-06
mordecai,9.1724112845962e-06
anil,9.1724112845962e-06
hinterland,9.1724112845962e-06
unexploit,9.1724112845962e-06
lowdens,9.1724112845962e-06
endogenis,9.1724112845962e-06
ced,9.1724112845962e-06
ator,9.1724112845962e-06
bermuda,9.1724112845962e-06
shrunk,9.1724112845962e-06
feller,9.1724112845962e-06
dlog,9.1724112845962e-06
martha,9.1724112845962e-06
aba,9.1724112845962e-06
chew,9.1724112845962e-06
enlighten,9.1724112845962e-06
herrendorf,9.1724112845962e-06
amc,9.1724112845962e-06
mcmaster,9.1724112845962e-06
deteriora,9.1724112845962e-06
allyn,9.1724112845962e-06
noneuropean,9.1724112845962e-06
nonmigr,9.1724112845962e-06
parenthet,9.1724112845962e-06
dissolv,9.1724112845962e-06
timeconsum,9.1724112845962e-06
thle,9.1724112845962e-06
dim,9.1724112845962e-06
stra,9.1724112845962e-06
cas,9.1724112845962e-06
nonsouth,9.1724112845962e-06
denial,9.1724112845962e-06
bacchetta,9.1724112845962e-06
modifica,9.1724112845962e-06
adduc,9.1724112845962e-06
foreseen,9.1724112845962e-06
compendium,9.1724112845962e-06
neoclassi,9.1724112845962e-06
yis,9.1724112845962e-06
talintens,9.1724112845962e-06
grievanc,9.1724112845962e-06
maloney,9.1724112845962e-06
bot,9.1724112845962e-06
timet,9.1724112845962e-06
uptod,9.1724112845962e-06
urbana,9.1724112845962e-06
collegeeduc,9.1724112845962e-06
connot,9.1724112845962e-06
cfi,9.1724112845962e-06
forgiv,9.1724112845962e-06
oilproduc,9.1724112845962e-06
triplet,9.1724112845962e-06
explod,9.1724112845962e-06
soa,9.1724112845962e-06
wst,9.1724112845962e-06
stickypric,9.1724112845962e-06
jectur,9.1724112845962e-06
greenfield,9.1724112845962e-06
coveri,9.1724112845962e-06
saunder,9.1724112845962e-06
incometax,9.1724112845962e-06
deflect,9.1724112845962e-06
fiction,9.1724112845962e-06
mckean,9.1724112845962e-06
dispatch,9.1724112845962e-06
buttress,9.1724112845962e-06
qct,9.1724112845962e-06
niesr,9.1724112845962e-06
inapplic,9.1724112845962e-06
expi,9.1724112845962e-06
staf,9.1724112845962e-06
paus,9.1724112845962e-06
plish,9.1724112845962e-06
kanbur,9.1724112845962e-06
alit,9.1724112845962e-06
ypt,9.1724112845962e-06
uzbekistan,9.1724112845962e-06
emin,9.1724112845962e-06
noarbitrag,9.1724112845962e-06
emmanuel,9.1724112845962e-06
coincident,9.1724112845962e-06
ead,8.85612124029978e-06
mohsin,8.85612124029978e-06
bever,8.85612124029978e-06
implementa,8.85612124029978e-06
hisher,8.85612124029978e-06
calor,8.85612124029978e-06
admir,8.85612124029978e-06
farrar,8.85612124029978e-06
azt,8.85612124029978e-06
fritz,8.85612124029978e-06
awl,8.85612124029978e-06
skip,8.85612124029978e-06
gramm,8.85612124029978e-06
mayor,8.85612124029978e-06
jahrbuch,8.85612124029978e-06
pakistani,8.85612124029978e-06
axa,8.85612124029978e-06
liti,8.85612124029978e-06
unnot,8.85612124029978e-06
gle,8.85612124029978e-06
gagnon,8.85612124029978e-06
zwe,8.85612124029978e-06
prj,8.85612124029978e-06
buyersel,8.85612124029978e-06
vanderkamp,8.85612124029978e-06
leasehold,8.85612124029978e-06
brate,8.85612124029978e-06
woven,8.85612124029978e-06
iol,8.85612124029978e-06
meager,8.85612124029978e-06
ripley,8.85612124029978e-06
mainlin,8.85612124029978e-06
pischk,8.85612124029978e-06
sevendigit,8.85612124029978e-06
retum,8.85612124029978e-06
timmin,8.85612124029978e-06
intersec,8.85612124029978e-06
hmmel,8.85612124029978e-06
dimin,8.85612124029978e-06
successor,8.85612124029978e-06
confederaci,8.85612124029978e-06
silva,8.85612124029978e-06
comtrad,8.85612124029978e-06
baa,8.85612124029978e-06
mrp,8.85612124029978e-06
metr,8.85612124029978e-06
amus,8.85612124029978e-06
hij,8.85612124029978e-06
tact,8.85612124029978e-06
lxxv,8.85612124029978e-06
danzig,8.85612124029978e-06
perus,8.85612124029978e-06
bas,8.85612124029978e-06
soni,8.85612124029978e-06
kkt,8.85612124029978e-06
license,8.85612124029978e-06
cab,8.85612124029978e-06
lucrat,8.85612124029978e-06
journial,8.85612124029978e-06
xlk,8.85612124029978e-06
dpl,8.85612124029978e-06
carlin,8.85612124029978e-06
majesti,8.85612124029978e-06
methodist,8.85612124029978e-06
unjustifi,8.85612124029978e-06
invento,8.85612124029978e-06
bayoumi,8.85612124029978e-06
twentyfirst,8.85612124029978e-06
hightax,8.85612124029978e-06
dordrecht,8.85612124029978e-06
lxiv,8.85612124029978e-06
omittedvari,8.85612124029978e-06
crossparti,8.85612124029978e-06
www,8.85612124029978e-06
wtl,8.85612124029978e-06
chong,8.85612124029978e-06
nzl,8.85612124029978e-06
aka,8.85612124029978e-06
seymour,8.85612124029978e-06
qln,8.85612124029978e-06
georgescuroegen,8.85612124029978e-06
impoverish,8.85612124029978e-06
cuban,8.85612124029978e-06
hugo,8.85612124029978e-06
raphi,8.85612124029978e-06
parliament,8.85612124029978e-06
vember,8.85612124029978e-06
gourieroux,8.85612124029978e-06
mcdougal,8.85612124029978e-06
unfinish,8.85612124029978e-06
ladi,8.85612124029978e-06
hurwitz,8.85612124029978e-06
lxxix,8.85612124029978e-06
infus,8.85612124029978e-06
visitor,8.85612124029978e-06
bonn,8.85612124029978e-06
cashflow,8.85612124029978e-06
cpe,8.85612124029978e-06
onsit,8.85612124029978e-06
gottschalk,8.85612124029978e-06
victorian,8.85612124029978e-06
marcelo,8.85612124029978e-06
destruc,8.85612124029978e-06
logp,8.85612124029978e-06
firstclass,8.85612124029978e-06
mouth,8.85612124029978e-06
pilat,8.85612124029978e-06
tyson,8.85612124029978e-06
algo,8.85612124029978e-06
tyt,8.85612124029978e-06
balti,8.85612124029978e-06
cruzeiro,8.85612124029978e-06
procompetit,8.85612124029978e-06
iiiv,8.85612124029978e-06
iir,8.85612124029978e-06
mec,8.85612124029978e-06
schroeder,8.85612124029978e-06
braun,8.85612124029978e-06
bbl,8.85612124029978e-06
aldin,8.85612124029978e-06
stoll,8.85612124029978e-06
acycl,8.85612124029978e-06
haus,8.85612124029978e-06
factorcost,8.85612124029978e-06
nln,8.85612124029978e-06
irf,8.85612124029978e-06
calf,8.85612124029978e-06
investmentspecif,8.85612124029978e-06
memo,8.85612124029978e-06
maiden,8.85612124029978e-06
novo,8.85612124029978e-06
standin,8.85612124029978e-06
aix,8.85612124029978e-06
koster,8.85612124029978e-06
arf,8.85612124029978e-06
leonid,8.85612124029978e-06
cep,8.85612124029978e-06
whelm,8.85612124029978e-06
fyt,8.85612124029978e-06
constantutil,8.85612124029978e-06
clive,8.85612124029978e-06
rectifi,8.85612124029978e-06
nonexperiment,8.85612124029978e-06
nontransfer,8.85612124029978e-06
beth,8.85612124029978e-06
colo,8.85612124029978e-06
rpp,8.85612124029978e-06
mli,8.85612124029978e-06
flem,8.85612124029978e-06
iip,8.85612124029978e-06
sew,8.85612124029978e-06
ampli,8.85612124029978e-06
enon,8.85612124029978e-06
roe,8.85612124029978e-06
onceandforal,8.85612124029978e-06
pai,8.85612124029978e-06
bee,8.85612124029978e-06
retrench,8.85612124029978e-06
reuter,8.85612124029978e-06
tune,8.85612124029978e-06
thomson,8.85612124029978e-06
awk,8.85612124029978e-06
bettina,8.85612124029978e-06
dealership,8.85612124029978e-06
ydt,8.85612124029978e-06
noncon,8.85612124029978e-06
estadistica,8.85612124029978e-06
arma,8.85612124029978e-06
budapest,8.85612124029978e-06
endus,8.85612124029978e-06
ord,8.85612124029978e-06
egori,8.85612124029978e-06
gineer,8.85612124029978e-06
dinopoulo,8.85612124029978e-06
internalis,8.85612124029978e-06
elucid,8.85612124029978e-06
socio,8.85612124029978e-06
crp,8.85612124029978e-06
coronari,8.85612124029978e-06
iat,8.85612124029978e-06
profita,8.85612124029978e-06
bros,8.85612124029978e-06
ashton,8.85612124029978e-06
towel,8.85612124029978e-06
eariti,8.85612124029978e-06
curios,8.85612124029978e-06
slot,8.85612124029978e-06
sevenyear,8.85612124029978e-06
outputbas,8.85612124029978e-06
safer,8.85612124029978e-06
carr,8.85612124029978e-06
defla,8.85612124029978e-06
leonardo,8.85612124029978e-06
partisan,8.85612124029978e-06
tablet,8.85612124029978e-06
myopia,8.85612124029978e-06
menil,8.85612124029978e-06
rari,8.85612124029978e-06
psm,8.85612124029978e-06
pvt,8.85612124029978e-06
workhors,8.85612124029978e-06
debtservic,8.85612124029978e-06
pih,8.85612124029978e-06
nga,8.85612124029978e-06
pyo,8.85612124029978e-06
ruleofthumb,8.85612124029978e-06
captiv,8.85612124029978e-06
overrepres,8.85612124029978e-06
bacco,8.85612124029978e-06
pricediscrimin,8.85612124029978e-06
exportl,8.85612124029978e-06
iik,8.85612124029978e-06
corridor,8.85612124029978e-06
nonempti,8.85612124029978e-06
nonsens,8.85612124029978e-06
pecial,8.85612124029978e-06
neve,8.85612124029978e-06
kazuo,8.85612124029978e-06
sett,8.85612124029978e-06
godley,8.85612124029978e-06
horvath,8.85612124029978e-06
barrole,8.539831196003359e-06
lia,8.539831196003359e-06
cork,8.539831196003359e-06
econonm,8.539831196003359e-06
evolu,8.539831196003359e-06
medi,8.539831196003359e-06
umbrella,8.539831196003359e-06
plung,8.539831196003359e-06
thirtyon,8.539831196003359e-06
smelt,8.539831196003359e-06
rausser,8.539831196003359e-06
mvi,8.539831196003359e-06
ageri,8.539831196003359e-06
cort,8.539831196003359e-06
wip,8.539831196003359e-06
closedloop,8.539831196003359e-06
physiolog,8.539831196003359e-06
aberr,8.539831196003359e-06
moin,8.539831196003359e-06
itn,8.539831196003359e-06
bhattacharya,8.539831196003359e-06
hassler,8.539831196003359e-06
ruhl,8.539831196003359e-06
clair,8.539831196003359e-06
broadbas,8.539831196003359e-06
elliot,8.539831196003359e-06
cni,8.539831196003359e-06
lor,8.539831196003359e-06
mold,8.539831196003359e-06
bership,8.539831196003359e-06
meier,8.539831196003359e-06
consequenti,8.539831196003359e-06
tla,8.539831196003359e-06
spheric,8.539831196003359e-06
carnegiemellon,8.539831196003359e-06
bergsman,8.539831196003359e-06
duma,8.539831196003359e-06
fortyf,8.539831196003359e-06
outofpocket,8.539831196003359e-06
spq,8.539831196003359e-06
freund,8.539831196003359e-06
beal,8.539831196003359e-06
nih,8.539831196003359e-06
sciencebas,8.539831196003359e-06
cutleri,8.539831196003359e-06
rowley,8.539831196003359e-06
mct,8.539831196003359e-06
tore,8.539831196003359e-06
yji,8.539831196003359e-06
blalock,8.539831196003359e-06
retreat,8.539831196003359e-06
dramati,8.539831196003359e-06
pix,8.539831196003359e-06
hydraul,8.539831196003359e-06
reclassif,8.539831196003359e-06
multilat,8.539831196003359e-06
pax,8.539831196003359e-06
hutchinson,8.539831196003359e-06
hop,8.539831196003359e-06
kalt,8.539831196003359e-06
ndimension,8.539831196003359e-06
eva,8.539831196003359e-06
flower,8.539831196003359e-06
disad,8.539831196003359e-06
guilti,8.539831196003359e-06
travers,8.539831196003359e-06
invertedu,8.539831196003359e-06
lxxx,8.539831196003359e-06
nienc,8.539831196003359e-06
pricechang,8.539831196003359e-06
dar,8.539831196003359e-06
handi,8.539831196003359e-06
aggressor,8.539831196003359e-06
lytic,8.539831196003359e-06
nrr,8.539831196003359e-06
rodger,8.539831196003359e-06
fixedproport,8.539831196003359e-06
satisf,8.539831196003359e-06
decept,8.539831196003359e-06
sipp,8.539831196003359e-06
revolu,8.539831196003359e-06
assar,8.539831196003359e-06
barrow,8.539831196003359e-06
resp,8.539831196003359e-06
overborrow,8.539831196003359e-06
pmm,8.539831196003359e-06
unorgan,8.539831196003359e-06
rstatist,8.539831196003359e-06
tza,8.539831196003359e-06
reclassifi,8.539831196003359e-06
reinganum,8.539831196003359e-06
kormendi,8.539831196003359e-06
nomial,8.539831196003359e-06
icr,8.539831196003359e-06
pxt,8.539831196003359e-06
montmarquett,8.539831196003359e-06
kilometr,8.539831196003359e-06
interlock,8.539831196003359e-06
polygon,8.539831196003359e-06
devoid,8.539831196003359e-06
ceptual,8.539831196003359e-06
brumberg,8.539831196003359e-06
sculli,8.539831196003359e-06
trevor,8.539831196003359e-06
birdsal,8.539831196003359e-06
jit,8.539831196003359e-06
industryyear,8.539831196003359e-06
schwartzman,8.539831196003359e-06
corrup,8.539831196003359e-06
emax,8.539831196003359e-06
burdensom,8.539831196003359e-06
dixon,8.539831196003359e-06
kojima,8.539831196003359e-06
joyc,8.539831196003359e-06
misalign,8.539831196003359e-06
cyert,8.539831196003359e-06
nect,8.539831196003359e-06
ded,8.539831196003359e-06
dhs,8.539831196003359e-06
populist,8.539831196003359e-06
bestfit,8.539831196003359e-06
gmc,8.539831196003359e-06
asit,8.539831196003359e-06
multan,8.539831196003359e-06
brt,8.539831196003359e-06
mclean,8.539831196003359e-06
yiy,8.539831196003359e-06
regi,8.539831196003359e-06
dig,8.539831196003359e-06
establishmentlevel,8.539831196003359e-06
barr,8.539831196003359e-06
interr,8.539831196003359e-06
usg,8.539831196003359e-06
majorityown,8.539831196003359e-06
doyl,8.539831196003359e-06
charcoal,8.539831196003359e-06
etud,8.539831196003359e-06
pranab,8.539831196003359e-06
eightdigit,8.539831196003359e-06
jackman,8.539831196003359e-06
automak,8.539831196003359e-06
wagebil,8.539831196003359e-06
deck,8.539831196003359e-06
vill,8.539831196003359e-06
welldocu,8.539831196003359e-06
maximiz,8.539831196003359e-06
wmi,8.539831196003359e-06
oilse,8.539831196003359e-06
shen,8.539831196003359e-06
dalgaard,8.539831196003359e-06
risktak,8.539831196003359e-06
midway,8.539831196003359e-06
gorodnichenko,8.539831196003359e-06
oversimplif,8.539831196003359e-06
lure,8.539831196003359e-06
dooley,8.539831196003359e-06
discredit,8.539831196003359e-06
dhp,8.539831196003359e-06
olt,8.539831196003359e-06
econiom,8.539831196003359e-06
pleasur,8.539831196003359e-06
temporan,8.539831196003359e-06
stocha,8.539831196003359e-06
nondefens,8.539831196003359e-06
stoneman,8.539831196003359e-06
schmittgroh,8.539831196003359e-06
munich,8.539831196003359e-06
occa,8.539831196003359e-06
kolm,8.539831196003359e-06
grocer,8.539831196003359e-06
josef,8.539831196003359e-06
superflu,8.539831196003359e-06
buiter,8.539831196003359e-06
simpson,8.539831196003359e-06
strik,8.539831196003359e-06
pest,8.539831196003359e-06
twen,8.539831196003359e-06
accelera,8.539831196003359e-06
smiley,8.539831196003359e-06
fixedcost,8.539831196003359e-06
gastwirth,8.539831196003359e-06
crt,8.539831196003359e-06
modular,8.539831196003359e-06
peo,8.539831196003359e-06
patholog,8.539831196003359e-06
capa,8.539831196003359e-06
vtj,8.539831196003359e-06
gewek,8.539831196003359e-06
fte,8.539831196003359e-06
benign,8.539831196003359e-06
taliti,8.539831196003359e-06
mccloskey,8.539831196003359e-06
mikesel,8.539831196003359e-06
dissolut,8.539831196003359e-06
aib,8.539831196003359e-06
haddad,8.539831196003359e-06
mees,8.539831196003359e-06
iom,8.539831196003359e-06
wildlif,8.539831196003359e-06
lamp,8.539831196003359e-06
unquestion,8.539831196003359e-06
lectiv,8.539831196003359e-06
habitat,8.539831196003359e-06
bang,8.539831196003359e-06
goodsproduc,8.539831196003359e-06
substandard,8.539831196003359e-06
slv,8.539831196003359e-06
entrench,8.539831196003359e-06
lapham,8.539831196003359e-06
toothpast,8.539831196003359e-06
nadian,8.539831196003359e-06
chappel,8.539831196003359e-06
cassel,8.539831196003359e-06
bush,8.539831196003359e-06
muller,8.539831196003359e-06
gem,8.539831196003359e-06
qot,8.539831196003359e-06
kitt,8.539831196003359e-06
bellj,8.539831196003359e-06
celer,8.539831196003359e-06
gruen,8.539831196003359e-06
horn,8.539831196003359e-06
lieberman,8.539831196003359e-06
tide,8.539831196003359e-06
xxvii,8.539831196003359e-06
staehl,8.539831196003359e-06
spoke,8.539831196003359e-06
orthant,8.539831196003359e-06
karlin,8.539831196003359e-06
giannini,8.539831196003359e-06
mlx,8.539831196003359e-06
unpleas,8.539831196003359e-06
margo,8.539831196003359e-06
pict,8.223541151706939e-06
feinberg,8.223541151706939e-06
storelevel,8.223541151706939e-06
yaari,8.223541151706939e-06
comprehend,8.223541151706939e-06
conlisk,8.223541151706939e-06
underwrit,8.223541151706939e-06
crosseffect,8.223541151706939e-06
incentivecompat,8.223541151706939e-06
disclo,8.223541151706939e-06
costsav,8.223541151706939e-06
xie,8.223541151706939e-06
stimu,8.223541151706939e-06
industria,8.223541151706939e-06
grubert,8.223541151706939e-06
vst,8.223541151706939e-06
acc,8.223541151706939e-06
jouirnal,8.223541151706939e-06
rtl,8.223541151706939e-06
solvenc,8.223541151706939e-06
carvalho,8.223541151706939e-06
ptr,8.223541151706939e-06
bagehot,8.223541151706939e-06
cani,8.223541151706939e-06
moham,8.223541151706939e-06
cornerston,8.223541151706939e-06
vicious,8.223541151706939e-06
injur,8.223541151706939e-06
universitat,8.223541151706939e-06
wjs,8.223541151706939e-06
ibg,8.223541151706939e-06
irrate,8.223541151706939e-06
legi,8.223541151706939e-06
disk,8.223541151706939e-06
comoro,8.223541151706939e-06
peasantri,8.223541151706939e-06
setter,8.223541151706939e-06
citizenship,8.223541151706939e-06
practi,8.223541151706939e-06
myriad,8.223541151706939e-06
soo,8.223541151706939e-06
sympathet,8.223541151706939e-06
bki,8.223541151706939e-06
thwart,8.223541151706939e-06
kantorovich,8.223541151706939e-06
domesti,8.223541151706939e-06
limeston,8.223541151706939e-06
wcr,8.223541151706939e-06
tief,8.223541151706939e-06
dzi,8.223541151706939e-06
highgrowth,8.223541151706939e-06
dysfunct,8.223541151706939e-06
rmt,8.223541151706939e-06
cade,8.223541151706939e-06
guilkey,8.223541151706939e-06
ahi,8.223541151706939e-06
collu,8.223541151706939e-06
sjs,8.223541151706939e-06
slice,8.223541151706939e-06
overtak,8.223541151706939e-06
soup,8.223541151706939e-06
witt,8.223541151706939e-06
whitman,8.223541151706939e-06
byt,8.223541151706939e-06
fodder,8.223541151706939e-06
llf,8.223541151706939e-06
eatwel,8.223541151706939e-06
flanagan,8.223541151706939e-06
inequit,8.223541151706939e-06
burk,8.223541151706939e-06
exo,8.223541151706939e-06
cake,8.223541151706939e-06
fkc,8.223541151706939e-06
savin,8.223541151706939e-06
abadi,8.223541151706939e-06
discont,8.223541151706939e-06
fif,8.223541151706939e-06
localcurr,8.223541151706939e-06
champion,8.223541151706939e-06
crossfirm,8.223541151706939e-06
rieti,8.223541151706939e-06
slowest,8.223541151706939e-06
nuanc,8.223541151706939e-06
freq,8.223541151706939e-06
arima,8.223541151706939e-06
undifferenti,8.223541151706939e-06
geophys,8.223541151706939e-06
gramlich,8.223541151706939e-06
twentyfifth,8.223541151706939e-06
keeler,8.223541151706939e-06
soto,8.223541151706939e-06
lpt,8.223541151706939e-06
brunei,8.223541151706939e-06
gms,8.223541151706939e-06
englishspeak,8.223541151706939e-06
reflat,8.223541151706939e-06
lne,8.223541151706939e-06
wicken,8.223541151706939e-06
nyse,8.223541151706939e-06
vestor,8.223541151706939e-06
eui,8.223541151706939e-06
proletariat,8.223541151706939e-06
cro,8.223541151706939e-06
pretest,8.223541151706939e-06
axl,8.223541151706939e-06
fromn,8.223541151706939e-06
raghuram,8.223541151706939e-06
eus,8.223541151706939e-06
shar,8.223541151706939e-06
termsof,8.223541151706939e-06
catalyst,8.223541151706939e-06
jos,8.223541151706939e-06
aind,8.223541151706939e-06
costfunct,8.223541151706939e-06
blake,8.223541151706939e-06
loren,8.223541151706939e-06
kelvin,8.223541151706939e-06
apm,8.223541151706939e-06
firstgener,8.223541151706939e-06
derstand,8.223541151706939e-06
dutyfre,8.223541151706939e-06
cropshar,8.223541151706939e-06
pln,8.223541151706939e-06
logw,8.223541151706939e-06
eyi,8.223541151706939e-06
yik,8.223541151706939e-06
cau,8.223541151706939e-06
industrialist,8.223541151706939e-06
lustrat,8.223541151706939e-06
sufi,8.223541151706939e-06
bless,8.223541151706939e-06
markowitz,8.223541151706939e-06
canton,8.223541151706939e-06
dertouzo,8.223541151706939e-06
insect,8.223541151706939e-06
reserva,8.223541151706939e-06
labora,8.223541151706939e-06
overshadow,8.223541151706939e-06
ooooo,8.223541151706939e-06
microsoft,8.223541151706939e-06
intraeuropean,8.223541151706939e-06
taut,8.223541151706939e-06
clerk,8.223541151706939e-06
schwert,8.223541151706939e-06
joriti,8.223541151706939e-06
zheng,8.223541151706939e-06
pleasant,8.223541151706939e-06
tourist,8.223541151706939e-06
eiu,8.223541151706939e-06
dwt,8.223541151706939e-06
vise,8.223541151706939e-06
septoct,8.223541151706939e-06
individualist,8.223541151706939e-06
ker,8.223541151706939e-06
choudhri,8.223541151706939e-06
jia,8.223541151706939e-06
uncrit,8.223541151706939e-06
flag,8.223541151706939e-06
dic,8.223541151706939e-06
yehuda,8.223541151706939e-06
pepper,8.223541151706939e-06
puls,8.223541151706939e-06
chamberlinian,8.223541151706939e-06
oster,8.223541151706939e-06
mapl,8.223541151706939e-06
notari,8.223541151706939e-06
santo,8.223541151706939e-06
tjall,8.223541151706939e-06
burda,8.223541151706939e-06
leve,8.223541151706939e-06
benevol,8.223541151706939e-06
alloy,8.223541151706939e-06
mcculloch,8.223541151706939e-06
clement,8.223541151706939e-06
bsi,8.223541151706939e-06
bie,8.223541151706939e-06
theatr,8.223541151706939e-06
jaum,8.223541151706939e-06
comb,8.223541151706939e-06
strobl,8.223541151706939e-06
activist,8.223541151706939e-06
counterbalanc,8.223541151706939e-06
pesenti,8.223541151706939e-06
interindus,8.223541151706939e-06
driffil,8.223541151706939e-06
unt,8.223541151706939e-06
creep,8.223541151706939e-06
hst,8.223541151706939e-06
larson,8.223541151706939e-06
underperform,8.223541151706939e-06
xdt,8.223541151706939e-06
ttl,8.223541151706939e-06
dht,8.223541151706939e-06
munit,8.223541151706939e-06
leroy,8.223541151706939e-06
bundesamt,8.223541151706939e-06
tlc,8.223541151706939e-06
instrumen,8.223541151706939e-06
mpc,8.223541151706939e-06
owneroper,8.223541151706939e-06
tet,8.223541151706939e-06
confluenc,8.223541151706939e-06
presi,8.223541151706939e-06
moldova,8.223541151706939e-06
endem,8.223541151706939e-06
laggard,8.223541151706939e-06
kaufman,8.223541151706939e-06
unplan,8.223541151706939e-06
receptor,8.223541151706939e-06
archaeolog,8.223541151706939e-06
abid,8.223541151706939e-06
dere,8.223541151706939e-06
sil,8.223541151706939e-06
difficul,8.223541151706939e-06
heater,8.223541151706939e-06
rostow,8.223541151706939e-06
standarddevi,8.223541151706939e-06
jaeger,8.223541151706939e-06
nineyear,8.223541151706939e-06
fnt,8.223541151706939e-06
wile,8.223541151706939e-06
ayp,8.223541151706939e-06
sverig,8.223541151706939e-06
undu,8.223541151706939e-06
mdp,8.223541151706939e-06
throop,8.223541151706939e-06
overesti,8.223541151706939e-06
exterior,8.223541151706939e-06
inexperienc,8.223541151706939e-06
rdbase,8.223541151706939e-06
ging,8.223541151706939e-06
ykt,8.223541151706939e-06
hinrich,8.223541151706939e-06
pgi,8.223541151706939e-06
laboroutput,8.223541151706939e-06
nonagri,8.223541151706939e-06
rior,8.223541151706939e-06
stafford,8.223541151706939e-06
stm,8.223541151706939e-06
thejth,8.223541151706939e-06
detach,8.223541151706939e-06
wwi,8.223541151706939e-06
sdr,8.223541151706939e-06
heaviest,8.223541151706939e-06
pricequant,8.223541151706939e-06
macedonia,8.223541151706939e-06
campus,8.223541151706939e-06
miron,8.223541151706939e-06
mia,8.223541151706939e-06
isomorph,8.223541151706939e-06
grasp,8.223541151706939e-06
icanc,7.907251107410517e-06
arithm,7.907251107410517e-06
cha,7.907251107410517e-06
unan,7.907251107410517e-06
bulb,7.907251107410517e-06
coercion,7.907251107410517e-06
wtj,7.907251107410517e-06
barlow,7.907251107410517e-06
selfcontain,7.907251107410517e-06
pth,7.907251107410517e-06
lct,7.907251107410517e-06
deg,7.907251107410517e-06
millet,7.907251107410517e-06
aie,7.907251107410517e-06
unrepres,7.907251107410517e-06
ogniz,7.907251107410517e-06
contenti,7.907251107410517e-06
fogarti,7.907251107410517e-06
hardi,7.907251107410517e-06
biass,7.907251107410517e-06
peril,7.907251107410517e-06
steinsson,7.907251107410517e-06
ssp,7.907251107410517e-06
irri,7.907251107410517e-06
nin,7.907251107410517e-06
antiinfl,7.907251107410517e-06
pkl,7.907251107410517e-06
rjj,7.907251107410517e-06
trializ,7.907251107410517e-06
selfevid,7.907251107410517e-06
dyt,7.907251107410517e-06
lsc,7.907251107410517e-06
nim,7.907251107410517e-06
pharmacist,7.907251107410517e-06
fpt,7.907251107410517e-06
listen,7.907251107410517e-06
unantici,7.907251107410517e-06
mca,7.907251107410517e-06
nonsteadyst,7.907251107410517e-06
volunt,7.907251107410517e-06
belowaverag,7.907251107410517e-06
snape,7.907251107410517e-06
aguirregabiria,7.907251107410517e-06
inessenti,7.907251107410517e-06
eaf,7.907251107410517e-06
savingsinvest,7.907251107410517e-06
twofifth,7.907251107410517e-06
queensland,7.907251107410517e-06
hoff,7.907251107410517e-06
rug,7.907251107410517e-06
gypsum,7.907251107410517e-06
reappear,7.907251107410517e-06
intertwin,7.907251107410517e-06
kolstad,7.907251107410517e-06
indif,7.907251107410517e-06
eni,7.907251107410517e-06
mazumdar,7.907251107410517e-06
calgari,7.907251107410517e-06
nolan,7.907251107410517e-06
undistribut,7.907251107410517e-06
emer,7.907251107410517e-06
rene,7.907251107410517e-06
gtm,7.907251107410517e-06
wealthiest,7.907251107410517e-06
stract,7.907251107410517e-06
foral,7.907251107410517e-06
salkev,7.907251107410517e-06
usc,7.907251107410517e-06
constantqu,7.907251107410517e-06
catchingup,7.907251107410517e-06
midyear,7.907251107410517e-06
cwt,7.907251107410517e-06
aeaweb,7.907251107410517e-06
fami,7.907251107410517e-06
nationalis,7.907251107410517e-06
thorp,7.907251107410517e-06
catchal,7.907251107410517e-06
xmi,7.907251107410517e-06
thurman,7.907251107410517e-06
forbear,7.907251107410517e-06
doubli,7.907251107410517e-06
lefort,7.907251107410517e-06
quant,7.907251107410517e-06
dto,7.907251107410517e-06
downsid,7.907251107410517e-06
evsey,7.907251107410517e-06
hrm,7.907251107410517e-06
weiner,7.907251107410517e-06
noncommunist,7.907251107410517e-06
gregorio,7.907251107410517e-06
qfi,7.907251107410517e-06
misplac,7.907251107410517e-06
menon,7.907251107410517e-06
nontradit,7.907251107410517e-06
lipset,7.907251107410517e-06
burtless,7.907251107410517e-06
mise,7.907251107410517e-06
illustra,7.907251107410517e-06
guilder,7.907251107410517e-06
asch,7.907251107410517e-06
blown,7.907251107410517e-06
workload,7.907251107410517e-06
nordic,7.907251107410517e-06
reaffirm,7.907251107410517e-06
socialsecur,7.907251107410517e-06
datagener,7.907251107410517e-06
flam,7.907251107410517e-06
leif,7.907251107410517e-06
zeira,7.907251107410517e-06
quasilinear,7.907251107410517e-06
bun,7.907251107410517e-06
klemper,7.907251107410517e-06
toss,7.907251107410517e-06
canzoneri,7.907251107410517e-06
przeworski,7.907251107410517e-06
piw,7.907251107410517e-06
freeentri,7.907251107410517e-06
jacksonvill,7.907251107410517e-06
sketchi,7.907251107410517e-06
minimax,7.907251107410517e-06
regret,7.907251107410517e-06
mitment,7.907251107410517e-06
notax,7.907251107410517e-06
specificfactor,7.907251107410517e-06
cholesterol,7.907251107410517e-06
greenback,7.907251107410517e-06
erad,7.907251107410517e-06
brownian,7.907251107410517e-06
architect,7.907251107410517e-06
scb,7.907251107410517e-06
interbank,7.907251107410517e-06
penni,7.907251107410517e-06
irriga,7.907251107410517e-06
midi,7.907251107410517e-06
hitler,7.907251107410517e-06
reac,7.907251107410517e-06
jen,7.907251107410517e-06
mirman,7.907251107410517e-06
hacienda,7.907251107410517e-06
preoccup,7.907251107410517e-06
hartigan,7.907251107410517e-06
devalua,7.907251107410517e-06
fazzari,7.907251107410517e-06
illiteraci,7.907251107410517e-06
dww,7.907251107410517e-06
wtht,7.907251107410517e-06
lili,7.907251107410517e-06
ethiopian,7.907251107410517e-06
fay,7.907251107410517e-06
logarith,7.907251107410517e-06
emergingmarket,7.907251107410517e-06
istatist,7.907251107410517e-06
edmond,7.907251107410517e-06
diskett,7.907251107410517e-06
lpl,7.907251107410517e-06
hitch,7.907251107410517e-06
btn,7.907251107410517e-06
cms,7.907251107410517e-06
unutil,7.907251107410517e-06
encroach,7.907251107410517e-06
bullard,7.907251107410517e-06
huntington,7.907251107410517e-06
knowledgebas,7.907251107410517e-06
falsif,7.907251107410517e-06
costof,7.907251107410517e-06
ppf,7.907251107410517e-06
cesifo,7.907251107410517e-06
itur,7.907251107410517e-06
gte,7.907251107410517e-06
lynch,7.907251107410517e-06
mesh,7.907251107410517e-06
sxx,7.907251107410517e-06
hmt,7.907251107410517e-06
ptpt,7.907251107410517e-06
haworth,7.907251107410517e-06
surveyor,7.907251107410517e-06
rosenbluth,7.907251107410517e-06
bryan,7.907251107410517e-06
cfc,7.907251107410517e-06
lone,7.907251107410517e-06
jaimovich,7.907251107410517e-06
curaci,7.907251107410517e-06
pnz,7.907251107410517e-06
eba,7.907251107410517e-06
abstracta,7.907251107410517e-06
dod,7.907251107410517e-06
lluch,7.907251107410517e-06
intermarket,7.907251107410517e-06
faction,7.907251107410517e-06
anticipatori,7.907251107410517e-06
flict,7.907251107410517e-06
olx,7.907251107410517e-06
lso,7.907251107410517e-06
acronym,7.907251107410517e-06
rik,7.907251107410517e-06
tln,7.907251107410517e-06
tolley,7.907251107410517e-06
typifi,7.907251107410517e-06
surv,7.907251107410517e-06
bui,7.907251107410517e-06
ndp,7.907251107410517e-06
adp,7.907251107410517e-06
schmukler,7.907251107410517e-06
oligop,7.907251107410517e-06
unionist,7.907251107410517e-06
reintroduc,7.907251107410517e-06
welfareimprov,7.907251107410517e-06
transistor,7.907251107410517e-06
irreduc,7.907251107410517e-06
disciplinari,7.907251107410517e-06
generalpurpos,7.907251107410517e-06
grace,7.907251107410517e-06
jona,7.907251107410517e-06
noncor,7.907251107410517e-06
widget,7.907251107410517e-06
exchequ,7.907251107410517e-06
ernesto,7.907251107410517e-06
variabil,7.907251107410517e-06
precari,7.907251107410517e-06
gardless,7.907251107410517e-06
adjustmentcost,7.907251107410517e-06
asl,7.907251107410517e-06
arch,7.907251107410517e-06
cieti,7.907251107410517e-06
tucker,7.907251107410517e-06
cenc,7.907251107410517e-06
almarin,7.907251107410517e-06
gtl,7.907251107410517e-06
yts,7.907251107410517e-06
condemn,7.907251107410517e-06
yardstick,7.907251107410517e-06
carryov,7.907251107410517e-06
wolpin,7.907251107410517e-06
syy,7.907251107410517e-06
iji,7.907251107410517e-06
beginningofperiod,7.907251107410517e-06
brandei,7.907251107410517e-06
appelbaum,7.907251107410517e-06
demarc,7.590961063114097e-06
systemati,7.590961063114097e-06
rebitz,7.590961063114097e-06
wolfson,7.590961063114097e-06
recherch,7.590961063114097e-06
vogel,7.590961063114097e-06
terion,7.590961063114097e-06
orissa,7.590961063114097e-06
neiman,7.590961063114097e-06
tuition,7.590961063114097e-06
cushion,7.590961063114097e-06
zur,7.590961063114097e-06
deconomi,7.590961063114097e-06
loi,7.590961063114097e-06
middleag,7.590961063114097e-06
manitoba,7.590961063114097e-06
gist,7.590961063114097e-06
dana,7.590961063114097e-06
thierri,7.590961063114097e-06
unmet,7.590961063114097e-06
broadest,7.590961063114097e-06
gunn,7.590961063114097e-06
saleabl,7.590961063114097e-06
rdt,7.590961063114097e-06
fkk,7.590961063114097e-06
usuri,7.590961063114097e-06
zeld,7.590961063114097e-06
yst,7.590961063114097e-06
oce,7.590961063114097e-06
christen,7.590961063114097e-06
logu,7.590961063114097e-06
pad,7.590961063114097e-06
glejser,7.590961063114097e-06
emigra,7.590961063114097e-06
lowerlevel,7.590961063114097e-06
wadsworth,7.590961063114097e-06
cabinet,7.590961063114097e-06
interin,7.590961063114097e-06
reemploy,7.590961063114097e-06
threedimension,7.590961063114097e-06
sterdam,7.590961063114097e-06
postwwii,7.590961063114097e-06
mun,7.590961063114097e-06
pte,7.590961063114097e-06
alj,7.590961063114097e-06
cbo,7.590961063114097e-06
curti,7.590961063114097e-06
meadow,7.590961063114097e-06
wve,7.590961063114097e-06
jenni,7.590961063114097e-06
aoa,7.590961063114097e-06
mack,7.590961063114097e-06
multiregion,7.590961063114097e-06
continuoustim,7.590961063114097e-06
circumscrib,7.590961063114097e-06
versif,7.590961063114097e-06
gime,7.590961063114097e-06
httpdxdoiorgaerp,7.590961063114097e-06
tre,7.590961063114097e-06
omn,7.590961063114097e-06
yie,7.590961063114097e-06
subinterv,7.590961063114097e-06
blp,7.590961063114097e-06
widest,7.590961063114097e-06
employmentweight,7.590961063114097e-06
fifteenyear,7.590961063114097e-06
scrutin,7.590961063114097e-06
bodenhorn,7.590961063114097e-06
prox,7.590961063114097e-06
ulph,7.590961063114097e-06
indiff,7.590961063114097e-06
motorcycl,7.590961063114097e-06
lux,7.590961063114097e-06
heckscherohlinvanek,7.590961063114097e-06
dos,7.590961063114097e-06
slate,7.590961063114097e-06
disprov,7.590961063114097e-06
overhaul,7.590961063114097e-06
ecc,7.590961063114097e-06
flo,7.590961063114097e-06
bergman,7.590961063114097e-06
iod,7.590961063114097e-06
savannah,7.590961063114097e-06
savag,7.590961063114097e-06
ena,7.590961063114097e-06
hatta,7.590961063114097e-06
mullainathan,7.590961063114097e-06
kruskal,7.590961063114097e-06
precaut,7.590961063114097e-06
akj,7.590961063114097e-06
cst,7.590961063114097e-06
capitalinten,7.590961063114097e-06
unwis,7.590961063114097e-06
syrup,7.590961063114097e-06
backwardbend,7.590961063114097e-06
limi,7.590961063114097e-06
plumber,7.590961063114097e-06
mti,7.590961063114097e-06
lionel,7.590961063114097e-06
banca,7.590961063114097e-06
infanc,7.590961063114097e-06
npl,7.590961063114097e-06
peel,7.590961063114097e-06
gardin,7.590961063114097e-06
fourfold,7.590961063114097e-06
poran,7.590961063114097e-06
grip,7.590961063114097e-06
isaac,7.590961063114097e-06
alonso,7.590961063114097e-06
lebow,7.590961063114097e-06
alert,7.590961063114097e-06
oneman,7.590961063114097e-06
mercantil,7.590961063114097e-06
winn,7.590961063114097e-06
cairo,7.590961063114097e-06
referenc,7.590961063114097e-06
xil,7.590961063114097e-06
contro,7.590961063114097e-06
deseason,7.590961063114097e-06
constantreturn,7.590961063114097e-06
wtm,7.590961063114097e-06
energyintens,7.590961063114097e-06
hts,7.590961063114097e-06
beha,7.590961063114097e-06
tome,7.590961063114097e-06
syrian,7.590961063114097e-06
stp,7.590961063114097e-06
upkeep,7.590961063114097e-06
trailer,7.590961063114097e-06
bll,7.590961063114097e-06
subaggreg,7.590961063114097e-06
angular,7.590961063114097e-06
exot,7.590961063114097e-06
noncompli,7.590961063114097e-06
secondstep,7.590961063114097e-06
bwa,7.590961063114097e-06
oxen,7.590961063114097e-06
actuari,7.590961063114097e-06
foo,7.590961063114097e-06
dwight,7.590961063114097e-06
fkl,7.590961063114097e-06
cto,7.590961063114097e-06
desig,7.590961063114097e-06
artisan,7.590961063114097e-06
coauthor,7.590961063114097e-06
lxxxvii,7.590961063114097e-06
capitalpoor,7.590961063114097e-06
finitesampl,7.590961063114097e-06
crandal,7.590961063114097e-06
markovian,7.590961063114097e-06
rkt,7.590961063114097e-06
demolit,7.590961063114097e-06
emf,7.590961063114097e-06
dyad,7.590961063114097e-06
pxl,7.590961063114097e-06
servitud,7.590961063114097e-06
unqualifi,7.590961063114097e-06
wed,7.590961063114097e-06
mintz,7.590961063114097e-06
antill,7.590961063114097e-06
stuff,7.590961063114097e-06
ile,7.590961063114097e-06
leftout,7.590961063114097e-06
savingsincom,7.590961063114097e-06
vik,7.590961063114097e-06
spt,7.590961063114097e-06
heteroskedasticityrobust,7.590961063114097e-06
nonmetropolitan,7.590961063114097e-06
christin,7.590961063114097e-06
morbid,7.590961063114097e-06
vickrey,7.590961063114097e-06
guild,7.590961063114097e-06
nonsocialist,7.590961063114097e-06
iyer,7.590961063114097e-06
tibor,7.590961063114097e-06
dewey,7.590961063114097e-06
trialize,7.590961063114097e-06
fictiti,7.590961063114097e-06
crosssector,7.590961063114097e-06
yate,7.590961063114097e-06
gra,7.590961063114097e-06
wrs,7.590961063114097e-06
nondegener,7.590961063114097e-06
fleme,7.590961063114097e-06
preunion,7.590961063114097e-06
twocommod,7.590961063114097e-06
stripe,7.590961063114097e-06
noncom,7.590961063114097e-06
slt,7.590961063114097e-06
kalman,7.590961063114097e-06
ptp,7.590961063114097e-06
fpi,7.590961063114097e-06
oner,7.590961063114097e-06
pxx,7.590961063114097e-06
vin,7.590961063114097e-06
economico,7.590961063114097e-06
museum,7.590961063114097e-06
ldv,7.590961063114097e-06
imize,7.590961063114097e-06
kohn,7.590961063114097e-06
offshoot,7.590961063114097e-06
chester,7.590961063114097e-06
brunt,7.590961063114097e-06
eytan,7.590961063114097e-06
musician,7.590961063114097e-06
ripen,7.590961063114097e-06
futil,7.590961063114097e-06
qnt,7.590961063114097e-06
flip,7.590961063114097e-06
biannual,7.590961063114097e-06
uncomfort,7.590961063114097e-06
tough,7.590961063114097e-06
dqn,7.590961063114097e-06
bioeconom,7.590961063114097e-06
enclosur,7.590961063114097e-06
lockhe,7.590961063114097e-06
convolut,7.590961063114097e-06
sem,7.590961063114097e-06
mel,7.590961063114097e-06
tdiscuss,7.590961063114097e-06
guiso,7.590961063114097e-06
urbanis,7.590961063114097e-06
sonnel,7.590961063114097e-06
intraunion,7.590961063114097e-06
lap,7.590961063114097e-06
autocor,7.590961063114097e-06
mnemon,7.590961063114097e-06
flown,7.590961063114097e-06
churchil,7.590961063114097e-06
pour,7.590961063114097e-06
memphi,7.590961063114097e-06
mov,7.590961063114097e-06
nego,7.590961063114097e-06
quitter,7.590961063114097e-06
rwa,7.590961063114097e-06
periodspecif,7.590961063114097e-06
tangenti,7.590961063114097e-06
dcf,7.590961063114097e-06
nord,7.590961063114097e-06
bonin,7.590961063114097e-06
oot,7.590961063114097e-06
ganiz,7.590961063114097e-06
tack,7.590961063114097e-06
lxxxi,7.590961063114097e-06
maldiv,7.590961063114097e-06
transcript,7.590961063114097e-06
everyday,7.590961063114097e-06
moffitt,7.590961063114097e-06
statistik,7.590961063114097e-06
middlesex,7.590961063114097e-06
baum,7.590961063114097e-06
truman,7.590961063114097e-06
xfi,7.590961063114097e-06
cik,7.590961063114097e-06
skilledunskil,7.590961063114097e-06
randolph,7.590961063114097e-06
smelter,7.590961063114097e-06
implant,7.590961063114097e-06
hochman,7.590961063114097e-06
pedro,7.590961063114097e-06
mcadam,7.590961063114097e-06
lerman,7.590961063114097e-06
jobless,7.274671018817676e-06
xciv,7.274671018817676e-06
wyplosz,7.274671018817676e-06
gunnar,7.274671018817676e-06
baltic,7.274671018817676e-06
autocorr,7.274671018817676e-06
hildebrand,7.274671018817676e-06
depar,7.274671018817676e-06
leduc,7.274671018817676e-06
tkt,7.274671018817676e-06
luke,7.274671018817676e-06
fletcher,7.274671018817676e-06
kinship,7.274671018817676e-06
heathcot,7.274671018817676e-06
ition,7.274671018817676e-06
cocacola,7.274671018817676e-06
breweri,7.274671018817676e-06
tcd,7.274671018817676e-06
matt,7.274671018817676e-06
tallabor,7.274671018817676e-06
carolin,7.274671018817676e-06
schumach,7.274671018817676e-06
sala,7.274671018817676e-06
viti,7.274671018817676e-06
reilli,7.274671018817676e-06
rin,7.274671018817676e-06
fad,7.274671018817676e-06
yaw,7.274671018817676e-06
simler,7.274671018817676e-06
unemp,7.274671018817676e-06
storesletten,7.274671018817676e-06
yta,7.274671018817676e-06
tjt,7.274671018817676e-06
schulz,7.274671018817676e-06
reorient,7.274671018817676e-06
giancarlo,7.274671018817676e-06
analyti,7.274671018817676e-06
abstractin,7.274671018817676e-06
mmt,7.274671018817676e-06
yoo,7.274671018817676e-06
kish,7.274671018817676e-06
durand,7.274671018817676e-06
uss,7.274671018817676e-06
precursor,7.274671018817676e-06
amazon,7.274671018817676e-06
cvii,7.274671018817676e-06
zaf,7.274671018817676e-06
attrac,7.274671018817676e-06
armour,7.274671018817676e-06
wastag,7.274671018817676e-06
stahl,7.274671018817676e-06
lbd,7.274671018817676e-06
virtuous,7.274671018817676e-06
semimanufactur,7.274671018817676e-06
bajari,7.274671018817676e-06
ductor,7.274671018817676e-06
ellickson,7.274671018817676e-06
daytoday,7.274671018817676e-06
melino,7.274671018817676e-06
notestandard,7.274671018817676e-06
cid,7.274671018817676e-06
bimonth,7.274671018817676e-06
uscanadian,7.274671018817676e-06
saskatchewan,7.274671018817676e-06
vsi,7.274671018817676e-06
feasi,7.274671018817676e-06
greenhalgh,7.274671018817676e-06
barn,7.274671018817676e-06
commend,7.274671018817676e-06
stabiliza,7.274671018817676e-06
crawl,7.274671018817676e-06
fortyon,7.274671018817676e-06
isnt,7.274671018817676e-06
surgeri,7.274671018817676e-06
incomeexpenditur,7.274671018817676e-06
correspon,7.274671018817676e-06
balanceof,7.274671018817676e-06
oftrad,7.274671018817676e-06
nalysi,7.274671018817676e-06
wirtschaft,7.274671018817676e-06
colum,7.274671018817676e-06
elp,7.274671018817676e-06
vegh,7.274671018817676e-06
crit,7.274671018817676e-06
acl,7.274671018817676e-06
psacharopoulo,7.274671018817676e-06
intu,7.274671018817676e-06
baton,7.274671018817676e-06
nail,7.274671018817676e-06
interd,7.274671018817676e-06
seaboard,7.274671018817676e-06
opl,7.274671018817676e-06
preempt,7.274671018817676e-06
contracept,7.274671018817676e-06
insignif,7.274671018817676e-06
swer,7.274671018817676e-06
numeri,7.274671018817676e-06
kristin,7.274671018817676e-06
kaboski,7.274671018817676e-06
macrolevel,7.274671018817676e-06
bullion,7.274671018817676e-06
deceas,7.274671018817676e-06
pore,7.274671018817676e-06
penc,7.274671018817676e-06
civic,7.274671018817676e-06
interf,7.274671018817676e-06
twentyseven,7.274671018817676e-06
vaccin,7.274671018817676e-06
lapan,7.274671018817676e-06
igi,7.274671018817676e-06
rebellion,7.274671018817676e-06
regressionbas,7.274671018817676e-06
kilowatthour,7.274671018817676e-06
volta,7.274671018817676e-06
khandelw,7.274671018817676e-06
rot,7.274671018817676e-06
shortperiod,7.274671018817676e-06
weingast,7.274671018817676e-06
eden,7.274671018817676e-06
hallak,7.274671018817676e-06
guttentag,7.274671018817676e-06
satisfac,7.274671018817676e-06
cel,7.274671018817676e-06
nonindustri,7.274671018817676e-06
productlevel,7.274671018817676e-06
lnk,7.274671018817676e-06
reparameter,7.274671018817676e-06
hiy,7.274671018817676e-06
ifl,7.274671018817676e-06
yai,7.274671018817676e-06
constantdollar,7.274671018817676e-06
akn,7.274671018817676e-06
ucc,7.274671018817676e-06
inorgan,7.274671018817676e-06
lthe,7.274671018817676e-06
indulg,7.274671018817676e-06
paki,7.274671018817676e-06
realtim,7.274671018817676e-06
yugo,7.274671018817676e-06
esquivel,7.274671018817676e-06
labori,7.274671018817676e-06
unam,7.274671018817676e-06
maxmin,7.274671018817676e-06
void,7.274671018817676e-06
drdt,7.274671018817676e-06
diazalejandro,7.274671018817676e-06
kierzkowski,7.274671018817676e-06
benoit,7.274671018817676e-06
darg,7.274671018817676e-06
plicabl,7.274671018817676e-06
quarterlyjourn,7.274671018817676e-06
nonr,7.274671018817676e-06
harmless,7.274671018817676e-06
twentyeight,7.274671018817676e-06
highrisk,7.274671018817676e-06
urgenc,7.274671018817676e-06
bekaert,7.274671018817676e-06
solidar,7.274671018817676e-06
gdi,7.274671018817676e-06
aei,7.274671018817676e-06
differentiat,7.274671018817676e-06
shay,7.274671018817676e-06
phasi,7.274671018817676e-06
rlt,7.274671018817676e-06
mxi,7.274671018817676e-06
sct,7.274671018817676e-06
pricebas,7.274671018817676e-06
posal,7.274671018817676e-06
yearonyear,7.274671018817676e-06
tpm,7.274671018817676e-06
unidirect,7.274671018817676e-06
snack,7.274671018817676e-06
cig,7.274671018817676e-06
dst,7.274671018817676e-06
jong,7.274671018817676e-06
planta,7.274671018817676e-06
rjk,7.274671018817676e-06
prefac,7.274671018817676e-06
gil,7.274671018817676e-06
patron,7.274671018817676e-06
andl,7.274671018817676e-06
graaff,7.274671018817676e-06
lowess,7.274671018817676e-06
asphalt,7.274671018817676e-06
casualti,7.274671018817676e-06
qlq,7.274671018817676e-06
expound,7.274671018817676e-06
goodyear,7.274671018817676e-06
fishback,7.274671018817676e-06
preneuri,7.274671018817676e-06
afor,7.274671018817676e-06
crr,7.274671018817676e-06
meehan,7.274671018817676e-06
factbook,7.274671018817676e-06
sek,7.274671018817676e-06
hibb,7.274671018817676e-06
iss,7.274671018817676e-06
qtj,7.274671018817676e-06
lrs,7.274671018817676e-06
llb,7.274671018817676e-06
errorcorrect,7.274671018817676e-06
cfl,7.274671018817676e-06
chaney,7.274671018817676e-06
spoil,7.274671018817676e-06
butler,7.274671018817676e-06
tnt,7.274671018817676e-06
sssr,7.274671018817676e-06
idio,7.274671018817676e-06
raid,7.274671018817676e-06
premier,7.274671018817676e-06
crunch,7.274671018817676e-06
wth,7.274671018817676e-06
nestor,7.274671018817676e-06
fattail,7.274671018817676e-06
sed,7.274671018817676e-06
cosh,7.274671018817676e-06
pdt,7.274671018817676e-06
qkk,7.274671018817676e-06
terribl,7.274671018817676e-06
constel,7.274671018817676e-06
magnet,7.274671018817676e-06
uih,7.274671018817676e-06
sof,7.274671018817676e-06
exr,7.274671018817676e-06
spokesmen,7.274671018817676e-06
limo,7.274671018817676e-06
comptrol,7.274671018817676e-06
rhee,7.274671018817676e-06
thoriti,7.274671018817676e-06
cube,7.274671018817676e-06
naturalresourc,7.274671018817676e-06
institution,7.274671018817676e-06
symon,7.274671018817676e-06
folk,7.274671018817676e-06
benelux,7.274671018817676e-06
irvin,7.274671018817676e-06
batra,7.274671018817676e-06
lxxxv,7.274671018817676e-06
availabil,7.274671018817676e-06
nigerian,7.274671018817676e-06
yfi,7.274671018817676e-06
dominiqu,7.274671018817676e-06
onefactor,7.274671018817676e-06
dpd,7.274671018817676e-06
pbr,7.274671018817676e-06
reviewv,7.274671018817676e-06
charit,7.274671018817676e-06
dkk,7.274671018817676e-06
marapr,7.274671018817676e-06
nob,7.274671018817676e-06
bih,7.274671018817676e-06
malnutrit,7.274671018817676e-06
ajk,7.274671018817676e-06
januarymarch,7.274671018817676e-06
blog,7.274671018817676e-06
rucker,7.274671018817676e-06
hammer,7.274671018817676e-06
tradict,7.274671018817676e-06
rocki,7.274671018817676e-06
wendi,7.274671018817676e-06
venezuelan,7.274671018817676e-06
nts,7.274671018817676e-06
abt,7.274671018817676e-06
atr,7.274671018817676e-06
logx,7.274671018817676e-06
oshima,7.274671018817676e-06
nasa,7.274671018817676e-06
pliciti,7.274671018817676e-06
pyy,6.9583809745212556e-06
enclos,6.9583809745212556e-06
ascer,6.9583809745212556e-06
eee,6.9583809745212556e-06
vocat,6.9583809745212556e-06
mnt,6.9583809745212556e-06
privatiza,6.9583809745212556e-06
ruud,6.9583809745212556e-06
tenta,6.9583809745212556e-06
monetar,6.9583809745212556e-06
phoebus,6.9583809745212556e-06
belmont,6.9583809745212556e-06
claud,6.9583809745212556e-06
distributedlag,6.9583809745212556e-06
earthquak,6.9583809745212556e-06
dkdt,6.9583809745212556e-06
leith,6.9583809745212556e-06
statebyyear,6.9583809745212556e-06
upsurg,6.9583809745212556e-06
paxson,6.9583809745212556e-06
revankar,6.9583809745212556e-06
pni,6.9583809745212556e-06
hutton,6.9583809745212556e-06
parkinson,6.9583809745212556e-06
emt,6.9583809745212556e-06
lewellen,6.9583809745212556e-06
skeleton,6.9583809745212556e-06
semiarid,6.9583809745212556e-06
ccp,6.9583809745212556e-06
inescap,6.9583809745212556e-06
glenco,6.9583809745212556e-06
ginia,6.9583809745212556e-06
equiproportion,6.9583809745212556e-06
dlr,6.9583809745212556e-06
bodili,6.9583809745212556e-06
apprentic,6.9583809745212556e-06
steuer,6.9583809745212556e-06
gile,6.9583809745212556e-06
vfc,6.9583809745212556e-06
enthusiasm,6.9583809745212556e-06
undat,6.9583809745212556e-06
miyazaki,6.9583809745212556e-06
nomica,6.9583809745212556e-06
daytim,6.9583809745212556e-06
promulg,6.9583809745212556e-06
hydrogen,6.9583809745212556e-06
breach,6.9583809745212556e-06
reforma,6.9583809745212556e-06
breeder,6.9583809745212556e-06
gument,6.9583809745212556e-06
cari,6.9583809745212556e-06
bip,6.9583809745212556e-06
newfoundland,6.9583809745212556e-06
hec,6.9583809745212556e-06
dionn,6.9583809745212556e-06
mirer,6.9583809745212556e-06
bern,6.9583809745212556e-06
mwi,6.9583809745212556e-06
arkolaki,6.9583809745212556e-06
sender,6.9583809745212556e-06
frt,6.9583809745212556e-06
flator,6.9583809745212556e-06
subgam,6.9583809745212556e-06
imita,6.9583809745212556e-06
sau,6.9583809745212556e-06
itskhoki,6.9583809745212556e-06
revealedprefer,6.9583809745212556e-06
chocol,6.9583809745212556e-06
dispel,6.9583809745212556e-06
highlow,6.9583809745212556e-06
entryexit,6.9583809745212556e-06
iai,6.9583809745212556e-06
moreira,6.9583809745212556e-06
denser,6.9583809745212556e-06
floyd,6.9583809745212556e-06
lam,6.9583809745212556e-06
epv,6.9583809745212556e-06
tainabl,6.9583809745212556e-06
birkbeck,6.9583809745212556e-06
kki,6.9583809745212556e-06
housew,6.9583809745212556e-06
zstatist,6.9583809745212556e-06
predet,6.9583809745212556e-06
highlevel,6.9583809745212556e-06
mcdowel,6.9583809745212556e-06
psychologist,6.9583809745212556e-06
puz,6.9583809745212556e-06
ashok,6.9583809745212556e-06
alain,6.9583809745212556e-06
abound,6.9583809745212556e-06
cog,6.9583809745212556e-06
dillon,6.9583809745212556e-06
arrowdebreu,6.9583809745212556e-06
njt,6.9583809745212556e-06
methuen,6.9583809745212556e-06
gibbon,6.9583809745212556e-06
intermediategood,6.9583809745212556e-06
boombust,6.9583809745212556e-06
dpn,6.9583809745212556e-06
flf,6.9583809745212556e-06
cai,6.9583809745212556e-06
nonspeci,6.9583809745212556e-06
accommo,6.9583809745212556e-06
wlr,6.9583809745212556e-06
ril,6.9583809745212556e-06
mailord,6.9583809745212556e-06
dirt,6.9583809745212556e-06
particl,6.9583809745212556e-06
nondistort,6.9583809745212556e-06
alr,6.9583809745212556e-06
pryor,6.9583809745212556e-06
unimprov,6.9583809745212556e-06
spectat,6.9583809745212556e-06
linneman,6.9583809745212556e-06
biscuit,6.9583809745212556e-06
moav,6.9583809745212556e-06
arellanobond,6.9583809745212556e-06
sie,6.9583809745212556e-06
kathi,6.9583809745212556e-06
gne,6.9583809745212556e-06
sorensen,6.9583809745212556e-06
ishii,6.9583809745212556e-06
nxl,6.9583809745212556e-06
cournotnash,6.9583809745212556e-06
eih,6.9583809745212556e-06
supernumerari,6.9583809745212556e-06
brass,6.9583809745212556e-06
volun,6.9583809745212556e-06
godfrey,6.9583809745212556e-06
ald,6.9583809745212556e-06
jason,6.9583809745212556e-06
slip,6.9583809745212556e-06
boyc,6.9583809745212556e-06
coor,6.9583809745212556e-06
yyi,6.9583809745212556e-06
dred,6.9583809745212556e-06
dirk,6.9583809745212556e-06
zeal,6.9583809745212556e-06
selffulfil,6.9583809745212556e-06
wct,6.9583809745212556e-06
lpm,6.9583809745212556e-06
bkk,6.9583809745212556e-06
federico,6.9583809745212556e-06
robot,6.9583809745212556e-06
padma,6.9583809745212556e-06
dmi,6.9583809745212556e-06
cde,6.9583809745212556e-06
salin,6.9583809745212556e-06
mud,6.9583809745212556e-06
rithmic,6.9583809745212556e-06
pes,6.9583809745212556e-06
wilcoxon,6.9583809745212556e-06
australasia,6.9583809745212556e-06
recept,6.9583809745212556e-06
volkswagen,6.9583809745212556e-06
joaquin,6.9583809745212556e-06
inaugur,6.9583809745212556e-06
esc,6.9583809745212556e-06
wick,6.9583809745212556e-06
trical,6.9583809745212556e-06
telaviv,6.9583809745212556e-06
interarea,6.9583809745212556e-06
fata,6.9583809745212556e-06
cix,6.9583809745212556e-06
takeshi,6.9583809745212556e-06
nondistortionari,6.9583809745212556e-06
plp,6.9583809745212556e-06
haa,6.9583809745212556e-06
noninterest,6.9583809745212556e-06
hii,6.9583809745212556e-06
bentolila,6.9583809745212556e-06
liml,6.9583809745212556e-06
meguir,6.9583809745212556e-06
haviour,6.9583809745212556e-06
dlm,6.9583809745212556e-06
trivedi,6.9583809745212556e-06
qkt,6.9583809745212556e-06
midst,6.9583809745212556e-06
utter,6.9583809745212556e-06
terrestri,6.9583809745212556e-06
liam,6.9583809745212556e-06
nss,6.9583809745212556e-06
twotier,6.9583809745212556e-06
joachim,6.9583809745212556e-06
implemen,6.9583809745212556e-06
tist,6.9583809745212556e-06
villasboa,6.9583809745212556e-06
ficial,6.9583809745212556e-06
allj,6.9583809745212556e-06
optimiza,6.9583809745212556e-06
assn,6.9583809745212556e-06
arrear,6.9583809745212556e-06
fsi,6.9583809745212556e-06
octo,6.9583809745212556e-06
thirtynin,6.9583809745212556e-06
vaughan,6.9583809745212556e-06
bpi,6.9583809745212556e-06
woodrow,6.9583809745212556e-06
hem,6.9583809745212556e-06
sheehan,6.9583809745212556e-06
ficant,6.9583809745212556e-06
lfs,6.9583809745212556e-06
wolfram,6.9583809745212556e-06
cautionari,6.9583809745212556e-06
chiappori,6.9583809745212556e-06
persian,6.9583809745212556e-06
overpr,6.9583809745212556e-06
wus,6.9583809745212556e-06
conti,6.9583809745212556e-06
unmistak,6.9583809745212556e-06
farhi,6.9583809745212556e-06
mordechai,6.9583809745212556e-06
massachu,6.9583809745212556e-06
grenada,6.9583809745212556e-06
audio,6.9583809745212556e-06
singa,6.9583809745212556e-06
wageproduct,6.9583809745212556e-06
realign,6.9583809745212556e-06
flax,6.9583809745212556e-06
boycko,6.9583809745212556e-06
credi,6.9583809745212556e-06
montia,6.9583809745212556e-06
nevi,6.9583809745212556e-06
idn,6.9583809745212556e-06
urnal,6.9583809745212556e-06
valua,6.9583809745212556e-06
deconcentr,6.9583809745212556e-06
argen,6.9583809745212556e-06
nair,6.9583809745212556e-06
gennaioli,6.9583809745212556e-06
antl,6.9583809745212556e-06
sleep,6.9583809745212556e-06
disequilib,6.9583809745212556e-06
dominica,6.9583809745212556e-06
hamberg,6.9583809745212556e-06
growthenhanc,6.9583809745212556e-06
silber,6.9583809745212556e-06
djibouti,6.9583809745212556e-06
meansquar,6.9583809745212556e-06
tidskrift,6.9583809745212556e-06
prefix,6.9583809745212556e-06
yxt,6.9583809745212556e-06
handicraft,6.9583809745212556e-06
bett,6.9583809745212556e-06
meric,6.9583809745212556e-06
eyeglass,6.9583809745212556e-06
nomena,6.9583809745212556e-06
inflationunemploy,6.9583809745212556e-06
marshalllern,6.9583809745212556e-06
contempo,6.9583809745212556e-06
salomon,6.9583809745212556e-06
radial,6.9583809745212556e-06
retroact,6.9583809745212556e-06
spolaor,6.9583809745212556e-06
ziy,6.9583809745212556e-06
recover,6.9583809745212556e-06
rept,6.9583809745212556e-06
awi,6.9583809745212556e-06
favorit,6.9583809745212556e-06
geert,6.9583809745212556e-06
brasileira,6.9583809745212556e-06
erich,6.9583809745212556e-06
ayl,6.9583809745212556e-06
singleperiod,6.9583809745212556e-06
interdepen,6.9583809745212556e-06
pierreolivi,6.9583809745212556e-06
mclaren,6.9583809745212556e-06
stijn,6.9583809745212556e-06
holmstrom,6.9583809745212556e-06
schell,6.9583809745212556e-06
drawal,6.9583809745212556e-06
trativ,6.9583809745212556e-06
sear,6.9583809745212556e-06
celsius,6.9583809745212556e-06
hai,6.9583809745212556e-06
liveri,6.9583809745212556e-06
ihi,6.9583809745212556e-06
madsen,6.9583809745212556e-06
orlando,6.9583809745212556e-06
pointless,6.9583809745212556e-06
oakland,6.9583809745212556e-06
abridg,6.9583809745212556e-06
vuong,6.9583809745212556e-06
lll,6.9583809745212556e-06
postkeynesian,6.9583809745212556e-06
topographi,6.9583809745212556e-06
childhood,6.9583809745212556e-06
pfann,6.9583809745212556e-06
cda,6.9583809745212556e-06
secess,6.9583809745212556e-06
lst,6.9583809745212556e-06
reassign,6.9583809745212556e-06
pbt,6.9583809745212556e-06
cruz,6.9583809745212556e-06
generaliza,6.9583809745212556e-06
rhomberg,6.642090930224835e-06
balanceoftrad,6.642090930224835e-06
honda,6.642090930224835e-06
sky,6.642090930224835e-06
ssb,6.642090930224835e-06
reentri,6.642090930224835e-06
nongener,6.642090930224835e-06
vijt,6.642090930224835e-06
bhatia,6.642090930224835e-06
aux,6.642090930224835e-06
statedepend,6.642090930224835e-06
nbs,6.642090930224835e-06
underd,6.642090930224835e-06
bii,6.642090930224835e-06
nlrb,6.642090930224835e-06
firststep,6.642090930224835e-06
tradedivert,6.642090930224835e-06
ydi,6.642090930224835e-06
priv,6.642090930224835e-06
turmoil,6.642090930224835e-06
oso,6.642090930224835e-06
flu,6.642090930224835e-06
remun,6.642090930224835e-06
lnt,6.642090930224835e-06
pcr,6.642090930224835e-06
ezekiel,6.642090930224835e-06
bateman,6.642090930224835e-06
moo,6.642090930224835e-06
polak,6.642090930224835e-06
kletzer,6.642090930224835e-06
seventyfifth,6.642090930224835e-06
ehi,6.642090930224835e-06
nig,6.642090930224835e-06
exodus,6.642090930224835e-06
kee,6.642090930224835e-06
txt,6.642090930224835e-06
liberali,6.642090930224835e-06
inadvert,6.642090930224835e-06
gwi,6.642090930224835e-06
underrepres,6.642090930224835e-06
ont,6.642090930224835e-06
execu,6.642090930224835e-06
fourthord,6.642090930224835e-06
junz,6.642090930224835e-06
nighttim,6.642090930224835e-06
warsaw,6.642090930224835e-06
ama,6.642090930224835e-06
spitzer,6.642090930224835e-06
pyramid,6.642090930224835e-06
timeintens,6.642090930224835e-06
notr,6.642090930224835e-06
politicaleconom,6.642090930224835e-06
fisherian,6.642090930224835e-06
halfyear,6.642090930224835e-06
cogent,6.642090930224835e-06
nyarko,6.642090930224835e-06
clower,6.642090930224835e-06
mao,6.642090930224835e-06
guaran,6.642090930224835e-06
sdn,6.642090930224835e-06
brit,6.642090930224835e-06
biesebroeck,6.642090930224835e-06
detragiach,6.642090930224835e-06
advocaci,6.642090930224835e-06
zis,6.642090930224835e-06
wein,6.642090930224835e-06
ruback,6.642090930224835e-06
nht,6.642090930224835e-06
garth,6.642090930224835e-06
subsam,6.642090930224835e-06
rejec,6.642090930224835e-06
verdier,6.642090930224835e-06
bera,6.642090930224835e-06
scratch,6.642090930224835e-06
fai,6.642090930224835e-06
everincreas,6.642090930224835e-06
midthirti,6.642090930224835e-06
uranium,6.642090930224835e-06
fumio,6.642090930224835e-06
wari,6.642090930224835e-06
interag,6.642090930224835e-06
clarenc,6.642090930224835e-06
tivat,6.642090930224835e-06
energyeffici,6.642090930224835e-06
deviant,6.642090930224835e-06
zurich,6.642090930224835e-06
bygon,6.642090930224835e-06
mart,6.642090930224835e-06
badi,6.642090930224835e-06
nervous,6.642090930224835e-06
afr,6.642090930224835e-06
climatolog,6.642090930224835e-06
citylevel,6.642090930224835e-06
facetofac,6.642090930224835e-06
ino,6.642090930224835e-06
alu,6.642090930224835e-06
xtj,6.642090930224835e-06
truckload,6.642090930224835e-06
jec,6.642090930224835e-06
objection,6.642090930224835e-06
karachi,6.642090930224835e-06
ometr,6.642090930224835e-06
universitiesn,6.642090930224835e-06
triniti,6.642090930224835e-06
microwav,6.642090930224835e-06
nouncement,6.642090930224835e-06
lavoro,6.642090930224835e-06
shoot,6.642090930224835e-06
evict,6.642090930224835e-06
obsol,6.642090930224835e-06
unad,6.642090930224835e-06
garegnani,6.642090930224835e-06
lynn,6.642090930224835e-06
monash,6.642090930224835e-06
shakeout,6.642090930224835e-06
desti,6.642090930224835e-06
pompeu,6.642090930224835e-06
illdefin,6.642090930224835e-06
newbold,6.642090930224835e-06
magic,6.642090930224835e-06
beaver,6.642090930224835e-06
ggi,6.642090930224835e-06
hnd,6.642090930224835e-06
flux,6.642090930224835e-06
yosha,6.642090930224835e-06
dinari,6.642090930224835e-06
tributari,6.642090930224835e-06
cip,6.642090930224835e-06
centenni,6.642090930224835e-06
lowlevel,6.642090930224835e-06
fortyseven,6.642090930224835e-06
ceram,6.642090930224835e-06
javier,6.642090930224835e-06
paterson,6.642090930224835e-06
hti,6.642090930224835e-06
chin,6.642090930224835e-06
incomeearn,6.642090930224835e-06
dwindl,6.642090930224835e-06
zlt,6.642090930224835e-06
ishikawa,6.642090930224835e-06
promi,6.642090930224835e-06
saharan,6.642090930224835e-06
ownermanag,6.642090930224835e-06
undiscount,6.642090930224835e-06
nial,6.642090930224835e-06
byrn,6.642090930224835e-06
undisturb,6.642090930224835e-06
crite,6.642090930224835e-06
advert,6.642090930224835e-06
perior,6.642090930224835e-06
quartic,6.642090930224835e-06
lowfrequ,6.642090930224835e-06
vior,6.642090930224835e-06
eritrea,6.642090930224835e-06
neocla,6.642090930224835e-06
misreport,6.642090930224835e-06
conquer,6.642090930224835e-06
problemsolv,6.642090930224835e-06
tina,6.642090930224835e-06
terpart,6.642090930224835e-06
lori,6.642090930224835e-06
jing,6.642090930224835e-06
ancient,6.642090930224835e-06
jointstock,6.642090930224835e-06
mend,6.642090930224835e-06
jacobsen,6.642090930224835e-06
leigh,6.642090930224835e-06
yearround,6.642090930224835e-06
coastlin,6.642090930224835e-06
calomiri,6.642090930224835e-06
madrid,6.642090930224835e-06
propel,6.642090930224835e-06
ipa,6.642090930224835e-06
practis,6.642090930224835e-06
zmb,6.642090930224835e-06
voo,6.642090930224835e-06
laffer,6.642090930224835e-06
bathroom,6.642090930224835e-06
gru,6.642090930224835e-06
fpf,6.642090930224835e-06
tild,6.642090930224835e-06
footag,6.642090930224835e-06
eager,6.642090930224835e-06
isoprofit,6.642090930224835e-06
piero,6.642090930224835e-06
laughlin,6.642090930224835e-06
dld,6.642090930224835e-06
nrc,6.642090930224835e-06
onegood,6.642090930224835e-06
rick,6.642090930224835e-06
dxdt,6.642090930224835e-06
jakarta,6.642090930224835e-06
downwardbias,6.642090930224835e-06
semicon,6.642090930224835e-06
ola,6.642090930224835e-06
capsul,6.642090930224835e-06
ppo,6.642090930224835e-06
yatchew,6.642090930224835e-06
clever,6.642090930224835e-06
cultiva,6.642090930224835e-06
proprietorship,6.642090930224835e-06
reus,6.642090930224835e-06
shaft,6.642090930224835e-06
redeem,6.642090930224835e-06
hut,6.642090930224835e-06
abovenorm,6.642090930224835e-06
pesquisa,6.642090930224835e-06
frs,6.642090930224835e-06
rpe,6.642090930224835e-06
quirk,6.642090930224835e-06
imperson,6.642090930224835e-06
eet,6.642090930224835e-06
masahiro,6.642090930224835e-06
electrician,6.642090930224835e-06
tryon,6.642090930224835e-06
ntt,6.642090930224835e-06
mana,6.642090930224835e-06
arrest,6.642090930224835e-06
gradu,6.642090930224835e-06
alib,6.642090930224835e-06
precious,6.642090930224835e-06
heap,6.642090930224835e-06
headway,6.642090930224835e-06
nonsupervisori,6.642090930224835e-06
clone,6.642090930224835e-06
uninsur,6.642090930224835e-06
decumul,6.642090930224835e-06
jureen,6.642090930224835e-06
metic,6.642090930224835e-06
syn,6.642090930224835e-06
aldershot,6.642090930224835e-06
palmquist,6.642090930224835e-06
rii,6.642090930224835e-06
costpric,6.642090930224835e-06
ficulti,6.642090930224835e-06
cfs,6.642090930224835e-06
yearbyyear,6.642090930224835e-06
lxviii,6.642090930224835e-06
bother,6.642090930224835e-06
atack,6.642090930224835e-06
allenuzawa,6.642090930224835e-06
aue,6.642090930224835e-06
terior,6.642090930224835e-06
evt,6.642090930224835e-06
theor,6.642090930224835e-06
paula,6.642090930224835e-06
kareken,6.642090930224835e-06
wer,6.642090930224835e-06
halfcenturi,6.642090930224835e-06
adap,6.642090930224835e-06
michell,6.642090930224835e-06
mpe,6.642090930224835e-06
levitt,6.642090930224835e-06
janitor,6.642090930224835e-06
nationalist,6.642090930224835e-06
pdi,6.642090930224835e-06
tst,6.642090930224835e-06
withinproduct,6.642090930224835e-06
apf,6.642090930224835e-06
schlesing,6.642090930224835e-06
reshuffl,6.642090930224835e-06
necessar,6.642090930224835e-06
rpq,6.642090930224835e-06
eln,6.642090930224835e-06
homeland,6.642090930224835e-06
burgeon,6.642090930224835e-06
crux,6.642090930224835e-06
cadillac,6.642090930224835e-06
prim,6.642090930224835e-06
nyu,6.642090930224835e-06
discrimina,6.642090930224835e-06
hid,6.642090930224835e-06
quall,6.642090930224835e-06
ivan,6.642090930224835e-06
metaanalysi,6.642090930224835e-06
wareh,6.642090930224835e-06
pincus,6.642090930224835e-06
harald,6.642090930224835e-06
fullinform,6.642090930224835e-06
chandra,6.642090930224835e-06
noneth,6.642090930224835e-06
imparti,6.642090930224835e-06
nonconting,6.642090930224835e-06
stabi,6.642090930224835e-06
greenhut,6.642090930224835e-06
huizinga,6.642090930224835e-06
sni,6.642090930224835e-06
factoraug,6.642090930224835e-06
listic,6.642090930224835e-06
anton,6.642090930224835e-06
taxinduc,6.642090930224835e-06
rugged,6.642090930224835e-06
rethink,6.642090930224835e-06
yule,6.642090930224835e-06
fash,6.642090930224835e-06
pamphlet,6.642090930224835e-06
hoe,6.642090930224835e-06
millan,6.642090930224835e-06
amiti,6.642090930224835e-06
dinner,6.642090930224835e-06
nio,6.642090930224835e-06
lad,6.642090930224835e-06
fax,6.642090930224835e-06
ordov,6.642090930224835e-06
ctct,6.642090930224835e-06
grout,6.642090930224835e-06
cyt,6.642090930224835e-06
denton,6.642090930224835e-06
lowpaid,6.642090930224835e-06
lungfei,6.642090930224835e-06
kugler,6.642090930224835e-06
zoltan,6.642090930224835e-06
forefront,6.642090930224835e-06
uneasi,6.642090930224835e-06
branko,6.642090930224835e-06
forfeit,6.642090930224835e-06
rebalanc,6.642090930224835e-06
stranger,6.642090930224835e-06
codifi,6.642090930224835e-06
surgeon,6.642090930224835e-06
fifteenth,6.642090930224835e-06
axx,6.642090930224835e-06
transatlant,6.642090930224835e-06
wha,6.642090930224835e-06
mira,6.642090930224835e-06
aesthet,6.642090930224835e-06
kan,6.642090930224835e-06
schramm,6.642090930224835e-06
roseackerman,6.642090930224835e-06
aih,6.642090930224835e-06
syr,6.642090930224835e-06
depl,6.642090930224835e-06
chanic,6.642090930224835e-06
crosscheck,6.642090930224835e-06
plj,6.642090930224835e-06
geogra,6.642090930224835e-06
pdr,6.642090930224835e-06
lomax,6.642090930224835e-06
bloomberg,6.642090930224835e-06
onestandard,6.642090930224835e-06
xlx,6.642090930224835e-06
sharma,6.642090930224835e-06
loglevel,6.642090930224835e-06
fabra,6.642090930224835e-06
realiza,6.642090930224835e-06
moen,6.642090930224835e-06
beckman,6.642090930224835e-06
nential,6.642090930224835e-06
stateoftheart,6.642090930224835e-06
woodwork,6.642090930224835e-06
pierson,6.642090930224835e-06
surmount,6.642090930224835e-06
flexiblepric,6.325800885928414e-06
publicgood,6.325800885928414e-06
baran,6.325800885928414e-06
rawl,6.325800885928414e-06
noncontrol,6.325800885928414e-06
nmt,6.325800885928414e-06
conson,6.325800885928414e-06
leffler,6.325800885928414e-06
postur,6.325800885928414e-06
sheila,6.325800885928414e-06
epidemiolog,6.325800885928414e-06
crossregion,6.325800885928414e-06
neven,6.325800885928414e-06
pope,6.325800885928414e-06
stanislaw,6.325800885928414e-06
sacramento,6.325800885928414e-06
alg,6.325800885928414e-06
accrual,6.325800885928414e-06
moot,6.325800885928414e-06
deregu,6.325800885928414e-06
hopper,6.325800885928414e-06
inerti,6.325800885928414e-06
upheav,6.325800885928414e-06
dpj,6.325800885928414e-06
confess,6.325800885928414e-06
nissan,6.325800885928414e-06
averi,6.325800885928414e-06
varb,6.325800885928414e-06
cipient,6.325800885928414e-06
healthcar,6.325800885928414e-06
sik,6.325800885928414e-06
unsold,6.325800885928414e-06
pmi,6.325800885928414e-06
rfi,6.325800885928414e-06
didnt,6.325800885928414e-06
tandem,6.325800885928414e-06
mishan,6.325800885928414e-06
tajikistan,6.325800885928414e-06
unload,6.325800885928414e-06
recalibr,6.325800885928414e-06
snapshot,6.325800885928414e-06
heteroskeda,6.325800885928414e-06
blo,6.325800885928414e-06
ceipt,6.325800885928414e-06
navi,6.325800885928414e-06
lifespan,6.325800885928414e-06
usown,6.325800885928414e-06
cutler,6.325800885928414e-06
chatterje,6.325800885928414e-06
afe,6.325800885928414e-06
harmoni,6.325800885928414e-06
tlt,6.325800885928414e-06
glazer,6.325800885928414e-06
hereinaft,6.325800885928414e-06
kane,6.325800885928414e-06
atnd,6.325800885928414e-06
carolyn,6.325800885928414e-06
proviso,6.325800885928414e-06
itr,6.325800885928414e-06
jcm,6.325800885928414e-06
pfl,6.325800885928414e-06
maccini,6.325800885928414e-06
needham,6.325800885928414e-06
carleton,6.325800885928414e-06
wmt,6.325800885928414e-06
extrins,6.325800885928414e-06
fessor,6.325800885928414e-06
tlement,6.325800885928414e-06
interunivers,6.325800885928414e-06
ualli,6.325800885928414e-06
sarah,6.325800885928414e-06
cavallo,6.325800885928414e-06
judi,6.325800885928414e-06
pow,6.325800885928414e-06
enthusiast,6.325800885928414e-06
gover,6.325800885928414e-06
dariti,6.325800885928414e-06
dispropor,6.325800885928414e-06
postmultipli,6.325800885928414e-06
formiti,6.325800885928414e-06
ccl,6.325800885928414e-06
avt,6.325800885928414e-06
raul,6.325800885928414e-06
antoni,6.325800885928414e-06
malayan,6.325800885928414e-06
antagon,6.325800885928414e-06
ergo,6.325800885928414e-06
eal,6.325800885928414e-06
adapta,6.325800885928414e-06
weisbrod,6.325800885928414e-06
microprocessor,6.325800885928414e-06
reagan,6.325800885928414e-06
topolog,6.325800885928414e-06
oog,6.325800885928414e-06
pharmacolog,6.325800885928414e-06
mccoy,6.325800885928414e-06
almeida,6.325800885928414e-06
franz,6.325800885928414e-06
harwood,6.325800885928414e-06
ageincom,6.325800885928414e-06
fortyeight,6.325800885928414e-06
tuft,6.325800885928414e-06
nev,6.325800885928414e-06
mutati,6.325800885928414e-06
wln,6.325800885928414e-06
wno,6.325800885928414e-06
jeopard,6.325800885928414e-06
gth,6.325800885928414e-06
bleakley,6.325800885928414e-06
multipurpos,6.325800885928414e-06
mandelbrot,6.325800885928414e-06
roof,6.325800885928414e-06
impend,6.325800885928414e-06
sabot,6.325800885928414e-06
symmet,6.325800885928414e-06
sing,6.325800885928414e-06
markabl,6.325800885928414e-06
axk,6.325800885928414e-06
ahe,6.325800885928414e-06
sorb,6.325800885928414e-06
lockin,6.325800885928414e-06
highercost,6.325800885928414e-06
amplif,6.325800885928414e-06
heinemann,6.325800885928414e-06
tilize,6.325800885928414e-06
tia,6.325800885928414e-06
accelerationist,6.325800885928414e-06
spear,6.325800885928414e-06
immin,6.325800885928414e-06
raleigh,6.325800885928414e-06
sachusett,6.325800885928414e-06
cmm,6.325800885928414e-06
ibil,6.325800885928414e-06
voltag,6.325800885928414e-06
chemist,6.325800885928414e-06
minerva,6.325800885928414e-06
annot,6.325800885928414e-06
fane,6.325800885928414e-06
riordan,6.325800885928414e-06
fraught,6.325800885928414e-06
cpm,6.325800885928414e-06
steckel,6.325800885928414e-06
shepard,6.325800885928414e-06
burt,6.325800885928414e-06
etl,6.325800885928414e-06
dog,6.325800885928414e-06
turnbul,6.325800885928414e-06
hartman,6.325800885928414e-06
pennsyl,6.325800885928414e-06
steamship,6.325800885928414e-06
myron,6.325800885928414e-06
eht,6.325800885928414e-06
yijt,6.325800885928414e-06
hwang,6.325800885928414e-06
srt,6.325800885928414e-06
lfi,6.325800885928414e-06
blade,6.325800885928414e-06
covi,6.325800885928414e-06
horstmann,6.325800885928414e-06
terrel,6.325800885928414e-06
mooney,6.325800885928414e-06
governmentown,6.325800885928414e-06
bifurc,6.325800885928414e-06
societ,6.325800885928414e-06
mansur,6.325800885928414e-06
untouch,6.325800885928414e-06
transpir,6.325800885928414e-06
blr,6.325800885928414e-06
lof,6.325800885928414e-06
oversuppli,6.325800885928414e-06
harbison,6.325800885928414e-06
igo,6.325800885928414e-06
pji,6.325800885928414e-06
ryuzo,6.325800885928414e-06
serven,6.325800885928414e-06
privatelyown,6.325800885928414e-06
externali,6.325800885928414e-06
hover,6.325800885928414e-06
ptx,6.325800885928414e-06
tuna,6.325800885928414e-06
diaz,6.325800885928414e-06
vet,6.325800885928414e-06
eut,6.325800885928414e-06
congruent,6.325800885928414e-06
anes,6.325800885928414e-06
akm,6.325800885928414e-06
ooio,6.325800885928414e-06
darwin,6.325800885928414e-06
onceforal,6.325800885928414e-06
superb,6.325800885928414e-06
circumstanti,6.325800885928414e-06
dijk,6.325800885928414e-06
oca,6.325800885928414e-06
withinfirm,6.325800885928414e-06
atp,6.325800885928414e-06
compass,6.325800885928414e-06
novdec,6.325800885928414e-06
pigiron,6.325800885928414e-06
cobbdoug,6.325800885928414e-06
superpow,6.325800885928414e-06
greenland,6.325800885928414e-06
ifd,6.325800885928414e-06
dvd,6.325800885928414e-06
giv,6.325800885928414e-06
schweitzer,6.325800885928414e-06
dnt,6.325800885928414e-06
kalachek,6.325800885928414e-06
cfr,6.325800885928414e-06
iqi,6.325800885928414e-06
misguid,6.325800885928414e-06
signatori,6.325800885928414e-06
tableau,6.325800885928414e-06
consin,6.325800885928414e-06
tve,6.325800885928414e-06
nonconsumpt,6.325800885928414e-06
jmt,6.325800885928414e-06
pjj,6.325800885928414e-06
chop,6.325800885928414e-06
egl,6.325800885928414e-06
milan,6.325800885928414e-06
honey,6.325800885928414e-06
vagari,6.325800885928414e-06
arndt,6.325800885928414e-06
yoav,6.325800885928414e-06
wont,6.325800885928414e-06
covet,6.325800885928414e-06
qii,6.325800885928414e-06
rmses,6.325800885928414e-06
cmd,6.325800885928414e-06
cjo,6.325800885928414e-06
fff,6.325800885928414e-06
scanti,6.325800885928414e-06
livelihood,6.325800885928414e-06
guth,6.325800885928414e-06
chevali,6.325800885928414e-06
schum,6.325800885928414e-06
johann,6.325800885928414e-06
lysi,6.325800885928414e-06
crement,6.325800885928414e-06
troleum,6.325800885928414e-06
counsel,6.325800885928414e-06
factorsav,6.325800885928414e-06
chainweight,6.325800885928414e-06
dqi,6.325800885928414e-06
sixteenth,6.325800885928414e-06
publiclyown,6.325800885928414e-06
photocopi,6.325800885928414e-06
allindia,6.325800885928414e-06
httpwwwmitpress,6.325800885928414e-06
kap,6.325800885928414e-06
kli,6.325800885928414e-06
tuesday,6.325800885928414e-06
lowercost,6.325800885928414e-06
gaussnewton,6.325800885928414e-06
preciabl,6.325800885928414e-06
candl,6.325800885928414e-06
quasidifferenc,6.325800885928414e-06
plea,6.325800885928414e-06
sji,6.325800885928414e-06
csi,6.325800885928414e-06
png,6.325800885928414e-06
bidask,6.325800885928414e-06
stor,6.325800885928414e-06
dac,6.325800885928414e-06
nylon,6.325800885928414e-06
anld,6.325800885928414e-06
dame,6.325800885928414e-06
blume,6.325800885928414e-06
kuhntuck,6.325800885928414e-06
meredith,6.325800885928414e-06
oversight,6.325800885928414e-06
feyrer,6.325800885928414e-06
jus,6.325800885928414e-06
yntema,6.325800885928414e-06
smeed,6.325800885928414e-06
mookherje,6.325800885928414e-06
kilo,6.325800885928414e-06
selloff,6.325800885928414e-06
disaggrega,6.325800885928414e-06
dismal,6.325800885928414e-06
trepreneur,6.325800885928414e-06
abr,6.325800885928414e-06
vick,6.325800885928414e-06
pqo,6.325800885928414e-06
mcelroy,6.325800885928414e-06
mervyn,6.325800885928414e-06
portney,6.325800885928414e-06
ulr,6.325800885928414e-06
unaccount,6.325800885928414e-06
rum,6.325800885928414e-06
fortytwo,6.325800885928414e-06
hajivassiliou,6.325800885928414e-06
bgd,6.325800885928414e-06
bir,6.325800885928414e-06
ambit,6.325800885928414e-06
bcd,6.325800885928414e-06
macmil,6.325800885928414e-06
kst,6.325800885928414e-06
cett,6.325800885928414e-06
delimit,6.325800885928414e-06
fourier,6.325800885928414e-06
pjp,6.325800885928414e-06
vania,6.325800885928414e-06
linn,6.325800885928414e-06
rootmeansquar,6.325800885928414e-06
ilh,6.325800885928414e-06
ulman,6.325800885928414e-06
bjd,6.009510841631994e-06
greenwald,6.009510841631994e-06
tus,6.009510841631994e-06
rerank,6.009510841631994e-06
ioral,6.009510841631994e-06
daughter,6.009510841631994e-06
biologist,6.009510841631994e-06
dubin,6.009510841631994e-06
dsge,6.009510841631994e-06
bleach,6.009510841631994e-06
diz,6.009510841631994e-06
therefrom,6.009510841631994e-06
twentynin,6.009510841631994e-06
rch,6.009510841631994e-06
stockflow,6.009510841631994e-06
xai,6.009510841631994e-06
widow,6.009510841631994e-06
kpi,6.009510841631994e-06
fii,6.009510841631994e-06
derdevelop,6.009510841631994e-06
horton,6.009510841631994e-06
hayek,6.009510841631994e-06
renorm,6.009510841631994e-06
olo,6.009510841631994e-06
fsd,6.009510841631994e-06
kmt,6.009510841631994e-06
varga,6.009510841631994e-06
decenc,6.009510841631994e-06
ullah,6.009510841631994e-06
modat,6.009510841631994e-06
yiti,6.009510841631994e-06
asymptoti,6.009510841631994e-06
blanket,6.009510841631994e-06
pla,6.009510841631994e-06
pmr,6.009510841631994e-06
mascolel,6.009510841631994e-06
leiden,6.009510841631994e-06
unsatisfi,6.009510841631994e-06
recogniz,6.009510841631994e-06
golosov,6.009510841631994e-06
urement,6.009510841631994e-06
reesti,6.009510841631994e-06
justifica,6.009510841631994e-06
jurisd,6.009510841631994e-06
subproblem,6.009510841631994e-06
aait,6.009510841631994e-06
uppermiddl,6.009510841631994e-06
tum,6.009510841631994e-06
ceptabl,6.009510841631994e-06
reign,6.009510841631994e-06
counterbal,6.009510841631994e-06
linen,6.009510841631994e-06
commodityspecif,6.009510841631994e-06
forbid,6.009510841631994e-06
politica,6.009510841631994e-06
tli,6.009510841631994e-06
aero,6.009510841631994e-06
elud,6.009510841631994e-06
bower,6.009510841631994e-06
hodg,6.009510841631994e-06
configura,6.009510841631994e-06
bright,6.009510841631994e-06
lnb,6.009510841631994e-06
nonag,6.009510841631994e-06
fivefold,6.009510841631994e-06
andf,6.009510841631994e-06
standalon,6.009510841631994e-06
asher,6.009510841631994e-06
behren,6.009510841631994e-06
unconvinc,6.009510841631994e-06
nonobserv,6.009510841631994e-06
sle,6.009510841631994e-06
ometrica,6.009510841631994e-06
tranquil,6.009510841631994e-06
dik,6.009510841631994e-06
postu,6.009510841631994e-06
lowerbound,6.009510841631994e-06
gic,6.009510841631994e-06
fim,6.009510841631994e-06
suffix,6.009510841631994e-06
dof,6.009510841631994e-06
akc,6.009510841631994e-06
rll,6.009510841631994e-06
ywt,6.009510841631994e-06
duboi,6.009510841631994e-06
rett,6.009510841631994e-06
sidelin,6.009510841631994e-06
jule,6.009510841631994e-06
fond,6.009510841631994e-06
nonoper,6.009510841631994e-06
ahn,6.009510841631994e-06
gar,6.009510841631994e-06
demirguckunt,6.009510841631994e-06
everett,6.009510841631994e-06
tay,6.009510841631994e-06
thcenturi,6.009510841631994e-06
cxx,6.009510841631994e-06
tutabl,6.009510841631994e-06
ffl,6.009510841631994e-06
colonist,6.009510841631994e-06
lsa,6.009510841631994e-06
guar,6.009510841631994e-06
rdc,6.009510841631994e-06
yorukoglu,6.009510841631994e-06
borden,6.009510841631994e-06
jora,6.009510841631994e-06
ytj,6.009510841631994e-06
burdett,6.009510841631994e-06
cop,6.009510841631994e-06
ddi,6.009510841631994e-06
conduit,6.009510841631994e-06
ien,6.009510841631994e-06
simeon,6.009510841631994e-06
brad,6.009510841631994e-06
instabil,6.009510841631994e-06
traliti,6.009510841631994e-06
gideon,6.009510841631994e-06
delic,6.009510841631994e-06
industrializa,6.009510841631994e-06
gehrel,6.009510841631994e-06
countrybycountri,6.009510841631994e-06
pvi,6.009510841631994e-06
mph,6.009510841631994e-06
pragu,6.009510841631994e-06
basel,6.009510841631994e-06
dobson,6.009510841631994e-06
nti,6.009510841631994e-06
minn,6.009510841631994e-06
ctd,6.009510841631994e-06
glo,6.009510841631994e-06
steepest,6.009510841631994e-06
noo,6.009510841631994e-06
ratea,6.009510841631994e-06
hereditari,6.009510841631994e-06
multioutput,6.009510841631994e-06
nell,6.009510841631994e-06
rumor,6.009510841631994e-06
fto,6.009510841631994e-06
taxinclus,6.009510841631994e-06
ccm,6.009510841631994e-06
ndc,6.009510841631994e-06
kang,6.009510841631994e-06
burg,6.009510841631994e-06
stst,6.009510841631994e-06
iun,6.009510841631994e-06
newcom,6.009510841631994e-06
brennan,6.009510841631994e-06
tlhe,6.009510841631994e-06
grr,6.009510841631994e-06
tao,6.009510841631994e-06
clinch,6.009510841631994e-06
wiksel,6.009510841631994e-06
solowswan,6.009510841631994e-06
sgn,6.009510841631994e-06
hartford,6.009510841631994e-06
lator,6.009510841631994e-06
ellsworth,6.009510841631994e-06
censo,6.009510841631994e-06
viscusi,6.009510841631994e-06
excit,6.009510841631994e-06
oneself,6.009510841631994e-06
yft,6.009510841631994e-06
agerel,6.009510841631994e-06
ottaviano,6.009510841631994e-06
xcviii,6.009510841631994e-06
bryant,6.009510841631994e-06
krt,6.009510841631994e-06
desper,6.009510841631994e-06
sca,6.009510841631994e-06
knoxvill,6.009510841631994e-06
mulligan,6.009510841631994e-06
perlman,6.009510841631994e-06
holzman,6.009510841631994e-06
nurseri,6.009510841631994e-06
dei,6.009510841631994e-06
involuntarili,6.009510841631994e-06
ort,6.009510841631994e-06
circumflex,6.009510841631994e-06
tait,6.009510841631994e-06
lection,6.009510841631994e-06
frg,6.009510841631994e-06
cdo,6.009510841631994e-06
rupert,6.009510841631994e-06
oon,6.009510841631994e-06
terl,6.009510841631994e-06
sut,6.009510841631994e-06
inadmiss,6.009510841631994e-06
pontryagin,6.009510841631994e-06
nonviabl,6.009510841631994e-06
misconcept,6.009510841631994e-06
pretrad,6.009510841631994e-06
conf,6.009510841631994e-06
belowcost,6.009510841631994e-06
rath,6.009510841631994e-06
tilburg,6.009510841631994e-06
aircondit,6.009510841631994e-06
ekonomisk,6.009510841631994e-06
php,6.009510841631994e-06
nontechn,6.009510841631994e-06
pricesensit,6.009510841631994e-06
kloek,6.009510841631994e-06
sund,6.009510841631994e-06
stim,6.009510841631994e-06
backwardlook,6.009510841631994e-06
sutherland,6.009510841631994e-06
fla,6.009510841631994e-06
deregula,6.009510841631994e-06
apprehens,6.009510841631994e-06
edelstein,6.009510841631994e-06
longhaul,6.009510841631994e-06
tiie,6.009510841631994e-06
pei,6.009510841631994e-06
taber,6.009510841631994e-06
microevid,6.009510841631994e-06
meng,6.009510841631994e-06
wield,6.009510841631994e-06
constantelasticityofsubstitut,6.009510841631994e-06
okt,6.009510841631994e-06
tine,6.009510841631994e-06
millimet,6.009510841631994e-06
sourcebook,6.009510841631994e-06
mae,6.009510841631994e-06
libor,6.009510841631994e-06
jjl,6.009510841631994e-06
hurst,6.009510841631994e-06
dardiz,6.009510841631994e-06
arn,6.009510841631994e-06
yeung,6.009510841631994e-06
gorbachev,6.009510841631994e-06
pravin,6.009510841631994e-06
timor,6.009510841631994e-06
lall,6.009510841631994e-06
dpb,6.009510841631994e-06
darker,6.009510841631994e-06
hod,6.009510841631994e-06
urn,6.009510841631994e-06
adolesc,6.009510841631994e-06
onepercentagepoint,6.009510841631994e-06
packer,6.009510841631994e-06
underidentifi,6.009510841631994e-06
ante,6.009510841631994e-06
tectionist,6.009510841631994e-06
ssrc,6.009510841631994e-06
pathway,6.009510841631994e-06
atat,6.009510841631994e-06
dae,6.009510841631994e-06
xlh,6.009510841631994e-06
timum,6.009510841631994e-06
eijt,6.009510841631994e-06
yrt,6.009510841631994e-06
miseri,6.009510841631994e-06
xtt,6.009510841631994e-06
dialogu,6.009510841631994e-06
disney,6.009510841631994e-06
genci,6.009510841631994e-06
centro,6.009510841631994e-06
penultim,6.009510841631994e-06
fln,6.009510841631994e-06
fiftyf,6.009510841631994e-06
cmnd,6.009510841631994e-06
ument,6.009510841631994e-06
smithi,6.009510841631994e-06
tbi,6.009510841631994e-06
gilchrist,6.009510841631994e-06
justi,6.009510841631994e-06
iyt,6.009510841631994e-06
onestep,6.009510841631994e-06
vivid,6.009510841631994e-06
sml,6.009510841631994e-06
prais,6.009510841631994e-06
ripe,6.009510841631994e-06
rosa,6.009510841631994e-06
contrarian,6.009510841631994e-06
nonunitari,6.009510841631994e-06
ertheless,6.009510841631994e-06
diw,6.009510841631994e-06
firn,6.009510841631994e-06
unwant,6.009510841631994e-06
lre,6.009510841631994e-06
pictori,6.009510841631994e-06
hutchison,6.009510841631994e-06
ledg,6.009510841631994e-06
threeway,6.009510841631994e-06
tamil,6.009510841631994e-06
jain,6.009510841631994e-06
webster,6.009510841631994e-06
biomed,6.009510841631994e-06
valuebas,6.009510841631994e-06
sieper,6.009510841631994e-06
overnight,6.009510841631994e-06
vindic,6.009510841631994e-06
sertat,6.009510841631994e-06
pmp,6.009510841631994e-06
expro,6.009510841631994e-06
dfl,6.009510841631994e-06
letin,6.009510841631994e-06
lnm,6.009510841631994e-06
descriptor,6.009510841631994e-06
sausag,6.009510841631994e-06
lindgren,6.009510841631994e-06
dct,6.009510841631994e-06
temp,6.009510841631994e-06
cyp,6.009510841631994e-06
tirl,6.009510841631994e-06
seminonparametr,6.009510841631994e-06
clutter,6.009510841631994e-06
prov,6.009510841631994e-06
fowl,6.009510841631994e-06
underutilis,6.009510841631994e-06
forn,6.009510841631994e-06
excus,6.009510841631994e-06
uncor,6.009510841631994e-06
aak,6.009510841631994e-06
cessor,6.009510841631994e-06
pjs,6.009510841631994e-06
subcontin,6.009510841631994e-06
unconnect,6.009510841631994e-06
tii,6.009510841631994e-06
dickey,6.009510841631994e-06
aoj,6.009510841631994e-06
harmonis,6.009510841631994e-06
flander,6.009510841631994e-06
benson,6.009510841631994e-06
uncondi,6.009510841631994e-06
wouldb,6.009510841631994e-06
compressor,6.009510841631994e-06
plethora,6.009510841631994e-06
guag,6.009510841631994e-06
variet,6.009510841631994e-06
particul,6.009510841631994e-06
emil,6.009510841631994e-06
looser,6.009510841631994e-06
separabil,6.009510841631994e-06
cuc,6.009510841631994e-06
sonnenschein,6.009510841631994e-06
barilan,6.009510841631994e-06
intangi,6.009510841631994e-06
indianapoli,6.009510841631994e-06
gst,6.009510841631994e-06
uzi,6.009510841631994e-06
rci,6.009510841631994e-06
imposi,6.009510841631994e-06
mcclelland,6.009510841631994e-06
mutandi,6.009510841631994e-06
cra,6.009510841631994e-06
sns,6.009510841631994e-06
wlw,6.009510841631994e-06
sharpest,6.009510841631994e-06
resumpt,6.009510841631994e-06
cootner,6.009510841631994e-06
poqo,6.009510841631994e-06
abscissa,6.009510841631994e-06
oik,6.009510841631994e-06
noncentr,6.009510841631994e-06
sembl,6.009510841631994e-06
taxrat,6.009510841631994e-06
hardest,6.009510841631994e-06
nvector,6.009510841631994e-06
graft,6.009510841631994e-06
ota,5.693220797335572e-06
crosssubsid,5.693220797335572e-06
fearon,5.693220797335572e-06
epic,5.693220797335572e-06
qin,5.693220797335572e-06
leaf,5.693220797335572e-06
earthenwar,5.693220797335572e-06
lti,5.693220797335572e-06
windmeij,5.693220797335572e-06
yarrow,5.693220797335572e-06
revu,5.693220797335572e-06
hook,5.693220797335572e-06
stanci,5.693220797335572e-06
doublelogarithm,5.693220797335572e-06
restock,5.693220797335572e-06
ratic,5.693220797335572e-06
umt,5.693220797335572e-06
sma,5.693220797335572e-06
handsid,5.693220797335572e-06
usercost,5.693220797335572e-06
debentur,5.693220797335572e-06
mai,5.693220797335572e-06
drugstor,5.693220797335572e-06
iexp,5.693220797335572e-06
hoselitz,5.693220797335572e-06
mvt,5.693220797335572e-06
toyear,5.693220797335572e-06
surgic,5.693220797335572e-06
koi,5.693220797335572e-06
janvri,5.693220797335572e-06
postsecondari,5.693220797335572e-06
erickson,5.693220797335572e-06
nagar,5.693220797335572e-06
xir,5.693220797335572e-06
syncrat,5.693220797335572e-06
shake,5.693220797335572e-06
uga,5.693220797335572e-06
explo,5.693220797335572e-06
multiindustri,5.693220797335572e-06
forrest,5.693220797335572e-06
dispro,5.693220797335572e-06
classroom,5.693220797335572e-06
gerk,5.693220797335572e-06
unsecur,5.693220797335572e-06
howrey,5.693220797335572e-06
teresa,5.693220797335572e-06
logc,5.693220797335572e-06
btus,5.693220797335572e-06
strickland,5.693220797335572e-06
expa,5.693220797335572e-06
thorsten,5.693220797335572e-06
kala,5.693220797335572e-06
sylvania,5.693220797335572e-06
soci,5.693220797335572e-06
dispo,5.693220797335572e-06
dthe,5.693220797335572e-06
discon,5.693220797335572e-06
panacea,5.693220797335572e-06
uninterrupt,5.693220797335572e-06
hendel,5.693220797335572e-06
carton,5.693220797335572e-06
groupwis,5.693220797335572e-06
laidler,5.693220797335572e-06
mir,5.693220797335572e-06
ntr,5.693220797335572e-06
miser,5.693220797335572e-06
eigenvector,5.693220797335572e-06
superintend,5.693220797335572e-06
portfo,5.693220797335572e-06
aban,5.693220797335572e-06
incongru,5.693220797335572e-06
dominguez,5.693220797335572e-06
edith,5.693220797335572e-06
utilitybas,5.693220797335572e-06
casella,5.693220797335572e-06
arb,5.693220797335572e-06
fori,5.693220797335572e-06
ssi,5.693220797335572e-06
mispercept,5.693220797335572e-06
mcc,5.693220797335572e-06
slottj,5.693220797335572e-06
undi,5.693220797335572e-06
profitmaxi,5.693220797335572e-06
zkt,5.693220797335572e-06
wachtel,5.693220797335572e-06
herent,5.693220797335572e-06
gerial,5.693220797335572e-06
priceadjust,5.693220797335572e-06
berk,5.693220797335572e-06
irk,5.693220797335572e-06
illusori,5.693220797335572e-06
kip,5.693220797335572e-06
eml,5.693220797335572e-06
ceivabl,5.693220797335572e-06
ciga,5.693220797335572e-06
junction,5.693220797335572e-06
patterson,5.693220797335572e-06
tirement,5.693220797335572e-06
incred,5.693220797335572e-06
spice,5.693220797335572e-06
johan,5.693220797335572e-06
frankfurt,5.693220797335572e-06
kai,5.693220797335572e-06
incomebas,5.693220797335572e-06
ofi,5.693220797335572e-06
literari,5.693220797335572e-06
asynchron,5.693220797335572e-06
beri,5.693220797335572e-06
amil,5.693220797335572e-06
ostri,5.693220797335572e-06
multifamili,5.693220797335572e-06
pentium,5.693220797335572e-06
reuven,5.693220797335572e-06
firstmov,5.693220797335572e-06
checklist,5.693220797335572e-06
sunshin,5.693220797335572e-06
satting,5.693220797335572e-06
abe,5.693220797335572e-06
ventor,5.693220797335572e-06
incompet,5.693220797335572e-06
lxxxiv,5.693220797335572e-06
cthe,5.693220797335572e-06
ucl,5.693220797335572e-06
desk,5.693220797335572e-06
oilpric,5.693220797335572e-06
bricklay,5.693220797335572e-06
horner,5.693220797335572e-06
hiroshi,5.693220797335572e-06
discrim,5.693220797335572e-06
standarderror,5.693220797335572e-06
terindustri,5.693220797335572e-06
kunz,5.693220797335572e-06
thursday,5.693220797335572e-06
lament,5.693220797335572e-06
brandi,5.693220797335572e-06
afri,5.693220797335572e-06
allegheni,5.693220797335572e-06
rue,5.693220797335572e-06
sei,5.693220797335572e-06
seq,5.693220797335572e-06
hkt,5.693220797335572e-06
international,5.693220797335572e-06
ralli,5.693220797335572e-06
salesperson,5.693220797335572e-06
julius,5.693220797335572e-06
semiposit,5.693220797335572e-06
overland,5.693220797335572e-06
mpt,5.693220797335572e-06
metallurg,5.693220797335572e-06
pont,5.693220797335572e-06
outgrowth,5.693220797335572e-06
kohler,5.693220797335572e-06
tonga,5.693220797335572e-06
molecular,5.693220797335572e-06
conservat,5.693220797335572e-06
iner,5.693220797335572e-06
macavoy,5.693220797335572e-06
gentl,5.693220797335572e-06
svi,5.693220797335572e-06
gujarat,5.693220797335572e-06
apj,5.693220797335572e-06
feld,5.693220797335572e-06
arlington,5.693220797335572e-06
ara,5.693220797335572e-06
oao,5.693220797335572e-06
pensiv,5.693220797335572e-06
calculat,5.693220797335572e-06
materialis,5.693220797335572e-06
asli,5.693220797335572e-06
misl,5.693220797335572e-06
meta,5.693220797335572e-06
apprenticeship,5.693220797335572e-06
nomenclatur,5.693220797335572e-06
ecp,5.693220797335572e-06
tyler,5.693220797335572e-06
nonutil,5.693220797335572e-06
patienc,5.693220797335572e-06
zon,5.693220797335572e-06
mendat,5.693220797335572e-06
westinghous,5.693220797335572e-06
chuck,5.693220797335572e-06
yea,5.693220797335572e-06
woodward,5.693220797335572e-06
antigua,5.693220797335572e-06
idt,5.693220797335572e-06
starch,5.693220797335572e-06
lectual,5.693220797335572e-06
pmax,5.693220797335572e-06
noisier,5.693220797335572e-06
tricki,5.693220797335572e-06
cunningham,5.693220797335572e-06
yss,5.693220797335572e-06
moy,5.693220797335572e-06
worstcas,5.693220797335572e-06
periodbyperiod,5.693220797335572e-06
betweeni,5.693220797335572e-06
benigno,5.693220797335572e-06
fatigu,5.693220797335572e-06
eurosclerosi,5.693220797335572e-06
parish,5.693220797335572e-06
purchasingpowerpar,5.693220797335572e-06
hollow,5.693220797335572e-06
timeofday,5.693220797335572e-06
upwardbias,5.693220797335572e-06
setback,5.693220797335572e-06
preset,5.693220797335572e-06
lml,5.693220797335572e-06
conglom,5.693220797335572e-06
gressor,5.693220797335572e-06
salli,5.693220797335572e-06
una,5.693220797335572e-06
interproduct,5.693220797335572e-06
lorin,5.693220797335572e-06
twobytwo,5.693220797335572e-06
nondiagon,5.693220797335572e-06
syx,5.693220797335572e-06
highabl,5.693220797335572e-06
apo,5.693220797335572e-06
businessman,5.693220797335572e-06
lol,5.693220797335572e-06
butterworth,5.693220797335572e-06
syndrom,5.693220797335572e-06
specialpurpos,5.693220797335572e-06
belgrad,5.693220797335572e-06
protector,5.693220797335572e-06
pathbreak,5.693220797335572e-06
taipei,5.693220797335572e-06
hassett,5.693220797335572e-06
sak,5.693220797335572e-06
pollard,5.693220797335572e-06
decen,5.693220797335572e-06
nonmov,5.693220797335572e-06
cad,5.693220797335572e-06
cji,5.693220797335572e-06
inman,5.693220797335572e-06
flj,5.693220797335572e-06
preparatori,5.693220797335572e-06
vft,5.693220797335572e-06
variablesa,5.693220797335572e-06
spondenc,5.693220797335572e-06
laissez,5.693220797335572e-06
meza,5.693220797335572e-06
supra,5.693220797335572e-06
sthe,5.693220797335572e-06
xxk,5.693220797335572e-06
soy,5.693220797335572e-06
sturzenegg,5.693220797335572e-06
rework,5.693220797335572e-06
marker,5.693220797335572e-06
ensembl,5.693220797335572e-06
thenc,5.693220797335572e-06
suck,5.693220797335572e-06
alf,5.693220797335572e-06
fudenberg,5.693220797335572e-06
nonincom,5.693220797335572e-06
vito,5.693220797335572e-06
riskpool,5.693220797335572e-06
overthecount,5.693220797335572e-06
tegic,5.693220797335572e-06
garag,5.693220797335572e-06
acci,5.693220797335572e-06
logq,5.693220797335572e-06
fung,5.693220797335572e-06
joreskog,5.693220797335572e-06
sobel,5.693220797335572e-06
gravit,5.693220797335572e-06
bandwagon,5.693220797335572e-06
gine,5.693220797335572e-06
colgat,5.693220797335572e-06
proci,5.693220797335572e-06
xtl,5.693220797335572e-06
ftj,5.693220797335572e-06
explora,5.693220797335572e-06
ymi,5.693220797335572e-06
armstrong,5.693220797335572e-06
visvi,5.693220797335572e-06
douti,5.693220797335572e-06
altem,5.693220797335572e-06
feather,5.693220797335572e-06
ilk,5.693220797335572e-06
entif,5.693220797335572e-06
crossclassifi,5.693220797335572e-06
gosplan,5.693220797335572e-06
sophi,5.693220797335572e-06
fullscal,5.693220797335572e-06
anthracit,5.693220797335572e-06
kiley,5.693220797335572e-06
bro,5.693220797335572e-06
nova,5.693220797335572e-06
usuk,5.693220797335572e-06
ballpark,5.693220797335572e-06
fji,5.693220797335572e-06
une,5.693220797335572e-06
fti,5.693220797335572e-06
sixtyf,5.693220797335572e-06
ctr,5.693220797335572e-06
lubric,5.693220797335572e-06
tsoungchao,5.693220797335572e-06
divisor,5.693220797335572e-06
xto,5.693220797335572e-06
sian,5.693220797335572e-06
discr,5.693220797335572e-06
qth,5.693220797335572e-06
fab,5.693220797335572e-06
sankhya,5.693220797335572e-06
resurrect,5.693220797335572e-06
diploma,5.693220797335572e-06
michi,5.693220797335572e-06
casebycas,5.693220797335572e-06
demanddriven,5.693220797335572e-06
hale,5.693220797335572e-06
fse,5.693220797335572e-06
marsh,5.693220797335572e-06
rightmost,5.693220797335572e-06
voc,5.693220797335572e-06
aol,5.693220797335572e-06
vih,5.693220797335572e-06
lowanc,5.693220797335572e-06
dxo,5.693220797335572e-06
robb,5.693220797335572e-06
odi,5.693220797335572e-06
highinfl,5.693220797335572e-06
lxxxii,5.693220797335572e-06
principalag,5.693220797335572e-06
hus,5.693220797335572e-06
koren,5.693220797335572e-06
ashley,5.693220797335572e-06
blacksmith,5.693220797335572e-06
upjohn,5.693220797335572e-06
impur,5.693220797335572e-06
pinto,5.693220797335572e-06
instanta,5.693220797335572e-06
doll,5.693220797335572e-06
registri,5.693220797335572e-06
cooo,5.693220797335572e-06
espous,5.693220797335572e-06
huw,5.693220797335572e-06
uncorr,5.693220797335572e-06
semielast,5.693220797335572e-06
bdi,5.693220797335572e-06
seriescross,5.693220797335572e-06
amid,5.693220797335572e-06
mcgregor,5.693220797335572e-06
subcas,5.693220797335572e-06
mim,5.693220797335572e-06
cva,5.693220797335572e-06
bergin,5.693220797335572e-06
nondemocrat,5.693220797335572e-06
aiy,5.693220797335572e-06
suzann,5.693220797335572e-06
blackman,5.693220797335572e-06
inflationadjust,5.693220797335572e-06
exx,5.693220797335572e-06
twoparamet,5.693220797335572e-06
siam,5.693220797335572e-06
mendershausen,5.693220797335572e-06
figment,5.693220797335572e-06
fal,5.693220797335572e-06
coefficientsa,5.693220797335572e-06
yzi,5.693220797335572e-06
grs,5.693220797335572e-06
hanushek,5.693220797335572e-06
tss,5.693220797335572e-06
kirbi,5.693220797335572e-06
fel,5.693220797335572e-06
bpj,5.693220797335572e-06
cruder,5.693220797335572e-06
sert,5.693220797335572e-06
hotz,5.693220797335572e-06
equaliza,5.693220797335572e-06
idiosyncrasi,5.693220797335572e-06
laitin,5.693220797335572e-06
solicit,5.693220797335572e-06
edt,5.693220797335572e-06
crea,5.693220797335572e-06
passu,5.693220797335572e-06
nontarget,5.693220797335572e-06
projector,5.693220797335572e-06
ozga,5.693220797335572e-06
bjt,5.693220797335572e-06
namepl,5.693220797335572e-06
qll,5.693220797335572e-06
lowrent,5.693220797335572e-06
wxi,5.693220797335572e-06
slm,5.693220797335572e-06
etv,5.693220797335572e-06
curren,5.693220797335572e-06
marketlevel,5.693220797335572e-06
crk,5.693220797335572e-06
ftp,5.693220797335572e-06
dupont,5.693220797335572e-06
coconut,5.693220797335572e-06
nonalcohol,5.693220797335572e-06
tco,5.693220797335572e-06
emori,5.693220797335572e-06
immov,5.693220797335572e-06
googl,5.693220797335572e-06
fdt,5.693220797335572e-06
marquardt,5.693220797335572e-06
wagefix,5.693220797335572e-06
sou,5.376930753039152e-06
bard,5.376930753039152e-06
benefi,5.376930753039152e-06
leverhulm,5.376930753039152e-06
logn,5.376930753039152e-06
lkl,5.376930753039152e-06
lth,5.376930753039152e-06
blb,5.376930753039152e-06
kathryn,5.376930753039152e-06
commonsens,5.376930753039152e-06
preemin,5.376930753039152e-06
yiz,5.376930753039152e-06
deutschland,5.376930753039152e-06
sandi,5.376930753039152e-06
reuben,5.376930753039152e-06
lxxxvi,5.376930753039152e-06
stepbystep,5.376930753039152e-06
glare,5.376930753039152e-06
ney,5.376930753039152e-06
checkout,5.376930753039152e-06
buyout,5.376930753039152e-06
cull,5.376930753039152e-06
willem,5.376930753039152e-06
aijt,5.376930753039152e-06
shale,5.376930753039152e-06
lhe,5.376930753039152e-06
vicker,5.376930753039152e-06
lint,5.376930753039152e-06
ijth,5.376930753039152e-06
mik,5.376930753039152e-06
hung,5.376930753039152e-06
mdi,5.376930753039152e-06
wcs,5.376930753039152e-06
unfett,5.376930753039152e-06
tik,5.376930753039152e-06
terval,5.376930753039152e-06
unionfirm,5.376930753039152e-06
tionist,5.376930753039152e-06
scandinavia,5.376930753039152e-06
wnt,5.376930753039152e-06
fiy,5.376930753039152e-06
kishor,5.376930753039152e-06
transmi,5.376930753039152e-06
iari,5.376930753039152e-06
wfi,5.376930753039152e-06
groupspecif,5.376930753039152e-06
lyt,5.376930753039152e-06
anon,5.376930753039152e-06
arith,5.376930753039152e-06
smm,5.376930753039152e-06
ekt,5.376930753039152e-06
incomereceiv,5.376930753039152e-06
embarrass,5.376930753039152e-06
atx,5.376930753039152e-06
petri,5.376930753039152e-06
referendum,5.376930753039152e-06
ier,5.376930753039152e-06
hib,5.376930753039152e-06
boeri,5.376930753039152e-06
punch,5.376930753039152e-06
resultsa,5.376930753039152e-06
bergsten,5.376930753039152e-06
rst,5.376930753039152e-06
impressionist,5.376930753039152e-06
prom,5.376930753039152e-06
wca,5.376930753039152e-06
oneil,5.376930753039152e-06
costum,5.376930753039152e-06
highdens,5.376930753039152e-06
battalio,5.376930753039152e-06
rlr,5.376930753039152e-06
bev,5.376930753039152e-06
rut,5.376930753039152e-06
atk,5.376930753039152e-06
infinitehorizon,5.376930753039152e-06
ofliv,5.376930753039152e-06
antipoverti,5.376930753039152e-06
technologyskil,5.376930753039152e-06
raquel,5.376930753039152e-06
taxadjust,5.376930753039152e-06
nii,5.376930753039152e-06
rfn,5.376930753039152e-06
bundesbank,5.376930753039152e-06
orat,5.376930753039152e-06
nowaday,5.376930753039152e-06
developp,5.376930753039152e-06
smc,5.376930753039152e-06
adb,5.376930753039152e-06
nonjoint,5.376930753039152e-06
firmwid,5.376930753039152e-06
qal,5.376930753039152e-06
sushil,5.376930753039152e-06
unattain,5.376930753039152e-06
forbidden,5.376930753039152e-06
johansson,5.376930753039152e-06
anj,5.376930753039152e-06
mpp,5.376930753039152e-06
razor,5.376930753039152e-06
fastergrow,5.376930753039152e-06
llo,5.376930753039152e-06
nonsati,5.376930753039152e-06
westfield,5.376930753039152e-06
illegitim,5.376930753039152e-06
enk,5.376930753039152e-06
connor,5.376930753039152e-06
eel,5.376930753039152e-06
osc,5.376930753039152e-06
mariano,5.376930753039152e-06
domencich,5.376930753039152e-06
swim,5.376930753039152e-06
colour,5.376930753039152e-06
wade,5.376930753039152e-06
mial,5.376930753039152e-06
iwa,5.376930753039152e-06
expenditureswitch,5.376930753039152e-06
selfservic,5.376930753039152e-06
investmentoutput,5.376930753039152e-06
swenson,5.376930753039152e-06
cian,5.376930753039152e-06
modela,5.376930753039152e-06
betteroff,5.376930753039152e-06
tertempor,5.376930753039152e-06
itq,5.376930753039152e-06
sul,5.376930753039152e-06
rinehart,5.376930753039152e-06
authori,5.376930753039152e-06
nonobvi,5.376930753039152e-06
molina,5.376930753039152e-06
coach,5.376930753039152e-06
tworegion,5.376930753039152e-06
darius,5.376930753039152e-06
rupt,5.376930753039152e-06
dkt,5.376930753039152e-06
sar,5.376930753039152e-06
rion,5.376930753039152e-06
blejer,5.376930753039152e-06
beast,5.376930753039152e-06
cob,5.376930753039152e-06
mii,5.376930753039152e-06
markus,5.376930753039152e-06
ktt,5.376930753039152e-06
mckinsey,5.376930753039152e-06
warrel,5.376930753039152e-06
heav,5.376930753039152e-06
policyhold,5.376930753039152e-06
simmon,5.376930753039152e-06
astonish,5.376930753039152e-06
timelag,5.376930753039152e-06
furstenberg,5.376930753039152e-06
noninstitut,5.376930753039152e-06
genson,5.376930753039152e-06
insurmount,5.376930753039152e-06
hie,5.376930753039152e-06
nonconsum,5.376930753039152e-06
xrt,5.376930753039152e-06
subtleti,5.376930753039152e-06
politiqu,5.376930753039152e-06
iratio,5.376930753039152e-06
ayk,5.376930753039152e-06
zine,5.376930753039152e-06
wili,5.376930753039152e-06
noncooper,5.376930753039152e-06
puc,5.376930753039152e-06
ylog,5.376930753039152e-06
eqj,5.376930753039152e-06
lifeexpect,5.376930753039152e-06
garber,5.376930753039152e-06
reactor,5.376930753039152e-06
gita,5.376930753039152e-06
dca,5.376930753039152e-06
resettl,5.376930753039152e-06
apit,5.376930753039152e-06
iyi,5.376930753039152e-06
pearl,5.376930753039152e-06
worthless,5.376930753039152e-06
aee,5.376930753039152e-06
rhine,5.376930753039152e-06
lxxxviii,5.376930753039152e-06
utiliz,5.376930753039152e-06
tilater,5.376930753039152e-06
deng,5.376930753039152e-06
mcafe,5.376930753039152e-06
ekk,5.376930753039152e-06
ponenti,5.376930753039152e-06
readabl,5.376930753039152e-06
worrisom,5.376930753039152e-06
hitotsubashi,5.376930753039152e-06
restruc,5.376930753039152e-06
ucm,5.376930753039152e-06
claudio,5.376930753039152e-06
recontract,5.376930753039152e-06
overemploy,5.376930753039152e-06
impulserespons,5.376930753039152e-06
higherlevel,5.376930753039152e-06
dvs,5.376930753039152e-06
whip,5.376930753039152e-06
noi,5.376930753039152e-06
praisal,5.376930753039152e-06
agraw,5.376930753039152e-06
lynd,5.376930753039152e-06
unant,5.376930753039152e-06
ipm,5.376930753039152e-06
evil,5.376930753039152e-06
equivoc,5.376930753039152e-06
trustworthi,5.376930753039152e-06
discours,5.376930753039152e-06
chava,5.376930753039152e-06
tbill,5.376930753039152e-06
lima,5.376930753039152e-06
gee,5.376930753039152e-06
uncensor,5.376930753039152e-06
highland,5.376930753039152e-06
expressli,5.376930753039152e-06
goodhart,5.376930753039152e-06
malefemal,5.376930753039152e-06
umi,5.376930753039152e-06
wolman,5.376930753039152e-06
gracious,5.376930753039152e-06
honolulu,5.376930753039152e-06
nonperform,5.376930753039152e-06
dawn,5.376930753039152e-06
miy,5.376930753039152e-06
pjq,5.376930753039152e-06
doiaer,5.376930753039152e-06
voor,5.376930753039152e-06
pbi,5.376930753039152e-06
eicher,5.376930753039152e-06
outofst,5.376930753039152e-06
lowri,5.376930753039152e-06
ofjob,5.376930753039152e-06
alnl,5.376930753039152e-06
consumm,5.376930753039152e-06
taneiti,5.376930753039152e-06
ptyt,5.376930753039152e-06
pharmaceuti,5.376930753039152e-06
lentli,5.376930753039152e-06
niskanen,5.376930753039152e-06
indivi,5.376930753039152e-06
qdt,5.376930753039152e-06
selfish,5.376930753039152e-06
subindic,5.376930753039152e-06
kln,5.376930753039152e-06
clt,5.376930753039152e-06
brotherhood,5.376930753039152e-06
rac,5.376930753039152e-06
arbitrageur,5.376930753039152e-06
straszheim,5.376930753039152e-06
crosscoun,5.376930753039152e-06
homemarket,5.376930753039152e-06
maharashtra,5.376930753039152e-06
pso,5.376930753039152e-06
esa,5.376930753039152e-06
kotz,5.376930753039152e-06
licen,5.376930753039152e-06
fens,5.376930753039152e-06
carp,5.376930753039152e-06
hallmark,5.376930753039152e-06
cogniz,5.376930753039152e-06
logconcav,5.376930753039152e-06
jcurv,5.376930753039152e-06
marxist,5.376930753039152e-06
ayit,5.376930753039152e-06
vkt,5.376930753039152e-06
xmt,5.376930753039152e-06
guerrieri,5.376930753039152e-06
dad,5.376930753039152e-06
preemptiv,5.376930753039152e-06
ztj,5.376930753039152e-06
steindl,5.376930753039152e-06
outputinput,5.376930753039152e-06
respecifi,5.376930753039152e-06
diebold,5.376930753039152e-06
egt,5.376930753039152e-06
prakash,5.376930753039152e-06
coordi,5.376930753039152e-06
taa,5.376930753039152e-06
ventiv,5.376930753039152e-06
ifb,5.376930753039152e-06
fiw,5.376930753039152e-06
maga,5.376930753039152e-06
downplay,5.376930753039152e-06
gershon,5.376930753039152e-06
brush,5.376930753039152e-06
klett,5.376930753039152e-06
jevon,5.376930753039152e-06
noninform,5.376930753039152e-06
xim,5.376930753039152e-06
dynast,5.376930753039152e-06
stration,5.376930753039152e-06
shave,5.376930753039152e-06
sac,5.376930753039152e-06
reclaim,5.376930753039152e-06
rudolf,5.376930753039152e-06
fueleffici,5.376930753039152e-06
djk,5.376930753039152e-06
uijt,5.376930753039152e-06
martinez,5.376930753039152e-06
god,5.376930753039152e-06
mannheim,5.376930753039152e-06
jht,5.376930753039152e-06
nator,5.376930753039152e-06
distrust,5.376930753039152e-06
regimeswitch,5.376930753039152e-06
whitenois,5.376930753039152e-06
icl,5.376930753039152e-06
siviti,5.376930753039152e-06
limiteddepend,5.376930753039152e-06
realincom,5.376930753039152e-06
overthrow,5.376930753039152e-06
leftsid,5.376930753039152e-06
complica,5.376930753039152e-06
sympathi,5.376930753039152e-06
cottag,5.376930753039152e-06
nfactor,5.376930753039152e-06
prefabr,5.376930753039152e-06
nadu,5.376930753039152e-06
dli,5.376930753039152e-06
aman,5.376930753039152e-06
transplant,5.376930753039152e-06
inspector,5.376930753039152e-06
selden,5.376930753039152e-06
ethnolinguist,5.376930753039152e-06
housebuild,5.376930753039152e-06
topalova,5.376930753039152e-06
lng,5.376930753039152e-06
sxi,5.376930753039152e-06
gium,5.376930753039152e-06
hast,5.376930753039152e-06
leaver,5.376930753039152e-06
sijt,5.376930753039152e-06
laplac,5.376930753039152e-06
industryj,5.376930753039152e-06
hsh,5.376930753039152e-06
bled,5.376930753039152e-06
larges,5.376930753039152e-06
modelbas,5.376930753039152e-06
disem,5.376930753039152e-06
ient,5.376930753039152e-06
nxi,5.376930753039152e-06
mkl,5.376930753039152e-06
tvc,5.376930753039152e-06
xsi,5.376930753039152e-06
affluenc,5.376930753039152e-06
maureen,5.376930753039152e-06
tvs,5.376930753039152e-06
siz,5.376930753039152e-06
merair,5.376930753039152e-06
trebl,5.376930753039152e-06
bengt,5.376930753039152e-06
trost,5.376930753039152e-06
grubb,5.376930753039152e-06
profitmaximiz,5.376930753039152e-06
expj,5.376930753039152e-06
epb,5.376930753039152e-06
cpiu,5.376930753039152e-06
heien,5.376930753039152e-06
accompa,5.376930753039152e-06
logr,5.376930753039152e-06
yto,5.376930753039152e-06
physicist,5.376930753039152e-06
transcend,5.376930753039152e-06
loecker,5.376930753039152e-06
itj,5.376930753039152e-06
dkl,5.376930753039152e-06
tainment,5.376930753039152e-06
rki,5.376930753039152e-06
waldman,5.376930753039152e-06
enor,5.376930753039152e-06
cleavag,5.376930753039152e-06
kingston,5.376930753039152e-06
ucat,5.376930753039152e-06
forsyth,5.376930753039152e-06
ako,5.376930753039152e-06
helmut,5.376930753039152e-06
swell,5.376930753039152e-06
heft,5.376930753039152e-06
slavia,5.376930753039152e-06
swidinski,5.376930753039152e-06
orchard,5.376930753039152e-06
installa,5.376930753039152e-06
topograph,5.376930753039152e-06
asser,5.376930753039152e-06
nonpro,5.376930753039152e-06
hoeffler,5.376930753039152e-06
somebodi,5.376930753039152e-06
cct,5.376930753039152e-06
marketwid,5.376930753039152e-06
apolog,5.376930753039152e-06
hoffmann,5.376930753039152e-06
vlt,5.376930753039152e-06
banqu,5.376930753039152e-06
bla,5.376930753039152e-06
alexi,5.376930753039152e-06
kurt,5.376930753039152e-06
shaki,5.376930753039152e-06
soi,5.376930753039152e-06
digress,5.376930753039152e-06
cheltenham,5.376930753039152e-06
oneperiodahead,5.376930753039152e-06
pineappl,5.376930753039152e-06
vene,5.376930753039152e-06
pxm,5.376930753039152e-06
abstain,5.376930753039152e-06
ftt,5.376930753039152e-06
knut,5.376930753039152e-06
vko,5.376930753039152e-06
nijhoff,5.376930753039152e-06
massey,5.376930753039152e-06
hum,5.060640708742731e-06
overcompens,5.060640708742731e-06
thatcher,5.060640708742731e-06
drt,5.060640708742731e-06
threesector,5.060640708742731e-06
mln,5.060640708742731e-06
logdiffer,5.060640708742731e-06
stereotyp,5.060640708742731e-06
maastricht,5.060640708742731e-06
rigidi,5.060640708742731e-06
crosscorrel,5.060640708742731e-06
ltu,5.060640708742731e-06
buck,5.060640708742731e-06
duckworth,5.060640708742731e-06
unoffici,5.060640708742731e-06
hey,5.060640708742731e-06
minford,5.060640708742731e-06
motiva,5.060640708742731e-06
rrt,5.060640708742731e-06
supernorm,5.060640708742731e-06
entireti,5.060640708742731e-06
theres,5.060640708742731e-06
fitter,5.060640708742731e-06
consumptionbas,5.060640708742731e-06
yle,5.060640708742731e-06
ayd,5.060640708742731e-06
iei,5.060640708742731e-06
fraud,5.060640708742731e-06
knt,5.060640708742731e-06
unin,5.060640708742731e-06
enrico,5.060640708742731e-06
seignorag,5.060640708742731e-06
rung,5.060640708742731e-06
cla,5.060640708742731e-06
weld,5.060640708742731e-06
violant,5.060640708742731e-06
wai,5.060640708742731e-06
savinginvest,5.060640708742731e-06
derstat,5.060640708742731e-06
artus,5.060640708742731e-06
oniki,5.060640708742731e-06
agi,5.060640708742731e-06
hardwood,5.060640708742731e-06
pseudolikelihood,5.060640708742731e-06
dover,5.060640708742731e-06
tradea,5.060640708742731e-06
prolif,5.060640708742731e-06
iki,5.060640708742731e-06
kato,5.060640708742731e-06
mda,5.060640708742731e-06
crow,5.060640708742731e-06
nag,5.060640708742731e-06
reorganis,5.060640708742731e-06
wane,5.060640708742731e-06
bss,5.060640708742731e-06
statebyst,5.060640708742731e-06
chor,5.060640708742731e-06
newslett,5.060640708742731e-06
aon,5.060640708742731e-06
logan,5.060640708742731e-06
birthday,5.060640708742731e-06
klr,5.060640708742731e-06
estimatesa,5.060640708742731e-06
keio,5.060640708742731e-06
ano,5.060640708742731e-06
inant,5.060640708742731e-06
industriali,5.060640708742731e-06
wijt,5.060640708742731e-06
iig,5.060640708742731e-06
medicar,5.060640708742731e-06
yorkshir,5.060640708742731e-06
meatpack,5.060640708742731e-06
tercil,5.060640708742731e-06
athey,5.060640708742731e-06
afj,5.060640708742731e-06
parasit,5.060640708742731e-06
broadway,5.060640708742731e-06
anxious,5.060640708742731e-06
lich,5.060640708742731e-06
narasimhan,5.060640708742731e-06
dishonest,5.060640708742731e-06
xciii,5.060640708742731e-06
eighthour,5.060640708742731e-06
amj,5.060640708742731e-06
loanabl,5.060640708742731e-06
employeremploye,5.060640708742731e-06
drick,5.060640708742731e-06
gotten,5.060640708742731e-06
ipe,5.060640708742731e-06
theamerican,5.060640708742731e-06
tong,5.060640708742731e-06
thorn,5.060640708742731e-06
charlott,5.060640708742731e-06
mayo,5.060640708742731e-06
eoo,5.060640708742731e-06
jci,5.060640708742731e-06
seo,5.060640708742731e-06
honesti,5.060640708742731e-06
moval,5.060640708742731e-06
wid,5.060640708742731e-06
plantyear,5.060640708742731e-06
dmd,5.060640708742731e-06
falk,5.060640708742731e-06
strin,5.060640708742731e-06
delv,5.060640708742731e-06
stubborn,5.060640708742731e-06
eliot,5.060640708742731e-06
dza,5.060640708742731e-06
lifo,5.060640708742731e-06
cahier,5.060640708742731e-06
diagnos,5.060640708742731e-06
xve,5.060640708742731e-06
iiiii,5.060640708742731e-06
xcii,5.060640708742731e-06
lahiri,5.060640708742731e-06
midcenturi,5.060640708742731e-06
petition,5.060640708742731e-06
janu,5.060640708742731e-06
iiid,5.060640708742731e-06
subpopul,5.060640708742731e-06
bji,5.060640708742731e-06
ges,5.060640708742731e-06
sodium,5.060640708742731e-06
tnec,5.060640708742731e-06
peaktopeak,5.060640708742731e-06
chamley,5.060640708742731e-06
tanker,5.060640708742731e-06
esr,5.060640708742731e-06
dataa,5.060640708742731e-06
unwieldi,5.060640708742731e-06
haber,5.060640708742731e-06
tmt,5.060640708742731e-06
colom,5.060640708742731e-06
kuhn,5.060640708742731e-06
lvt,5.060640708742731e-06
siberia,5.060640708742731e-06
xtyt,5.060640708742731e-06
cile,5.060640708742731e-06
lizzeri,5.060640708742731e-06
planet,5.060640708742731e-06
linstitut,5.060640708742731e-06
oki,5.060640708742731e-06
unalloc,5.060640708742731e-06
bock,5.060640708742731e-06
reenter,5.060640708742731e-06
ixt,5.060640708742731e-06
sda,5.060640708742731e-06
creditr,5.060640708742731e-06
heflebow,5.060640708742731e-06
currentyear,5.060640708742731e-06
nearterm,5.060640708742731e-06
hawtrey,5.060640708742731e-06
knetsch,5.060640708742731e-06
variablesth,5.060640708742731e-06
centerpiec,5.060640708742731e-06
ooooooooo,5.060640708742731e-06
waiv,5.060640708742731e-06
hindsight,5.060640708742731e-06
jovanovich,5.060640708742731e-06
varc,5.060640708742731e-06
incompar,5.060640708742731e-06
oln,5.060640708742731e-06
expropria,5.060640708742731e-06
grind,5.060640708742731e-06
lisher,5.060640708742731e-06
bronar,5.060640708742731e-06
multiequ,5.060640708742731e-06
redistri,5.060640708742731e-06
specialinterest,5.060640708742731e-06
combinator,5.060640708742731e-06
hin,5.060640708742731e-06
eur,5.060640708742731e-06
csignific,5.060640708742731e-06
deceiv,5.060640708742731e-06
vare,5.060640708742731e-06
marian,5.060640708742731e-06
homer,5.060640708742731e-06
bookkeep,5.060640708742731e-06
bruxell,5.060640708742731e-06
ditch,5.060640708742731e-06
presump,5.060640708742731e-06
pht,5.060640708742731e-06
cular,5.060640708742731e-06
bickel,5.060640708742731e-06
semant,5.060640708742731e-06
tryspecif,5.060640708742731e-06
fisherman,5.060640708742731e-06
ptf,5.060640708742731e-06
readytoeat,5.060640708742731e-06
macromodel,5.060640708742731e-06
obso,5.060640708742731e-06
rad,5.060640708742731e-06
deutschen,5.060640708742731e-06
kao,5.060640708742731e-06
dmr,5.060640708742731e-06
aff,5.060640708742731e-06
abba,5.060640708742731e-06
bmp,5.060640708742731e-06
momentarili,5.060640708742731e-06
noaa,5.060640708742731e-06
resold,5.060640708742731e-06
plorat,5.060640708742731e-06
loeb,5.060640708742731e-06
influenza,5.060640708742731e-06
staffan,5.060640708742731e-06
caa,5.060640708742731e-06
endeavour,5.060640708742731e-06
nonnumerair,5.060640708742731e-06
flexibil,5.060640708742731e-06
epanechnikov,5.060640708742731e-06
dxx,5.060640708742731e-06
cano,5.060640708742731e-06
haan,5.060640708742731e-06
pietro,5.060640708742731e-06
nentli,5.060640708742731e-06
inappro,5.060640708742731e-06
repric,5.060640708742731e-06
alis,5.060640708742731e-06
kahneman,5.060640708742731e-06
anthropogen,5.060640708742731e-06
eslava,5.060640708742731e-06
gam,5.060640708742731e-06
silberston,5.060640708742731e-06
kal,5.060640708742731e-06
qli,5.060640708742731e-06
regrett,5.060640708742731e-06
bling,5.060640708742731e-06
gix,5.060640708742731e-06
estatistica,5.060640708742731e-06
versi,5.060640708742731e-06
eji,5.060640708742731e-06
rtc,5.060640708742731e-06
laurent,5.060640708742731e-06
otc,5.060640708742731e-06
virus,5.060640708742731e-06
maliti,5.060640708742731e-06
rya,5.060640708742731e-06
mccain,5.060640708742731e-06
nonsymmetr,5.060640708742731e-06
utl,5.060640708742731e-06
hurri,5.060640708742731e-06
sunspot,5.060640708742731e-06
uli,5.060640708742731e-06
apq,5.060640708742731e-06
calam,5.060640708742731e-06
lobbyist,5.060640708742731e-06
antoin,5.060640708742731e-06
arous,5.060640708742731e-06
tenfold,5.060640708742731e-06
bridger,5.060640708742731e-06
shower,5.060640708742731e-06
sparkl,5.060640708742731e-06
desarrollo,5.060640708742731e-06
nab,5.060640708742731e-06
instig,5.060640708742731e-06
liebowitz,5.060640708742731e-06
clare,5.060640708742731e-06
phylli,5.060640708742731e-06
entrepot,5.060640708742731e-06
streamlin,5.060640708742731e-06
econmica,5.060640708742731e-06
realbusinesscycl,5.060640708742731e-06
discretechoic,5.060640708742731e-06
mohamad,5.060640708742731e-06
zlb,5.060640708742731e-06
stl,5.060640708742731e-06
fjt,5.060640708742731e-06
gabriel,5.060640708742731e-06
pkr,5.060640708742731e-06
dpg,5.060640708742731e-06
inextric,5.060640708742731e-06
liquidityconstrain,5.060640708742731e-06
misstat,5.060640708742731e-06
canova,5.060640708742731e-06
backdrop,5.060640708742731e-06
mrr,5.060640708742731e-06
ioio,5.060640708742731e-06
dodd,5.060640708742731e-06
rever,5.060640708742731e-06
backbon,5.060640708742731e-06
fiona,5.060640708742731e-06
shawn,5.060640708742731e-06
congr,5.060640708742731e-06
rib,5.060640708742731e-06
soderstrom,5.060640708742731e-06
department,5.060640708742731e-06
nli,5.060640708742731e-06
inputout,5.060640708742731e-06
leftist,5.060640708742731e-06
truste,5.060640708742731e-06
clayton,5.060640708742731e-06
timer,5.060640708742731e-06
charleston,5.060640708742731e-06
wmin,5.060640708742731e-06
masahisa,5.060640708742731e-06
washer,5.060640708742731e-06
globaliza,5.060640708742731e-06
hust,5.060640708742731e-06
leipzig,5.060640708742731e-06
lucid,5.060640708742731e-06
nonmateri,5.060640708742731e-06
unprocess,5.060640708742731e-06
fas,5.060640708742731e-06
photo,5.060640708742731e-06
crc,5.060640708742731e-06
mismanag,5.060640708742731e-06
lowrisk,5.060640708742731e-06
ofeconom,5.060640708742731e-06
outnumb,5.060640708742731e-06
utt,5.060640708742731e-06
pedagog,5.060640708742731e-06
bernheim,5.060640708742731e-06
kotwal,5.060640708742731e-06
cyi,5.060640708742731e-06
zzz,5.060640708742731e-06
heterosceda,5.060640708742731e-06
despair,5.060640708742731e-06
mercosur,5.060640708742731e-06
arnaud,5.060640708742731e-06
coral,5.060640708742731e-06
qualifica,5.060640708742731e-06
kung,5.060640708742731e-06
pjk,5.060640708742731e-06
turb,5.060640708742731e-06
pee,5.060640708742731e-06
lenin,5.060640708742731e-06
typespecif,5.060640708742731e-06
kaitz,5.060640708742731e-06
selfreinforc,5.060640708742731e-06
oskar,5.060640708742731e-06
silvana,5.060640708742731e-06
mathemati,5.060640708742731e-06
toj,5.060640708742731e-06
disjoint,5.060640708742731e-06
widerang,5.060640708742731e-06
specula,5.060640708742731e-06
xnk,5.060640708742731e-06
lianc,5.060640708742731e-06
demandfor,5.060640708742731e-06
modulus,5.060640708742731e-06
smuggler,5.060640708742731e-06
almqvist,5.060640708742731e-06
nonaddit,5.060640708742731e-06
noel,5.060640708742731e-06
onfarm,5.060640708742731e-06
polytechn,5.060640708742731e-06
phoenix,5.060640708742731e-06
mip,5.060640708742731e-06
assault,5.060640708742731e-06
fcs,5.060640708742731e-06
dhd,5.060640708742731e-06
expenditurebas,5.060640708742731e-06
farfetch,5.060640708742731e-06
eap,5.060640708742731e-06
colinear,5.060640708742731e-06
pkj,5.060640708742731e-06
posttrad,5.060640708742731e-06
toto,5.060640708742731e-06
bite,5.060640708742731e-06
raini,5.060640708742731e-06
bzt,5.060640708742731e-06
calvin,5.060640708742731e-06
hobson,5.060640708742731e-06
nicer,5.060640708742731e-06
cutter,5.060640708742731e-06
ary,5.060640708742731e-06
html,5.060640708742731e-06
nazional,5.060640708742731e-06
singlesector,5.060640708742731e-06
twomonth,5.060640708742731e-06
hancock,5.060640708742731e-06
winsten,5.060640708742731e-06
cno,5.060640708742731e-06
falsifi,5.060640708742731e-06
backoftheenvelop,5.060640708742731e-06
fetch,5.060640708742731e-06
myint,5.060640708742731e-06
inq,5.060640708742731e-06
lel,5.060640708742731e-06
lnd,5.060640708742731e-06
trav,5.060640708742731e-06
mcmc,5.060640708742731e-06
lowerpr,5.060640708742731e-06
conflat,5.060640708742731e-06
unconvent,5.060640708742731e-06
kessel,5.060640708742731e-06
nonbas,5.060640708742731e-06
lft,5.060640708742731e-06
amaz,5.060640708742731e-06
ipl,5.060640708742731e-06
humanitarian,5.060640708742731e-06
straw,5.060640708742731e-06
abort,5.060640708742731e-06
wilk,5.060640708742731e-06
ift,5.060640708742731e-06
databank,5.060640708742731e-06
trun,5.060640708742731e-06
finest,5.060640708742731e-06
rbt,5.060640708742731e-06
isa,5.060640708742731e-06
lnpi,5.060640708742731e-06
lippman,5.060640708742731e-06
keel,5.060640708742731e-06
bartel,5.060640708742731e-06
akira,5.060640708742731e-06
miravet,5.060640708742731e-06
xzi,5.060640708742731e-06
toulous,5.060640708742731e-06
eip,5.060640708742731e-06
yanni,5.060640708742731e-06
dkx,5.060640708742731e-06
prc,5.060640708742731e-06
peng,5.060640708742731e-06
ploeg,5.060640708742731e-06
spiller,5.060640708742731e-06
hstatist,5.060640708742731e-06
eqn,5.060640708742731e-06
rampant,5.060640708742731e-06
rei,5.060640708742731e-06
nuno,5.060640708742731e-06
preview,5.060640708742731e-06
prescrip,5.060640708742731e-06
sensitiv,5.060640708742731e-06
deepak,5.060640708742731e-06
quiri,5.060640708742731e-06
traine,4.7443506644463106e-06
kii,4.7443506644463106e-06
scotchmer,4.7443506644463106e-06
piv,4.7443506644463106e-06
dire,4.7443506644463106e-06
dranov,4.7443506644463106e-06
meanvari,4.7443506644463106e-06
amex,4.7443506644463106e-06
equiproport,4.7443506644463106e-06
atti,4.7443506644463106e-06
nfl,4.7443506644463106e-06
pint,4.7443506644463106e-06
brasileiro,4.7443506644463106e-06
redo,4.7443506644463106e-06
acu,4.7443506644463106e-06
breusch,4.7443506644463106e-06
sundri,4.7443506644463106e-06
alessandria,4.7443506644463106e-06
julyseptemb,4.7443506644463106e-06
styl,4.7443506644463106e-06
fuell,4.7443506644463106e-06
crippl,4.7443506644463106e-06
bayer,4.7443506644463106e-06
spengler,4.7443506644463106e-06
betweenindustri,4.7443506644463106e-06
sunlight,4.7443506644463106e-06
tsa,4.7443506644463106e-06
vall,4.7443506644463106e-06
vls,4.7443506644463106e-06
backup,4.7443506644463106e-06
benakiva,4.7443506644463106e-06
yearto,4.7443506644463106e-06
dryden,4.7443506644463106e-06
netoftax,4.7443506644463106e-06
incipi,4.7443506644463106e-06
duan,4.7443506644463106e-06
dehejia,4.7443506644463106e-06
miscel,4.7443506644463106e-06
malay,4.7443506644463106e-06
fatten,4.7443506644463106e-06
sexual,4.7443506644463106e-06
breuschpagan,4.7443506644463106e-06
ytx,4.7443506644463106e-06
misrepres,4.7443506644463106e-06
cgi,4.7443506644463106e-06
nonmoney,4.7443506644463106e-06
welfaremaxim,4.7443506644463106e-06
hao,4.7443506644463106e-06
attanasio,4.7443506644463106e-06
holthausen,4.7443506644463106e-06
pursuant,4.7443506644463106e-06
oneeighth,4.7443506644463106e-06
ying,4.7443506644463106e-06
arteri,4.7443506644463106e-06
logf,4.7443506644463106e-06
hdi,4.7443506644463106e-06
wor,4.7443506644463106e-06
franchise,4.7443506644463106e-06
kolmogorovsmirnov,4.7443506644463106e-06
terborgh,4.7443506644463106e-06
anm,4.7443506644463106e-06
pon,4.7443506644463106e-06
vul,4.7443506644463106e-06
pfi,4.7443506644463106e-06
unsolv,4.7443506644463106e-06
wouter,4.7443506644463106e-06
balancedbudget,4.7443506644463106e-06
untransform,4.7443506644463106e-06
rli,4.7443506644463106e-06
metroeconomica,4.7443506644463106e-06
lex,4.7443506644463106e-06
thirdworld,4.7443506644463106e-06
rvi,4.7443506644463106e-06
neumark,4.7443506644463106e-06
sshape,4.7443506644463106e-06
runkl,4.7443506644463106e-06
schuster,4.7443506644463106e-06
subvert,4.7443506644463106e-06
sailor,4.7443506644463106e-06
ctc,4.7443506644463106e-06
ocd,4.7443506644463106e-06
mcdermott,4.7443506644463106e-06
highpay,4.7443506644463106e-06
htm,4.7443506644463106e-06
mehmet,4.7443506644463106e-06
ete,4.7443506644463106e-06
phipp,4.7443506644463106e-06
mlt,4.7443506644463106e-06
inegalitarian,4.7443506644463106e-06
acj,4.7443506644463106e-06
authorit,4.7443506644463106e-06
gab,4.7443506644463106e-06
xtk,4.7443506644463106e-06
reviezv,4.7443506644463106e-06
hilton,4.7443506644463106e-06
lnv,4.7443506644463106e-06
guardian,4.7443506644463106e-06
biotech,4.7443506644463106e-06
harmondsworth,4.7443506644463106e-06
erwis,4.7443506644463106e-06
debttogdp,4.7443506644463106e-06
unschedul,4.7443506644463106e-06
moneydemand,4.7443506644463106e-06
gradualist,4.7443506644463106e-06
nonsynchron,4.7443506644463106e-06
uncount,4.7443506644463106e-06
ibt,4.7443506644463106e-06
cjj,4.7443506644463106e-06
sentana,4.7443506644463106e-06
alna,4.7443506644463106e-06
tiger,4.7443506644463106e-06
roodman,4.7443506644463106e-06
cupi,4.7443506644463106e-06
onshor,4.7443506644463106e-06
ykl,4.7443506644463106e-06
pipj,4.7443506644463106e-06
ercis,4.7443506644463106e-06
nonconverg,4.7443506644463106e-06
ghatak,4.7443506644463106e-06
manifold,4.7443506644463106e-06
neural,4.7443506644463106e-06
stayer,4.7443506644463106e-06
coj,4.7443506644463106e-06
choo,4.7443506644463106e-06
modicum,4.7443506644463106e-06
tlb,4.7443506644463106e-06
kroszner,4.7443506644463106e-06
datacollect,4.7443506644463106e-06
tercycl,4.7443506644463106e-06
bundesrepublik,4.7443506644463106e-06
yare,4.7443506644463106e-06
anglia,4.7443506644463106e-06
overcapit,4.7443506644463106e-06
steepen,4.7443506644463106e-06
bald,4.7443506644463106e-06
aqq,4.7443506644463106e-06
forj,4.7443506644463106e-06
pricemargin,4.7443506644463106e-06
mav,4.7443506644463106e-06
investmentcapit,4.7443506644463106e-06
nonmiss,4.7443506644463106e-06
denomi,4.7443506644463106e-06
industrya,4.7443506644463106e-06
chib,4.7443506644463106e-06
genesov,4.7443506644463106e-06
decod,4.7443506644463106e-06
abstractus,4.7443506644463106e-06
triad,4.7443506644463106e-06
aig,4.7443506644463106e-06
bewley,4.7443506644463106e-06
bic,4.7443506644463106e-06
nyt,4.7443506644463106e-06
casey,4.7443506644463106e-06
inroad,4.7443506644463106e-06
conjunc,4.7443506644463106e-06
pamela,4.7443506644463106e-06
miscalcul,4.7443506644463106e-06
draper,4.7443506644463106e-06
agel,4.7443506644463106e-06
shun,4.7443506644463106e-06
subsec,4.7443506644463106e-06
technologydriven,4.7443506644463106e-06
tradecr,4.7443506644463106e-06
sme,4.7443506644463106e-06
ktkt,4.7443506644463106e-06
haley,4.7443506644463106e-06
ebb,4.7443506644463106e-06
quarrel,4.7443506644463106e-06
smolenski,4.7443506644463106e-06
pavcnik,4.7443506644463106e-06
kiminori,4.7443506644463106e-06
countercyc,4.7443506644463106e-06
haz,4.7443506644463106e-06
thirdord,4.7443506644463106e-06
cofactor,4.7443506644463106e-06
apprecia,4.7443506644463106e-06
cabral,4.7443506644463106e-06
rdk,4.7443506644463106e-06
pqi,4.7443506644463106e-06
emitt,4.7443506644463106e-06
firmn,4.7443506644463106e-06
kearl,4.7443506644463106e-06
producerconsum,4.7443506644463106e-06
rtj,4.7443506644463106e-06
vai,4.7443506644463106e-06
partur,4.7443506644463106e-06
tinuat,4.7443506644463106e-06
sore,4.7443506644463106e-06
petra,4.7443506644463106e-06
timerel,4.7443506644463106e-06
uaw,4.7443506644463106e-06
hindranc,4.7443506644463106e-06
portier,4.7443506644463106e-06
postindepend,4.7443506644463106e-06
semifinish,4.7443506644463106e-06
fallick,4.7443506644463106e-06
pashard,4.7443506644463106e-06
mena,4.7443506644463106e-06
fection,4.7443506644463106e-06
echelon,4.7443506644463106e-06
adolph,4.7443506644463106e-06
coughlin,4.7443506644463106e-06
californiaberkeley,4.7443506644463106e-06
tji,4.7443506644463106e-06
dutton,4.7443506644463106e-06
propound,4.7443506644463106e-06
garrett,4.7443506644463106e-06
postcrisi,4.7443506644463106e-06
veil,4.7443506644463106e-06
pham,4.7443506644463106e-06
jls,4.7443506644463106e-06
pss,4.7443506644463106e-06
unimpor,4.7443506644463106e-06
grg,4.7443506644463106e-06
zoo,4.7443506644463106e-06
flh,4.7443506644463106e-06
inferenti,4.7443506644463106e-06
oneseventh,4.7443506644463106e-06
dxl,4.7443506644463106e-06
esn,4.7443506644463106e-06
dryer,4.7443506644463106e-06
sll,4.7443506644463106e-06
mellow,4.7443506644463106e-06
campo,4.7443506644463106e-06
northhol,4.7443506644463106e-06
singlecountri,4.7443506644463106e-06
xia,4.7443506644463106e-06
ryo,4.7443506644463106e-06
pyi,4.7443506644463106e-06
subperi,4.7443506644463106e-06
riosrul,4.7443506644463106e-06
etet,4.7443506644463106e-06
maladjust,4.7443506644463106e-06
ooooooo,4.7443506644463106e-06
metabol,4.7443506644463106e-06
seth,4.7443506644463106e-06
incomedistribut,4.7443506644463106e-06
statistica,4.7443506644463106e-06
ank,4.7443506644463106e-06
energyus,4.7443506644463106e-06
singleyear,4.7443506644463106e-06
inexor,4.7443506644463106e-06
inexact,4.7443506644463106e-06
mativ,4.7443506644463106e-06
redesign,4.7443506644463106e-06
bxx,4.7443506644463106e-06
bco,4.7443506644463106e-06
frequen,4.7443506644463106e-06
marti,4.7443506644463106e-06
multicommod,4.7443506644463106e-06
nonex,4.7443506644463106e-06
phillipscurv,4.7443506644463106e-06
lva,4.7443506644463106e-06
electri,4.7443506644463106e-06
proclaim,4.7443506644463106e-06
silan,4.7443506644463106e-06
leeway,4.7443506644463106e-06
mlo,4.7443506644463106e-06
stove,4.7443506644463106e-06
bosnia,4.7443506644463106e-06
heteroskedasticconsist,4.7443506644463106e-06
machineread,4.7443506644463106e-06
kis,4.7443506644463106e-06
sayer,4.7443506644463106e-06
yyy,4.7443506644463106e-06
orienta,4.7443506644463106e-06
journalsorgdoisuppl,4.7443506644463106e-06
slater,4.7443506644463106e-06
llp,4.7443506644463106e-06
svn,4.7443506644463106e-06
carpentri,4.7443506644463106e-06
newyork,4.7443506644463106e-06
rtk,4.7443506644463106e-06
graybil,4.7443506644463106e-06
vival,4.7443506644463106e-06
antagonist,4.7443506644463106e-06
plexiti,4.7443506644463106e-06
scar,4.7443506644463106e-06
munici,4.7443506644463106e-06
troop,4.7443506644463106e-06
klt,4.7443506644463106e-06
austan,4.7443506644463106e-06
delgado,4.7443506644463106e-06
thirteenth,4.7443506644463106e-06
silberberg,4.7443506644463106e-06
tac,4.7443506644463106e-06
beli,4.7443506644463106e-06
dft,4.7443506644463106e-06
rir,4.7443506644463106e-06
tki,4.7443506644463106e-06
alyz,4.7443506644463106e-06
frag,4.7443506644463106e-06
raphael,4.7443506644463106e-06
nualli,4.7443506644463106e-06
permeat,4.7443506644463106e-06
gilligan,4.7443506644463106e-06
arl,4.7443506644463106e-06
dobkin,4.7443506644463106e-06
redress,4.7443506644463106e-06
revo,4.7443506644463106e-06
mazzeo,4.7443506644463106e-06
katharin,4.7443506644463106e-06
ktr,4.7443506644463106e-06
nove,4.7443506644463106e-06
aze,4.7443506644463106e-06
lessskil,4.7443506644463106e-06
flint,4.7443506644463106e-06
autono,4.7443506644463106e-06
plo,4.7443506644463106e-06
pricesa,4.7443506644463106e-06
trepreneuri,4.7443506644463106e-06
shum,4.7443506644463106e-06
ferreira,4.7443506644463106e-06
timeli,4.7443506644463106e-06
rationaliz,4.7443506644463106e-06
halpern,4.7443506644463106e-06
aad,4.7443506644463106e-06
grim,4.7443506644463106e-06
californialo,4.7443506644463106e-06
yhi,4.7443506644463106e-06
foi,4.7443506644463106e-06
glect,4.7443506644463106e-06
ngood,4.7443506644463106e-06
allay,4.7443506644463106e-06
dratic,4.7443506644463106e-06
pdv,4.7443506644463106e-06
nbi,4.7443506644463106e-06
crj,4.7443506644463106e-06
onion,4.7443506644463106e-06
uiti,4.7443506644463106e-06
sophisti,4.7443506644463106e-06
jarrel,4.7443506644463106e-06
moon,4.7443506644463106e-06
prelimi,4.7443506644463106e-06
aql,4.7443506644463106e-06
unmea,4.7443506644463106e-06
orgarticlesphp,4.7443506644463106e-06
shoemak,4.7443506644463106e-06
kroneck,4.7443506644463106e-06
tdistribut,4.7443506644463106e-06
shister,4.7443506644463106e-06
consoli,4.7443506644463106e-06
buch,4.7443506644463106e-06
eoe,4.7443506644463106e-06
unleash,4.7443506644463106e-06
abb,4.7443506644463106e-06
bartik,4.7443506644463106e-06
interpola,4.7443506644463106e-06
skinner,4.7443506644463106e-06
yus,4.7443506644463106e-06
fehr,4.7443506644463106e-06
transship,4.7443506644463106e-06
headlin,4.7443506644463106e-06
hemp,4.7443506644463106e-06
anxieti,4.7443506644463106e-06
offend,4.7443506644463106e-06
croom,4.7443506644463106e-06
boserup,4.7443506644463106e-06
joao,4.7443506644463106e-06
eww,4.7443506644463106e-06
cherri,4.7443506644463106e-06
agglomera,4.7443506644463106e-06
moll,4.7443506644463106e-06
percep,4.7443506644463106e-06
bestrespons,4.7443506644463106e-06
xipi,4.7443506644463106e-06
gaseous,4.7443506644463106e-06
conquest,4.7443506644463106e-06
vax,4.7443506644463106e-06
pxo,4.7443506644463106e-06
ymt,4.7443506644463106e-06
tfl,4.7443506644463106e-06
belat,4.7443506644463106e-06
singleton,4.7443506644463106e-06
diametr,4.7443506644463106e-06
beforehand,4.7443506644463106e-06
varr,4.7443506644463106e-06
nonindex,4.7443506644463106e-06
burkart,4.7443506644463106e-06
lsl,4.7443506644463106e-06
fourak,4.7443506644463106e-06
brazer,4.7443506644463106e-06
consortia,4.7443506644463106e-06
resili,4.7443506644463106e-06
berkowitz,4.7443506644463106e-06
ipo,4.7443506644463106e-06
gumbel,4.7443506644463106e-06
lod,4.7443506644463106e-06
gkl,4.7443506644463106e-06
oscillatori,4.7443506644463106e-06
informationgath,4.7443506644463106e-06
makoto,4.7443506644463106e-06
dpc,4.7443506644463106e-06
stag,4.7443506644463106e-06
waldfogel,4.7443506644463106e-06
npp,4.7443506644463106e-06
firmat,4.7443506644463106e-06
aqj,4.7443506644463106e-06
intensi,4.7443506644463106e-06
ironi,4.7443506644463106e-06
portrait,4.7443506644463106e-06
anita,4.7443506644463106e-06
shrank,4.7443506644463106e-06
tramp,4.7443506644463106e-06
hajim,4.7443506644463106e-06
nochang,4.7443506644463106e-06
avner,4.7443506644463106e-06
estimn,4.7443506644463106e-06
agroclimat,4.7443506644463106e-06
swept,4.7443506644463106e-06
plymouth,4.7443506644463106e-06
cleanli,4.7443506644463106e-06
pauli,4.7443506644463106e-06
rnt,4.7443506644463106e-06
cof,4.7443506644463106e-06
xjj,4.7443506644463106e-06
iqr,4.7443506644463106e-06
xjs,4.7443506644463106e-06
mediari,4.7443506644463106e-06
bertrandnash,4.7443506644463106e-06
wkt,4.7443506644463106e-06
dize,4.7443506644463106e-06
nonsampl,4.7443506644463106e-06
herself,4.7443506644463106e-06
xot,4.7443506644463106e-06
lowtech,4.7443506644463106e-06
vocabulari,4.7443506644463106e-06
perpendicular,4.7443506644463106e-06
apx,4.7443506644463106e-06
ljl,4.7443506644463106e-06
adelaid,4.7443506644463106e-06
begg,4.7443506644463106e-06
flock,4.7443506644463106e-06
buckley,4.7443506644463106e-06
hank,4.7443506644463106e-06
gwt,4.7443506644463106e-06
drama,4.7443506644463106e-06
raneous,4.7443506644463106e-06
brokerag,4.7443506644463106e-06
goyal,4.7443506644463106e-06
conscript,4.7443506644463106e-06
felix,4.7443506644463106e-06
nonexclud,4.7443506644463106e-06
barna,4.7443506644463106e-06
wrap,4.7443506644463106e-06
onedimension,4.7443506644463106e-06
tinker,4.7443506644463106e-06
discomfort,4.7443506644463106e-06
cardiovascular,4.7443506644463106e-06
acquaint,4.7443506644463106e-06
eqi,4.7443506644463106e-06
iot,4.7443506644463106e-06
tarif,4.7443506644463106e-06
untreat,4.7443506644463106e-06
dinat,4.7443506644463106e-06
huberwhit,4.7443506644463106e-06
seismic,4.7443506644463106e-06
swere,4.7443506644463106e-06
slowgrow,4.7443506644463106e-06
ooe,4.7443506644463106e-06
ego,4.7443506644463106e-06
scenar,4.7443506644463106e-06
nationallevel,4.7443506644463106e-06
uncomplet,4.7443506644463106e-06
taft,4.7443506644463106e-06
worn,4.7443506644463106e-06
tiplier,4.7443506644463106e-06
dube,4.7443506644463106e-06
asc,4.7443506644463106e-06
periodtoperiod,4.7443506644463106e-06
mint,4.7443506644463106e-06
costat,4.7443506644463106e-06
mortim,4.7443506644463106e-06
vss,4.7443506644463106e-06
tens,4.7443506644463106e-06
redun,4.7443506644463106e-06
typolog,4.7443506644463106e-06
hornstein,4.7443506644463106e-06
zettelmey,4.7443506644463106e-06
southampton,4.7443506644463106e-06
interventionist,4.7443506644463106e-06
adm,4.7443506644463106e-06
lutkepohl,4.7443506644463106e-06
freedman,4.7443506644463106e-06
pervad,4.7443506644463106e-06
hou,4.7443506644463106e-06
yam,4.7443506644463106e-06
littauer,4.7443506644463106e-06
ackerberg,4.7443506644463106e-06
innumer,4.7443506644463106e-06
cellular,4.7443506644463106e-06
tripartit,4.7443506644463106e-06
hunch,4.7443506644463106e-06
klo,4.7443506644463106e-06
taxonom,4.42806062014989e-06
ajn,4.42806062014989e-06
ifpri,4.42806062014989e-06
duopolist,4.42806062014989e-06
pearanc,4.42806062014989e-06
trice,4.42806062014989e-06
inse,4.42806062014989e-06
cki,4.42806062014989e-06
merl,4.42806062014989e-06
inflect,4.42806062014989e-06
anglo,4.42806062014989e-06
agen,4.42806062014989e-06
zloti,4.42806062014989e-06
dull,4.42806062014989e-06
jargon,4.42806062014989e-06
vator,4.42806062014989e-06
brinley,4.42806062014989e-06
stanton,4.42806062014989e-06
gao,4.42806062014989e-06
productivi,4.42806062014989e-06
excerpt,4.42806062014989e-06
kimber,4.42806062014989e-06
unpric,4.42806062014989e-06
swoboda,4.42806062014989e-06
eastward,4.42806062014989e-06
expel,4.42806062014989e-06
salesweight,4.42806062014989e-06
pierc,4.42806062014989e-06
spuri,4.42806062014989e-06
absolv,4.42806062014989e-06
lawson,4.42806062014989e-06
replica,4.42806062014989e-06
oriti,4.42806062014989e-06
handler,4.42806062014989e-06
rtdt,4.42806062014989e-06
cln,4.42806062014989e-06
suresh,4.42806062014989e-06
borhood,4.42806062014989e-06
nonfeder,4.42806062014989e-06
axj,4.42806062014989e-06
arj,4.42806062014989e-06
leaderfollow,4.42806062014989e-06
uma,4.42806062014989e-06
xxxx,4.42806062014989e-06
riv,4.42806062014989e-06
addendum,4.42806062014989e-06
coalmin,4.42806062014989e-06
timelin,4.42806062014989e-06
replant,4.42806062014989e-06
remiss,4.42806062014989e-06
braga,4.42806062014989e-06
lou,4.42806062014989e-06
bere,4.42806062014989e-06
firemen,4.42806062014989e-06
underneath,4.42806062014989e-06
kristian,4.42806062014989e-06
nongovern,4.42806062014989e-06
searl,4.42806062014989e-06
reshap,4.42806062014989e-06
schaffer,4.42806062014989e-06
origindestin,4.42806062014989e-06
monacelli,4.42806062014989e-06
aoki,4.42806062014989e-06
bbc,4.42806062014989e-06
ramon,4.42806062014989e-06
lshape,4.42806062014989e-06
carey,4.42806062014989e-06
ignit,4.42806062014989e-06
diana,4.42806062014989e-06
mahajan,4.42806062014989e-06
yjl,4.42806062014989e-06
dyn,4.42806062014989e-06
telecommuni,4.42806062014989e-06
herv,4.42806062014989e-06
dpw,4.42806062014989e-06
caf,4.42806062014989e-06
hell,4.42806062014989e-06
oom,4.42806062014989e-06
gii,4.42806062014989e-06
daa,4.42806062014989e-06
gravel,4.42806062014989e-06
workrel,4.42806062014989e-06
weintraub,4.42806062014989e-06
nondifferenti,4.42806062014989e-06
dudt,4.42806062014989e-06
koujianou,4.42806062014989e-06
sandwich,4.42806062014989e-06
whitak,4.42806062014989e-06
rosett,4.42806062014989e-06
absorp,4.42806062014989e-06
thisjourn,4.42806062014989e-06
mtn,4.42806062014989e-06
workingclass,4.42806062014989e-06
preannounc,4.42806062014989e-06
edp,4.42806062014989e-06
trop,4.42806062014989e-06
lacroix,4.42806062014989e-06
tarian,4.42806062014989e-06
refinanc,4.42806062014989e-06
waltham,4.42806062014989e-06
aptitud,4.42806062014989e-06
mcl,4.42806062014989e-06
shopkeep,4.42806062014989e-06
omb,4.42806062014989e-06
alx,4.42806062014989e-06
tabil,4.42806062014989e-06
nan,4.42806062014989e-06
evit,4.42806062014989e-06
contributori,4.42806062014989e-06
incorporat,4.42806062014989e-06
roc,4.42806062014989e-06
sso,4.42806062014989e-06
prelud,4.42806062014989e-06
normaliza,4.42806062014989e-06
justidentifi,4.42806062014989e-06
qrt,4.42806062014989e-06
dtt,4.42806062014989e-06
textual,4.42806062014989e-06
quin,4.42806062014989e-06
dividendpric,4.42806062014989e-06
yri,4.42806062014989e-06
withinyear,4.42806062014989e-06
colunm,4.42806062014989e-06
sieg,4.42806062014989e-06
iab,4.42806062014989e-06
chaser,4.42806062014989e-06
cqq,4.42806062014989e-06
sanchez,4.42806062014989e-06
uxt,4.42806062014989e-06
trendless,4.42806062014989e-06
izer,4.42806062014989e-06
juxtapos,4.42806062014989e-06
microelectron,4.42806062014989e-06
txi,4.42806062014989e-06
cac,4.42806062014989e-06
threecountri,4.42806062014989e-06
selfinsur,4.42806062014989e-06
igt,4.42806062014989e-06
lowli,4.42806062014989e-06
uhl,4.42806062014989e-06
alh,4.42806062014989e-06
farthest,4.42806062014989e-06
pieter,4.42806062014989e-06
inconceiv,4.42806062014989e-06
henrik,4.42806062014989e-06
aao,4.42806062014989e-06
mismea,4.42806062014989e-06
curva,4.42806062014989e-06
paq,4.42806062014989e-06
postcommunist,4.42806062014989e-06
uncom,4.42806062014989e-06
fnn,4.42806062014989e-06
tommaso,4.42806062014989e-06
subcom,4.42806062014989e-06
koenker,4.42806062014989e-06
indexa,4.42806062014989e-06
jil,4.42806062014989e-06
mcgill,4.42806062014989e-06
fireston,4.42806062014989e-06
kantor,4.42806062014989e-06
aap,4.42806062014989e-06
shultz,4.42806062014989e-06
senger,4.42806062014989e-06
morten,4.42806062014989e-06
wpf,4.42806062014989e-06
smallsiz,4.42806062014989e-06
trickledown,4.42806062014989e-06
lung,4.42806062014989e-06
rivat,4.42806062014989e-06
iam,4.42806062014989e-06
elti,4.42806062014989e-06
darrel,4.42806062014989e-06
noneconomist,4.42806062014989e-06
eil,4.42806062014989e-06
untrunc,4.42806062014989e-06
secondaryschool,4.42806062014989e-06
inop,4.42806062014989e-06
unpopular,4.42806062014989e-06
irrel,4.42806062014989e-06
recordkeep,4.42806062014989e-06
iness,4.42806062014989e-06
fresno,4.42806062014989e-06
moneywag,4.42806062014989e-06
innoc,4.42806062014989e-06
hubert,4.42806062014989e-06
bestknown,4.42806062014989e-06
conjec,4.42806062014989e-06
separat,4.42806062014989e-06
leeper,4.42806062014989e-06
ginsburgh,4.42806062014989e-06
ctj,4.42806062014989e-06
trd,4.42806062014989e-06
heim,4.42806062014989e-06
overtaken,4.42806062014989e-06
xhi,4.42806062014989e-06
hirepurchas,4.42806062014989e-06
misalloca,4.42806062014989e-06
seventyfour,4.42806062014989e-06
molli,4.42806062014989e-06
dwa,4.42806062014989e-06
glimps,4.42806062014989e-06
laborcost,4.42806062014989e-06
nonpolici,4.42806062014989e-06
malaria,4.42806062014989e-06
paraphras,4.42806062014989e-06
seater,4.42806062014989e-06
dollarfordollar,4.42806062014989e-06
chun,4.42806062014989e-06
golf,4.42806062014989e-06
onn,4.42806062014989e-06
cremer,4.42806062014989e-06
wlm,4.42806062014989e-06
zeromean,4.42806062014989e-06
dwi,4.42806062014989e-06
poy,4.42806062014989e-06
heed,4.42806062014989e-06
conom,4.42806062014989e-06
equals,4.42806062014989e-06
nonrat,4.42806062014989e-06
hur,4.42806062014989e-06
uyt,4.42806062014989e-06
productpric,4.42806062014989e-06
residen,4.42806062014989e-06
menial,4.42806062014989e-06
pam,4.42806062014989e-06
mller,4.42806062014989e-06
revok,4.42806062014989e-06
kmax,4.42806062014989e-06
shouldnt,4.42806062014989e-06
afdc,4.42806062014989e-06
idb,4.42806062014989e-06
tko,4.42806062014989e-06
iif,4.42806062014989e-06
xtv,4.42806062014989e-06
fap,4.42806062014989e-06
loungani,4.42806062014989e-06
trapezoid,4.42806062014989e-06
shimer,4.42806062014989e-06
winer,4.42806062014989e-06
zen,4.42806062014989e-06
nct,4.42806062014989e-06
str,4.42806062014989e-06
nonrespond,4.42806062014989e-06
pigouvian,4.42806062014989e-06
blum,4.42806062014989e-06
gwartney,4.42806062014989e-06
crat,4.42806062014989e-06
astatist,4.42806062014989e-06
wsj,4.42806062014989e-06
cou,4.42806062014989e-06
notifi,4.42806062014989e-06
tone,4.42806062014989e-06
cergeei,4.42806062014989e-06
igl,4.42806062014989e-06
uhlig,4.42806062014989e-06
mds,4.42806062014989e-06
mograph,4.42806062014989e-06
nda,4.42806062014989e-06
outputinfl,4.42806062014989e-06
tfi,4.42806062014989e-06
capron,4.42806062014989e-06
melissa,4.42806062014989e-06
pql,4.42806062014989e-06
dci,4.42806062014989e-06
oro,4.42806062014989e-06
cumbi,4.42806062014989e-06
dtl,4.42806062014989e-06
burkhaus,4.42806062014989e-06
deadlin,4.42806062014989e-06
tatonn,4.42806062014989e-06
skedast,4.42806062014989e-06
undergradu,4.42806062014989e-06
rudebusch,4.42806062014989e-06
nni,4.42806062014989e-06
setasid,4.42806062014989e-06
rabil,4.42806062014989e-06
amortis,4.42806062014989e-06
busch,4.42806062014989e-06
yjk,4.42806062014989e-06
vtt,4.42806062014989e-06
cour,4.42806062014989e-06
slippag,4.42806062014989e-06
companyspecif,4.42806062014989e-06
wjj,4.42806062014989e-06
prometheus,4.42806062014989e-06
erk,4.42806062014989e-06
overse,4.42806062014989e-06
kegan,4.42806062014989e-06
eyk,4.42806062014989e-06
riddl,4.42806062014989e-06
oft,4.42806062014989e-06
blt,4.42806062014989e-06
salmon,4.42806062014989e-06
xps,4.42806062014989e-06
whiskey,4.42806062014989e-06
eio,4.42806062014989e-06
ticat,4.42806062014989e-06
ayb,4.42806062014989e-06
startz,4.42806062014989e-06
hollist,4.42806062014989e-06
academia,4.42806062014989e-06
alphabet,4.42806062014989e-06
hnn,4.42806062014989e-06
opi,4.42806062014989e-06
gambler,4.42806062014989e-06
keyston,4.42806062014989e-06
shinkai,4.42806062014989e-06
dwyer,4.42806062014989e-06
tro,4.42806062014989e-06
srensen,4.42806062014989e-06
collardwexl,4.42806062014989e-06
aso,4.42806062014989e-06
colder,4.42806062014989e-06
forcibl,4.42806062014989e-06
eei,4.42806062014989e-06
galton,4.42806062014989e-06
periodi,4.42806062014989e-06
idem,4.42806062014989e-06
richter,4.42806062014989e-06
janic,4.42806062014989e-06
triffin,4.42806062014989e-06
salvator,4.42806062014989e-06
pxp,4.42806062014989e-06
iet,4.42806062014989e-06
kjetil,4.42806062014989e-06
alnd,4.42806062014989e-06
beaulieu,4.42806062014989e-06
extravag,4.42806062014989e-06
flationari,4.42806062014989e-06
esx,4.42806062014989e-06
filer,4.42806062014989e-06
herschel,4.42806062014989e-06
wound,4.42806062014989e-06
pcj,4.42806062014989e-06
popi,4.42806062014989e-06
tooth,4.42806062014989e-06
ddd,4.42806062014989e-06
journeymen,4.42806062014989e-06
jtest,4.42806062014989e-06
saddlepoint,4.42806062014989e-06
qlo,4.42806062014989e-06
shirker,4.42806062014989e-06
ogous,4.42806062014989e-06
porarili,4.42806062014989e-06
riskreturn,4.42806062014989e-06
smug,4.42806062014989e-06
dpx,4.42806062014989e-06
ruler,4.42806062014989e-06
nonadopt,4.42806062014989e-06
perplex,4.42806062014989e-06
pkp,4.42806062014989e-06
dyd,4.42806062014989e-06
wreck,4.42806062014989e-06
instan,4.42806062014989e-06
cyd,4.42806062014989e-06
preoccupi,4.42806062014989e-06
howel,4.42806062014989e-06
stifl,4.42806062014989e-06
gustafson,4.42806062014989e-06
binghamton,4.42806062014989e-06
wheth,4.42806062014989e-06
jpj,4.42806062014989e-06
companywid,4.42806062014989e-06
doubleday,4.42806062014989e-06
withinsampl,4.42806062014989e-06
llc,4.42806062014989e-06
weekday,4.42806062014989e-06
scrambl,4.42806062014989e-06
glob,4.42806062014989e-06
goldfarb,4.42806062014989e-06
backlash,4.42806062014989e-06
immut,4.42806062014989e-06
oor,4.42806062014989e-06
amn,4.42806062014989e-06
seak,4.42806062014989e-06
biographi,4.42806062014989e-06
sessment,4.42806062014989e-06
marjori,4.42806062014989e-06
qmt,4.42806062014989e-06
ofer,4.42806062014989e-06
prekeynesian,4.42806062014989e-06
beset,4.42806062014989e-06
supermodular,4.42806062014989e-06
qfq,4.42806062014989e-06
procter,4.42806062014989e-06
premarket,4.42806062014989e-06
kogut,4.42806062014989e-06
ezra,4.42806062014989e-06
acq,4.42806062014989e-06
goo,4.42806062014989e-06
appleton,4.42806062014989e-06
zhi,4.42806062014989e-06
hiroyuki,4.42806062014989e-06
pirat,4.42806062014989e-06
careless,4.42806062014989e-06
suffrag,4.42806062014989e-06
workmen,4.42806062014989e-06
coumot,4.42806062014989e-06
prohibi,4.42806062014989e-06
ros,4.42806062014989e-06
gio,4.42806062014989e-06
diplomat,4.42806062014989e-06
instruc,4.42806062014989e-06
chou,4.42806062014989e-06
dial,4.42806062014989e-06
nobuhiro,4.42806062014989e-06
selfexplanatori,4.42806062014989e-06
sio,4.42806062014989e-06
vtl,4.42806062014989e-06
bti,4.42806062014989e-06
cashin,4.42806062014989e-06
pletion,4.42806062014989e-06
irx,4.42806062014989e-06
epe,4.42806062014989e-06
dare,4.42806062014989e-06
enquir,4.42806062014989e-06
ayo,4.42806062014989e-06
brittain,4.42806062014989e-06
onl,4.42806062014989e-06
cdi,4.42806062014989e-06
kwan,4.42806062014989e-06
mirag,4.42806062014989e-06
altman,4.42806062014989e-06
exponen,4.42806062014989e-06
liang,4.42806062014989e-06
cordoba,4.42806062014989e-06
jeanjacqu,4.42806062014989e-06
jeong,4.42806062014989e-06
plianc,4.42806062014989e-06
distast,4.42806062014989e-06
spoken,4.42806062014989e-06
dpa,4.42806062014989e-06
expf,4.42806062014989e-06
salani,4.42806062014989e-06
insati,4.42806062014989e-06
nonfuel,4.42806062014989e-06
modelgener,4.42806062014989e-06
repar,4.42806062014989e-06
yol,4.42806062014989e-06
dlx,4.42806062014989e-06
pire,4.42806062014989e-06
bec,4.42806062014989e-06
serra,4.42806062014989e-06
soskic,4.42806062014989e-06
undetermin,4.42806062014989e-06
kik,4.42806062014989e-06
firstround,4.42806062014989e-06
barron,4.42806062014989e-06
axit,4.42806062014989e-06
multicollin,4.42806062014989e-06
tria,4.42806062014989e-06
inada,4.42806062014989e-06
ftr,4.42806062014989e-06
thir,4.42806062014989e-06
wav,4.42806062014989e-06
tralize,4.42806062014989e-06
yingyi,4.42806062014989e-06
sheridan,4.42806062014989e-06
caliendo,4.42806062014989e-06
drr,4.42806062014989e-06
lts,4.42806062014989e-06
nonparamet,4.42806062014989e-06
smet,4.42806062014989e-06
currentdollar,4.42806062014989e-06
rage,4.42806062014989e-06
majoritarian,4.42806062014989e-06
interfac,4.42806062014989e-06
dobel,4.42806062014989e-06
quantum,4.42806062014989e-06
sweeten,4.42806062014989e-06
fth,4.42806062014989e-06
courtesi,4.42806062014989e-06
anf,4.42806062014989e-06
bottomup,4.42806062014989e-06
mcpherson,4.42806062014989e-06
pseudor,4.42806062014989e-06
driv,4.42806062014989e-06
differencesindiffer,4.42806062014989e-06
burrow,4.42806062014989e-06
tho,4.42806062014989e-06
dwr,4.42806062014989e-06
tsi,4.42806062014989e-06
aristocraci,4.42806062014989e-06
daylight,4.42806062014989e-06
lpj,4.42806062014989e-06
ellingsen,4.42806062014989e-06
kern,4.42806062014989e-06
vid,4.42806062014989e-06
cdn,4.42806062014989e-06
inb,4.42806062014989e-06
disorgan,4.42806062014989e-06
formulari,4.42806062014989e-06
assam,4.42806062014989e-06
qiq,4.42806062014989e-06
nonsubstitut,4.42806062014989e-06
aall,4.42806062014989e-06
drl,4.42806062014989e-06
aww,4.42806062014989e-06
manifesto,4.42806062014989e-06
dxd,4.42806062014989e-06
unwind,4.42806062014989e-06
gibson,4.42806062014989e-06
monocentr,4.42806062014989e-06
lantic,4.42806062014989e-06
ctf,4.42806062014989e-06
newark,4.42806062014989e-06
rivlin,4.42806062014989e-06
adversari,4.42806062014989e-06
tir,4.42806062014989e-06
pds,4.42806062014989e-06
curiti,4.42806062014989e-06
nouriel,4.42806062014989e-06
pib,4.42806062014989e-06
tarshi,4.42806062014989e-06
veto,4.42806062014989e-06
repetto,4.42806062014989e-06
mclaughlin,4.42806062014989e-06
weidenfeld,4.42806062014989e-06
reran,4.42806062014989e-06
unhappi,4.42806062014989e-06
meanpreserv,4.42806062014989e-06
makework,4.42806062014989e-06
fortin,4.42806062014989e-06
ideo,4.42806062014989e-06
perrin,4.42806062014989e-06
ptk,4.42806062014989e-06
bib,4.42806062014989e-06
fixedterm,4.42806062014989e-06
mathewson,4.42806062014989e-06
piecework,4.42806062014989e-06
hwt,4.42806062014989e-06
demanddetermin,4.111770575853469e-06
spp,4.111770575853469e-06
foreshadow,4.111770575853469e-06
nerabl,4.111770575853469e-06
discountr,4.111770575853469e-06
toc,4.111770575853469e-06
ajl,4.111770575853469e-06
iht,4.111770575853469e-06
xkx,4.111770575853469e-06
shavel,4.111770575853469e-06
abo,4.111770575853469e-06
ister,4.111770575853469e-06
continua,4.111770575853469e-06
dastic,4.111770575853469e-06
agit,4.111770575853469e-06
cup,4.111770575853469e-06
hypotheti,4.111770575853469e-06
sankar,4.111770575853469e-06
salai,4.111770575853469e-06
vsl,4.111770575853469e-06
roback,4.111770575853469e-06
balloon,4.111770575853469e-06
glasswar,4.111770575853469e-06
pnce,4.111770575853469e-06
brownle,4.111770575853469e-06
riag,4.111770575853469e-06
solon,4.111770575853469e-06
fewest,4.111770575853469e-06
xxt,4.111770575853469e-06
eventstudi,4.111770575853469e-06
xmx,4.111770575853469e-06
ordinaryleastsquar,4.111770575853469e-06
ipk,4.111770575853469e-06
swt,4.111770575853469e-06
maneuv,4.111770575853469e-06
prospectus,4.111770575853469e-06
wellorgan,4.111770575853469e-06
canci,4.111770575853469e-06
chesher,4.111770575853469e-06
preassign,4.111770575853469e-06
preva,4.111770575853469e-06
sts,4.111770575853469e-06
capitaldeepen,4.111770575853469e-06
grantsinaid,4.111770575853469e-06
xcvii,4.111770575853469e-06
rumania,4.111770575853469e-06
pitman,4.111770575853469e-06
cecil,4.111770575853469e-06
dles,4.111770575853469e-06
interjurisdict,4.111770575853469e-06
benzion,4.111770575853469e-06
midrigan,4.111770575853469e-06
selma,4.111770575853469e-06
pagano,4.111770575853469e-06
unsati,4.111770575853469e-06
agt,4.111770575853469e-06
soak,4.111770575853469e-06
fosd,4.111770575853469e-06
manuelli,4.111770575853469e-06
maj,4.111770575853469e-06
finkelstein,4.111770575853469e-06
mathematician,4.111770575853469e-06
iro,4.111770575853469e-06
reali,4.111770575853469e-06
otk,4.111770575853469e-06
pitl,4.111770575853469e-06
departamento,4.111770575853469e-06
economni,4.111770575853469e-06
sfp,4.111770575853469e-06
supremaci,4.111770575853469e-06
outstrip,4.111770575853469e-06
vrt,4.111770575853469e-06
equilibri,4.111770575853469e-06
toplevel,4.111770575853469e-06
greensboro,4.111770575853469e-06
awr,4.111770575853469e-06
wealthhold,4.111770575853469e-06
joann,4.111770575853469e-06
ysr,4.111770575853469e-06
eaj,4.111770575853469e-06
phds,4.111770575853469e-06
handel,4.111770575853469e-06
bfa,4.111770575853469e-06
reinstat,4.111770575853469e-06
rrl,4.111770575853469e-06
peal,4.111770575853469e-06
sweder,4.111770575853469e-06
lom,4.111770575853469e-06
teststatist,4.111770575853469e-06
relabel,4.111770575853469e-06
vere,4.111770575853469e-06
bristl,4.111770575853469e-06
aht,4.111770575853469e-06
consumptionsmooth,4.111770575853469e-06
ctl,4.111770575853469e-06
epm,4.111770575853469e-06
complish,4.111770575853469e-06
terize,4.111770575853469e-06
xjo,4.111770575853469e-06
grab,4.111770575853469e-06
underem,4.111770575853469e-06
som,4.111770575853469e-06
broner,4.111770575853469e-06
lockout,4.111770575853469e-06
sellekaert,4.111770575853469e-06
psp,4.111770575853469e-06
xdx,4.111770575853469e-06
stir,4.111770575853469e-06
aui,4.111770575853469e-06
nairobi,4.111770575853469e-06
bcc,4.111770575853469e-06
inela,4.111770575853469e-06
ajit,4.111770575853469e-06
odt,4.111770575853469e-06
cmt,4.111770575853469e-06
lockwood,4.111770575853469e-06
rhythm,4.111770575853469e-06
bulg,4.111770575853469e-06
prepared,4.111770575853469e-06
involun,4.111770575853469e-06
threeperiod,4.111770575853469e-06
saddlepath,4.111770575853469e-06
mji,4.111770575853469e-06
jare,4.111770575853469e-06
ciari,4.111770575853469e-06
yqt,4.111770575853469e-06
katrina,4.111770575853469e-06
cordanc,4.111770575853469e-06
inert,4.111770575853469e-06
muner,4.111770575853469e-06
wesleyan,4.111770575853469e-06
irp,4.111770575853469e-06
taxexempt,4.111770575853469e-06
ylo,4.111770575853469e-06
xdp,4.111770575853469e-06
sart,4.111770575853469e-06
turk,4.111770575853469e-06
disin,4.111770575853469e-06
pinter,4.111770575853469e-06
intoler,4.111770575853469e-06
cooki,4.111770575853469e-06
misgiv,4.111770575853469e-06
jej,4.111770575853469e-06
sid,4.111770575853469e-06
fgls,4.111770575853469e-06
revenueneutr,4.111770575853469e-06
herring,4.111770575853469e-06
survivorship,4.111770575853469e-06
furni,4.111770575853469e-06
evaluat,4.111770575853469e-06
braverman,4.111770575853469e-06
qpt,4.111770575853469e-06
sunflow,4.111770575853469e-06
lanzillotti,4.111770575853469e-06
tjs,4.111770575853469e-06
acd,4.111770575853469e-06
scandal,4.111770575853469e-06
elk,4.111770575853469e-06
inflationtarget,4.111770575853469e-06
rks,4.111770575853469e-06
tarki,4.111770575853469e-06
amo,4.111770575853469e-06
takeitorleaveit,4.111770575853469e-06
pho,4.111770575853469e-06
fzz,4.111770575853469e-06
cason,4.111770575853469e-06
daw,4.111770575853469e-06
systemwid,4.111770575853469e-06
caliti,4.111770575853469e-06
reced,4.111770575853469e-06
stave,4.111770575853469e-06
octobernovemb,4.111770575853469e-06
industrybyindustri,4.111770575853469e-06
categoris,4.111770575853469e-06
tos,4.111770575853469e-06
wagechang,4.111770575853469e-06
initia,4.111770575853469e-06
greenstein,4.111770575853469e-06
efficien,4.111770575853469e-06
noa,4.111770575853469e-06
ssl,4.111770575853469e-06
sedentari,4.111770575853469e-06
beat,4.111770575853469e-06
uto,4.111770575853469e-06
reemphas,4.111770575853469e-06
specu,4.111770575853469e-06
cay,4.111770575853469e-06
unim,4.111770575853469e-06
caprici,4.111770575853469e-06
guest,4.111770575853469e-06
bocconi,4.111770575853469e-06
rajasthan,4.111770575853469e-06
quisit,4.111770575853469e-06
repossess,4.111770575853469e-06
itk,4.111770575853469e-06
exclusionari,4.111770575853469e-06
milgat,4.111770575853469e-06
gerd,4.111770575853469e-06
spann,4.111770575853469e-06
rateof,4.111770575853469e-06
gut,4.111770575853469e-06
tulat,4.111770575853469e-06
snyder,4.111770575853469e-06
burial,4.111770575853469e-06
vib,4.111770575853469e-06
currentvalu,4.111770575853469e-06
mba,4.111770575853469e-06
mohammad,4.111770575853469e-06
montecarlo,4.111770575853469e-06
nonhomo,4.111770575853469e-06
tieth,4.111770575853469e-06
miscella,4.111770575853469e-06
fronm,4.111770575853469e-06
staterun,4.111770575853469e-06
feigenbaum,4.111770575853469e-06
incremen,4.111770575853469e-06
dgi,4.111770575853469e-06
tomobil,4.111770575853469e-06
ipit,4.111770575853469e-06
fot,4.111770575853469e-06
trio,4.111770575853469e-06
choicetheoret,4.111770575853469e-06
seer,4.111770575853469e-06
dollardenomin,4.111770575853469e-06
originat,4.111770575853469e-06
guthri,4.111770575853469e-06
sey,4.111770575853469e-06
airway,4.111770575853469e-06
ivvi,4.111770575853469e-06
fmi,4.111770575853469e-06
islm,4.111770575853469e-06
greas,4.111770575853469e-06
scranton,4.111770575853469e-06
boddi,4.111770575853469e-06
byj,4.111770575853469e-06
incl,4.111770575853469e-06
turnaround,4.111770575853469e-06
fos,4.111770575853469e-06
anova,4.111770575853469e-06
laibson,4.111770575853469e-06
macaulay,4.111770575853469e-06
wrigley,4.111770575853469e-06
riley,4.111770575853469e-06
wouldnt,4.111770575853469e-06
skk,4.111770575853469e-06
indetermi,4.111770575853469e-06
iiy,4.111770575853469e-06
appalachian,4.111770575853469e-06
abnor,4.111770575853469e-06
wpt,4.111770575853469e-06
tarili,4.111770575853469e-06
ancecovari,4.111770575853469e-06
indet,4.111770575853469e-06
nourish,4.111770575853469e-06
fmm,4.111770575853469e-06
sudhir,4.111770575853469e-06
nient,4.111770575853469e-06
michal,4.111770575853469e-06
alenc,4.111770575853469e-06
wri,4.111770575853469e-06
universitv,4.111770575853469e-06
rcc,4.111770575853469e-06
entangl,4.111770575853469e-06
dws,4.111770575853469e-06
sounder,4.111770575853469e-06
tlle,4.111770575853469e-06
goldstandard,4.111770575853469e-06
ltj,4.111770575853469e-06
entrylevel,4.111770575853469e-06
dui,4.111770575853469e-06
biometr,4.111770575853469e-06
foc,4.111770575853469e-06
erj,4.111770575853469e-06
awf,4.111770575853469e-06
greenspan,4.111770575853469e-06
treacher,4.111770575853469e-06
lxt,4.111770575853469e-06
ptz,4.111770575853469e-06
hostcountri,4.111770575853469e-06
michio,4.111770575853469e-06
countyspecif,4.111770575853469e-06
erland,4.111770575853469e-06
crossroad,4.111770575853469e-06
anew,4.111770575853469e-06
unapp,4.111770575853469e-06
growtha,4.111770575853469e-06
flavour,4.111770575853469e-06
decor,4.111770575853469e-06
bachelor,4.111770575853469e-06
ngo,4.111770575853469e-06
homework,4.111770575853469e-06
jewel,4.111770575853469e-06
firmj,4.111770575853469e-06
valencia,4.111770575853469e-06
reuber,4.111770575853469e-06
dragon,4.111770575853469e-06
medianvot,4.111770575853469e-06
conspir,4.111770575853469e-06
preemption,4.111770575853469e-06
fjj,4.111770575853469e-06
dxn,4.111770575853469e-06
stk,4.111770575853469e-06
cart,4.111770575853469e-06
genesi,4.111770575853469e-06
ibi,4.111770575853469e-06
yves,4.111770575853469e-06
wellsuit,4.111770575853469e-06
folklor,4.111770575853469e-06
italic,4.111770575853469e-06
cellan,4.111770575853469e-06
clementi,4.111770575853469e-06
recount,4.111770575853469e-06
provincelevel,4.111770575853469e-06
templat,4.111770575853469e-06
localis,4.111770575853469e-06
aestim,4.111770575853469e-06
inm,4.111770575853469e-06
xst,4.111770575853469e-06
evant,4.111770575853469e-06
thirtythre,4.111770575853469e-06
microfilm,4.111770575853469e-06
assem,4.111770575853469e-06
vli,4.111770575853469e-06
tionabl,4.111770575853469e-06
tvi,4.111770575853469e-06
spotmarket,4.111770575853469e-06
shlomo,4.111770575853469e-06
unionmanag,4.111770575853469e-06
furthest,4.111770575853469e-06
tuat,4.111770575853469e-06
immatur,4.111770575853469e-06
eldest,4.111770575853469e-06
neurial,4.111770575853469e-06
eir,4.111770575853469e-06
claremont,4.111770575853469e-06
terra,4.111770575853469e-06
dogma,4.111770575853469e-06
vfr,4.111770575853469e-06
ergod,4.111770575853469e-06
solver,4.111770575853469e-06
rnj,4.111770575853469e-06
frey,4.111770575853469e-06
cogan,4.111770575853469e-06
randmcnal,4.111770575853469e-06
jis,4.111770575853469e-06
endless,4.111770575853469e-06
lkt,4.111770575853469e-06
universi,4.111770575853469e-06
augustus,4.111770575853469e-06
yyo,4.111770575853469e-06
archi,4.111770575853469e-06
ding,4.111770575853469e-06
minski,4.111770575853469e-06
osi,4.111770575853469e-06
submatric,4.111770575853469e-06
carrot,4.111770575853469e-06
bwt,4.111770575853469e-06
wynn,4.111770575853469e-06
laser,4.111770575853469e-06
rsp,4.111770575853469e-06
macrovari,4.111770575853469e-06
euu,4.111770575853469e-06
mobilis,4.111770575853469e-06
zin,4.111770575853469e-06
mushkin,4.111770575853469e-06
fco,4.111770575853469e-06
mobarak,4.111770575853469e-06
tient,4.111770575853469e-06
bourg,4.111770575853469e-06
sanguin,4.111770575853469e-06
proctor,4.111770575853469e-06
tercept,4.111770575853469e-06
alton,4.111770575853469e-06
straddl,4.111770575853469e-06
decent,4.111770575853469e-06
navin,4.111770575853469e-06
aej,4.111770575853469e-06
prepay,4.111770575853469e-06
kain,4.111770575853469e-06
sfs,4.111770575853469e-06
wheaton,4.111770575853469e-06
lpn,4.111770575853469e-06
kapit,4.111770575853469e-06
econmico,4.111770575853469e-06
walton,4.111770575853469e-06
appropria,4.111770575853469e-06
olg,4.111770575853469e-06
bkj,4.111770575853469e-06
abd,4.111770575853469e-06
sober,4.111770575853469e-06
fournal,4.111770575853469e-06
piyi,4.111770575853469e-06
antra,4.111770575853469e-06
hsi,4.111770575853469e-06
wvith,4.111770575853469e-06
vpi,4.111770575853469e-06
mothet,4.111770575853469e-06
foil,4.111770575853469e-06
ecta,4.111770575853469e-06
expl,4.111770575853469e-06
instat,4.111770575853469e-06
gre,4.111770575853469e-06
visser,4.111770575853469e-06
upperincom,4.111770575853469e-06
evv,4.111770575853469e-06
midsixti,4.111770575853469e-06
compensat,4.111770575853469e-06
iren,4.111770575853469e-06
bursement,4.111770575853469e-06
induistri,4.111770575853469e-06
lik,4.111770575853469e-06
ingo,4.111770575853469e-06
grappl,4.111770575853469e-06
accret,4.111770575853469e-06
obvers,4.111770575853469e-06
flowoffund,4.111770575853469e-06
parallelogram,4.111770575853469e-06
revew,4.111770575853469e-06
efect,4.111770575853469e-06
gaston,4.111770575853469e-06
pijt,4.111770575853469e-06
nnl,4.111770575853469e-06
spx,4.111770575853469e-06
bei,4.111770575853469e-06
rationaliza,4.111770575853469e-06
carryforward,4.111770575853469e-06
alw,4.111770575853469e-06
undevelop,4.111770575853469e-06
impossi,4.111770575853469e-06
lea,4.111770575853469e-06
jkl,4.111770575853469e-06
xerox,4.111770575853469e-06
kau,4.111770575853469e-06
meckl,4.111770575853469e-06
comit,4.111770575853469e-06
jar,4.111770575853469e-06
rip,4.111770575853469e-06
peti,4.111770575853469e-06
cpd,4.111770575853469e-06
unsur,4.111770575853469e-06
chandis,4.111770575853469e-06
alok,4.111770575853469e-06
xqt,4.111770575853469e-06
crra,4.111770575853469e-06
css,4.111770575853469e-06
lederman,4.111770575853469e-06
ake,4.111770575853469e-06
xpi,4.111770575853469e-06
fem,4.111770575853469e-06
subopti,4.111770575853469e-06
stirl,4.111770575853469e-06
aem,4.111770575853469e-06
iix,4.111770575853469e-06
demandinduc,4.111770575853469e-06
indiscrimin,4.111770575853469e-06
ieee,4.111770575853469e-06
inh,4.111770575853469e-06
bqt,4.111770575853469e-06
postshock,4.111770575853469e-06
oqo,4.111770575853469e-06
retest,4.111770575853469e-06
impass,4.111770575853469e-06
circu,4.111770575853469e-06
prey,4.111770575853469e-06
prei,4.111770575853469e-06
patel,4.111770575853469e-06
xyi,4.111770575853469e-06
lle,4.111770575853469e-06
twofirm,4.111770575853469e-06
slug,4.111770575853469e-06
nid,4.111770575853469e-06
bik,4.111770575853469e-06
institutionalist,4.111770575853469e-06
olkin,4.111770575853469e-06
welsh,4.111770575853469e-06
lossmak,4.111770575853469e-06
hirofumi,4.111770575853469e-06
guangdong,4.111770575853469e-06
ageeduc,4.111770575853469e-06
elimina,4.111770575853469e-06
themodel,4.111770575853469e-06
telmer,4.111770575853469e-06
rvt,4.111770575853469e-06
gotiat,4.111770575853469e-06
regroup,4.111770575853469e-06
plog,4.111770575853469e-06
thicker,4.111770575853469e-06
generaliz,4.111770575853469e-06
elog,4.111770575853469e-06
perfectforesight,4.111770575853469e-06
boo,4.111770575853469e-06
kct,4.111770575853469e-06
pjl,4.111770575853469e-06
olympia,4.111770575853469e-06
bgt,4.111770575853469e-06
guo,4.111770575853469e-06
fixedpoint,4.111770575853469e-06
palat,4.111770575853469e-06
logyi,4.111770575853469e-06
franck,4.111770575853469e-06
intui,4.111770575853469e-06
prl,4.111770575853469e-06
gue,4.111770575853469e-06
recombin,4.111770575853469e-06
scarcer,4.111770575853469e-06
pluse,4.111770575853469e-06
lto,4.111770575853469e-06
chlorin,4.111770575853469e-06
duck,4.111770575853469e-06
irq,4.111770575853469e-06
vexiti,4.111770575853469e-06
corri,4.111770575853469e-06
empow,4.111770575853469e-06
ppc,4.111770575853469e-06
vht,4.111770575853469e-06
ocq,4.111770575853469e-06
quigley,4.111770575853469e-06
dore,4.111770575853469e-06
olut,4.111770575853469e-06
pricesth,4.111770575853469e-06
lemat,4.111770575853469e-06
chic,4.111770575853469e-06
econi,4.111770575853469e-06
rical,4.111770575853469e-06
davanzo,4.111770575853469e-06
regimen,4.111770575853469e-06
lbi,4.111770575853469e-06
cepii,4.111770575853469e-06
averagecost,4.111770575853469e-06
pgt,4.111770575853469e-06
gus,4.111770575853469e-06
fourteenth,4.111770575853469e-06
rdj,4.111770575853469e-06
springfield,4.111770575853469e-06
hail,4.111770575853469e-06
herfindahlhirschman,4.111770575853469e-06
vti,4.111770575853469e-06
granick,4.111770575853469e-06
rni,3.7954805315570484e-06
basecas,3.7954805315570484e-06
landri,3.7954805315570484e-06
britannica,3.7954805315570484e-06
socioeco,3.7954805315570484e-06
kick,3.7954805315570484e-06
incomeconsumpt,3.7954805315570484e-06
almanac,3.7954805315570484e-06
naomi,3.7954805315570484e-06
lillard,3.7954805315570484e-06
mcp,3.7954805315570484e-06
trage,3.7954805315570484e-06
bma,3.7954805315570484e-06
fiftyon,3.7954805315570484e-06
redempt,3.7954805315570484e-06
diplomaci,3.7954805315570484e-06
pfh,3.7954805315570484e-06
multimod,3.7954805315570484e-06
kla,3.7954805315570484e-06
dustmann,3.7954805315570484e-06
tabula,3.7954805315570484e-06
unsophist,3.7954805315570484e-06
louis,3.7954805315570484e-06
refractori,3.7954805315570484e-06
jail,3.7954805315570484e-06
xxl,3.7954805315570484e-06
raa,3.7954805315570484e-06
lindsay,3.7954805315570484e-06
effectu,3.7954805315570484e-06
matchspecif,3.7954805315570484e-06
houghtonmifflin,3.7954805315570484e-06
issuer,3.7954805315570484e-06
mpcs,3.7954805315570484e-06
yfk,3.7954805315570484e-06
rdd,3.7954805315570484e-06
foreigncurr,3.7954805315570484e-06
speedup,3.7954805315570484e-06
houthak,3.7954805315570484e-06
deleeuw,3.7954805315570484e-06
bct,3.7954805315570484e-06
dietz,3.7954805315570484e-06
registra,3.7954805315570484e-06
ndt,3.7954805315570484e-06
sussman,3.7954805315570484e-06
unmanag,3.7954805315570484e-06
cml,3.7954805315570484e-06
landi,3.7954805315570484e-06
grether,3.7954805315570484e-06
cohn,3.7954805315570484e-06
deterio,3.7954805315570484e-06
sprao,3.7954805315570484e-06
ntj,3.7954805315570484e-06
thirddegre,3.7954805315570484e-06
disa,3.7954805315570484e-06
lanier,3.7954805315570484e-06
tmax,3.7954805315570484e-06
developedcountri,3.7954805315570484e-06
encom,3.7954805315570484e-06
cabbag,3.7954805315570484e-06
viceversa,3.7954805315570484e-06
aax,3.7954805315570484e-06
centralbank,3.7954805315570484e-06
ppj,3.7954805315570484e-06
wax,3.7954805315570484e-06
mania,3.7954805315570484e-06
middlemen,3.7954805315570484e-06
nakajima,3.7954805315570484e-06
offirst,3.7954805315570484e-06
parenth,3.7954805315570484e-06
linse,3.7954805315570484e-06
downtown,3.7954805315570484e-06
debilit,3.7954805315570484e-06
satyanath,3.7954805315570484e-06
ylk,3.7954805315570484e-06
principia,3.7954805315570484e-06
kot,3.7954805315570484e-06
pici,3.7954805315570484e-06
dzt,3.7954805315570484e-06
terrorist,3.7954805315570484e-06
saiz,3.7954805315570484e-06
northampton,3.7954805315570484e-06
rbi,3.7954805315570484e-06
fishelson,3.7954805315570484e-06
toth,3.7954805315570484e-06
disarray,3.7954805315570484e-06
kone,3.7954805315570484e-06
sampson,3.7954805315570484e-06
gandhi,3.7954805315570484e-06
linearis,3.7954805315570484e-06
overproduct,3.7954805315570484e-06
substitutabil,3.7954805315570484e-06
myo,3.7954805315570484e-06
unbeliev,3.7954805315570484e-06
unc,3.7954805315570484e-06
ppb,3.7954805315570484e-06
oconnel,3.7954805315570484e-06
vip,3.7954805315570484e-06
welfarist,3.7954805315570484e-06
sour,3.7954805315570484e-06
karp,3.7954805315570484e-06
charlottesvill,3.7954805315570484e-06
windsor,3.7954805315570484e-06
ofor,3.7954805315570484e-06
zst,3.7954805315570484e-06
arno,3.7954805315570484e-06
sene,3.7954805315570484e-06
personyear,3.7954805315570484e-06
docket,3.7954805315570484e-06
lest,3.7954805315570484e-06
dql,3.7954805315570484e-06
masao,3.7954805315570484e-06
oligopo,3.7954805315570484e-06
quartercenturi,3.7954805315570484e-06
horac,3.7954805315570484e-06
underdevel,3.7954805315570484e-06
bjo,3.7954805315570484e-06
stabili,3.7954805315570484e-06
ean,3.7954805315570484e-06
stoni,3.7954805315570484e-06
postcivil,3.7954805315570484e-06
neck,3.7954805315570484e-06
gartner,3.7954805315570484e-06
vocal,3.7954805315570484e-06
flesh,3.7954805315570484e-06
stateloc,3.7954805315570484e-06
yas,3.7954805315570484e-06
gollier,3.7954805315570484e-06
millennia,3.7954805315570484e-06
nairu,3.7954805315570484e-06
gpi,3.7954805315570484e-06
holdout,3.7954805315570484e-06
xpx,3.7954805315570484e-06
barrio,3.7954805315570484e-06
thani,3.7954805315570484e-06
gratifi,3.7954805315570484e-06
tralia,3.7954805315570484e-06
kagel,3.7954805315570484e-06
mpa,3.7954805315570484e-06
nationalokonomi,3.7954805315570484e-06
wernerfelt,3.7954805315570484e-06
gower,3.7954805315570484e-06
illi,3.7954805315570484e-06
osborn,3.7954805315570484e-06
kia,3.7954805315570484e-06
smt,3.7954805315570484e-06
traliz,3.7954805315570484e-06
laursen,3.7954805315570484e-06
torn,3.7954805315570484e-06
pec,3.7954805315570484e-06
yso,3.7954805315570484e-06
iec,3.7954805315570484e-06
efg,3.7954805315570484e-06
bandit,3.7954805315570484e-06
anniversari,3.7954805315570484e-06
angelo,3.7954805315570484e-06
pedestrian,3.7954805315570484e-06
fio,3.7954805315570484e-06
cing,3.7954805315570484e-06
asti,3.7954805315570484e-06
horticultur,3.7954805315570484e-06
goodj,3.7954805315570484e-06
jobmatch,3.7954805315570484e-06
gxt,3.7954805315570484e-06
famil,3.7954805315570484e-06
hll,3.7954805315570484e-06
evennumb,3.7954805315570484e-06
flush,3.7954805315570484e-06
emperor,3.7954805315570484e-06
kiy,3.7954805315570484e-06
groshen,3.7954805315570484e-06
fstat,3.7954805315570484e-06
tangl,3.7954805315570484e-06
nasdaq,3.7954805315570484e-06
wander,3.7954805315570484e-06
calcium,3.7954805315570484e-06
xjn,3.7954805315570484e-06
depot,3.7954805315570484e-06
dimensionless,3.7954805315570484e-06
nevill,3.7954805315570484e-06
guishabl,3.7954805315570484e-06
qjk,3.7954805315570484e-06
cns,3.7954805315570484e-06
lnf,3.7954805315570484e-06
nonblack,3.7954805315570484e-06
unitroot,3.7954805315570484e-06
shibata,3.7954805315570484e-06
prb,3.7954805315570484e-06
profitr,3.7954805315570484e-06
brari,3.7954805315570484e-06
fleisher,3.7954805315570484e-06
aox,3.7954805315570484e-06
trom,3.7954805315570484e-06
hali,3.7954805315570484e-06
withinregion,3.7954805315570484e-06
ilp,3.7954805315570484e-06
iih,3.7954805315570484e-06
olat,3.7954805315570484e-06
mechanist,3.7954805315570484e-06
gti,3.7954805315570484e-06
wrought,3.7954805315570484e-06
eiti,3.7954805315570484e-06
extrap,3.7954805315570484e-06
capitalscarc,3.7954805315570484e-06
pdfs,3.7954805315570484e-06
bilize,3.7954805315570484e-06
sandra,3.7954805315570484e-06
agp,3.7954805315570484e-06
jano,3.7954805315570484e-06
californiadavi,3.7954805315570484e-06
holbrook,3.7954805315570484e-06
cooler,3.7954805315570484e-06
spon,3.7954805315570484e-06
dybvig,3.7954805315570484e-06
idi,3.7954805315570484e-06
orem,3.7954805315570484e-06
nurtur,3.7954805315570484e-06
profici,3.7954805315570484e-06
guesstim,3.7954805315570484e-06
lta,3.7954805315570484e-06
recogni,3.7954805315570484e-06
welleduc,3.7954805315570484e-06
ado,3.7954805315570484e-06
publ,3.7954805315570484e-06
aiv,3.7954805315570484e-06
dertaken,3.7954805315570484e-06
yses,3.7954805315570484e-06
lnr,3.7954805315570484e-06
bran,3.7954805315570484e-06
wissenschaftszentrum,3.7954805315570484e-06
pep,3.7954805315570484e-06
fasc,3.7954805315570484e-06
insead,3.7954805315570484e-06
gig,3.7954805315570484e-06
monetarypolici,3.7954805315570484e-06
goodfriend,3.7954805315570484e-06
tstati,3.7954805315570484e-06
micklewright,3.7954805315570484e-06
wps,3.7954805315570484e-06
oligopsonist,3.7954805315570484e-06
eighteenthcenturi,3.7954805315570484e-06
repub,3.7954805315570484e-06
notese,3.7954805315570484e-06
zii,3.7954805315570484e-06
ducibl,3.7954805315570484e-06
gete,3.7954805315570484e-06
basl,3.7954805315570484e-06
wvi,3.7954805315570484e-06
pao,3.7954805315570484e-06
cessat,3.7954805315570484e-06
renov,3.7954805315570484e-06
irrit,3.7954805315570484e-06
slemrod,3.7954805315570484e-06
jig,3.7954805315570484e-06
juster,3.7954805315570484e-06
sitori,3.7954805315570484e-06
deputi,3.7954805315570484e-06
likert,3.7954805315570484e-06
mechani,3.7954805315570484e-06
xjk,3.7954805315570484e-06
cilit,3.7954805315570484e-06
ocn,3.7954805315570484e-06
lri,3.7954805315570484e-06
inent,3.7954805315570484e-06
impel,3.7954805315570484e-06
vickeri,3.7954805315570484e-06
overemphas,3.7954805315570484e-06
wolfer,3.7954805315570484e-06
vpt,3.7954805315570484e-06
undeni,3.7954805315570484e-06
epz,3.7954805315570484e-06
conser,3.7954805315570484e-06
untangl,3.7954805315570484e-06
coarser,3.7954805315570484e-06
amass,3.7954805315570484e-06
facsimil,3.7954805315570484e-06
unmodifi,3.7954805315570484e-06
stiff,3.7954805315570484e-06
ndi,3.7954805315570484e-06
disconcert,3.7954805315570484e-06
tsiang,3.7954805315570484e-06
ravi,3.7954805315570484e-06
bandpass,3.7954805315570484e-06
subcontractor,3.7954805315570484e-06
txk,3.7954805315570484e-06
barger,3.7954805315570484e-06
abramowitz,3.7954805315570484e-06
cyy,3.7954805315570484e-06
kll,3.7954805315570484e-06
hpt,3.7954805315570484e-06
oqt,3.7954805315570484e-06
amador,3.7954805315570484e-06
rpl,3.7954805315570484e-06
viib,3.7954805315570484e-06
ipj,3.7954805315570484e-06
hinkley,3.7954805315570484e-06
bkl,3.7954805315570484e-06
crossvalid,3.7954805315570484e-06
cristina,3.7954805315570484e-06
lif,3.7954805315570484e-06
misspecifica,3.7954805315570484e-06
lira,3.7954805315570484e-06
ratemak,3.7954805315570484e-06
stalin,3.7954805315570484e-06
tas,3.7954805315570484e-06
angloamerican,3.7954805315570484e-06
erica,3.7954805315570484e-06
crossciti,3.7954805315570484e-06
blomquist,3.7954805315570484e-06
outrag,3.7954805315570484e-06
countabl,3.7954805315570484e-06
csc,3.7954805315570484e-06
mathew,3.7954805315570484e-06
polemarchaki,3.7954805315570484e-06
meagr,3.7954805315570484e-06
paz,3.7954805315570484e-06
nonproport,3.7954805315570484e-06
dtj,3.7954805315570484e-06
aep,3.7954805315570484e-06
sahara,3.7954805315570484e-06
creditmarket,3.7954805315570484e-06
tfr,3.7954805315570484e-06
logm,3.7954805315570484e-06
sionari,3.7954805315570484e-06
hli,3.7954805315570484e-06
lete,3.7954805315570484e-06
priceindex,3.7954805315570484e-06
pps,3.7954805315570484e-06
etj,3.7954805315570484e-06
fkn,3.7954805315570484e-06
fst,3.7954805315570484e-06
nitrat,3.7954805315570484e-06
erasmus,3.7954805315570484e-06
newhous,3.7954805315570484e-06
chiu,3.7954805315570484e-06
democra,3.7954805315570484e-06
ecent,3.7954805315570484e-06
lisbon,3.7954805315570484e-06
churn,3.7954805315570484e-06
multiprod,3.7954805315570484e-06
naliz,3.7954805315570484e-06
berl,3.7954805315570484e-06
ancestor,3.7954805315570484e-06
looo,3.7954805315570484e-06
bour,3.7954805315570484e-06
sdi,3.7954805315570484e-06
ipn,3.7954805315570484e-06
ach,3.7954805315570484e-06
jeopardi,3.7954805315570484e-06
changea,3.7954805315570484e-06
missi,3.7954805315570484e-06
kri,3.7954805315570484e-06
hopeless,3.7954805315570484e-06
welltodo,3.7954805315570484e-06
emili,3.7954805315570484e-06
titiv,3.7954805315570484e-06
jpi,3.7954805315570484e-06
pjd,3.7954805315570484e-06
datadriven,3.7954805315570484e-06
clx,3.7954805315570484e-06
dpp,3.7954805315570484e-06
bjk,3.7954805315570484e-06
xni,3.7954805315570484e-06
goett,3.7954805315570484e-06
sippi,3.7954805315570484e-06
zix,3.7954805315570484e-06
tulan,3.7954805315570484e-06
pfr,3.7954805315570484e-06
dyj,3.7954805315570484e-06
assetspecif,3.7954805315570484e-06
blackwhit,3.7954805315570484e-06
anzd,3.7954805315570484e-06
oll,3.7954805315570484e-06
teamwork,3.7954805315570484e-06
trosk,3.7954805315570484e-06
rpo,3.7954805315570484e-06
laneous,3.7954805315570484e-06
awp,3.7954805315570484e-06
accor,3.7954805315570484e-06
assent,3.7954805315570484e-06
ropolitan,3.7954805315570484e-06
mistic,3.7954805315570484e-06
loglik,3.7954805315570484e-06
kling,3.7954805315570484e-06
sag,3.7954805315570484e-06
coordina,3.7954805315570484e-06
qip,3.7954805315570484e-06
reunion,3.7954805315570484e-06
dissect,3.7954805315570484e-06
realvalu,3.7954805315570484e-06
epf,3.7954805315570484e-06
wellspecifi,3.7954805315570484e-06
uwe,3.7954805315570484e-06
ukt,3.7954805315570484e-06
asj,3.7954805315570484e-06
xlm,3.7954805315570484e-06
iba,3.7954805315570484e-06
ephemer,3.7954805315570484e-06
apb,3.7954805315570484e-06
cliometr,3.7954805315570484e-06
crosshaul,3.7954805315570484e-06
exj,3.7954805315570484e-06
lowestincom,3.7954805315570484e-06
wut,3.7954805315570484e-06
emphat,3.7954805315570484e-06
intrabloc,3.7954805315570484e-06
selffin,3.7954805315570484e-06
coca,3.7954805315570484e-06
awn,3.7954805315570484e-06
dishonesti,3.7954805315570484e-06
caprio,3.7954805315570484e-06
rif,3.7954805315570484e-06
troy,3.7954805315570484e-06
jansen,3.7954805315570484e-06
buss,3.7954805315570484e-06
neher,3.7954805315570484e-06
ycl,3.7954805315570484e-06
ginti,3.7954805315570484e-06
kuz,3.7954805315570484e-06
qijt,3.7954805315570484e-06
supe,3.7954805315570484e-06
pfk,3.7954805315570484e-06
bix,3.7954805315570484e-06
fitch,3.7954805315570484e-06
aiaj,3.7954805315570484e-06
vhl,3.7954805315570484e-06
duesen,3.7954805315570484e-06
destini,3.7954805315570484e-06
northrup,3.7954805315570484e-06
stantiv,3.7954805315570484e-06
marsden,3.7954805315570484e-06
yir,3.7954805315570484e-06
clyde,3.7954805315570484e-06
urt,3.7954805315570484e-06
hoffenberg,3.7954805315570484e-06
parn,3.7954805315570484e-06
jewish,3.7954805315570484e-06
wahba,3.7954805315570484e-06
rda,3.7954805315570484e-06
featherbed,3.7954805315570484e-06
shakespear,3.7954805315570484e-06
penetra,3.7954805315570484e-06
mfi,3.7954805315570484e-06
gyourko,3.7954805315570484e-06
shire,3.7954805315570484e-06
greif,3.7954805315570484e-06
ouput,3.7954805315570484e-06
unaf,3.7954805315570484e-06
characteriza,3.7954805315570484e-06
antd,3.7954805315570484e-06
bequeath,3.7954805315570484e-06
poirier,3.7954805315570484e-06
dir,3.7954805315570484e-06
kuo,3.7954805315570484e-06
dari,3.7954805315570484e-06
stantan,3.7954805315570484e-06
joo,3.7954805315570484e-06
eic,3.7954805315570484e-06
salespeopl,3.7954805315570484e-06
policyori,3.7954805315570484e-06
cidenc,3.7954805315570484e-06
hol,3.7954805315570484e-06
nonretir,3.7954805315570484e-06
landsberg,3.7954805315570484e-06
devil,3.7954805315570484e-06
wern,3.7954805315570484e-06
largesampl,3.7954805315570484e-06
reexpress,3.7954805315570484e-06
bologna,3.7954805315570484e-06
merchan,3.7954805315570484e-06
platteau,3.7954805315570484e-06
raven,3.7954805315570484e-06
monolith,3.7954805315570484e-06
rosemari,3.7954805315570484e-06
dise,3.7954805315570484e-06
kirman,3.7954805315570484e-06
pattem,3.7954805315570484e-06
lian,3.7954805315570484e-06
chusett,3.7954805315570484e-06
unprec,3.7954805315570484e-06
ambival,3.7954805315570484e-06
tributor,3.7954805315570484e-06
leftmost,3.7954805315570484e-06
fdic,3.7954805315570484e-06
ecol,3.7954805315570484e-06
kessler,3.7954805315570484e-06
adept,3.7954805315570484e-06
clemson,3.7954805315570484e-06
trapol,3.7954805315570484e-06
suasion,3.7954805315570484e-06
rollov,3.7954805315570484e-06
massa,3.7954805315570484e-06
sap,3.7954805315570484e-06
unconstitut,3.7954805315570484e-06
ministeri,3.7954805315570484e-06
javorcik,3.7954805315570484e-06
ackerman,3.7954805315570484e-06
croeconom,3.7954805315570484e-06
vdt,3.7954805315570484e-06
fortythre,3.7954805315570484e-06
funer,3.7954805315570484e-06
kaplanmei,3.7954805315570484e-06
allocat,3.7954805315570484e-06
vmi,3.7954805315570484e-06
ewt,3.7954805315570484e-06
nonadjust,3.7954805315570484e-06
fiftytwo,3.7954805315570484e-06
sebnem,3.7954805315570484e-06
peterian,3.7954805315570484e-06
ghh,3.7954805315570484e-06
baruch,3.7954805315570484e-06
hewitt,3.7954805315570484e-06
riversid,3.7954805315570484e-06
erlich,3.7954805315570484e-06
laa,3.7954805315570484e-06
cham,3.7954805315570484e-06
instinct,3.7954805315570484e-06
hare,3.7954805315570484e-06
lover,3.7954805315570484e-06
supplemen,3.7954805315570484e-06
mediev,3.7954805315570484e-06
ove,3.7954805315570484e-06
highdemand,3.7954805315570484e-06
rim,3.7954805315570484e-06
inordin,3.7954805315570484e-06
alltim,3.7954805315570484e-06
clash,3.7954805315570484e-06
incomegener,3.7954805315570484e-06
outputa,3.7954805315570484e-06
oneperson,3.7954805315570484e-06
ofa,3.7954805315570484e-06
tito,3.7954805315570484e-06
canyon,3.7954805315570484e-06
ocl,3.7954805315570484e-06
pem,3.7954805315570484e-06
oneoff,3.7954805315570484e-06
minimand,3.7954805315570484e-06
vwt,3.7954805315570484e-06
doraszelski,3.7954805315570484e-06
uninteract,3.7954805315570484e-06
ineffectu,3.7954805315570484e-06
elc,3.7954805315570484e-06
berthold,3.7954805315570484e-06
sheldon,3.7954805315570484e-06
canadaunit,3.7954805315570484e-06
wiw,3.7954805315570484e-06
undivid,3.7954805315570484e-06
nonhous,3.7954805315570484e-06
obli,3.7954805315570484e-06
canadianus,3.7954805315570484e-06
ped,3.7954805315570484e-06
intan,3.7954805315570484e-06
capandtrad,3.7954805315570484e-06
caret,3.7954805315570484e-06
etr,3.7954805315570484e-06
glu,3.7954805315570484e-06
sadun,3.7954805315570484e-06
relentless,3.7954805315570484e-06
dll,3.7954805315570484e-06
vln,3.7954805315570484e-06
apv,3.7954805315570484e-06
gleww,3.7954805315570484e-06
stuttgart,3.7954805315570484e-06
axel,3.7954805315570484e-06
ocr,3.7954805315570484e-06
pcc,3.7954805315570484e-06
dickinson,3.7954805315570484e-06
christi,3.7954805315570484e-06
joshi,3.7954805315570484e-06
mimick,3.7954805315570484e-06
rxi,3.7954805315570484e-06
loaf,3.7954805315570484e-06
caustic,3.7954805315570484e-06
shorthaul,3.7954805315570484e-06
deindustri,3.7954805315570484e-06
kinki,3.7954805315570484e-06
nco,3.7954805315570484e-06
atkin,3.7954805315570484e-06
galasso,3.7954805315570484e-06
acad,3.7954805315570484e-06
dyp,3.7954805315570484e-06
ysi,3.7954805315570484e-06
ikl,3.7954805315570484e-06
libr,3.7954805315570484e-06
cata,3.7954805315570484e-06
expatri,3.7954805315570484e-06
hyde,3.7954805315570484e-06
anarchi,3.7954805315570484e-06
xri,3.7954805315570484e-06
gling,3.7954805315570484e-06
julyoctob,3.7954805315570484e-06
pell,3.7954805315570484e-06
lumsdain,3.7954805315570484e-06
eroskedast,3.7954805315570484e-06
xtx,3.7954805315570484e-06
hoo,3.7954805315570484e-06
rippl,3.7954805315570484e-06
unbundl,3.7954805315570484e-06
rpr,3.7954805315570484e-06
ptc,3.7954805315570484e-06
binder,3.7954805315570484e-06
andes,3.7954805315570484e-06
infecti,3.7954805315570484e-06
lak,3.7954805315570484e-06
taylorseri,3.7954805315570484e-06
massimo,3.7954805315570484e-06
vyt,3.7954805315570484e-06
salutari,3.7954805315570484e-06
fyi,3.7954805315570484e-06
pisi,3.7954805315570484e-06
readership,3.7954805315570484e-06
eroscedast,3.7954805315570484e-06
wiseman,3.7954805315570484e-06
efficiencyenhanc,3.7954805315570484e-06
hor,3.7954805315570484e-06
excessdemand,3.7954805315570484e-06
logt,3.7954805315570484e-06
ographi,3.7954805315570484e-06
mathematica,3.7954805315570484e-06
grawhil,3.7954805315570484e-06
mare,3.7954805315570484e-06
pkxk,3.7954805315570484e-06
dxj,3.7954805315570484e-06
breath,3.7954805315570484e-06
teri,3.7954805315570484e-06
aerp,3.7954805315570484e-06
sco,3.7954805315570484e-06
knifeedg,3.7954805315570484e-06
flk,3.7954805315570484e-06
lowestcost,3.7954805315570484e-06
sra,3.7954805315570484e-06
swann,3.4791904872606278e-06
underprovid,3.4791904872606278e-06
producti,3.4791904872606278e-06
investigacion,3.4791904872606278e-06
blc,3.4791904872606278e-06
emanuel,3.4791904872606278e-06
mediocr,3.4791904872606278e-06
ijj,3.4791904872606278e-06
shigeru,3.4791904872606278e-06
exhort,3.4791904872606278e-06
olm,3.4791904872606278e-06
wll,3.4791904872606278e-06
ministerio,3.4791904872606278e-06
odic,3.4791904872606278e-06
moneysuppli,3.4791904872606278e-06
efk,3.4791904872606278e-06
alma,3.4791904872606278e-06
yni,3.4791904872606278e-06
aro,3.4791904872606278e-06
brack,3.4791904872606278e-06
dilip,3.4791904872606278e-06
tlog,3.4791904872606278e-06
uco,3.4791904872606278e-06
bass,3.4791904872606278e-06
heali,3.4791904872606278e-06
econometri,3.4791904872606278e-06
hashimoto,3.4791904872606278e-06
uelson,3.4791904872606278e-06
probx,3.4791904872606278e-06
yesterday,3.4791904872606278e-06
kat,3.4791904872606278e-06
domicil,3.4791904872606278e-06
monetaryfisc,3.4791904872606278e-06
kna,3.4791904872606278e-06
vac,3.4791904872606278e-06
yiu,3.4791904872606278e-06
kie,3.4791904872606278e-06
tabi,3.4791904872606278e-06
crum,3.4791904872606278e-06
availa,3.4791904872606278e-06
cornwal,3.4791904872606278e-06
env,3.4791904872606278e-06
populac,3.4791904872606278e-06
marko,3.4791904872606278e-06
zeuthen,3.4791904872606278e-06
cize,3.4791904872606278e-06
nile,3.4791904872606278e-06
yjs,3.4791904872606278e-06
stj,3.4791904872606278e-06
jakob,3.4791904872606278e-06
iph,3.4791904872606278e-06
torren,3.4791904872606278e-06
yno,3.4791904872606278e-06
onlv,3.4791904872606278e-06
yna,3.4791904872606278e-06
yls,3.4791904872606278e-06
xax,3.4791904872606278e-06
usp,3.4791904872606278e-06
amar,3.4791904872606278e-06
arsenal,3.4791904872606278e-06
holdenday,3.4791904872606278e-06
dla,3.4791904872606278e-06
glad,3.4791904872606278e-06
hawley,3.4791904872606278e-06
ostrom,3.4791904872606278e-06
flr,3.4791904872606278e-06
kkn,3.4791904872606278e-06
apriljun,3.4791904872606278e-06
fisc,3.4791904872606278e-06
tgo,3.4791904872606278e-06
hobart,3.4791904872606278e-06
ptat,3.4791904872606278e-06
iof,3.4791904872606278e-06
latham,3.4791904872606278e-06
squareroot,3.4791904872606278e-06
geopolit,3.4791904872606278e-06
drake,3.4791904872606278e-06
yeoman,3.4791904872606278e-06
putoutput,3.4791904872606278e-06
truism,3.4791904872606278e-06
kirk,3.4791904872606278e-06
woglom,3.4791904872606278e-06
higherthanaverag,3.4791904872606278e-06
sven,3.4791904872606278e-06
lewiss,3.4791904872606278e-06
hyper,3.4791904872606278e-06
stavro,3.4791904872606278e-06
rosss,3.4791904872606278e-06
glossari,3.4791904872606278e-06
housewif,3.4791904872606278e-06
centraal,3.4791904872606278e-06
yel,3.4791904872606278e-06
spulber,3.4791904872606278e-06
cim,3.4791904872606278e-06
rediscov,3.4791904872606278e-06
ymous,3.4791904872606278e-06
khoziaistvo,3.4791904872606278e-06
sud,3.4791904872606278e-06
ender,3.4791904872606278e-06
deolalikar,3.4791904872606278e-06
multiplica,3.4791904872606278e-06
jungl,3.4791904872606278e-06
greenle,3.4791904872606278e-06
seventyf,3.4791904872606278e-06
recod,3.4791904872606278e-06
lnz,3.4791904872606278e-06
totalitarian,3.4791904872606278e-06
moglu,3.4791904872606278e-06
warr,3.4791904872606278e-06
rlc,3.4791904872606278e-06
thorni,3.4791904872606278e-06
thatf,3.4791904872606278e-06
bwi,3.4791904872606278e-06
cviii,3.4791904872606278e-06
ick,3.4791904872606278e-06
unbal,3.4791904872606278e-06
lehman,3.4791904872606278e-06
babcock,3.4791904872606278e-06
ctg,3.4791904872606278e-06
twicedifferenti,3.4791904872606278e-06
sdrs,3.4791904872606278e-06
wol,3.4791904872606278e-06
polyno,3.4791904872606278e-06
oal,3.4791904872606278e-06
ligibl,3.4791904872606278e-06
qtk,3.4791904872606278e-06
dietari,3.4791904872606278e-06
megginson,3.4791904872606278e-06
nonnega,3.4791904872606278e-06
napoleon,3.4791904872606278e-06
consul,3.4791904872606278e-06
rous,3.4791904872606278e-06
nalebuff,3.4791904872606278e-06
jacquesfrancoi,3.4791904872606278e-06
reviewt,3.4791904872606278e-06
crowder,3.4791904872606278e-06
hairdress,3.4791904872606278e-06
amherst,3.4791904872606278e-06
sword,3.4791904872606278e-06
yay,3.4791904872606278e-06
kenichi,3.4791904872606278e-06
nonproperti,3.4791904872606278e-06
lifelong,3.4791904872606278e-06
itz,3.4791904872606278e-06
limoo,3.4791904872606278e-06
obligatori,3.4791904872606278e-06
flavin,3.4791904872606278e-06
overlappinggener,3.4791904872606278e-06
cpl,3.4791904872606278e-06
logo,3.4791904872606278e-06
obfusc,3.4791904872606278e-06
arnott,3.4791904872606278e-06
pdd,3.4791904872606278e-06
pfp,3.4791904872606278e-06
martinus,3.4791904872606278e-06
nno,3.4791904872606278e-06
andp,3.4791904872606278e-06
antiqu,3.4791904872606278e-06
tiona,3.4791904872606278e-06
darl,3.4791904872606278e-06
throughput,3.4791904872606278e-06
denom,3.4791904872606278e-06
pointer,3.4791904872606278e-06
menzi,3.4791904872606278e-06
murnan,3.4791904872606278e-06
heiner,3.4791904872606278e-06
fct,3.4791904872606278e-06
overutil,3.4791904872606278e-06
chairmanship,3.4791904872606278e-06
muddl,3.4791904872606278e-06
lid,3.4791904872606278e-06
wia,3.4791904872606278e-06
apex,3.4791904872606278e-06
heaven,3.4791904872606278e-06
methodofmo,3.4791904872606278e-06
giersch,3.4791904872606278e-06
papel,3.4791904872606278e-06
czechoslovak,3.4791904872606278e-06
overreport,3.4791904872606278e-06
fledg,3.4791904872606278e-06
socialwelfar,3.4791904872606278e-06
utiv,3.4791904872606278e-06
midrang,3.4791904872606278e-06
rvalu,3.4791904872606278e-06
haim,3.4791904872606278e-06
tragic,3.4791904872606278e-06
krishnan,3.4791904872606278e-06
kxk,3.4791904872606278e-06
sheffield,3.4791904872606278e-06
sjk,3.4791904872606278e-06
loe,3.4791904872606278e-06
iaa,3.4791904872606278e-06
teller,3.4791904872606278e-06
ncn,3.4791904872606278e-06
knittel,3.4791904872606278e-06
cheryl,3.4791904872606278e-06
autarchi,3.4791904872606278e-06
regionwid,3.4791904872606278e-06
rht,3.4791904872606278e-06
uci,3.4791904872606278e-06
joness,3.4791904872606278e-06
regina,3.4791904872606278e-06
nondiscrimin,3.4791904872606278e-06
countriesa,3.4791904872606278e-06
unimpress,3.4791904872606278e-06
stockpric,3.4791904872606278e-06
sixtyon,3.4791904872606278e-06
terdepend,3.4791904872606278e-06
bulgarian,3.4791904872606278e-06
insecticid,3.4791904872606278e-06
ciz,3.4791904872606278e-06
restoftheworld,3.4791904872606278e-06
multigood,3.4791904872606278e-06
salad,3.4791904872606278e-06
phonograph,3.4791904872606278e-06
istat,3.4791904872606278e-06
regiment,3.4791904872606278e-06
rankandfil,3.4791904872606278e-06
landmark,3.4791904872606278e-06
bogota,3.4791904872606278e-06
yeager,3.4791904872606278e-06
hoyt,3.4791904872606278e-06
baland,3.4791904872606278e-06
omic,3.4791904872606278e-06
kniesner,3.4791904872606278e-06
guinnan,3.4791904872606278e-06
empiricist,3.4791904872606278e-06
oss,3.4791904872606278e-06
abrog,3.4791904872606278e-06
pue,3.4791904872606278e-06
nip,3.4791904872606278e-06
eurodollar,3.4791904872606278e-06
nonuniqu,3.4791904872606278e-06
alessandra,3.4791904872606278e-06
erstwhil,3.4791904872606278e-06
swallow,3.4791904872606278e-06
highend,3.4791904872606278e-06
vth,3.4791904872606278e-06
ttc,3.4791904872606278e-06
httpdxdoiorgaerl,3.4791904872606278e-06
alco,3.4791904872606278e-06
xcl,3.4791904872606278e-06
swi,3.4791904872606278e-06
arv,3.4791904872606278e-06
ulk,3.4791904872606278e-06
dih,3.4791904872606278e-06
hidalgo,3.4791904872606278e-06
resound,3.4791904872606278e-06
lwe,3.4791904872606278e-06
dydx,3.4791904872606278e-06
mad,3.4791904872606278e-06
apac,3.4791904872606278e-06
cock,3.4791904872606278e-06
micromodel,3.4791904872606278e-06
cisco,3.4791904872606278e-06
pjxj,3.4791904872606278e-06
philippon,3.4791904872606278e-06
nearzero,3.4791904872606278e-06
cpu,3.4791904872606278e-06
shill,3.4791904872606278e-06
prejudg,3.4791904872606278e-06
sawtooth,3.4791904872606278e-06
kenyan,3.4791904872606278e-06
kuga,3.4791904872606278e-06
revoc,3.4791904872606278e-06
exhaus,3.4791904872606278e-06
lnyt,3.4791904872606278e-06
ilan,3.4791904872606278e-06
fixi,3.4791904872606278e-06
fullblown,3.4791904872606278e-06
nus,3.4791904872606278e-06
hio,3.4791904872606278e-06
vind,3.4791904872606278e-06
bach,3.4791904872606278e-06
cairncross,3.4791904872606278e-06
hip,3.4791904872606278e-06
istri,3.4791904872606278e-06
wlp,3.4791904872606278e-06
madden,3.4791904872606278e-06
srs,3.4791904872606278e-06
fraudul,3.4791904872606278e-06
sitespecif,3.4791904872606278e-06
gauthier,3.4791904872606278e-06
hussein,3.4791904872606278e-06
antiinflationari,3.4791904872606278e-06
advo,3.4791904872606278e-06
opin,3.4791904872606278e-06
agei,3.4791904872606278e-06
thej,3.4791904872606278e-06
garbarino,3.4791904872606278e-06
nelli,3.4791904872606278e-06
virul,3.4791904872606278e-06
pendakur,3.4791904872606278e-06
cxiii,3.4791904872606278e-06
houseman,3.4791904872606278e-06
perforc,3.4791904872606278e-06
hon,3.4791904872606278e-06
ammunit,3.4791904872606278e-06
allornoth,3.4791904872606278e-06
hasti,3.4791904872606278e-06
haphazard,3.4791904872606278e-06
fia,3.4791904872606278e-06
iation,3.4791904872606278e-06
gopoli,3.4791904872606278e-06
aaw,3.4791904872606278e-06
ztt,3.4791904872606278e-06
slightest,3.4791904872606278e-06
jli,3.4791904872606278e-06
disamen,3.4791904872606278e-06
nonreject,3.4791904872606278e-06
reoptim,3.4791904872606278e-06
statistisk,3.4791904872606278e-06
messr,3.4791904872606278e-06
anglosaxon,3.4791904872606278e-06
rodrigo,3.4791904872606278e-06
typist,3.4791904872606278e-06
economis,3.4791904872606278e-06
nol,3.4791904872606278e-06
proto,3.4791904872606278e-06
higheryield,3.4791904872606278e-06
qtl,3.4791904872606278e-06
oversampl,3.4791904872606278e-06
midtwentieth,3.4791904872606278e-06
pav,3.4791904872606278e-06
seim,3.4791904872606278e-06
siu,3.4791904872606278e-06
cobweb,3.4791904872606278e-06
bovenberg,3.4791904872606278e-06
pencil,3.4791904872606278e-06
ooii,3.4791904872606278e-06
eek,3.4791904872606278e-06
fahrenheit,3.4791904872606278e-06
yxi,3.4791904872606278e-06
erc,3.4791904872606278e-06
pretrend,3.4791904872606278e-06
aguiar,3.4791904872606278e-06
crf,3.4791904872606278e-06
ccs,3.4791904872606278e-06
painstak,3.4791904872606278e-06
undercount,3.4791904872606278e-06
suri,3.4791904872606278e-06
dipak,3.4791904872606278e-06
ydp,3.4791904872606278e-06
efron,3.4791904872606278e-06
litan,3.4791904872606278e-06
maxa,3.4791904872606278e-06
buoyant,3.4791904872606278e-06
ommend,3.4791904872606278e-06
ioii,3.4791904872606278e-06
tll,3.4791904872606278e-06
lorenzo,3.4791904872606278e-06
afraid,3.4791904872606278e-06
empt,3.4791904872606278e-06
cardboard,3.4791904872606278e-06
mayhew,3.4791904872606278e-06
fieldwork,3.4791904872606278e-06
siy,3.4791904872606278e-06
llr,3.4791904872606278e-06
unmarri,3.4791904872606278e-06
lippincott,3.4791904872606278e-06
herzog,3.4791904872606278e-06
spoilag,3.4791904872606278e-06
unaccompani,3.4791904872606278e-06
zim,3.4791904872606278e-06
secondgener,3.4791904872606278e-06
nonequival,3.4791904872606278e-06
aaaa,3.4791904872606278e-06
ero,3.4791904872606278e-06
trenton,3.4791904872606278e-06
timetobuild,3.4791904872606278e-06
rff,3.4791904872606278e-06
ofl,3.4791904872606278e-06
stolen,3.4791904872606278e-06
labourmarket,3.4791904872606278e-06
paig,3.4791904872606278e-06
ull,3.4791904872606278e-06
equalweight,3.4791904872606278e-06
fullfledg,3.4791904872606278e-06
gere,3.4791904872606278e-06
higherwag,3.4791904872606278e-06
gresham,3.4791904872606278e-06
withdrew,3.4791904872606278e-06
thicket,3.4791904872606278e-06
ztl,3.4791904872606278e-06
eigh,3.4791904872606278e-06
indisput,3.4791904872606278e-06
twicelag,3.4791904872606278e-06
kalina,3.4791904872606278e-06
deri,3.4791904872606278e-06
clockwis,3.4791904872606278e-06
seshadri,3.4791904872606278e-06
sendhil,3.4791904872606278e-06
dji,3.4791904872606278e-06
telia,3.4791904872606278e-06
nsn,3.4791904872606278e-06
trn,3.4791904872606278e-06
jij,3.4791904872606278e-06
nondura,3.4791904872606278e-06
openloop,3.4791904872606278e-06
ojt,3.4791904872606278e-06
woolley,3.4791904872606278e-06
unorthodox,3.4791904872606278e-06
tiabl,3.4791904872606278e-06
octoberdecemb,3.4791904872606278e-06
ivd,3.4791904872606278e-06
ang,3.4791904872606278e-06
inac,3.4791904872606278e-06
signatur,3.4791904872606278e-06
wealthmaxim,3.4791904872606278e-06
teenthcenturi,3.4791904872606278e-06
ferior,3.4791904872606278e-06
thirtyyear,3.4791904872606278e-06
tariffinclus,3.4791904872606278e-06
wwt,3.4791904872606278e-06
nonintersect,3.4791904872606278e-06
qis,3.4791904872606278e-06
galeotti,3.4791904872606278e-06
acqui,3.4791904872606278e-06
cdot,3.4791904872606278e-06
wiscon,3.4791904872606278e-06
higherpr,3.4791904872606278e-06
relinquish,3.4791904872606278e-06
parel,3.4791904872606278e-06
creator,3.4791904872606278e-06
lenient,3.4791904872606278e-06
agnar,3.4791904872606278e-06
punctuat,3.4791904872606278e-06
bizarr,3.4791904872606278e-06
atf,3.4791904872606278e-06
bevan,3.4791904872606278e-06
adata,3.4791904872606278e-06
newkeynesian,3.4791904872606278e-06
welldesign,3.4791904872606278e-06
importexport,3.4791904872606278e-06
crockett,3.4791904872606278e-06
aaj,3.4791904872606278e-06
antithet,3.4791904872606278e-06
aixi,3.4791904872606278e-06
reputa,3.4791904872606278e-06
misrepresent,3.4791904872606278e-06
ulcer,3.4791904872606278e-06
gjt,3.4791904872606278e-06
wes,3.4791904872606278e-06
saa,3.4791904872606278e-06
varx,3.4791904872606278e-06
tervent,3.4791904872606278e-06
cativ,3.4791904872606278e-06
untari,3.4791904872606278e-06
heter,3.4791904872606278e-06
zhao,3.4791904872606278e-06
ooq,3.4791904872606278e-06
outlaw,3.4791904872606278e-06
nose,3.4791904872606278e-06
boland,3.4791904872606278e-06
uch,3.4791904872606278e-06
dictor,3.4791904872606278e-06
kok,3.4791904872606278e-06
athi,3.4791904872606278e-06
kpt,3.4791904872606278e-06
vnt,3.4791904872606278e-06
rapport,3.4791904872606278e-06
cae,3.4791904872606278e-06
vincenzo,3.4791904872606278e-06
disr,3.4791904872606278e-06
renam,3.4791904872606278e-06
shaken,3.4791904872606278e-06
iiq,3.4791904872606278e-06
tte,3.4791904872606278e-06
visscher,3.4791904872606278e-06
roa,3.4791904872606278e-06
rco,3.4791904872606278e-06
hundredth,3.4791904872606278e-06
nonemploy,3.4791904872606278e-06
itit,3.4791904872606278e-06
bestsel,3.4791904872606278e-06
entrydet,3.4791904872606278e-06
beveridg,3.4791904872606278e-06
dro,3.4791904872606278e-06
herald,3.4791904872606278e-06
resourcebas,3.4791904872606278e-06
tob,3.4791904872606278e-06
unbiased,3.4791904872606278e-06
laborsurplus,3.4791904872606278e-06
rto,3.4791904872606278e-06
economyth,3.4791904872606278e-06
bondhold,3.4791904872606278e-06
qim,3.4791904872606278e-06
wilmington,3.4791904872606278e-06
vatize,3.4791904872606278e-06
arp,3.4791904872606278e-06
integrand,3.4791904872606278e-06
ducedform,3.4791904872606278e-06
burgh,3.4791904872606278e-06
rawlsian,3.4791904872606278e-06
sobr,3.4791904872606278e-06
fortnight,3.4791904872606278e-06
andersson,3.4791904872606278e-06
finegan,3.4791904872606278e-06
fmt,3.4791904872606278e-06
ock,3.4791904872606278e-06
strictur,3.4791904872606278e-06
pillar,3.4791904872606278e-06
nonseason,3.4791904872606278e-06
buf,3.4791904872606278e-06
sewag,3.4791904872606278e-06
ygi,3.4791904872606278e-06
oig,3.4791904872606278e-06
bulki,3.4791904872606278e-06
constrict,3.4791904872606278e-06
ninetenth,3.4791904872606278e-06
fiq,3.4791904872606278e-06
garey,3.4791904872606278e-06
pricewag,3.4791904872606278e-06
guelph,3.4791904872606278e-06
bfi,3.4791904872606278e-06
fec,3.4791904872606278e-06
degen,3.4791904872606278e-06
shaikh,3.4791904872606278e-06
respiratori,3.4791904872606278e-06
dsj,3.4791904872606278e-06
monthtomonth,3.4791904872606278e-06
schema,3.4791904872606278e-06
valenc,3.4791904872606278e-06
coinci,3.4791904872606278e-06
gyt,3.4791904872606278e-06
melani,3.4791904872606278e-06
eflect,3.4791904872606278e-06
ratebas,3.4791904872606278e-06
omywid,3.4791904872606278e-06
limitedinform,3.4791904872606278e-06
utc,3.4791904872606278e-06
vian,3.4791904872606278e-06
zucker,3.4791904872606278e-06
lacuna,3.4791904872606278e-06
ashraf,3.4791904872606278e-06
submodel,3.4791904872606278e-06
syt,3.4791904872606278e-06
spection,3.4791904872606278e-06
theorv,3.4791904872606278e-06
geografia,3.4791904872606278e-06
movingaverag,3.4791904872606278e-06
zew,3.4791904872606278e-06
jae,3.4791904872606278e-06
restart,3.4791904872606278e-06
ptct,3.4791904872606278e-06
fortu,3.4791904872606278e-06
pca,3.4791904872606278e-06
seltzer,3.4791904872606278e-06
dmt,3.4791904872606278e-06
kramer,3.4791904872606278e-06
glt,3.4791904872606278e-06
fsl,3.4791904872606278e-06
oppress,3.4791904872606278e-06
busto,3.4791904872606278e-06
goat,3.4791904872606278e-06
fjs,3.4791904872606278e-06
bln,3.4791904872606278e-06
basingstok,3.4791904872606278e-06
transcrib,3.4791904872606278e-06
ieq,3.4791904872606278e-06
singlevalu,3.4791904872606278e-06
theresa,3.4791904872606278e-06
noninferior,3.4791904872606278e-06
wtnt,3.4791904872606278e-06
jarquebera,3.4791904872606278e-06
clusterrobust,3.4791904872606278e-06
luxemburg,3.4791904872606278e-06
mackay,3.4791904872606278e-06
mckenna,3.4791904872606278e-06
nonrivalri,3.4791904872606278e-06
jeanpierr,3.4791904872606278e-06
kol,3.4791904872606278e-06
taxicab,3.4791904872606278e-06
eliminat,3.4791904872606278e-06
nicolson,3.4791904872606278e-06
infr,3.4791904872606278e-06
starrett,3.4791904872606278e-06
jobseek,3.4791904872606278e-06
lsj,3.4791904872606278e-06
hxi,3.4791904872606278e-06
resourceus,3.4791904872606278e-06
anybodi,3.4791904872606278e-06
binmor,3.4791904872606278e-06
experimen,3.4791904872606278e-06
aiii,3.4791904872606278e-06
tfc,3.4791904872606278e-06
gertrud,3.4791904872606278e-06
brenner,3.4791904872606278e-06
arduous,3.4791904872606278e-06
experimenta,3.4791904872606278e-06
exag,3.4791904872606278e-06
yci,3.4791904872606278e-06
gerat,3.4791904872606278e-06
useabl,3.4791904872606278e-06
merous,3.4791904872606278e-06
pjr,3.4791904872606278e-06
wnk,3.4791904872606278e-06
bark,3.4791904872606278e-06
hone,3.4791904872606278e-06
bori,3.4791904872606278e-06
bernoulli,3.4791904872606278e-06
overpopul,3.4791904872606278e-06
tcs,3.4791904872606278e-06
bpa,3.4791904872606278e-06
conveyor,3.4791904872606278e-06
fombi,3.4791904872606278e-06
pkn,3.4791904872606278e-06
lmc,3.4791904872606278e-06
thirtyseven,3.4791904872606278e-06
caster,3.4791904872606278e-06
weymark,3.4791904872606278e-06
ppq,3.4791904872606278e-06
slant,3.4791904872606278e-06
avon,3.4791904872606278e-06
oasi,3.4791904872606278e-06
shiftabl,3.4791904872606278e-06
jefferi,3.4791904872606278e-06
slash,3.4791904872606278e-06
cgt,3.4791904872606278e-06
statusquo,3.4791904872606278e-06
mukerji,3.4791904872606278e-06
shane,3.4791904872606278e-06
galf,3.4791904872606278e-06
ucu,3.4791904872606278e-06
lxl,3.4791904872606278e-06
uic,3.4791904872606278e-06
subspac,3.4791904872606278e-06
nonneu,3.4791904872606278e-06
tionnair,3.4791904872606278e-06
quicken,3.4791904872606278e-06
giora,3.4791904872606278e-06
khi,3.4791904872606278e-06
anni,3.4791904872606278e-06
lxxxix,3.4791904872606278e-06
kurihara,3.4791904872606278e-06
leadlag,3.4791904872606278e-06
fyo,3.4791904872606278e-06
universita,3.4791904872606278e-06
guesswork,3.4791904872606278e-06
bout,3.4791904872606278e-06
counterclockwis,3.4791904872606278e-06
haifa,3.4791904872606278e-06
logj,3.4791904872606278e-06
graff,3.4791904872606278e-06
caro,3.4791904872606278e-06
industrv,3.4791904872606278e-06
pif,3.4791904872606278e-06
unaffili,3.4791904872606278e-06
interviewe,3.4791904872606278e-06
blush,3.4791904872606278e-06
nutshel,3.4791904872606278e-06
wardslop,3.4791904872606278e-06
encoun,3.4791904872606278e-06
illyria,3.4791904872606278e-06
eaa,3.4791904872606278e-06
bumper,3.4791904872606278e-06
dta,3.4791904872606278e-06
smart,3.4791904872606278e-06
shipyard,3.4791904872606278e-06
uppercas,3.4791904872606278e-06
tamer,3.4791904872606278e-06
lnpt,3.4791904872606278e-06
pickl,3.4791904872606278e-06
bnt,3.4791904872606278e-06
kft,3.4791904872606278e-06
sethi,3.4791904872606278e-06
eleanor,3.4791904872606278e-06
plql,3.4791904872606278e-06
fko,3.4791904872606278e-06
quasiexperiment,3.4791904872606278e-06
fisk,3.4791904872606278e-06
aow,3.4791904872606278e-06
multifirm,3.4791904872606278e-06
interhousehold,3.4791904872606278e-06
atheoret,3.4791904872606278e-06
neuberg,3.4791904872606278e-06
marketpric,3.4791904872606278e-06
uii,3.162900442964207e-06
dio,3.162900442964207e-06
rok,3.162900442964207e-06
wmw,3.162900442964207e-06
rebel,3.162900442964207e-06
witl,3.162900442964207e-06
volker,3.162900442964207e-06
concessionari,3.162900442964207e-06
geomet,3.162900442964207e-06
aje,3.162900442964207e-06
lno,3.162900442964207e-06
dold,3.162900442964207e-06
lethal,3.162900442964207e-06
esj,3.162900442964207e-06
twt,3.162900442964207e-06
lineag,3.162900442964207e-06
pch,3.162900442964207e-06
tdi,3.162900442964207e-06
restau,3.162900442964207e-06
eje,3.162900442964207e-06
analvsi,3.162900442964207e-06
betti,3.162900442964207e-06
mto,3.162900442964207e-06
dso,3.162900442964207e-06
yer,3.162900442964207e-06
selfreli,3.162900442964207e-06
lope,3.162900442964207e-06
gillespi,3.162900442964207e-06
linz,3.162900442964207e-06
garland,3.162900442964207e-06
tke,3.162900442964207e-06
tize,3.162900442964207e-06
stantiat,3.162900442964207e-06
yorker,3.162900442964207e-06
lafayett,3.162900442964207e-06
pointwis,3.162900442964207e-06
stadium,3.162900442964207e-06
decrement,3.162900442964207e-06
mukherje,3.162900442964207e-06
tzt,3.162900442964207e-06
yesno,3.162900442964207e-06
sterilis,3.162900442964207e-06
pum,3.162900442964207e-06
boardman,3.162900442964207e-06
needi,3.162900442964207e-06
adda,3.162900442964207e-06
veterinari,3.162900442964207e-06
dpz,3.162900442964207e-06
chowdhuri,3.162900442964207e-06
reichlin,3.162900442964207e-06
roderick,3.162900442964207e-06
apu,3.162900442964207e-06
subjectto,3.162900442964207e-06
dvi,3.162900442964207e-06
variablea,3.162900442964207e-06
jimmi,3.162900442964207e-06
gln,3.162900442964207e-06
selfcorrect,3.162900442964207e-06
viola,3.162900442964207e-06
ura,3.162900442964207e-06
bjs,3.162900442964207e-06
intellec,3.162900442964207e-06
xes,3.162900442964207e-06
tappan,3.162900442964207e-06
uru,3.162900442964207e-06
sode,3.162900442964207e-06
rosenblatt,3.162900442964207e-06
idat,3.162900442964207e-06
waggon,3.162900442964207e-06
narodno,3.162900442964207e-06
coil,3.162900442964207e-06
labourcapit,3.162900442964207e-06
byrd,3.162900442964207e-06
yfl,3.162900442964207e-06
blx,3.162900442964207e-06
chore,3.162900442964207e-06
timn,3.162900442964207e-06
mri,3.162900442964207e-06
ethan,3.162900442964207e-06
brighton,3.162900442964207e-06
daunt,3.162900442964207e-06
rjs,3.162900442964207e-06
pqr,3.162900442964207e-06
hes,3.162900442964207e-06
econz,3.162900442964207e-06
dictiv,3.162900442964207e-06
entist,3.162900442964207e-06
investigat,3.162900442964207e-06
piai,3.162900442964207e-06
commoditypric,3.162900442964207e-06
xta,3.162900442964207e-06
itg,3.162900442964207e-06
dtp,3.162900442964207e-06
anv,3.162900442964207e-06
lowervalu,3.162900442964207e-06
bianchi,3.162900442964207e-06
denomina,3.162900442964207e-06
eid,3.162900442964207e-06
trarili,3.162900442964207e-06
toa,3.162900442964207e-06
reformu,3.162900442964207e-06
peston,3.162900442964207e-06
yzt,3.162900442964207e-06
jansson,3.162900442964207e-06
inbetween,3.162900442964207e-06
counterargu,3.162900442964207e-06
cvt,3.162900442964207e-06
unchalleng,3.162900442964207e-06
driscol,3.162900442964207e-06
bak,3.162900442964207e-06
rariti,3.162900442964207e-06
xcvi,3.162900442964207e-06
nst,3.162900442964207e-06
tcl,3.162900442964207e-06
pff,3.162900442964207e-06
ybi,3.162900442964207e-06
uca,3.162900442964207e-06
yeh,3.162900442964207e-06
dwe,3.162900442964207e-06
epp,3.162900442964207e-06
symm,3.162900442964207e-06
dyy,3.162900442964207e-06
nonmeasur,3.162900442964207e-06
pid,3.162900442964207e-06
roundtrip,3.162900442964207e-06
sawa,3.162900442964207e-06
heh,3.162900442964207e-06
ston,3.162900442964207e-06
acta,3.162900442964207e-06
czi,3.162900442964207e-06
mina,3.162900442964207e-06
logk,3.162900442964207e-06
countriesth,3.162900442964207e-06
xcix,3.162900442964207e-06
baptist,3.162900442964207e-06
strap,3.162900442964207e-06
typei,3.162900442964207e-06
wallich,3.162900442964207e-06
posti,3.162900442964207e-06
immo,3.162900442964207e-06
ecj,3.162900442964207e-06
yipi,3.162900442964207e-06
tcf,3.162900442964207e-06
upperlevel,3.162900442964207e-06
derson,3.162900442964207e-06
xpf,3.162900442964207e-06
ptn,3.162900442964207e-06
pqs,3.162900442964207e-06
ricar,3.162900442964207e-06
childbear,3.162900442964207e-06
tinctiv,3.162900442964207e-06
sheppard,3.162900442964207e-06
crz,3.162900442964207e-06
breaker,3.162900442964207e-06
ivol,3.162900442964207e-06
moneta,3.162900442964207e-06
ntn,3.162900442964207e-06
riw,3.162900442964207e-06
pink,3.162900442964207e-06
threefifth,3.162900442964207e-06
asw,3.162900442964207e-06
tamin,3.162900442964207e-06
mercuri,3.162900442964207e-06
higherpay,3.162900442964207e-06
amal,3.162900442964207e-06
organisa,3.162900442964207e-06
ntl,3.162900442964207e-06
mcintosh,3.162900442964207e-06
ilm,3.162900442964207e-06
unti,3.162900442964207e-06
dyl,3.162900442964207e-06
exploita,3.162900442964207e-06
perez,3.162900442964207e-06
tietenberg,3.162900442964207e-06
klaassen,3.162900442964207e-06
spector,3.162900442964207e-06
weizsack,3.162900442964207e-06
stron,3.162900442964207e-06
vas,3.162900442964207e-06
universiteit,3.162900442964207e-06
aul,3.162900442964207e-06
welt,3.162900442964207e-06
haust,3.162900442964207e-06
rifl,3.162900442964207e-06
threegood,3.162900442964207e-06
awo,3.162900442964207e-06
nhi,3.162900442964207e-06
oqi,3.162900442964207e-06
softer,3.162900442964207e-06
stole,3.162900442964207e-06
infam,3.162900442964207e-06
rosta,3.162900442964207e-06
xll,3.162900442964207e-06
iew,3.162900442964207e-06
abras,3.162900442964207e-06
linden,3.162900442964207e-06
gor,3.162900442964207e-06
datath,3.162900442964207e-06
lcd,3.162900442964207e-06
ajx,3.162900442964207e-06
bounded,3.162900442964207e-06
pxpi,3.162900442964207e-06
xff,3.162900442964207e-06
centenari,3.162900442964207e-06
fiftieth,3.162900442964207e-06
sapienza,3.162900442964207e-06
disenchant,3.162900442964207e-06
duc,3.162900442964207e-06
nonsouthern,3.162900442964207e-06
unintent,3.162900442964207e-06
centrist,3.162900442964207e-06
tranch,3.162900442964207e-06
ephraim,3.162900442964207e-06
styt,3.162900442964207e-06
gath,3.162900442964207e-06
macarthur,3.162900442964207e-06
halevi,3.162900442964207e-06
raiffa,3.162900442964207e-06
hik,3.162900442964207e-06
mpg,3.162900442964207e-06
inot,3.162900442964207e-06
ritter,3.162900442964207e-06
bhatt,3.162900442964207e-06
nutri,3.162900442964207e-06
mlr,3.162900442964207e-06
fsk,3.162900442964207e-06
priceratio,3.162900442964207e-06
argentinian,3.162900442964207e-06
signfic,3.162900442964207e-06
pna,3.162900442964207e-06
ytk,3.162900442964207e-06
kiyoshi,3.162900442964207e-06
igur,3.162900442964207e-06
communaut,3.162900442964207e-06
functiona,3.162900442964207e-06
ifo,3.162900442964207e-06
fzi,3.162900442964207e-06
wim,3.162900442964207e-06
svar,3.162900442964207e-06
nlt,3.162900442964207e-06
wow,3.162900442964207e-06
moretti,3.162900442964207e-06
priceweight,3.162900442964207e-06
curement,3.162900442964207e-06
commodit,3.162900442964207e-06
rateb,3.162900442964207e-06
ewi,3.162900442964207e-06
fpa,3.162900442964207e-06
albuquerqu,3.162900442964207e-06
mla,3.162900442964207e-06
jones,3.162900442964207e-06
nonrepres,3.162900442964207e-06
unenforc,3.162900442964207e-06
unshad,3.162900442964207e-06
kapur,3.162900442964207e-06
vege,3.162900442964207e-06
gland,3.162900442964207e-06
wtwt,3.162900442964207e-06
saf,3.162900442964207e-06
leicest,3.162900442964207e-06
vara,3.162900442964207e-06
eliza,3.162900442964207e-06
makow,3.162900442964207e-06
briberi,3.162900442964207e-06
fpl,3.162900442964207e-06
precau,3.162900442964207e-06
nonreproduc,3.162900442964207e-06
quantityweight,3.162900442964207e-06
gallini,3.162900442964207e-06
forni,3.162900442964207e-06
nonresi,3.162900442964207e-06
vct,3.162900442964207e-06
bornstein,3.162900442964207e-06
ching,3.162900442964207e-06
catholiqu,3.162900442964207e-06
ste,3.162900442964207e-06
gloria,3.162900442964207e-06
reaucraci,3.162900442964207e-06
tall,3.162900442964207e-06
brn,3.162900442964207e-06
poq,3.162900442964207e-06
blu,3.162900442964207e-06
ilit,3.162900442964207e-06
tca,3.162900442964207e-06
nullhypothesi,3.162900442964207e-06
schofield,3.162900442964207e-06
ipso,3.162900442964207e-06
hassan,3.162900442964207e-06
mnay,3.162900442964207e-06
fqq,3.162900442964207e-06
crb,3.162900442964207e-06
boldfac,3.162900442964207e-06
repositori,3.162900442964207e-06
avl,3.162900442964207e-06
reten,3.162900442964207e-06
postkorean,3.162900442964207e-06
uncontroversi,3.162900442964207e-06
gri,3.162900442964207e-06
niehan,3.162900442964207e-06
tampa,3.162900442964207e-06
endof,3.162900442964207e-06
infl,3.162900442964207e-06
hellman,3.162900442964207e-06
krep,3.162900442964207e-06
sps,3.162900442964207e-06
gatti,3.162900442964207e-06
bian,3.162900442964207e-06
redeploy,3.162900442964207e-06
onal,3.162900442964207e-06
ypo,3.162900442964207e-06
bau,3.162900442964207e-06
kid,3.162900442964207e-06
foothold,3.162900442964207e-06
insuffi,3.162900442964207e-06
trent,3.162900442964207e-06
vfl,3.162900442964207e-06
uncent,3.162900442964207e-06
iop,3.162900442964207e-06
weve,3.162900442964207e-06
pgs,3.162900442964207e-06
rtr,3.162900442964207e-06
mura,3.162900442964207e-06
monoxid,3.162900442964207e-06
denis,3.162900442964207e-06
asymm,3.162900442964207e-06
disrup,3.162900442964207e-06
dfs,3.162900442964207e-06
uel,3.162900442964207e-06
ajob,3.162900442964207e-06
benporath,3.162900442964207e-06
dqq,3.162900442964207e-06
marginalproduct,3.162900442964207e-06
clarkson,3.162900442964207e-06
ktj,3.162900442964207e-06
copay,3.162900442964207e-06
tizat,3.162900442964207e-06
shaffer,3.162900442964207e-06
limdep,3.162900442964207e-06
differencein,3.162900442964207e-06
oconnor,3.162900442964207e-06
indistin,3.162900442964207e-06
spr,3.162900442964207e-06
doom,3.162900442964207e-06
laden,3.162900442964207e-06
tft,3.162900442964207e-06
buffet,3.162900442964207e-06
conjur,3.162900442964207e-06
ucsd,3.162900442964207e-06
xixj,3.162900442964207e-06
wherep,3.162900442964207e-06
milieu,3.162900442964207e-06
gestiv,3.162900442964207e-06
jubile,3.162900442964207e-06
infantindustri,3.162900442964207e-06
cvj,3.162900442964207e-06
ecr,3.162900442964207e-06
lcl,3.162900442964207e-06
productioni,3.162900442964207e-06
allegi,3.162900442964207e-06
kco,3.162900442964207e-06
xiang,3.162900442964207e-06
impractic,3.162900442964207e-06
qji,3.162900442964207e-06
oxo,3.162900442964207e-06
michalopoulo,3.162900442964207e-06
oia,3.162900442964207e-06
angeleto,3.162900442964207e-06
pdl,3.162900442964207e-06
ptb,3.162900442964207e-06
quaci,3.162900442964207e-06
unlev,3.162900442964207e-06
wea,3.162900442964207e-06
stockton,3.162900442964207e-06
sone,3.162900442964207e-06
speedi,3.162900442964207e-06
imputa,3.162900442964207e-06
scholarship,3.162900442964207e-06
dewald,3.162900442964207e-06
prepara,3.162900442964207e-06
ole,3.162900442964207e-06
xih,3.162900442964207e-06
prestigi,3.162900442964207e-06
tsta,3.162900442964207e-06
caldwel,3.162900442964207e-06
vjl,3.162900442964207e-06
creek,3.162900442964207e-06
boxjenkin,3.162900442964207e-06
pgx,3.162900442964207e-06
jei,3.162900442964207e-06
ough,3.162900442964207e-06
chetti,3.162900442964207e-06
dilig,3.162900442964207e-06
chanig,3.162900442964207e-06
ovi,3.162900442964207e-06
ilj,3.162900442964207e-06
unwork,3.162900442964207e-06
precipi,3.162900442964207e-06
etm,3.162900442964207e-06
worswick,3.162900442964207e-06
dor,3.162900442964207e-06
interestfre,3.162900442964207e-06
tingent,3.162900442964207e-06
ypn,3.162900442964207e-06
growthori,3.162900442964207e-06
dfp,3.162900442964207e-06
eea,3.162900442964207e-06
roadway,3.162900442964207e-06
rdr,3.162900442964207e-06
ane,3.162900442964207e-06
eld,3.162900442964207e-06
rji,3.162900442964207e-06
inattent,3.162900442964207e-06
kni,3.162900442964207e-06
rmax,3.162900442964207e-06
afield,3.162900442964207e-06
oratori,3.162900442964207e-06
icpsr,3.162900442964207e-06
loco,3.162900442964207e-06
mattress,3.162900442964207e-06
ypl,3.162900442964207e-06
vener,3.162900442964207e-06
coa,3.162900442964207e-06
hume,3.162900442964207e-06
vogu,3.162900442964207e-06
fernand,3.162900442964207e-06
tpl,3.162900442964207e-06
wand,3.162900442964207e-06
tabli,3.162900442964207e-06
quential,3.162900442964207e-06
timeprefer,3.162900442964207e-06
soul,3.162900442964207e-06
timehorizon,3.162900442964207e-06
industr,3.162900442964207e-06
oneparamet,3.162900442964207e-06
thirdcountri,3.162900442964207e-06
psl,3.162900442964207e-06
succumb,3.162900442964207e-06
onedollar,3.162900442964207e-06
fke,3.162900442964207e-06
wag,3.162900442964207e-06
replet,3.162900442964207e-06
polanyi,3.162900442964207e-06
oaxaca,3.162900442964207e-06
fiftyeight,3.162900442964207e-06
raaj,3.162900442964207e-06
bolder,3.162900442964207e-06
monument,3.162900442964207e-06
nanak,3.162900442964207e-06
clog,3.162900442964207e-06
mechanis,3.162900442964207e-06
ploitat,3.162900442964207e-06
textur,3.162900442964207e-06
kouri,3.162900442964207e-06
yona,3.162900442964207e-06
boa,3.162900442964207e-06
statur,3.162900442964207e-06
hashem,3.162900442964207e-06
extinguish,3.162900442964207e-06
overdispers,3.162900442964207e-06
dercon,3.162900442964207e-06
turnout,3.162900442964207e-06
intrillig,3.162900442964207e-06
lawn,3.162900442964207e-06
misunderstood,3.162900442964207e-06
tailer,3.162900442964207e-06
sshrc,3.162900442964207e-06
baht,3.162900442964207e-06
wrw,3.162900442964207e-06
homegrown,3.162900442964207e-06
documentari,3.162900442964207e-06
witi,3.162900442964207e-06
pou,3.162900442964207e-06
trea,3.162900442964207e-06
holloway,3.162900442964207e-06
tjh,3.162900442964207e-06
acced,3.162900442964207e-06
smithsonian,3.162900442964207e-06
ludwig,3.162900442964207e-06
usaid,3.162900442964207e-06
humblot,3.162900442964207e-06
irm,3.162900442964207e-06
amean,3.162900442964207e-06
nake,3.162900442964207e-06
obstruct,3.162900442964207e-06
lyo,3.162900442964207e-06
propensityscor,3.162900442964207e-06
mundan,3.162900442964207e-06
sedlacek,3.162900442964207e-06
coy,3.162900442964207e-06
nif,3.162900442964207e-06
teed,3.162900442964207e-06
recaptur,3.162900442964207e-06
parentag,3.162900442964207e-06
impound,3.162900442964207e-06
microbas,3.162900442964207e-06
errorcompon,3.162900442964207e-06
aprilmay,3.162900442964207e-06
ciabl,3.162900442964207e-06
securi,3.162900442964207e-06
ejk,3.162900442964207e-06
fite,3.162900442964207e-06
prev,3.162900442964207e-06
rfr,3.162900442964207e-06
hindu,3.162900442964207e-06
incit,3.162900442964207e-06
maksimov,3.162900442964207e-06
reser,3.162900442964207e-06
dietrich,3.162900442964207e-06
phila,3.162900442964207e-06
fih,3.162900442964207e-06
loweduc,3.162900442964207e-06
entic,3.162900442964207e-06
besanko,3.162900442964207e-06
discord,3.162900442964207e-06
miniscul,3.162900442964207e-06
eca,3.162900442964207e-06
ljungqvist,3.162900442964207e-06
intergovern,3.162900442964207e-06
oaa,3.162900442964207e-06
exemp,3.162900442964207e-06
sadka,3.162900442964207e-06
ghironi,3.162900442964207e-06
lignit,3.162900442964207e-06
economv,3.162900442964207e-06
souirc,3.162900442964207e-06
unquantifi,3.162900442964207e-06
aarhus,3.162900442964207e-06
gadi,3.162900442964207e-06
axb,3.162900442964207e-06
schoolag,3.162900442964207e-06
lognor,3.162900442964207e-06
prerog,3.162900442964207e-06
omaha,3.162900442964207e-06
wrr,3.162900442964207e-06
mercantilist,3.162900442964207e-06
goodspecif,3.162900442964207e-06
noncompeti,3.162900442964207e-06
nonconcav,3.162900442964207e-06
orthodoxi,3.162900442964207e-06
bergla,3.162900442964207e-06
monro,3.162900442964207e-06
acx,3.162900442964207e-06
liamson,3.162900442964207e-06
priceoutput,3.162900442964207e-06
chaloupka,3.162900442964207e-06
worstoff,3.162900442964207e-06
interpl,3.162900442964207e-06
pqx,3.162900442964207e-06
revolt,3.162900442964207e-06
simplifica,3.162900442964207e-06
iiiiv,3.162900442964207e-06
dni,3.162900442964207e-06
tcc,3.162900442964207e-06
sewerag,3.162900442964207e-06
dotcom,3.162900442964207e-06
affix,3.162900442964207e-06
extem,3.162900442964207e-06
fasten,3.162900442964207e-06
rrr,3.162900442964207e-06
tious,3.162900442964207e-06
blockdiagon,3.162900442964207e-06
coeditor,3.162900442964207e-06
unaid,3.162900442964207e-06
ich,3.162900442964207e-06
threestep,3.162900442964207e-06
logv,3.162900442964207e-06
njs,3.162900442964207e-06
highvolum,3.162900442964207e-06
pers,3.162900442964207e-06
qio,3.162900442964207e-06
supervi,3.162900442964207e-06
vault,3.162900442964207e-06
lessli,3.162900442964207e-06
tabu,3.162900442964207e-06
ledger,3.162900442964207e-06
gsg,3.162900442964207e-06
juvenil,3.162900442964207e-06
parabol,3.162900442964207e-06
eswaran,3.162900442964207e-06
undercapit,3.162900442964207e-06
overreact,3.162900442964207e-06
woytinski,3.162900442964207e-06
curiosum,3.162900442964207e-06
riezman,3.162900442964207e-06
primer,3.162900442964207e-06
tbe,3.162900442964207e-06
assetpr,3.162900442964207e-06
rockoff,3.162900442964207e-06
obliqu,3.162900442964207e-06
gainesvill,3.162900442964207e-06
fought,3.162900442964207e-06
necessi,3.162900442964207e-06
midatlant,3.162900442964207e-06
jii,3.162900442964207e-06
reddi,3.162900442964207e-06
btt,3.162900442964207e-06
tjk,3.162900442964207e-06
stereo,3.162900442964207e-06
rjv,3.162900442964207e-06
dolado,3.162900442964207e-06
unsubsid,3.162900442964207e-06
unnec,3.162900442964207e-06
kclass,3.162900442964207e-06
ecl,3.162900442964207e-06
ortho,3.162900442964207e-06
integervalu,3.162900442964207e-06
fiur,3.162900442964207e-06
refresh,3.162900442964207e-06
blakiston,3.162900442964207e-06
renault,3.162900442964207e-06
jha,3.162900442964207e-06
welfaretheoret,3.162900442964207e-06
noy,3.162900442964207e-06
stroke,3.162900442964207e-06
quadrini,3.162900442964207e-06
exposi,3.162900442964207e-06
ulatori,3.162900442964207e-06
scharfstein,3.162900442964207e-06
qia,3.162900442964207e-06
ssj,3.162900442964207e-06
menucost,3.162900442964207e-06
ybt,3.162900442964207e-06
dictum,3.162900442964207e-06
raf,3.162900442964207e-06
infi,3.162900442964207e-06
uphold,3.162900442964207e-06
taint,3.162900442964207e-06
hamlet,3.162900442964207e-06
stateprefer,3.162900442964207e-06
foolish,3.162900442964207e-06
juhn,3.162900442964207e-06
dogmat,3.162900442964207e-06
pankaj,3.162900442964207e-06
postbretton,3.162900442964207e-06
voke,3.162900442964207e-06
lnh,3.162900442964207e-06
kiw,3.162900442964207e-06
finitehorizon,3.162900442964207e-06
cynic,3.162900442964207e-06
parameteris,3.162900442964207e-06
dartboard,3.162900442964207e-06
inexplic,3.162900442964207e-06
trig,3.162900442964207e-06
distributionfre,3.162900442964207e-06
capitala,3.162900442964207e-06
pled,3.162900442964207e-06
overexpans,3.162900442964207e-06
qet,3.162900442964207e-06
vsa,3.162900442964207e-06
monika,3.162900442964207e-06
infti,3.162900442964207e-06
faint,3.162900442964207e-06
undiversifi,3.162900442964207e-06
intramargin,3.162900442964207e-06
supergametheoret,3.162900442964207e-06
simulationbas,3.162900442964207e-06
twoinput,3.162900442964207e-06
mendous,3.162900442964207e-06
kobe,3.162900442964207e-06
mune,3.162900442964207e-06
donovan,3.162900442964207e-06
vorabl,3.162900442964207e-06
keat,3.162900442964207e-06
nci,3.162900442964207e-06
previousperiod,3.162900442964207e-06
incomn,3.162900442964207e-06
xmn,3.162900442964207e-06
misinform,3.162900442964207e-06
guttman,3.162900442964207e-06
punit,3.162900442964207e-06
casion,3.162900442964207e-06
rrf,3.162900442964207e-06
lbn,3.162900442964207e-06
iar,3.162900442964207e-06
amir,3.162900442964207e-06
underconsumpt,3.162900442964207e-06
avo,3.162900442964207e-06
lthis,3.162900442964207e-06
slav,3.162900442964207e-06
fuzzi,3.162900442964207e-06
gentri,3.162900442964207e-06
pyn,3.162900442964207e-06
rpn,3.162900442964207e-06
comn,3.162900442964207e-06
dil,3.162900442964207e-06
asymmet,3.162900442964207e-06
overrul,3.162900442964207e-06
largerscal,3.162900442964207e-06
minimiza,3.162900442964207e-06
xtxt,3.162900442964207e-06
demolish,3.162900442964207e-06
middles,3.162900442964207e-06
unsupport,3.162900442964207e-06
adject,3.162900442964207e-06
prx,3.162900442964207e-06
ooa,3.162900442964207e-06
functioni,3.162900442964207e-06
pullman,3.162900442964207e-06
rodolfo,3.162900442964207e-06
ckr,3.162900442964207e-06
belknap,3.162900442964207e-06
spo,3.162900442964207e-06
yot,3.162900442964207e-06
anu,3.162900442964207e-06
deus,3.162900442964207e-06
timesepar,3.162900442964207e-06
slim,3.162900442964207e-06
sectorj,3.162900442964207e-06
een,3.162900442964207e-06
rls,3.162900442964207e-06
alessi,3.162900442964207e-06
ifr,3.162900442964207e-06
antidot,3.162900442964207e-06
remnant,3.162900442964207e-06
xts,3.162900442964207e-06
prussian,3.162900442964207e-06
shuffl,3.162900442964207e-06
humboldt,3.162900442964207e-06
dpu,3.162900442964207e-06
payn,3.162900442964207e-06
archer,3.162900442964207e-06
gradstein,3.162900442964207e-06
ppl,3.162900442964207e-06
weo,3.162900442964207e-06
neftci,3.162900442964207e-06
plific,3.162900442964207e-06
reactiv,3.162900442964207e-06
sift,3.162900442964207e-06
vaj,3.162900442964207e-06
whit,3.162900442964207e-06
alti,3.162900442964207e-06
pone,3.162900442964207e-06
arik,3.162900442964207e-06
bakk,3.162900442964207e-06
communitybas,3.162900442964207e-06
prune,3.162900442964207e-06
peaktotrough,3.162900442964207e-06
orchestra,3.162900442964207e-06
abk,3.162900442964207e-06
transposit,3.162900442964207e-06
firmer,3.162900442964207e-06
ltp,3.162900442964207e-06
takashi,3.162900442964207e-06
lopezsalido,3.162900442964207e-06
cert,3.162900442964207e-06
nondefault,3.162900442964207e-06
undocu,3.162900442964207e-06
argmax,3.162900442964207e-06
ruptci,3.162900442964207e-06
sylla,3.162900442964207e-06
apn,3.162900442964207e-06
cpf,3.162900442964207e-06
oneday,3.162900442964207e-06
clumsi,3.162900442964207e-06
proval,3.162900442964207e-06
ditiv,3.162900442964207e-06
upt,3.162900442964207e-06
nonstructur,3.162900442964207e-06
seabright,3.162900442964207e-06
librairi,3.162900442964207e-06
unfound,3.162900442964207e-06
maze,3.162900442964207e-06
tva,3.162900442964207e-06
costlier,3.162900442964207e-06
amax,3.162900442964207e-06
steak,3.162900442964207e-06
crei,3.162900442964207e-06
chestnut,3.162900442964207e-06
miracul,3.162900442964207e-06
lifestyl,3.162900442964207e-06
ood,3.162900442964207e-06
bst,3.162900442964207e-06
albrecht,3.162900442964207e-06
frydman,3.162900442964207e-06
heterosk,3.162900442964207e-06
iel,3.162900442964207e-06
mtd,3.162900442964207e-06
redux,3.162900442964207e-06
ciw,3.162900442964207e-06
fastestgrow,3.162900442964207e-06
oldfashion,3.162900442964207e-06
changein,2.846610398667786e-06
graphi,2.846610398667786e-06
mire,2.846610398667786e-06
eac,2.846610398667786e-06
xtn,2.846610398667786e-06
aek,2.846610398667786e-06
henceforward,2.846610398667786e-06
kingsley,2.846610398667786e-06
jll,2.846610398667786e-06
rious,2.846610398667786e-06
bhandari,2.846610398667786e-06
singlefactor,2.846610398667786e-06
cxii,2.846610398667786e-06
maclaurin,2.846610398667786e-06
tubingen,2.846610398667786e-06
sfi,2.846610398667786e-06
firewood,2.846610398667786e-06
hic,2.846610398667786e-06
wts,2.846610398667786e-06
superstar,2.846610398667786e-06
ancl,2.846610398667786e-06
concili,2.846610398667786e-06
vla,2.846610398667786e-06
havoc,2.846610398667786e-06
anthro,2.846610398667786e-06
preferen,2.846610398667786e-06
armament,2.846610398667786e-06
vgt,2.846610398667786e-06
ewe,2.846610398667786e-06
remem,2.846610398667786e-06
hester,2.846610398667786e-06
taboo,2.846610398667786e-06
dishwash,2.846610398667786e-06
disquiet,2.846610398667786e-06
dsdt,2.846610398667786e-06
dut,2.846610398667786e-06
janusz,2.846610398667786e-06
glasgow,2.846610398667786e-06
enzler,2.846610398667786e-06
versibl,2.846610398667786e-06
karel,2.846610398667786e-06
hct,2.846610398667786e-06
melinda,2.846610398667786e-06
zpt,2.846610398667786e-06
overfulfil,2.846610398667786e-06
empl,2.846610398667786e-06
norri,2.846610398667786e-06
usi,2.846610398667786e-06
qat,2.846610398667786e-06
csd,2.846610398667786e-06
openmarket,2.846610398667786e-06
nonindepend,2.846610398667786e-06
acb,2.846610398667786e-06
wtpt,2.846610398667786e-06
costplus,2.846610398667786e-06
pauper,2.846610398667786e-06
peninsula,2.846610398667786e-06
fluential,2.846610398667786e-06
energet,2.846610398667786e-06
optimi,2.846610398667786e-06
aiw,2.846610398667786e-06
gaffney,2.846610398667786e-06
nucleus,2.846610398667786e-06
delphia,2.846610398667786e-06
gorithm,2.846610398667786e-06
fak,2.846610398667786e-06
vvs,2.846610398667786e-06
cowork,2.846610398667786e-06
kei,2.846610398667786e-06
ajay,2.846610398667786e-06
prospec,2.846610398667786e-06
pae,2.846610398667786e-06
stuidi,2.846610398667786e-06
tgeq,2.846610398667786e-06
taxpric,2.846610398667786e-06
remunera,2.846610398667786e-06
fortifi,2.846610398667786e-06
insuper,2.846610398667786e-06
xco,2.846610398667786e-06
calibra,2.846610398667786e-06
raffaella,2.846610398667786e-06
iioi,2.846610398667786e-06
yki,2.846610398667786e-06
conundrum,2.846610398667786e-06
labourleisur,2.846610398667786e-06
interdistrict,2.846610398667786e-06
gloss,2.846610398667786e-06
selfgovern,2.846610398667786e-06
ution,2.846610398667786e-06
pricefix,2.846610398667786e-06
ctv,2.846610398667786e-06
neapoli,2.846610398667786e-06
fthe,2.846610398667786e-06
langer,2.846610398667786e-06
mmm,2.846610398667786e-06
financialmarket,2.846610398667786e-06
asbesto,2.846610398667786e-06
mostfavor,2.846610398667786e-06
ryder,2.846610398667786e-06
instructor,2.846610398667786e-06
utmost,2.846610398667786e-06
haircut,2.846610398667786e-06
rata,2.846610398667786e-06
goodsa,2.846610398667786e-06
valueless,2.846610398667786e-06
memoir,2.846610398667786e-06
iooooo,2.846610398667786e-06
lowerskil,2.846610398667786e-06
easton,2.846610398667786e-06
ptxt,2.846610398667786e-06
iex,2.846610398667786e-06
ylj,2.846610398667786e-06
creatur,2.846610398667786e-06
sdc,2.846610398667786e-06
sln,2.846610398667786e-06
oxt,2.846610398667786e-06
hci,2.846610398667786e-06
suv,2.846610398667786e-06
microanalysi,2.846610398667786e-06
highervalu,2.846610398667786e-06
jed,2.846610398667786e-06
causa,2.846610398667786e-06
tfs,2.846610398667786e-06
extraordi,2.846610398667786e-06
tcn,2.846610398667786e-06
dtf,2.846610398667786e-06
supergam,2.846610398667786e-06
xet,2.846610398667786e-06
genius,2.846610398667786e-06
seton,2.846610398667786e-06
cjl,2.846610398667786e-06
kvt,2.846610398667786e-06
gia,2.846610398667786e-06
anymor,2.846610398667786e-06
iap,2.846610398667786e-06
ignatius,2.846610398667786e-06
gci,2.846610398667786e-06
subdistrict,2.846610398667786e-06
cuthbertson,2.846610398667786e-06
msj,2.846610398667786e-06
privaci,2.846610398667786e-06
thoroughgo,2.846610398667786e-06
powerless,2.846610398667786e-06
chunk,2.846610398667786e-06
msl,2.846610398667786e-06
fortabl,2.846610398667786e-06
outof,2.846610398667786e-06
modelfor,2.846610398667786e-06
greet,2.846610398667786e-06
ienc,2.846610398667786e-06
luther,2.846610398667786e-06
harrington,2.846610398667786e-06
teris,2.846610398667786e-06
bacharach,2.846610398667786e-06
interurban,2.846610398667786e-06
ttf,2.846610398667786e-06
unab,2.846610398667786e-06
christiansen,2.846610398667786e-06
cak,2.846610398667786e-06
buick,2.846610398667786e-06
msc,2.846610398667786e-06
tray,2.846610398667786e-06
yee,2.846610398667786e-06
budish,2.846610398667786e-06
yya,2.846610398667786e-06
ckl,2.846610398667786e-06
scotch,2.846610398667786e-06
cue,2.846610398667786e-06
leftright,2.846610398667786e-06
versatil,2.846610398667786e-06
gim,2.846610398667786e-06
hoh,2.846610398667786e-06
cipit,2.846610398667786e-06
fdistribut,2.846610398667786e-06
notefigur,2.846610398667786e-06
wig,2.846610398667786e-06
collateraliz,2.846610398667786e-06
sect,2.846610398667786e-06
scn,2.846610398667786e-06
overaccumul,2.846610398667786e-06
minuscul,2.846610398667786e-06
monopolis,2.846610398667786e-06
bernardo,2.846610398667786e-06
sdt,2.846610398667786e-06
insensi,2.846610398667786e-06
adag,2.846610398667786e-06
flurri,2.846610398667786e-06
roster,2.846610398667786e-06
tulsa,2.846610398667786e-06
geoff,2.846610398667786e-06
glove,2.846610398667786e-06
cjs,2.846610398667786e-06
weal,2.846610398667786e-06
enlist,2.846610398667786e-06
httpwwwaeaweborgarticlesphp,2.846610398667786e-06
frighten,2.846610398667786e-06
contrariwis,2.846610398667786e-06
jurgen,2.846610398667786e-06
anticipa,2.846610398667786e-06
austra,2.846610398667786e-06
gsl,2.846610398667786e-06
modig,2.846610398667786e-06
butcher,2.846610398667786e-06
paish,2.846610398667786e-06
interdisciplinari,2.846610398667786e-06
trl,2.846610398667786e-06
soutrc,2.846610398667786e-06
eej,2.846610398667786e-06
battlefield,2.846610398667786e-06
woe,2.846610398667786e-06
ktlt,2.846610398667786e-06
pereira,2.846610398667786e-06
allout,2.846610398667786e-06
scotia,2.846610398667786e-06
trr,2.846610398667786e-06
jayachandran,2.846610398667786e-06
unhelp,2.846610398667786e-06
disapprov,2.846610398667786e-06
multilevel,2.846610398667786e-06
dsl,2.846610398667786e-06
withinmarket,2.846610398667786e-06
specter,2.846610398667786e-06
mtt,2.846610398667786e-06
nwt,2.846610398667786e-06
cma,2.846610398667786e-06
tandon,2.846610398667786e-06
mfl,2.846610398667786e-06
postelvinay,2.846610398667786e-06
oneparti,2.846610398667786e-06
giy,2.846610398667786e-06
exorbit,2.846610398667786e-06
wilkin,2.846610398667786e-06
kocherlakota,2.846610398667786e-06
inforc,2.846610398667786e-06
iga,2.846610398667786e-06
skj,2.846610398667786e-06
hazel,2.846610398667786e-06
topright,2.846610398667786e-06
negligi,2.846610398667786e-06
emplov,2.846610398667786e-06
xat,2.846610398667786e-06
tibshirani,2.846610398667786e-06
runoff,2.846610398667786e-06
crest,2.846610398667786e-06
mcintyr,2.846610398667786e-06
timeinconsist,2.846610398667786e-06
dormant,2.846610398667786e-06
uournal,2.846610398667786e-06
folli,2.846610398667786e-06
imj,2.846610398667786e-06
kxl,2.846610398667786e-06
pigeon,2.846610398667786e-06
millenni,2.846610398667786e-06
cavanagh,2.846610398667786e-06
ief,2.846610398667786e-06
sos,2.846610398667786e-06
twoasset,2.846610398667786e-06
grantinaid,2.846610398667786e-06
scout,2.846610398667786e-06
liz,2.846610398667786e-06
saito,2.846610398667786e-06
bollerslev,2.846610398667786e-06
vore,2.846610398667786e-06
pantheon,2.846610398667786e-06
saar,2.846610398667786e-06
dream,2.846610398667786e-06
equationi,2.846610398667786e-06
ytyt,2.846610398667786e-06
cft,2.846610398667786e-06
sistema,2.846610398667786e-06
tenden,2.846610398667786e-06
dling,2.846610398667786e-06
fgr,2.846610398667786e-06
presen,2.846610398667786e-06
tbt,2.846610398667786e-06
commun,2.846610398667786e-06
grenand,2.846610398667786e-06
harass,2.846610398667786e-06
ylr,2.846610398667786e-06
bleak,2.846610398667786e-06
tpc,2.846610398667786e-06
tongu,2.846610398667786e-06
nationst,2.846610398667786e-06
derstood,2.846610398667786e-06
shorterrun,2.846610398667786e-06
trum,2.846610398667786e-06
enclav,2.846610398667786e-06
pdj,2.846610398667786e-06
sdo,2.846610398667786e-06
zar,2.846610398667786e-06
dickson,2.846610398667786e-06
priceinelast,2.846610398667786e-06
embod,2.846610398667786e-06
crusad,2.846610398667786e-06
secondround,2.846610398667786e-06
messi,2.846610398667786e-06
eja,2.846610398667786e-06
detud,2.846610398667786e-06
aab,2.846610398667786e-06
ekonomika,2.846610398667786e-06
nnn,2.846610398667786e-06
ike,2.846610398667786e-06
oan,2.846610398667786e-06
zir,2.846610398667786e-06
logtot,2.846610398667786e-06
akr,2.846610398667786e-06
hlo,2.846610398667786e-06
farsight,2.846610398667786e-06
nondiversifi,2.846610398667786e-06
rqi,2.846610398667786e-06
pesek,2.846610398667786e-06
paral,2.846610398667786e-06
satterthwait,2.846610398667786e-06
yeart,2.846610398667786e-06
supplypric,2.846610398667786e-06
eeit,2.846610398667786e-06
mcfarland,2.846610398667786e-06
gik,2.846610398667786e-06
versial,2.846610398667786e-06
zoom,2.846610398667786e-06
embassi,2.846610398667786e-06
ilr,2.846610398667786e-06
ellwood,2.846610398667786e-06
knock,2.846610398667786e-06
fydi,2.846610398667786e-06
liken,2.846610398667786e-06
ptst,2.846610398667786e-06
visori,2.846610398667786e-06
torcuato,2.846610398667786e-06
congeni,2.846610398667786e-06
hungri,2.846610398667786e-06
dirtier,2.846610398667786e-06
allel,2.846610398667786e-06
ljungbox,2.846610398667786e-06
pnc,2.846610398667786e-06
tenor,2.846610398667786e-06
lumbia,2.846610398667786e-06
plead,2.846610398667786e-06
dexter,2.846610398667786e-06
leah,2.846610398667786e-06
rsl,2.846610398667786e-06
esiz,2.846610398667786e-06
welfareenhanc,2.846610398667786e-06
estinm,2.846610398667786e-06
kir,2.846610398667786e-06
heywood,2.846610398667786e-06
rta,2.846610398667786e-06
finetun,2.846610398667786e-06
chequ,2.846610398667786e-06
revenuerais,2.846610398667786e-06
lrn,2.846610398667786e-06
diminu,2.846610398667786e-06
occupationspecif,2.846610398667786e-06
llh,2.846610398667786e-06
bred,2.846610398667786e-06
kkk,2.846610398667786e-06
larsen,2.846610398667786e-06
mora,2.846610398667786e-06
duncker,2.846610398667786e-06
disputandum,2.846610398667786e-06
ivalu,2.846610398667786e-06
satiat,2.846610398667786e-06
copious,2.846610398667786e-06
iiie,2.846610398667786e-06
trognon,2.846610398667786e-06
itd,2.846610398667786e-06
reconvers,2.846610398667786e-06
potenc,2.846610398667786e-06
dombusch,2.846610398667786e-06
maitreesh,2.846610398667786e-06
agreedupon,2.846610398667786e-06
fro,2.846610398667786e-06
thte,2.846610398667786e-06
emeri,2.846610398667786e-06
trygv,2.846610398667786e-06
waver,2.846610398667786e-06
overload,2.846610398667786e-06
ester,2.846610398667786e-06
floud,2.846610398667786e-06
earningsrel,2.846610398667786e-06
pseudorandom,2.846610398667786e-06
bioscienc,2.846610398667786e-06
printout,2.846610398667786e-06
hispan,2.846610398667786e-06
ariti,2.846610398667786e-06
hln,2.846610398667786e-06
reappli,2.846610398667786e-06
technometr,2.846610398667786e-06
lnj,2.846610398667786e-06
ueda,2.846610398667786e-06
counterf,2.846610398667786e-06
ava,2.846610398667786e-06
inex,2.846610398667786e-06
vel,2.846610398667786e-06
morgen,2.846610398667786e-06
vlk,2.846610398667786e-06
colston,2.846610398667786e-06
akron,2.846610398667786e-06
appetit,2.846610398667786e-06
exac,2.846610398667786e-06
quarterl,2.846610398667786e-06
bom,2.846610398667786e-06
nonnat,2.846610398667786e-06
dff,2.846610398667786e-06
cashinadv,2.846610398667786e-06
wireless,2.846610398667786e-06
pital,2.846610398667786e-06
bothersom,2.846610398667786e-06
tightest,2.846610398667786e-06
allp,2.846610398667786e-06
singlefirm,2.846610398667786e-06
sho,2.846610398667786e-06
conjunctur,2.846610398667786e-06
euo,2.846610398667786e-06
poison,2.846610398667786e-06
fixpric,2.846610398667786e-06
obj,2.846610398667786e-06
spendabl,2.846610398667786e-06
uin,2.846610398667786e-06
myrick,2.846610398667786e-06
reimer,2.846610398667786e-06
aeo,2.846610398667786e-06
dernburg,2.846610398667786e-06
tinuiti,2.846610398667786e-06
cartter,2.846610398667786e-06
ppx,2.846610398667786e-06
upperbound,2.846610398667786e-06
qri,2.846610398667786e-06
stituent,2.846610398667786e-06
lull,2.846610398667786e-06
elf,2.846610398667786e-06
rist,2.846610398667786e-06
corol,2.846610398667786e-06
determinant,2.846610398667786e-06
ucb,2.846610398667786e-06
submerg,2.846610398667786e-06
maxx,2.846610398667786e-06
hose,2.846610398667786e-06
eclips,2.846610398667786e-06
fiftynin,2.846610398667786e-06
ogo,2.846610398667786e-06
coalfir,2.846610398667786e-06
djs,2.846610398667786e-06
counterparti,2.846610398667786e-06
plq,2.846610398667786e-06
vxx,2.846610398667786e-06
captial,2.846610398667786e-06
eyj,2.846610398667786e-06
trauma,2.846610398667786e-06
syst,2.846610398667786e-06
investmentgood,2.846610398667786e-06
cologn,2.846610398667786e-06
sorption,2.846610398667786e-06
unbrand,2.846610398667786e-06
gesellschaft,2.846610398667786e-06
leftwich,2.846610398667786e-06
chau,2.846610398667786e-06
mannwhitney,2.846610398667786e-06
ivt,2.846610398667786e-06
nondu,2.846610398667786e-06
nish,2.846610398667786e-06
elo,2.846610398667786e-06
ife,2.846610398667786e-06
rephras,2.846610398667786e-06
takatoshi,2.846610398667786e-06
retract,2.846610398667786e-06
intertempo,2.846610398667786e-06
eisenhow,2.846610398667786e-06
lago,2.846610398667786e-06
bhargava,2.846610398667786e-06
mcgee,2.846610398667786e-06
countless,2.846610398667786e-06
merat,2.846610398667786e-06
yitl,2.846610398667786e-06
cion,2.846610398667786e-06
gerardo,2.846610398667786e-06
einer,2.846610398667786e-06
wirtschaftlich,2.846610398667786e-06
borer,2.846610398667786e-06
gaag,2.846610398667786e-06
blk,2.846610398667786e-06
ryi,2.846610398667786e-06
obo,2.846610398667786e-06
buchinski,2.846610398667786e-06
sonist,2.846610398667786e-06
fmp,2.846610398667786e-06
nigel,2.846610398667786e-06
ahf,2.846610398667786e-06
geg,2.846610398667786e-06
polachek,2.846610398667786e-06
oleg,2.846610398667786e-06
fool,2.846610398667786e-06
alln,2.846610398667786e-06
ppa,2.846610398667786e-06
stray,2.846610398667786e-06
fighter,2.846610398667786e-06
wfl,2.846610398667786e-06
plight,2.846610398667786e-06
modelth,2.846610398667786e-06
mainstay,2.846610398667786e-06
orien,2.846610398667786e-06
nye,2.846610398667786e-06
terview,2.846610398667786e-06
rota,2.846610398667786e-06
abreu,2.846610398667786e-06
electro,2.846610398667786e-06
chargeabl,2.846610398667786e-06
growthjp,2.846610398667786e-06
extraor,2.846610398667786e-06
lehigh,2.846610398667786e-06
complac,2.846610398667786e-06
productivityenhanc,2.846610398667786e-06
cosmopolitan,2.846610398667786e-06
wasnt,2.846610398667786e-06
jxj,2.846610398667786e-06
mosquito,2.846610398667786e-06
vjk,2.846610398667786e-06
singlepeak,2.846610398667786e-06
patch,2.846610398667786e-06
tidi,2.846610398667786e-06
nrl,2.846610398667786e-06
reassert,2.846610398667786e-06
ninetieth,2.846610398667786e-06
subaddit,2.846610398667786e-06
rou,2.846610398667786e-06
jimenez,2.846610398667786e-06
equationbyequ,2.846610398667786e-06
plf,2.846610398667786e-06
justiniano,2.846610398667786e-06
elisabeth,2.846610398667786e-06
reper,2.846610398667786e-06
mxt,2.846610398667786e-06
headship,2.846610398667786e-06
obliga,2.846610398667786e-06
urbanachampaign,2.846610398667786e-06
sori,2.846610398667786e-06
bjj,2.846610398667786e-06
mam,2.846610398667786e-06
vcc,2.846610398667786e-06
flq,2.846610398667786e-06
prat,2.846610398667786e-06
docil,2.846610398667786e-06
irrespons,2.846610398667786e-06
enthoven,2.846610398667786e-06
postsampl,2.846610398667786e-06
utensil,2.846610398667786e-06
kht,2.846610398667786e-06
lji,2.846610398667786e-06
interperiod,2.846610398667786e-06
tue,2.846610398667786e-06
iut,2.846610398667786e-06
supermajor,2.846610398667786e-06
eurocurr,2.846610398667786e-06
piraci,2.846610398667786e-06
yal,2.846610398667786e-06
informationbas,2.846610398667786e-06
maier,2.846610398667786e-06
shapley,2.846610398667786e-06
info,2.846610398667786e-06
erupt,2.846610398667786e-06
tick,2.846610398667786e-06
sqt,2.846610398667786e-06
platinum,2.846610398667786e-06
qtr,2.846610398667786e-06
alexandria,2.846610398667786e-06
arent,2.846610398667786e-06
fratern,2.846610398667786e-06
talist,2.846610398667786e-06
doxic,2.846610398667786e-06
intermingl,2.846610398667786e-06
ytr,2.846610398667786e-06
eigen,2.846610398667786e-06
tinent,2.846610398667786e-06
udp,2.846610398667786e-06
cannib,2.846610398667786e-06
lott,2.846610398667786e-06
tralian,2.846610398667786e-06
macra,2.846610398667786e-06
iog,2.846610398667786e-06
goldenrul,2.846610398667786e-06
trs,2.846610398667786e-06
automati,2.846610398667786e-06
endogenousgrowth,2.846610398667786e-06
schiller,2.846610398667786e-06
anx,2.846610398667786e-06
tif,2.846610398667786e-06
ecar,2.846610398667786e-06
twine,2.846610398667786e-06
gentina,2.846610398667786e-06
mouton,2.846610398667786e-06
netzer,2.846610398667786e-06
metropol,2.846610398667786e-06
supplyanddemand,2.846610398667786e-06
carsten,2.846610398667786e-06
gkt,2.846610398667786e-06
knife,2.846610398667786e-06
boll,2.846610398667786e-06
ymax,2.846610398667786e-06
wnp,2.846610398667786e-06
itan,2.846610398667786e-06
mata,2.846610398667786e-06
sooo,2.846610398667786e-06
macculloch,2.846610398667786e-06
reflec,2.846610398667786e-06
expp,2.846610398667786e-06
peke,2.846610398667786e-06
racin,2.846610398667786e-06
aiti,2.846610398667786e-06
doo,2.846610398667786e-06
xyt,2.846610398667786e-06
fdr,2.846610398667786e-06
mercer,2.846610398667786e-06
astray,2.846610398667786e-06
fxl,2.846610398667786e-06
credenti,2.846610398667786e-06
bvt,2.846610398667786e-06
sensat,2.846610398667786e-06
frazer,2.846610398667786e-06
felip,2.846610398667786e-06
anumb,2.846610398667786e-06
governmentsponsor,2.846610398667786e-06
incentiv,2.846610398667786e-06
wolinski,2.846610398667786e-06
noncycl,2.846610398667786e-06
costsa,2.846610398667786e-06
susann,2.846610398667786e-06
anp,2.846610398667786e-06
ofek,2.846610398667786e-06
mahoney,2.846610398667786e-06
novshek,2.846610398667786e-06
rui,2.846610398667786e-06
melvill,2.846610398667786e-06
daspremont,2.846610398667786e-06
faa,2.846610398667786e-06
exitvoic,2.846610398667786e-06
subscrip,2.846610398667786e-06
rudd,2.846610398667786e-06
twa,2.846610398667786e-06
lowreturn,2.846610398667786e-06
wjl,2.846610398667786e-06
thinner,2.846610398667786e-06
sexton,2.846610398667786e-06
imiti,2.846610398667786e-06
hhs,2.846610398667786e-06
ograph,2.846610398667786e-06
rabin,2.846610398667786e-06
itw,2.846610398667786e-06
dele,2.846610398667786e-06
bdt,2.846610398667786e-06
chernoff,2.846610398667786e-06
xif,2.846610398667786e-06
mcx,2.846610398667786e-06
chichest,2.846610398667786e-06
foreignproduc,2.846610398667786e-06
aif,2.846610398667786e-06
xixi,2.846610398667786e-06
overbid,2.846610398667786e-06
tso,2.846610398667786e-06
cramp,2.846610398667786e-06
sequen,2.846610398667786e-06
nxn,2.846610398667786e-06
dqj,2.846610398667786e-06
torvik,2.846610398667786e-06
shatter,2.846610398667786e-06
zto,2.846610398667786e-06
sqs,2.846610398667786e-06
unlucki,2.846610398667786e-06
jarqu,2.846610398667786e-06
eso,2.846610398667786e-06
golub,2.846610398667786e-06
qni,2.846610398667786e-06
periodt,2.846610398667786e-06
ippolito,2.846610398667786e-06
acit,2.846610398667786e-06
aml,2.846610398667786e-06
disser,2.846610398667786e-06
blain,2.846610398667786e-06
incomea,2.846610398667786e-06
arit,2.846610398667786e-06
yla,2.846610398667786e-06
bgi,2.846610398667786e-06
tand,2.846610398667786e-06
orn,2.846610398667786e-06
udu,2.846610398667786e-06
klk,2.846610398667786e-06
caj,2.846610398667786e-06
ctu,2.846610398667786e-06
hau,2.846610398667786e-06
nonpurchas,2.846610398667786e-06
tisement,2.846610398667786e-06
gaza,2.846610398667786e-06
nonclass,2.846610398667786e-06
modelsth,2.846610398667786e-06
pnces,2.846610398667786e-06
piz,2.846610398667786e-06
frr,2.846610398667786e-06
reto,2.846610398667786e-06
rubric,2.846610398667786e-06
workleisur,2.846610398667786e-06
tzl,2.846610398667786e-06
humanist,2.846610398667786e-06
sponsorship,2.846610398667786e-06
ascent,2.846610398667786e-06
hyderabad,2.846610398667786e-06
nmo,2.846610398667786e-06
mob,2.846610398667786e-06
kar,2.846610398667786e-06
luggag,2.846610398667786e-06
dvj,2.846610398667786e-06
moonlight,2.846610398667786e-06
licensur,2.846610398667786e-06
brigad,2.846610398667786e-06
mayn,2.846610398667786e-06
choicespecif,2.846610398667786e-06
federa,2.846610398667786e-06
studv,2.846610398667786e-06
prepaid,2.846610398667786e-06
erenti,2.846610398667786e-06
ciliti,2.846610398667786e-06
rama,2.846610398667786e-06
speciali,2.846610398667786e-06
brunnermei,2.846610398667786e-06
downpay,2.846610398667786e-06
anr,2.846610398667786e-06
worklif,2.846610398667786e-06
otn,2.846610398667786e-06
creedi,2.846610398667786e-06
ckt,2.846610398667786e-06
izi,2.846610398667786e-06
jjj,2.846610398667786e-06
craci,2.846610398667786e-06
isf,2.846610398667786e-06
legendr,2.846610398667786e-06
ylp,2.846610398667786e-06
riksbank,2.846610398667786e-06
reluc,2.846610398667786e-06
oob,2.846610398667786e-06
tucson,2.846610398667786e-06
dole,2.846610398667786e-06
dawson,2.846610398667786e-06
ownwag,2.846610398667786e-06
bration,2.846610398667786e-06
economya,2.846610398667786e-06
httpwwwaeaweborgarticlesphpdoia,2.846610398667786e-06
nevin,2.846610398667786e-06
medicaid,2.846610398667786e-06
productioncost,2.846610398667786e-06
dvt,2.846610398667786e-06
joi,2.846610398667786e-06
sampler,2.846610398667786e-06
rebut,2.846610398667786e-06
gpa,2.846610398667786e-06
publicus,2.846610398667786e-06
decreasingcost,2.846610398667786e-06
mtj,2.846610398667786e-06
oftcit,2.846610398667786e-06
jappelli,2.846610398667786e-06
logincom,2.846610398667786e-06
bestow,2.846610398667786e-06
casino,2.846610398667786e-06
yjj,2.846610398667786e-06
gustibus,2.846610398667786e-06
annu,2.846610398667786e-06
surabl,2.846610398667786e-06
cartesian,2.846610398667786e-06
mislabel,2.846610398667786e-06
wore,2.846610398667786e-06
capitalth,2.846610398667786e-06
measurementerror,2.846610398667786e-06
acontinu,2.846610398667786e-06
precept,2.846610398667786e-06
extrapo,2.846610398667786e-06
unclassifi,2.846610398667786e-06
microscop,2.846610398667786e-06
etp,2.846610398667786e-06
taxfre,2.846610398667786e-06
rosrul,2.846610398667786e-06
gkk,2.846610398667786e-06
oxx,2.846610398667786e-06
iggo,2.846610398667786e-06
cascad,2.846610398667786e-06
hafner,2.846610398667786e-06
elemen,2.846610398667786e-06
mercier,2.846610398667786e-06
vicepresid,2.846610398667786e-06
tad,2.846610398667786e-06
nomine,2.846610398667786e-06
nisbet,2.846610398667786e-06
aiai,2.846610398667786e-06
sant,2.846610398667786e-06
onetwentieth,2.846610398667786e-06
augustin,2.846610398667786e-06
tthe,2.846610398667786e-06
ogt,2.846610398667786e-06
longestablish,2.846610398667786e-06
lotka,2.846610398667786e-06
vki,2.846610398667786e-06
perquisit,2.846610398667786e-06
michen,2.846610398667786e-06
legend,2.846610398667786e-06
ridker,2.846610398667786e-06
ailment,2.846610398667786e-06
sweezi,2.846610398667786e-06
tow,2.846610398667786e-06
insepar,2.846610398667786e-06
ifj,2.846610398667786e-06
kqt,2.846610398667786e-06
pqq,2.846610398667786e-06
lowgrowth,2.846610398667786e-06
fullcapac,2.846610398667786e-06
clio,2.846610398667786e-06
canvass,2.846610398667786e-06
sot,2.846610398667786e-06
homemak,2.846610398667786e-06
dissuad,2.846610398667786e-06
paneldata,2.846610398667786e-06
clout,2.846610398667786e-06
adjud,2.846610398667786e-06
gateway,2.846610398667786e-06
beam,2.846610398667786e-06
afd,2.846610398667786e-06
charli,2.846610398667786e-06
mullin,2.846610398667786e-06
increasingreturn,2.846610398667786e-06
stunt,2.846610398667786e-06
delight,2.846610398667786e-06
multifacet,2.846610398667786e-06
htx,2.846610398667786e-06
islat,2.846610398667786e-06
dtx,2.846610398667786e-06
ktp,2.846610398667786e-06
gsoep,2.846610398667786e-06
hobbi,2.846610398667786e-06
multipleproduct,2.846610398667786e-06
mei,2.846610398667786e-06
malign,2.846610398667786e-06
pollack,2.846610398667786e-06
jkk,2.846610398667786e-06
aggregat,2.846610398667786e-06
lfl,2.846610398667786e-06
environmentalist,2.846610398667786e-06
pitchford,2.846610398667786e-06
nonident,2.846610398667786e-06
alaskan,2.846610398667786e-06
crept,2.846610398667786e-06
urat,2.846610398667786e-06
criminatori,2.846610398667786e-06
iim,2.846610398667786e-06
primiceri,2.846610398667786e-06
eql,2.846610398667786e-06
loot,2.846610398667786e-06
vera,2.846610398667786e-06
mcbride,2.846610398667786e-06
tupl,2.846610398667786e-06
coventri,2.846610398667786e-06
irrevoc,2.846610398667786e-06
vladimir,2.846610398667786e-06
cruit,2.846610398667786e-06
bydo,2.846610398667786e-06
presenta,2.846610398667786e-06
drown,2.846610398667786e-06
jer,2.846610398667786e-06
irrespec,2.846610398667786e-06
sitat,2.846610398667786e-06
coq,2.846610398667786e-06
overrun,2.846610398667786e-06
expx,2.846610398667786e-06
nonmortgag,2.5303203543713656e-06
sister,2.5303203543713656e-06
ool,2.5303203543713656e-06
eleph,2.5303203543713656e-06
onth,2.5303203543713656e-06
fountain,2.5303203543713656e-06
unobtain,2.5303203543713656e-06
donna,2.5303203543713656e-06
murder,2.5303203543713656e-06
strictest,2.5303203543713656e-06
nian,2.5303203543713656e-06
clk,2.5303203543713656e-06
proprieti,2.5303203543713656e-06
uer,2.5303203543713656e-06
fwt,2.5303203543713656e-06
akx,2.5303203543713656e-06
limitpr,2.5303203543713656e-06
illa,2.5303203543713656e-06
kul,2.5303203543713656e-06
mcaleer,2.5303203543713656e-06
trunca,2.5303203543713656e-06
selforgan,2.5303203543713656e-06
shoup,2.5303203543713656e-06
nach,2.5303203543713656e-06
fae,2.5303203543713656e-06
eichhorn,2.5303203543713656e-06
russ,2.5303203543713656e-06
dinardo,2.5303203543713656e-06
ntc,2.5303203543713656e-06
carload,2.5303203543713656e-06
malfeas,2.5303203543713656e-06
joiner,2.5303203543713656e-06
partialadjust,2.5303203543713656e-06
zji,2.5303203543713656e-06
prognost,2.5303203543713656e-06
erl,2.5303203543713656e-06
presup,2.5303203543713656e-06
rfp,2.5303203543713656e-06
outrun,2.5303203543713656e-06
cafe,2.5303203543713656e-06
chairmen,2.5303203543713656e-06
gol,2.5303203543713656e-06
lavi,2.5303203543713656e-06
gur,2.5303203543713656e-06
okuno,2.5303203543713656e-06
forp,2.5303203543713656e-06
bft,2.5303203543713656e-06
equiprob,2.5303203543713656e-06
uici,2.5303203543713656e-06
boast,2.5303203543713656e-06
subroutin,2.5303203543713656e-06
reson,2.5303203543713656e-06
fourdimension,2.5303203543713656e-06
efa,2.5303203543713656e-06
silvia,2.5303203543713656e-06
carmichael,2.5303203543713656e-06
consen,2.5303203543713656e-06
imnport,2.5303203543713656e-06
exagg,2.5303203543713656e-06
dtdt,2.5303203543713656e-06
fabl,2.5303203543713656e-06
symptomat,2.5303203543713656e-06
classificatori,2.5303203543713656e-06
biy,2.5303203543713656e-06
allinclus,2.5303203543713656e-06
hicksallen,2.5303203543713656e-06
tys,2.5303203543713656e-06
tiein,2.5303203543713656e-06
misjudg,2.5303203543713656e-06
httpdx,2.5303203543713656e-06
modiglianimil,2.5303203543713656e-06
alal,2.5303203543713656e-06
overfit,2.5303203543713656e-06
byi,2.5303203543713656e-06
sinha,2.5303203543713656e-06
ifor,2.5303203543713656e-06
natalia,2.5303203543713656e-06
onepric,2.5303203543713656e-06
doepk,2.5303203543713656e-06
yff,2.5303203543713656e-06
wap,2.5303203543713656e-06
thirtyeight,2.5303203543713656e-06
anemia,2.5303203543713656e-06
loantovalu,2.5303203543713656e-06
stun,2.5303203543713656e-06
wlx,2.5303203543713656e-06
paulson,2.5303203543713656e-06
plc,2.5303203543713656e-06
shep,2.5303203543713656e-06
rbb,2.5303203543713656e-06
amnerican,2.5303203543713656e-06
afh,2.5303203543713656e-06
dul,2.5303203543713656e-06
pah,2.5303203543713656e-06
comer,2.5303203543713656e-06
luttmer,2.5303203543713656e-06
ridicul,2.5303203543713656e-06
technocrat,2.5303203543713656e-06
multipleregress,2.5303203543713656e-06
authent,2.5303203543713656e-06
tpx,2.5303203543713656e-06
alv,2.5303203543713656e-06
gunther,2.5303203543713656e-06
unpromis,2.5303203543713656e-06
orgarticlesphpdoia,2.5303203543713656e-06
ithi,2.5303203543713656e-06
yist,2.5303203543713656e-06
mould,2.5303203543713656e-06
tmr,2.5303203543713656e-06
osa,2.5303203543713656e-06
djj,2.5303203543713656e-06
elinor,2.5303203543713656e-06
mace,2.5303203543713656e-06
idp,2.5303203543713656e-06
afa,2.5303203543713656e-06
viia,2.5303203543713656e-06
unmodel,2.5303203543713656e-06
droz,2.5303203543713656e-06
vaa,2.5303203543713656e-06
suzumura,2.5303203543713656e-06
imn,2.5303203543713656e-06
timeless,2.5303203543713656e-06
dishoard,2.5303203543713656e-06
workman,2.5303203543713656e-06
throat,2.5303203543713656e-06
bcs,2.5303203543713656e-06
julydecemb,2.5303203543713656e-06
aor,2.5303203543713656e-06
cisionmak,2.5303203543713656e-06
stalem,2.5303203543713656e-06
intimid,2.5303203543713656e-06
grayham,2.5303203543713656e-06
asf,2.5303203543713656e-06
agegroup,2.5303203543713656e-06
ixp,2.5303203543713656e-06
narrowest,2.5303203543713656e-06
disen,2.5303203543713656e-06
stf,2.5303203543713656e-06
nrp,2.5303203543713656e-06
sft,2.5303203543713656e-06
ckj,2.5303203543713656e-06
chant,2.5303203543713656e-06
nico,2.5303203543713656e-06
uso,2.5303203543713656e-06
behr,2.5303203543713656e-06
billingsley,2.5303203543713656e-06
xvalu,2.5303203543713656e-06
dug,2.5303203543713656e-06
singlegood,2.5303203543713656e-06
fabri,2.5303203543713656e-06
discipl,2.5303203543713656e-06
fifo,2.5303203543713656e-06
puriti,2.5303203543713656e-06
vain,2.5303203543713656e-06
pollakowski,2.5303203543713656e-06
goodi,2.5303203543713656e-06
caci,2.5303203543713656e-06
btp,2.5303203543713656e-06
heaton,2.5303203543713656e-06
kearney,2.5303203543713656e-06
welfarereduc,2.5303203543713656e-06
overconsumpt,2.5303203543713656e-06
whoever,2.5303203543713656e-06
tdr,2.5303203543713656e-06
reemerg,2.5303203543713656e-06
decker,2.5303203543713656e-06
preci,2.5303203543713656e-06
cott,2.5303203543713656e-06
muster,2.5303203543713656e-06
wlhich,2.5303203543713656e-06
storey,2.5303203543713656e-06
stride,2.5303203543713656e-06
seizur,2.5303203543713656e-06
brink,2.5303203543713656e-06
opaqu,2.5303203543713656e-06
lorenzoni,2.5303203543713656e-06
psychometrika,2.5303203543713656e-06
tanaka,2.5303203543713656e-06
bosch,2.5303203543713656e-06
scribner,2.5303203543713656e-06
rightcensor,2.5303203543713656e-06
undersel,2.5303203543713656e-06
yuriy,2.5303203543713656e-06
genealog,2.5303203543713656e-06
vqi,2.5303203543713656e-06
eggertsson,2.5303203543713656e-06
enunci,2.5303203543713656e-06
ejl,2.5303203543713656e-06
strife,2.5303203543713656e-06
waldmann,2.5303203543713656e-06
fulton,2.5303203543713656e-06
goldner,2.5303203543713656e-06
npi,2.5303203543713656e-06
evelyn,2.5303203543713656e-06
flinn,2.5303203543713656e-06
dyer,2.5303203543713656e-06
triumph,2.5303203543713656e-06
secondarili,2.5303203543713656e-06
ofjoint,2.5303203543713656e-06
zigzag,2.5303203543713656e-06
selfdef,2.5303203543713656e-06
buoy,2.5303203543713656e-06
itf,2.5303203543713656e-06
manygood,2.5303203543713656e-06
capitol,2.5303203543713656e-06
grouplevel,2.5303203543713656e-06
nearrat,2.5303203543713656e-06
req,2.5303203543713656e-06
jung,2.5303203543713656e-06
paperwork,2.5303203543713656e-06
birger,2.5303203543713656e-06
vcr,2.5303203543713656e-06
kodak,2.5303203543713656e-06
trifl,2.5303203543713656e-06
ingrid,2.5303203543713656e-06
uet,2.5303203543713656e-06
persua,2.5303203543713656e-06
commemor,2.5303203543713656e-06
caricatur,2.5303203543713656e-06
fet,2.5303203543713656e-06
bernhardt,2.5303203543713656e-06
inet,2.5303203543713656e-06
snowbal,2.5303203543713656e-06
sonia,2.5303203543713656e-06
njn,2.5303203543713656e-06
stub,2.5303203543713656e-06
biai,2.5303203543713656e-06
cbt,2.5303203543713656e-06
plk,2.5303203543713656e-06
whichi,2.5303203543713656e-06
dbs,2.5303203543713656e-06
februarymarch,2.5303203543713656e-06
logg,2.5303203543713656e-06
kfk,2.5303203543713656e-06
ypp,2.5303203543713656e-06
learnt,2.5303203543713656e-06
harriss,2.5303203543713656e-06
zsi,2.5303203543713656e-06
stiffer,2.5303203543713656e-06
doubledigit,2.5303203543713656e-06
industryth,2.5303203543713656e-06
tibl,2.5303203543713656e-06
journalist,2.5303203543713656e-06
tjj,2.5303203543713656e-06
lusion,2.5303203543713656e-06
wot,2.5303203543713656e-06
bci,2.5303203543713656e-06
didat,2.5303203543713656e-06
axm,2.5303203543713656e-06
ypx,2.5303203543713656e-06
acharya,2.5303203543713656e-06
memor,2.5303203543713656e-06
solo,2.5303203543713656e-06
gianluca,2.5303203543713656e-06
holmlund,2.5303203543713656e-06
neumey,2.5303203543713656e-06
hinshaw,2.5303203543713656e-06
ibragimov,2.5303203543713656e-06
coerc,2.5303203543713656e-06
unfeas,2.5303203543713656e-06
whl,2.5303203543713656e-06
minl,2.5303203543713656e-06
noe,2.5303203543713656e-06
demonstra,2.5303203543713656e-06
dts,2.5303203543713656e-06
plest,2.5303203543713656e-06
nonearn,2.5303203543713656e-06
detri,2.5303203543713656e-06
pzt,2.5303203543713656e-06
gsi,2.5303203543713656e-06
policyrelev,2.5303203543713656e-06
pipi,2.5303203543713656e-06
circula,2.5303203543713656e-06
eagl,2.5303203543713656e-06
swarthmor,2.5303203543713656e-06
mutat,2.5303203543713656e-06
earnest,2.5303203543713656e-06
duli,2.5303203543713656e-06
fle,2.5303203543713656e-06
nomad,2.5303203543713656e-06
alist,2.5303203543713656e-06
radar,2.5303203543713656e-06
mcnamara,2.5303203543713656e-06
ttr,2.5303203543713656e-06
ael,2.5303203543713656e-06
lul,2.5303203543713656e-06
deb,2.5303203543713656e-06
fca,2.5303203543713656e-06
intergenera,2.5303203543713656e-06
fsj,2.5303203543713656e-06
statetost,2.5303203543713656e-06
ctm,2.5303203543713656e-06
niel,2.5303203543713656e-06
lurk,2.5303203543713656e-06
equali,2.5303203543713656e-06
impot,2.5303203543713656e-06
intercens,2.5303203543713656e-06
geocod,2.5303203543713656e-06
lowerwag,2.5303203543713656e-06
dredg,2.5303203543713656e-06
jobsearch,2.5303203543713656e-06
dekker,2.5303203543713656e-06
gail,2.5303203543713656e-06
jji,2.5303203543713656e-06
propaganda,2.5303203543713656e-06
inx,2.5303203543713656e-06
deepest,2.5303203543713656e-06
garbl,2.5303203543713656e-06
fantast,2.5303203543713656e-06
brilliant,2.5303203543713656e-06
rtkt,2.5303203543713656e-06
rket,2.5303203543713656e-06
axd,2.5303203543713656e-06
rlog,2.5303203543713656e-06
aftereffect,2.5303203543713656e-06
epitom,2.5303203543713656e-06
pxn,2.5303203543713656e-06
startingpoint,2.5303203543713656e-06
chord,2.5303203543713656e-06
outper,2.5303203543713656e-06
irj,2.5303203543713656e-06
westport,2.5303203543713656e-06
bitter,2.5303203543713656e-06
ceptibl,2.5303203543713656e-06
bemank,2.5303203543713656e-06
urbaniza,2.5303203543713656e-06
mclure,2.5303203543713656e-06
ssri,2.5303203543713656e-06
pmin,2.5303203543713656e-06
nonfulfil,2.5303203543713656e-06
philo,2.5303203543713656e-06
midfifti,2.5303203543713656e-06
zct,2.5303203543713656e-06
braic,2.5303203543713656e-06
meanrevert,2.5303203543713656e-06
cens,2.5303203543713656e-06
fullest,2.5303203543713656e-06
parlanc,2.5303203543713656e-06
crossmarket,2.5303203543713656e-06
graddi,2.5303203543713656e-06
aflcio,2.5303203543713656e-06
lwt,2.5303203543713656e-06
xtf,2.5303203543713656e-06
cnd,2.5303203543713656e-06
bose,2.5303203543713656e-06
ackley,2.5303203543713656e-06
rotem,2.5303203543713656e-06
iui,2.5303203543713656e-06
rro,2.5303203543713656e-06
tab,2.5303203543713656e-06
simplemind,2.5303203543713656e-06
refug,2.5303203543713656e-06
ome,2.5303203543713656e-06
lld,2.5303203543713656e-06
charm,2.5303203543713656e-06
weinberg,2.5303203543713656e-06
atv,2.5303203543713656e-06
mete,2.5303203543713656e-06
jobspecif,2.5303203543713656e-06
maid,2.5303203543713656e-06
fixedcapit,2.5303203543713656e-06
snap,2.5303203543713656e-06
lyi,2.5303203543713656e-06
carv,2.5303203543713656e-06
stateyear,2.5303203543713656e-06
ofp,2.5303203543713656e-06
dxp,2.5303203543713656e-06
bluf,2.5303203543713656e-06
jenk,2.5303203543713656e-06
statesa,2.5303203543713656e-06
datta,2.5303203543713656e-06
salienc,2.5303203543713656e-06
titrust,2.5303203543713656e-06
epu,2.5303203543713656e-06
thesmar,2.5303203543713656e-06
paliti,2.5303203543713656e-06
euc,2.5303203543713656e-06
fni,2.5303203543713656e-06
ykj,2.5303203543713656e-06
ilb,2.5303203543713656e-06
lus,2.5303203543713656e-06
mxl,2.5303203543713656e-06
bjp,2.5303203543713656e-06
iwe,2.5303203543713656e-06
thadden,2.5303203543713656e-06
goi,2.5303203543713656e-06
disinflationari,2.5303203543713656e-06
kiviet,2.5303203543713656e-06
lusardi,2.5303203543713656e-06
aec,2.5303203543713656e-06
scc,2.5303203543713656e-06
lessthan,2.5303203543713656e-06
highpaid,2.5303203543713656e-06
audi,2.5303203543713656e-06
prix,2.5303203543713656e-06
itp,2.5303203543713656e-06
flx,2.5303203543713656e-06
kyt,2.5303203543713656e-06
yyx,2.5303203543713656e-06
sampleselect,2.5303203543713656e-06
safest,2.5303203543713656e-06
jas,2.5303203543713656e-06
sff,2.5303203543713656e-06
iql,2.5303203543713656e-06
qlp,2.5303203543713656e-06
nonavail,2.5303203543713656e-06
yap,2.5303203543713656e-06
patriot,2.5303203543713656e-06
blaisdel,2.5303203543713656e-06
tionism,2.5303203543713656e-06
highreturn,2.5303203543713656e-06
flare,2.5303203543713656e-06
thad,2.5303203543713656e-06
mco,2.5303203543713656e-06
xmax,2.5303203543713656e-06
borschsupan,2.5303203543713656e-06
pui,2.5303203543713656e-06
mori,2.5303203543713656e-06
reinter,2.5303203543713656e-06
matut,2.5303203543713656e-06
hypersurfac,2.5303203543713656e-06
ideol,2.5303203543713656e-06
gll,2.5303203543713656e-06
submodular,2.5303203543713656e-06
argmin,2.5303203543713656e-06
clan,2.5303203543713656e-06
singlepric,2.5303203543713656e-06
okk,2.5303203543713656e-06
jibe,2.5303203543713656e-06
ekj,2.5303203543713656e-06
opportunitycost,2.5303203543713656e-06
trialanderror,2.5303203543713656e-06
ctz,2.5303203543713656e-06
dpo,2.5303203543713656e-06
solnik,2.5303203543713656e-06
wageoff,2.5303203543713656e-06
adx,2.5303203543713656e-06
jozef,2.5303203543713656e-06
chard,2.5303203543713656e-06
rtp,2.5303203543713656e-06
waterloo,2.5303203543713656e-06
solubl,2.5303203543713656e-06
lrm,2.5303203543713656e-06
highprofil,2.5303203543713656e-06
piggott,2.5303203543713656e-06
indecompos,2.5303203543713656e-06
pmj,2.5303203543713656e-06
kaushik,2.5303203543713656e-06
thl,2.5303203543713656e-06
pretransf,2.5303203543713656e-06
antidepress,2.5303203543713656e-06
ftm,2.5303203543713656e-06
racist,2.5303203543713656e-06
aya,2.5303203543713656e-06
orp,2.5303203543713656e-06
optimiz,2.5303203543713656e-06
henryk,2.5303203543713656e-06
qta,2.5303203543713656e-06
arbeit,2.5303203543713656e-06
econornetrica,2.5303203543713656e-06
wvage,2.5303203543713656e-06
plx,2.5303203543713656e-06
infinitum,2.5303203543713656e-06
uln,2.5303203543713656e-06
thermodynam,2.5303203543713656e-06
andc,2.5303203543713656e-06
overlaid,2.5303203543713656e-06
firstdegre,2.5303203543713656e-06
coll,2.5303203543713656e-06
functionalform,2.5303203543713656e-06
moderniza,2.5303203543713656e-06
speedier,2.5303203543713656e-06
toregress,2.5303203543713656e-06
posur,2.5303203543713656e-06
slowmov,2.5303203543713656e-06
chest,2.5303203543713656e-06
adjoint,2.5303203543713656e-06
bop,2.5303203543713656e-06
gip,2.5303203543713656e-06
czecho,2.5303203543713656e-06
eigner,2.5303203543713656e-06
noon,2.5303203543713656e-06
teas,2.5303203543713656e-06
ppn,2.5303203543713656e-06
dilapid,2.5303203543713656e-06
uid,2.5303203543713656e-06
nkn,2.5303203543713656e-06
amodel,2.5303203543713656e-06
nonstor,2.5303203543713656e-06
posium,2.5303203543713656e-06
twn,2.5303203543713656e-06
aoy,2.5303203543713656e-06
tae,2.5303203543713656e-06
zhong,2.5303203543713656e-06
demobil,2.5303203543713656e-06
yrjo,2.5303203543713656e-06
rmpr,2.5303203543713656e-06
gousli,2.5303203543713656e-06
jena,2.5303203543713656e-06
rrj,2.5303203543713656e-06
econtom,2.5303203543713656e-06
luw,2.5303203543713656e-06
hicl,2.5303203543713656e-06
fixat,2.5303203543713656e-06
singleperson,2.5303203543713656e-06
slogan,2.5303203543713656e-06
priva,2.5303203543713656e-06
pregnanc,2.5303203543713656e-06
gay,2.5303203543713656e-06
scure,2.5303203543713656e-06
specimen,2.5303203543713656e-06
dissi,2.5303203543713656e-06
atsushi,2.5303203543713656e-06
gss,2.5303203543713656e-06
logpric,2.5303203543713656e-06
fql,2.5303203543713656e-06
wtn,2.5303203543713656e-06
acn,2.5303203543713656e-06
varv,2.5303203543713656e-06
anted,2.5303203543713656e-06
disequilibr,2.5303203543713656e-06
unquest,2.5303203543713656e-06
schmid,2.5303203543713656e-06
kxi,2.5303203543713656e-06
lec,2.5303203543713656e-06
waterman,2.5303203543713656e-06
grist,2.5303203543713656e-06
rede,2.5303203543713656e-06
merten,2.5303203543713656e-06
trine,2.5303203543713656e-06
growthi,2.5303203543713656e-06
valentin,2.5303203543713656e-06
norma,2.5303203543713656e-06
kolmogorov,2.5303203543713656e-06
casa,2.5303203543713656e-06
orc,2.5303203543713656e-06
ykp,2.5303203543713656e-06
fromii,2.5303203543713656e-06
barrag,2.5303203543713656e-06
xkl,2.5303203543713656e-06
kpx,2.5303203543713656e-06
minivan,2.5303203543713656e-06
sidrauski,2.5303203543713656e-06
predefin,2.5303203543713656e-06
rrk,2.5303203543713656e-06
barren,2.5303203543713656e-06
warrior,2.5303203543713656e-06
vam,2.5303203543713656e-06
falter,2.5303203543713656e-06
verbatim,2.5303203543713656e-06
fishman,2.5303203543713656e-06
llj,2.5303203543713656e-06
revista,2.5303203543713656e-06
drze,2.5303203543713656e-06
cnrs,2.5303203543713656e-06
downgrad,2.5303203543713656e-06
sinclair,2.5303203543713656e-06
qml,2.5303203543713656e-06
dsa,2.5303203543713656e-06
tractual,2.5303203543713656e-06
lma,2.5303203543713656e-06
refil,2.5303203543713656e-06
pfm,2.5303203543713656e-06
alism,2.5303203543713656e-06
otr,2.5303203543713656e-06
ingest,2.5303203543713656e-06
multiplicand,2.5303203543713656e-06
merced,2.5303203543713656e-06
iml,2.5303203543713656e-06
influen,2.5303203543713656e-06
wpl,2.5303203543713656e-06
avari,2.5303203543713656e-06
luo,2.5303203543713656e-06
yjc,2.5303203543713656e-06
nod,2.5303203543713656e-06
cqi,2.5303203543713656e-06
preneurship,2.5303203543713656e-06
romano,2.5303203543713656e-06
doering,2.5303203543713656e-06
sbi,2.5303203543713656e-06
shred,2.5303203543713656e-06
egali,2.5303203543713656e-06
radi,2.5303203543713656e-06
statistiek,2.5303203543713656e-06
heel,2.5303203543713656e-06
itx,2.5303203543713656e-06
takeup,2.5303203543713656e-06
roch,2.5303203543713656e-06
diti,2.5303203543713656e-06
pxk,2.5303203543713656e-06
leijonhufvud,2.5303203543713656e-06
tzi,2.5303203543713656e-06
rud,2.5303203543713656e-06
tep,2.5303203543713656e-06
mcmanus,2.5303203543713656e-06
awj,2.5303203543713656e-06
pja,2.5303203543713656e-06
tts,2.5303203543713656e-06
economnetrica,2.5303203543713656e-06
reissu,2.5303203543713656e-06
phantom,2.5303203543713656e-06
zling,2.5303203543713656e-06
higherproduct,2.5303203543713656e-06
permissionsoupcom,2.5303203543713656e-06
radcliff,2.5303203543713656e-06
banish,2.5303203543713656e-06
yyk,2.5303203543713656e-06
vear,2.5303203543713656e-06
wellfound,2.5303203543713656e-06
xgi,2.5303203543713656e-06
enm,2.5303203543713656e-06
dgp,2.5303203543713656e-06
shorterterm,2.5303203543713656e-06
orazio,2.5303203543713656e-06
neyman,2.5303203543713656e-06
orgaer,2.5303203543713656e-06
ldi,2.5303203543713656e-06
higheduc,2.5303203543713656e-06
piketti,2.5303203543713656e-06
bator,2.5303203543713656e-06
subp,2.5303203543713656e-06
morduch,2.5303203543713656e-06
vogelsang,2.5303203543713656e-06
uncompetit,2.5303203543713656e-06
recr,2.5303203543713656e-06
verhoogen,2.5303203543713656e-06
multipart,2.5303203543713656e-06
oppenheim,2.5303203543713656e-06
ficiari,2.5303203543713656e-06
dcr,2.5303203543713656e-06
prussia,2.5303203543713656e-06
scp,2.5303203543713656e-06
abn,2.5303203543713656e-06
ipf,2.5303203543713656e-06
ratesa,2.5303203543713656e-06
spilimbergo,2.5303203543713656e-06
ema,2.5303203543713656e-06
national,2.5303203543713656e-06
liy,2.5303203543713656e-06
extraleg,2.5303203543713656e-06
weltwirtschaft,2.5303203543713656e-06
uppermost,2.5303203543713656e-06
kvector,2.5303203543713656e-06
aluminium,2.5303203543713656e-06
highereduc,2.5303203543713656e-06
xut,2.5303203543713656e-06
ccj,2.5303203543713656e-06
adolf,2.5303203543713656e-06
rrx,2.5303203543713656e-06
nonco,2.5303203543713656e-06
winkelmann,2.5303203543713656e-06
valri,2.5303203543713656e-06
consolida,2.5303203543713656e-06
anger,2.5303203543713656e-06
seitz,2.5303203543713656e-06
brooklyn,2.5303203543713656e-06
cfo,2.5303203543713656e-06
dane,2.5303203543713656e-06
prerecess,2.5303203543713656e-06
tiqu,2.5303203543713656e-06
stubblebin,2.5303203543713656e-06
aaronson,2.5303203543713656e-06
ofn,2.5303203543713656e-06
novic,2.5303203543713656e-06
rash,2.5303203543713656e-06
sbordon,2.5303203543713656e-06
nesota,2.5303203543713656e-06
koichi,2.5303203543713656e-06
delinqu,2.5303203543713656e-06
vqt,2.5303203543713656e-06
revolution,2.5303203543713656e-06
whos,2.5303203543713656e-06
numera,2.5303203543713656e-06
peggi,2.5303203543713656e-06
wcl,2.5303203543713656e-06
overoptimist,2.5303203543713656e-06
menlo,2.5303203543713656e-06
ambig,2.5303203543713656e-06
onr,2.5303203543713656e-06
colloquium,2.5303203543713656e-06
sba,2.5303203543713656e-06
isj,2.5303203543713656e-06
vergent,2.5303203543713656e-06
xox,2.5303203543713656e-06
gelb,2.5303203543713656e-06
mikhail,2.5303203543713656e-06
ugt,2.5303203543713656e-06
flame,2.5303203543713656e-06
prag,2.5303203543713656e-06
jayn,2.5303203543713656e-06
ijo,2.5303203543713656e-06
ciabli,2.5303203543713656e-06
cse,2.5303203543713656e-06
derestim,2.5303203543713656e-06
priest,2.5303203543713656e-06
ubc,2.5303203543713656e-06
postscript,2.5303203543713656e-06
ede,2.5303203543713656e-06
aisi,2.5303203543713656e-06
menahem,2.5303203543713656e-06
dictabl,2.5303203543713656e-06
hei,2.5303203543713656e-06
eightquart,2.5303203543713656e-06
fullem,2.5303203543713656e-06
adn,2.5303203543713656e-06
cht,2.5303203543713656e-06
bund,2.5303203543713656e-06
deval,2.5303203543713656e-06
responsibil,2.5303203543713656e-06
degreesoffreedom,2.5303203543713656e-06
ilf,2.5303203543713656e-06
afternoon,2.5303203543713656e-06
ctk,2.5303203543713656e-06
littlewood,2.5303203543713656e-06
julia,2.5303203543713656e-06
wkl,2.5303203543713656e-06
etf,2.5303203543713656e-06
wki,2.5303203543713656e-06
delib,2.5303203543713656e-06
haller,2.5303203543713656e-06
mostfavoredn,2.5303203543713656e-06
tingenc,2.5303203543713656e-06
zfi,2.5303203543713656e-06
onecommod,2.5303203543713656e-06
pdx,2.5303203543713656e-06
nonown,2.5303203543713656e-06
yut,2.5303203543713656e-06
rla,2.5303203543713656e-06
xas,2.5303203543713656e-06
wanger,2.5303203543713656e-06
papa,2.5303203543713656e-06
pppp,2.5303203543713656e-06
ectiv,2.5303203543713656e-06
utk,2.5303203543713656e-06
suiss,2.5303203543713656e-06
disemploy,2.5303203543713656e-06
etk,2.5303203543713656e-06
conscienc,2.5303203543713656e-06
alin,2.5303203543713656e-06
edl,2.5303203543713656e-06
hyne,2.5303203543713656e-06
seema,2.5303203543713656e-06
perti,2.5303203543713656e-06
jag,2.5303203543713656e-06
christo,2.5303203543713656e-06
unison,2.5303203543713656e-06
ceptanc,2.5303203543713656e-06
boss,2.5303203543713656e-06
overarch,2.5303203543713656e-06
sommer,2.5303203543713656e-06
taliz,2.5303203543713656e-06
vkn,2.5303203543713656e-06
accent,2.5303203543713656e-06
btx,2.5303203543713656e-06
withi,2.5303203543713656e-06
genberg,2.5303203543713656e-06
ailn,2.5303203543713656e-06
annett,2.5303203543713656e-06
ttm,2.5303203543713656e-06
lina,2.5303203543713656e-06
souza,2.5303203543713656e-06
fts,2.5303203543713656e-06
physica,2.5303203543713656e-06
ypj,2.5303203543713656e-06
conten,2.5303203543713656e-06
kic,2.5303203543713656e-06
truer,2.5303203543713656e-06
hygien,2.5303203543713656e-06
treasur,2.5303203543713656e-06
rejoin,2.5303203543713656e-06
fruitless,2.5303203543713656e-06
wyt,2.5303203543713656e-06
ftk,2.5303203543713656e-06
enn,2.5303203543713656e-06
cialist,2.5303203543713656e-06
wiv,2.5303203543713656e-06
kwt,2.5303203543713656e-06
oox,2.5303203543713656e-06
genr,2.5303203543713656e-06
lehmann,2.5303203543713656e-06
wko,2.5303203543713656e-06
aipi,2.5303203543713656e-06
certaintyequival,2.5303203543713656e-06
condon,2.5303203543713656e-06
freezer,2.5303203543713656e-06
tvt,2.5303203543713656e-06
tta,2.5303203543713656e-06
straitjacket,2.5303203543713656e-06
vmax,2.5303203543713656e-06
holi,2.5303203543713656e-06
xwt,2.5303203543713656e-06
sorenson,2.5303203543713656e-06
siq,2.5303203543713656e-06
functionf,2.5303203543713656e-06
jlj,2.5303203543713656e-06
unitelast,2.5303203543713656e-06
predec,2.5303203543713656e-06
marg,2.5303203543713656e-06
costli,2.5303203543713656e-06
jpa,2.5303203543713656e-06
yia,2.5303203543713656e-06
linearquadrat,2.5303203543713656e-06
propri,2.5303203543713656e-06
portmanteau,2.5303203543713656e-06
halifax,2.5303203543713656e-06
csp,2.5303203543713656e-06
itm,2.5303203543713656e-06
tralli,2.5303203543713656e-06
toscal,2.5303203543713656e-06
footbal,2.5303203543713656e-06
mhz,2.5303203543713656e-06
mackinlay,2.5303203543713656e-06
travail,2.5303203543713656e-06
pvv,2.5303203543713656e-06
nessmen,2.5303203543713656e-06
ghk,2.5303203543713656e-06
remodel,2.5303203543713656e-06
cxq,2.5303203543713656e-06
overspend,2.5303203543713656e-06
pedersen,2.5303203543713656e-06
frieden,2.5303203543713656e-06
malkiel,2.5303203543713656e-06
bpl,2.5303203543713656e-06
madanski,2.5303203543713656e-06
demanda,2.5303203543713656e-06
fmn,2.5303203543713656e-06
nagi,2.5303203543713656e-06
unregist,2.5303203543713656e-06
elm,2.5303203543713656e-06
otp,2.5303203543713656e-06
etdt,2.5303203543713656e-06
bxi,2.5303203543713656e-06
gustavo,2.5303203543713656e-06
tioni,2.5303203543713656e-06
intricaci,2.5303203543713656e-06
pwi,2.5303203543713656e-06
maxl,2.5303203543713656e-06
heyday,2.5303203543713656e-06
villain,2.5303203543713656e-06
thth,2.5303203543713656e-06
encapsul,2.5303203543713656e-06
pregnant,2.5303203543713656e-06
potter,2.5303203543713656e-06
ramsay,2.5303203543713656e-06
hir,2.5303203543713656e-06
vella,2.5303203543713656e-06
conomiqu,2.5303203543713656e-06
waiver,2.5303203543713656e-06
plum,2.5303203543713656e-06
unoccupi,2.5303203543713656e-06
marino,2.5303203543713656e-06
lilli,2.5303203543713656e-06
dfr,2.5303203543713656e-06
thev,2.5303203543713656e-06
bacteri,2.5303203543713656e-06
pothet,2.5303203543713656e-06
kalamazoo,2.5303203543713656e-06
aam,2.5303203543713656e-06
produkt,2.5303203543713656e-06
pau,2.5303203543713656e-06
akp,2.5303203543713656e-06
sadoulet,2.5303203543713656e-06
myerson,2.5303203543713656e-06
cta,2.5303203543713656e-06
peakload,2.5303203543713656e-06
pier,2.5303203543713656e-06
tlo,2.5303203543713656e-06
gokhal,2.5303203543713656e-06
eam,2.5303203543713656e-06
coalesc,2.5303203543713656e-06
witlh,2.5303203543713656e-06
axv,2.5303203543713656e-06
wisconsinmilwauke,2.5303203543713656e-06
evinc,2.5303203543713656e-06
littlechild,2.5303203543713656e-06
jeanmari,2.5303203543713656e-06
yos,2.5303203543713656e-06
ster,2.5303203543713656e-06
tageous,2.5303203543713656e-06
hamid,2.5303203543713656e-06
blackburn,2.5303203543713656e-06
auburn,2.5303203543713656e-06
ylz,2.5303203543713656e-06
netter,2.5303203543713656e-06
notate,2.5303203543713656e-06
differents,2.5303203543713656e-06
ibrat,2.5303203543713656e-06
imt,2.5303203543713656e-06
niot,2.5303203543713656e-06
smi,2.5303203543713656e-06
familys,2.5303203543713656e-06
guaranti,2.5303203543713656e-06
jss,2.5303203543713656e-06
handmaiden,2.5303203543713656e-06
macpherson,2.5303203543713656e-06
beginningof,2.5303203543713656e-06
twoparti,2.5303203543713656e-06
pthe,2.5303203543713656e-06
cxk,2.5303203543713656e-06
famafrench,2.5303203543713656e-06
ponzetto,2.5303203543713656e-06
prism,2.5303203543713656e-06
artefact,2.5303203543713656e-06
mullen,2.5303203543713656e-06
fiz,2.5303203543713656e-06
lht,2.5303203543713656e-06
blip,2.5303203543713656e-06
eoi,2.5303203543713656e-06
omnibus,2.5303203543713656e-06
theoris,2.5303203543713656e-06
loannid,2.5303203543713656e-06
bbb,2.5303203543713656e-06
recommen,2.5303203543713656e-06
leung,2.5303203543713656e-06
nascent,2.5303203543713656e-06
aae,2.5303203543713656e-06
lizer,2.5303203543713656e-06
isn,2.5303203543713656e-06
xfx,2.5303203543713656e-06
bronx,2.5303203543713656e-06
wtw,2.5303203543713656e-06
rightskew,2.5303203543713656e-06
pel,2.5303203543713656e-06
whiclh,2.5303203543713656e-06
downweight,2.5303203543713656e-06
commo,2.5303203543713656e-06
worm,2.5303203543713656e-06
backyard,2.5303203543713656e-06
tread,2.5303203543713656e-06
mni,2.5303203543713656e-06
prq,2.5303203543713656e-06
vlb,2.5303203543713656e-06
entat,2.5303203543713656e-06
adjunct,2.5303203543713656e-06
dfe,2.5303203543713656e-06
dora,2.5303203543713656e-06
ncl,2.5303203543713656e-06
prh,2.5303203543713656e-06
aga,2.5303203543713656e-06
fiabl,2.5303203543713656e-06
slr,2.5303203543713656e-06
mdimension,2.5303203543713656e-06
outputpric,2.5303203543713656e-06
suni,2.5303203543713656e-06
dropoff,2.5303203543713656e-06
rrn,2.5303203543713656e-06
riskreduc,2.5303203543713656e-06
ktk,2.5303203543713656e-06
fluke,2.5303203543713656e-06
jolurn,2.5303203543713656e-06
januaryapril,2.5303203543713656e-06
oand,2.5303203543713656e-06
lnu,2.5303203543713656e-06
davenport,2.5303203543713656e-06
journa,2.5303203543713656e-06
pater,2.5303203543713656e-06
eix,2.5303203543713656e-06
tyre,2.214030310074945e-06
paserman,2.214030310074945e-06
liabili,2.214030310074945e-06
toma,2.214030310074945e-06
banknot,2.214030310074945e-06
quantal,2.214030310074945e-06
xls,2.214030310074945e-06
theoryand,2.214030310074945e-06
televi,2.214030310074945e-06
jtn,2.214030310074945e-06
sionmak,2.214030310074945e-06
mio,2.214030310074945e-06
fen,2.214030310074945e-06
quadratur,2.214030310074945e-06
kdi,2.214030310074945e-06
rebutt,2.214030310074945e-06
jti,2.214030310074945e-06
suse,2.214030310074945e-06
arctic,2.214030310074945e-06
adg,2.214030310074945e-06
afg,2.214030310074945e-06
rhi,2.214030310074945e-06
depopul,2.214030310074945e-06
barebon,2.214030310074945e-06
lous,2.214030310074945e-06
neumannmorgenstern,2.214030310074945e-06
kak,2.214030310074945e-06
schor,2.214030310074945e-06
centimet,2.214030310074945e-06
elu,2.214030310074945e-06
nonprofession,2.214030310074945e-06
xlc,2.214030310074945e-06
faj,2.214030310074945e-06
bye,2.214030310074945e-06
roebuck,2.214030310074945e-06
atheneum,2.214030310074945e-06
unveil,2.214030310074945e-06
cargil,2.214030310074945e-06
conscienti,2.214030310074945e-06
figurf,2.214030310074945e-06
maxo,2.214030310074945e-06
emilio,2.214030310074945e-06
jesus,2.214030310074945e-06
noncollus,2.214030310074945e-06
brodi,2.214030310074945e-06
prietor,2.214030310074945e-06
homan,2.214030310074945e-06
afc,2.214030310074945e-06
oioi,2.214030310074945e-06
stockadjust,2.214030310074945e-06
mantl,2.214030310074945e-06
neokeynesian,2.214030310074945e-06
arnd,2.214030310074945e-06
erro,2.214030310074945e-06
twoproduct,2.214030310074945e-06
rar,2.214030310074945e-06
ved,2.214030310074945e-06
tumn,2.214030310074945e-06
silvey,2.214030310074945e-06
dth,2.214030310074945e-06
dhi,2.214030310074945e-06
mot,2.214030310074945e-06
gelbach,2.214030310074945e-06
kand,2.214030310074945e-06
rqj,2.214030310074945e-06
iay,2.214030310074945e-06
lgi,2.214030310074945e-06
motohiro,2.214030310074945e-06
mackiemason,2.214030310074945e-06
naylor,2.214030310074945e-06
ridden,2.214030310074945e-06
signaltonois,2.214030310074945e-06
qas,2.214030310074945e-06
counteroff,2.214030310074945e-06
bomber,2.214030310074945e-06
hoi,2.214030310074945e-06
neutralis,2.214030310074945e-06
cellent,2.214030310074945e-06
jat,2.214030310074945e-06
grandfath,2.214030310074945e-06
topleft,2.214030310074945e-06
polaris,2.214030310074945e-06
cinema,2.214030310074945e-06
statecontrol,2.214030310074945e-06
runway,2.214030310074945e-06
pita,2.214030310074945e-06
siebeck,2.214030310074945e-06
sibley,2.214030310074945e-06
cholog,2.214030310074945e-06
levela,2.214030310074945e-06
heidi,2.214030310074945e-06
reuiew,2.214030310074945e-06
errorsin,2.214030310074945e-06
huston,2.214030310074945e-06
ghez,2.214030310074945e-06
iwt,2.214030310074945e-06
kix,2.214030310074945e-06
centripet,2.214030310074945e-06
bto,2.214030310074945e-06
expt,2.214030310074945e-06
spondent,2.214030310074945e-06
pizza,2.214030310074945e-06
abet,2.214030310074945e-06
higherfrequ,2.214030310074945e-06
unalter,2.214030310074945e-06
flg,2.214030310074945e-06
hussey,2.214030310074945e-06
ovt,2.214030310074945e-06
gallen,2.214030310074945e-06
sprawl,2.214030310074945e-06
haustibl,2.214030310074945e-06
amr,2.214030310074945e-06
loud,2.214030310074945e-06
nehru,2.214030310074945e-06
candor,2.214030310074945e-06
sjl,2.214030310074945e-06
sensus,2.214030310074945e-06
stout,2.214030310074945e-06
intrahousehold,2.214030310074945e-06
methodo,2.214030310074945e-06
azj,2.214030310074945e-06
shel,2.214030310074945e-06
reconstitut,2.214030310074945e-06
preconcept,2.214030310074945e-06
kallal,2.214030310074945e-06
dak,2.214030310074945e-06
inin,2.214030310074945e-06
gps,2.214030310074945e-06
flore,2.214030310074945e-06
gsb,2.214030310074945e-06
atpt,2.214030310074945e-06
counterfeit,2.214030310074945e-06
clr,2.214030310074945e-06
perl,2.214030310074945e-06
gmi,2.214030310074945e-06
shinichi,2.214030310074945e-06
crudest,2.214030310074945e-06
ullman,2.214030310074945e-06
compri,2.214030310074945e-06
chael,2.214030310074945e-06
ojo,2.214030310074945e-06
ktx,2.214030310074945e-06
harsher,2.214030310074945e-06
axp,2.214030310074945e-06
dga,2.214030310074945e-06
pfj,2.214030310074945e-06
apartheid,2.214030310074945e-06
okl,2.214030310074945e-06
vig,2.214030310074945e-06
gosl,2.214030310074945e-06
indo,2.214030310074945e-06
rita,2.214030310074945e-06
lfor,2.214030310074945e-06
tian,2.214030310074945e-06
cqc,2.214030310074945e-06
cjk,2.214030310074945e-06
airborn,2.214030310074945e-06
miscod,2.214030310074945e-06
blackbox,2.214030310074945e-06
inegalit,2.214030310074945e-06
funk,2.214030310074945e-06
lco,2.214030310074945e-06
expu,2.214030310074945e-06
sylvain,2.214030310074945e-06
muscl,2.214030310074945e-06
antiunion,2.214030310074945e-06
hypothesisthat,2.214030310074945e-06
hemi,2.214030310074945e-06
econiomi,2.214030310074945e-06
lrr,2.214030310074945e-06
brueckner,2.214030310074945e-06
ntk,2.214030310074945e-06
gei,2.214030310074945e-06
vigil,2.214030310074945e-06
skoufia,2.214030310074945e-06
apti,2.214030310074945e-06
aand,2.214030310074945e-06
tog,2.214030310074945e-06
coint,2.214030310074945e-06
shubik,2.214030310074945e-06
iax,2.214030310074945e-06
produ,2.214030310074945e-06
kihlstrom,2.214030310074945e-06
munist,2.214030310074945e-06
tgt,2.214030310074945e-06
onepoint,2.214030310074945e-06
gever,2.214030310074945e-06
woollen,2.214030310074945e-06
assa,2.214030310074945e-06
agarw,2.214030310074945e-06
pigous,2.214030310074945e-06
presag,2.214030310074945e-06
wheref,2.214030310074945e-06
eliana,2.214030310074945e-06
vja,2.214030310074945e-06
paj,2.214030310074945e-06
eer,2.214030310074945e-06
jpt,2.214030310074945e-06
shelton,2.214030310074945e-06
bilson,2.214030310074945e-06
fruition,2.214030310074945e-06
anh,2.214030310074945e-06
xexp,2.214030310074945e-06
lowerpaid,2.214030310074945e-06
gtt,2.214030310074945e-06
crossclassif,2.214030310074945e-06
unsta,2.214030310074945e-06
lye,2.214030310074945e-06
ipant,2.214030310074945e-06
zai,2.214030310074945e-06
majumdar,2.214030310074945e-06
expectationsaug,2.214030310074945e-06
emploi,2.214030310074945e-06
hagedorn,2.214030310074945e-06
nai,2.214030310074945e-06
ryj,2.214030310074945e-06
xxu,2.214030310074945e-06
selfliquid,2.214030310074945e-06
idd,2.214030310074945e-06
edf,2.214030310074945e-06
underwritten,2.214030310074945e-06
crisp,2.214030310074945e-06
extraeconom,2.214030310074945e-06
xnl,2.214030310074945e-06
bestcas,2.214030310074945e-06
virgiliu,2.214030310074945e-06
knk,2.214030310074945e-06
fatter,2.214030310074945e-06
midmonth,2.214030310074945e-06
trac,2.214030310074945e-06
reintroduct,2.214030310074945e-06
sfe,2.214030310074945e-06
ofe,2.214030310074945e-06
upp,2.214030310074945e-06
jolla,2.214030310074945e-06
miniatur,2.214030310074945e-06
propheci,2.214030310074945e-06
secon,2.214030310074945e-06
nonspecif,2.214030310074945e-06
atw,2.214030310074945e-06
farr,2.214030310074945e-06
rajiv,2.214030310074945e-06
spotti,2.214030310074945e-06
gilli,2.214030310074945e-06
incomeinduc,2.214030310074945e-06
pfz,2.214030310074945e-06
fortran,2.214030310074945e-06
pmx,2.214030310074945e-06
wft,2.214030310074945e-06
fifi,2.214030310074945e-06
karla,2.214030310074945e-06
rsa,2.214030310074945e-06
papandreou,2.214030310074945e-06
qfp,2.214030310074945e-06
wildcat,2.214030310074945e-06
ctyt,2.214030310074945e-06
randomwalk,2.214030310074945e-06
ynn,2.214030310074945e-06
clara,2.214030310074945e-06
tlx,2.214030310074945e-06
hiatus,2.214030310074945e-06
ifx,2.214030310074945e-06
alz,2.214030310074945e-06
kfl,2.214030310074945e-06
bandyopadhyay,2.214030310074945e-06
vicent,2.214030310074945e-06
beforeaft,2.214030310074945e-06
nwn,2.214030310074945e-06
cordial,2.214030310074945e-06
cja,2.214030310074945e-06
grt,2.214030310074945e-06
ahl,2.214030310074945e-06
somn,2.214030310074945e-06
ijm,2.214030310074945e-06
vnm,2.214030310074945e-06
pressiv,2.214030310074945e-06
addic,2.214030310074945e-06
equ,2.214030310074945e-06
areaspecif,2.214030310074945e-06
koch,2.214030310074945e-06
pretens,2.214030310074945e-06
matthia,2.214030310074945e-06
faust,2.214030310074945e-06
trabajo,2.214030310074945e-06
neurship,2.214030310074945e-06
itv,2.214030310074945e-06
venu,2.214030310074945e-06
dcp,2.214030310074945e-06
bpe,2.214030310074945e-06
arw,2.214030310074945e-06
crv,2.214030310074945e-06
noncash,2.214030310074945e-06
refit,2.214030310074945e-06
mvp,2.214030310074945e-06
ashown,2.214030310074945e-06
alla,2.214030310074945e-06
ductibl,2.214030310074945e-06
nave,2.214030310074945e-06
wjk,2.214030310074945e-06
panci,2.214030310074945e-06
kristen,2.214030310074945e-06
fiu,2.214030310074945e-06
refor,2.214030310074945e-06
azo,2.214030310074945e-06
grammar,2.214030310074945e-06
dpf,2.214030310074945e-06
aha,2.214030310074945e-06
multiestablish,2.214030310074945e-06
aici,2.214030310074945e-06
dpr,2.214030310074945e-06
atempor,2.214030310074945e-06
publicis,2.214030310074945e-06
occident,2.214030310074945e-06
sergei,2.214030310074945e-06
thze,2.214030310074945e-06
kpk,2.214030310074945e-06
mnodel,2.214030310074945e-06
vila,2.214030310074945e-06
rwl,2.214030310074945e-06
funnel,2.214030310074945e-06
wpr,2.214030310074945e-06
ikk,2.214030310074945e-06
qqo,2.214030310074945e-06
tersect,2.214030310074945e-06
ericsson,2.214030310074945e-06
quang,2.214030310074945e-06
salvat,2.214030310074945e-06
dalia,2.214030310074945e-06
gayer,2.214030310074945e-06
procliv,2.214030310074945e-06
lewin,2.214030310074945e-06
anticycl,2.214030310074945e-06
junejuli,2.214030310074945e-06
ska,2.214030310074945e-06
ignat,2.214030310074945e-06
janapr,2.214030310074945e-06
scheffman,2.214030310074945e-06
jeanmichel,2.214030310074945e-06
zdt,2.214030310074945e-06
mna,2.214030310074945e-06
coinsur,2.214030310074945e-06
admi,2.214030310074945e-06
mut,2.214030310074945e-06
dempster,2.214030310074945e-06
sbt,2.214030310074945e-06
eari,2.214030310074945e-06
effectth,2.214030310074945e-06
legiti,2.214030310074945e-06
atb,2.214030310074945e-06
resign,2.214030310074945e-06
firsthand,2.214030310074945e-06
noneduc,2.214030310074945e-06
tns,2.214030310074945e-06
barbera,2.214030310074945e-06
wdw,2.214030310074945e-06
xla,2.214030310074945e-06
plxl,2.214030310074945e-06
prognosi,2.214030310074945e-06
bedevil,2.214030310074945e-06
gto,2.214030310074945e-06
vacan,2.214030310074945e-06
anyhow,2.214030310074945e-06
ferret,2.214030310074945e-06
brb,2.214030310074945e-06
expectedutil,2.214030310074945e-06
investmn,2.214030310074945e-06
standabl,2.214030310074945e-06
woodlawn,2.214030310074945e-06
belov,2.214030310074945e-06
harlan,2.214030310074945e-06
oncil,2.214030310074945e-06
wellendow,2.214030310074945e-06
gui,2.214030310074945e-06
varan,2.214030310074945e-06
kdimension,2.214030310074945e-06
nak,2.214030310074945e-06
fienberg,2.214030310074945e-06
groundless,2.214030310074945e-06
multiperson,2.214030310074945e-06
logwag,2.214030310074945e-06
chc,2.214030310074945e-06
nistic,2.214030310074945e-06
edr,2.214030310074945e-06
fkj,2.214030310074945e-06
noponzi,2.214030310074945e-06
mism,2.214030310074945e-06
newspa,2.214030310074945e-06
pej,2.214030310074945e-06
miodel,2.214030310074945e-06
jeanpaul,2.214030310074945e-06
reflex,2.214030310074945e-06
vps,2.214030310074945e-06
budd,2.214030310074945e-06
lmt,2.214030310074945e-06
armin,2.214030310074945e-06
lca,2.214030310074945e-06
unauthor,2.214030310074945e-06
oji,2.214030310074945e-06
healthier,2.214030310074945e-06
distract,2.214030310074945e-06
dxa,2.214030310074945e-06
jfi,2.214030310074945e-06
jaszi,2.214030310074945e-06
wji,2.214030310074945e-06
wae,2.214030310074945e-06
xma,2.214030310074945e-06
proverbi,2.214030310074945e-06
ncommod,2.214030310074945e-06
upsid,2.214030310074945e-06
nours,2.214030310074945e-06
birnbaum,2.214030310074945e-06
cathi,2.214030310074945e-06
fourfactor,2.214030310074945e-06
omous,2.214030310074945e-06
unstat,2.214030310074945e-06
preselect,2.214030310074945e-06
poz,2.214030310074945e-06
carrington,2.214030310074945e-06
beggarthyneighbor,2.214030310074945e-06
hanan,2.214030310074945e-06
pxj,2.214030310074945e-06
qci,2.214030310074945e-06
stationaryst,2.214030310074945e-06
cnj,2.214030310074945e-06
ramat,2.214030310074945e-06
hesh,2.214030310074945e-06
pectanc,2.214030310074945e-06
manor,2.214030310074945e-06
cpa,2.214030310074945e-06
happili,2.214030310074945e-06
deo,2.214030310074945e-06
nondi,2.214030310074945e-06
ksi,2.214030310074945e-06
murki,2.214030310074945e-06
zwick,2.214030310074945e-06
cax,2.214030310074945e-06
steinberg,2.214030310074945e-06
mqi,2.214030310074945e-06
fractur,2.214030310074945e-06
motta,2.214030310074945e-06
northcentr,2.214030310074945e-06
kfi,2.214030310074945e-06
vishvi,2.214030310074945e-06
pvp,2.214030310074945e-06
reelect,2.214030310074945e-06
romney,2.214030310074945e-06
timea,2.214030310074945e-06
subt,2.214030310074945e-06
areal,2.214030310074945e-06
odo,2.214030310074945e-06
seu,2.214030310074945e-06
eddi,2.214030310074945e-06
ches,2.214030310074945e-06
fiftythre,2.214030310074945e-06
governmentfinanc,2.214030310074945e-06
entiabl,2.214030310074945e-06
insolubl,2.214030310074945e-06
alasdair,2.214030310074945e-06
mdm,2.214030310074945e-06
halfliv,2.214030310074945e-06
eloqu,2.214030310074945e-06
withinc,2.214030310074945e-06
ixa,2.214030310074945e-06
aku,2.214030310074945e-06
awh,2.214030310074945e-06
bele,2.214030310074945e-06
atit,2.214030310074945e-06
assumn,2.214030310074945e-06
lowinfl,2.214030310074945e-06
eup,2.214030310074945e-06
bht,2.214030310074945e-06
mnore,2.214030310074945e-06
owl,2.214030310074945e-06
ecn,2.214030310074945e-06
bergsonsamuelson,2.214030310074945e-06
roper,2.214030310074945e-06
lata,2.214030310074945e-06
psn,2.214030310074945e-06
skirt,2.214030310074945e-06
rsj,2.214030310074945e-06
exec,2.214030310074945e-06
bum,2.214030310074945e-06
rightarrow,2.214030310074945e-06
yjf,2.214030310074945e-06
inequali,2.214030310074945e-06
aoh,2.214030310074945e-06
ferrara,2.214030310074945e-06
acrossproduct,2.214030310074945e-06
egon,2.214030310074945e-06
elena,2.214030310074945e-06
positivedefinit,2.214030310074945e-06
feat,2.214030310074945e-06
lro,2.214030310074945e-06
kleiman,2.214030310074945e-06
isd,2.214030310074945e-06
boiteux,2.214030310074945e-06
bona,2.214030310074945e-06
librarian,2.214030310074945e-06
kts,2.214030310074945e-06
costeffici,2.214030310074945e-06
rfo,2.214030310074945e-06
ssrn,2.214030310074945e-06
chay,2.214030310074945e-06
myi,2.214030310074945e-06
pox,2.214030310074945e-06
adulthood,2.214030310074945e-06
microenterpris,2.214030310074945e-06
tainer,2.214030310074945e-06
mantel,2.214030310074945e-06
cheer,2.214030310074945e-06
neisser,2.214030310074945e-06
trickl,2.214030310074945e-06
combinatori,2.214030310074945e-06
gua,2.214030310074945e-06
fiftyseven,2.214030310074945e-06
hel,2.214030310074945e-06
recommenda,2.214030310074945e-06
nto,2.214030310074945e-06
bearer,2.214030310074945e-06
disband,2.214030310074945e-06
dte,2.214030310074945e-06
xgx,2.214030310074945e-06
yue,2.214030310074945e-06
tensen,2.214030310074945e-06
vji,2.214030310074945e-06
connected,2.214030310074945e-06
biguiti,2.214030310074945e-06
fled,2.214030310074945e-06
ceremoni,2.214030310074945e-06
caq,2.214030310074945e-06
ralf,2.214030310074945e-06
blatant,2.214030310074945e-06
rosi,2.214030310074945e-06
cxvii,2.214030310074945e-06
compliant,2.214030310074945e-06
opul,2.214030310074945e-06
grandmont,2.214030310074945e-06
proscrib,2.214030310074945e-06
fuhrer,2.214030310074945e-06
neilson,2.214030310074945e-06
venic,2.214030310074945e-06
mur,2.214030310074945e-06
uot,2.214030310074945e-06
vend,2.214030310074945e-06
alogoskoufi,2.214030310074945e-06
bettereduc,2.214030310074945e-06
leven,2.214030310074945e-06
mss,2.214030310074945e-06
gyi,2.214030310074945e-06
elb,2.214030310074945e-06
trk,2.214030310074945e-06
ewp,2.214030310074945e-06
miranda,2.214030310074945e-06
adriana,2.214030310074945e-06
afo,2.214030310074945e-06
hix,2.214030310074945e-06
omin,2.214030310074945e-06
dori,2.214030310074945e-06
twopoint,2.214030310074945e-06
fxdx,2.214030310074945e-06
tsk,2.214030310074945e-06
ecut,2.214030310074945e-06
rohini,2.214030310074945e-06
labo,2.214030310074945e-06
ajr,2.214030310074945e-06
ypf,2.214030310074945e-06
sturdi,2.214030310074945e-06
paretosuperior,2.214030310074945e-06
ytz,2.214030310074945e-06
chise,2.214030310074945e-06
mccann,2.214030310074945e-06
cripp,2.214030310074945e-06
sunset,2.214030310074945e-06
untrain,2.214030310074945e-06
vivo,2.214030310074945e-06
nometrica,2.214030310074945e-06
reimpos,2.214030310074945e-06
yax,2.214030310074945e-06
qdq,2.214030310074945e-06
kindl,2.214030310074945e-06
ptu,2.214030310074945e-06
rwp,2.214030310074945e-06
cheapen,2.214030310074945e-06
xap,2.214030310074945e-06
californiasan,2.214030310074945e-06
nonessenti,2.214030310074945e-06
sisi,2.214030310074945e-06
parsimo,2.214030310074945e-06
resem,2.214030310074945e-06
trou,2.214030310074945e-06
fullyear,2.214030310074945e-06
flp,2.214030310074945e-06
bfl,2.214030310074945e-06
threeparamet,2.214030310074945e-06
sirey,2.214030310074945e-06
tectiv,2.214030310074945e-06
robinsonpatman,2.214030310074945e-06
subclassif,2.214030310074945e-06
cleve,2.214030310074945e-06
rysman,2.214030310074945e-06
retalia,2.214030310074945e-06
trica,2.214030310074945e-06
chess,2.214030310074945e-06
gilman,2.214030310074945e-06
hauser,2.214030310074945e-06
fiscalyear,2.214030310074945e-06
drk,2.214030310074945e-06
milli,2.214030310074945e-06
cavali,2.214030310074945e-06
villard,2.214030310074945e-06
upris,2.214030310074945e-06
snp,2.214030310074945e-06
jill,2.214030310074945e-06
highgrad,2.214030310074945e-06
nongovernment,2.214030310074945e-06
excav,2.214030310074945e-06
lentz,2.214030310074945e-06
preach,2.214030310074945e-06
pdp,2.214030310074945e-06
trc,2.214030310074945e-06
pwp,2.214030310074945e-06
frontload,2.214030310074945e-06
mester,2.214030310074945e-06
ijl,2.214030310074945e-06
thati,2.214030310074945e-06
rbr,2.214030310074945e-06
marta,2.214030310074945e-06
wrj,2.214030310074945e-06
abu,2.214030310074945e-06
strom,2.214030310074945e-06
chateli,2.214030310074945e-06
voluntar,2.214030310074945e-06
incomeeffect,2.214030310074945e-06
rpx,2.214030310074945e-06
bitrari,2.214030310074945e-06
hji,2.214030310074945e-06
atomless,2.214030310074945e-06
ligon,2.214030310074945e-06
rottenberg,2.214030310074945e-06
iyl,2.214030310074945e-06
pqa,2.214030310074945e-06
ekelund,2.214030310074945e-06
subjec,2.214030310074945e-06
bohmbawerk,2.214030310074945e-06
jarmin,2.214030310074945e-06
pontificia,2.214030310074945e-06
amk,2.214030310074945e-06
flm,2.214030310074945e-06
proletarian,2.214030310074945e-06
topcod,2.214030310074945e-06
lowgrad,2.214030310074945e-06
allimport,2.214030310074945e-06
roberta,2.214030310074945e-06
acti,2.214030310074945e-06
arrowpratt,2.214030310074945e-06
uptick,2.214030310074945e-06
mest,2.214030310074945e-06
fma,2.214030310074945e-06
pex,2.214030310074945e-06
bottomleft,2.214030310074945e-06
restitut,2.214030310074945e-06
patric,2.214030310074945e-06
vbi,2.214030310074945e-06
jef,2.214030310074945e-06
mpo,2.214030310074945e-06
domesticcurr,2.214030310074945e-06
bqi,2.214030310074945e-06
levich,2.214030310074945e-06
jeanmarc,2.214030310074945e-06
bhaskar,2.214030310074945e-06
pmc,2.214030310074945e-06
blanco,2.214030310074945e-06
gji,2.214030310074945e-06
siev,2.214030310074945e-06
stomach,2.214030310074945e-06
ifn,2.214030310074945e-06
aqk,2.214030310074945e-06
rkk,2.214030310074945e-06
electromagnet,2.214030310074945e-06
dms,2.214030310074945e-06
jeffri,2.214030310074945e-06
gesamt,2.214030310074945e-06
paign,2.214030310074945e-06
relia,2.214030310074945e-06
conversa,2.214030310074945e-06
longtim,2.214030310074945e-06
malize,2.214030310074945e-06
ayti,2.214030310074945e-06
cist,2.214030310074945e-06
beit,2.214030310074945e-06
iila,2.214030310074945e-06
gjk,2.214030310074945e-06
histo,2.214030310074945e-06
fist,2.214030310074945e-06
dinform,2.214030310074945e-06
unscath,2.214030310074945e-06
baromet,2.214030310074945e-06
dldt,2.214030310074945e-06
dialect,2.214030310074945e-06
indon,2.214030310074945e-06
logyt,2.214030310074945e-06
scriptiv,2.214030310074945e-06
blem,2.214030310074945e-06
incometh,2.214030310074945e-06
opp,2.214030310074945e-06
narayanan,2.214030310074945e-06
yong,2.214030310074945e-06
manfr,2.214030310074945e-06
deschen,2.214030310074945e-06
contagi,2.214030310074945e-06
birch,2.214030310074945e-06
kek,2.214030310074945e-06
welloff,2.214030310074945e-06
ild,2.214030310074945e-06
epq,2.214030310074945e-06
oid,2.214030310074945e-06
constrast,2.214030310074945e-06
ojj,2.214030310074945e-06
aau,2.214030310074945e-06
miscellani,2.214030310074945e-06
interrela,2.214030310074945e-06
marina,2.214030310074945e-06
winsor,2.214030310074945e-06
abol,2.214030310074945e-06
subunit,2.214030310074945e-06
nicol,2.214030310074945e-06
aiyagari,2.214030310074945e-06
bac,2.214030310074945e-06
heteroscedasticityconsist,2.214030310074945e-06
spreadsheet,2.214030310074945e-06
stateindepend,2.214030310074945e-06
selfimpos,2.214030310074945e-06
feo,2.214030310074945e-06
ctx,2.214030310074945e-06
shachar,2.214030310074945e-06
imo,2.214030310074945e-06
ltt,2.214030310074945e-06
bounc,2.214030310074945e-06
fog,2.214030310074945e-06
stacl,2.214030310074945e-06
notrad,2.214030310074945e-06
malin,2.214030310074945e-06
whe,2.214030310074945e-06
burger,2.214030310074945e-06
gentlemen,2.214030310074945e-06
arh,2.214030310074945e-06
estado,2.214030310074945e-06
ogaki,2.214030310074945e-06
skil,2.214030310074945e-06
unto,2.214030310074945e-06
wio,2.214030310074945e-06
wagelevel,2.214030310074945e-06
palli,2.214030310074945e-06
sidgwick,2.214030310074945e-06
sidewalk,2.214030310074945e-06
dxk,2.214030310074945e-06
theoretician,2.214030310074945e-06
boldrin,2.214030310074945e-06
cne,2.214030310074945e-06
cousin,2.214030310074945e-06
auditor,2.214030310074945e-06
kate,2.214030310074945e-06
cymak,2.214030310074945e-06
infinitelyliv,2.214030310074945e-06
chur,2.214030310074945e-06
bya,2.214030310074945e-06
yid,2.214030310074945e-06
impercept,2.214030310074945e-06
ucit,2.214030310074945e-06
reformist,2.214030310074945e-06
isk,2.214030310074945e-06
rigour,2.214030310074945e-06
tiser,2.214030310074945e-06
fsf,2.214030310074945e-06
wie,2.214030310074945e-06
swung,2.214030310074945e-06
ipw,2.214030310074945e-06
mme,2.214030310074945e-06
quesnay,2.214030310074945e-06
machina,2.214030310074945e-06
sway,2.214030310074945e-06
elab,2.214030310074945e-06
consecu,2.214030310074945e-06
zli,2.214030310074945e-06
toledo,2.214030310074945e-06
inu,2.214030310074945e-06
xyx,2.214030310074945e-06
repackag,2.214030310074945e-06
reexamina,2.214030310074945e-06
onceov,2.214030310074945e-06
xal,2.214030310074945e-06
axz,2.214030310074945e-06
fuu,2.214030310074945e-06
sacri,2.214030310074945e-06
alec,2.214030310074945e-06
temic,2.214030310074945e-06
gravell,2.214030310074945e-06
qtq,2.214030310074945e-06
quintessenti,2.214030310074945e-06
gos,2.214030310074945e-06
ubiqu,2.214030310074945e-06
unassist,2.214030310074945e-06
dous,2.214030310074945e-06
devolut,2.214030310074945e-06
dermot,2.214030310074945e-06
predispos,2.214030310074945e-06
oip,2.214030310074945e-06
noninvest,2.214030310074945e-06
hodrick,2.214030310074945e-06
tractlevel,2.214030310074945e-06
cfj,2.214030310074945e-06
suez,2.214030310074945e-06
swit,2.214030310074945e-06
suasiv,2.214030310074945e-06
gse,2.214030310074945e-06
kondratieff,2.214030310074945e-06
oooooooooo,2.214030310074945e-06
radioact,2.214030310074945e-06
aju,2.214030310074945e-06
porto,2.214030310074945e-06
factorsuppli,2.214030310074945e-06
alfonso,2.214030310074945e-06
egger,2.214030310074945e-06
notefor,2.214030310074945e-06
feenberg,2.214030310074945e-06
ygt,2.214030310074945e-06
tam,2.214030310074945e-06
spes,2.214030310074945e-06
kpl,2.214030310074945e-06
colonel,2.214030310074945e-06
hearten,2.214030310074945e-06
spray,2.214030310074945e-06
syi,2.214030310074945e-06
teo,2.214030310074945e-06
xvt,2.214030310074945e-06
abdul,2.214030310074945e-06
superannu,2.214030310074945e-06
texasaustin,2.214030310074945e-06
meanzero,2.214030310074945e-06
untri,2.214030310074945e-06
gloomi,2.214030310074945e-06
acton,2.214030310074945e-06
monetis,2.214030310074945e-06
yohe,2.214030310074945e-06
perous,2.214030310074945e-06
minimumdist,2.214030310074945e-06
ditalia,2.214030310074945e-06
malcomson,2.214030310074945e-06
nina,2.214030310074945e-06
unborn,2.214030310074945e-06
predevalu,2.214030310074945e-06
oioo,2.214030310074945e-06
allembrac,2.214030310074945e-06
unbi,2.214030310074945e-06
universitt,2.214030310074945e-06
tei,2.214030310074945e-06
olc,2.214030310074945e-06
prm,2.214030310074945e-06
tttt,2.214030310074945e-06
leontieftyp,2.214030310074945e-06
transgress,2.214030310074945e-06
adventur,2.214030310074945e-06
pda,2.214030310074945e-06
submarin,2.214030310074945e-06
ridder,2.214030310074945e-06
selfserv,2.214030310074945e-06
applique,2.214030310074945e-06
inconm,2.214030310074945e-06
erd,2.214030310074945e-06
hier,2.214030310074945e-06
jerold,2.214030310074945e-06
xrs,2.214030310074945e-06
microanalyt,2.214030310074945e-06
matlab,2.214030310074945e-06
fiftysix,2.214030310074945e-06
ttp,2.214030310074945e-06
unscal,2.214030310074945e-06
compro,2.214030310074945e-06
monarch,2.214030310074945e-06
igat,2.214030310074945e-06
yoi,2.214030310074945e-06
periti,2.214030310074945e-06
ryt,2.214030310074945e-06
constantin,2.214030310074945e-06
renaiss,2.214030310074945e-06
cedex,2.214030310074945e-06
rnl,2.214030310074945e-06
czt,2.214030310074945e-06
nfirm,2.214030310074945e-06
nsc,2.214030310074945e-06
estmat,2.214030310074945e-06
eitan,2.214030310074945e-06
efl,2.214030310074945e-06
mtmt,2.214030310074945e-06
nonreport,2.214030310074945e-06
liaison,2.214030310074945e-06
foerder,2.214030310074945e-06
twovari,2.214030310074945e-06
prose,2.214030310074945e-06
curt,2.214030310074945e-06
xiy,2.214030310074945e-06
xmin,2.214030310074945e-06
intrafamili,2.214030310074945e-06
afx,2.214030310074945e-06
smarter,2.214030310074945e-06
unspeci,2.214030310074945e-06
olp,2.214030310074945e-06
rematch,2.214030310074945e-06
inspec,2.214030310074945e-06
hss,2.214030310074945e-06
salabl,2.214030310074945e-06
mml,2.214030310074945e-06
incis,2.214030310074945e-06
computeraid,2.214030310074945e-06
beaten,2.214030310074945e-06
necticut,2.214030310074945e-06
bolling,2.214030310074945e-06
reappoint,2.214030310074945e-06
festschrift,2.214030310074945e-06
lipschitz,2.214030310074945e-06
strathclyd,2.214030310074945e-06
volvement,2.214030310074945e-06
chinhui,2.214030310074945e-06
kristensen,2.214030310074945e-06
orthonorm,2.214030310074945e-06
strait,2.214030310074945e-06
wich,2.214030310074945e-06
valuemaxim,2.214030310074945e-06
caleb,2.214030310074945e-06
jian,2.214030310074945e-06
assuag,2.214030310074945e-06
zea,2.214030310074945e-06
tremen,2.214030310074945e-06
problema,2.214030310074945e-06
andreu,2.214030310074945e-06
logodd,2.214030310074945e-06
yacht,2.214030310074945e-06
vaca,2.214030310074945e-06
circumspect,2.214030310074945e-06
strenuous,2.214030310074945e-06
discover,2.214030310074945e-06
subtler,2.214030310074945e-06
lyst,2.214030310074945e-06
dupli,2.214030310074945e-06
costcut,2.214030310074945e-06
schump,2.214030310074945e-06
goetzmann,2.214030310074945e-06
kdt,2.214030310074945e-06
theorybas,2.214030310074945e-06
repris,2.214030310074945e-06
nonstatist,2.214030310074945e-06
purview,2.214030310074945e-06
exhib,2.214030310074945e-06
jew,2.214030310074945e-06
knapp,2.214030310074945e-06
lace,2.214030310074945e-06
overdetermin,2.214030310074945e-06
fecund,2.214030310074945e-06
trj,2.214030310074945e-06
etic,2.214030310074945e-06
eichen,2.214030310074945e-06
bencivenga,2.214030310074945e-06
ote,2.214030310074945e-06
wso,2.214030310074945e-06
chalmer,2.214030310074945e-06
valuea,2.214030310074945e-06
lue,2.214030310074945e-06
samplea,2.214030310074945e-06
rudolph,2.214030310074945e-06
axr,2.214030310074945e-06
supran,2.214030310074945e-06
reso,2.214030310074945e-06
galvan,2.214030310074945e-06
fide,2.214030310074945e-06
pva,2.214030310074945e-06
satieti,2.214030310074945e-06
snob,2.214030310074945e-06
fivepoint,2.214030310074945e-06
fgt,2.214030310074945e-06
consu,2.214030310074945e-06
osha,2.214030310074945e-06
rqt,2.214030310074945e-06
pline,2.214030310074945e-06
defray,2.214030310074945e-06
subfamili,2.214030310074945e-06
pandem,2.214030310074945e-06
ujj,2.214030310074945e-06
sient,2.214030310074945e-06
reconstruc,2.214030310074945e-06
illicit,2.214030310074945e-06
sizewag,2.214030310074945e-06
itari,2.214030310074945e-06
augur,2.214030310074945e-06
noteal,2.214030310074945e-06
imal,2.214030310074945e-06
lsee,2.214030310074945e-06
lighten,2.214030310074945e-06
auton,2.214030310074945e-06
dda,2.214030310074945e-06
mki,2.214030310074945e-06
prr,2.214030310074945e-06
dss,2.214030310074945e-06
wert,2.214030310074945e-06
brealey,2.214030310074945e-06
sundaram,2.214030310074945e-06
indefi,2.214030310074945e-06
jacket,2.214030310074945e-06
clcl,2.214030310074945e-06
cvc,2.214030310074945e-06
xvith,2.214030310074945e-06
beard,2.214030310074945e-06
ivo,2.214030310074945e-06
wellinform,2.214030310074945e-06
dictatori,2.214030310074945e-06
empower,2.214030310074945e-06
jki,2.214030310074945e-06
astronom,2.214030310074945e-06
palestin,2.214030310074945e-06
alfredo,2.214030310074945e-06
amihai,2.214030310074945e-06
kmn,2.214030310074945e-06
nlo,2.214030310074945e-06
nextbest,2.214030310074945e-06
cyrus,2.214030310074945e-06
junk,2.214030310074945e-06
fickl,2.214030310074945e-06
tsr,2.214030310074945e-06
psychiatri,2.214030310074945e-06
cipat,2.214030310074945e-06
awit,2.214030310074945e-06
dune,2.214030310074945e-06
tradeth,2.214030310074945e-06
statesth,2.214030310074945e-06
lusiv,2.214030310074945e-06
lindblom,2.214030310074945e-06
psychometr,2.214030310074945e-06
pricesupport,2.214030310074945e-06
enshrin,2.214030310074945e-06
erx,2.214030310074945e-06
qto,2.214030310074945e-06
barth,2.214030310074945e-06
cribe,2.214030310074945e-06
lenienc,2.214030310074945e-06
ayn,2.214030310074945e-06
subop,2.214030310074945e-06
ratchford,2.214030310074945e-06
petersburg,2.214030310074945e-06
deemphas,2.214030310074945e-06
shortsight,2.214030310074945e-06
extrapola,2.214030310074945e-06
solvabl,2.214030310074945e-06
dxdi,2.214030310074945e-06
guner,2.214030310074945e-06
oko,2.214030310074945e-06
erick,2.214030310074945e-06
wlhere,2.214030310074945e-06
mink,2.214030310074945e-06
cqo,2.214030310074945e-06
mund,2.214030310074945e-06
newcomb,2.214030310074945e-06
luckili,2.214030310074945e-06
firmsa,2.214030310074945e-06
sonin,2.214030310074945e-06
girshick,2.214030310074945e-06
blau,2.214030310074945e-06
oyt,2.214030310074945e-06
pbo,2.214030310074945e-06
ose,2.214030310074945e-06
fork,2.214030310074945e-06
torr,2.214030310074945e-06
etn,2.214030310074945e-06
xtp,2.214030310074945e-06
csl,2.214030310074945e-06
therewith,2.214030310074945e-06
coali,2.214030310074945e-06
enj,2.214030310074945e-06
impervi,2.214030310074945e-06
serf,2.214030310074945e-06
caviti,2.214030310074945e-06
natal,2.214030310074945e-06
terregion,2.214030310074945e-06
minister,2.214030310074945e-06
ofpay,2.214030310074945e-06
wjw,2.214030310074945e-06
maxr,2.214030310074945e-06
robyn,2.214030310074945e-06
fora,2.214030310074945e-06
enigma,2.214030310074945e-06
mra,2.214030310074945e-06
wte,2.214030310074945e-06
debraj,2.214030310074945e-06
alyt,2.214030310074945e-06
tls,2.214030310074945e-06
proffer,2.214030310074945e-06
dashdot,2.214030310074945e-06
xtest,2.214030310074945e-06
hostag,2.214030310074945e-06
accep,2.214030310074945e-06
oversav,2.214030310074945e-06
bernhard,2.214030310074945e-06
cesar,2.214030310074945e-06
dient,2.214030310074945e-06
jelli,2.214030310074945e-06
groundwork,2.214030310074945e-06
jenck,2.214030310074945e-06
inim,2.214030310074945e-06
expansionist,2.214030310074945e-06
protagonist,2.214030310074945e-06
ucd,2.214030310074945e-06
eras,2.214030310074945e-06
mwh,2.214030310074945e-06
missibl,2.214030310074945e-06
toil,2.214030310074945e-06
xthe,2.214030310074945e-06
gish,2.214030310074945e-06
konstanz,2.214030310074945e-06
followon,2.214030310074945e-06
fourequ,1.8977402657785242e-06
fortyyear,1.8977402657785242e-06
yourself,1.8977402657785242e-06
pjn,1.8977402657785242e-06
apd,1.8977402657785242e-06
fender,1.8977402657785242e-06
bem,1.8977402657785242e-06
functionth,1.8977402657785242e-06
moggridg,1.8977402657785242e-06
quasicompetit,1.8977402657785242e-06
satyajit,1.8977402657785242e-06
sip,1.8977402657785242e-06
seconddegre,1.8977402657785242e-06
pjm,1.8977402657785242e-06
nexttolast,1.8977402657785242e-06
tjr,1.8977402657785242e-06
vos,1.8977402657785242e-06
phaseout,1.8977402657785242e-06
esoter,1.8977402657785242e-06
ayj,1.8977402657785242e-06
nonin,1.8977402657785242e-06
flank,1.8977402657785242e-06
hpi,1.8977402657785242e-06
dax,1.8977402657785242e-06
tfj,1.8977402657785242e-06
nand,1.8977402657785242e-06
orf,1.8977402657785242e-06
kam,1.8977402657785242e-06
capitalincom,1.8977402657785242e-06
kandel,1.8977402657785242e-06
disinclin,1.8977402657785242e-06
undersuppli,1.8977402657785242e-06
matri,1.8977402657785242e-06
bmw,1.8977402657785242e-06
invol,1.8977402657785242e-06
lustig,1.8977402657785242e-06
sexspecif,1.8977402657785242e-06
repu,1.8977402657785242e-06
bolivian,1.8977402657785242e-06
gki,1.8977402657785242e-06
naf,1.8977402657785242e-06
firth,1.8977402657785242e-06
bewild,1.8977402657785242e-06
martingal,1.8977402657785242e-06
wiser,1.8977402657785242e-06
moffit,1.8977402657785242e-06
gert,1.8977402657785242e-06
irrev,1.8977402657785242e-06
atn,1.8977402657785242e-06
wyckoff,1.8977402657785242e-06
dud,1.8977402657785242e-06
ptdt,1.8977402657785242e-06
qlr,1.8977402657785242e-06
changeabl,1.8977402657785242e-06
pointintim,1.8977402657785242e-06
plm,1.8977402657785242e-06
himmelberg,1.8977402657785242e-06
plu,1.8977402657785242e-06
doj,1.8977402657785242e-06
minimalist,1.8977402657785242e-06
schoar,1.8977402657785242e-06
undetect,1.8977402657785242e-06
nxk,1.8977402657785242e-06
whop,1.8977402657785242e-06
hadar,1.8977402657785242e-06
dmp,1.8977402657785242e-06
gles,1.8977402657785242e-06
gxi,1.8977402657785242e-06
iith,1.8977402657785242e-06
custo,1.8977402657785242e-06
tiplic,1.8977402657785242e-06
xiti,1.8977402657785242e-06
sheffrin,1.8977402657785242e-06
aef,1.8977402657785242e-06
landintens,1.8977402657785242e-06
topher,1.8977402657785242e-06
performancebas,1.8977402657785242e-06
fbi,1.8977402657785242e-06
ncc,1.8977402657785242e-06
eif,1.8977402657785242e-06
disbelief,1.8977402657785242e-06
glk,1.8977402657785242e-06
threevari,1.8977402657785242e-06
kidnap,1.8977402657785242e-06
devin,1.8977402657785242e-06
nnt,1.8977402657785242e-06
ameni,1.8977402657785242e-06
modelspecif,1.8977402657785242e-06
escort,1.8977402657785242e-06
eme,1.8977402657785242e-06
nonconform,1.8977402657785242e-06
oar,1.8977402657785242e-06
viat,1.8977402657785242e-06
djp,1.8977402657785242e-06
imai,1.8977402657785242e-06
quantityconstrain,1.8977402657785242e-06
igal,1.8977402657785242e-06
costi,1.8977402657785242e-06
piy,1.8977402657785242e-06
thoenig,1.8977402657785242e-06
dfdx,1.8977402657785242e-06
eiv,1.8977402657785242e-06
xab,1.8977402657785242e-06
qif,1.8977402657785242e-06
ekl,1.8977402657785242e-06
iwi,1.8977402657785242e-06
aiit,1.8977402657785242e-06
vacuous,1.8977402657785242e-06
investorown,1.8977402657785242e-06
gbp,1.8977402657785242e-06
arturo,1.8977402657785242e-06
heidelberg,1.8977402657785242e-06
suzuki,1.8977402657785242e-06
debtfinanc,1.8977402657785242e-06
mnp,1.8977402657785242e-06
bim,1.8977402657785242e-06
ftl,1.8977402657785242e-06
ifa,1.8977402657785242e-06
pco,1.8977402657785242e-06
unsound,1.8977402657785242e-06
highprofit,1.8977402657785242e-06
intercompani,1.8977402657785242e-06
utm,1.8977402657785242e-06
veg,1.8977402657785242e-06
udt,1.8977402657785242e-06
firmi,1.8977402657785242e-06
twoquart,1.8977402657785242e-06
guillaum,1.8977402657785242e-06
mroz,1.8977402657785242e-06
tare,1.8977402657785242e-06
nist,1.8977402657785242e-06
drm,1.8977402657785242e-06
xic,1.8977402657785242e-06
vro,1.8977402657785242e-06
irb,1.8977402657785242e-06
txa,1.8977402657785242e-06
lki,1.8977402657785242e-06
hierar,1.8977402657785242e-06
rebas,1.8977402657785242e-06
astut,1.8977402657785242e-06
rote,1.8977402657785242e-06
qjp,1.8977402657785242e-06
ccf,1.8977402657785242e-06
tachung,1.8977402657785242e-06
amd,1.8977402657785242e-06
compuls,1.8977402657785242e-06
ceterisparibus,1.8977402657785242e-06
shackl,1.8977402657785242e-06
joutrnal,1.8977402657785242e-06
nious,1.8977402657785242e-06
dili,1.8977402657785242e-06
commen,1.8977402657785242e-06
governmentimpos,1.8977402657785242e-06
slo,1.8977402657785242e-06
unsuc,1.8977402657785242e-06
publicfin,1.8977402657785242e-06
goff,1.8977402657785242e-06
cdfs,1.8977402657785242e-06
marchand,1.8977402657785242e-06
hendershott,1.8977402657785242e-06
tator,1.8977402657785242e-06
isabell,1.8977402657785242e-06
timescal,1.8977402657785242e-06
implausi,1.8977402657785242e-06
toikka,1.8977402657785242e-06
gir,1.8977402657785242e-06
daj,1.8977402657785242e-06
stipu,1.8977402657785242e-06
variableth,1.8977402657785242e-06
plateaus,1.8977402657785242e-06
tjl,1.8977402657785242e-06
abili,1.8977402657785242e-06
swf,1.8977402657785242e-06
rln,1.8977402657785242e-06
ilc,1.8977402657785242e-06
statisticalassoci,1.8977402657785242e-06
ytdt,1.8977402657785242e-06
outgrow,1.8977402657785242e-06
indivisi,1.8977402657785242e-06
pricesand,1.8977402657785242e-06
sincer,1.8977402657785242e-06
pnp,1.8977402657785242e-06
aho,1.8977402657785242e-06
debra,1.8977402657785242e-06
meiselman,1.8977402657785242e-06
xor,1.8977402657785242e-06
pher,1.8977402657785242e-06
coasian,1.8977402657785242e-06
mcnee,1.8977402657785242e-06
uol,1.8977402657785242e-06
harsanyi,1.8977402657785242e-06
highestincom,1.8977402657785242e-06
cxiv,1.8977402657785242e-06
nmodel,1.8977402657785242e-06
alistair,1.8977402657785242e-06
percenta,1.8977402657785242e-06
httpdxdoi,1.8977402657785242e-06
taxfinanc,1.8977402657785242e-06
bpo,1.8977402657785242e-06
pye,1.8977402657785242e-06
passengermil,1.8977402657785242e-06
shortcircuit,1.8977402657785242e-06
ulf,1.8977402657785242e-06
leed,1.8977402657785242e-06
cxp,1.8977402657785242e-06
psx,1.8977402657785242e-06
inar,1.8977402657785242e-06
hrt,1.8977402657785242e-06
perva,1.8977402657785242e-06
resourcealloc,1.8977402657785242e-06
completemarket,1.8977402657785242e-06
pqp,1.8977402657785242e-06
nonmatch,1.8977402657785242e-06
ichino,1.8977402657785242e-06
consensu,1.8977402657785242e-06
hiv,1.8977402657785242e-06
brett,1.8977402657785242e-06
samuelsonian,1.8977402657785242e-06
rtn,1.8977402657785242e-06
pns,1.8977402657785242e-06
aini,1.8977402657785242e-06
shannon,1.8977402657785242e-06
sacerdot,1.8977402657785242e-06
lkj,1.8977402657785242e-06
dew,1.8977402657785242e-06
plenum,1.8977402657785242e-06
sidepay,1.8977402657785242e-06
onili,1.8977402657785242e-06
eriksson,1.8977402657785242e-06
yiq,1.8977402657785242e-06
dba,1.8977402657785242e-06
kline,1.8977402657785242e-06
anat,1.8977402657785242e-06
pert,1.8977402657785242e-06
dmm,1.8977402657785242e-06
tof,1.8977402657785242e-06
nji,1.8977402657785242e-06
offlin,1.8977402657785242e-06
defacto,1.8977402657785242e-06
exet,1.8977402657785242e-06
profi,1.8977402657785242e-06
opf,1.8977402657785242e-06
mjs,1.8977402657785242e-06
imr,1.8977402657785242e-06
tuc,1.8977402657785242e-06
ustatist,1.8977402657785242e-06
exe,1.8977402657785242e-06
coven,1.8977402657785242e-06
minolog,1.8977402657785242e-06
rdp,1.8977402657785242e-06
aronson,1.8977402657785242e-06
wif,1.8977402657785242e-06
anb,1.8977402657785242e-06
ylf,1.8977402657785242e-06
igier,1.8977402657785242e-06
kto,1.8977402657785242e-06
vpj,1.8977402657785242e-06
tqt,1.8977402657785242e-06
lcs,1.8977402657785242e-06
bbi,1.8977402657785242e-06
letf,1.8977402657785242e-06
cxl,1.8977402657785242e-06
eyx,1.8977402657785242e-06
economyand,1.8977402657785242e-06
expz,1.8977402657785242e-06
periodth,1.8977402657785242e-06
inaccu,1.8977402657785242e-06
pion,1.8977402657785242e-06
omnisci,1.8977402657785242e-06
ahr,1.8977402657785242e-06
lorn,1.8977402657785242e-06
randomcoeffici,1.8977402657785242e-06
fps,1.8977402657785242e-06
lowinterest,1.8977402657785242e-06
preceed,1.8977402657785242e-06
groot,1.8977402657785242e-06
respecif,1.8977402657785242e-06
mcmahon,1.8977402657785242e-06
penalis,1.8977402657785242e-06
xiz,1.8977402657785242e-06
underpric,1.8977402657785242e-06
draconian,1.8977402657785242e-06
starker,1.8977402657785242e-06
mjl,1.8977402657785242e-06
ellipt,1.8977402657785242e-06
yui,1.8977402657785242e-06
anom,1.8977402657785242e-06
olymp,1.8977402657785242e-06
icd,1.8977402657785242e-06
ifz,1.8977402657785242e-06
cxix,1.8977402657785242e-06
onetwelfth,1.8977402657785242e-06
mundellflem,1.8977402657785242e-06
goodby,1.8977402657785242e-06
nutter,1.8977402657785242e-06
louvainlaneuv,1.8977402657785242e-06
microsimul,1.8977402657785242e-06
microdynam,1.8977402657785242e-06
pnl,1.8977402657785242e-06
varp,1.8977402657785242e-06
pandora,1.8977402657785242e-06
lexp,1.8977402657785242e-06
dermin,1.8977402657785242e-06
purvi,1.8977402657785242e-06
fso,1.8977402657785242e-06
edo,1.8977402657785242e-06
noninteract,1.8977402657785242e-06
jxi,1.8977402657785242e-06
overpay,1.8977402657785242e-06
zabel,1.8977402657785242e-06
funcrion,1.8977402657785242e-06
eae,1.8977402657785242e-06
computerbas,1.8977402657785242e-06
belton,1.8977402657785242e-06
takeo,1.8977402657785242e-06
epx,1.8977402657785242e-06
xra,1.8977402657785242e-06
clos,1.8977402657785242e-06
ynl,1.8977402657785242e-06
xiq,1.8977402657785242e-06
perimet,1.8977402657785242e-06
pjc,1.8977402657785242e-06
invoc,1.8977402657785242e-06
lowdemand,1.8977402657785242e-06
dwayn,1.8977402657785242e-06
mses,1.8977402657785242e-06
gular,1.8977402657785242e-06
randj,1.8977402657785242e-06
anant,1.8977402657785242e-06
obi,1.8977402657785242e-06
pfs,1.8977402657785242e-06
lnwage,1.8977402657785242e-06
kadan,1.8977402657785242e-06
noh,1.8977402657785242e-06
slj,1.8977402657785242e-06
fredriksson,1.8977402657785242e-06
signment,1.8977402657785242e-06
vix,1.8977402657785242e-06
nonreserv,1.8977402657785242e-06
nonextrem,1.8977402657785242e-06
keeper,1.8977402657785242e-06
enrica,1.8977402657785242e-06
wxl,1.8977402657785242e-06
revenueshar,1.8977402657785242e-06
pustat,1.8977402657785242e-06
poa,1.8977402657785242e-06
barberi,1.8977402657785242e-06
superfund,1.8977402657785242e-06
waw,1.8977402657785242e-06
vxi,1.8977402657785242e-06
wmn,1.8977402657785242e-06
monkey,1.8977402657785242e-06
prelim,1.8977402657785242e-06
flog,1.8977402657785242e-06
vega,1.8977402657785242e-06
wlk,1.8977402657785242e-06
khanna,1.8977402657785242e-06
inari,1.8977402657785242e-06
surer,1.8977402657785242e-06
dus,1.8977402657785242e-06
consumptionleisur,1.8977402657785242e-06
tidsskrift,1.8977402657785242e-06
cident,1.8977402657785242e-06
vll,1.8977402657785242e-06
kut,1.8977402657785242e-06
idiosyncraci,1.8977402657785242e-06
eon,1.8977402657785242e-06
vab,1.8977402657785242e-06
pob,1.8977402657785242e-06
misal,1.8977402657785242e-06
thereupon,1.8977402657785242e-06
ysl,1.8977402657785242e-06
dfa,1.8977402657785242e-06
rpj,1.8977402657785242e-06
dka,1.8977402657785242e-06
untru,1.8977402657785242e-06
synchronis,1.8977402657785242e-06
zaa,1.8977402657785242e-06
econon,1.8977402657785242e-06
klp,1.8977402657785242e-06
rnc,1.8977402657785242e-06
nll,1.8977402657785242e-06
uousli,1.8977402657785242e-06
withincohort,1.8977402657785242e-06
insubstanti,1.8977402657785242e-06
rix,1.8977402657785242e-06
wyi,1.8977402657785242e-06
cara,1.8977402657785242e-06
andfor,1.8977402657785242e-06
cys,1.8977402657785242e-06
higherskil,1.8977402657785242e-06
rabbit,1.8977402657785242e-06
ryl,1.8977402657785242e-06
overbar,1.8977402657785242e-06
kunreuth,1.8977402657785242e-06
eject,1.8977402657785242e-06
volcker,1.8977402657785242e-06
totowa,1.8977402657785242e-06
hormon,1.8977402657785242e-06
aiu,1.8977402657785242e-06
gpx,1.8977402657785242e-06
yix,1.8977402657785242e-06
etpt,1.8977402657785242e-06
eag,1.8977402657785242e-06
horwich,1.8977402657785242e-06
outbid,1.8977402657785242e-06
iant,1.8977402657785242e-06
ijr,1.8977402657785242e-06
hyt,1.8977402657785242e-06
sheena,1.8977402657785242e-06
ilg,1.8977402657785242e-06
rudi,1.8977402657785242e-06
rnk,1.8977402657785242e-06
inadvis,1.8977402657785242e-06
mander,1.8977402657785242e-06
worseoff,1.8977402657785242e-06
florian,1.8977402657785242e-06
jtj,1.8977402657785242e-06
papb,1.8977402657785242e-06
bxl,1.8977402657785242e-06
zts,1.8977402657785242e-06
rsi,1.8977402657785242e-06
quasilikelihood,1.8977402657785242e-06
ecca,1.8977402657785242e-06
pansionari,1.8977402657785242e-06
xdi,1.8977402657785242e-06
yxx,1.8977402657785242e-06
url,1.8977402657785242e-06
jorion,1.8977402657785242e-06
nonmono,1.8977402657785242e-06
betterqu,1.8977402657785242e-06
lesse,1.8977402657785242e-06
bellshap,1.8977402657785242e-06
vijay,1.8977402657785242e-06
bourn,1.8977402657785242e-06
tldot,1.8977402657785242e-06
ondord,1.8977402657785242e-06
ortalomagn,1.8977402657785242e-06
petia,1.8977402657785242e-06
timespan,1.8977402657785242e-06
friendship,1.8977402657785242e-06
stakehold,1.8977402657785242e-06
winnow,1.8977402657785242e-06
ifp,1.8977402657785242e-06
brs,1.8977402657785242e-06
finess,1.8977402657785242e-06
otj,1.8977402657785242e-06
crx,1.8977402657785242e-06
capitalin,1.8977402657785242e-06
liquida,1.8977402657785242e-06
mayshar,1.8977402657785242e-06
exig,1.8977402657785242e-06
duress,1.8977402657785242e-06
ofk,1.8977402657785242e-06
pgg,1.8977402657785242e-06
aaq,1.8977402657785242e-06
crn,1.8977402657785242e-06
tamper,1.8977402657785242e-06
middleman,1.8977402657785242e-06
vts,1.8977402657785242e-06
ecf,1.8977402657785242e-06
jacklin,1.8977402657785242e-06
spf,1.8977402657785242e-06
ayx,1.8977402657785242e-06
biz,1.8977402657785242e-06
qtheori,1.8977402657785242e-06
economii,1.8977402657785242e-06
ckk,1.8977402657785242e-06
jtl,1.8977402657785242e-06
dessert,1.8977402657785242e-06
txl,1.8977402657785242e-06
switcher,1.8977402657785242e-06
briefest,1.8977402657785242e-06
lox,1.8977402657785242e-06
aiz,1.8977402657785242e-06
regulari,1.8977402657785242e-06
tinuum,1.8977402657785242e-06
tinual,1.8977402657785242e-06
nesian,1.8977402657785242e-06
shu,1.8977402657785242e-06
nri,1.8977402657785242e-06
qqq,1.8977402657785242e-06
wymer,1.8977402657785242e-06
ppr,1.8977402657785242e-06
damn,1.8977402657785242e-06
xtz,1.8977402657785242e-06
unsatisfac,1.8977402657785242e-06
unilat,1.8977402657785242e-06
renegotiationproof,1.8977402657785242e-06
retro,1.8977402657785242e-06
nontreat,1.8977402657785242e-06
inconsider,1.8977402657785242e-06
oftentim,1.8977402657785242e-06
addon,1.8977402657785242e-06
rean,1.8977402657785242e-06
abas,1.8977402657785242e-06
deciph,1.8977402657785242e-06
phelpsbrown,1.8977402657785242e-06
xiu,1.8977402657785242e-06
minimiz,1.8977402657785242e-06
wilhelm,1.8977402657785242e-06
faber,1.8977402657785242e-06
fowler,1.8977402657785242e-06
toprank,1.8977402657785242e-06
cashier,1.8977402657785242e-06
reev,1.8977402657785242e-06
aster,1.8977402657785242e-06
deposi,1.8977402657785242e-06
pyk,1.8977402657785242e-06
pren,1.8977402657785242e-06
inti,1.8977402657785242e-06
rector,1.8977402657785242e-06
sacr,1.8977402657785242e-06
sophic,1.8977402657785242e-06
dejong,1.8977402657785242e-06
eyebal,1.8977402657785242e-06
prepost,1.8977402657785242e-06
oyl,1.8977402657785242e-06
assidu,1.8977402657785242e-06
metaphys,1.8977402657785242e-06
holzer,1.8977402657785242e-06
formbi,1.8977402657785242e-06
fend,1.8977402657785242e-06
lila,1.8977402657785242e-06
occam,1.8977402657785242e-06
ssw,1.8977402657785242e-06
pfa,1.8977402657785242e-06
braical,1.8977402657785242e-06
yak,1.8977402657785242e-06
aeit,1.8977402657785242e-06
abilitytopay,1.8977402657785242e-06
lwi,1.8977402657785242e-06
onon,1.8977402657785242e-06
insen,1.8977402657785242e-06
grope,1.8977402657785242e-06
moneymarket,1.8977402657785242e-06
highunemploy,1.8977402657785242e-06
tff,1.8977402657785242e-06
ork,1.8977402657785242e-06
autarch,1.8977402657785242e-06
macropolici,1.8977402657785242e-06
intraurban,1.8977402657785242e-06
brandon,1.8977402657785242e-06
unlist,1.8977402657785242e-06
brigham,1.8977402657785242e-06
hannah,1.8977402657785242e-06
childcar,1.8977402657785242e-06
rutledg,1.8977402657785242e-06
ijn,1.8977402657785242e-06
hardin,1.8977402657785242e-06
bookstor,1.8977402657785242e-06
postgradu,1.8977402657785242e-06
mauricio,1.8977402657785242e-06
flection,1.8977402657785242e-06
etern,1.8977402657785242e-06
klog,1.8977402657785242e-06
lausann,1.8977402657785242e-06
bfor,1.8977402657785242e-06
pedigre,1.8977402657785242e-06
decri,1.8977402657785242e-06
remarriag,1.8977402657785242e-06
summabl,1.8977402657785242e-06
psj,1.8977402657785242e-06
humbl,1.8977402657785242e-06
fake,1.8977402657785242e-06
unencumb,1.8977402657785242e-06
sabotag,1.8977402657785242e-06
cowan,1.8977402657785242e-06
amiss,1.8977402657785242e-06
determinaci,1.8977402657785242e-06
formalist,1.8977402657785242e-06
icj,1.8977402657785242e-06
technologist,1.8977402657785242e-06
yeara,1.8977402657785242e-06
efraim,1.8977402657785242e-06
ntu,1.8977402657785242e-06
intermediaterun,1.8977402657785242e-06
appliqu,1.8977402657785242e-06
xkxk,1.8977402657785242e-06
redid,1.8977402657785242e-06
avp,1.8977402657785242e-06
strahan,1.8977402657785242e-06
rga,1.8977402657785242e-06
inexperi,1.8977402657785242e-06
aberdeen,1.8977402657785242e-06
gillett,1.8977402657785242e-06
adja,1.8977402657785242e-06
okla,1.8977402657785242e-06
highrank,1.8977402657785242e-06
scaledup,1.8977402657785242e-06
swagel,1.8977402657785242e-06
manipu,1.8977402657785242e-06
weldon,1.8977402657785242e-06
dewhurst,1.8977402657785242e-06
rkn,1.8977402657785242e-06
fgi,1.8977402657785242e-06
goetz,1.8977402657785242e-06
xib,1.8977402657785242e-06
neuman,1.8977402657785242e-06
retrogress,1.8977402657785242e-06
kkl,1.8977402657785242e-06
bef,1.8977402657785242e-06
tox,1.8977402657785242e-06
feast,1.8977402657785242e-06
notwith,1.8977402657785242e-06
alison,1.8977402657785242e-06
vzt,1.8977402657785242e-06
rpk,1.8977402657785242e-06
funder,1.8977402657785242e-06
aod,1.8977402657785242e-06
pxh,1.8977402657785242e-06
ofr,1.8977402657785242e-06
panopli,1.8977402657785242e-06
indefens,1.8977402657785242e-06
pernici,1.8977402657785242e-06
altera,1.8977402657785242e-06
eton,1.8977402657785242e-06
jonung,1.8977402657785242e-06
unint,1.8977402657785242e-06
nini,1.8977402657785242e-06
tgi,1.8977402657785242e-06
arili,1.8977402657785242e-06
kotaro,1.8977402657785242e-06
reec,1.8977402657785242e-06
eitc,1.8977402657785242e-06
nonconstruct,1.8977402657785242e-06
wic,1.8977402657785242e-06
klu,1.8977402657785242e-06
ifornia,1.8977402657785242e-06
cova,1.8977402657785242e-06
misprint,1.8977402657785242e-06
fib,1.8977402657785242e-06
philadel,1.8977402657785242e-06
rbs,1.8977402657785242e-06
framer,1.8977402657785242e-06
readymix,1.8977402657785242e-06
selfdestruct,1.8977402657785242e-06
bni,1.8977402657785242e-06
rine,1.8977402657785242e-06
ivj,1.8977402657785242e-06
rotter,1.8977402657785242e-06
overthrown,1.8977402657785242e-06
goldfeldquandt,1.8977402657785242e-06
iep,1.8977402657785242e-06
utopia,1.8977402657785242e-06
kko,1.8977402657785242e-06
abreast,1.8977402657785242e-06
rfc,1.8977402657785242e-06
misfortun,1.8977402657785242e-06
hml,1.8977402657785242e-06
phia,1.8977402657785242e-06
prosaic,1.8977402657785242e-06
lmax,1.8977402657785242e-06
childrear,1.8977402657785242e-06
xfl,1.8977402657785242e-06
timiz,1.8977402657785242e-06
systema,1.8977402657785242e-06
kurlat,1.8977402657785242e-06
cmc,1.8977402657785242e-06
friedberg,1.8977402657785242e-06
tiv,1.8977402657785242e-06
cnr,1.8977402657785242e-06
sherri,1.8977402657785242e-06
moe,1.8977402657785242e-06
rnn,1.8977402657785242e-06
pme,1.8977402657785242e-06
twoagent,1.8977402657785242e-06
wdt,1.8977402657785242e-06
miln,1.8977402657785242e-06
utor,1.8977402657785242e-06
xoo,1.8977402657785242e-06
lowyield,1.8977402657785242e-06
fop,1.8977402657785242e-06
silli,1.8977402657785242e-06
euw,1.8977402657785242e-06
dlc,1.8977402657785242e-06
anytim,1.8977402657785242e-06
spokesman,1.8977402657785242e-06
uik,1.8977402657785242e-06
srivastava,1.8977402657785242e-06
rectif,1.8977402657785242e-06
denounc,1.8977402657785242e-06
bimetal,1.8977402657785242e-06
rtbt,1.8977402657785242e-06
centraliza,1.8977402657785242e-06
illu,1.8977402657785242e-06
sover,1.8977402657785242e-06
azk,1.8977402657785242e-06
avf,1.8977402657785242e-06
multidivision,1.8977402657785242e-06
roam,1.8977402657785242e-06
smal,1.8977402657785242e-06
produit,1.8977402657785242e-06
fon,1.8977402657785242e-06
counterattack,1.8977402657785242e-06
unnorm,1.8977402657785242e-06
millar,1.8977402657785242e-06
covt,1.8977402657785242e-06
sertion,1.8977402657785242e-06
ratori,1.8977402657785242e-06
pcb,1.8977402657785242e-06
aibi,1.8977402657785242e-06
gator,1.8977402657785242e-06
ballot,1.8977402657785242e-06
hero,1.8977402657785242e-06
viv,1.8977402657785242e-06
erous,1.8977402657785242e-06
qql,1.8977402657785242e-06
mandel,1.8977402657785242e-06
mccord,1.8977402657785242e-06
labl,1.8977402657785242e-06
terpol,1.8977402657785242e-06
wwl,1.8977402657785242e-06
elj,1.8977402657785242e-06
secondhighest,1.8977402657785242e-06
workerfirm,1.8977402657785242e-06
incontrovert,1.8977402657785242e-06
tame,1.8977402657785242e-06
legion,1.8977402657785242e-06
aloi,1.8977402657785242e-06
wickste,1.8977402657785242e-06
nonaltruist,1.8977402657785242e-06
crazi,1.8977402657785242e-06
tni,1.8977402657785242e-06
nonborrow,1.8977402657785242e-06
craftsman,1.8977402657785242e-06
steinar,1.8977402657785242e-06
pectiv,1.8977402657785242e-06
ccn,1.8977402657785242e-06
prostitut,1.8977402657785242e-06
salesman,1.8977402657785242e-06
stroy,1.8977402657785242e-06
procreat,1.8977402657785242e-06
hoshi,1.8977402657785242e-06
injustic,1.8977402657785242e-06
zhou,1.8977402657785242e-06
cling,1.8977402657785242e-06
everpres,1.8977402657785242e-06
overrepresent,1.8977402657785242e-06
garvi,1.8977402657785242e-06
rul,1.8977402657785242e-06
vale,1.8977402657785242e-06
predica,1.8977402657785242e-06
seventytwo,1.8977402657785242e-06
bok,1.8977402657785242e-06
premi,1.8977402657785242e-06
ipal,1.8977402657785242e-06
ocm,1.8977402657785242e-06
bangbang,1.8977402657785242e-06
woefulli,1.8977402657785242e-06
amf,1.8977402657785242e-06
vra,1.8977402657785242e-06
malfunct,1.8977402657785242e-06
supplydetermin,1.8977402657785242e-06
villa,1.8977402657785242e-06
ttk,1.8977402657785242e-06
bray,1.8977402657785242e-06
nassau,1.8977402657785242e-06
authorship,1.8977402657785242e-06
lauma,1.8977402657785242e-06
edin,1.8977402657785242e-06
ineleg,1.8977402657785242e-06
polyhedr,1.8977402657785242e-06
efc,1.8977402657785242e-06
bangladeshi,1.8977402657785242e-06
forerunn,1.8977402657785242e-06
newcastl,1.8977402657785242e-06
enti,1.8977402657785242e-06
hoj,1.8977402657785242e-06
booklet,1.8977402657785242e-06
scriber,1.8977402657785242e-06
nozick,1.8977402657785242e-06
thf,1.8977402657785242e-06
marseill,1.8977402657785242e-06
incurs,1.8977402657785242e-06
cradl,1.8977402657785242e-06
chef,1.8977402657785242e-06
keim,1.8977402657785242e-06
statesman,1.8977402657785242e-06
lief,1.8977402657785242e-06
underrepresent,1.8977402657785242e-06
rili,1.8977402657785242e-06
wurgler,1.8977402657785242e-06
vvv,1.8977402657785242e-06
uun,1.8977402657785242e-06
fordham,1.8977402657785242e-06
sugden,1.8977402657785242e-06
lombard,1.8977402657785242e-06
cpk,1.8977402657785242e-06
leam,1.8977402657785242e-06
percol,1.8977402657785242e-06
wlhen,1.8977402657785242e-06
nonverifi,1.8977402657785242e-06
axo,1.8977402657785242e-06
authoris,1.8977402657785242e-06
langelern,1.8977402657785242e-06
utj,1.8977402657785242e-06
selfperpetu,1.8977402657785242e-06
crossley,1.8977402657785242e-06
subnorm,1.8977402657785242e-06
ssee,1.8977402657785242e-06
skyrocket,1.8977402657785242e-06
sixtyfour,1.8977402657785242e-06
ggo,1.8977402657785242e-06
zwiebel,1.8977402657785242e-06
rietz,1.8977402657785242e-06
pul,1.8977402657785242e-06
forr,1.8977402657785242e-06
dco,1.8977402657785242e-06
allus,1.8977402657785242e-06
intraclass,1.8977402657785242e-06
djx,1.8977402657785242e-06
spicuous,1.8977402657785242e-06
lini,1.8977402657785242e-06
lmi,1.8977402657785242e-06
fno,1.8977402657785242e-06
ethel,1.8977402657785242e-06
physiocrat,1.8977402657785242e-06
cantillon,1.8977402657785242e-06
zri,1.8977402657785242e-06
lut,1.8977402657785242e-06
lrj,1.8977402657785242e-06
acquiesc,1.8977402657785242e-06
unbroken,1.8977402657785242e-06
mtp,1.8977402657785242e-06
belgiqu,1.8977402657785242e-06
unknow,1.8977402657785242e-06
ehess,1.8977402657785242e-06
fink,1.8977402657785242e-06
jeopardis,1.8977402657785242e-06
costreduct,1.8977402657785242e-06
expuls,1.8977402657785242e-06
breadwinn,1.8977402657785242e-06
highestrank,1.8977402657785242e-06
wirtschaftsforschung,1.8977402657785242e-06
wellidentifi,1.8977402657785242e-06
fuqua,1.8977402657785242e-06
monplac,1.8977402657785242e-06
yaron,1.8977402657785242e-06
ajh,1.8977402657785242e-06
operandi,1.8977402657785242e-06
ablebodi,1.8977402657785242e-06
partisanship,1.8977402657785242e-06
semest,1.8977402657785242e-06
fourweek,1.8977402657785242e-06
voy,1.8977402657785242e-06
ora,1.8977402657785242e-06
antimonopoli,1.8977402657785242e-06
adel,1.8977402657785242e-06
pricerais,1.8977402657785242e-06
veldkamp,1.8977402657785242e-06
diss,1.8977402657785242e-06
upi,1.8977402657785242e-06
ficanc,1.8977402657785242e-06
mythic,1.8977402657785242e-06
americanj,1.8977402657785242e-06
countyyear,1.8977402657785242e-06
pentup,1.8977402657785242e-06
oeo,1.8977402657785242e-06
blyt,1.8977402657785242e-06
lexisnexi,1.8977402657785242e-06
jkj,1.8977402657785242e-06
neri,1.8977402657785242e-06
sociocultur,1.8977402657785242e-06
minx,1.8977402657785242e-06
billboard,1.8977402657785242e-06
chernozhukov,1.8977402657785242e-06
fiftyfour,1.8977402657785242e-06
widelyus,1.8977402657785242e-06
yeo,1.8977402657785242e-06
sizea,1.8977402657785242e-06
mosak,1.8977402657785242e-06
intl,1.8977402657785242e-06
maxw,1.8977402657785242e-06
ocf,1.8977402657785242e-06
implau,1.8977402657785242e-06
aiq,1.8977402657785242e-06
choix,1.8977402657785242e-06
traordinari,1.8977402657785242e-06
hyun,1.8977402657785242e-06
consomm,1.8977402657785242e-06
michihiro,1.8977402657785242e-06
isola,1.8977402657785242e-06
ezi,1.8977402657785242e-06
itzhak,1.8977402657785242e-06
iak,1.8977402657785242e-06
froin,1.8977402657785242e-06
moreskil,1.8977402657785242e-06
demanid,1.8977402657785242e-06
httpwwweconometricsocietyorgectasupmat,1.8977402657785242e-06
cemfi,1.8977402657785242e-06
rowan,1.8977402657785242e-06
hegemoni,1.8977402657785242e-06
budg,1.8977402657785242e-06
fetter,1.8977402657785242e-06
trench,1.8977402657785242e-06
rse,1.8977402657785242e-06
heinrich,1.8977402657785242e-06
amarket,1.8977402657785242e-06
frechet,1.8977402657785242e-06
capabil,1.8977402657785242e-06
digniti,1.8977402657785242e-06
pbk,1.8977402657785242e-06
sappington,1.8977402657785242e-06
materialist,1.8977402657785242e-06
ciplin,1.8977402657785242e-06
highpressur,1.8977402657785242e-06
paulin,1.8977402657785242e-06
ritori,1.8977402657785242e-06
aldi,1.8977402657785242e-06
thiev,1.8977402657785242e-06
kauffman,1.8977402657785242e-06
journlal,1.8977402657785242e-06
lindustri,1.8977402657785242e-06
sorin,1.8977402657785242e-06
miliar,1.8977402657785242e-06
cixi,1.8977402657785242e-06
solidifi,1.8977402657785242e-06
morrow,1.8977402657785242e-06
wom,1.8977402657785242e-06
aubrey,1.8977402657785242e-06
unhealthi,1.8977402657785242e-06
brethren,1.8977402657785242e-06
agn,1.8977402657785242e-06
amidst,1.8977402657785242e-06
rainer,1.8977402657785242e-06
mackenzi,1.8977402657785242e-06
aron,1.8977402657785242e-06
ananth,1.8977402657785242e-06
revalua,1.8977402657785242e-06
bounti,1.8977402657785242e-06
maladi,1.8977402657785242e-06
renown,1.8977402657785242e-06
paperth,1.8977402657785242e-06
halfhour,1.8977402657785242e-06
ifm,1.8977402657785242e-06
cand,1.8977402657785242e-06
serena,1.8977402657785242e-06
vxt,1.8977402657785242e-06
sai,1.8977402657785242e-06
inor,1.8977402657785242e-06
qcq,1.8977402657785242e-06
monarchi,1.8977402657785242e-06
deplor,1.8977402657785242e-06
sax,1.8977402657785242e-06
overdu,1.8977402657785242e-06
amet,1.8977402657785242e-06
perat,1.8977402657785242e-06
econt,1.8977402657785242e-06
portend,1.8977402657785242e-06
ertdt,1.8977402657785242e-06
sticerd,1.8977402657785242e-06
summit,1.8977402657785242e-06
bixi,1.8977402657785242e-06
kati,1.8977402657785242e-06
crumbl,1.8977402657785242e-06
reu,1.8977402657785242e-06
ssc,1.8977402657785242e-06
paretoimprov,1.8977402657785242e-06
pfq,1.8977402657785242e-06
understudi,1.8977402657785242e-06
aye,1.8977402657785242e-06
unnatur,1.8977402657785242e-06
llx,1.8977402657785242e-06
muchdiscuss,1.8977402657785242e-06
pfout,1.8977402657785242e-06
yokohama,1.8977402657785242e-06
dkj,1.8977402657785242e-06
luce,1.8977402657785242e-06
scious,1.8977402657785242e-06
lzi,1.8977402657785242e-06
swl,1.8977402657785242e-06
admonit,1.8977402657785242e-06
ytm,1.8977402657785242e-06
williamstown,1.8977402657785242e-06
oax,1.8977402657785242e-06
covx,1.8977402657785242e-06
documen,1.8977402657785242e-06
theoiy,1.8977402657785242e-06
enh,1.8977402657785242e-06
indent,1.8977402657785242e-06
faq,1.8977402657785242e-06
ezt,1.8977402657785242e-06
consumptioninvest,1.8977402657785242e-06
wdl,1.8977402657785242e-06
mathrmln,1.8977402657785242e-06
tinsley,1.8977402657785242e-06
sall,1.8977402657785242e-06
jdt,1.8977402657785242e-06
zat,1.8977402657785242e-06
illuminat,1.8977402657785242e-06
phen,1.8977402657785242e-06
awm,1.8977402657785242e-06
wendel,1.8977402657785242e-06
ftw,1.8977402657785242e-06
neudc,1.8977402657785242e-06
redon,1.8977402657785242e-06
paperback,1.8977402657785242e-06
extric,1.8977402657785242e-06
bieren,1.8977402657785242e-06
ltk,1.8977402657785242e-06
gdt,1.8977402657785242e-06
hamil,1.8977402657785242e-06
soren,1.8977402657785242e-06
bethesda,1.8977402657785242e-06
dobrovolski,1.8977402657785242e-06
pwl,1.8977402657785242e-06
vva,1.8977402657785242e-06
shepsl,1.8977402657785242e-06
summarili,1.8977402657785242e-06
abp,1.8977402657785242e-06
oql,1.8977402657785242e-06
inth,1.8977402657785242e-06
rian,1.8977402657785242e-06
mentabl,1.8977402657785242e-06
ewj,1.8977402657785242e-06
keener,1.8977402657785242e-06
lien,1.8977402657785242e-06
vicissitud,1.8977402657785242e-06
gcl,1.8977402657785242e-06
ixe,1.8977402657785242e-06
subdu,1.8977402657785242e-06
bode,1.8977402657785242e-06
growthth,1.8977402657785242e-06
moun,1.8977402657785242e-06
urb,1.8977402657785242e-06
trepreneurship,1.8977402657785242e-06
breyer,1.8977402657785242e-06
eue,1.8977402657785242e-06
zeit,1.8977402657785242e-06
ntnt,1.8977402657785242e-06
slog,1.8977402657785242e-06
drum,1.8977402657785242e-06
readymad,1.8977402657785242e-06
pqm,1.8977402657785242e-06
cecilia,1.8977402657785242e-06
altug,1.8977402657785242e-06
polariza,1.8977402657785242e-06
gativ,1.8977402657785242e-06
concem,1.8977402657785242e-06
deficien,1.8977402657785242e-06
sanm,1.8977402657785242e-06
mihov,1.8977402657785242e-06
wellington,1.8977402657785242e-06
cko,1.8977402657785242e-06
zenith,1.8977402657785242e-06
kasper,1.8977402657785242e-06
kji,1.8977402657785242e-06
advanta,1.8977402657785242e-06
dorn,1.8977402657785242e-06
corpus,1.8977402657785242e-06
credul,1.8977402657785242e-06
tjp,1.8977402657785242e-06
nen,1.8977402657785242e-06
arx,1.8977402657785242e-06
clm,1.8977402657785242e-06
reabsorb,1.8977402657785242e-06
inflationinduc,1.8977402657785242e-06
blackmail,1.8977402657785242e-06
ilia,1.8977402657785242e-06
stutzer,1.8977402657785242e-06
vfi,1.8977402657785242e-06
wss,1.8977402657785242e-06
underprovis,1.8977402657785242e-06
qjl,1.8977402657785242e-06
fxo,1.8977402657785242e-06
uwo,1.8977402657785242e-06
qpn,1.8977402657785242e-06
recuper,1.8977402657785242e-06
azz,1.8977402657785242e-06
zft,1.8977402657785242e-06
modus,1.8977402657785242e-06
garbag,1.8977402657785242e-06
lexicograph,1.8977402657785242e-06
generali,1.8977402657785242e-06
apw,1.8977402657785242e-06
rcs,1.8977402657785242e-06
skate,1.8977402657785242e-06
atlt,1.8977402657785242e-06
cpv,1.8977402657785242e-06
fairer,1.8977402657785242e-06
xjm,1.8977402657785242e-06
ognit,1.8977402657785242e-06
hurd,1.8977402657785242e-06
unwit,1.8977402657785242e-06
rxt,1.8977402657785242e-06
newport,1.8977402657785242e-06
consumptionsav,1.8977402657785242e-06
gpp,1.8977402657785242e-06
agreeabl,1.8977402657785242e-06
kio,1.8977402657785242e-06
manipula,1.8977402657785242e-06
ltn,1.8977402657785242e-06
sind,1.8977402657785242e-06
giz,1.8977402657785242e-06
runup,1.8977402657785242e-06
timeaverag,1.8977402657785242e-06
eey,1.8977402657785242e-06
varlog,1.8977402657785242e-06
paradoxi,1.8977402657785242e-06
tradesmen,1.8977402657785242e-06
tuitiv,1.8977402657785242e-06
timesav,1.8977402657785242e-06
decentraliza,1.8977402657785242e-06
boulevard,1.8977402657785242e-06
vart,1.8977402657785242e-06
incomemaxim,1.8977402657785242e-06
wul,1.8977402657785242e-06
ving,1.8977402657785242e-06
whittak,1.8977402657785242e-06
lcr,1.8977402657785242e-06
rowli,1.8977402657785242e-06
staten,1.8977402657785242e-06
muddi,1.8977402657785242e-06
fortynin,1.8977402657785242e-06
nold,1.8977402657785242e-06
tiy,1.8977402657785242e-06
narayana,1.8977402657785242e-06
elmer,1.8977402657785242e-06
eugenio,1.8977402657785242e-06
natori,1.8977402657785242e-06
factorili,1.8977402657785242e-06
unjust,1.8977402657785242e-06
unrequit,1.8977402657785242e-06
massproduct,1.8977402657785242e-06
iivi,1.8977402657785242e-06
memoryless,1.8977402657785242e-06
jthe,1.8977402657785242e-06
forgiven,1.8977402657785242e-06
gsa,1.8977402657785242e-06
hac,1.8977402657785242e-06
sixfold,1.8977402657785242e-06
mccubbin,1.8977402657785242e-06
ptw,1.8977402657785242e-06
clip,1.8977402657785242e-06
acv,1.8977402657785242e-06
petual,1.8977402657785242e-06
rcl,1.8977402657785242e-06
ctn,1.8977402657785242e-06
talize,1.8977402657785242e-06
terminol,1.8977402657785242e-06
helena,1.8977402657785242e-06
bucket,1.8977402657785242e-06
propiti,1.8977402657785242e-06
deferr,1.8977402657785242e-06
xlb,1.8977402657785242e-06
routh,1.8977402657785242e-06
fundacin,1.8977402657785242e-06
xoi,1.8977402657785242e-06
vogt,1.8977402657785242e-06
litiga,1.8977402657785242e-06
ioa,1.8977402657785242e-06
economtrica,1.8977402657785242e-06
clifton,1.8977402657785242e-06
pew,1.8977402657785242e-06
toda,1.8977402657785242e-06
cere,1.8977402657785242e-06
thrice,1.8977402657785242e-06
atg,1.8977402657785242e-06
siphon,1.8977402657785242e-06
slk,1.8977402657785242e-06
illb,1.8977402657785242e-06
disci,1.8977402657785242e-06
curi,1.8977402657785242e-06
siena,1.8977402657785242e-06
xpl,1.8977402657785242e-06
ajai,1.8977402657785242e-06
equaliz,1.8977402657785242e-06
katja,1.8977402657785242e-06
uis,1.8977402657785242e-06
drg,1.8977402657785242e-06
gros,1.8977402657785242e-06
ladd,1.8977402657785242e-06
ocu,1.8977402657785242e-06
edd,1.8977402657785242e-06
footprint,1.8977402657785242e-06
grauw,1.8977402657785242e-06
blan,1.8977402657785242e-06
famill,1.8977402657785242e-06
utabl,1.8977402657785242e-06
zivot,1.8977402657785242e-06
incomeproduc,1.8977402657785242e-06
bancroft,1.8977402657785242e-06
kta,1.8977402657785242e-06
bondag,1.8977402657785242e-06
nonautocorrel,1.8977402657785242e-06
byp,1.8977402657785242e-06
elton,1.8977402657785242e-06
stagna,1.8977402657785242e-06
pris,1.8977402657785242e-06
vehi,1.8977402657785242e-06
rape,1.8977402657785242e-06
racism,1.8977402657785242e-06
reor,1.8977402657785242e-06
outcri,1.8977402657785242e-06
basingpoint,1.8977402657785242e-06
crossspectr,1.8977402657785242e-06
blossom,1.8977402657785242e-06
aill,1.8977402657785242e-06
smb,1.8977402657785242e-06
ineffec,1.8977402657785242e-06
geous,1.8977402657785242e-06
biv,1.8977402657785242e-06
bxj,1.8977402657785242e-06
pessi,1.8977402657785242e-06
ius,1.8977402657785242e-06
phj,1.8977402657785242e-06
kpo,1.8977402657785242e-06
errorridden,1.8977402657785242e-06
yxp,1.8977402657785242e-06
proud,1.8977402657785242e-06
kara,1.8977402657785242e-06
dfj,1.8977402657785242e-06
pru,1.8977402657785242e-06
hartmann,1.8977402657785242e-06
oxj,1.5814502214821036e-06
uaj,1.5814502214821036e-06
uib,1.5814502214821036e-06
nds,1.5814502214821036e-06
sok,1.5814502214821036e-06
werent,1.5814502214821036e-06
stacey,1.5814502214821036e-06
dieter,1.5814502214821036e-06
stain,1.5814502214821036e-06
accomod,1.5814502214821036e-06
unpack,1.5814502214821036e-06
fft,1.5814502214821036e-06
pheno,1.5814502214821036e-06
vyi,1.5814502214821036e-06
xjl,1.5814502214821036e-06
idx,1.5814502214821036e-06
asx,1.5814502214821036e-06
deced,1.5814502214821036e-06
swede,1.5814502214821036e-06
difer,1.5814502214821036e-06
propaga,1.5814502214821036e-06
marqui,1.5814502214821036e-06
oddnumb,1.5814502214821036e-06
wolfowitz,1.5814502214821036e-06
activit,1.5814502214821036e-06
cql,1.5814502214821036e-06
genious,1.5814502214821036e-06
qjeoxfordjournalsorg,1.5814502214821036e-06
mahlon,1.5814502214821036e-06
birthplac,1.5814502214821036e-06
yxj,1.5814502214821036e-06
hxl,1.5814502214821036e-06
ign,1.5814502214821036e-06
bae,1.5814502214821036e-06
topmost,1.5814502214821036e-06
unhappili,1.5814502214821036e-06
intermedia,1.5814502214821036e-06
tiao,1.5814502214821036e-06
dmo,1.5814502214821036e-06
bicentenni,1.5814502214821036e-06
rutstrom,1.5814502214821036e-06
rtat,1.5814502214821036e-06
noriti,1.5814502214821036e-06
alysi,1.5814502214821036e-06
redistrib,1.5814502214821036e-06
mushfiq,1.5814502214821036e-06
maki,1.5814502214821036e-06
newal,1.5814502214821036e-06
pys,1.5814502214821036e-06
nonmaxim,1.5814502214821036e-06
redrawn,1.5814502214821036e-06
menger,1.5814502214821036e-06
dorf,1.5814502214821036e-06
ddb,1.5814502214821036e-06
laval,1.5814502214821036e-06
pun,1.5814502214821036e-06
nontrend,1.5814502214821036e-06
spotlight,1.5814502214821036e-06
yey,1.5814502214821036e-06
duo,1.5814502214821036e-06
qrr,1.5814502214821036e-06
pcl,1.5814502214821036e-06
wagebas,1.5814502214821036e-06
imprud,1.5814502214821036e-06
kickback,1.5814502214821036e-06
yxit,1.5814502214821036e-06
chebyshev,1.5814502214821036e-06
crosshatch,1.5814502214821036e-06
yyn,1.5814502214821036e-06
oab,1.5814502214821036e-06
pler,1.5814502214821036e-06
plat,1.5814502214821036e-06
ptit,1.5814502214821036e-06
thayer,1.5814502214821036e-06
courant,1.5814502214821036e-06
hend,1.5814502214821036e-06
magnific,1.5814502214821036e-06
enl,1.5814502214821036e-06
outfit,1.5814502214821036e-06
repugn,1.5814502214821036e-06
mankind,1.5814502214821036e-06
multiplieracceler,1.5814502214821036e-06
borough,1.5814502214821036e-06
uscript,1.5814502214821036e-06
tsl,1.5814502214821036e-06
pfn,1.5814502214821036e-06
havana,1.5814502214821036e-06
schoolleav,1.5814502214821036e-06
fallout,1.5814502214821036e-06
shame,1.5814502214821036e-06
unu,1.5814502214821036e-06
dyna,1.5814502214821036e-06
sanc,1.5814502214821036e-06
pars,1.5814502214821036e-06
tid,1.5814502214821036e-06
stig,1.5814502214821036e-06
qvt,1.5814502214821036e-06
coutt,1.5814502214821036e-06
employmentpopul,1.5814502214821036e-06
ginger,1.5814502214821036e-06
ardiz,1.5814502214821036e-06
qkl,1.5814502214821036e-06
systemn,1.5814502214821036e-06
exuber,1.5814502214821036e-06
cxo,1.5814502214821036e-06
pale,1.5814502214821036e-06
tod,1.5814502214821036e-06
simoni,1.5814502214821036e-06
ies,1.5814502214821036e-06
bce,1.5814502214821036e-06
whyte,1.5814502214821036e-06
rife,1.5814502214821036e-06
effecr,1.5814502214821036e-06
janssen,1.5814502214821036e-06
historia,1.5814502214821036e-06
unreali,1.5814502214821036e-06
incarn,1.5814502214821036e-06
lfk,1.5814502214821036e-06
axf,1.5814502214821036e-06
apposit,1.5814502214821036e-06
coevolut,1.5814502214821036e-06
similari,1.5814502214821036e-06
lechner,1.5814502214821036e-06
iyengar,1.5814502214821036e-06
jonesle,1.5814502214821036e-06
nationi,1.5814502214821036e-06
roth,1.5814502214821036e-06
rlx,1.5814502214821036e-06
krannert,1.5814502214821036e-06
yim,1.5814502214821036e-06
slutskyhick,1.5814502214821036e-06
compartment,1.5814502214821036e-06
singleag,1.5814502214821036e-06
finiti,1.5814502214821036e-06
lqt,1.5814502214821036e-06
sixtyeight,1.5814502214821036e-06
fjl,1.5814502214821036e-06
cage,1.5814502214821036e-06
voi,1.5814502214821036e-06
npj,1.5814502214821036e-06
wien,1.5814502214821036e-06
pym,1.5814502214821036e-06
personspecif,1.5814502214821036e-06
dwd,1.5814502214821036e-06
ters,1.5814502214821036e-06
ibrahim,1.5814502214821036e-06
carn,1.5814502214821036e-06
erin,1.5814502214821036e-06
indors,1.5814502214821036e-06
areawid,1.5814502214821036e-06
plg,1.5814502214821036e-06
trendstationari,1.5814502214821036e-06
rashid,1.5814502214821036e-06
cutthroat,1.5814502214821036e-06
sideeffect,1.5814502214821036e-06
pulsori,1.5814502214821036e-06
wsl,1.5814502214821036e-06
moritz,1.5814502214821036e-06
tjc,1.5814502214821036e-06
bien,1.5814502214821036e-06
ticl,1.5814502214821036e-06
tumbl,1.5814502214821036e-06
sinica,1.5814502214821036e-06
biascorrect,1.5814502214821036e-06
ceal,1.5814502214821036e-06
cious,1.5814502214821036e-06
ntupl,1.5814502214821036e-06
termn,1.5814502214821036e-06
isabel,1.5814502214821036e-06
simonsen,1.5814502214821036e-06
aiid,1.5814502214821036e-06
muench,1.5814502214821036e-06
lorrain,1.5814502214821036e-06
oen,1.5814502214821036e-06
modelbuild,1.5814502214821036e-06
nometr,1.5814502214821036e-06
highemploy,1.5814502214821036e-06
aiyi,1.5814502214821036e-06
haider,1.5814502214821036e-06
mishra,1.5814502214821036e-06
koenig,1.5814502214821036e-06
glenview,1.5814502214821036e-06
oliveira,1.5814502214821036e-06
owi,1.5814502214821036e-06
coordinat,1.5814502214821036e-06
nayv,1.5814502214821036e-06
huyck,1.5814502214821036e-06
gical,1.5814502214821036e-06
tih,1.5814502214821036e-06
dium,1.5814502214821036e-06
parenc,1.5814502214821036e-06
vlp,1.5814502214821036e-06
mcn,1.5814502214821036e-06
weisbach,1.5814502214821036e-06
izont,1.5814502214821036e-06
kzi,1.5814502214821036e-06
xmj,1.5814502214821036e-06
ftdt,1.5814502214821036e-06
gog,1.5814502214821036e-06
raviv,1.5814502214821036e-06
flc,1.5814502214821036e-06
avv,1.5814502214821036e-06
matzkin,1.5814502214821036e-06
wlo,1.5814502214821036e-06
yxl,1.5814502214821036e-06
overweight,1.5814502214821036e-06
micromacro,1.5814502214821036e-06
iaj,1.5814502214821036e-06
assumnpt,1.5814502214821036e-06
stacchetti,1.5814502214821036e-06
sincef,1.5814502214821036e-06
pierpaolo,1.5814502214821036e-06
formn,1.5814502214821036e-06
sofia,1.5814502214821036e-06
viiia,1.5814502214821036e-06
pjpj,1.5814502214821036e-06
tlh,1.5814502214821036e-06
dentistri,1.5814502214821036e-06
closet,1.5814502214821036e-06
istituto,1.5814502214821036e-06
ega,1.5814502214821036e-06
employmentr,1.5814502214821036e-06
betwen,1.5814502214821036e-06
ymm,1.5814502214821036e-06
posteriori,1.5814502214821036e-06
amierican,1.5814502214821036e-06
alexandra,1.5814502214821036e-06
vto,1.5814502214821036e-06
rag,1.5814502214821036e-06
fjx,1.5814502214821036e-06
pnj,1.5814502214821036e-06
polytechniqu,1.5814502214821036e-06
rjl,1.5814502214821036e-06
mxm,1.5814502214821036e-06
incomeleisur,1.5814502214821036e-06
ytb,1.5814502214821036e-06
ketabl,1.5814502214821036e-06
yew,1.5814502214821036e-06
menc,1.5814502214821036e-06
intersci,1.5814502214821036e-06
misallo,1.5814502214821036e-06
mormon,1.5814502214821036e-06
rlk,1.5814502214821036e-06
pko,1.5814502214821036e-06
eijk,1.5814502214821036e-06
ljubljana,1.5814502214821036e-06
ctb,1.5814502214821036e-06
cjp,1.5814502214821036e-06
unwari,1.5814502214821036e-06
sauer,1.5814502214821036e-06
dwj,1.5814502214821036e-06
gradat,1.5814502214821036e-06
tomari,1.5814502214821036e-06
intercorpor,1.5814502214821036e-06
paarsch,1.5814502214821036e-06
overcrowd,1.5814502214821036e-06
yht,1.5814502214821036e-06
analisi,1.5814502214821036e-06
ijv,1.5814502214821036e-06
appel,1.5814502214821036e-06
ultra,1.5814502214821036e-06
fiom,1.5814502214821036e-06
cyn,1.5814502214821036e-06
tyj,1.5814502214821036e-06
discontin,1.5814502214821036e-06
qel,1.5814502214821036e-06
dtk,1.5814502214821036e-06
otw,1.5814502214821036e-06
linton,1.5814502214821036e-06
wtc,1.5814502214821036e-06
sill,1.5814502214821036e-06
fest,1.5814502214821036e-06
advi,1.5814502214821036e-06
pjb,1.5814502214821036e-06
elabo,1.5814502214821036e-06
wtk,1.5814502214821036e-06
shortrang,1.5814502214821036e-06
ficer,1.5814502214821036e-06
toh,1.5814502214821036e-06
sarnat,1.5814502214821036e-06
yyj,1.5814502214821036e-06
biometrica,1.5814502214821036e-06
acf,1.5814502214821036e-06
mcq,1.5814502214821036e-06
xpq,1.5814502214821036e-06
controvert,1.5814502214821036e-06
viw,1.5814502214821036e-06
solitari,1.5814502214821036e-06
carbid,1.5814502214821036e-06
espen,1.5814502214821036e-06
xid,1.5814502214821036e-06
inabil,1.5814502214821036e-06
xpj,1.5814502214821036e-06
sewel,1.5814502214821036e-06
rhh,1.5814502214821036e-06
dunod,1.5814502214821036e-06
ytp,1.5814502214821036e-06
fyp,1.5814502214821036e-06
kpj,1.5814502214821036e-06
eoc,1.5814502214821036e-06
overadjust,1.5814502214821036e-06
unlock,1.5814502214821036e-06
ifw,1.5814502214821036e-06
rjf,1.5814502214821036e-06
olk,1.5814502214821036e-06
ducement,1.5814502214821036e-06
misspeci,1.5814502214821036e-06
xiao,1.5814502214821036e-06
zet,1.5814502214821036e-06
ichiro,1.5814502214821036e-06
esd,1.5814502214821036e-06
cici,1.5814502214821036e-06
illumi,1.5814502214821036e-06
zaz,1.5814502214821036e-06
woi,1.5814502214821036e-06
plitud,1.5814502214821036e-06
guggenheim,1.5814502214821036e-06
lazi,1.5814502214821036e-06
cje,1.5814502214821036e-06
ixj,1.5814502214821036e-06
qak,1.5814502214821036e-06
azit,1.5814502214821036e-06
lte,1.5814502214821036e-06
kall,1.5814502214821036e-06
yoon,1.5814502214821036e-06
rangel,1.5814502214821036e-06
wascher,1.5814502214821036e-06
ooh,1.5814502214821036e-06
triennial,1.5814502214821036e-06
gon,1.5814502214821036e-06
inkl,1.5814502214821036e-06
alevel,1.5814502214821036e-06
heresi,1.5814502214821036e-06
thefirst,1.5814502214821036e-06
ffk,1.5814502214821036e-06
htt,1.5814502214821036e-06
cpj,1.5814502214821036e-06
ojl,1.5814502214821036e-06
amw,1.5814502214821036e-06
ioe,1.5814502214821036e-06
slc,1.5814502214821036e-06
herit,1.5814502214821036e-06
hasnt,1.5814502214821036e-06
bottomright,1.5814502214821036e-06
barnard,1.5814502214821036e-06
oic,1.5814502214821036e-06
ciproc,1.5814502214821036e-06
znt,1.5814502214821036e-06
ntm,1.5814502214821036e-06
osk,1.5814502214821036e-06
ferment,1.5814502214821036e-06
configu,1.5814502214821036e-06
timid,1.5814502214821036e-06
etyt,1.5814502214821036e-06
xwe,1.5814502214821036e-06
econiometrica,1.5814502214821036e-06
cnl,1.5814502214821036e-06
walt,1.5814502214821036e-06
athanasio,1.5814502214821036e-06
rejuven,1.5814502214821036e-06
amor,1.5814502214821036e-06
kte,1.5814502214821036e-06
exv,1.5814502214821036e-06
mutu,1.5814502214821036e-06
foresman,1.5814502214821036e-06
iao,1.5814502214821036e-06
idei,1.5814502214821036e-06
wvt,1.5814502214821036e-06
counterweight,1.5814502214821036e-06
spender,1.5814502214821036e-06
uqt,1.5814502214821036e-06
meanstest,1.5814502214821036e-06
tous,1.5814502214821036e-06
denmand,1.5814502214821036e-06
schnabel,1.5814502214821036e-06
anw,1.5814502214821036e-06
ooz,1.5814502214821036e-06
miarket,1.5814502214821036e-06
hanov,1.5814502214821036e-06
elx,1.5814502214821036e-06
zln,1.5814502214821036e-06
champaign,1.5814502214821036e-06
fiftyyear,1.5814502214821036e-06
dayton,1.5814502214821036e-06
tooo,1.5814502214821036e-06
statesmen,1.5814502214821036e-06
overcorrect,1.5814502214821036e-06
inw,1.5814502214821036e-06
fourpoint,1.5814502214821036e-06
coh,1.5814502214821036e-06
mingl,1.5814502214821036e-06
csic,1.5814502214821036e-06
vvi,1.5814502214821036e-06
varieg,1.5814502214821036e-06
uncoordin,1.5814502214821036e-06
viic,1.5814502214821036e-06
ener,1.5814502214821036e-06
pasteur,1.5814502214821036e-06
minimi,1.5814502214821036e-06
slb,1.5814502214821036e-06
disengag,1.5814502214821036e-06
guarantor,1.5814502214821036e-06
hjj,1.5814502214821036e-06
gong,1.5814502214821036e-06
cyl,1.5814502214821036e-06
snt,1.5814502214821036e-06
pyl,1.5814502214821036e-06
unproduc,1.5814502214821036e-06
dufour,1.5814502214821036e-06
hom,1.5814502214821036e-06
eev,1.5814502214821036e-06
beacon,1.5814502214821036e-06
oust,1.5814502214821036e-06
emn,1.5814502214821036e-06
contextspecif,1.5814502214821036e-06
tnr,1.5814502214821036e-06
statementsvisit,1.5814502214821036e-06
wyo,1.5814502214821036e-06
severest,1.5814502214821036e-06
zki,1.5814502214821036e-06
fld,1.5814502214821036e-06
uyl,1.5814502214821036e-06
rankin,1.5814502214821036e-06
mick,1.5814502214821036e-06
overiden,1.5814502214821036e-06
wagepush,1.5814502214821036e-06
aidi,1.5814502214821036e-06
multinorm,1.5814502214821036e-06
paya,1.5814502214821036e-06
cth,1.5814502214821036e-06
mles,1.5814502214821036e-06
zitzewitz,1.5814502214821036e-06
fame,1.5814502214821036e-06
cijt,1.5814502214821036e-06
ajp,1.5814502214821036e-06
gass,1.5814502214821036e-06
aixt,1.5814502214821036e-06
soccer,1.5814502214821036e-06
grossoftax,1.5814502214821036e-06
teori,1.5814502214821036e-06
scheff,1.5814502214821036e-06
reentrant,1.5814502214821036e-06
magat,1.5814502214821036e-06
headon,1.5814502214821036e-06
hni,1.5814502214821036e-06
llll,1.5814502214821036e-06
fpr,1.5814502214821036e-06
fiir,1.5814502214821036e-06
deremploy,1.5814502214821036e-06
underlay,1.5814502214821036e-06
nonmar,1.5814502214821036e-06
heather,1.5814502214821036e-06
premodern,1.5814502214821036e-06
yitt,1.5814502214821036e-06
tmp,1.5814502214821036e-06
missionari,1.5814502214821036e-06
intelli,1.5814502214821036e-06
semipara,1.5814502214821036e-06
adw,1.5814502214821036e-06
rateth,1.5814502214821036e-06
lichtenstein,1.5814502214821036e-06
oxa,1.5814502214821036e-06
rxp,1.5814502214821036e-06
sobek,1.5814502214821036e-06
aog,1.5814502214821036e-06
agriculturalist,1.5814502214821036e-06
eyo,1.5814502214821036e-06
sej,1.5814502214821036e-06
ivv,1.5814502214821036e-06
meg,1.5814502214821036e-06
qsi,1.5814502214821036e-06
mihir,1.5814502214821036e-06
hpl,1.5814502214821036e-06
yfn,1.5814502214821036e-06
burs,1.5814502214821036e-06
dxc,1.5814502214821036e-06
bushnel,1.5814502214821036e-06
hazi,1.5814502214821036e-06
ufa,1.5814502214821036e-06
mosaic,1.5814502214821036e-06
tvj,1.5814502214821036e-06
recollect,1.5814502214821036e-06
dqo,1.5814502214821036e-06
terminist,1.5814502214821036e-06
gele,1.5814502214821036e-06
superi,1.5814502214821036e-06
euj,1.5814502214821036e-06
atu,1.5814502214821036e-06
eiy,1.5814502214821036e-06
peek,1.5814502214821036e-06
nmp,1.5814502214821036e-06
sxt,1.5814502214821036e-06
atherton,1.5814502214821036e-06
ffo,1.5814502214821036e-06
xan,1.5814502214821036e-06
fiveday,1.5814502214821036e-06
unthink,1.5814502214821036e-06
determini,1.5814502214821036e-06
narili,1.5814502214821036e-06
brookshir,1.5814502214821036e-06
tperiod,1.5814502214821036e-06
versifi,1.5814502214821036e-06
dux,1.5814502214821036e-06
brewster,1.5814502214821036e-06
cedent,1.5814502214821036e-06
akf,1.5814502214821036e-06
cretion,1.5814502214821036e-06
rtx,1.5814502214821036e-06
reanalyz,1.5814502214821036e-06
rbl,1.5814502214821036e-06
nale,1.5814502214821036e-06
sten,1.5814502214821036e-06
deli,1.5814502214821036e-06
ftn,1.5814502214821036e-06
hillhous,1.5814502214821036e-06
vasiv,1.5814502214821036e-06
propa,1.5814502214821036e-06
stochasti,1.5814502214821036e-06
referenda,1.5814502214821036e-06
testi,1.5814502214821036e-06
anan,1.5814502214821036e-06
trian,1.5814502214821036e-06
luctant,1.5814502214821036e-06
milbank,1.5814502214821036e-06
bloomfield,1.5814502214821036e-06
emm,1.5814502214821036e-06
incoher,1.5814502214821036e-06
qwi,1.5814502214821036e-06
hort,1.5814502214821036e-06
bewar,1.5814502214821036e-06
fromi,1.5814502214821036e-06
kenney,1.5814502214821036e-06
vta,1.5814502214821036e-06
policyj,1.5814502214821036e-06
festing,1.5814502214821036e-06
agea,1.5814502214821036e-06
phistic,1.5814502214821036e-06
clf,1.5814502214821036e-06
nesia,1.5814502214821036e-06
nipul,1.5814502214821036e-06
capaci,1.5814502214821036e-06
apportion,1.5814502214821036e-06
expv,1.5814502214821036e-06
stylist,1.5814502214821036e-06
efp,1.5814502214821036e-06
dlf,1.5814502214821036e-06
gonal,1.5814502214821036e-06
igno,1.5814502214821036e-06
vor,1.5814502214821036e-06
rdl,1.5814502214821036e-06
tilli,1.5814502214821036e-06
mousli,1.5814502214821036e-06
undersampl,1.5814502214821036e-06
dddd,1.5814502214821036e-06
harbing,1.5814502214821036e-06
observatori,1.5814502214821036e-06
brochur,1.5814502214821036e-06
kornhaus,1.5814502214821036e-06
usx,1.5814502214821036e-06
ukand,1.5814502214821036e-06
eqa,1.5814502214821036e-06
duca,1.5814502214821036e-06
daf,1.5814502214821036e-06
hillclimb,1.5814502214821036e-06
weektoweek,1.5814502214821036e-06
atal,1.5814502214821036e-06
aqe,1.5814502214821036e-06
lilil,1.5814502214821036e-06
npn,1.5814502214821036e-06
jpp,1.5814502214821036e-06
ambassador,1.5814502214821036e-06
forprofit,1.5814502214821036e-06
amateur,1.5814502214821036e-06
iee,1.5814502214821036e-06
rxl,1.5814502214821036e-06
scandina,1.5814502214821036e-06
tpp,1.5814502214821036e-06
wagegood,1.5814502214821036e-06
hoxbi,1.5814502214821036e-06
mizer,1.5814502214821036e-06
aura,1.5814502214821036e-06
tyy,1.5814502214821036e-06
straus,1.5814502214821036e-06
harbour,1.5814502214821036e-06
laptop,1.5814502214821036e-06
jectori,1.5814502214821036e-06
ths,1.5814502214821036e-06
calo,1.5814502214821036e-06
welldetermin,1.5814502214821036e-06
czc,1.5814502214821036e-06
financier,1.5814502214821036e-06
nmi,1.5814502214821036e-06
oleari,1.5814502214821036e-06
exh,1.5814502214821036e-06
unscrambl,1.5814502214821036e-06
nonexi,1.5814502214821036e-06
dart,1.5814502214821036e-06
smale,1.5814502214821036e-06
bca,1.5814502214821036e-06
xej,1.5814502214821036e-06
imsss,1.5814502214821036e-06
stab,1.5814502214821036e-06
stapleton,1.5814502214821036e-06
wilfrid,1.5814502214821036e-06
poster,1.5814502214821036e-06
maa,1.5814502214821036e-06
iqt,1.5814502214821036e-06
whereupon,1.5814502214821036e-06
joke,1.5814502214821036e-06
nsw,1.5814502214821036e-06
formulat,1.5814502214821036e-06
tard,1.5814502214821036e-06
ervat,1.5814502214821036e-06
pabil,1.5814502214821036e-06
tlf,1.5814502214821036e-06
ppw,1.5814502214821036e-06
jyj,1.5814502214821036e-06
francais,1.5814502214821036e-06
fant,1.5814502214821036e-06
lxk,1.5814502214821036e-06
donn,1.5814502214821036e-06
maxn,1.5814502214821036e-06
stearn,1.5814502214821036e-06
subgameperfect,1.5814502214821036e-06
torat,1.5814502214821036e-06
zht,1.5814502214821036e-06
zijt,1.5814502214821036e-06
lds,1.5814502214821036e-06
underidentif,1.5814502214821036e-06
chica,1.5814502214821036e-06
ductori,1.5814502214821036e-06
nrs,1.5814502214821036e-06
trash,1.5814502214821036e-06
unremark,1.5814502214821036e-06
fonction,1.5814502214821036e-06
leconomi,1.5814502214821036e-06
muse,1.5814502214821036e-06
cpc,1.5814502214821036e-06
koj,1.5814502214821036e-06
tno,1.5814502214821036e-06
byf,1.5814502214821036e-06
slivinski,1.5814502214821036e-06
shogren,1.5814502214821036e-06
constantino,1.5814502214821036e-06
plotnick,1.5814502214821036e-06
cardiac,1.5814502214821036e-06
propoor,1.5814502214821036e-06
leur,1.5814502214821036e-06
fxn,1.5814502214821036e-06
murdock,1.5814502214821036e-06
conta,1.5814502214821036e-06
densi,1.5814502214821036e-06
unproven,1.5814502214821036e-06
matu,1.5814502214821036e-06
wrinkl,1.5814502214821036e-06
crue,1.5814502214821036e-06
httpwwwaeaweborgarticl,1.5814502214821036e-06
hellwig,1.5814502214821036e-06
gts,1.5814502214821036e-06
sioner,1.5814502214821036e-06
xxp,1.5814502214821036e-06
gonzalez,1.5814502214821036e-06
rur,1.5814502214821036e-06
injunct,1.5814502214821036e-06
slipperi,1.5814502214821036e-06
sest,1.5814502214821036e-06
bowden,1.5814502214821036e-06
debunk,1.5814502214821036e-06
minneapo,1.5814502214821036e-06
konrad,1.5814502214821036e-06
comparabil,1.5814502214821036e-06
pointtopoint,1.5814502214821036e-06
sjc,1.5814502214821036e-06
zuckerman,1.5814502214821036e-06
nys,1.5814502214821036e-06
xrl,1.5814502214821036e-06
enjoin,1.5814502214821036e-06
devolv,1.5814502214821036e-06
killer,1.5814502214821036e-06
bertseka,1.5814502214821036e-06
visi,1.5814502214821036e-06
dns,1.5814502214821036e-06
butt,1.5814502214821036e-06
gerri,1.5814502214821036e-06
myle,1.5814502214821036e-06
jagannathan,1.5814502214821036e-06
cele,1.5814502214821036e-06
rqr,1.5814502214821036e-06
fex,1.5814502214821036e-06
eef,1.5814502214821036e-06
multistep,1.5814502214821036e-06
herebi,1.5814502214821036e-06
captain,1.5814502214821036e-06
efx,1.5814502214821036e-06
qtpt,1.5814502214821036e-06
lessthanful,1.5814502214821036e-06
prefilt,1.5814502214821036e-06
proclam,1.5814502214821036e-06
dpdp,1.5814502214821036e-06
fah,1.5814502214821036e-06
ratei,1.5814502214821036e-06
plh,1.5814502214821036e-06
qxi,1.5814502214821036e-06
terim,1.5814502214821036e-06
xkk,1.5814502214821036e-06
dvl,1.5814502214821036e-06
overconsum,1.5814502214821036e-06
deadend,1.5814502214821036e-06
peach,1.5814502214821036e-06
asn,1.5814502214821036e-06
yanke,1.5814502214821036e-06
orthogo,1.5814502214821036e-06
gzt,1.5814502214821036e-06
esk,1.5814502214821036e-06
citywid,1.5814502214821036e-06
qqt,1.5814502214821036e-06
imsl,1.5814502214821036e-06
jacquelin,1.5814502214821036e-06
inaccess,1.5814502214821036e-06
tmn,1.5814502214821036e-06
oac,1.5814502214821036e-06
byjohn,1.5814502214821036e-06
exem,1.5814502214821036e-06
yqi,1.5814502214821036e-06
ichniowski,1.5814502214821036e-06
lvj,1.5814502214821036e-06
ocrat,1.5814502214821036e-06
stigma,1.5814502214821036e-06
twoweek,1.5814502214821036e-06
astandard,1.5814502214821036e-06
xaa,1.5814502214821036e-06
tya,1.5814502214821036e-06
headach,1.5814502214821036e-06
dwp,1.5814502214821036e-06
oee,1.5814502214821036e-06
vshape,1.5814502214821036e-06
vincial,1.5814502214821036e-06
lowestpr,1.5814502214821036e-06
esf,1.5814502214821036e-06
wee,1.5814502214821036e-06
psu,1.5814502214821036e-06
skepti,1.5814502214821036e-06
lyle,1.5814502214821036e-06
schlagenhauf,1.5814502214821036e-06
inexhaust,1.5814502214821036e-06
basqu,1.5814502214821036e-06
opc,1.5814502214821036e-06
gcc,1.5814502214821036e-06
unat,1.5814502214821036e-06
vlc,1.5814502214821036e-06
transcontinent,1.5814502214821036e-06
ggl,1.5814502214821036e-06
dpdq,1.5814502214821036e-06
gertner,1.5814502214821036e-06
cba,1.5814502214821036e-06
zha,1.5814502214821036e-06
arbitra,1.5814502214821036e-06
frivol,1.5814502214821036e-06
ywi,1.5814502214821036e-06
speaker,1.5814502214821036e-06
mgt,1.5814502214821036e-06
reallif,1.5814502214821036e-06
rko,1.5814502214821036e-06
woa,1.5814502214821036e-06
notif,1.5814502214821036e-06
runaway,1.5814502214821036e-06
foreknowledg,1.5814502214821036e-06
jcr,1.5814502214821036e-06
tress,1.5814502214821036e-06
decon,1.5814502214821036e-06
mll,1.5814502214821036e-06
courtney,1.5814502214821036e-06
muriel,1.5814502214821036e-06
babbl,1.5814502214821036e-06
jcl,1.5814502214821036e-06
oscilla,1.5814502214821036e-06
twolimit,1.5814502214821036e-06
interspers,1.5814502214821036e-06
curriculum,1.5814502214821036e-06
goodrich,1.5814502214821036e-06
psych,1.5814502214821036e-06
unfulfil,1.5814502214821036e-06
bjx,1.5814502214821036e-06
pud,1.5814502214821036e-06
freehand,1.5814502214821036e-06
ansley,1.5814502214821036e-06
xao,1.5814502214821036e-06
irra,1.5814502214821036e-06
profus,1.5814502214821036e-06
excurs,1.5814502214821036e-06
primafaci,1.5814502214821036e-06
fcj,1.5814502214821036e-06
vlw,1.5814502214821036e-06
ornament,1.5814502214821036e-06
iiio,1.5814502214821036e-06
unregu,1.5814502214821036e-06
gqt,1.5814502214821036e-06
psycho,1.5814502214821036e-06
pinch,1.5814502214821036e-06
misspec,1.5814502214821036e-06
iand,1.5814502214821036e-06
piq,1.5814502214821036e-06
pwj,1.5814502214821036e-06
ricerch,1.5814502214821036e-06
xcr,1.5814502214821036e-06
ucw,1.5814502214821036e-06
polytop,1.5814502214821036e-06
coffer,1.5814502214821036e-06
fabian,1.5814502214821036e-06
voprosi,1.5814502214821036e-06
oap,1.5814502214821036e-06
wxx,1.5814502214821036e-06
dimitri,1.5814502214821036e-06
threeday,1.5814502214821036e-06
crl,1.5814502214821036e-06
incompletemarket,1.5814502214821036e-06
resolu,1.5814502214821036e-06
lpk,1.5814502214821036e-06
bombard,1.5814502214821036e-06
firefight,1.5814502214821036e-06
rkr,1.5814502214821036e-06
jlk,1.5814502214821036e-06
effecta,1.5814502214821036e-06
hartwick,1.5814502214821036e-06
overburden,1.5814502214821036e-06
deteri,1.5814502214821036e-06
goodsand,1.5814502214821036e-06
fluiditi,1.5814502214821036e-06
ancd,1.5814502214821036e-06
structiv,1.5814502214821036e-06
njk,1.5814502214821036e-06
ticehal,1.5814502214821036e-06
sevenpoint,1.5814502214821036e-06
xiaohong,1.5814502214821036e-06
palpabl,1.5814502214821036e-06
pkx,1.5814502214821036e-06
tradictori,1.5814502214821036e-06
longerliv,1.5814502214821036e-06
cannan,1.5814502214821036e-06
weighti,1.5814502214821036e-06
testament,1.5814502214821036e-06
xmp,1.5814502214821036e-06
lengthier,1.5814502214821036e-06
awa,1.5814502214821036e-06
garfinkel,1.5814502214821036e-06
tut,1.5814502214821036e-06
rack,1.5814502214821036e-06
iyj,1.5814502214821036e-06
newfound,1.5814502214821036e-06
posttreat,1.5814502214821036e-06
juggl,1.5814502214821036e-06
jac,1.5814502214821036e-06
ghetto,1.5814502214821036e-06
cloudi,1.5814502214821036e-06
foreword,1.5814502214821036e-06
marek,1.5814502214821036e-06
interrup,1.5814502214821036e-06
leach,1.5814502214821036e-06
absurdum,1.5814502214821036e-06
onom,1.5814502214821036e-06
oiy,1.5814502214821036e-06
eot,1.5814502214821036e-06
ppd,1.5814502214821036e-06
reductio,1.5814502214821036e-06
spu,1.5814502214821036e-06
baffl,1.5814502214821036e-06
bonni,1.5814502214821036e-06
ponder,1.5814502214821036e-06
pzz,1.5814502214821036e-06
hui,1.5814502214821036e-06
byy,1.5814502214821036e-06
honkapohja,1.5814502214821036e-06
xrj,1.5814502214821036e-06
indign,1.5814502214821036e-06
inou,1.5814502214821036e-06
nebul,1.5814502214821036e-06
rwn,1.5814502214821036e-06
orgin,1.5814502214821036e-06
aud,1.5814502214821036e-06
cardiff,1.5814502214821036e-06
telescop,1.5814502214821036e-06
aur,1.5814502214821036e-06
unfriend,1.5814502214821036e-06
offit,1.5814502214821036e-06
contrad,1.5814502214821036e-06
rcp,1.5814502214821036e-06
cruis,1.5814502214821036e-06
jewelleri,1.5814502214821036e-06
rrs,1.5814502214821036e-06
hersch,1.5814502214821036e-06
harvardmit,1.5814502214821036e-06
aili,1.5814502214821036e-06
aala,1.5814502214821036e-06
eccentr,1.5814502214821036e-06
hxh,1.5814502214821036e-06
preorder,1.5814502214821036e-06
selfem,1.5814502214821036e-06
qih,1.5814502214821036e-06
foresaw,1.5814502214821036e-06
cya,1.5814502214821036e-06
logrol,1.5814502214821036e-06
wiy,1.5814502214821036e-06
intrac,1.5814502214821036e-06
pradeep,1.5814502214821036e-06
thejob,1.5814502214821036e-06
cmi,1.5814502214821036e-06
bbo,1.5814502214821036e-06
intercontinent,1.5814502214821036e-06
src,1.5814502214821036e-06
bex,1.5814502214821036e-06
zscore,1.5814502214821036e-06
pdz,1.5814502214821036e-06
eightyf,1.5814502214821036e-06
signedrank,1.5814502214821036e-06
ubi,1.5814502214821036e-06
broach,1.5814502214821036e-06
nonexempt,1.5814502214821036e-06
twelveyear,1.5814502214821036e-06
mileston,1.5814502214821036e-06
gjx,1.5814502214821036e-06
symposia,1.5814502214821036e-06
unwar,1.5814502214821036e-06
communitylevel,1.5814502214821036e-06
twos,1.5814502214821036e-06
vyy,1.5814502214821036e-06
ptet,1.5814502214821036e-06
fullcost,1.5814502214821036e-06
counterpoint,1.5814502214821036e-06
hqi,1.5814502214821036e-06
jyi,1.5814502214821036e-06
ahk,1.5814502214821036e-06
pxa,1.5814502214821036e-06
eak,1.5814502214821036e-06
perfunctori,1.5814502214821036e-06
oer,1.5814502214821036e-06
nonsteadi,1.5814502214821036e-06
prepa,1.5814502214821036e-06
locust,1.5814502214821036e-06
pyj,1.5814502214821036e-06
rvaluat,1.5814502214821036e-06
pvn,1.5814502214821036e-06
monti,1.5814502214821036e-06
ertt,1.5814502214821036e-06
samnpl,1.5814502214821036e-06
tpe,1.5814502214821036e-06
vim,1.5814502214821036e-06
interestgroup,1.5814502214821036e-06
verac,1.5814502214821036e-06
ack,1.5814502214821036e-06
srl,1.5814502214821036e-06
grammat,1.5814502214821036e-06
xlr,1.5814502214821036e-06
improvis,1.5814502214821036e-06
eao,1.5814502214821036e-06
walrass,1.5814502214821036e-06
rmb,1.5814502214821036e-06
cdp,1.5814502214821036e-06
supplv,1.5814502214821036e-06
kaivan,1.5814502214821036e-06
confirmatori,1.5814502214821036e-06
rns,1.5814502214821036e-06
pervis,1.5814502214821036e-06
kck,1.5814502214821036e-06
spate,1.5814502214821036e-06
isit,1.5814502214821036e-06
surrey,1.5814502214821036e-06
pld,1.5814502214821036e-06
sha,1.5814502214821036e-06
nub,1.5814502214821036e-06
qja,1.5814502214821036e-06
wichita,1.5814502214821036e-06
dua,1.5814502214821036e-06
pricecut,1.5814502214821036e-06
coextens,1.5814502214821036e-06
predi,1.5814502214821036e-06
aom,1.5814502214821036e-06
bna,1.5814502214821036e-06
etqt,1.5814502214821036e-06
khwaja,1.5814502214821036e-06
luci,1.5814502214821036e-06
pjx,1.5814502214821036e-06
dnp,1.5814502214821036e-06
upenn,1.5814502214821036e-06
reliabil,1.5814502214821036e-06
efe,1.5814502214821036e-06
champagn,1.5814502214821036e-06
pmn,1.5814502214821036e-06
getari,1.5814502214821036e-06
paola,1.5814502214821036e-06
bidirect,1.5814502214821036e-06
prohib,1.5814502214821036e-06
juxtaposit,1.5814502214821036e-06
jiang,1.5814502214821036e-06
custodi,1.5814502214821036e-06
lite,1.5814502214821036e-06
fiscalpolici,1.5814502214821036e-06
knn,1.5814502214821036e-06
mmi,1.5814502214821036e-06
sheriff,1.5814502214821036e-06
button,1.5814502214821036e-06
laj,1.5814502214821036e-06
higherpaid,1.5814502214821036e-06
hab,1.5814502214821036e-06
balkan,1.5814502214821036e-06
timo,1.5814502214821036e-06
congressman,1.5814502214821036e-06
learningbi,1.5814502214821036e-06
firsttim,1.5814502214821036e-06
quasimaximum,1.5814502214821036e-06
gregor,1.5814502214821036e-06
trv,1.5814502214821036e-06
jcj,1.5814502214821036e-06
vengeanc,1.5814502214821036e-06
policyrel,1.5814502214821036e-06
analysisth,1.5814502214821036e-06
inevi,1.5814502214821036e-06
audrey,1.5814502214821036e-06
recrea,1.5814502214821036e-06
obituari,1.5814502214821036e-06
pneumonia,1.5814502214821036e-06
nwi,1.5814502214821036e-06
xns,1.5814502214821036e-06
cartwright,1.5814502214821036e-06
evc,1.5814502214821036e-06
dichoto,1.5814502214821036e-06
datadepend,1.5814502214821036e-06
hnt,1.5814502214821036e-06
qhi,1.5814502214821036e-06
fang,1.5814502214821036e-06
kyk,1.5814502214821036e-06
revit,1.5814502214821036e-06
maxz,1.5814502214821036e-06
icf,1.5814502214821036e-06
aijxj,1.5814502214821036e-06
cretionari,1.5814502214821036e-06
rollout,1.5814502214821036e-06
sjj,1.5814502214821036e-06
renteroccupi,1.5814502214821036e-06
ferdinand,1.5814502214821036e-06
dtr,1.5814502214821036e-06
timein,1.5814502214821036e-06
uwi,1.5814502214821036e-06
xnx,1.5814502214821036e-06
lael,1.5814502214821036e-06
reread,1.5814502214821036e-06
lir,1.5814502214821036e-06
cch,1.5814502214821036e-06
frp,1.5814502214821036e-06
ifk,1.5814502214821036e-06
ipq,1.5814502214821036e-06
penner,1.5814502214821036e-06
ird,1.5814502214821036e-06
emnploy,1.5814502214821036e-06
welfareincreas,1.5814502214821036e-06
spier,1.5814502214821036e-06
nobl,1.5814502214821036e-06
fkr,1.5814502214821036e-06
isfactori,1.5814502214821036e-06
mckay,1.5814502214821036e-06
drinker,1.5814502214821036e-06
lettau,1.5814502214821036e-06
viscos,1.5814502214821036e-06
gopolist,1.5814502214821036e-06
ferabl,1.5814502214821036e-06
psa,1.5814502214821036e-06
riskavert,1.5814502214821036e-06
erg,1.5814502214821036e-06
sih,1.5814502214821036e-06
opposi,1.5814502214821036e-06
diba,1.5814502214821036e-06
btj,1.5814502214821036e-06
cifi,1.5814502214821036e-06
llog,1.5814502214821036e-06
pbc,1.5814502214821036e-06
guay,1.5814502214821036e-06
rainwat,1.5814502214821036e-06
bao,1.5814502214821036e-06
ajg,1.5814502214821036e-06
labordemand,1.5814502214821036e-06
annoy,1.5814502214821036e-06
ydx,1.5814502214821036e-06
wrench,1.5814502214821036e-06
ttz,1.5814502214821036e-06
yjp,1.5814502214821036e-06
fpp,1.5814502214821036e-06
pxr,1.5814502214821036e-06
jyt,1.5814502214821036e-06
analag,1.5814502214821036e-06
reex,1.5814502214821036e-06
lpr,1.5814502214821036e-06
astronomi,1.5814502214821036e-06
thereon,1.5814502214821036e-06
gallop,1.5814502214821036e-06
gct,1.5814502214821036e-06
tint,1.5814502214821036e-06
ahh,1.5814502214821036e-06
dtn,1.5814502214821036e-06
ltf,1.5814502214821036e-06
abor,1.5814502214821036e-06
clamor,1.5814502214821036e-06
perioda,1.5814502214821036e-06
fbo,1.5814502214821036e-06
itoh,1.5814502214821036e-06
maxp,1.5814502214821036e-06
pbb,1.5814502214821036e-06
nla,1.5814502214821036e-06
thieori,1.5814502214821036e-06
jot,1.5814502214821036e-06
iac,1.5814502214821036e-06
elasticit,1.5814502214821036e-06
dall,1.5814502214821036e-06
adriano,1.5814502214821036e-06
oneth,1.5814502214821036e-06
earni,1.5814502214821036e-06
gft,1.5814502214821036e-06
lzl,1.5814502214821036e-06
ech,1.5814502214821036e-06
jni,1.5814502214821036e-06
iwo,1.5814502214821036e-06
xiyi,1.5814502214821036e-06
exl,1.5814502214821036e-06
nezih,1.5814502214821036e-06
lockstep,1.5814502214821036e-06
nenc,1.5814502214821036e-06
ludvigson,1.5814502214821036e-06
cuni,1.5814502214821036e-06
homeless,1.5814502214821036e-06
meghan,1.5814502214821036e-06
onestag,1.5814502214821036e-06
gunter,1.5814502214821036e-06
fcr,1.5814502214821036e-06
falloff,1.5814502214821036e-06
secut,1.5814502214821036e-06
pricea,1.5814502214821036e-06
thatin,1.5814502214821036e-06
eqt,1.5814502214821036e-06
dinal,1.5814502214821036e-06
cbr,1.5814502214821036e-06
httpssrncomabstract,1.5814502214821036e-06
odditi,1.5814502214821036e-06
krizan,1.5814502214821036e-06
michl,1.5814502214821036e-06
insular,1.5814502214821036e-06
barbar,1.5814502214821036e-06
clj,1.5814502214821036e-06
robertj,1.5814502214821036e-06
gowrisankaran,1.5814502214821036e-06
parochi,1.5814502214821036e-06
hasan,1.5814502214821036e-06
aforemen,1.5814502214821036e-06
gestur,1.5814502214821036e-06
yrj,1.5814502214821036e-06
iioo,1.5814502214821036e-06
sultant,1.5814502214821036e-06
haig,1.5814502214821036e-06
spragu,1.5814502214821036e-06
yaa,1.5814502214821036e-06
icm,1.5814502214821036e-06
aar,1.5814502214821036e-06
jrgen,1.5814502214821036e-06
burlington,1.5814502214821036e-06
misestim,1.5814502214821036e-06
pentti,1.5814502214821036e-06
obliter,1.5814502214821036e-06
aza,1.5814502214821036e-06
inalien,1.5814502214821036e-06
owt,1.5814502214821036e-06
xon,1.5814502214821036e-06
vci,1.5814502214821036e-06
custodian,1.5814502214821036e-06
tortionari,1.5814502214821036e-06
kenkel,1.5814502214821036e-06
agc,1.5814502214821036e-06
classicist,1.5814502214821036e-06
pere,1.5814502214821036e-06
xxc,1.5814502214821036e-06
gns,1.5814502214821036e-06
blanc,1.5814502214821036e-06
pqe,1.5814502214821036e-06
orj,1.5814502214821036e-06
wegg,1.5814502214821036e-06
vista,1.5814502214821036e-06
jkt,1.5814502214821036e-06
coeffic,1.5814502214821036e-06
dissid,1.5814502214821036e-06
vict,1.5814502214821036e-06
economt,1.5814502214821036e-06
unlaw,1.5814502214821036e-06
sean,1.5814502214821036e-06
rthe,1.5814502214821036e-06
ernanc,1.5814502214821036e-06
volk,1.5814502214821036e-06
kes,1.5814502214821036e-06
entrepris,1.5814502214821036e-06
leftcensor,1.5814502214821036e-06
tew,1.5814502214821036e-06
warmth,1.5814502214821036e-06
disassoci,1.5814502214821036e-06
ccz,1.5814502214821036e-06
selig,1.5814502214821036e-06
craftsmanship,1.5814502214821036e-06
puti,1.5814502214821036e-06
frf,1.5814502214821036e-06
goric,1.5814502214821036e-06
abovemedian,1.5814502214821036e-06
timediscount,1.5814502214821036e-06
lati,1.5814502214821036e-06
rtb,1.5814502214821036e-06
vus,1.5814502214821036e-06
beatti,1.5814502214821036e-06
maxt,1.5814502214821036e-06
maris,1.5814502214821036e-06
lorri,1.5814502214821036e-06
nieuwerburgh,1.5814502214821036e-06
nfn,1.5814502214821036e-06
schleifer,1.5814502214821036e-06
multiway,1.5814502214821036e-06
visor,1.5814502214821036e-06
alni,1.5814502214821036e-06
squatter,1.5814502214821036e-06
noncaus,1.5814502214821036e-06
ftf,1.5814502214821036e-06
andolfatto,1.5814502214821036e-06
maximisa,1.5814502214821036e-06
presupposit,1.5814502214821036e-06
meani,1.5814502214821036e-06
meticul,1.5814502214821036e-06
dwdt,1.5814502214821036e-06
ruhr,1.5814502214821036e-06
misread,1.5814502214821036e-06
ldt,1.5814502214821036e-06
upf,1.5814502214821036e-06
rxr,1.5814502214821036e-06
standstil,1.5814502214821036e-06
avar,1.5814502214821036e-06
partyear,1.5814502214821036e-06
obsta,1.5814502214821036e-06
nonstrateg,1.5814502214821036e-06
cdz,1.5814502214821036e-06
matteo,1.5814502214821036e-06
clhang,1.5814502214821036e-06
fqt,1.5814502214821036e-06
goos,1.5814502214821036e-06
ancestr,1.5814502214821036e-06
anthropometr,1.5814502214821036e-06
extremum,1.5814502214821036e-06
climax,1.5814502214821036e-06
brill,1.5814502214821036e-06
twotenth,1.5814502214821036e-06
ulj,1.5814502214821036e-06
nudg,1.5814502214821036e-06
uninterpret,1.5814502214821036e-06
wtv,1.5814502214821036e-06
poss,1.5814502214821036e-06
tiz,1.5814502214821036e-06
miriam,1.5814502214821036e-06
fifthord,1.5814502214821036e-06
usf,1.5814502214821036e-06
scot,1.5814502214821036e-06
quarterlv,1.5814502214821036e-06
unsubstanti,1.5814502214821036e-06
qno,1.5814502214821036e-06
eileen,1.5814502214821036e-06
foci,1.5814502214821036e-06
atdt,1.5814502214821036e-06
compt,1.5814502214821036e-06
isp,1.5814502214821036e-06
prk,1.5814502214821036e-06
motorist,1.5814502214821036e-06
icon,1.5814502214821036e-06
remi,1.5814502214821036e-06
fixer,1.5814502214821036e-06
helpless,1.5814502214821036e-06
aczel,1.5814502214821036e-06
thrifti,1.5814502214821036e-06
ffe,1.5814502214821036e-06
foe,1.5814502214821036e-06
xand,1.5814502214821036e-06
uninfluenc,1.5814502214821036e-06
passion,1.5814502214821036e-06
burnham,1.5814502214821036e-06
nerv,1.5814502214821036e-06
nikolai,1.5814502214821036e-06
bahadur,1.5814502214821036e-06
unprov,1.5814502214821036e-06
histoir,1.5814502214821036e-06
bonferroni,1.5814502214821036e-06
crave,1.5814502214821036e-06
repuls,1.5814502214821036e-06
beggar,1.5814502214821036e-06
insurrect,1.5814502214821036e-06
trf,1.5814502214821036e-06
unsign,1.5814502214821036e-06
wlf,1.5814502214821036e-06
tobia,1.5814502214821036e-06
deadlock,1.5814502214821036e-06
quiescent,1.5814502214821036e-06
wbi,1.5814502214821036e-06
passel,1.5814502214821036e-06
hih,1.5814502214821036e-06
sonm,1.5814502214821036e-06
ocx,1.5814502214821036e-06
annualis,1.5814502214821036e-06
polist,1.5814502214821036e-06
movabl,1.5814502214821036e-06
macroecono,1.5814502214821036e-06
qwt,1.5814502214821036e-06
tiguous,1.5814502214821036e-06
postmortem,1.5814502214821036e-06
intraperiod,1.5814502214821036e-06
keynesiantyp,1.5814502214821036e-06
xsj,1.5814502214821036e-06
mushroom,1.5814502214821036e-06
lanham,1.5814502214821036e-06
uui,1.5814502214821036e-06
tanci,1.5814502214821036e-06
confirma,1.5814502214821036e-06
schipper,1.5814502214821036e-06
reconfirm,1.5814502214821036e-06
kjs,1.5814502214821036e-06
tyi,1.5814502214821036e-06
abovedescrib,1.5814502214821036e-06
omer,1.5814502214821036e-06
prp,1.5814502214821036e-06
eraci,1.5814502214821036e-06
picion,1.5814502214821036e-06
vfs,1.5814502214821036e-06
xtr,1.5814502214821036e-06
huff,1.5814502214821036e-06
laugh,1.5814502214821036e-06
diy,1.5814502214821036e-06
sinusoid,1.5814502214821036e-06
chainstor,1.5814502214821036e-06
englegrang,1.5814502214821036e-06
hhh,1.5814502214821036e-06
notebook,1.5814502214821036e-06
untrustworthi,1.5814502214821036e-06
probabilityweight,1.5814502214821036e-06
laband,1.5814502214821036e-06
keyboard,1.5814502214821036e-06
oxl,1.5814502214821036e-06
newborn,1.5814502214821036e-06
pennsylva,1.5814502214821036e-06
gruyter,1.5814502214821036e-06
ppk,1.5814502214821036e-06
contracycl,1.5814502214821036e-06
underr,1.5814502214821036e-06
orb,1.5814502214821036e-06
daniela,1.5814502214821036e-06
ipx,1.5814502214821036e-06
periodo,1.5814502214821036e-06
qfl,1.5814502214821036e-06
iow,1.5814502214821036e-06
untap,1.5814502214821036e-06
pxs,1.5814502214821036e-06
purveyor,1.5814502214821036e-06
bara,1.5814502214821036e-06
hirschleif,1.5814502214821036e-06
maximin,1.5814502214821036e-06
fxs,1.5814502214821036e-06
clar,1.5814502214821036e-06
erosa,1.5814502214821036e-06
francin,1.5814502214821036e-06
uxi,1.5814502214821036e-06
ytxt,1.5814502214821036e-06
eiw,1.5814502214821036e-06
thata,1.5814502214821036e-06
gautier,1.5814502214821036e-06
ajc,1.5814502214821036e-06
ujk,1.5814502214821036e-06
srj,1.5814502214821036e-06
mathieson,1.5814502214821036e-06
jesper,1.5814502214821036e-06
fsx,1.5814502214821036e-06
mnent,1.5814502214821036e-06
underpaid,1.5814502214821036e-06
noncommerci,1.5814502214821036e-06
wik,1.5814502214821036e-06
wwo,1.5814502214821036e-06
yand,1.5814502214821036e-06
tergener,1.5814502214821036e-06
fica,1.5814502214821036e-06
vilfredo,1.5814502214821036e-06
preschool,1.5814502214821036e-06
buoyanc,1.5814502214821036e-06
napl,1.5814502214821036e-06
nond,1.5814502214821036e-06
scru,1.5814502214821036e-06
fuir,1.5814502214821036e-06
uth,1.5814502214821036e-06
saliti,1.5814502214821036e-06
ajq,1.5814502214821036e-06
corwin,1.5814502214821036e-06
secr,1.5814502214821036e-06
oet,1.5814502214821036e-06
jes,1.5814502214821036e-06
sota,1.5814502214821036e-06
qtqt,1.5814502214821036e-06
registrar,1.5814502214821036e-06
belittl,1.5814502214821036e-06
plaint,1.5814502214821036e-06
rhe,1.5814502214821036e-06
ahj,1.2651601771856828e-06
csr,1.2651601771856828e-06
icn,1.2651601771856828e-06
zth,1.2651601771856828e-06
wagedetermin,1.2651601771856828e-06
upl,1.2651601771856828e-06
norwel,1.2651601771856828e-06
timeindepend,1.2651601771856828e-06
jco,1.2651601771856828e-06
harrodian,1.2651601771856828e-06
rowman,1.2651601771856828e-06
yaf,1.2651601771856828e-06
lowerrank,1.2651601771856828e-06
owo,1.2651601771856828e-06
hlp,1.2651601771856828e-06
nns,1.2651601771856828e-06
terdam,1.2651601771856828e-06
doiqjeqjr,1.2651601771856828e-06
unbounded,1.2651601771856828e-06
metrick,1.2651601771856828e-06
sfa,1.2651601771856828e-06
phr,1.2651601771856828e-06
aua,1.2651601771856828e-06
ouliari,1.2651601771856828e-06
equil,1.2651601771856828e-06
forf,1.2651601771856828e-06
parsi,1.2651601771856828e-06
cyj,1.2651601771856828e-06
xar,1.2651601771856828e-06
matia,1.2651601771856828e-06
finiteord,1.2651601771856828e-06
nrj,1.2651601771856828e-06
extremevalu,1.2651601771856828e-06
yahoo,1.2651601771856828e-06
economca,1.2651601771856828e-06
rakesh,1.2651601771856828e-06
subarea,1.2651601771856828e-06
ntf,1.2651601771856828e-06
fxz,1.2651601771856828e-06
bvi,1.2651601771856828e-06
ytc,1.2651601771856828e-06
njl,1.2651601771856828e-06
normaliz,1.2651601771856828e-06
oel,1.2651601771856828e-06
dtd,1.2651601771856828e-06
heidhu,1.2651601771856828e-06
cahuc,1.2651601771856828e-06
pappa,1.2651601771856828e-06
rodrguezclar,1.2651601771856828e-06
uyo,1.2651601771856828e-06
smn,1.2651601771856828e-06
wtf,1.2651601771856828e-06
anoma,1.2651601771856828e-06
ploberg,1.2651601771856828e-06
coval,1.2651601771856828e-06
ypa,1.2651601771856828e-06
workersa,1.2651601771856828e-06
ivl,1.2651601771856828e-06
xfa,1.2651601771856828e-06
tivari,1.2651601771856828e-06
hxt,1.2651601771856828e-06
heroin,1.2651601771856828e-06
overinterpret,1.2651601771856828e-06
lhospit,1.2651601771856828e-06
olj,1.2651601771856828e-06
yej,1.2651601771856828e-06
jjo,1.2651601771856828e-06
endgam,1.2651601771856828e-06
rationalexpect,1.2651601771856828e-06
mrj,1.2651601771856828e-06
fkf,1.2651601771856828e-06
aou,1.2651601771856828e-06
esem,1.2651601771856828e-06
eep,1.2651601771856828e-06
ilian,1.2651601771856828e-06
ozt,1.2651601771856828e-06
yco,1.2651601771856828e-06
hzt,1.2651601771856828e-06
skaperda,1.2651601771856828e-06
rampini,1.2651601771856828e-06
webpag,1.2651601771856828e-06
nonacceler,1.2651601771856828e-06
recap,1.2651601771856828e-06
henriqu,1.2651601771856828e-06
orh,1.2651601771856828e-06
pgl,1.2651601771856828e-06
djo,1.2651601771856828e-06
asker,1.2651601771856828e-06
baneije,1.2651601771856828e-06
retrospec,1.2651601771856828e-06
narendranathan,1.2651601771856828e-06
yrr,1.2651601771856828e-06
overparameter,1.2651601771856828e-06
ffj,1.2651601771856828e-06
moynihan,1.2651601771856828e-06
jobtojob,1.2651601771856828e-06
psh,1.2651601771856828e-06
pcd,1.2651601771856828e-06
dma,1.2651601771856828e-06
schorfheid,1.2651601771856828e-06
wra,1.2651601771856828e-06
gourio,1.2651601771856828e-06
lacea,1.2651601771856828e-06
avj,1.2651601771856828e-06
mwt,1.2651601771856828e-06
jlt,1.2651601771856828e-06
fxk,1.2651601771856828e-06
jennrich,1.2651601771856828e-06
phpdoi,1.2651601771856828e-06
fvt,1.2651601771856828e-06
gai,1.2651601771856828e-06
patentsrd,1.2651601771856828e-06
lowend,1.2651601771856828e-06
drd,1.2651601771856828e-06
yfs,1.2651601771856828e-06
luckett,1.2651601771856828e-06
zupan,1.2651601771856828e-06
ohl,1.2651601771856828e-06
refocus,1.2651601771856828e-06
kranton,1.2651601771856828e-06
giroux,1.2651601771856828e-06
padilla,1.2651601771856828e-06
rrp,1.2651601771856828e-06
strati,1.2651601771856828e-06
diation,1.2651601771856828e-06
pju,1.2651601771856828e-06
ibli,1.2651601771856828e-06
aaz,1.2651601771856828e-06
gerber,1.2651601771856828e-06
newsweek,1.2651601771856828e-06
fcf,1.2651601771856828e-06
flw,1.2651601771856828e-06
lowestrank,1.2651601771856828e-06
iciti,1.2651601771856828e-06
gib,1.2651601771856828e-06
voln,1.2651601771856828e-06
jif,1.2651601771856828e-06
xzt,1.2651601771856828e-06
wellstudi,1.2651601771856828e-06
pistaferri,1.2651601771856828e-06
guin,1.2651601771856828e-06
califomia,1.2651601771856828e-06
agesquar,1.2651601771856828e-06
evr,1.2651601771856828e-06
vsx,1.2651601771856828e-06
wileyintersci,1.2651601771856828e-06
neudeck,1.2651601771856828e-06
ufi,1.2651601771856828e-06
eru,1.2651601771856828e-06
atot,1.2651601771856828e-06
tocorrel,1.2651601771856828e-06
modelimpli,1.2651601771856828e-06
xfr,1.2651601771856828e-06
goran,1.2651601771856828e-06
twicecontinu,1.2651601771856828e-06
dsc,1.2651601771856828e-06
jol,1.2651601771856828e-06
gitudin,1.2651601771856828e-06
reidel,1.2651601771856828e-06
kif,1.2651601771856828e-06
perezquiro,1.2651601771856828e-06
xba,1.2651601771856828e-06
unconting,1.2651601771856828e-06
rtu,1.2651601771856828e-06
ptpti,1.2651601771856828e-06
ahp,1.2651601771856828e-06
harvardedu,1.2651601771856828e-06
delink,1.2651601771856828e-06
enp,1.2651601771856828e-06
strippeddown,1.2651601771856828e-06
mixedstrategi,1.2651601771856828e-06
gop,1.2651601771856828e-06
oei,1.2651601771856828e-06
qdi,1.2651601771856828e-06
frequentist,1.2651601771856828e-06
kperiod,1.2651601771856828e-06
yjn,1.2651601771856828e-06
citibank,1.2651601771856828e-06
imax,1.2651601771856828e-06
ypw,1.2651601771856828e-06
flll,1.2651601771856828e-06
skl,1.2651601771856828e-06
fnma,1.2651601771856828e-06
guilherm,1.2651601771856828e-06
kjk,1.2651601771856828e-06
karatza,1.2651601771856828e-06
dqk,1.2651601771856828e-06
ksk,1.2651601771856828e-06
overreject,1.2651601771856828e-06
ije,1.2651601771856828e-06
serfl,1.2651601771856828e-06
rlf,1.2651601771856828e-06
legro,1.2651601771856828e-06
sjo,1.2651601771856828e-06
ipb,1.2651601771856828e-06
stratifica,1.2651601771856828e-06
fqi,1.2651601771856828e-06
altig,1.2651601771856828e-06
acceptreject,1.2651601771856828e-06
encod,1.2651601771856828e-06
nonstan,1.2651601771856828e-06
pcf,1.2651601771856828e-06
tja,1.2651601771856828e-06
kjj,1.2651601771856828e-06
jaa,1.2651601771856828e-06
utilitymaximis,1.2651601771856828e-06
pattanaik,1.2651601771856828e-06
diago,1.2651601771856828e-06
iuj,1.2651601771856828e-06
mzi,1.2651601771856828e-06
hqt,1.2651601771856828e-06
nbt,1.2651601771856828e-06
newsstand,1.2651601771856828e-06
handshak,1.2651601771856828e-06
deleverag,1.2651601771856828e-06
ijb,1.2651601771856828e-06
relo,1.2651601771856828e-06
pje,1.2651601771856828e-06
withf,1.2651601771856828e-06
ovo,1.2651601771856828e-06
vao,1.2651601771856828e-06
basispoint,1.2651601771856828e-06
minm,1.2651601771856828e-06
zll,1.2651601771856828e-06
cpo,1.2651601771856828e-06
orphanid,1.2651601771856828e-06
imageri,1.2651601771856828e-06
ylx,1.2651601771856828e-06
alpt,1.2651601771856828e-06
gilroy,1.2651601771856828e-06
qax,1.2651601771856828e-06
ymn,1.2651601771856828e-06
lucrezia,1.2651601771856828e-06
salih,1.2651601771856828e-06
equilibriuma,1.2651601771856828e-06
eay,1.2651601771856828e-06
ingemar,1.2651601771856828e-06
wix,1.2651601771856828e-06
ztzt,1.2651601771856828e-06
iko,1.2651601771856828e-06
taxsim,1.2651601771856828e-06
nearunivers,1.2651601771856828e-06
multidimen,1.2651601771856828e-06
tisi,1.2651601771856828e-06
ilya,1.2651601771856828e-06
jln,1.2651601771856828e-06
mrl,1.2651601771856828e-06
iag,1.2651601771856828e-06
moscarini,1.2651601771856828e-06
lowerthanaverag,1.2651601771856828e-06
nabil,1.2651601771856828e-06
pxpx,1.2651601771856828e-06
tcq,1.2651601771856828e-06
ciq,1.2651601771856828e-06
popt,1.2651601771856828e-06
poach,1.2651601771856828e-06
stabilisa,1.2651601771856828e-06
uoc,1.2651601771856828e-06
nsl,1.2651601771856828e-06
nonunit,1.2651601771856828e-06
schlaifer,1.2651601771856828e-06
tkl,1.2651601771856828e-06
iosyncrat,1.2651601771856828e-06
uum,1.2651601771856828e-06
yjr,1.2651601771856828e-06
xmm,1.2651601771856828e-06
xle,1.2651601771856828e-06
vav,1.2651601771856828e-06
axax,1.2651601771856828e-06
dfg,1.2651601771856828e-06
farka,1.2651601771856828e-06
xna,1.2651601771856828e-06
pfc,1.2651601771856828e-06
obt,1.2651601771856828e-06
flz,1.2651601771856828e-06
taj,1.2651601771856828e-06
betweenfirm,1.2651601771856828e-06
neq,1.2651601771856828e-06
mlrp,1.2651601771856828e-06
smok,1.2651601771856828e-06
nondepreci,1.2651601771856828e-06
timediscret,1.2651601771856828e-06
vak,1.2651601771856828e-06
abilist,1.2651601771856828e-06
matti,1.2651601771856828e-06
gmt,1.2651601771856828e-06
pup,1.2651601771856828e-06
journalsorgdoisupplresta,1.2651601771856828e-06
cato,1.2651601771856828e-06
laboreconom,1.2651601771856828e-06
abrevaya,1.2651601771856828e-06
allx,1.2651601771856828e-06
ejn,1.2651601771856828e-06
browser,1.2651601771856828e-06
sydnor,1.2651601771856828e-06
lancet,1.2651601771856828e-06
expm,1.2651601771856828e-06
gtp,1.2651601771856828e-06
wiggl,1.2651601771856828e-06
wiwi,1.2651601771856828e-06
veronica,1.2651601771856828e-06
hfi,1.2651601771856828e-06
yjx,1.2651601771856828e-06
rka,1.2651601771856828e-06
secondlargest,1.2651601771856828e-06
xqq,1.2651601771856828e-06
jagadeesh,1.2651601771856828e-06
koszegi,1.2651601771856828e-06
ucr,1.2651601771856828e-06
rtpt,1.2651601771856828e-06
ijh,1.2651601771856828e-06
gothenburg,1.2651601771856828e-06
glx,1.2651601771856828e-06
bap,1.2651601771856828e-06
evj,1.2651601771856828e-06
glomm,1.2651601771856828e-06
eixi,1.2651601771856828e-06
icit,1.2651601771856828e-06
fxit,1.2651601771856828e-06
osterman,1.2651601771856828e-06
donic,1.2651601771856828e-06
nlm,1.2651601771856828e-06
harbaugh,1.2651601771856828e-06
lalond,1.2651601771856828e-06
kernelbas,1.2651601771856828e-06
rhl,1.2651601771856828e-06
banize,1.2651601771856828e-06
vei,1.2651601771856828e-06
vwj,1.2651601771856828e-06
moskowitz,1.2651601771856828e-06
eaw,1.2651601771856828e-06
vlr,1.2651601771856828e-06
thh,1.2651601771856828e-06
incomerel,1.2651601771856828e-06
fhl,1.2651601771856828e-06
ninetyfifth,1.2651601771856828e-06
jamal,1.2651601771856828e-06
crd,1.2651601771856828e-06
ikr,1.2651601771856828e-06
ausubel,1.2651601771856828e-06
garbad,1.2651601771856828e-06
eyix,1.2651601771856828e-06
teul,1.2651601771856828e-06
mukesh,1.2651601771856828e-06
nma,1.2651601771856828e-06
dwo,1.2651601771856828e-06
cursiv,1.2651601771856828e-06
preretir,1.2651601771856828e-06
gjj,1.2651601771856828e-06
portiv,1.2651601771856828e-06
habitform,1.2651601771856828e-06
ebt,1.2651601771856828e-06
hypertens,1.2651601771856828e-06
uuu,1.2651601771856828e-06
fce,1.2651601771856828e-06
undershoot,1.2651601771856828e-06
gsx,1.2651601771856828e-06
capabili,1.2651601771856828e-06
coursey,1.2651601771856828e-06
paretorank,1.2651601771856828e-06
wileyblackwel,1.2651601771856828e-06
supplydriven,1.2651601771856828e-06
ciu,1.2651601771856828e-06
yth,1.2651601771856828e-06
kruger,1.2651601771856828e-06
nna,1.2651601771856828e-06
hah,1.2651601771856828e-06
handcollect,1.2651601771856828e-06
majluf,1.2651601771856828e-06
bmt,1.2651601771856828e-06
shorterliv,1.2651601771856828e-06
freixa,1.2651601771856828e-06
dtv,1.2651601771856828e-06
jushan,1.2651601771856828e-06
beforeandaft,1.2651601771856828e-06
georgemario,1.2651601771856828e-06
gallagh,1.2651601771856828e-06
ehl,1.2651601771856828e-06
voth,1.2651601771856828e-06
cpx,1.2651601771856828e-06
crossgroup,1.2651601771856828e-06
twogroup,1.2651601771856828e-06
cks,1.2651601771856828e-06
mlj,1.2651601771856828e-06
alastair,1.2651601771856828e-06
selector,1.2651601771856828e-06
meanrevers,1.2651601771856828e-06
sudipto,1.2651601771856828e-06
imbalanc,1.2651601771856828e-06
quartertoquart,1.2651601771856828e-06
kih,1.2651601771856828e-06
nof,1.2651601771856828e-06
maghribi,1.2651601771856828e-06
lej,1.2651601771856828e-06
kab,1.2651601771856828e-06
garicano,1.2651601771856828e-06
vcv,1.2651601771856828e-06
lpp,1.2651601771856828e-06
scal,1.2651601771856828e-06
caseload,1.2651601771856828e-06
vectorvalu,1.2651601771856828e-06
viiib,1.2651601771856828e-06
abf,1.2651601771856828e-06
rpa,1.2651601771856828e-06
riskpremium,1.2651601771856828e-06
oncelag,1.2651601771856828e-06
methodolo,1.2651601771856828e-06
zenou,1.2651601771856828e-06
gral,1.2651601771856828e-06
rxj,1.2651601771856828e-06
jackknif,1.2651601771856828e-06
rgt,1.2651601771856828e-06
iej,1.2651601771856828e-06
cdm,1.2651601771856828e-06
gome,1.2651601771856828e-06
nondecrea,1.2651601771856828e-06
gjs,1.2651601771856828e-06
kmi,1.2651601771856828e-06
wle,1.2651601771856828e-06
covu,1.2651601771856828e-06
zpi,1.2651601771856828e-06
varu,1.2651601771856828e-06
bandiera,1.2651601771856828e-06
yearlong,1.2651601771856828e-06
granovett,1.2651601771856828e-06
schoeni,1.2651601771856828e-06
gzi,1.2651601771856828e-06
pvs,1.2651601771856828e-06
meanvalu,1.2651601771856828e-06
capitalgain,1.2651601771856828e-06
dellavigna,1.2651601771856828e-06
qwl,1.2651601771856828e-06
equilibriumth,1.2651601771856828e-06
bps,1.2651601771856828e-06
tlr,1.2651601771856828e-06
nlog,1.2651601771856828e-06
overid,1.2651601771856828e-06
onestepahead,1.2651601771856828e-06
nonrobust,1.2651601771856828e-06
tpa,1.2651601771856828e-06
doiqjeqj,1.2651601771856828e-06
fershtman,1.2651601771856828e-06
httpdxdoiorgecta,1.2651601771856828e-06
atrisk,1.2651601771856828e-06
onechild,1.2651601771856828e-06
priceincom,1.2651601771856828e-06
xcc,1.2651601771856828e-06
uht,1.2651601771856828e-06
gustafsson,1.2651601771856828e-06
theeconomicjourn,1.2651601771856828e-06
lgl,1.2651601771856828e-06
idw,1.2651601771856828e-06
pnx,1.2651601771856828e-06
gdpt,1.2651601771856828e-06
quasiexperi,1.2651601771856828e-06
reinvent,1.2651601771856828e-06
cifar,1.2651601771856828e-06
mpm,1.2651601771856828e-06
qjs,1.2651601771856828e-06
curtin,1.2651601771856828e-06
eol,1.2651601771856828e-06
xac,1.2651601771856828e-06
nonsmooth,1.2651601771856828e-06
betsey,1.2651601771856828e-06
heu,1.2651601771856828e-06
singledimension,1.2651601771856828e-06
privateinform,1.2651601771856828e-06
dhl,1.2651601771856828e-06
asg,1.2651601771856828e-06
wtu,1.2651601771856828e-06
xrx,1.2651601771856828e-06
rameter,1.2651601771856828e-06
zax,1.2651601771856828e-06
tracta,1.2651601771856828e-06
nsi,1.2651601771856828e-06
jeanfrancoi,1.2651601771856828e-06
mislaid,1.2651601771856828e-06
gautam,1.2651601771856828e-06
pfo,1.2651601771856828e-06
exk,1.2651601771856828e-06
eya,1.2651601771856828e-06
feasibil,1.2651601771856828e-06
jfk,1.2651601771856828e-06
zzj,1.2651601771856828e-06
fernandezvillaverd,1.2651601771856828e-06
vlj,1.2651601771856828e-06
overpaid,1.2651601771856828e-06
mvector,1.2651601771856828e-06
nonexpect,1.2651601771856828e-06
belowmedian,1.2651601771856828e-06
pejor,1.2651601771856828e-06
ftx,1.2651601771856828e-06
lakshmi,1.2651601771856828e-06
checkup,1.2651601771856828e-06
mikael,1.2651601771856828e-06
urm,1.2651601771856828e-06
autocovari,1.2651601771856828e-06
vjr,1.2651601771856828e-06
joram,1.2651601771856828e-06
nonlineari,1.2651601771856828e-06
contextu,1.2651601771856828e-06
qib,1.2651601771856828e-06
niko,1.2651601771856828e-06
piet,1.2651601771856828e-06
crw,1.2651601771856828e-06
preperiod,1.2651601771856828e-06
timize,1.2651601771856828e-06
mpx,1.2651601771856828e-06
ermisch,1.2651601771856828e-06
rra,1.2651601771856828e-06
reanalysi,1.2651601771856828e-06
guesneri,1.2651601771856828e-06
pwo,1.2651601771856828e-06
uia,1.2651601771856828e-06
hardcor,1.2651601771856828e-06
ikj,1.2651601771856828e-06
ljx,1.2651601771856828e-06
rwe,1.2651601771856828e-06
lowin,1.2651601771856828e-06
yoa,1.2651601771856828e-06
glosten,1.2651601771856828e-06
onf,1.2651601771856828e-06
ftft,1.2651601771856828e-06
gomm,1.2651601771856828e-06
hinich,1.2651601771856828e-06
qxp,1.2651601771856828e-06
epc,1.2651601771856828e-06
efj,1.2651601771856828e-06
vpx,1.2651601771856828e-06
gianmarco,1.2651601771856828e-06
sociodemograph,1.2651601771856828e-06
psk,1.2651601771856828e-06
demin,1.2651601771856828e-06
attiyeh,1.2651601771856828e-06
cafeteria,1.2651601771856828e-06
titman,1.2651601771856828e-06
ytf,1.2651601771856828e-06
ytu,1.2651601771856828e-06
endofmonth,1.2651601771856828e-06
varl,1.2651601771856828e-06
manovskii,1.2651601771856828e-06
trw,1.2651601771856828e-06
giuliano,1.2651601771856828e-06
expli,1.2651601771856828e-06
yic,1.2651601771856828e-06
athan,1.2651601771856828e-06
dtc,1.2651601771856828e-06
shreve,1.2651601771856828e-06
dmdt,1.2651601771856828e-06
dys,1.2651601771856828e-06
qic,1.2651601771856828e-06
devleeschauw,1.2651601771856828e-06
fyf,1.2651601771856828e-06
kaa,1.2651601771856828e-06
ufe,1.2651601771856828e-06
exa,1.2651601771856828e-06
pba,1.2651601771856828e-06
countermeasur,1.2651601771856828e-06
venti,1.2651601771856828e-06
monk,1.2651601771856828e-06
axu,1.2651601771856828e-06
ixb,1.2651601771856828e-06
hidehiko,1.2651601771856828e-06
bierwag,1.2651601771856828e-06
sticker,1.2651601771856828e-06
xks,1.2651601771856828e-06
macroecon,1.2651601771856828e-06
betsi,1.2651601771856828e-06
premultipl,1.2651601771856828e-06
saez,1.2651601771856828e-06
macroprudenti,1.2651601771856828e-06
erw,1.2651601771856828e-06
lawmak,1.2651601771856828e-06
underus,1.2651601771856828e-06
belabor,1.2651601771856828e-06
sab,1.2651601771856828e-06
damm,1.2651601771856828e-06
ooj,1.2651601771856828e-06
puu,1.2651601771856828e-06
ripoff,1.2651601771856828e-06
sami,1.2651601771856828e-06
oligarch,1.2651601771856828e-06
onehundredth,1.2651601771856828e-06
primi,1.2651601771856828e-06
convexifi,1.2651601771856828e-06
lition,1.2651601771856828e-06
oof,1.2651601771856828e-06
inflexion,1.2651601771856828e-06
rkl,1.2651601771856828e-06
glb,1.2651601771856828e-06
bab,1.2651601771856828e-06
figuir,1.2651601771856828e-06
filiat,1.2651601771856828e-06
vpl,1.2651601771856828e-06
thorstein,1.2651601771856828e-06
nazi,1.2651601771856828e-06
gloom,1.2651601771856828e-06
iou,1.2651601771856828e-06
uie,1.2651601771856828e-06
sise,1.2651601771856828e-06
schol,1.2651601771856828e-06
omo,1.2651601771856828e-06
degroot,1.2651601771856828e-06
opm,1.2651601771856828e-06
opa,1.2651601771856828e-06
specious,1.2651601771856828e-06
rub,1.2651601771856828e-06
thatj,1.2651601771856828e-06
irreplac,1.2651601771856828e-06
wornout,1.2651601771856828e-06
wib,1.2651601771856828e-06
undiminish,1.2651601771856828e-06
pall,1.2651601771856828e-06
disparag,1.2651601771856828e-06
forewarn,1.2651601771856828e-06
teoria,1.2651601771856828e-06
csm,1.2651601771856828e-06
wist,1.2651601771856828e-06
fourperson,1.2651601771856828e-06
genier,1.2651601771856828e-06
inconvert,1.2651601771856828e-06
pediment,1.2651601771856828e-06
wpa,1.2651601771856828e-06
elong,1.2651601771856828e-06
rnr,1.2651601771856828e-06
malalloc,1.2651601771856828e-06
vau,1.2651601771856828e-06
hue,1.2651601771856828e-06
vandal,1.2651601771856828e-06
mostel,1.2651601771856828e-06
someday,1.2651601771856828e-06
zdi,1.2651601771856828e-06
capitul,1.2651601771856828e-06
humil,1.2651601771856828e-06
predepress,1.2651601771856828e-06
approximat,1.2651601771856828e-06
steadier,1.2651601771856828e-06
squander,1.2651601771856828e-06
federalist,1.2651601771856828e-06
abramson,1.2651601771856828e-06
itb,1.2651601771856828e-06
icat,1.2651601771856828e-06
tlj,1.2651601771856828e-06
quelqu,1.2651601771856828e-06
tps,1.2651601771856828e-06
idr,1.2651601771856828e-06
investn,1.2651601771856828e-06
lxp,1.2651601771856828e-06
nta,1.2651601771856828e-06
riorat,1.2651601771856828e-06
firstserv,1.2651601771856828e-06
rne,1.2651601771856828e-06
firstcom,1.2651601771856828e-06
gigant,1.2651601771856828e-06
dete,1.2651601771856828e-06
rau,1.2651601771856828e-06
avow,1.2651601771856828e-06
latecom,1.2651601771856828e-06
imperil,1.2651601771856828e-06
expediti,1.2651601771856828e-06
homi,1.2651601771856828e-06
npa,1.2651601771856828e-06
recapit,1.2651601771856828e-06
drunk,1.2651601771856828e-06
ghs,1.2651601771856828e-06
cori,1.2651601771856828e-06
fortieth,1.2651601771856828e-06
tauchen,1.2651601771856828e-06
lae,1.2651601771856828e-06
aborigin,1.2651601771856828e-06
fourvari,1.2651601771856828e-06
xbx,1.2651601771856828e-06
hender,1.2651601771856828e-06
tux,1.2651601771856828e-06
ibbotson,1.2651601771856828e-06
unsmooth,1.2651601771856828e-06
avraham,1.2651601771856828e-06
rwi,1.2651601771856828e-06
jolt,1.2651601771856828e-06
damien,1.2651601771856828e-06
stare,1.2651601771856828e-06
oai,1.2651601771856828e-06
krug,1.2651601771856828e-06
stiffen,1.2651601771856828e-06
cumber,1.2651601771856828e-06
lcc,1.2651601771856828e-06
cxa,1.2651601771856828e-06
relaps,1.2651601771856828e-06
resuscit,1.2651601771856828e-06
andin,1.2651601771856828e-06
blanch,1.2651601771856828e-06
coststh,1.2651601771856828e-06
oaj,1.2651601771856828e-06
propter,1.2651601771856828e-06
nonregul,1.2651601771856828e-06
launder,1.2651601771856828e-06
shine,1.2651601771856828e-06
tvo,1.2651601771856828e-06
nav,1.2651601771856828e-06
ageadjust,1.2651601771856828e-06
uio,1.2651601771856828e-06
mica,1.2651601771856828e-06
haw,1.2651601771856828e-06
voca,1.2651601771856828e-06
ixl,1.2651601771856828e-06
guitton,1.2651601771856828e-06
loyola,1.2651601771856828e-06
schism,1.2651601771856828e-06
privateenterpris,1.2651601771856828e-06
bjorn,1.2651601771856828e-06
macrotheori,1.2651601771856828e-06
marqu,1.2651601771856828e-06
questionbeg,1.2651601771856828e-06
fever,1.2651601771856828e-06
adq,1.2651601771856828e-06
offhand,1.2651601771856828e-06
mccracken,1.2651601771856828e-06
sipat,1.2651601771856828e-06
arq,1.2651601771856828e-06
fidel,1.2651601771856828e-06
garb,1.2651601771856828e-06
avid,1.2651601771856828e-06
politic,1.2651601771856828e-06
elster,1.2651601771856828e-06
hardwork,1.2651601771856828e-06
mexi,1.2651601771856828e-06
qpp,1.2651601771856828e-06
ula,1.2651601771856828e-06
losch,1.2651601771856828e-06
xth,1.2651601771856828e-06
atd,1.2651601771856828e-06
xds,1.2651601771856828e-06
pmk,1.2651601771856828e-06
karin,1.2651601771856828e-06
fey,1.2651601771856828e-06
sgs,1.2651601771856828e-06
zlz,1.2651601771856828e-06
dzz,1.2651601771856828e-06
snj,1.2651601771856828e-06
venturesom,1.2651601771856828e-06
bachmann,1.2651601771856828e-06
comport,1.2651601771856828e-06
halftim,1.2651601771856828e-06
eqp,1.2651601771856828e-06
irg,1.2651601771856828e-06
instil,1.2651601771856828e-06
untim,1.2651601771856828e-06
marketvalu,1.2651601771856828e-06
yjo,1.2651601771856828e-06
eightieth,1.2651601771856828e-06
efici,1.2651601771856828e-06
aoal,1.2651601771856828e-06
rbo,1.2651601771856828e-06
havent,1.2651601771856828e-06
applaud,1.2651601771856828e-06
ajaj,1.2651601771856828e-06
termediari,1.2651601771856828e-06
opr,1.2651601771856828e-06
fsn,1.2651601771856828e-06
calendaryear,1.2651601771856828e-06
fourmonth,1.2651601771856828e-06
wvas,1.2651601771856828e-06
tyne,1.2651601771856828e-06
perfirm,1.2651601771856828e-06
unnam,1.2651601771856828e-06
latur,1.2651601771856828e-06
qff,1.2651601771856828e-06
wci,1.2651601771856828e-06
vulnera,1.2651601771856828e-06
nonidentifi,1.2651601771856828e-06
minp,1.2651601771856828e-06
phx,1.2651601771856828e-06
agh,1.2651601771856828e-06
ojk,1.2651601771856828e-06
poe,1.2651601771856828e-06
eof,1.2651601771856828e-06
header,1.2651601771856828e-06
untyp,1.2651601771856828e-06
didt,1.2651601771856828e-06
hypothesistest,1.2651601771856828e-06
submargin,1.2651601771856828e-06
pzp,1.2651601771856828e-06
cxr,1.2651601771856828e-06
mif,1.2651601771856828e-06
lsi,1.2651601771856828e-06
cff,1.2651601771856828e-06
fjp,1.2651601771856828e-06
puritan,1.2651601771856828e-06
alley,1.2651601771856828e-06
wilbert,1.2651601771856828e-06
rekindl,1.2651601771856828e-06
eda,1.2651601771856828e-06
pqk,1.2651601771856828e-06
overproduc,1.2651601771856828e-06
discrepan,1.2651601771856828e-06
minaci,1.2651601771856828e-06
substituta,1.2651601771856828e-06
redwood,1.2651601771856828e-06
gadget,1.2651601771856828e-06
edz,1.2651601771856828e-06
nep,1.2651601771856828e-06
frm,1.2651601771856828e-06
deft,1.2651601771856828e-06
menus,1.2651601771856828e-06
jettison,1.2651601771856828e-06
inept,1.2651601771856828e-06
thefirm,1.2651601771856828e-06
rxx,1.2651601771856828e-06
grandchildren,1.2651601771856828e-06
rescind,1.2651601771856828e-06
permi,1.2651601771856828e-06
joon,1.2651601771856828e-06
lill,1.2651601771856828e-06
limp,1.2651601771856828e-06
nifi,1.2651601771856828e-06
siecl,1.2651601771856828e-06
picket,1.2651601771856828e-06
plaintiff,1.2651601771856828e-06
uncontamin,1.2651601771856828e-06
kas,1.2651601771856828e-06
provin,1.2651601771856828e-06
yul,1.2651601771856828e-06
mro,1.2651601771856828e-06
puri,1.2651601771856828e-06
dmn,1.2651601771856828e-06
serfdom,1.2651601771856828e-06
edgeworthbowley,1.2651601771856828e-06
hew,1.2651601771856828e-06
incapac,1.2651601771856828e-06
hla,1.2651601771856828e-06
dors,1.2651601771856828e-06
dissati,1.2651601771856828e-06
gel,1.2651601771856828e-06
repons,1.2651601771856828e-06
xml,1.2651601771856828e-06
couldnt,1.2651601771856828e-06
footstep,1.2651601771856828e-06
axn,1.2651601771856828e-06
doomsday,1.2651601771856828e-06
ulo,1.2651601771856828e-06
noncontractu,1.2651601771856828e-06
levitan,1.2651601771856828e-06
riskbear,1.2651601771856828e-06
uhf,1.2651601771856828e-06
lixi,1.2651601771856828e-06
workerspecif,1.2651601771856828e-06
desiderata,1.2651601771856828e-06
slender,1.2651601771856828e-06
cath,1.2651601771856828e-06
compliment,1.2651601771856828e-06
nonquantit,1.2651601771856828e-06
syo,1.2651601771856828e-06
obst,1.2651601771856828e-06
insol,1.2651601771856828e-06
zzi,1.2651601771856828e-06
disinterest,1.2651601771856828e-06
cpr,1.2651601771856828e-06
zoi,1.2651601771856828e-06
countriesand,1.2651601771856828e-06
verv,1.2651601771856828e-06
galiani,1.2651601771856828e-06
batter,1.2651601771856828e-06
marxism,1.2651601771856828e-06
dras,1.2651601771856828e-06
onm,1.2651601771856828e-06
pod,1.2651601771856828e-06
overextend,1.2651601771856828e-06
vtp,1.2651601771856828e-06
anem,1.2651601771856828e-06
ukl,1.2651601771856828e-06
nyn,1.2651601771856828e-06
bisect,1.2651601771856828e-06
uki,1.2651601771856828e-06
xro,1.2651601771856828e-06
postdoctor,1.2651601771856828e-06
paradigmat,1.2651601771856828e-06
tmi,1.2651601771856828e-06
deutscher,1.2651601771856828e-06
fuinction,1.2651601771856828e-06
plott,1.2651601771856828e-06
paso,1.2651601771856828e-06
nmn,1.2651601771856828e-06
talbot,1.2651601771856828e-06
detour,1.2651601771856828e-06
impecc,1.2651601771856828e-06
pzi,1.2651601771856828e-06
singlehand,1.2651601771856828e-06
nmore,1.2651601771856828e-06
epk,1.2651601771856828e-06
torial,1.2651601771856828e-06
xel,1.2651601771856828e-06
prophet,1.2651601771856828e-06
immort,1.2651601771856828e-06
unconsci,1.2651601771856828e-06
bhi,1.2651601771856828e-06
calm,1.2651601771856828e-06
kxt,1.2651601771856828e-06
vignett,1.2651601771856828e-06
egr,1.2651601771856828e-06
vancement,1.2651601771856828e-06
tegral,1.2651601771856828e-06
weimar,1.2651601771856828e-06
facad,1.2651601771856828e-06
vew,1.2651601771856828e-06
rkx,1.2651601771856828e-06
miv,1.2651601771856828e-06
gfi,1.2651601771856828e-06
andt,1.2651601771856828e-06
vhi,1.2651601771856828e-06
amp,1.2651601771856828e-06
cem,1.2651601771856828e-06
undirect,1.2651601771856828e-06
rlo,1.2651601771856828e-06
vyx,1.2651601771856828e-06
jri,1.2651601771856828e-06
roundtabl,1.2651601771856828e-06
shefrin,1.2651601771856828e-06
wrp,1.2651601771856828e-06
messner,1.2651601771856828e-06
hyster,1.2651601771856828e-06
nmay,1.2651601771856828e-06
labi,1.2651601771856828e-06
etd,1.2651601771856828e-06
comt,1.2651601771856828e-06
phasein,1.2651601771856828e-06
eed,1.2651601771856828e-06
wah,1.2651601771856828e-06
folder,1.2651601771856828e-06
rodrigu,1.2651601771856828e-06
txs,1.2651601771856828e-06
kroner,1.2651601771856828e-06
piu,1.2651601771856828e-06
abey,1.2651601771856828e-06
demandandsuppli,1.2651601771856828e-06
coni,1.2651601771856828e-06
bedroom,1.2651601771856828e-06
jerzi,1.2651601771856828e-06
hbs,1.2651601771856828e-06
cliqu,1.2651601771856828e-06
starter,1.2651601771856828e-06
oxn,1.2651601771856828e-06
pab,1.2651601771856828e-06
cotermin,1.2651601771856828e-06
unrestrain,1.2651601771856828e-06
xpr,1.2651601771856828e-06
wni,1.2651601771856828e-06
zxi,1.2651601771856828e-06
formi,1.2651601771856828e-06
kredit,1.2651601771856828e-06
pfx,1.2651601771856828e-06
ubu,1.2651601771856828e-06
turningpoint,1.2651601771856828e-06
okonomi,1.2651601771856828e-06
iffi,1.2651601771856828e-06
nonrel,1.2651601771856828e-06
thomp,1.2651601771856828e-06
pxz,1.2651601771856828e-06
richess,1.2651601771856828e-06
transla,1.2651601771856828e-06
unobjection,1.2651601771856828e-06
wishart,1.2651601771856828e-06
vertibl,1.2651601771856828e-06
unac,1.2651601771856828e-06
overr,1.2651601771856828e-06
detr,1.2651601771856828e-06
gyy,1.2651601771856828e-06
ltr,1.2651601771856828e-06
xno,1.2651601771856828e-06
cuit,1.2651601771856828e-06
zona,1.2651601771856828e-06
sili,1.2651601771856828e-06
wrl,1.2651601771856828e-06
soin,1.2651601771856828e-06
eum,1.2651601771856828e-06
misconceiv,1.2651601771856828e-06
alderman,1.2651601771856828e-06
selfregul,1.2651601771856828e-06
attribu,1.2651601771856828e-06
rak,1.2651601771856828e-06
entrydeterr,1.2651601771856828e-06
bnn,1.2651601771856828e-06
alc,1.2651601771856828e-06
afortiori,1.2651601771856828e-06
nhl,1.2651601771856828e-06
qiu,1.2651601771856828e-06
aay,1.2651601771856828e-06
matern,1.2651601771856828e-06
xpo,1.2651601771856828e-06
soli,1.2651601771856828e-06
maci,1.2651601771856828e-06
subcon,1.2651601771856828e-06
cardi,1.2651601771856828e-06
hermann,1.2651601771856828e-06
urp,1.2651601771856828e-06
priceconsumpt,1.2651601771856828e-06
rnx,1.2651601771856828e-06
americani,1.2651601771856828e-06
tix,1.2651601771856828e-06
gilt,1.2651601771856828e-06
traumat,1.2651601771856828e-06
aristotl,1.2651601771856828e-06
unpro,1.2651601771856828e-06
terminaci,1.2651601771856828e-06
roma,1.2651601771856828e-06
theoti,1.2651601771856828e-06
wla,1.2651601771856828e-06
grier,1.2651601771856828e-06
clearinghous,1.2651601771856828e-06
dgt,1.2651601771856828e-06
blacksburg,1.2651601771856828e-06
nextperiod,1.2651601771856828e-06
theoryth,1.2651601771856828e-06
disqualifi,1.2651601771856828e-06
engrav,1.2651601771856828e-06
qjj,1.2651601771856828e-06
imprint,1.2651601771856828e-06
messeng,1.2651601771856828e-06
ofb,1.2651601771856828e-06
weir,1.2651601771856828e-06
smallpox,1.2651601771856828e-06
motto,1.2651601771856828e-06
enger,1.2651601771856828e-06
chide,1.2651601771856828e-06
oix,1.2651601771856828e-06
ludicr,1.2651601771856828e-06
reconcilia,1.2651601771856828e-06
garman,1.2651601771856828e-06
microtheori,1.2651601771856828e-06
vkj,1.2651601771856828e-06
scl,1.2651601771856828e-06
sche,1.2651601771856828e-06
flynn,1.2651601771856828e-06
relish,1.2651601771856828e-06
laird,1.2651601771856828e-06
qai,1.2651601771856828e-06
stillman,1.2651601771856828e-06
yif,1.2651601771856828e-06
bowdoin,1.2651601771856828e-06
aqo,1.2651601771856828e-06
dinarili,1.2651601771856828e-06
utilit,1.2651601771856828e-06
aqn,1.2651601771856828e-06
baird,1.2651601771856828e-06
nso,1.2651601771856828e-06
psr,1.2651601771856828e-06
palisad,1.2651601771856828e-06
piecewiselinear,1.2651601771856828e-06
aoe,1.2651601771856828e-06
thema,1.2651601771856828e-06
uiu,1.2651601771856828e-06
undecid,1.2651601771856828e-06
admitt,1.2651601771856828e-06
capitaliza,1.2651601771856828e-06
traffick,1.2651601771856828e-06
vali,1.2651601771856828e-06
harl,1.2651601771856828e-06
largenumb,1.2651601771856828e-06
mmr,1.2651601771856828e-06
shove,1.2651601771856828e-06
burr,1.2651601771856828e-06
kant,1.2651601771856828e-06
lig,1.2651601771856828e-06
playground,1.2651601771856828e-06
jaj,1.2651601771856828e-06
fsa,1.2651601771856828e-06
paradis,1.2651601771856828e-06
ahb,1.2651601771856828e-06
xpp,1.2651601771856828e-06
ybl,1.2651601771856828e-06
equidist,1.2651601771856828e-06
inmport,1.2651601771856828e-06
lowprob,1.2651601771856828e-06
nonveteran,1.2651601771856828e-06
rox,1.2651601771856828e-06
ned,1.2651601771856828e-06
interlud,1.2651601771856828e-06
unreward,1.2651601771856828e-06
prowess,1.2651601771856828e-06
overlay,1.2651601771856828e-06
gelman,1.2651601771856828e-06
yyl,1.2651601771856828e-06
informationprocess,1.2651601771856828e-06
exegesi,1.2651601771856828e-06
ukrainian,1.2651601771856828e-06
pom,1.2651601771856828e-06
dml,1.2651601771856828e-06
zzl,1.2651601771856828e-06
qla,1.2651601771856828e-06
tukey,1.2651601771856828e-06
contraven,1.2651601771856828e-06
nason,1.2651601771856828e-06
rol,1.2651601771856828e-06
raison,1.2651601771856828e-06
infec,1.2651601771856828e-06
nostic,1.2651601771856828e-06
ddl,1.2651601771856828e-06
tensifi,1.2651601771856828e-06
prodtuct,1.2651601771856828e-06
trump,1.2651601771856828e-06
mckelvey,1.2651601771856828e-06
cqj,1.2651601771856828e-06
fcar,1.2651601771856828e-06
dag,1.2651601771856828e-06
enth,1.2651601771856828e-06
eoa,1.2651601771856828e-06
unn,1.2651601771856828e-06
abovecit,1.2651601771856828e-06
contami,1.2651601771856828e-06
tantal,1.2651601771856828e-06
grader,1.2651601771856828e-06
econoin,1.2651601771856828e-06
hernando,1.2651601771856828e-06
dona,1.2651601771856828e-06
geologist,1.2651601771856828e-06
macleod,1.2651601771856828e-06
naturalist,1.2651601771856828e-06
nunmber,1.2651601771856828e-06
inheri,1.2651601771856828e-06
etho,1.2651601771856828e-06
staci,1.2651601771856828e-06
purist,1.2651601771856828e-06
teem,1.2651601771856828e-06
compul,1.2651601771856828e-06
nomist,1.2651601771856828e-06
hia,1.2651601771856828e-06
productiona,1.2651601771856828e-06
abhor,1.2651601771856828e-06
lutilit,1.2651601771856828e-06
snare,1.2651601771856828e-06
ljo,1.2651601771856828e-06
overemphasi,1.2651601771856828e-06
passport,1.2651601771856828e-06
oracl,1.2651601771856828e-06
tinplat,1.2651601771856828e-06
uncheck,1.2651601771856828e-06
problenm,1.2651601771856828e-06
prudenc,1.2651601771856828e-06
fjh,1.2651601771856828e-06
ferejohn,1.2651601771856828e-06
kyi,1.2651601771856828e-06
kadiyala,1.2651601771856828e-06
svstem,1.2651601771856828e-06
susten,1.2651601771856828e-06
pnk,1.2651601771856828e-06
termina,1.2651601771856828e-06
enumera,1.2651601771856828e-06
trician,1.2651601771856828e-06
sworn,1.2651601771856828e-06
counterrevolut,1.2651601771856828e-06
engen,1.2651601771856828e-06
metrician,1.2651601771856828e-06
ravag,1.2651601771856828e-06
surnam,1.2651601771856828e-06
cyril,1.2651601771856828e-06
mckinney,1.2651601771856828e-06
sox,1.2651601771856828e-06
interconnected,1.2651601771856828e-06
delicaci,1.2651601771856828e-06
intercours,1.2651601771856828e-06
disarm,1.2651601771856828e-06
bolic,1.2651601771856828e-06
dislodg,1.2651601771856828e-06
coz,1.2651601771856828e-06
omt,1.2651601771856828e-06
needl,1.2651601771856828e-06
xxo,1.2651601771856828e-06
normalci,1.2651601771856828e-06
asumpt,1.2651601771856828e-06
vjo,1.2651601771856828e-06
ober,1.2651601771856828e-06
highestcost,1.2651601771856828e-06
bbt,1.2651601771856828e-06
ifu,1.2651601771856828e-06
australasian,1.2651601771856828e-06
lander,1.2651601771856828e-06
leaki,1.2651601771856828e-06
tfor,1.2651601771856828e-06
cauchi,1.2651601771856828e-06
sov,1.2651601771856828e-06
nondomin,1.2651601771856828e-06
xbi,1.2651601771856828e-06
fof,1.2651601771856828e-06
gratuit,1.2651601771856828e-06
cvs,1.2651601771856828e-06
servicemen,1.2651601771856828e-06
burglar,1.2651601771856828e-06
jahnsson,1.2651601771856828e-06
enum,1.2651601771856828e-06
niari,1.2651601771856828e-06
agl,1.2651601771856828e-06
preserva,1.2651601771856828e-06
itic,1.2651601771856828e-06
ambi,1.2651601771856828e-06
wrx,1.2651601771856828e-06
factfind,1.2651601771856828e-06
klarman,1.2651601771856828e-06
glg,1.2651601771856828e-06
unrea,1.2651601771856828e-06
ueu,1.2651601771856828e-06
bentley,1.2651601771856828e-06
dolbear,1.2651601771856828e-06
iwv,1.2651601771856828e-06
eeo,1.2651601771856828e-06
sial,1.2651601771856828e-06
tyde,1.2651601771856828e-06
fromt,1.2651601771856828e-06
azl,1.2651601771856828e-06
aisl,1.2651601771856828e-06
tuberculosi,1.2651601771856828e-06
jib,1.2651601771856828e-06
comma,1.2651601771856828e-06
repercus,1.2651601771856828e-06
suspi,1.2651601771856828e-06
incomecompens,1.2651601771856828e-06
kuenn,1.2651601771856828e-06
studio,1.2651601771856828e-06
banach,1.2651601771856828e-06
primogenitur,1.2651601771856828e-06
perm,1.2651601771856828e-06
defunct,1.2651601771856828e-06
xui,1.2651601771856828e-06
vivor,1.2651601771856828e-06
tocquevill,1.2651601771856828e-06
byl,1.2651601771856828e-06
timehonor,1.2651601771856828e-06
cannon,1.2651601771856828e-06
concordia,1.2651601771856828e-06
cetera,1.2651601771856828e-06
allornon,1.2651601771856828e-06
upcom,1.2651601771856828e-06
hara,1.2651601771856828e-06
hsu,1.2651601771856828e-06
ncj,1.2651601771856828e-06
aop,1.2651601771856828e-06
emat,1.2651601771856828e-06
karni,1.2651601771856828e-06
wasserman,1.2651601771856828e-06
rader,1.2651601771856828e-06
lfp,1.2651601771856828e-06
gerlach,1.2651601771856828e-06
nfold,1.2651601771856828e-06
merz,1.2651601771856828e-06
nik,1.2651601771856828e-06
noncapitalist,1.2651601771856828e-06
borch,1.2651601771856828e-06
borel,1.2651601771856828e-06
jnj,1.2651601771856828e-06
npx,1.2651601771856828e-06
momen,1.2651601771856828e-06
ucn,1.2651601771856828e-06
bekker,1.2651601771856828e-06
thereto,1.2651601771856828e-06
ivat,1.2651601771856828e-06
commercialbank,1.2651601771856828e-06
juglar,1.2651601771856828e-06
igg,1.2651601771856828e-06
eul,1.2651601771856828e-06
republica,1.2651601771856828e-06
overful,1.2651601771856828e-06
complexion,1.2651601771856828e-06
universitair,1.2651601771856828e-06
qtc,1.2651601771856828e-06
biograph,1.2651601771856828e-06
vtr,1.2651601771856828e-06
consign,1.2651601771856828e-06
thinker,1.2651601771856828e-06
spn,1.2651601771856828e-06
diu,1.2651601771856828e-06
stultifi,1.2651601771856828e-06
minc,1.2651601771856828e-06
ernor,1.2651601771856828e-06
nperson,1.2651601771856828e-06
seced,1.2651601771856828e-06
egregi,1.2651601771856828e-06
unsaf,1.2651601771856828e-06
sks,1.2651601771856828e-06
splendid,1.2651601771856828e-06
whither,1.2651601771856828e-06
hawk,1.2651601771856828e-06
tudin,1.2651601771856828e-06
fwi,1.2651601771856828e-06
tercentenari,1.2651601771856828e-06
auckland,1.2651601771856828e-06
xux,1.2651601771856828e-06
lindley,1.2651601771856828e-06
assail,1.2651601771856828e-06
hein,1.2651601771856828e-06
dnd,1.2651601771856828e-06
staatswissenschaft,1.2651601771856828e-06
uiw,1.2651601771856828e-06
intellect,1.2651601771856828e-06
barest,1.2651601771856828e-06
tafthartley,1.2651601771856828e-06
seidman,1.2651601771856828e-06
threw,1.2651601771856828e-06
inicom,1.2651601771856828e-06
newtonian,1.2651601771856828e-06
indoctrin,1.2651601771856828e-06
gnn,1.2651601771856828e-06
iad,1.2651601771856828e-06
alba,1.2651601771856828e-06
luniversit,1.2651601771856828e-06
scientifiqu,1.2651601771856828e-06
uck,1.2651601771856828e-06
gabor,1.2651601771856828e-06
manifesta,1.2651601771856828e-06
deport,1.2651601771856828e-06
securit,1.2651601771856828e-06
suh,1.2651601771856828e-06
rougher,1.2651601771856828e-06
sfr,1.2651601771856828e-06
augustseptemb,1.2651601771856828e-06
assessor,1.2651601771856828e-06
wvhich,1.2651601771856828e-06
cush,1.2651601771856828e-06
payasyougo,1.2651601771856828e-06
ijx,1.2651601771856828e-06
relic,1.2651601771856828e-06
fagan,1.2651601771856828e-06
corrobo,1.2651601771856828e-06
nef,1.2651601771856828e-06
unparallel,1.2651601771856828e-06
backslid,1.2651601771856828e-06
genev,1.2651601771856828e-06
bailli,1.2651601771856828e-06
coddington,1.2651601771856828e-06
ledyard,1.2651601771856828e-06
felic,1.2651601771856828e-06
preprint,1.2651601771856828e-06
industriell,1.2651601771856828e-06
giver,1.2651601771856828e-06
aup,1.2651601771856828e-06
butz,1.2651601771856828e-06
selfconsci,1.2651601771856828e-06
apropo,1.2651601771856828e-06
oui,1.2651601771856828e-06
frail,1.2651601771856828e-06
nonperman,1.2651601771856828e-06
finch,1.2651601771856828e-06
bsl,1.2651601771856828e-06
nonpubl,1.2651601771856828e-06
policyth,1.2651601771856828e-06
bender,1.2651601771856828e-06
rocco,1.2651601771856828e-06
iooi,1.2651601771856828e-06
mlb,1.2651601771856828e-06
unambig,1.2651601771856828e-06
serg,1.2651601771856828e-06
longi,1.2651601771856828e-06
reci,1.2651601771856828e-06
stymi,1.2651601771856828e-06
nul,1.2651601771856828e-06
loy,1.2651601771856828e-06
artifi,1.2651601771856828e-06
weyl,1.2651601771856828e-06
hbi,1.2651601771856828e-06
roar,1.2651601771856828e-06
boc,1.2651601771856828e-06
ija,1.2651601771856828e-06
gif,1.2651601771856828e-06
censorship,1.2651601771856828e-06
salair,1.2651601771856828e-06
ogl,1.2651601771856828e-06
appeas,1.2651601771856828e-06
unpalat,1.2651601771856828e-06
scat,1.2651601771856828e-06
henn,1.2651601771856828e-06
qmi,1.2651601771856828e-06
marbl,1.2651601771856828e-06
kej,1.2651601771856828e-06
nrt,1.2651601771856828e-06
moderates,1.2651601771856828e-06
undisput,1.2651601771856828e-06
cournottyp,1.2651601771856828e-06
highestpaid,1.2651601771856828e-06
iour,1.2651601771856828e-06
liquidasset,1.2651601771856828e-06
perturba,1.2651601771856828e-06
usurp,1.2651601771856828e-06
bestim,1.2651601771856828e-06
croissanc,1.2651601771856828e-06
wardlook,1.2651601771856828e-06
pog,1.2651601771856828e-06
purs,1.2651601771856828e-06
killingsworth,1.2651601771856828e-06
biweek,1.2651601771856828e-06
roux,1.2651601771856828e-06
rlp,1.2651601771856828e-06
bts,1.2651601771856828e-06
tournament,1.2651601771856828e-06
kuttner,1.2651601771856828e-06
lippi,1.2651601771856828e-06
elat,1.2651601771856828e-06
trucker,1.2651601771856828e-06
crank,1.2651601771856828e-06
chelsea,1.2651601771856828e-06
litzenberg,1.2651601771856828e-06
macrodynam,1.2651601771856828e-06
foolproof,1.2651601771856828e-06
karsten,1.2651601771856828e-06
thereabout,1.2651601771856828e-06
annihil,1.2651601771856828e-06
rivet,1.2651601771856828e-06
dread,1.2651601771856828e-06
makeshift,1.2651601771856828e-06
vdi,1.2651601771856828e-06
zap,1.2651601771856828e-06
interestbear,1.2651601771856828e-06
mossin,1.2651601771856828e-06
dupuit,1.2651601771856828e-06
obsess,1.2651601771856828e-06
aob,1.2651601771856828e-06
guglielmo,1.2651601771856828e-06
boun,1.2651601771856828e-06
pyle,1.2651601771856828e-06
uce,1.2651601771856828e-06
beata,1.2651601771856828e-06
xvhat,1.2651601771856828e-06
disfavor,1.2651601771856828e-06
lxn,1.2651601771856828e-06
bourhood,1.2651601771856828e-06
geschicht,1.2651601771856828e-06
ibo,1.2651601771856828e-06
dsp,1.2651601771856828e-06
bane,1.2651601771856828e-06
threetenth,1.2651601771856828e-06
ramp,1.2651601771856828e-06
bourgeoi,1.2651601771856828e-06
staat,1.2651601771856828e-06
faulhab,1.2651601771856828e-06
chancellor,1.2651601771856828e-06
nership,1.2651601771856828e-06
concaten,1.2651601771856828e-06
cityst,1.2651601771856828e-06
igan,1.2651601771856828e-06
detain,1.2651601771856828e-06
watchdog,1.2651601771856828e-06
ajd,1.2651601771856828e-06
nonequilibrium,1.2651601771856828e-06
bes,1.2651601771856828e-06
craven,1.2651601771856828e-06
brillianc,1.2651601771856828e-06
unpr,1.2651601771856828e-06
gantmach,1.2651601771856828e-06
curtain,1.2651601771856828e-06
zyt,1.2651601771856828e-06
mobi,1.2651601771856828e-06
vpp,1.2651601771856828e-06
macbeth,1.2651601771856828e-06
mccleari,1.2651601771856828e-06
propensi,1.2651601771856828e-06
sfb,1.2651601771856828e-06
yar,1.2651601771856828e-06
anot,1.2651601771856828e-06
rediscount,1.2651601771856828e-06
kidney,1.2651601771856828e-06
wellord,1.2651601771856828e-06
fdc,1.2651601771856828e-06
allpow,1.2651601771856828e-06
keeney,1.2651601771856828e-06
kerwin,1.2651601771856828e-06
sdp,1.2651601771856828e-06
gomper,1.2651601771856828e-06
jsj,1.2651601771856828e-06
laymen,1.2651601771856828e-06
taller,1.2651601771856828e-06
fqr,1.2651601771856828e-06
unheard,1.2651601771856828e-06
edict,1.2651601771856828e-06
rivera,1.2651601771856828e-06
slop,1.2651601771856828e-06
vdv,1.2651601771856828e-06
nonpar,1.2651601771856828e-06
trajec,1.2651601771856828e-06
proflig,1.2651601771856828e-06
juneseptemb,1.2651601771856828e-06
preg,1.2651601771856828e-06
dertak,1.2651601771856828e-06
topay,1.2651601771856828e-06
tqi,1.2651601771856828e-06
norg,1.2651601771856828e-06
riccardo,1.2651601771856828e-06
gurley,1.2651601771856828e-06
pentagon,1.2651601771856828e-06
zweig,1.2651601771856828e-06
pgp,1.2651601771856828e-06
xig,1.2651601771856828e-06
emption,1.2651601771856828e-06
marron,1.2651601771856828e-06
eisenberg,1.2651601771856828e-06
yoy,1.2651601771856828e-06
scholz,1.2651601771856828e-06
lhave,1.2651601771856828e-06
insu,1.2651601771856828e-06
igb,1.2651601771856828e-06
natali,1.2651601771856828e-06
fnl,1.2651601771856828e-06
mnarket,1.2651601771856828e-06
prere,1.2651601771856828e-06
republish,1.2651601771856828e-06
ratesth,1.2651601771856828e-06
khrushchev,1.2651601771856828e-06
peq,1.2651601771856828e-06
qualm,1.2651601771856828e-06
drj,1.2651601771856828e-06
forsak,1.2651601771856828e-06
probationari,1.2651601771856828e-06
schaller,1.2651601771856828e-06
plaus,1.2651601771856828e-06
lafontain,1.2651601771856828e-06
mckinley,1.2651601771856828e-06
cogni,1.2651601771856828e-06
daedalus,1.2651601771856828e-06
dab,1.2651601771856828e-06
offtheshelf,1.2651601771856828e-06
trx,1.2651601771856828e-06
mast,1.2651601771856828e-06
ciy,1.2651601771856828e-06
kel,1.2651601771856828e-06
drexel,1.2651601771856828e-06
giacomo,1.2651601771856828e-06
trenchant,1.2651601771856828e-06
afp,1.2651601771856828e-06
trm,1.2651601771856828e-06
ertl,1.2651601771856828e-06
pricemak,1.2651601771856828e-06
ncome,1.2651601771856828e-06
freak,1.2651601771856828e-06
astound,1.2651601771856828e-06
koc,1.2651601771856828e-06
utilityfunct,1.2651601771856828e-06
oir,1.2651601771856828e-06
smile,1.2651601771856828e-06
oif,1.2651601771856828e-06
keeley,1.2651601771856828e-06
oyi,1.2651601771856828e-06
mattila,1.2651601771856828e-06
warburton,1.2651601771856828e-06
thom,1.2651601771856828e-06
herb,1.2651601771856828e-06
brouwer,1.2651601771856828e-06
mocraci,1.2651601771856828e-06
vxp,1.2651601771856828e-06
fyy,1.2651601771856828e-06
nonpolit,1.2651601771856828e-06
imperialist,1.2651601771856828e-06
mckee,1.2651601771856828e-06
xkp,1.2651601771856828e-06
cabil,1.2651601771856828e-06
kelsey,1.2651601771856828e-06
bawerk,1.2651601771856828e-06
wmax,1.2651601771856828e-06
mischief,1.2651601771856828e-06
xvhen,1.2651601771856828e-06
twostat,1.2651601771856828e-06
touchston,1.2651601771856828e-06
whig,1.2651601771856828e-06
rle,1.2651601771856828e-06
frl,1.2651601771856828e-06
kaj,1.2651601771856828e-06
winch,1.2651601771856828e-06
anceofpay,1.2651601771856828e-06
polya,1.2651601771856828e-06
siv,1.2651601771856828e-06
xjp,1.2651601771856828e-06
contraint,1.2651601771856828e-06
handsom,1.2651601771856828e-06
dnr,1.2651601771856828e-06
offirm,1.2651601771856828e-06
iqo,1.2651601771856828e-06
miqu,1.2651601771856828e-06
somer,1.2651601771856828e-06
nte,1.2651601771856828e-06
pike,1.2651601771856828e-06
historiographi,1.2651601771856828e-06
beget,1.2651601771856828e-06
discour,1.2651601771856828e-06
nonimmigr,1.2651601771856828e-06
standardiza,1.2651601771856828e-06
olf,1.2651601771856828e-06
tjn,1.2651601771856828e-06
dispari,1.2651601771856828e-06
unsal,1.2651601771856828e-06
mara,1.2651601771856828e-06
opoli,1.2651601771856828e-06
smallerscal,1.2651601771856828e-06
seep,1.2651601771856828e-06
limt,1.2651601771856828e-06
ninetyf,1.2651601771856828e-06
finement,1.2651601771856828e-06
wisest,1.2651601771856828e-06
eyl,1.2651601771856828e-06
apriori,1.2651601771856828e-06
otal,1.2651601771856828e-06
xcv,1.2651601771856828e-06
ktn,1.2651601771856828e-06
sank,1.2651601771856828e-06
fzt,1.2651601771856828e-06
gad,1.2651601771856828e-06
defen,1.2651601771856828e-06
linoleum,1.2651601771856828e-06
unw,1.2651601771856828e-06
synchro,1.2651601771856828e-06
dowri,1.2651601771856828e-06
lowenstein,1.2651601771856828e-06
frontend,1.2651601771856828e-06
parad,1.2651601771856828e-06
irresist,1.2651601771856828e-06
kon,1.2651601771856828e-06
strasbourg,1.2651601771856828e-06
subfield,1.2651601771856828e-06
mlm,1.2651601771856828e-06
midnight,1.2651601771856828e-06
iox,1.2651601771856828e-06
planck,1.2651601771856828e-06
bif,1.2651601771856828e-06
qpl,1.2651601771856828e-06
trite,1.2651601771856828e-06
vvo,1.2651601771856828e-06
lutionari,1.2651601771856828e-06
tith,1.2651601771856828e-06
shelli,1.2651601771856828e-06
rarili,1.2651601771856828e-06
calvert,1.2651601771856828e-06
bnl,1.2651601771856828e-06
cjc,1.2651601771856828e-06
haut,1.2651601771856828e-06
overcam,1.2651601771856828e-06
merci,1.2651601771856828e-06
markoff,1.2651601771856828e-06
colm,1.2651601771856828e-06
tpo,1.2651601771856828e-06
zig,1.2651601771856828e-06
andx,1.2651601771856828e-06
compart,1.2651601771856828e-06
kitamura,1.2651601771856828e-06
boycott,1.2651601771856828e-06
pno,1.2651601771856828e-06
nonspecialist,1.2651601771856828e-06
laci,1.2651601771856828e-06
rmi,1.2651601771856828e-06
hernandez,1.2651601771856828e-06
illog,1.2651601771856828e-06
broom,1.2651601771856828e-06
ruben,1.2651601771856828e-06
vpo,1.2651601771856828e-06
scandi,1.2651601771856828e-06
visdvi,1.2651601771856828e-06
boj,1.2651601771856828e-06
treasurybil,1.2651601771856828e-06
spade,1.2651601771856828e-06
congratul,1.2651601771856828e-06
tioner,1.2651601771856828e-06
outmod,1.2651601771856828e-06
ciqi,1.2651601771856828e-06
restrictionist,9.488701328892621e-07
rasian,9.488701328892621e-07
umu,9.488701328892621e-07
cessiti,9.488701328892621e-07
quandari,9.488701328892621e-07
dbt,9.488701328892621e-07
bstract,9.488701328892621e-07
lzt,9.488701328892621e-07
oiii,9.488701328892621e-07
lya,9.488701328892621e-07
firma,9.488701328892621e-07
gaussmarkov,9.488701328892621e-07
twoterm,9.488701328892621e-07
gyrat,9.488701328892621e-07
yvt,9.488701328892621e-07
allt,9.488701328892621e-07
insurg,9.488701328892621e-07
uea,9.488701328892621e-07
pnq,9.488701328892621e-07
ivii,9.488701328892621e-07
ivar,9.488701328892621e-07
commercial,9.488701328892621e-07
vjn,9.488701328892621e-07
exil,9.488701328892621e-07
chatter,9.488701328892621e-07
hamish,9.488701328892621e-07
dime,9.488701328892621e-07
gurion,9.488701328892621e-07
iiw,9.488701328892621e-07
wiq,9.488701328892621e-07
cvd,9.488701328892621e-07
psc,9.488701328892621e-07
patchwork,9.488701328892621e-07
fci,9.488701328892621e-07
wherey,9.488701328892621e-07
udel,9.488701328892621e-07
investiss,9.488701328892621e-07
jts,9.488701328892621e-07
rvb,9.488701328892621e-07
acheson,9.488701328892621e-07
foa,9.488701328892621e-07
sonderforschungsbereich,9.488701328892621e-07
johnsen,9.488701328892621e-07
logz,9.488701328892621e-07
rkj,9.488701328892621e-07
scend,9.488701328892621e-07
overpow,9.488701328892621e-07
metaanalyt,9.488701328892621e-07
hyperin,9.488701328892621e-07
cwi,9.488701328892621e-07
donment,9.488701328892621e-07
cumvent,9.488701328892621e-07
uir,9.488701328892621e-07
masanori,9.488701328892621e-07
jto,9.488701328892621e-07
fiki,9.488701328892621e-07
tmm,9.488701328892621e-07
svend,9.488701328892621e-07
psb,9.488701328892621e-07
cove,9.488701328892621e-07
aumann,9.488701328892621e-07
jie,9.488701328892621e-07
aeb,9.488701328892621e-07
stronghold,9.488701328892621e-07
gxs,9.488701328892621e-07
rajeev,9.488701328892621e-07
parameteriza,9.488701328892621e-07
fixedwag,9.488701328892621e-07
amh,9.488701328892621e-07
ibb,9.488701328892621e-07
repur,9.488701328892621e-07
yop,9.488701328892621e-07
bep,9.488701328892621e-07
journzal,9.488701328892621e-07
gma,9.488701328892621e-07
tecnologia,9.488701328892621e-07
selfconfid,9.488701328892621e-07
bergmann,9.488701328892621e-07
londregan,9.488701328892621e-07
unani,9.488701328892621e-07
kvi,9.488701328892621e-07
minneapolisst,9.488701328892621e-07
fragmen,9.488701328892621e-07
dovetail,9.488701328892621e-07
outpour,9.488701328892621e-07
ojn,9.488701328892621e-07
ifq,9.488701328892621e-07
antisoci,9.488701328892621e-07
nix,9.488701328892621e-07
cqp,9.488701328892621e-07
sunni,9.488701328892621e-07
yfj,9.488701328892621e-07
unemploymentinfl,9.488701328892621e-07
vcl,9.488701328892621e-07
californian,9.488701328892621e-07
vnl,9.488701328892621e-07
ramirez,9.488701328892621e-07
uzt,9.488701328892621e-07
unrecogn,9.488701328892621e-07
dive,9.488701328892621e-07
pseudomaximum,9.488701328892621e-07
nior,9.488701328892621e-07
thlat,9.488701328892621e-07
unsolicit,9.488701328892621e-07
annali,9.488701328892621e-07
uoo,9.488701328892621e-07
ageold,9.488701328892621e-07
fiv,9.488701328892621e-07
quack,9.488701328892621e-07
sojourn,9.488701328892621e-07
liqui,9.488701328892621e-07
irregu,9.488701328892621e-07
kreiner,9.488701328892621e-07
sher,9.488701328892621e-07
iliari,9.488701328892621e-07
mahwah,9.488701328892621e-07
nbc,9.488701328892621e-07
doxi,9.488701328892621e-07
sprang,9.488701328892621e-07
timeconst,9.488701328892621e-07
ffn,9.488701328892621e-07
qte,9.488701328892621e-07
dcl,9.488701328892621e-07
xoa,9.488701328892621e-07
sgt,9.488701328892621e-07
bino,9.488701328892621e-07
ltlt,9.488701328892621e-07
minal,9.488701328892621e-07
tiativ,9.488701328892621e-07
leder,9.488701328892621e-07
ponzi,9.488701328892621e-07
unforecast,9.488701328892621e-07
nagel,9.488701328892621e-07
affirma,9.488701328892621e-07
doubleedg,9.488701328892621e-07
covar,9.488701328892621e-07
hoboken,9.488701328892621e-07
klx,9.488701328892621e-07
uninhibit,9.488701328892621e-07
aftalion,9.488701328892621e-07
feiwel,9.488701328892621e-07
knl,9.488701328892621e-07
ulw,9.488701328892621e-07
relaxa,9.488701328892621e-07
subj,9.488701328892621e-07
auf,9.488701328892621e-07
gatekeep,9.488701328892621e-07
axw,9.488701328892621e-07
lxj,9.488701328892621e-07
indochina,9.488701328892621e-07
toon,9.488701328892621e-07
rendig,9.488701328892621e-07
skiba,9.488701328892621e-07
brandenburg,9.488701328892621e-07
econoinetrica,9.488701328892621e-07
andth,9.488701328892621e-07
secondtolast,9.488701328892621e-07
lopsid,9.488701328892621e-07
latinamerican,9.488701328892621e-07
unforese,9.488701328892621e-07
wvhat,9.488701328892621e-07
sofar,9.488701328892621e-07
xpm,9.488701328892621e-07
hyl,9.488701328892621e-07
nett,9.488701328892621e-07
aav,9.488701328892621e-07
codebook,9.488701328892621e-07
rami,9.488701328892621e-07
employmentrel,9.488701328892621e-07
dwm,9.488701328892621e-07
packet,9.488701328892621e-07
misnom,9.488701328892621e-07
pivi,9.488701328892621e-07
overcharg,9.488701328892621e-07
raton,9.488701328892621e-07
stamford,9.488701328892621e-07
conditon,9.488701328892621e-07
shafer,9.488701328892621e-07
ctp,9.488701328892621e-07
nonredund,9.488701328892621e-07
poh,9.488701328892621e-07
upperleft,9.488701328892621e-07
suchthat,9.488701328892621e-07
rivkin,9.488701328892621e-07
physio,9.488701328892621e-07
efo,9.488701328892621e-07
mitch,9.488701328892621e-07
eightfold,9.488701328892621e-07
olga,9.488701328892621e-07
consumptionloan,9.488701328892621e-07
cdl,9.488701328892621e-07
renego,9.488701328892621e-07
tdz,9.488701328892621e-07
ixk,9.488701328892621e-07
jeroen,9.488701328892621e-07
llq,9.488701328892621e-07
beresteanu,9.488701328892621e-07
aegi,9.488701328892621e-07
datasei,9.488701328892621e-07
benthamit,9.488701328892621e-07
bassi,9.488701328892621e-07
panelist,9.488701328892621e-07
staley,9.488701328892621e-07
lfc,9.488701328892621e-07
geon,9.488701328892621e-07
ciencia,9.488701328892621e-07
subsidiza,9.488701328892621e-07
iliti,9.488701328892621e-07
abstent,9.488701328892621e-07
goeth,9.488701328892621e-07
eisfeldt,9.488701328892621e-07
leibowitz,9.488701328892621e-07
zoz,9.488701328892621e-07
stale,9.488701328892621e-07
futia,9.488701328892621e-07
wrestl,9.488701328892621e-07
wiederholt,9.488701328892621e-07
ofo,9.488701328892621e-07
sixtythre,9.488701328892621e-07
whin,9.488701328892621e-07
qoq,9.488701328892621e-07
gmo,9.488701328892621e-07
dfo,9.488701328892621e-07
unsympathet,9.488701328892621e-07
erikson,9.488701328892621e-07
entrust,9.488701328892621e-07
gorton,9.488701328892621e-07
pabl,9.488701328892621e-07
gerzense,9.488701328892621e-07
csa,9.488701328892621e-07
lgt,9.488701328892621e-07
guasch,9.488701328892621e-07
jvi,9.488701328892621e-07
oih,9.488701328892621e-07
vjx,9.488701328892621e-07
yab,9.488701328892621e-07
rivista,9.488701328892621e-07
dvo,9.488701328892621e-07
niceti,9.488701328892621e-07
voj,9.488701328892621e-07
ravikumar,9.488701328892621e-07
gjl,9.488701328892621e-07
kircher,9.488701328892621e-07
cryptic,9.488701328892621e-07
ofx,9.488701328892621e-07
pzj,9.488701328892621e-07
fivesixth,9.488701328892621e-07
uber,9.488701328892621e-07
tiff,9.488701328892621e-07
xyl,9.488701328892621e-07
quantitytheori,9.488701328892621e-07
brr,9.488701328892621e-07
englishlanguag,9.488701328892621e-07
engelbrechtwiggan,9.488701328892621e-07
xlj,9.488701328892621e-07
wlb,9.488701328892621e-07
garfield,9.488701328892621e-07
euphoria,9.488701328892621e-07
wok,9.488701328892621e-07
acerb,9.488701328892621e-07
herenc,9.488701328892621e-07
wpw,9.488701328892621e-07
assethold,9.488701328892621e-07
confu,9.488701328892621e-07
levelth,9.488701328892621e-07
quiditi,9.488701328892621e-07
neue,9.488701328892621e-07
produict,9.488701328892621e-07
bala,9.488701328892621e-07
maverick,9.488701328892621e-07
jjk,9.488701328892621e-07
shovel,9.488701328892621e-07
lofti,9.488701328892621e-07
uww,9.488701328892621e-07
boca,9.488701328892621e-07
ardent,9.488701328892621e-07
irti,9.488701328892621e-07
xbb,9.488701328892621e-07
boxpierc,9.488701328892621e-07
mailath,9.488701328892621e-07
econoni,9.488701328892621e-07
plv,9.488701328892621e-07
veld,9.488701328892621e-07
frontal,9.488701328892621e-07
deconometri,9.488701328892621e-07
koop,9.488701328892621e-07
limb,9.488701328892621e-07
pyp,9.488701328892621e-07
wagehour,9.488701328892621e-07
fpm,9.488701328892621e-07
prorata,9.488701328892621e-07
evanc,9.488701328892621e-07
buckl,9.488701328892621e-07
ufu,9.488701328892621e-07
visualis,9.488701328892621e-07
peaked,9.488701328892621e-07
kyriazidou,9.488701328892621e-07
ixo,9.488701328892621e-07
firstrat,9.488701328892621e-07
xtm,9.488701328892621e-07
harlow,9.488701328892621e-07
lasall,9.488701328892621e-07
ethi,9.488701328892621e-07
xjc,9.488701328892621e-07
fpx,9.488701328892621e-07
flv,9.488701328892621e-07
logpi,9.488701328892621e-07
blj,9.488701328892621e-07
schargrodski,9.488701328892621e-07
approb,9.488701328892621e-07
tsinghua,9.488701328892621e-07
acknow,9.488701328892621e-07
schuman,9.488701328892621e-07
qie,9.488701328892621e-07
forx,9.488701328892621e-07
thleori,9.488701328892621e-07
hta,9.488701328892621e-07
cointegra,9.488701328892621e-07
andra,9.488701328892621e-07
cccc,9.488701328892621e-07
mow,9.488701328892621e-07
marius,9.488701328892621e-07
underprivileg,9.488701328892621e-07
vxv,9.488701328892621e-07
ixx,9.488701328892621e-07
laudabl,9.488701328892621e-07
xxj,9.488701328892621e-07
kris,9.488701328892621e-07
sqi,9.488701328892621e-07
trh,9.488701328892621e-07
tnn,9.488701328892621e-07
fledgl,9.488701328892621e-07
itest,9.488701328892621e-07
overtax,9.488701328892621e-07
multino,9.488701328892621e-07
kyd,9.488701328892621e-07
dcx,9.488701328892621e-07
monnet,9.488701328892621e-07
ltb,9.488701328892621e-07
demot,9.488701328892621e-07
soest,9.488701328892621e-07
rmm,9.488701328892621e-07
mzt,9.488701328892621e-07
tienc,9.488701328892621e-07
ntx,9.488701328892621e-07
catalonia,9.488701328892621e-07
cond,9.488701328892621e-07
haustiv,9.488701328892621e-07
cruel,9.488701328892621e-07
pmf,9.488701328892621e-07
cuf,9.488701328892621e-07
glow,9.488701328892621e-07
pbj,9.488701328892621e-07
turiti,9.488701328892621e-07
cagetti,9.488701328892621e-07
pvl,9.488701328892621e-07
vox,9.488701328892621e-07
roneous,9.488701328892621e-07
ranc,9.488701328892621e-07
coax,9.488701328892621e-07
maxv,9.488701328892621e-07
vyn,9.488701328892621e-07
webbas,9.488701328892621e-07
quickest,9.488701328892621e-07
kno,9.488701328892621e-07
rrd,9.488701328892621e-07
ljk,9.488701328892621e-07
nonexperi,9.488701328892621e-07
vita,9.488701328892621e-07
ptd,9.488701328892621e-07
pcq,9.488701328892621e-07
hlx,9.488701328892621e-07
sting,9.488701328892621e-07
palfrey,9.488701328892621e-07
xyy,9.488701328892621e-07
goodsmarket,9.488701328892621e-07
ytpt,9.488701328892621e-07
gious,9.488701328892621e-07
lyj,9.488701328892621e-07
uncompl,9.488701328892621e-07
monwealth,9.488701328892621e-07
rfl,9.488701328892621e-07
nvt,9.488701328892621e-07
fical,9.488701328892621e-07
corlett,9.488701328892621e-07
pricest,9.488701328892621e-07
mjj,9.488701328892621e-07
synth,9.488701328892621e-07
equalitarian,9.488701328892621e-07
bitrarili,9.488701328892621e-07
prep,9.488701328892621e-07
ssf,9.488701328892621e-07
exn,9.488701328892621e-07
xol,9.488701328892621e-07
ashen,9.488701328892621e-07
uab,9.488701328892621e-07
babyboom,9.488701328892621e-07
onj,9.488701328892621e-07
ninetyninth,9.488701328892621e-07
shout,9.488701328892621e-07
conjoin,9.488701328892621e-07
valiant,9.488701328892621e-07
etst,9.488701328892621e-07
omar,9.488701328892621e-07
vho,9.488701328892621e-07
hausch,9.488701328892621e-07
stickier,9.488701328892621e-07
olivia,9.488701328892621e-07
xex,9.488701328892621e-07
ecclesiast,9.488701328892621e-07
chiara,9.488701328892621e-07
everyman,9.488701328892621e-07
subvers,9.488701328892621e-07
eyp,9.488701328892621e-07
minv,9.488701328892621e-07
armori,9.488701328892621e-07
knightian,9.488701328892621e-07
impun,9.488701328892621e-07
lpa,9.488701328892621e-07
olr,9.488701328892621e-07
jem,9.488701328892621e-07
clu,9.488701328892621e-07
unvari,9.488701328892621e-07
foro,9.488701328892621e-07
uut,9.488701328892621e-07
narcot,9.488701328892621e-07
bland,9.488701328892621e-07
disconfirm,9.488701328892621e-07
hig,9.488701328892621e-07
reparametr,9.488701328892621e-07
manoeuvr,9.488701328892621e-07
disincen,9.488701328892621e-07
debacl,9.488701328892621e-07
uqo,9.488701328892621e-07
dgr,9.488701328892621e-07
littlefield,9.488701328892621e-07
proactiv,9.488701328892621e-07
cef,9.488701328892621e-07
clv,9.488701328892621e-07
unseen,9.488701328892621e-07
languish,9.488701328892621e-07
longitu,9.488701328892621e-07
uwx,9.488701328892621e-07
reintegr,9.488701328892621e-07
ugli,9.488701328892621e-07
bride,9.488701328892621e-07
zif,9.488701328892621e-07
nuiti,9.488701328892621e-07
petrov,9.488701328892621e-07
visag,9.488701328892621e-07
wew,9.488701328892621e-07
stimulat,9.488701328892621e-07
qco,9.488701328892621e-07
periph,9.488701328892621e-07
fbb,9.488701328892621e-07
diagno,9.488701328892621e-07
xgt,9.488701328892621e-07
rih,9.488701328892621e-07
jrj,9.488701328892621e-07
moi,9.488701328892621e-07
alxt,9.488701328892621e-07
indecis,9.488701328892621e-07
stockbrok,9.488701328892621e-07
hul,9.488701328892621e-07
gareth,9.488701328892621e-07
vut,9.488701328892621e-07
vrr,9.488701328892621e-07
pendulum,9.488701328892621e-07
sjx,9.488701328892621e-07
frchet,9.488701328892621e-07
oldtim,9.488701328892621e-07
steadygrowth,9.488701328892621e-07
qdp,9.488701328892621e-07
wellunderstood,9.488701328892621e-07
lms,9.488701328892621e-07
gta,9.488701328892621e-07
intragener,9.488701328892621e-07
fiti,9.488701328892621e-07
oasdi,9.488701328892621e-07
iiit,9.488701328892621e-07
jrr,9.488701328892621e-07
artific,9.488701328892621e-07
iob,9.488701328892621e-07
divin,9.488701328892621e-07
taxbas,9.488701328892621e-07
bronfen,9.488701328892621e-07
disreput,9.488701328892621e-07
flotat,9.488701328892621e-07
einaudi,9.488701328892621e-07
transmut,9.488701328892621e-07
awb,9.488701328892621e-07
manna,9.488701328892621e-07
breton,9.488701328892621e-07
interfamili,9.488701328892621e-07
xte,9.488701328892621e-07
purestrategi,9.488701328892621e-07
bullet,9.488701328892621e-07
wce,9.488701328892621e-07
lxa,9.488701328892621e-07
nitiv,9.488701328892621e-07
taurant,9.488701328892621e-07
tdx,9.488701328892621e-07
tiousli,9.488701328892621e-07
marketa,9.488701328892621e-07
overprovis,9.488701328892621e-07
uno,9.488701328892621e-07
wagebargain,9.488701328892621e-07
nasti,9.488701328892621e-07
rebirth,9.488701328892621e-07
lhopit,9.488701328892621e-07
uneco,9.488701328892621e-07
microcosm,9.488701328892621e-07
varj,9.488701328892621e-07
disposi,9.488701328892621e-07
wellintent,9.488701328892621e-07
wither,9.488701328892621e-07
sorbonn,9.488701328892621e-07
osn,9.488701328892621e-07
newtonraphson,9.488701328892621e-07
uvi,9.488701328892621e-07
foray,9.488701328892621e-07
fks,9.488701328892621e-07
mma,9.488701328892621e-07
ljj,9.488701328892621e-07
chalk,9.488701328892621e-07
andrzej,9.488701328892621e-07
ddr,9.488701328892621e-07
zerocost,9.488701328892621e-07
parlia,9.488701328892621e-07
unrevis,9.488701328892621e-07
bba,9.488701328892621e-07
pathet,9.488701328892621e-07
wellmanag,9.488701328892621e-07
olivetti,9.488701328892621e-07
possibi,9.488701328892621e-07
modelthat,9.488701328892621e-07
waterborn,9.488701328892621e-07
delus,9.488701328892621e-07
marquett,9.488701328892621e-07
portal,9.488701328892621e-07
lhpital,9.488701328892621e-07
wher,9.488701328892621e-07
schaft,9.488701328892621e-07
mimi,9.488701328892621e-07
lls,9.488701328892621e-07
newburi,9.488701328892621e-07
ilv,9.488701328892621e-07
abab,9.488701328892621e-07
lifesav,9.488701328892621e-07
wao,9.488701328892621e-07
qps,9.488701328892621e-07
menac,9.488701328892621e-07
visionari,9.488701328892621e-07
uoi,9.488701328892621e-07
sutter,9.488701328892621e-07
nonhousehold,9.488701328892621e-07
scientiarum,9.488701328892621e-07
terrenc,9.488701328892621e-07
deform,9.488701328892621e-07
xiw,9.488701328892621e-07
nonrecur,9.488701328892621e-07
handinhand,9.488701328892621e-07
noam,9.488701328892621e-07
bug,9.488701328892621e-07
handtomouth,9.488701328892621e-07
immor,9.488701328892621e-07
rax,9.488701328892621e-07
xaj,9.488701328892621e-07
ldot,9.488701328892621e-07
tdp,9.488701328892621e-07
feeforservic,9.488701328892621e-07
duj,9.488701328892621e-07
eyd,9.488701328892621e-07
iaf,9.488701328892621e-07
scholast,9.488701328892621e-07
dfinit,9.488701328892621e-07
kinder,9.488701328892621e-07
zxt,9.488701328892621e-07
taskspecif,9.488701328892621e-07
jcf,9.488701328892621e-07
hillel,9.488701328892621e-07
grandpar,9.488701328892621e-07
paraphernalia,9.488701328892621e-07
liani,9.488701328892621e-07
interwoven,9.488701328892621e-07
sui,9.488701328892621e-07
pbp,9.488701328892621e-07
uyi,9.488701328892621e-07
interrog,9.488701328892621e-07
rjp,9.488701328892621e-07
amx,9.488701328892621e-07
mcneil,9.488701328892621e-07
qoo,9.488701328892621e-07
hak,9.488701328892621e-07
subeconomi,9.488701328892621e-07
pestieau,9.488701328892621e-07
norwich,9.488701328892621e-07
etb,9.488701328892621e-07
cww,9.488701328892621e-07
zzzz,9.488701328892621e-07
felter,9.488701328892621e-07
eryon,9.488701328892621e-07
kre,9.488701328892621e-07
ceiver,9.488701328892621e-07
usb,9.488701328892621e-07
eand,9.488701328892621e-07
ujo,9.488701328892621e-07
vanguard,9.488701328892621e-07
grang,9.488701328892621e-07
economisti,9.488701328892621e-07
infal,9.488701328892621e-07
miscon,9.488701328892621e-07
quixot,9.488701328892621e-07
gsj,9.488701328892621e-07
unfit,9.488701328892621e-07
inciden,9.488701328892621e-07
inatori,9.488701328892621e-07
repeti,9.488701328892621e-07
ixit,9.488701328892621e-07
tropi,9.488701328892621e-07
abut,9.488701328892621e-07
runner,9.488701328892621e-07
danthin,9.488701328892621e-07
loword,9.488701328892621e-07
varw,9.488701328892621e-07
pravda,9.488701328892621e-07
ruiz,9.488701328892621e-07
jonah,9.488701328892621e-07
bcb,9.488701328892621e-07
cunha,9.488701328892621e-07
assetmarket,9.488701328892621e-07
szs,9.488701328892621e-07
revela,9.488701328892621e-07
pwr,9.488701328892621e-07
oren,9.488701328892621e-07
nhn,9.488701328892621e-07
gamut,9.488701328892621e-07
cxv,9.488701328892621e-07
ihl,9.488701328892621e-07
lame,9.488701328892621e-07
befit,9.488701328892621e-07
pristin,9.488701328892621e-07
idempot,9.488701328892621e-07
vzi,9.488701328892621e-07
rqq,9.488701328892621e-07
favourit,9.488701328892621e-07
economnica,9.488701328892621e-07
onequarterahead,9.488701328892621e-07
overdrawn,9.488701328892621e-07
varq,9.488701328892621e-07
reequip,9.488701328892621e-07
nonschool,9.488701328892621e-07
fallibl,9.488701328892621e-07
nank,9.488701328892621e-07
clandestin,9.488701328892621e-07
feu,9.488701328892621e-07
ritual,9.488701328892621e-07
mnk,9.488701328892621e-07
pph,9.488701328892621e-07
spl,9.488701328892621e-07
eqo,9.488701328892621e-07
happier,9.488701328892621e-07
yearsa,9.488701328892621e-07
sjp,9.488701328892621e-07
predom,9.488701328892621e-07
supf,9.488701328892621e-07
riq,9.488701328892621e-07
vial,9.488701328892621e-07
inconsisten,9.488701328892621e-07
jlx,9.488701328892621e-07
tpk,9.488701328892621e-07
thoughtprovok,9.488701328892621e-07
scitovszki,9.488701328892621e-07
mammen,9.488701328892621e-07
qut,9.488701328892621e-07
gore,9.488701328892621e-07
uhi,9.488701328892621e-07
facial,9.488701328892621e-07
tijt,9.488701328892621e-07
hob,9.488701328892621e-07
sgi,9.488701328892621e-07
culiar,9.488701328892621e-07
lbid,9.488701328892621e-07
nardi,9.488701328892621e-07
stefani,9.488701328892621e-07
vtk,9.488701328892621e-07
wvhile,9.488701328892621e-07
unfa,9.488701328892621e-07
vks,9.488701328892621e-07
otf,9.488701328892621e-07
numrair,9.488701328892621e-07
wks,9.488701328892621e-07
jst,9.488701328892621e-07
dxr,9.488701328892621e-07
aqp,9.488701328892621e-07
chooser,9.488701328892621e-07
ngn,9.488701328892621e-07
suarez,9.488701328892621e-07
hermit,9.488701328892621e-07
vehement,9.488701328892621e-07
mytholog,9.488701328892621e-07
cine,9.488701328892621e-07
eeh,9.488701328892621e-07
flb,9.488701328892621e-07
pqj,9.488701328892621e-07
immediaci,9.488701328892621e-07
ipv,9.488701328892621e-07
orthog,9.488701328892621e-07
ulm,9.488701328892621e-07
crm,9.488701328892621e-07
nonexhaust,9.488701328892621e-07
dey,9.488701328892621e-07
qht,9.488701328892621e-07
zilcha,9.488701328892621e-07
ztx,9.488701328892621e-07
blowup,9.488701328892621e-07
vvt,9.488701328892621e-07
usj,9.488701328892621e-07
bassett,9.488701328892621e-07
debas,9.488701328892621e-07
bootstrapbas,9.488701328892621e-07
riu,9.488701328892621e-07
pvector,9.488701328892621e-07
ffq,9.488701328892621e-07
disavow,9.488701328892621e-07
indestruct,9.488701328892621e-07
nall,9.488701328892621e-07
amnesti,9.488701328892621e-07
courb,9.488701328892621e-07
trigonometr,9.488701328892621e-07
tinm,9.488701328892621e-07
vmt,9.488701328892621e-07
einhorn,9.488701328892621e-07
doubleblind,9.488701328892621e-07
laboursuppli,9.488701328892621e-07
puo,9.488701328892621e-07
tql,9.488701328892621e-07
opj,9.488701328892621e-07
longhorizon,9.488701328892621e-07
ima,9.488701328892621e-07
tuck,9.488701328892621e-07
xhx,9.488701328892621e-07
smax,9.488701328892621e-07
unsuspect,9.488701328892621e-07
jamison,9.488701328892621e-07
pbx,9.488701328892621e-07
statu,9.488701328892621e-07
apoli,9.488701328892621e-07
archaic,9.488701328892621e-07
theni,9.488701328892621e-07
scapegoat,9.488701328892621e-07
semistrong,9.488701328892621e-07
stackel,9.488701328892621e-07
gaynor,9.488701328892621e-07
upu,9.488701328892621e-07
dynan,9.488701328892621e-07
ilx,9.488701328892621e-07
bilist,9.488701328892621e-07
kogan,9.488701328892621e-07
joulrnal,9.488701328892621e-07
upperright,9.488701328892621e-07
denigr,9.488701328892621e-07
swo,9.488701328892621e-07
fiercer,9.488701328892621e-07
ezx,9.488701328892621e-07
vtx,9.488701328892621e-07
maxu,9.488701328892621e-07
highvari,9.488701328892621e-07
planovo,9.488701328892621e-07
vrl,9.488701328892621e-07
catchment,9.488701328892621e-07
ptlt,9.488701328892621e-07
nonrevers,9.488701328892621e-07
pdn,9.488701328892621e-07
behoov,9.488701328892621e-07
zic,9.488701328892621e-07
monetarili,9.488701328892621e-07
mock,9.488701328892621e-07
filtrat,9.488701328892621e-07
avw,9.488701328892621e-07
piano,9.488701328892621e-07
boylan,9.488701328892621e-07
modelfre,9.488701328892621e-07
hle,9.488701328892621e-07
trhe,9.488701328892621e-07
carneiro,9.488701328892621e-07
jou,9.488701328892621e-07
xjr,9.488701328892621e-07
swollen,9.488701328892621e-07
rcn,9.488701328892621e-07
desideratum,9.488701328892621e-07
nperiod,9.488701328892621e-07
qsp,9.488701328892621e-07
uyu,9.488701328892621e-07
unassign,9.488701328892621e-07
ofthat,9.488701328892621e-07
dxdx,9.488701328892621e-07
lyse,9.488701328892621e-07
vani,9.488701328892621e-07
bemoan,9.488701328892621e-07
francesca,9.488701328892621e-07
rulebas,9.488701328892621e-07
furman,9.488701328892621e-07
sloth,9.488701328892621e-07
xss,9.488701328892621e-07
controv,9.488701328892621e-07
sead,9.488701328892621e-07
xwx,9.488701328892621e-07
litterman,9.488701328892621e-07
craw,9.488701328892621e-07
qts,9.488701328892621e-07
sternberg,9.488701328892621e-07
superstructur,9.488701328892621e-07
qaq,9.488701328892621e-07
utb,9.488701328892621e-07
fbr,9.488701328892621e-07
taxdeduct,9.488701328892621e-07
tce,9.488701328892621e-07
defianc,9.488701328892621e-07
nonaffili,9.488701328892621e-07
tib,9.488701328892621e-07
terat,9.488701328892621e-07
rna,9.488701328892621e-07
flagrant,9.488701328892621e-07
jut,9.488701328892621e-07
cruditi,9.488701328892621e-07
progenitor,9.488701328892621e-07
ebl,9.488701328892621e-07
somanathan,9.488701328892621e-07
erzo,9.488701328892621e-07
aym,9.488701328892621e-07
hxx,9.488701328892621e-07
xwi,9.488701328892621e-07
sxl,9.488701328892621e-07
misund,9.488701328892621e-07
desist,9.488701328892621e-07
andreoni,9.488701328892621e-07
iur,9.488701328892621e-07
iem,9.488701328892621e-07
giovanna,9.488701328892621e-07
weill,9.488701328892621e-07
notein,9.488701328892621e-07
nonvanish,9.488701328892621e-07
illequip,9.488701328892621e-07
orl,9.488701328892621e-07
qss,9.488701328892621e-07
pjf,9.488701328892621e-07
twomemb,9.488701328892621e-07
eligi,9.488701328892621e-07
rajnish,9.488701328892621e-07
oath,9.488701328892621e-07
misconduct,9.488701328892621e-07
diagramat,9.488701328892621e-07
dzl,9.488701328892621e-07
misdirect,9.488701328892621e-07
nechyba,9.488701328892621e-07
ruthless,9.488701328892621e-07
exemplar,9.488701328892621e-07
ginsburg,9.488701328892621e-07
conditioni,9.488701328892621e-07
anticipat,9.488701328892621e-07
embellish,9.488701328892621e-07
magnac,9.488701328892621e-07
ttu,9.488701328892621e-07
nonliquid,9.488701328892621e-07
svs,9.488701328892621e-07
belliger,9.488701328892621e-07
ryy,9.488701328892621e-07
vsp,9.488701328892621e-07
bzi,9.488701328892621e-07
payoffrelev,9.488701328892621e-07
cybernet,9.488701328892621e-07
diabet,9.488701328892621e-07
sweat,9.488701328892621e-07
nashbargain,9.488701328892621e-07
prejud,9.488701328892621e-07
crg,9.488701328892621e-07
qzi,9.488701328892621e-07
wzt,9.488701328892621e-07
aof,9.488701328892621e-07
thn,9.488701328892621e-07
cfor,9.488701328892621e-07
beitrag,9.488701328892621e-07
xlf,9.488701328892621e-07
sjostrom,9.488701328892621e-07
tlk,9.488701328892621e-07
kcl,9.488701328892621e-07
infinitedimension,9.488701328892621e-07
tds,9.488701328892621e-07
ingrain,9.488701328892621e-07
dichot,9.488701328892621e-07
tld,9.488701328892621e-07
appal,9.488701328892621e-07
superieur,9.488701328892621e-07
pke,9.488701328892621e-07
utz,9.488701328892621e-07
psf,9.488701328892621e-07
scrutinis,9.488701328892621e-07
leptokurt,9.488701328892621e-07
handout,9.488701328892621e-07
fident,9.488701328892621e-07
wox,9.488701328892621e-07
hee,9.488701328892621e-07
uncommit,9.488701328892621e-07
gromb,9.488701328892621e-07
tbb,9.488701328892621e-07
ihr,9.488701328892621e-07
ptq,9.488701328892621e-07
effectsa,9.488701328892621e-07
naa,9.488701328892621e-07
lude,9.488701328892621e-07
tenni,9.488701328892621e-07
qft,9.488701328892621e-07
alexandr,9.488701328892621e-07
megan,9.488701328892621e-07
dynami,9.488701328892621e-07
insult,9.488701328892621e-07
problemth,9.488701328892621e-07
pensabl,9.488701328892621e-07
zealous,9.488701328892621e-07
lethargi,9.488701328892621e-07
obl,9.488701328892621e-07
laurier,9.488701328892621e-07
tnm,9.488701328892621e-07
realest,9.488701328892621e-07
typo,9.488701328892621e-07
lys,9.488701328892621e-07
segr,9.488701328892621e-07
caltech,9.488701328892621e-07
hastili,9.488701328892621e-07
nard,9.488701328892621e-07
dgo,9.488701328892621e-07
ezl,9.488701328892621e-07
scrupul,9.488701328892621e-07
iyx,9.488701328892621e-07
xxe,9.488701328892621e-07
amanda,9.488701328892621e-07
csf,9.488701328892621e-07
zyi,9.488701328892621e-07
tks,9.488701328892621e-07
etri,9.488701328892621e-07
neoclassicist,9.488701328892621e-07
fyl,9.488701328892621e-07
keynot,9.488701328892621e-07
quasinewton,9.488701328892621e-07
reme,9.488701328892621e-07
vae,9.488701328892621e-07
tpf,9.488701328892621e-07
cataclysm,9.488701328892621e-07
xnj,9.488701328892621e-07
kovenock,9.488701328892621e-07
altru,9.488701328892621e-07
wrenlewi,9.488701328892621e-07
yex,9.488701328892621e-07
corba,9.488701328892621e-07
gla,9.488701328892621e-07
vui,9.488701328892621e-07
reer,9.488701328892621e-07
josevictor,9.488701328892621e-07
parzen,9.488701328892621e-07
medal,9.488701328892621e-07
bylaw,9.488701328892621e-07
nephew,9.488701328892621e-07
eeu,9.488701328892621e-07
maxm,9.488701328892621e-07
nsector,9.488701328892621e-07
ofd,9.488701328892621e-07
threecommod,9.488701328892621e-07
lxm,9.488701328892621e-07
sanjay,9.488701328892621e-07
policemen,9.488701328892621e-07
unspent,9.488701328892621e-07
epd,9.488701328892621e-07
thunen,9.488701328892621e-07
noneco,9.488701328892621e-07
ditto,9.488701328892621e-07
manda,9.488701328892621e-07
elv,9.488701328892621e-07
theorya,9.488701328892621e-07
arlen,9.488701328892621e-07
dqdp,9.488701328892621e-07
rej,9.488701328892621e-07
timi,9.488701328892621e-07
recalcitr,9.488701328892621e-07
floatingr,9.488701328892621e-07
noncolleg,9.488701328892621e-07
pretext,9.488701328892621e-07
monahan,9.488701328892621e-07
poetic,9.488701328892621e-07
tnx,9.488701328892621e-07
avec,9.488701328892621e-07
informn,9.488701328892621e-07
orous,9.488701328892621e-07
subterfug,9.488701328892621e-07
zer,9.488701328892621e-07
timmermann,9.488701328892621e-07
etq,9.488701328892621e-07
familyown,9.488701328892621e-07
kjl,9.488701328892621e-07
okj,9.488701328892621e-07
dqa,9.488701328892621e-07
duit,9.488701328892621e-07
auu,9.488701328892621e-07
adu,9.488701328892621e-07
brighter,9.488701328892621e-07
ngos,9.488701328892621e-07
itarian,9.488701328892621e-07
rmn,9.488701328892621e-07
drasti,9.488701328892621e-07
bpc,9.488701328892621e-07
iiif,9.488701328892621e-07
alxl,9.488701328892621e-07
kos,9.488701328892621e-07
femalemal,9.488701328892621e-07
revamp,9.488701328892621e-07
costincreas,9.488701328892621e-07
lpx,9.488701328892621e-07
postulat,9.488701328892621e-07
xxb,9.488701328892621e-07
efficientmarket,9.488701328892621e-07
tonom,9.488701328892621e-07
americain,9.488701328892621e-07
noninteg,9.488701328892621e-07
cfm,9.488701328892621e-07
dwx,9.488701328892621e-07
qbi,9.488701328892621e-07
ght,9.488701328892621e-07
oriana,9.488701328892621e-07
eyf,9.488701328892621e-07
nadir,9.488701328892621e-07
credibil,9.488701328892621e-07
sidebysid,9.488701328892621e-07
quip,9.488701328892621e-07
ikp,9.488701328892621e-07
tavneet,9.488701328892621e-07
apiec,9.488701328892621e-07
articu,9.488701328892621e-07
spire,9.488701328892621e-07
dled,9.488701328892621e-07
nac,9.488701328892621e-07
dpdt,9.488701328892621e-07
fulbright,9.488701328892621e-07
treatmentcontrol,9.488701328892621e-07
urx,9.488701328892621e-07
ttx,9.488701328892621e-07
subway,9.488701328892621e-07
muni,9.488701328892621e-07
ccx,9.488701328892621e-07
thirtieth,9.488701328892621e-07
haggl,9.488701328892621e-07
seriatim,9.488701328892621e-07
horror,9.488701328892621e-07
oldstyl,9.488701328892621e-07
lrf,9.488701328892621e-07
xrr,9.488701328892621e-07
contempt,9.488701328892621e-07
uji,9.488701328892621e-07
otlher,9.488701328892621e-07
nui,9.488701328892621e-07
comrad,9.488701328892621e-07
unexamin,9.488701328892621e-07
dumb,9.488701328892621e-07
idealist,9.488701328892621e-07
fns,9.488701328892621e-07
reno,9.488701328892621e-07
timeth,9.488701328892621e-07
aqa,9.488701328892621e-07
collard,9.488701328892621e-07
inz,9.488701328892621e-07
nrm,9.488701328892621e-07
tuj,9.488701328892621e-07
fqf,9.488701328892621e-07
udi,9.488701328892621e-07
enceindiffer,9.488701328892621e-07
txx,9.488701328892621e-07
grodal,9.488701328892621e-07
mno,9.488701328892621e-07
ugo,9.488701328892621e-07
lear,9.488701328892621e-07
brendan,9.488701328892621e-07
misbehav,9.488701328892621e-07
asd,9.488701328892621e-07
vier,9.488701328892621e-07
unwelcom,9.488701328892621e-07
academician,9.488701328892621e-07
deemphasi,9.488701328892621e-07
kdk,9.488701328892621e-07
preda,9.488701328892621e-07
lowwealth,9.488701328892621e-07
mtm,9.488701328892621e-07
selfdetermin,9.488701328892621e-07
benedict,9.488701328892621e-07
lore,9.488701328892621e-07
papk,9.488701328892621e-07
extramarket,9.488701328892621e-07
dada,9.488701328892621e-07
rja,9.488701328892621e-07
deprec,9.488701328892621e-07
citypair,9.488701328892621e-07
highestqu,9.488701328892621e-07
centu,9.488701328892621e-07
vle,9.488701328892621e-07
snl,9.488701328892621e-07
zum,9.488701328892621e-07
verit,9.488701328892621e-07
programa,9.488701328892621e-07
enmploy,9.488701328892621e-07
knudsen,9.488701328892621e-07
leftov,9.488701328892621e-07
adhoc,9.488701328892621e-07
californiasanta,9.488701328892621e-07
publiqu,9.488701328892621e-07
politik,9.488701328892621e-07
unwritten,9.488701328892621e-07
disson,9.488701328892621e-07
shrewd,9.488701328892621e-07
prf,9.488701328892621e-07
yearsth,9.488701328892621e-07
ahd,9.488701328892621e-07
hno,9.488701328892621e-07
loughran,9.488701328892621e-07
raveendra,9.488701328892621e-07
fml,9.488701328892621e-07
yox,9.488701328892621e-07
lmm,9.488701328892621e-07
crosssubstitut,9.488701328892621e-07
wholeheart,9.488701328892621e-07
obc,9.488701328892621e-07
aspi,9.488701328892621e-07
prewhiten,9.488701328892621e-07
italia,9.488701328892621e-07
nanda,9.488701328892621e-07
gomez,9.488701328892621e-07
jrn,9.488701328892621e-07
dce,9.488701328892621e-07
tepper,9.488701328892621e-07
takahashi,9.488701328892621e-07
ianc,9.488701328892621e-07
awx,9.488701328892621e-07
psps,9.488701328892621e-07
subrahmanyam,9.488701328892621e-07
vlh,9.488701328892621e-07
stopgo,9.488701328892621e-07
yfa,9.488701328892621e-07
avr,9.488701328892621e-07
repo,9.488701328892621e-07
ubo,9.488701328892621e-07
moreno,9.488701328892621e-07
qtdt,9.488701328892621e-07
hhl,9.488701328892621e-07
essai,9.488701328892621e-07
loath,9.488701328892621e-07
sozial,9.488701328892621e-07
darwinian,9.488701328892621e-07
allround,9.488701328892621e-07
nagatani,9.488701328892621e-07
lra,9.488701328892621e-07
argi,9.488701328892621e-07
tullio,9.488701328892621e-07
cxc,9.488701328892621e-07
loewenstein,9.488701328892621e-07
impu,9.488701328892621e-07
tverski,9.488701328892621e-07
rso,9.488701328892621e-07
uig,9.488701328892621e-07
fjk,9.488701328892621e-07
avx,9.488701328892621e-07
acrimoni,9.488701328892621e-07
encumb,9.488701328892621e-07
antithesi,9.488701328892621e-07
idealis,9.488701328892621e-07
mobius,9.488701328892621e-07
overrepr,9.488701328892621e-07
zeroth,9.488701328892621e-07
dfd,9.488701328892621e-07
pok,9.488701328892621e-07
misperceiv,9.488701328892621e-07
awaken,9.488701328892621e-07
cruso,9.488701328892621e-07
uec,9.488701328892621e-07
upr,9.488701328892621e-07
rrm,9.488701328892621e-07
confiden,9.488701328892621e-07
fav,9.488701328892621e-07
dixi,9.488701328892621e-07
valor,9.488701328892621e-07
wagesett,9.488701328892621e-07
brisk,9.488701328892621e-07
hawaiian,9.488701328892621e-07
sass,9.488701328892621e-07
hideo,9.488701328892621e-07
tellig,9.488701328892621e-07
httpwwwaeaweborgarticlesphpdoiaerl,9.488701328892621e-07
prattarrow,9.488701328892621e-07
mbi,9.488701328892621e-07
basketbal,9.488701328892621e-07
viour,9.488701328892621e-07
witz,9.488701328892621e-07
maxc,9.488701328892621e-07
valui,9.488701328892621e-07
encyclopaedia,9.488701328892621e-07
tul,9.488701328892621e-07
notowidigdo,9.488701328892621e-07
firmwork,9.488701328892621e-07
impera,9.488701328892621e-07
ozi,9.488701328892621e-07
qre,9.488701328892621e-07
osp,9.488701328892621e-07
gtk,9.488701328892621e-07
yhl,9.488701328892621e-07
lbl,9.488701328892621e-07
sxs,9.488701328892621e-07
halflin,9.488701328892621e-07
zak,9.488701328892621e-07
actuat,9.488701328892621e-07
ashcraft,9.488701328892621e-07
domenico,9.488701328892621e-07
authorsjourn,9.488701328892621e-07
forceabl,9.488701328892621e-07
concentrat,9.488701328892621e-07
marketth,9.488701328892621e-07
utu,9.488701328892621e-07
predilect,9.488701328892621e-07
cbc,9.488701328892621e-07
xjx,9.488701328892621e-07
utopian,9.488701328892621e-07
teigen,9.488701328892621e-07
juuso,9.488701328892621e-07
aperiod,9.488701328892621e-07
ssss,9.488701328892621e-07
llw,9.488701328892621e-07
nun,9.488701328892621e-07
glut,9.488701328892621e-07
interestth,9.488701328892621e-07
riskavoid,9.488701328892621e-07
statesmanship,9.488701328892621e-07
nouvell,9.488701328892621e-07
jurg,9.488701328892621e-07
economich,9.488701328892621e-07
seligman,9.488701328892621e-07
aleh,9.488701328892621e-07
carver,9.488701328892621e-07
tsyvinski,9.488701328892621e-07
limitedli,9.488701328892621e-07
bibliograph,9.488701328892621e-07
publicpolici,9.488701328892621e-07
gospel,9.488701328892621e-07
rfor,9.488701328892621e-07
vom,9.488701328892621e-07
leviathan,9.488701328892621e-07
armistic,9.488701328892621e-07
painless,9.488701328892621e-07
rearmament,9.488701328892621e-07
sinden,9.488701328892621e-07
bxb,9.488701328892621e-07
speedili,9.488701328892621e-07
faruk,9.488701328892621e-07
sbs,9.488701328892621e-07
rno,9.488701328892621e-07
arabian,9.488701328892621e-07
outburst,9.488701328892621e-07
iviv,9.488701328892621e-07
ceaseless,9.488701328892621e-07
nonmarketclear,9.488701328892621e-07
iiiiii,9.488701328892621e-07
inhomogen,9.488701328892621e-07
postdevalu,9.488701328892621e-07
munch,9.488701328892621e-07
nental,9.488701328892621e-07
fdl,9.488701328892621e-07
clari,9.488701328892621e-07
argentinean,9.488701328892621e-07
nonphys,9.488701328892621e-07
sous,9.488701328892621e-07
szt,9.488701328892621e-07
macrodata,9.488701328892621e-07
twi,9.488701328892621e-07
euit,9.488701328892621e-07
workmanship,9.488701328892621e-07
backfir,9.488701328892621e-07
roosa,9.488701328892621e-07
dearer,9.488701328892621e-07
reactionari,9.488701328892621e-07
nobil,9.488701328892621e-07
zeroinfl,9.488701328892621e-07
minmax,9.488701328892621e-07
underfund,9.488701328892621e-07
fright,9.488701328892621e-07
nele,9.488701328892621e-07
cohortspecif,9.488701328892621e-07
cleanest,9.488701328892621e-07
paralyz,9.488701328892621e-07
emphasiz,9.488701328892621e-07
hco,9.488701328892621e-07
stituenc,9.488701328892621e-07
untarili,9.488701328892621e-07
ivf,9.488701328892621e-07
udc,9.488701328892621e-07
masahiko,9.488701328892621e-07
jstatist,9.488701328892621e-07
spcific,9.488701328892621e-07
rarer,9.488701328892621e-07
festiv,9.488701328892621e-07
awe,9.488701328892621e-07
psd,9.488701328892621e-07
econonmi,9.488701328892621e-07
alexei,9.488701328892621e-07
tertilt,9.488701328892621e-07
liditi,9.488701328892621e-07
lifet,9.488701328892621e-07
clergi,9.488701328892621e-07
dqdt,9.488701328892621e-07
rml,9.488701328892621e-07
interpo,9.488701328892621e-07
politicoeconom,9.488701328892621e-07
emo,9.488701328892621e-07
nonmathemat,9.488701328892621e-07
ijc,9.488701328892621e-07
ajo,9.488701328892621e-07
dlb,9.488701328892621e-07
prosecutor,9.488701328892621e-07
qpo,9.488701328892621e-07
riat,9.488701328892621e-07
jaw,9.488701328892621e-07
xso,9.488701328892621e-07
bnabou,9.488701328892621e-07
invidi,9.488701328892621e-07
kalyan,9.488701328892621e-07
steffen,9.488701328892621e-07
ujl,9.488701328892621e-07
pxb,9.488701328892621e-07
regent,9.488701328892621e-07
trp,9.488701328892621e-07
duciv,9.488701328892621e-07
trout,9.488701328892621e-07
bari,9.488701328892621e-07
colchest,9.488701328892621e-07
britton,9.488701328892621e-07
selfjustifi,9.488701328892621e-07
qqi,9.488701328892621e-07
unchosen,9.488701328892621e-07
prakasa,9.488701328892621e-07
crossderiv,9.488701328892621e-07
iwj,9.488701328892621e-07
croix,9.488701328892621e-07
nonidentif,9.488701328892621e-07
nlp,9.488701328892621e-07
mystic,9.488701328892621e-07
inconclu,9.488701328892621e-07
aok,9.488701328892621e-07
mathematiqu,9.488701328892621e-07
employerprovid,9.488701328892621e-07
dcd,9.488701328892621e-07
joural,9.488701328892621e-07
fervent,9.488701328892621e-07
calhoun,9.488701328892621e-07
twe,9.488701328892621e-07
lass,9.488701328892621e-07
egor,9.488701328892621e-07
birthrat,9.488701328892621e-07
rlj,9.488701328892621e-07
wessel,9.488701328892621e-07
ashgat,9.488701328892621e-07
qtn,9.488701328892621e-07
ona,9.488701328892621e-07
conformist,9.488701328892621e-07
alet,9.488701328892621e-07
malnourish,9.488701328892621e-07
compati,9.488701328892621e-07
jtt,9.488701328892621e-07
underin,9.488701328892621e-07
oja,9.488701328892621e-07
admissi,9.488701328892621e-07
seppo,9.488701328892621e-07
paycheck,9.488701328892621e-07
mino,9.488701328892621e-07
oml,9.488701328892621e-07
ogist,9.488701328892621e-07
privategood,9.488701328892621e-07
desegreg,9.488701328892621e-07
sidize,9.488701328892621e-07
zni,9.488701328892621e-07
presal,9.488701328892621e-07
firstpric,9.488701328892621e-07
djl,9.488701328892621e-07
hif,9.488701328892621e-07
juin,9.488701328892621e-07
onboard,9.488701328892621e-07
inso,9.488701328892621e-07
iok,9.488701328892621e-07
tfa,9.488701328892621e-07
pmo,9.488701328892621e-07
champ,9.488701328892621e-07
brl,9.488701328892621e-07
btr,9.488701328892621e-07
ciliberto,9.488701328892621e-07
epistemolog,9.488701328892621e-07
relay,9.488701328892621e-07
trinsic,9.488701328892621e-07
gott,9.488701328892621e-07
tjo,9.488701328892621e-07
demnand,9.488701328892621e-07
pinks,9.488701328892621e-07
immeasur,9.488701328892621e-07
aniy,9.488701328892621e-07
iiti,9.488701328892621e-07
underbid,9.488701328892621e-07
vnx,9.488701328892621e-07
ujx,9.488701328892621e-07
modelpredict,9.488701328892621e-07
affil,9.488701328892621e-07
undiscov,9.488701328892621e-07
anec,9.488701328892621e-07
robor,9.488701328892621e-07
programszip,9.488701328892621e-07
pyti,9.488701328892621e-07
auc,9.488701328892621e-07
straighten,9.488701328892621e-07
kappa,9.488701328892621e-07
xxa,9.488701328892621e-07
cisiv,9.488701328892621e-07
ltc,9.488701328892621e-07
highestvalu,9.488701328892621e-07
paroush,9.488701328892621e-07
woeful,9.488701328892621e-07
ofc,9.488701328892621e-07
yje,9.488701328892621e-07
ayf,9.488701328892621e-07
steadfast,9.488701328892621e-07
tote,9.488701328892621e-07
transmitt,9.488701328892621e-07
viser,9.488701328892621e-07
healthrel,9.488701328892621e-07
yor,9.488701328892621e-07
eew,9.488701328892621e-07
thakor,9.488701328892621e-07
bitious,9.488701328892621e-07
stb,9.488701328892621e-07
lyl,9.488701328892621e-07
zei,9.488701328892621e-07
npt,9.488701328892621e-07
jcaxi,9.488701328892621e-07
jjt,9.488701328892621e-07
rappoport,9.488701328892621e-07
asu,9.488701328892621e-07
underproduc,9.488701328892621e-07
goeken,9.488701328892621e-07
oiu,9.488701328892621e-07
agedepend,9.488701328892621e-07
kjo,9.488701328892621e-07
tres,9.488701328892621e-07
plw,9.488701328892621e-07
vte,9.488701328892621e-07
sloppi,9.488701328892621e-07
defec,9.488701328892621e-07
hilari,9.488701328892621e-07
achill,9.488701328892621e-07
ucj,9.488701328892621e-07
uvt,9.488701328892621e-07
krishnamurthi,9.488701328892621e-07
reel,9.488701328892621e-07
firstquart,9.488701328892621e-07
pathak,9.488701328892621e-07
uarter,9.488701328892621e-07
stn,9.488701328892621e-07
theoy,9.488701328892621e-07
eran,9.488701328892621e-07
different,9.488701328892621e-07
tout,9.488701328892621e-07
kaplow,9.488701328892621e-07
bullish,9.488701328892621e-07
varz,9.488701328892621e-07
manip,9.488701328892621e-07
dvelopp,9.488701328892621e-07
uxj,9.488701328892621e-07
flypap,9.488701328892621e-07
twotyp,9.488701328892621e-07
stinchcomb,9.488701328892621e-07
naj,9.488701328892621e-07
rustichini,9.488701328892621e-07
aggra,9.488701328892621e-07
mistrust,9.488701328892621e-07
mmc,9.488701328892621e-07
infa,9.488701328892621e-07
agx,9.488701328892621e-07
checker,9.488701328892621e-07
libertarian,9.488701328892621e-07
paralysi,9.488701328892621e-07
lamont,9.488701328892621e-07
paperthat,9.488701328892621e-07
warranti,9.488701328892621e-07
alicant,9.488701328892621e-07
limn,9.488701328892621e-07
nerat,9.488701328892621e-07
resultsth,9.488701328892621e-07
misappl,9.488701328892621e-07
feebl,9.488701328892621e-07
foj,9.488701328892621e-07
hjl,9.488701328892621e-07
ifh,9.488701328892621e-07
behzad,9.488701328892621e-07
multiarm,9.488701328892621e-07
quasiord,9.488701328892621e-07
fitt,9.488701328892621e-07
semblanc,9.488701328892621e-07
yamashita,9.488701328892621e-07
twoindustri,9.488701328892621e-07
kls,9.488701328892621e-07
hua,9.488701328892621e-07
unl,9.488701328892621e-07
marci,9.488701328892621e-07
fhp,9.488701328892621e-07
nondis,9.488701328892621e-07
afresh,9.488701328892621e-07
polinski,9.488701328892621e-07
yrl,9.488701328892621e-07
patrol,9.488701328892621e-07
seamless,9.488701328892621e-07
dbi,9.488701328892621e-07
kss,9.488701328892621e-07
fkx,9.488701328892621e-07
uil,9.488701328892621e-07
lampman,9.488701328892621e-07
characteriz,9.488701328892621e-07
cxxi,9.488701328892621e-07
numnber,9.488701328892621e-07
fyx,9.488701328892621e-07
forschungsgemeinschaft,9.488701328892621e-07
ttd,9.488701328892621e-07
incomprehens,9.488701328892621e-07
physicaverlag,9.488701328892621e-07
discriminat,9.488701328892621e-07
tlu,9.488701328892621e-07
oneweek,9.488701328892621e-07
winkler,9.488701328892621e-07
rogat,9.488701328892621e-07
aen,9.488701328892621e-07
malpractic,9.488701328892621e-07
izen,9.488701328892621e-07
smallgroup,9.488701328892621e-07
nonsmok,9.488701328892621e-07
reinsur,9.488701328892621e-07
sock,9.488701328892621e-07
pricedetermin,9.488701328892621e-07
tarun,9.488701328892621e-07
csn,9.488701328892621e-07
kobayashi,9.488701328892621e-07
multifari,9.488701328892621e-07
krieger,9.488701328892621e-07
sja,9.488701328892621e-07
effortless,9.488701328892621e-07
vigdor,9.488701328892621e-07
whiski,9.488701328892621e-07
rvl,9.488701328892621e-07
amorph,9.488701328892621e-07
httpwwwaeaweborgarticlesphpdoi,9.488701328892621e-07
spiegelman,9.488701328892621e-07
cnk,9.488701328892621e-07
bmi,9.488701328892621e-07
andb,9.488701328892621e-07
feg,9.488701328892621e-07
kaiman,9.488701328892621e-07
pifi,9.488701328892621e-07
noninsur,9.488701328892621e-07
fhh,9.488701328892621e-07
rulemak,9.488701328892621e-07
metropolishast,9.488701328892621e-07
namur,9.488701328892621e-07
ciii,9.488701328892621e-07
istanbul,9.488701328892621e-07
jfl,9.488701328892621e-07
bsp,9.488701328892621e-07
rtf,9.488701328892621e-07
cpp,9.488701328892621e-07
nalize,9.488701328892621e-07
eha,9.488701328892621e-07
erent,9.488701328892621e-07
trespass,9.488701328892621e-07
ytd,9.488701328892621e-07
abx,9.488701328892621e-07
dowd,9.488701328892621e-07
vfp,9.488701328892621e-07
similars,9.488701328892621e-07
hlk,9.488701328892621e-07
xfs,9.488701328892621e-07
gpl,9.488701328892621e-07
sympath,9.488701328892621e-07
cpq,9.488701328892621e-07
gretchen,9.488701328892621e-07
stepfunct,9.488701328892621e-07
rasmus,9.488701328892621e-07
dier,9.488701328892621e-07
predisposit,9.488701328892621e-07
reinhardt,9.488701328892621e-07
cram,9.488701328892621e-07
gradi,9.488701328892621e-07
emma,9.488701328892621e-07
ojx,9.488701328892621e-07
monetair,9.488701328892621e-07
recenc,9.488701328892621e-07
overh,9.488701328892621e-07
uptak,9.488701328892621e-07
cei,9.488701328892621e-07
gillian,9.488701328892621e-07
csj,9.488701328892621e-07
atxt,9.488701328892621e-07
mattia,9.488701328892621e-07
midsiz,9.488701328892621e-07
aqr,9.488701328892621e-07
vop,9.488701328892621e-07
crosssubsidi,9.488701328892621e-07
asquith,9.488701328892621e-07
ijp,9.488701328892621e-07
edj,9.488701328892621e-07
maxj,9.488701328892621e-07
congreg,9.488701328892621e-07
xcx,9.488701328892621e-07
downright,9.488701328892621e-07
ugi,9.488701328892621e-07
solicitor,9.488701328892621e-07
lubik,9.488701328892621e-07
rude,9.488701328892621e-07
umm,9.488701328892621e-07
reverber,9.488701328892621e-07
glue,9.488701328892621e-07
hedger,9.488701328892621e-07
radian,9.488701328892621e-07
collegehigh,9.488701328892621e-07
reim,9.488701328892621e-07
selectiv,9.488701328892621e-07
cheshir,9.488701328892621e-07
scath,9.488701328892621e-07
sang,9.488701328892621e-07
bbs,9.488701328892621e-07
llz,9.488701328892621e-07
gentzkow,9.488701328892621e-07
outpati,9.488701328892621e-07
backofth,9.488701328892621e-07
rmr,9.488701328892621e-07
dlk,9.488701328892621e-07
uxo,9.488701328892621e-07
wnl,9.488701328892621e-07
cramton,9.488701328892621e-07
peleg,9.488701328892621e-07
publican,9.488701328892621e-07
rlm,9.488701328892621e-07
fwf,9.488701328892621e-07
xoc,9.488701328892621e-07
previs,9.488701328892621e-07
circumfer,9.488701328892621e-07
elz,9.488701328892621e-07
gnl,9.488701328892621e-07
cnn,9.488701328892621e-07
crq,9.488701328892621e-07
gcn,9.488701328892621e-07
stru,9.488701328892621e-07
qfn,9.488701328892621e-07
rjo,9.488701328892621e-07
fxu,9.488701328892621e-07
clh,9.488701328892621e-07
tug,9.488701328892621e-07
wixi,9.488701328892621e-07
disenfranchis,9.488701328892621e-07
pluralist,9.488701328892621e-07
hered,9.488701328892621e-07
rgr,9.488701328892621e-07
subjectmatt,9.488701328892621e-07
yyp,9.488701328892621e-07
vixi,9.488701328892621e-07
disecono,9.488701328892621e-07
cepremap,9.488701328892621e-07
threestat,9.488701328892621e-07
ebr,9.488701328892621e-07
bja,9.488701328892621e-07
agar,9.488701328892621e-07
selfrestraint,9.488701328892621e-07
xray,9.488701328892621e-07
veb,9.488701328892621e-07
wjp,9.488701328892621e-07
rsx,9.488701328892621e-07
frorn,9.488701328892621e-07
transactionlevel,9.488701328892621e-07
besoin,9.488701328892621e-07
lavish,9.488701328892621e-07
macgregor,9.488701328892621e-07
distributioni,9.488701328892621e-07
pice,9.488701328892621e-07
harpercollin,9.488701328892621e-07
kermit,9.488701328892621e-07
qqqq,9.488701328892621e-07
eliakim,9.488701328892621e-07
ptv,9.488701328892621e-07
veiy,9.488701328892621e-07
plac,9.488701328892621e-07
cih,9.488701328892621e-07
downtrend,9.488701328892621e-07
wordofmouth,9.488701328892621e-07
rys,9.488701328892621e-07
salemi,9.488701328892621e-07
progeni,9.488701328892621e-07
tru,9.488701328892621e-07
nonincrea,9.488701328892621e-07
utrecht,9.488701328892621e-07
krk,9.488701328892621e-07
axap,9.488701328892621e-07
strug,9.488701328892621e-07
dee,9.488701328892621e-07
xef,9.488701328892621e-07
ordeal,9.488701328892621e-07
passen,9.488701328892621e-07
ilz,9.488701328892621e-07
nur,9.488701328892621e-07
zjj,9.488701328892621e-07
partak,9.488701328892621e-07
valent,9.488701328892621e-07
valeur,9.488701328892621e-07
parabola,9.488701328892621e-07
insuf,9.488701328892621e-07
probi,9.488701328892621e-07
unconcern,9.488701328892621e-07
avia,9.488701328892621e-07
unfund,9.488701328892621e-07
investmentth,9.488701328892621e-07
quasipubl,9.488701328892621e-07
starkest,9.488701328892621e-07
cicchetti,9.488701328892621e-07
problemi,9.488701328892621e-07
monev,9.488701328892621e-07
okunofujiwara,9.488701328892621e-07
gant,9.488701328892621e-07
withincounti,9.488701328892621e-07
irretriev,9.488701328892621e-07
vpv,9.488701328892621e-07
collectivist,9.488701328892621e-07
euq,9.488701328892621e-07
kun,9.488701328892621e-07
ysx,9.488701328892621e-07
ineluct,9.488701328892621e-07
jic,9.488701328892621e-07
rfs,9.488701328892621e-07
terminus,9.488701328892621e-07
tism,9.488701328892621e-07
selflimit,9.488701328892621e-07
conjoint,9.488701328892621e-07
rediscoveri,9.488701328892621e-07
mui,9.488701328892621e-07
qir,9.488701328892621e-07
krantz,9.488701328892621e-07
jzj,9.488701328892621e-07
childbirth,9.488701328892621e-07
wre,9.488701328892621e-07
fascist,9.488701328892621e-07
tifiabl,9.488701328892621e-07
paley,9.488701328892621e-07
ofsampl,9.488701328892621e-07
notenumb,9.488701328892621e-07
utilitv,9.488701328892621e-07
militarili,9.488701328892621e-07
tene,9.488701328892621e-07
eexp,9.488701328892621e-07
kindergarten,9.488701328892621e-07
overoptim,9.488701328892621e-07
delia,9.488701328892621e-07
jrnsteffen,9.488701328892621e-07
chotom,9.488701328892621e-07
schechtman,9.488701328892621e-07
crh,9.488701328892621e-07
fdo,9.488701328892621e-07
homemad,9.488701328892621e-07
fyj,9.488701328892621e-07
ostrovski,6.325800885928414e-07
dha,6.325800885928414e-07
wlh,6.325800885928414e-07
vacil,6.325800885928414e-07
pensatori,6.325800885928414e-07
nondeterminist,6.325800885928414e-07
twostandarddevi,6.325800885928414e-07
nonadjac,6.325800885928414e-07
snake,6.325800885928414e-07
bjorklund,6.325800885928414e-07
wui,6.325800885928414e-07
putate,6.325800885928414e-07
machinebuild,6.325800885928414e-07
mhi,6.325800885928414e-07
inanc,6.325800885928414e-07
krr,6.325800885928414e-07
masteri,6.325800885928414e-07
cogley,6.325800885928414e-07
dunbar,6.325800885928414e-07
fpq,6.325800885928414e-07
confiscatori,6.325800885928414e-07
qxt,6.325800885928414e-07
padova,6.325800885928414e-07
cah,6.325800885928414e-07
ymptotic,6.325800885928414e-07
nonselect,6.325800885928414e-07
agf,6.325800885928414e-07
jik,6.325800885928414e-07
mischiev,6.325800885928414e-07
biject,6.325800885928414e-07
doserespons,6.325800885928414e-07
manytoon,6.325800885928414e-07
giltedg,6.325800885928414e-07
vtc,6.325800885928414e-07
knez,6.325800885928414e-07
igx,6.325800885928414e-07
persecut,6.325800885928414e-07
shulamit,6.325800885928414e-07
selfselec,6.325800885928414e-07
animos,6.325800885928414e-07
martimort,6.325800885928414e-07
taxtransf,6.325800885928414e-07
obama,6.325800885928414e-07
vissingjorgensen,6.325800885928414e-07
liar,6.325800885928414e-07
englishman,6.325800885928414e-07
giornal,6.325800885928414e-07
earlylif,6.325800885928414e-07
tician,6.325800885928414e-07
demerit,6.325800885928414e-07
nok,6.325800885928414e-07
akerman,6.325800885928414e-07
fexp,6.325800885928414e-07
poker,6.325800885928414e-07
cirano,6.325800885928414e-07
prayer,6.325800885928414e-07
greed,6.325800885928414e-07
mior,6.325800885928414e-07
ishment,6.325800885928414e-07
tgl,6.325800885928414e-07
semipubl,6.325800885928414e-07
xlxl,6.325800885928414e-07
yra,6.325800885928414e-07
minb,6.325800885928414e-07
jessica,6.325800885928414e-07
higherrank,6.325800885928414e-07
syllog,6.325800885928414e-07
bldg,6.325800885928414e-07
dissatisfac,6.325800885928414e-07
inatten,6.325800885928414e-07
mmn,6.325800885928414e-07
realisti,6.325800885928414e-07
affirmativeact,6.325800885928414e-07
illl,6.325800885928414e-07
senti,6.325800885928414e-07
hfx,6.325800885928414e-07
sms,6.325800885928414e-07
crook,6.325800885928414e-07
esthet,6.325800885928414e-07
tardi,6.325800885928414e-07
bub,6.325800885928414e-07
fastfood,6.325800885928414e-07
chaim,6.325800885928414e-07
ejp,6.325800885928414e-07
commonlaw,6.325800885928414e-07
mirko,6.325800885928414e-07
agger,6.325800885928414e-07
hnl,6.325800885928414e-07
tlp,6.325800885928414e-07
cwo,6.325800885928414e-07
xing,6.325800885928414e-07
unverifi,6.325800885928414e-07
uju,6.325800885928414e-07
supremum,6.325800885928414e-07
rutstrm,6.325800885928414e-07
ghent,6.325800885928414e-07
qpx,6.325800885928414e-07
fjv,6.325800885928414e-07
subservi,6.325800885928414e-07
unearth,6.325800885928414e-07
booktomarket,6.325800885928414e-07
millionair,6.325800885928414e-07
regionyear,6.325800885928414e-07
milbourn,6.325800885928414e-07
arcidiacono,6.325800885928414e-07
alimoni,6.325800885928414e-07
auw,6.325800885928414e-07
disservic,6.325800885928414e-07
rema,6.325800885928414e-07
murat,6.325800885928414e-07
mensur,6.325800885928414e-07
kalai,6.325800885928414e-07
noge,6.325800885928414e-07
kofi,6.325800885928414e-07
courtord,6.325800885928414e-07
survi,6.325800885928414e-07
ajv,6.325800885928414e-07
qvi,6.325800885928414e-07
spectr,6.325800885928414e-07
roos,6.325800885928414e-07
bazerman,6.325800885928414e-07
haunt,6.325800885928414e-07
clich,6.325800885928414e-07
perceptu,6.325800885928414e-07
kelso,6.325800885928414e-07
luj,6.325800885928414e-07
tvv,6.325800885928414e-07
abigail,6.325800885928414e-07
rjn,6.325800885928414e-07
drucker,6.325800885928414e-07
cemmap,6.325800885928414e-07
joanna,6.325800885928414e-07
noxious,6.325800885928414e-07
fait,6.325800885928414e-07
preconceiv,6.325800885928414e-07
zio,6.325800885928414e-07
moldovanu,6.325800885928414e-07
majorityrul,6.325800885928414e-07
delist,6.325800885928414e-07
glover,6.325800885928414e-07
wvar,6.325800885928414e-07
elbow,6.325800885928414e-07
chat,6.325800885928414e-07
royden,6.325800885928414e-07
hension,6.325800885928414e-07
vike,6.325800885928414e-07
recompens,6.325800885928414e-07
mib,6.325800885928414e-07
preferencebas,6.325800885928414e-07
vnn,6.325800885928414e-07
lauren,6.325800885928414e-07
pascalin,6.325800885928414e-07
itii,6.325800885928414e-07
ofpolit,6.325800885928414e-07
plausibil,6.325800885928414e-07
barisaac,6.325800885928414e-07
bhm,6.325800885928414e-07
tkj,6.325800885928414e-07
modulo,6.325800885928414e-07
humani,6.325800885928414e-07
foretel,6.325800885928414e-07
oru,6.325800885928414e-07
pray,6.325800885928414e-07
expn,6.325800885928414e-07
millard,6.325800885928414e-07
xpn,6.325800885928414e-07
uax,6.325800885928414e-07
bibl,6.325800885928414e-07
grati,6.325800885928414e-07
erer,6.325800885928414e-07
twl,6.325800885928414e-07
certi,6.325800885928414e-07
problemn,6.325800885928414e-07
stricken,6.325800885928414e-07
doiqjeqjt,6.325800885928414e-07
bluff,6.325800885928414e-07
counselor,6.325800885928414e-07
poet,6.325800885928414e-07
superposit,6.325800885928414e-07
mighti,6.325800885928414e-07
samwick,6.325800885928414e-07
dignifi,6.325800885928414e-07
unimpair,6.325800885928414e-07
collabora,6.325800885928414e-07
grief,6.325800885928414e-07
wuw,6.325800885928414e-07
thu,6.325800885928414e-07
karlan,6.325800885928414e-07
benvenist,6.325800885928414e-07
sop,6.325800885928414e-07
duel,6.325800885928414e-07
edific,6.325800885928414e-07
yvi,6.325800885928414e-07
herstein,6.325800885928414e-07
fujiwara,6.325800885928414e-07
dqd,6.325800885928414e-07
botticini,6.325800885928414e-07
cogenc,6.325800885928414e-07
simil,6.325800885928414e-07
villaverd,6.325800885928414e-07
fugit,6.325800885928414e-07
jobchang,6.325800885928414e-07
ttit,6.325800885928414e-07
aspen,6.325800885928414e-07
bda,6.325800885928414e-07
deavor,6.325800885928414e-07
bagnoli,6.325800885928414e-07
knowabl,6.325800885928414e-07
flavio,6.325800885928414e-07
baj,6.325800885928414e-07
ibx,6.325800885928414e-07
eitheror,6.325800885928414e-07
allai,6.325800885928414e-07
exf,6.325800885928414e-07
gox,6.325800885928414e-07
milano,6.325800885928414e-07
vrj,6.325800885928414e-07
persico,6.325800885928414e-07
laliv,6.325800885928414e-07
culbertson,6.325800885928414e-07
gwilym,6.325800885928414e-07
collegi,6.325800885928414e-07
ptkt,6.325800885928414e-07
simultaneousmov,6.325800885928414e-07
chf,6.325800885928414e-07
qaa,6.325800885928414e-07
aag,6.325800885928414e-07
sga,6.325800885928414e-07
uao,6.325800885928414e-07
satori,6.325800885928414e-07
werlang,6.325800885928414e-07
belfast,6.325800885928414e-07
thori,6.325800885928414e-07
ezj,6.325800885928414e-07
frederico,6.325800885928414e-07
farga,6.325800885928414e-07
dynamiqu,6.325800885928414e-07
uxl,6.325800885928414e-07
znn,6.325800885928414e-07
muchneed,6.325800885928414e-07
wicksellian,6.325800885928414e-07
wqi,6.325800885928414e-07
logiqu,6.325800885928414e-07
carryback,6.325800885928414e-07
viai,6.325800885928414e-07
nonpens,6.325800885928414e-07
sera,6.325800885928414e-07
uim,6.325800885928414e-07
frangoi,6.325800885928414e-07
caratheodori,6.325800885928414e-07
abdic,6.325800885928414e-07
halfheart,6.325800885928414e-07
fpk,6.325800885928414e-07
truistic,6.325800885928414e-07
fjo,6.325800885928414e-07
eor,6.325800885928414e-07
heski,6.325800885928414e-07
redound,6.325800885928414e-07
repullo,6.325800885928414e-07
dupa,6.325800885928414e-07
joj,6.325800885928414e-07
convic,6.325800885928414e-07
reaucrat,6.325800885928414e-07
whittl,6.325800885928414e-07
sanderson,6.325800885928414e-07
wpp,6.325800885928414e-07
samaritan,6.325800885928414e-07
kartik,6.325800885928414e-07
foretold,6.325800885928414e-07
limx,6.325800885928414e-07
showcas,6.325800885928414e-07
aph,6.325800885928414e-07
secondlowest,6.325800885928414e-07
sixtieth,6.325800885928414e-07
benefic,6.325800885928414e-07
hansard,6.325800885928414e-07
volkswirtschaft,6.325800885928414e-07
noninstitution,6.325800885928414e-07
pumpprim,6.325800885928414e-07
hockey,6.325800885928414e-07
ftq,6.325800885928414e-07
underclass,6.325800885928414e-07
jourdan,6.325800885928414e-07
xer,6.325800885928414e-07
ocj,6.325800885928414e-07
tml,6.325800885928414e-07
uaa,6.325800885928414e-07
fernndez,6.325800885928414e-07
welter,6.325800885928414e-07
josiah,6.325800885928414e-07
ump,6.325800885928414e-07
freeenterpris,6.325800885928414e-07
selfadjust,6.325800885928414e-07
economl,6.325800885928414e-07
complimentari,6.325800885928414e-07
ehud,6.325800885928414e-07
italiana,6.325800885928414e-07
wjr,6.325800885928414e-07
lovallo,6.325800885928414e-07
whim,6.325800885928414e-07
kgk,6.325800885928414e-07
cosslett,6.325800885928414e-07
tortur,6.325800885928414e-07
repartit,6.325800885928414e-07
summon,6.325800885928414e-07
tortuous,6.325800885928414e-07
paretoineffici,6.325800885928414e-07
arec,6.325800885928414e-07
flimsi,6.325800885928414e-07
persever,6.325800885928414e-07
nicip,6.325800885928414e-07
marcet,6.325800885928414e-07
doubleentri,6.325800885928414e-07
pwc,6.325800885928414e-07
bleed,6.325800885928414e-07
sorrow,6.325800885928414e-07
nonintervent,6.325800885928414e-07
terfer,6.325800885928414e-07
tenu,6.325800885928414e-07
pka,6.325800885928414e-07
unremit,6.325800885928414e-07
infiltr,6.325800885928414e-07
apprehend,6.325800885928414e-07
outspoken,6.325800885928414e-07
quibbl,6.325800885928414e-07
travaux,6.325800885928414e-07
frugal,6.325800885928414e-07
quiz,6.325800885928414e-07
sacrosanct,6.325800885928414e-07
thirdbest,6.325800885928414e-07
rendement,6.325800885928414e-07
myy,6.325800885928414e-07
xili,6.325800885928414e-07
boundless,6.325800885928414e-07
capitali,6.325800885928414e-07
rousseau,6.325800885928414e-07
zla,6.325800885928414e-07
headtohead,6.325800885928414e-07
nemour,6.325800885928414e-07
nondegeneraci,6.325800885928414e-07
statea,6.325800885928414e-07
jfc,6.325800885928414e-07
positor,6.325800885928414e-07
workpeopl,6.325800885928414e-07
mtpt,6.325800885928414e-07
selfrespect,6.325800885928414e-07
invulner,6.325800885928414e-07
gixi,6.325800885928414e-07
logearn,6.325800885928414e-07
garen,6.325800885928414e-07
fvv,6.325800885928414e-07
surreptiti,6.325800885928414e-07
interpos,6.325800885928414e-07
ddj,6.325800885928414e-07
gradua,6.325800885928414e-07
fullrank,6.325800885928414e-07
hoddinott,6.325800885928414e-07
ablest,6.325800885928414e-07
undernourish,6.325800885928414e-07
eoj,6.325800885928414e-07
knotti,6.325800885928414e-07
fundrais,6.325800885928414e-07
jjp,6.325800885928414e-07
illadvis,6.325800885928414e-07
edx,6.325800885928414e-07
redraw,6.325800885928414e-07
ajm,6.325800885928414e-07
maxf,6.325800885928414e-07
denecker,6.325800885928414e-07
pwa,6.325800885928414e-07
felicit,6.325800885928414e-07
terrif,6.325800885928414e-07
susanna,6.325800885928414e-07
acclaim,6.325800885928414e-07
ylm,6.325800885928414e-07
buyback,6.325800885928414e-07
denunci,6.325800885928414e-07
subtitl,6.325800885928414e-07
jermann,6.325800885928414e-07
oreilli,6.325800885928414e-07
agnostic,6.325800885928414e-07
sonsteli,6.325800885928414e-07
nft,6.325800885928414e-07
joumnal,6.325800885928414e-07
constantinid,6.325800885928414e-07
cashless,6.325800885928414e-07
cindi,6.325800885928414e-07
grudg,6.325800885928414e-07
lfx,6.325800885928414e-07
axh,6.325800885928414e-07
vbt,6.325800885928414e-07
simist,6.325800885928414e-07
uhc,6.325800885928414e-07
dya,6.325800885928414e-07
zjs,6.325800885928414e-07
bilingu,6.325800885928414e-07
enquet,6.325800885928414e-07
ryr,6.325800885928414e-07
uneth,6.325800885928414e-07
monthend,6.325800885928414e-07
etat,6.325800885928414e-07
asim,6.325800885928414e-07
blitz,6.325800885928414e-07
pardon,6.325800885928414e-07
pasadena,6.325800885928414e-07
afm,6.325800885928414e-07
hesi,6.325800885928414e-07
opk,6.325800885928414e-07
vxl,6.325800885928414e-07
mnn,6.325800885928414e-07
xav,6.325800885928414e-07
lowrat,6.325800885928414e-07
theolog,6.325800885928414e-07
vpk,6.325800885928414e-07
vap,6.325800885928414e-07
sorri,6.325800885928414e-07
albanesi,6.325800885928414e-07
qrn,6.325800885928414e-07
pesendorf,6.325800885928414e-07
schennach,6.325800885928414e-07
deliver,6.325800885928414e-07
unidimension,6.325800885928414e-07
trickier,6.325800885928414e-07
overstress,6.325800885928414e-07
representativeag,6.325800885928414e-07
hzi,6.325800885928414e-07
landgrant,6.325800885928414e-07
appointe,6.325800885928414e-07
valle,6.325800885928414e-07
ezz,6.325800885928414e-07
sparsiti,6.325800885928414e-07
cnp,6.325800885928414e-07
piazzesi,6.325800885928414e-07
underinsur,6.325800885928414e-07
eho,6.325800885928414e-07
finitest,6.325800885928414e-07
triest,6.325800885928414e-07
grandios,6.325800885928414e-07
childless,6.325800885928414e-07
taf,6.325800885928414e-07
iah,6.325800885928414e-07
highdimension,6.325800885928414e-07
sexism,6.325800885928414e-07
nondictatori,6.325800885928414e-07
superset,6.325800885928414e-07
ikn,6.325800885928414e-07
wellesley,6.325800885928414e-07
nondiscrimina,6.325800885928414e-07
bours,6.325800885928414e-07
overton,6.325800885928414e-07
kac,6.325800885928414e-07
mathematik,6.325800885928414e-07
higherrisk,6.325800885928414e-07
jornsteffen,6.325800885928414e-07
npo,6.325800885928414e-07
wrest,6.325800885928414e-07
dcj,6.325800885928414e-07
whitehead,6.325800885928414e-07
mobiliza,6.325800885928414e-07
veer,6.325800885928414e-07
postlewait,6.325800885928414e-07
ifg,6.325800885928414e-07
malais,6.325800885928414e-07
uncl,6.325800885928414e-07
pede,6.325800885928414e-07
xpz,6.325800885928414e-07
phs,6.325800885928414e-07
derelict,6.325800885928414e-07
rwo,6.325800885928414e-07
lire,6.325800885928414e-07
apologet,6.325800885928414e-07
rotten,6.325800885928414e-07
hmi,6.325800885928414e-07
anachron,6.325800885928414e-07
eiei,6.325800885928414e-07
maxk,6.325800885928414e-07
monster,6.325800885928414e-07
theyr,6.325800885928414e-07
rite,6.325800885928414e-07
loophol,6.325800885928414e-07
xqx,6.325800885928414e-07
prendergast,6.325800885928414e-07
quaint,6.325800885928414e-07
appren,6.325800885928414e-07
vcj,6.325800885928414e-07
antipathi,6.325800885928414e-07
wtr,6.325800885928414e-07
meltdown,6.325800885928414e-07
sabelhaus,6.325800885928414e-07
gentleman,6.325800885928414e-07
berkovec,6.325800885928414e-07
eiii,6.325800885928414e-07
brugiavini,6.325800885928414e-07
zhuravskaya,6.325800885928414e-07
versaill,6.325800885928414e-07
inculc,6.325800885928414e-07
tauman,6.325800885928414e-07
downfal,6.325800885928414e-07
beller,6.325800885928414e-07
plaza,6.325800885928414e-07
coinag,6.325800885928414e-07
hawthorn,6.325800885928414e-07
pipo,6.325800885928414e-07
nwo,6.325800885928414e-07
igor,6.325800885928414e-07
assay,6.325800885928414e-07
goodsth,6.325800885928414e-07
vicki,6.325800885928414e-07
africanamerican,6.325800885928414e-07
incommensur,6.325800885928414e-07
skorohod,6.325800885928414e-07
veall,6.325800885928414e-07
rpf,6.325800885928414e-07
saxon,6.325800885928414e-07
equanim,6.325800885928414e-07
lwl,6.325800885928414e-07
erratum,6.325800885928414e-07
frenzi,6.325800885928414e-07
aloof,6.325800885928414e-07
wieser,6.325800885928414e-07
propagandist,6.325800885928414e-07
smack,6.325800885928414e-07
ucf,6.325800885928414e-07
detat,6.325800885928414e-07
condorcet,6.325800885928414e-07
inicreas,6.325800885928414e-07
ddm,6.325800885928414e-07
fittest,6.325800885928414e-07
intergen,6.325800885928414e-07
allur,6.325800885928414e-07
positiv,6.325800885928414e-07
silenc,6.325800885928414e-07
imbu,6.325800885928414e-07
bria,6.325800885928414e-07
smell,6.325800885928414e-07
tdl,6.325800885928414e-07
tyx,6.325800885928414e-07
rostagno,6.325800885928414e-07
camill,6.325800885928414e-07
eiz,6.325800885928414e-07
overdon,6.325800885928414e-07
vtvt,6.325800885928414e-07
devon,6.325800885928414e-07
endproduct,6.325800885928414e-07
bourgeoisi,6.325800885928414e-07
urzua,6.325800885928414e-07
plunder,6.325800885928414e-07
positivist,6.325800885928414e-07
annul,6.325800885928414e-07
fantasi,6.325800885928414e-07
tenaci,6.325800885928414e-07
hartog,6.325800885928414e-07
irh,6.325800885928414e-07
monnai,6.325800885928414e-07
viral,6.325800885928414e-07
breast,6.325800885928414e-07
insidi,6.325800885928414e-07
preprogram,6.325800885928414e-07
biliz,6.325800885928414e-07
qjo,6.325800885928414e-07
ereign,6.325800885928414e-07
bno,6.325800885928414e-07
ruinous,6.325800885928414e-07
unend,6.325800885928414e-07
qxx,6.325800885928414e-07
figu,6.325800885928414e-07
preju,6.325800885928414e-07
tlq,6.325800885928414e-07
unanswer,6.325800885928414e-07
onment,6.325800885928414e-07
unassail,6.325800885928414e-07
penchant,6.325800885928414e-07
mnm,6.325800885928414e-07
vulgar,6.325800885928414e-07
kkj,6.325800885928414e-07
overexpand,6.325800885928414e-07
forgot,6.325800885928414e-07
demor,6.325800885928414e-07
moralhazard,6.325800885928414e-07
coloss,6.325800885928414e-07
brutal,6.325800885928414e-07
desira,6.325800885928414e-07
debted,6.325800885928414e-07
samet,6.325800885928414e-07
llk,6.325800885928414e-07
fixedinterest,6.325800885928414e-07
illinform,6.325800885928414e-07
zez,6.325800885928414e-07
klj,6.325800885928414e-07
vot,6.325800885928414e-07
noncoopera,6.325800885928414e-07
thew,6.325800885928414e-07
auspici,6.325800885928414e-07
aint,6.325800885928414e-07
gremaq,6.325800885928414e-07
imprison,6.325800885928414e-07
harstad,6.325800885928414e-07
polem,6.325800885928414e-07
iqk,6.325800885928414e-07
concoct,6.325800885928414e-07
szeidl,6.325800885928414e-07
interdepartment,6.325800885928414e-07
mathematischen,6.325800885928414e-07
rxa,6.325800885928414e-07
quell,6.325800885928414e-07
forthwith,6.325800885928414e-07
brave,6.325800885928414e-07
admixtur,6.325800885928414e-07
exasper,6.325800885928414e-07
heret,6.325800885928414e-07
internship,6.325800885928414e-07
blackboard,6.325800885928414e-07
quil,6.325800885928414e-07
infest,6.325800885928414e-07
seventeenthcenturi,6.325800885928414e-07
relativ,6.325800885928414e-07
impa,6.325800885928414e-07
dekel,6.325800885928414e-07
jih,6.325800885928414e-07
sprung,6.325800885928414e-07
xist,6.325800885928414e-07
benassi,6.325800885928414e-07
vvx,6.325800885928414e-07
brigitt,6.325800885928414e-07
ninemonth,6.325800885928414e-07
entwicklung,6.325800885928414e-07
yfx,6.325800885928414e-07
festat,6.325800885928414e-07
nkt,6.325800885928414e-07
sandeep,6.325800885928414e-07
incentivebas,6.325800885928414e-07
qui,6.325800885928414e-07
grogger,6.325800885928414e-07
prdation,6.325800885928414e-07
rochet,6.325800885928414e-07
dissoci,6.325800885928414e-07
thes,6.325800885928414e-07
spectacl,6.325800885928414e-07
vpe,6.325800885928414e-07
ffu,6.325800885928414e-07
symphoni,6.325800885928414e-07
ytst,6.325800885928414e-07
zzo,6.325800885928414e-07
makowski,6.325800885928414e-07
ucberkeley,6.325800885928414e-07
fka,6.325800885928414e-07
xxn,6.325800885928414e-07
hansmann,6.325800885928414e-07
xeo,6.325800885928414e-07
neymanpearson,6.325800885928414e-07
cqn,6.325800885928414e-07
nonsoci,6.325800885928414e-07
ayc,6.325800885928414e-07
stambaugh,6.325800885928414e-07
mickey,6.325800885928414e-07
endar,6.325800885928414e-07
axii,6.325800885928414e-07
uul,6.325800885928414e-07
cyo,6.325800885928414e-07
nrn,6.325800885928414e-07
thogon,6.325800885928414e-07
wco,6.325800885928414e-07
fht,6.325800885928414e-07
counterinflationari,6.325800885928414e-07
taw,6.325800885928414e-07
bhps,6.325800885928414e-07
mentor,6.325800885928414e-07
splitsampl,6.325800885928414e-07
misin,6.325800885928414e-07
governmn,6.325800885928414e-07
vrv,6.325800885928414e-07
inmat,6.325800885928414e-07
crosscultur,6.325800885928414e-07
pjo,6.325800885928414e-07
xed,6.325800885928414e-07
marijuana,6.325800885928414e-07
etut,6.325800885928414e-07
vlo,6.325800885928414e-07
frn,6.325800885928414e-07
vpa,6.325800885928414e-07
turbat,6.325800885928414e-07
repertoir,6.325800885928414e-07
awri,6.325800885928414e-07
nosi,6.325800885928414e-07
bester,6.325800885928414e-07
sib,6.325800885928414e-07
permanenttransitori,6.325800885928414e-07
majori,6.325800885928414e-07
ige,6.325800885928414e-07
xja,6.325800885928414e-07
auy,6.325800885928414e-07
pretenc,6.325800885928414e-07
overridden,6.325800885928414e-07
schizophren,6.325800885928414e-07
balasko,6.325800885928414e-07
eex,6.325800885928414e-07
sfk,6.325800885928414e-07
ccb,6.325800885928414e-07
twoearner,6.325800885928414e-07
sprinkl,6.325800885928414e-07
louder,6.325800885928414e-07
jani,6.325800885928414e-07
spiraci,6.325800885928414e-07
dcc,6.325800885928414e-07
deaf,6.325800885928414e-07
popper,6.325800885928414e-07
qtkt,6.325800885928414e-07
midterm,6.325800885928414e-07
kjell,6.325800885928414e-07
ihx,6.325800885928414e-07
glp,6.325800885928414e-07
sono,6.325800885928414e-07
cun,6.325800885928414e-07
ihh,6.325800885928414e-07
jui,6.325800885928414e-07
fys,6.325800885928414e-07
ttdt,6.325800885928414e-07
militia,6.325800885928414e-07
undet,6.325800885928414e-07
hermalin,6.325800885928414e-07
technion,6.325800885928414e-07
ribar,6.325800885928414e-07
compan,6.325800885928414e-07
timeus,6.325800885928414e-07
multist,6.325800885928414e-07
michaelid,6.325800885928414e-07
bml,6.325800885928414e-07
garrison,6.325800885928414e-07
fondazion,6.325800885928414e-07
cjf,6.325800885928414e-07
fya,6.325800885928414e-07
fixedexchanger,6.325800885928414e-07
zang,6.325800885928414e-07
costofcapit,6.325800885928414e-07
koa,6.325800885928414e-07
gossip,6.325800885928414e-07
overidenti,6.325800885928414e-07
pzl,6.325800885928414e-07
opo,6.325800885928414e-07
smallbusi,6.325800885928414e-07
ktf,6.325800885928414e-07
neater,6.325800885928414e-07
madi,6.325800885928414e-07
interp,6.325800885928414e-07
overweigh,6.325800885928414e-07
wrongdo,6.325800885928414e-07
qjq,6.325800885928414e-07
samn,6.325800885928414e-07
vtv,6.325800885928414e-07
huberman,6.325800885928414e-07
differencesin,6.325800885928414e-07
qpi,6.325800885928414e-07
grassroot,6.325800885928414e-07
moreorless,6.325800885928414e-07
luenberg,6.325800885928414e-07
selfassess,6.325800885928414e-07
uam,6.325800885928414e-07
ztr,6.325800885928414e-07
shrug,6.325800885928414e-07
uai,6.325800885928414e-07
outlast,6.325800885928414e-07
dissemi,6.325800885928414e-07
nonfinan,6.325800885928414e-07
allpurpos,6.325800885928414e-07
husbandwif,6.325800885928414e-07
baggag,6.325800885928414e-07
agon,6.325800885928414e-07
lauderdal,6.325800885928414e-07
etit,6.325800885928414e-07
gunderson,6.325800885928414e-07
lowestpaid,6.325800885928414e-07
jsi,6.325800885928414e-07
bankspecif,6.325800885928414e-07
metz,6.325800885928414e-07
baba,6.325800885928414e-07
wlj,6.325800885928414e-07
priorit,6.325800885928414e-07
yixi,6.325800885928414e-07
fong,6.325800885928414e-07
hjs,6.325800885928414e-07
texp,6.325800885928414e-07
lss,6.325800885928414e-07
ghi,6.325800885928414e-07
appendag,6.325800885928414e-07
probt,6.325800885928414e-07
atif,6.325800885928414e-07
nyi,6.325800885928414e-07
highperform,6.325800885928414e-07
twosampl,6.325800885928414e-07
pail,6.325800885928414e-07
uee,6.325800885928414e-07
farewel,6.325800885928414e-07
mcj,6.325800885928414e-07
malic,6.325800885928414e-07
iiz,6.325800885928414e-07
substract,6.325800885928414e-07
icymak,6.325800885928414e-07
comeback,6.325800885928414e-07
nonsystemat,6.325800885928414e-07
associt,6.325800885928414e-07
errorfre,6.325800885928414e-07
jjn,6.325800885928414e-07
sgr,6.325800885928414e-07
uxa,6.325800885928414e-07
vmm,6.325800885928414e-07
hax,6.325800885928414e-07
errant,6.325800885928414e-07
fundamentalist,6.325800885928414e-07
uta,6.325800885928414e-07
ceptiv,6.325800885928414e-07
dao,6.325800885928414e-07
gul,6.325800885928414e-07
pxq,6.325800885928414e-07
ixf,6.325800885928414e-07
xof,6.325800885928414e-07
genadek,6.325800885928414e-07
inid,6.325800885928414e-07
aeq,6.325800885928414e-07
xsa,6.325800885928414e-07
utp,6.325800885928414e-07
vvj,6.325800885928414e-07
doan,6.325800885928414e-07
efn,6.325800885928414e-07
kalbfleisch,6.325800885928414e-07
willen,6.325800885928414e-07
nonviol,6.325800885928414e-07
fairfax,6.325800885928414e-07
alaa,6.325800885928414e-07
lail,6.325800885928414e-07
subgradi,6.325800885928414e-07
shearer,6.325800885928414e-07
qeq,6.325800885928414e-07
bing,6.325800885928414e-07
vivian,6.325800885928414e-07
webber,6.325800885928414e-07
tufano,6.325800885928414e-07
laborincom,6.325800885928414e-07
corcoran,6.325800885928414e-07
refurbish,6.325800885928414e-07
dunford,6.325800885928414e-07
elsi,6.325800885928414e-07
lkk,6.325800885928414e-07
utut,6.325800885928414e-07
lbt,6.325800885928414e-07
uro,6.325800885928414e-07
hewlett,6.325800885928414e-07
rubenstein,6.325800885928414e-07
icontinu,6.325800885928414e-07
imc,6.325800885928414e-07
click,6.325800885928414e-07
fjc,6.325800885928414e-07
subjug,6.325800885928414e-07
vibrant,6.325800885928414e-07
bloodi,6.325800885928414e-07
magn,6.325800885928414e-07
dxdp,6.325800885928414e-07
xtc,6.325800885928414e-07
egorov,6.325800885928414e-07
grail,6.325800885928414e-07
equationsa,6.325800885928414e-07
cioeconom,6.325800885928414e-07
emx,6.325800885928414e-07
punctual,6.325800885928414e-07
driftless,6.325800885928414e-07
mxn,6.325800885928414e-07
nlr,6.325800885928414e-07
suad,6.325800885928414e-07
rrw,6.325800885928414e-07
vej,6.325800885928414e-07
alvaro,6.325800885928414e-07
dyadic,6.325800885928414e-07
aev,6.325800885928414e-07
viktor,6.325800885928414e-07
petenc,6.325800885928414e-07
cej,6.325800885928414e-07
uiditi,6.325800885928414e-07
rocal,6.325800885928414e-07
amic,6.325800885928414e-07
shap,6.325800885928414e-07
wellaccept,6.325800885928414e-07
farflung,6.325800885928414e-07
prn,6.325800885928414e-07
pyh,6.325800885928414e-07
nisbett,6.325800885928414e-07
debtdefl,6.325800885928414e-07
massproduc,6.325800885928414e-07
viq,6.325800885928414e-07
perfectinform,6.325800885928414e-07
utat,6.325800885928414e-07
viy,6.325800885928414e-07
ulp,6.325800885928414e-07
emptor,6.325800885928414e-07
tyl,6.325800885928414e-07
kami,6.325800885928414e-07
hodgman,6.325800885928414e-07
wfp,6.325800885928414e-07
wlog,6.325800885928414e-07
auk,6.325800885928414e-07
rma,6.325800885928414e-07
poj,6.325800885928414e-07
olw,6.325800885928414e-07
tegi,6.325800885928414e-07
vbl,6.325800885928414e-07
iyn,6.325800885928414e-07
cxn,6.325800885928414e-07
etu,6.325800885928414e-07
aiji,6.325800885928414e-07
mls,6.325800885928414e-07
kbi,6.325800885928414e-07
pne,6.325800885928414e-07
iae,6.325800885928414e-07
orderpreserv,6.325800885928414e-07
vjj,6.325800885928414e-07
counten,6.325800885928414e-07
rosengren,6.325800885928414e-07
lef,6.325800885928414e-07
vof,6.325800885928414e-07
wiu,6.325800885928414e-07
sophistica,6.325800885928414e-07
kemeni,6.325800885928414e-07
btb,6.325800885928414e-07
gerous,6.325800885928414e-07
slur,6.325800885928414e-07
ytv,6.325800885928414e-07
wad,6.325800885928414e-07
pbl,6.325800885928414e-07
xfp,6.325800885928414e-07
ozo,6.325800885928414e-07
laboratoir,6.325800885928414e-07
imin,6.325800885928414e-07
minr,6.325800885928414e-07
lql,6.325800885928414e-07
fxw,6.325800885928414e-07
postperiod,6.325800885928414e-07
abj,6.325800885928414e-07
daz,6.325800885928414e-07
dirac,6.325800885928414e-07
tourna,6.325800885928414e-07
rgi,6.325800885928414e-07
accompli,6.325800885928414e-07
neonat,6.325800885928414e-07
wfa,6.325800885928414e-07
gxo,6.325800885928414e-07
ssg,6.325800885928414e-07
dzo,6.325800885928414e-07
agj,6.325800885928414e-07
denumer,6.325800885928414e-07
nonrecurs,6.325800885928414e-07
fds,6.325800885928414e-07
intransig,6.325800885928414e-07
andd,6.325800885928414e-07
litter,6.325800885928414e-07
bta,6.325800885928414e-07
fui,6.325800885928414e-07
bjl,6.325800885928414e-07
arleen,6.325800885928414e-07
dph,6.325800885928414e-07
tui,6.325800885928414e-07
biq,6.325800885928414e-07
hmo,6.325800885928414e-07
doob,6.325800885928414e-07
tellectu,6.325800885928414e-07
cqr,6.325800885928414e-07
incomei,6.325800885928414e-07
innerc,6.325800885928414e-07
uxx,6.325800885928414e-07
ofpocket,6.325800885928414e-07
uql,6.325800885928414e-07
presiden,6.325800885928414e-07
shanken,6.325800885928414e-07
performancerel,6.325800885928414e-07
qbt,6.325800885928414e-07
vkl,6.325800885928414e-07
rql,6.325800885928414e-07
wvhere,6.325800885928414e-07
schoolbas,6.325800885928414e-07
hfl,6.325800885928414e-07
preacher,6.325800885928414e-07
abysm,6.325800885928414e-07
passbook,6.325800885928414e-07
aaf,6.325800885928414e-07
dov,6.325800885928414e-07
biii,6.325800885928414e-07
caseth,6.325800885928414e-07
anmerican,6.325800885928414e-07
alai,6.325800885928414e-07
bicamer,6.325800885928414e-07
gijbel,6.325800885928414e-07
retrac,6.325800885928414e-07
divulg,6.325800885928414e-07
ttv,6.325800885928414e-07
ownrat,6.325800885928414e-07
hospi,6.325800885928414e-07
htn,6.325800885928414e-07
rsn,6.325800885928414e-07
otx,6.325800885928414e-07
otb,6.325800885928414e-07
oph,6.325800885928414e-07
auo,6.325800885928414e-07
pof,6.325800885928414e-07
tableaux,6.325800885928414e-07
ivg,6.325800885928414e-07
navarro,6.325800885928414e-07
hki,6.325800885928414e-07
literatureth,6.325800885928414e-07
amam,6.325800885928414e-07
drandaki,6.325800885928414e-07
ejo,6.325800885928414e-07
coland,6.325800885928414e-07
oie,6.325800885928414e-07
iuo,6.325800885928414e-07
fiai,6.325800885928414e-07
yig,6.325800885928414e-07
rnm,6.325800885928414e-07
eetet,6.325800885928414e-07
ttn,6.325800885928414e-07
brickley,6.325800885928414e-07
analysisa,6.325800885928414e-07
profitmak,6.325800885928414e-07
ufl,6.325800885928414e-07
weierstrass,6.325800885928414e-07
xfj,6.325800885928414e-07
leibniz,6.325800885928414e-07
measl,6.325800885928414e-07
nnm,6.325800885928414e-07
rlh,6.325800885928414e-07
bns,6.325800885928414e-07
assunmpt,6.325800885928414e-07
tsj,6.325800885928414e-07
sealedbid,6.325800885928414e-07
topdown,6.325800885928414e-07
designa,6.325800885928414e-07
jdj,6.325800885928414e-07
fhi,6.325800885928414e-07
onx,6.325800885928414e-07
maya,6.325800885928414e-07
bler,6.325800885928414e-07
kyo,6.325800885928414e-07
vzz,6.325800885928414e-07
axelrod,6.325800885928414e-07
kyl,6.325800885928414e-07
meanindepend,6.325800885928414e-07
xay,6.325800885928414e-07
benz,6.325800885928414e-07
jfj,6.325800885928414e-07
lowerpay,6.325800885928414e-07
renumb,6.325800885928414e-07
xtpt,6.325800885928414e-07
pvj,6.325800885928414e-07
underdetermin,6.325800885928414e-07
affir,6.325800885928414e-07
malehead,6.325800885928414e-07
mtr,6.325800885928414e-07
ffs,6.325800885928414e-07
allingham,6.325800885928414e-07
initio,6.325800885928414e-07
cmo,6.325800885928414e-07
chill,6.325800885928414e-07
hht,6.325800885928414e-07
sif,6.325800885928414e-07
fkp,6.325800885928414e-07
oho,6.325800885928414e-07
araujo,6.325800885928414e-07
cxj,6.325800885928414e-07
heterodox,6.325800885928414e-07
ostrac,6.325800885928414e-07
microstructur,6.325800885928414e-07
evoc,6.325800885928414e-07
cpss,6.325800885928414e-07
nonfundament,6.325800885928414e-07
undomin,6.325800885928414e-07
gbi,6.325800885928414e-07
cernibl,6.325800885928414e-07
serrano,6.325800885928414e-07
mxx,6.325800885928414e-07
gax,6.325800885928414e-07
ryn,6.325800885928414e-07
nichd,6.325800885928414e-07
flagship,6.325800885928414e-07
flanneri,6.325800885928414e-07
varn,6.325800885928414e-07
aggregatelevel,6.325800885928414e-07
dolton,6.325800885928414e-07
pavlov,6.325800885928414e-07
romant,6.325800885928414e-07
xfn,6.325800885928414e-07
naivet,6.325800885928414e-07
obedi,6.325800885928414e-07
zimmer,6.325800885928414e-07
suicid,6.325800885928414e-07
lpo,6.325800885928414e-07
philipson,6.325800885928414e-07
mirrorimag,6.325800885928414e-07
cough,6.325800885928414e-07
donohu,6.325800885928414e-07
tye,6.325800885928414e-07
baccalaur,6.325800885928414e-07
uif,6.325800885928414e-07
zandt,6.325800885928414e-07
dyx,6.325800885928414e-07
eqr,6.325800885928414e-07
santomero,6.325800885928414e-07
qfr,6.325800885928414e-07
wsi,6.325800885928414e-07
ajoint,6.325800885928414e-07
pnr,6.325800885928414e-07
pws,6.325800885928414e-07
fej,6.325800885928414e-07
exu,6.325800885928414e-07
jwt,6.325800885928414e-07
mrss,6.325800885928414e-07
qnj,6.325800885928414e-07
hea,6.325800885928414e-07
dfq,6.325800885928414e-07
exemplari,6.325800885928414e-07
lowpay,6.325800885928414e-07
loj,6.325800885928414e-07
alq,6.325800885928414e-07
goldenag,6.325800885928414e-07
bsa,6.325800885928414e-07
vhf,6.325800885928414e-07
asq,6.325800885928414e-07
ymin,6.325800885928414e-07
vigo,6.325800885928414e-07
pks,6.325800885928414e-07
qpa,6.325800885928414e-07
aspirin,6.325800885928414e-07
ncs,6.325800885928414e-07
xyz,6.325800885928414e-07
consumptioni,6.325800885928414e-07
nxo,6.325800885928414e-07
cfk,6.325800885928414e-07
incomeand,6.325800885928414e-07
holist,6.325800885928414e-07
qoi,6.325800885928414e-07
otq,6.325800885928414e-07
twoplay,6.325800885928414e-07
wlc,6.325800885928414e-07
vql,6.325800885928414e-07
dej,6.325800885928414e-07
mlp,6.325800885928414e-07
infiniteliv,6.325800885928414e-07
selten,6.325800885928414e-07
lattic,6.325800885928414e-07
metrika,6.325800885928414e-07
xtd,6.325800885928414e-07
yoe,6.325800885928414e-07
cadel,6.325800885928414e-07
evn,6.325800885928414e-07
ubt,6.325800885928414e-07
lmn,6.325800885928414e-07
enx,6.325800885928414e-07
jio,6.325800885928414e-07
lbo,6.325800885928414e-07
ztz,6.325800885928414e-07
werden,6.325800885928414e-07
drafte,6.325800885928414e-07
trition,6.325800885928414e-07
sro,6.325800885928414e-07
cib,6.325800885928414e-07
colombo,6.325800885928414e-07
prennushi,6.325800885928414e-07
selfprotect,6.325800885928414e-07
oneon,6.325800885928414e-07
xyo,6.325800885928414e-07
yxo,6.325800885928414e-07
sulat,6.325800885928414e-07
riker,6.325800885928414e-07
unneed,6.325800885928414e-07
ehx,6.325800885928414e-07
qix,6.325800885928414e-07
epn,6.325800885928414e-07
ziemba,6.325800885928414e-07
hirsh,6.325800885928414e-07
berdecemb,6.325800885928414e-07
lice,6.325800885928414e-07
mustard,6.325800885928414e-07
iyo,6.325800885928414e-07
aphor,6.325800885928414e-07
tcr,6.325800885928414e-07
doer,6.325800885928414e-07
unction,6.325800885928414e-07
epw,6.325800885928414e-07
cce,6.325800885928414e-07
backload,6.325800885928414e-07
ilib,6.325800885928414e-07
nsa,6.325800885928414e-07
icaid,6.325800885928414e-07
dolan,6.325800885928414e-07
bpb,6.325800885928414e-07
bfb,6.325800885928414e-07
aloud,6.325800885928414e-07
jta,6.325800885928414e-07
rxo,6.325800885928414e-07
cipi,6.325800885928414e-07
sadek,6.325800885928414e-07
yja,6.325800885928414e-07
ika,6.325800885928414e-07
euv,6.325800885928414e-07
tig,6.325800885928414e-07
uncoop,6.325800885928414e-07
tractibl,6.325800885928414e-07
vow,6.325800885928414e-07
evf,6.325800885928414e-07
ejf,6.325800885928414e-07
pxf,6.325800885928414e-07
spearhead,6.325800885928414e-07
arcan,6.325800885928414e-07
mtx,6.325800885928414e-07
pzo,6.325800885928414e-07
geneticist,6.325800885928414e-07
parimutuel,6.325800885928414e-07
andif,6.325800885928414e-07
ebe,6.325800885928414e-07
nax,6.325800885928414e-07
xqi,6.325800885928414e-07
jtk,6.325800885928414e-07
fluenci,6.325800885928414e-07
haubrich,6.325800885928414e-07
uiv,6.325800885928414e-07
avk,6.325800885928414e-07
oligo,6.325800885928414e-07
nimiti,6.325800885928414e-07
archic,6.325800885928414e-07
jca,6.325800885928414e-07
ttw,6.325800885928414e-07
jarrow,6.325800885928414e-07
unkind,6.325800885928414e-07
paretoinferior,6.325800885928414e-07
nitzan,6.325800885928414e-07
ligenc,6.325800885928414e-07
underweight,6.325800885928414e-07
headquar,6.325800885928414e-07
skep,6.325800885928414e-07
uphil,6.325800885928414e-07
dap,6.325800885928414e-07
ieb,6.325800885928414e-07
iqj,6.325800885928414e-07
krs,6.325800885928414e-07
aov,6.325800885928414e-07
vfx,6.325800885928414e-07
ziz,6.325800885928414e-07
mortenson,6.325800885928414e-07
tiu,6.325800885928414e-07
unstructur,6.325800885928414e-07
cheater,6.325800885928414e-07
usr,6.325800885928414e-07
pizi,6.325800885928414e-07
rudiment,6.325800885928414e-07
ixr,6.325800885928414e-07
inca,6.325800885928414e-07
jrs,6.325800885928414e-07
lqi,6.325800885928414e-07
dxs,6.325800885928414e-07
nml,6.325800885928414e-07
counterpropos,6.325800885928414e-07
yfor,6.325800885928414e-07
finiteliv,6.325800885928414e-07
lara,6.325800885928414e-07
twoelement,6.325800885928414e-07
pha,6.325800885928414e-07
likemind,6.325800885928414e-07
matouschek,6.325800885928414e-07
auj,6.325800885928414e-07
izj,6.325800885928414e-07
xiji,6.325800885928414e-07
izz,6.325800885928414e-07
pfor,6.325800885928414e-07
giorgi,6.325800885928414e-07
sjr,6.325800885928414e-07
kuran,6.325800885928414e-07
governmen,6.325800885928414e-07
stiglitzj,6.325800885928414e-07
cxviii,6.325800885928414e-07
tvb,6.325800885928414e-07
clz,6.325800885928414e-07
municipali,6.325800885928414e-07
lav,6.325800885928414e-07
tani,6.325800885928414e-07
vist,6.325800885928414e-07
lfr,6.325800885928414e-07
iill,6.325800885928414e-07
wxo,6.325800885928414e-07
nearperfect,6.325800885928414e-07
ukk,6.325800885928414e-07
slx,6.325800885928414e-07
gxk,6.325800885928414e-07
jounal,6.325800885928414e-07
iiu,6.325800885928414e-07
koert,6.325800885928414e-07
vka,6.325800885928414e-07
monterey,6.325800885928414e-07
waa,6.325800885928414e-07
mice,6.325800885928414e-07
qiqi,6.325800885928414e-07
fxfx,6.325800885928414e-07
bilbao,6.325800885928414e-07
intercohort,6.325800885928414e-07
kov,6.325800885928414e-07
pretenti,6.325800885928414e-07
thm,6.325800885928414e-07
ldl,6.325800885928414e-07
rater,6.325800885928414e-07
eig,6.325800885928414e-07
aspira,6.325800885928414e-07
miiller,6.325800885928414e-07
guiti,6.325800885928414e-07
fidenti,6.325800885928414e-07
fulllength,6.325800885928414e-07
demonstrat,6.325800885928414e-07
bondt,6.325800885928414e-07
adz,6.325800885928414e-07
sium,6.325800885928414e-07
sympo,6.325800885928414e-07
dresher,6.325800885928414e-07
yei,6.325800885928414e-07
cjx,6.325800885928414e-07
canic,6.325800885928414e-07
ingersol,6.325800885928414e-07
ryx,6.325800885928414e-07
vse,6.325800885928414e-07
reo,6.325800885928414e-07
policv,6.325800885928414e-07
venci,6.325800885928414e-07
twodimen,6.325800885928414e-07
unj,6.325800885928414e-07
dzj,6.325800885928414e-07
lmo,6.325800885928414e-07
refram,6.325800885928414e-07
envir,6.325800885928414e-07
angela,6.325800885928414e-07
bernardino,6.325800885928414e-07
twochild,6.325800885928414e-07
unfashion,6.325800885928414e-07
nonsalari,6.325800885928414e-07
didi,6.325800885928414e-07
spj,6.325800885928414e-07
olof,6.325800885928414e-07
niv,6.325800885928414e-07
reh,6.325800885928414e-07
multidi,6.325800885928414e-07
gco,6.325800885928414e-07
gym,6.325800885928414e-07
yiv,6.325800885928414e-07
trudi,6.325800885928414e-07
attila,6.325800885928414e-07
marchmay,6.325800885928414e-07
pertur,6.325800885928414e-07
twoperiodliv,6.325800885928414e-07
jft,6.325800885928414e-07
jal,6.325800885928414e-07
nonmarri,6.325800885928414e-07
borda,6.325800885928414e-07
sfl,6.325800885928414e-07
tomat,6.325800885928414e-07
mariotti,6.325800885928414e-07
noncov,6.325800885928414e-07
dgl,6.325800885928414e-07
higherdimension,6.325800885928414e-07
periodtwo,6.325800885928414e-07
qtx,6.325800885928414e-07
ixc,6.325800885928414e-07
integrat,6.325800885928414e-07
tite,6.325800885928414e-07
pwe,6.325800885928414e-07
glish,6.325800885928414e-07
doa,6.325800885928414e-07
mre,6.325800885928414e-07
selectivitycorrect,6.325800885928414e-07
reni,6.325800885928414e-07
kannai,6.325800885928414e-07
griev,6.325800885928414e-07
epj,6.325800885928414e-07
mater,6.325800885928414e-07
anatol,6.325800885928414e-07
dgx,6.325800885928414e-07
ldx,6.325800885928414e-07
tpr,6.325800885928414e-07
ulu,6.325800885928414e-07
xei,6.325800885928414e-07
xwl,6.325800885928414e-07
clp,6.325800885928414e-07
dfc,6.325800885928414e-07
retort,6.325800885928414e-07
wzb,6.325800885928414e-07
marketmak,6.325800885928414e-07
vov,6.325800885928414e-07
zih,6.325800885928414e-07
pck,6.325800885928414e-07
popo,6.325800885928414e-07
ujr,6.325800885928414e-07
traf,6.325800885928414e-07
emnment,6.325800885928414e-07
allf,6.325800885928414e-07
landslid,6.325800885928414e-07
eim,6.325800885928414e-07
flawless,6.325800885928414e-07
grievous,6.325800885928414e-07
ottoman,6.325800885928414e-07
ffa,6.325800885928414e-07
verifica,6.325800885928414e-07
shunt,6.325800885928414e-07
wherej,6.325800885928414e-07
decisiontheoret,6.325800885928414e-07
ofh,6.325800885928414e-07
iwl,6.325800885928414e-07
lawless,6.325800885928414e-07
exoner,6.325800885928414e-07
asb,6.325800885928414e-07
qol,6.325800885928414e-07
laureat,6.325800885928414e-07
shan,6.325800885928414e-07
singleindex,6.325800885928414e-07
yxz,6.325800885928414e-07
moorepenros,6.325800885928414e-07
txo,6.325800885928414e-07
singlepar,6.325800885928414e-07
tiw,6.325800885928414e-07
loh,6.325800885928414e-07
zmi,6.325800885928414e-07
teger,6.325800885928414e-07
zjz,6.325800885928414e-07
mrn,6.325800885928414e-07
pjqj,6.325800885928414e-07
unchart,6.325800885928414e-07
adem,6.325800885928414e-07
qrq,6.325800885928414e-07
schweizerisch,6.325800885928414e-07
comi,6.325800885928414e-07
vnp,6.325800885928414e-07
scrape,6.325800885928414e-07
katzner,6.325800885928414e-07
wpo,6.325800885928414e-07
dnb,6.325800885928414e-07
politico,6.325800885928414e-07
adverseselect,6.325800885928414e-07
clb,6.325800885928414e-07
uuo,6.325800885928414e-07
httpwwweconometricsocietyorgectasupmatdata,6.325800885928414e-07
vivi,6.325800885928414e-07
hho,6.325800885928414e-07
xfor,6.325800885928414e-07
ciliat,6.325800885928414e-07
nqi,6.325800885928414e-07
rtd,6.325800885928414e-07
ramifi,6.325800885928414e-07
jcs,6.325800885928414e-07
takeaway,6.325800885928414e-07
digm,6.325800885928414e-07
ohara,6.325800885928414e-07
noisili,6.325800885928414e-07
searchtheoret,6.325800885928414e-07
ofv,6.325800885928414e-07
pisa,6.325800885928414e-07
zal,6.325800885928414e-07
emascul,6.325800885928414e-07
thurston,6.325800885928414e-07
censur,6.325800885928414e-07
hamiltonjacobibellman,6.325800885928414e-07
ykx,6.325800885928414e-07
hjb,6.325800885928414e-07
svt,6.325800885928414e-07
ltv,6.325800885928414e-07
mispric,6.325800885928414e-07
siii,6.325800885928414e-07
vsj,6.325800885928414e-07
debtasset,6.325800885928414e-07
ggg,6.325800885928414e-07
ftv,6.325800885928414e-07
ong,6.325800885928414e-07
prodigi,6.325800885928414e-07
pkpk,6.325800885928414e-07
uan,6.325800885928414e-07
ceu,6.325800885928414e-07
jobrel,6.325800885928414e-07
mlk,6.325800885928414e-07
jao,6.325800885928414e-07
llm,6.325800885928414e-07
yxa,6.325800885928414e-07
gainloss,6.325800885928414e-07
errata,6.325800885928414e-07
staunch,6.325800885928414e-07
wohl,6.325800885928414e-07
hps,6.325800885928414e-07
incontest,6.325800885928414e-07
yep,6.325800885928414e-07
mcm,6.325800885928414e-07
shmuel,6.325800885928414e-07
vca,6.325800885928414e-07
awesom,6.325800885928414e-07
ujp,6.325800885928414e-07
faf,6.325800885928414e-07
nonmyop,6.325800885928414e-07
networth,6.325800885928414e-07
yye,6.325800885928414e-07
montalvo,6.325800885928414e-07
umr,6.325800885928414e-07
artur,6.325800885928414e-07
transl,6.325800885928414e-07
concensus,6.325800885928414e-07
byyear,6.325800885928414e-07
reber,6.325800885928414e-07
intrin,6.325800885928414e-07
nonrecurr,6.325800885928414e-07
meir,6.325800885928414e-07
nee,6.325800885928414e-07
skrzypacz,6.325800885928414e-07
lastperiod,6.325800885928414e-07
uneas,6.325800885928414e-07
sein,6.325800885928414e-07
calen,6.325800885928414e-07
eisen,6.325800885928414e-07
pfleider,6.325800885928414e-07
iux,6.325800885928414e-07
plicant,6.325800885928414e-07
gleichgewicht,6.325800885928414e-07
reinhard,6.325800885928414e-07
elq,6.325800885928414e-07
pfe,6.325800885928414e-07
highprior,6.325800885928414e-07
pnm,6.325800885928414e-07
lch,6.325800885928414e-07
ilog,6.325800885928414e-07
axc,6.325800885928414e-07
llv,6.325800885928414e-07
xtb,6.325800885928414e-07
vso,6.325800885928414e-07
brightest,6.325800885928414e-07
reachabl,6.325800885928414e-07
fnf,6.325800885928414e-07
rjc,6.325800885928414e-07
hyslop,6.325800885928414e-07
barclay,6.325800885928414e-07
otu,6.325800885928414e-07
rendit,6.325800885928414e-07
emj,6.325800885928414e-07
jwj,6.325800885928414e-07
ostroy,6.325800885928414e-07
mnean,6.325800885928414e-07
notch,6.325800885928414e-07
vrp,6.325800885928414e-07
dno,6.325800885928414e-07
nostrand,6.325800885928414e-07
upperclass,6.325800885928414e-07
reindex,6.325800885928414e-07
locali,6.325800885928414e-07
forebear,6.325800885928414e-07
singlemind,6.325800885928414e-07
vkk,6.325800885928414e-07
guvenen,6.325800885928414e-07
debtgdp,6.325800885928414e-07
keogh,6.325800885928414e-07
ido,6.325800885928414e-07
rebuk,6.325800885928414e-07
aggriev,6.325800885928414e-07
latterday,6.325800885928414e-07
thrall,6.325800885928414e-07
vvn,6.325800885928414e-07
vvl,6.325800885928414e-07
peabodi,6.325800885928414e-07
gustman,6.325800885928414e-07
truce,6.325800885928414e-07
deepseat,6.325800885928414e-07
agk,6.325800885928414e-07
ontim,6.325800885928414e-07
waiter,6.325800885928414e-07
dob,6.325800885928414e-07
resultat,6.325800885928414e-07
lbb,6.325800885928414e-07
izl,6.325800885928414e-07
postelect,6.325800885928414e-07
htj,6.325800885928414e-07
afb,6.325800885928414e-07
arial,6.325800885928414e-07
dite,6.325800885928414e-07
laf,6.325800885928414e-07
nicolini,6.325800885928414e-07
disgruntl,6.325800885928414e-07
hfh,6.325800885928414e-07
reorganiza,6.325800885928414e-07
yte,6.325800885928414e-07
posttransf,6.325800885928414e-07
tpj,6.325800885928414e-07
voir,6.325800885928414e-07
nonint,6.325800885928414e-07
preven,6.325800885928414e-07
deta,6.325800885928414e-07
woj,6.325800885928414e-07
jip,6.325800885928414e-07
selfdisciplin,6.325800885928414e-07
extol,6.325800885928414e-07
dre,6.325800885928414e-07
yagan,6.325800885928414e-07
dja,6.325800885928414e-07
ulb,6.325800885928414e-07
homeomorph,6.325800885928414e-07
plimn,6.325800885928414e-07
unfilt,6.325800885928414e-07
tialiti,6.325800885928414e-07
benefactor,6.325800885928414e-07
gyl,6.325800885928414e-07
mab,6.325800885928414e-07
myt,6.325800885928414e-07
ancestri,6.325800885928414e-07
jand,6.325800885928414e-07
upbring,6.325800885928414e-07
hox,6.325800885928414e-07
limk,6.325800885928414e-07
jobfind,6.325800885928414e-07
waj,6.325800885928414e-07
icism,6.325800885928414e-07
kpp,6.325800885928414e-07
akb,6.325800885928414e-07
ujnivers,6.325800885928414e-07
vba,6.325800885928414e-07
beckerian,6.325800885928414e-07
robberi,6.325800885928414e-07
ansolabeher,6.325800885928414e-07
siw,6.325800885928414e-07
governmentprovid,6.325800885928414e-07
aragon,6.325800885928414e-07
goss,6.325800885928414e-07
dav,6.325800885928414e-07
ttb,6.325800885928414e-07
wzi,6.325800885928414e-07
tlm,6.325800885928414e-07
fut,6.325800885928414e-07
clung,6.325800885928414e-07
ggt,6.325800885928414e-07
vjs,6.325800885928414e-07
jqj,6.325800885928414e-07
emr,6.325800885928414e-07
callabl,6.325800885928414e-07
spiritu,6.325800885928414e-07
palumbo,6.325800885928414e-07
xsx,6.325800885928414e-07
tuct,6.325800885928414e-07
dgj,6.325800885928414e-07
morelli,6.325800885928414e-07
itam,6.325800885928414e-07
thea,6.325800885928414e-07
sylvia,6.325800885928414e-07
yib,6.325800885928414e-07
coresid,6.325800885928414e-07
hlh,6.325800885928414e-07
scf,6.325800885928414e-07
semicontinu,6.325800885928414e-07
ulx,6.325800885928414e-07
xrp,6.325800885928414e-07
rvc,6.325800885928414e-07
reenforc,6.325800885928414e-07
vlx,6.325800885928414e-07
timeinterv,6.325800885928414e-07
welldiversifi,6.325800885928414e-07
spree,6.325800885928414e-07
thatp,6.325800885928414e-07
closedend,6.325800885928414e-07
percentagewis,6.325800885928414e-07
maxq,6.325800885928414e-07
hessel,6.325800885928414e-07
fjn,6.325800885928414e-07
fna,6.325800885928414e-07
gravat,6.325800885928414e-07
recipro,6.325800885928414e-07
hch,6.325800885928414e-07
acumen,6.325800885928414e-07
bsb,6.325800885928414e-07
whet,6.325800885928414e-07
vorc,6.325800885928414e-07
jct,6.325800885928414e-07
ecoj,6.325800885928414e-07
nonmon,6.325800885928414e-07
cwp,6.325800885928414e-07
jigsaw,6.325800885928414e-07
ocb,6.325800885928414e-07
riz,6.325800885928414e-07
qiy,6.325800885928414e-07
xiai,6.325800885928414e-07
xlp,6.325800885928414e-07
iyk,6.325800885928414e-07
tnd,6.325800885928414e-07
ztk,6.325800885928414e-07
limj,6.325800885928414e-07
lowearn,6.325800885928414e-07
illsuit,6.325800885928414e-07
fjf,6.325800885928414e-07
wpj,6.325800885928414e-07
njo,6.325800885928414e-07
yiyi,6.325800885928414e-07
disharmoni,6.325800885928414e-07
tendanc,6.325800885928414e-07
jami,6.325800885928414e-07
eox,6.325800885928414e-07
sulli,6.325800885928414e-07
permu,6.325800885928414e-07
nnx,6.325800885928414e-07
uff,6.325800885928414e-07
mso,6.325800885928414e-07
afinit,6.325800885928414e-07
unimped,6.325800885928414e-07
frobenius,6.325800885928414e-07
vye,6.325800885928414e-07
inevita,6.325800885928414e-07
bsj,6.325800885928414e-07
kreb,6.325800885928414e-07
vcg,6.325800885928414e-07
foy,6.325800885928414e-07
meanstandard,6.325800885928414e-07
hollywood,6.325800885928414e-07
fxj,6.325800885928414e-07
snell,6.325800885928414e-07
prema,6.325800885928414e-07
longitudi,6.325800885928414e-07
upa,6.325800885928414e-07
terlizzes,6.325800885928414e-07
subcultur,6.325800885928414e-07
segrega,6.325800885928414e-07
kochin,6.325800885928414e-07
behold,6.325800885928414e-07
experienceearn,6.325800885928414e-07
senil,6.325800885928414e-07
dbl,6.325800885928414e-07
typea,6.325800885928414e-07
fission,6.325800885928414e-07
unempl,6.325800885928414e-07
mortgageback,6.325800885928414e-07
cqs,6.325800885928414e-07
sizeadjust,6.325800885928414e-07
atz,6.325800885928414e-07
canterburi,6.325800885928414e-07
jee,6.325800885928414e-07
econometnca,6.325800885928414e-07
axq,6.325800885928414e-07
airi,6.325800885928414e-07
pupilteach,6.325800885928414e-07
rcj,6.325800885928414e-07
mafia,6.325800885928414e-07
blumstein,6.325800885928414e-07
rba,6.325800885928414e-07
plugin,6.325800885928414e-07
fru,6.325800885928414e-07
jjx,6.325800885928414e-07
torian,6.325800885928414e-07
daley,6.325800885928414e-07
outputi,6.325800885928414e-07
outturn,6.325800885928414e-07
reinhold,6.325800885928414e-07
unord,6.325800885928414e-07
marcia,6.325800885928414e-07
tiq,6.325800885928414e-07
econometriqu,6.325800885928414e-07
vna,6.325800885928414e-07
synopsi,6.325800885928414e-07
yrn,6.325800885928414e-07
hassl,6.325800885928414e-07
lrl,6.325800885928414e-07
ldp,6.325800885928414e-07
rre,6.325800885928414e-07
tempta,6.325800885928414e-07
pratiqu,6.325800885928414e-07
kax,6.325800885928414e-07
yro,6.325800885928414e-07
mbs,6.325800885928414e-07
rific,6.325800885928414e-07
oder,6.325800885928414e-07
grumbl,6.325800885928414e-07
multipleunit,6.325800885928414e-07
forschung,6.325800885928414e-07
unstandard,6.325800885928414e-07
orx,6.325800885928414e-07
straction,6.325800885928414e-07
quantityqu,6.325800885928414e-07
slavic,6.325800885928414e-07
qrl,6.325800885928414e-07
ettt,6.325800885928414e-07
wxt,6.325800885928414e-07
mens,6.325800885928414e-07
alumni,6.325800885928414e-07
tzz,6.325800885928414e-07
rzi,6.325800885928414e-07
dundant,6.325800885928414e-07
dpdx,6.325800885928414e-07
rwr,6.325800885928414e-07
workout,6.325800885928414e-07
njj,6.325800885928414e-07
usl,6.325800885928414e-07
jfx,6.325800885928414e-07
dlp,6.325800885928414e-07
jjs,6.325800885928414e-07
ghost,6.325800885928414e-07
spletzer,6.325800885928414e-07
nada,6.325800885928414e-07
modelsj,6.325800885928414e-07
itay,6.325800885928414e-07
lemk,6.325800885928414e-07
interraci,6.325800885928414e-07
drawer,6.325800885928414e-07
vwi,6.325800885928414e-07
pfb,6.325800885928414e-07
eib,6.325800885928414e-07
josseybass,6.325800885928414e-07
citizenri,6.325800885928414e-07
satchel,6.325800885928414e-07
frain,6.325800885928414e-07
sfor,6.325800885928414e-07
ifxi,6.325800885928414e-07
secondyear,6.325800885928414e-07
xko,6.325800885928414e-07
econzom,6.325800885928414e-07
pdq,6.325800885928414e-07
sistant,6.325800885928414e-07
economa,6.325800885928414e-07
minq,6.325800885928414e-07
qsq,6.325800885928414e-07
forthright,6.325800885928414e-07
ivn,6.325800885928414e-07
genus,6.325800885928414e-07
wrn,6.325800885928414e-07
vni,6.325800885928414e-07
withl,6.325800885928414e-07
qstatist,6.325800885928414e-07
uwu,6.325800885928414e-07
ibn,6.325800885928414e-07
ycr,6.325800885928414e-07
leningrad,6.325800885928414e-07
shoddi,6.325800885928414e-07
rejoic,6.325800885928414e-07
ayay,6.325800885928414e-07
perpetr,6.325800885928414e-07
pura,6.325800885928414e-07
responsibili,6.325800885928414e-07
pux,6.325800885928414e-07
peergroup,6.325800885928414e-07
renounc,6.325800885928414e-07
timecost,6.325800885928414e-07
dlj,6.325800885928414e-07
avalu,6.325800885928414e-07
tcj,6.325800885928414e-07
zci,6.325800885928414e-07
kff,6.325800885928414e-07
ndn,6.325800885928414e-07
ruppert,6.325800885928414e-07
gat,6.325800885928414e-07
schill,6.325800885928414e-07
irw,6.325800885928414e-07
hthe,6.325800885928414e-07
middleburi,6.325800885928414e-07
postsec,6.325800885928414e-07
lhl,6.325800885928414e-07
zxx,6.325800885928414e-07
nonwelfar,6.325800885928414e-07
rsr,6.325800885928414e-07
threepoint,6.325800885928414e-07
jehiel,6.325800885928414e-07
xlog,6.325800885928414e-07
agreedon,6.325800885928414e-07
vech,6.325800885928414e-07
soso,6.325800885928414e-07
inforn,6.325800885928414e-07
bation,6.325800885928414e-07
nau,6.325800885928414e-07
firearm,6.325800885928414e-07
crocker,6.325800885928414e-07
puj,6.325800885928414e-07
ludger,6.325800885928414e-07
jeremiah,6.325800885928414e-07
lyy,6.325800885928414e-07
eau,6.325800885928414e-07
demog,6.325800885928414e-07
shallian,6.325800885928414e-07
wojciech,6.325800885928414e-07
wittman,6.325800885928414e-07
zie,6.325800885928414e-07
diarrhea,6.325800885928414e-07
tipi,6.325800885928414e-07
wyy,6.325800885928414e-07
xiong,6.325800885928414e-07
collis,6.325800885928414e-07
reckless,6.325800885928414e-07
xnm,6.325800885928414e-07
jmi,6.325800885928414e-07
billi,3.162900442964207e-07
jeanphilipp,3.162900442964207e-07
bjrklund,3.162900442964207e-07
accredit,3.162900442964207e-07
cnx,3.162900442964207e-07
hud,3.162900442964207e-07
scorn,3.162900442964207e-07
burnin,3.162900442964207e-07
xsl,3.162900442964207e-07
wwww,3.162900442964207e-07
testb,3.162900442964207e-07
californiairvin,3.162900442964207e-07
noncontroversi,3.162900442964207e-07
evx,3.162900442964207e-07
pennacchi,3.162900442964207e-07
somej,3.162900442964207e-07
maldistribut,3.162900442964207e-07
vmn,3.162900442964207e-07
boija,3.162900442964207e-07
offequilibrium,3.162900442964207e-07
studentteach,3.162900442964207e-07
erf,3.162900442964207e-07
arrog,3.162900442964207e-07
bemheim,3.162900442964207e-07
rothschildstiglitz,3.162900442964207e-07
raider,3.162900442964207e-07
ucdavi,3.162900442964207e-07
qfo,3.162900442964207e-07
oneproduct,3.162900442964207e-07
idend,3.162900442964207e-07
mtupl,3.162900442964207e-07
schwodiauer,3.162900442964207e-07
veracierto,3.162900442964207e-07
uwt,3.162900442964207e-07
rudin,3.162900442964207e-07
xifi,3.162900442964207e-07
xfk,3.162900442964207e-07
uuj,3.162900442964207e-07
economid,3.162900442964207e-07
hann,3.162900442964207e-07
pms,3.162900442964207e-07
lefgren,3.162900442964207e-07
siow,3.162900442964207e-07
dqp,3.162900442964207e-07
laud,3.162900442964207e-07
fier,3.162900442964207e-07
fanat,3.162900442964207e-07
xjxj,3.162900442964207e-07
abovemarket,3.162900442964207e-07
barrogrossman,3.162900442964207e-07
zrx,3.162900442964207e-07
wvill,3.162900442964207e-07
contingen,3.162900442964207e-07
stefania,3.162900442964207e-07
iul,3.162900442964207e-07
nonpartici,3.162900442964207e-07
eveiy,3.162900442964207e-07
minf,3.162900442964207e-07
professorship,3.162900442964207e-07
femalehead,3.162900442964207e-07
utdt,3.162900442964207e-07
hkk,3.162900442964207e-07
cassadi,3.162900442964207e-07
phpdoiaer,3.162900442964207e-07
blunder,3.162900442964207e-07
nonbayesian,3.162900442964207e-07
despot,3.162900442964207e-07
elabora,3.162900442964207e-07
salesmanship,3.162900442964207e-07
qzt,3.162900442964207e-07
banal,3.162900442964207e-07
uwr,3.162900442964207e-07
erlbaum,3.162900442964207e-07
misperc,3.162900442964207e-07
falsiti,3.162900442964207e-07
schivardi,3.162900442964207e-07
varet,3.162900442964207e-07
belowmarket,3.162900442964207e-07
datori,3.162900442964207e-07
trator,3.162900442964207e-07
freddi,3.162900442964207e-07
palliat,3.162900442964207e-07
inpati,3.162900442964207e-07
multiattribut,3.162900442964207e-07
torino,3.162900442964207e-07
gtn,3.162900442964207e-07
xye,3.162900442964207e-07
farley,3.162900442964207e-07
nonstrict,3.162900442964207e-07
waldtyp,3.162900442964207e-07
resultthat,3.162900442964207e-07
euroarea,3.162900442964207e-07
equicontinu,3.162900442964207e-07
xea,3.162900442964207e-07
zlx,3.162900442964207e-07
munism,3.162900442964207e-07
kleingoldberg,3.162900442964207e-07
fervor,3.162900442964207e-07
xoy,3.162900442964207e-07
kruse,3.162900442964207e-07
ewr,3.162900442964207e-07
symp,3.162900442964207e-07
exalt,3.162900442964207e-07
sxo,3.162900442964207e-07
computerassist,3.162900442964207e-07
creed,3.162900442964207e-07
vwl,3.162900442964207e-07
selfdual,3.162900442964207e-07
whittlesey,3.162900442964207e-07
promissori,3.162900442964207e-07
viyi,3.162900442964207e-07
flxi,3.162900442964207e-07
peu,3.162900442964207e-07
forali,3.162900442964207e-07
positivevalu,3.162900442964207e-07
qtm,3.162900442964207e-07
laxiti,3.162900442964207e-07
fpj,3.162900442964207e-07
infract,3.162900442964207e-07
demn,3.162900442964207e-07
isfact,3.162900442964207e-07
varf,3.162900442964207e-07
inequalityavers,3.162900442964207e-07
testa,3.162900442964207e-07
cdx,3.162900442964207e-07
fiasco,3.162900442964207e-07
porath,3.162900442964207e-07
nki,3.162900442964207e-07
assumprion,3.162900442964207e-07
ajz,3.162900442964207e-07
ptg,3.162900442964207e-07
vpr,3.162900442964207e-07
prelec,3.162900442964207e-07
slp,3.162900442964207e-07
tyo,3.162900442964207e-07
ekonomiki,3.162900442964207e-07
aqx,3.162900442964207e-07
reestab,3.162900442964207e-07
emmett,3.162900442964207e-07
multivalu,3.162900442964207e-07
riculum,3.162900442964207e-07
hakkio,3.162900442964207e-07
receivership,3.162900442964207e-07
mortensenpissarid,3.162900442964207e-07
meritori,3.162900442964207e-07
frj,3.162900442964207e-07
paretodomin,3.162900442964207e-07
qls,3.162900442964207e-07
superaddit,3.162900442964207e-07
hyperparamet,3.162900442964207e-07
vtn,3.162900442964207e-07
kleindorf,3.162900442964207e-07
extramargin,3.162900442964207e-07
fairest,3.162900442964207e-07
qxl,3.162900442964207e-07
changepoint,3.162900442964207e-07
purest,3.162900442964207e-07
richerson,3.162900442964207e-07
deangelo,3.162900442964207e-07
intercommun,3.162900442964207e-07
nonfil,3.162900442964207e-07
fwj,3.162900442964207e-07
dollarsterl,3.162900442964207e-07
informationtheoret,3.162900442964207e-07
devious,3.162900442964207e-07
equityeffici,3.162900442964207e-07
timeaddit,3.162900442964207e-07
oberlin,3.162900442964207e-07
nonmanageri,3.162900442964207e-07
vtxt,3.162900442964207e-07
fmax,3.162900442964207e-07
xrn,3.162900442964207e-07
vww,3.162900442964207e-07
selfconsist,3.162900442964207e-07
vibrat,3.162900442964207e-07
obstin,3.162900442964207e-07
rixi,3.162900442964207e-07
hedonist,3.162900442964207e-07
nesheim,3.162900442964207e-07
subvent,3.162900442964207e-07
ilu,3.162900442964207e-07
vff,3.162900442964207e-07
fjr,3.162900442964207e-07
vwp,3.162900442964207e-07
freeway,3.162900442964207e-07
keren,3.162900442964207e-07
wjc,3.162900442964207e-07
frech,3.162900442964207e-07
odor,3.162900442964207e-07
unival,3.162900442964207e-07
rationalist,3.162900442964207e-07
xnn,3.162900442964207e-07
nashequilibrium,3.162900442964207e-07
fray,3.162900442964207e-07
hardwir,3.162900442964207e-07
wrongsign,3.162900442964207e-07
eah,3.162900442964207e-07
curricula,3.162900442964207e-07
uncongest,3.162900442964207e-07
aoc,3.162900442964207e-07
nocommit,3.162900442964207e-07
vrn,3.162900442964207e-07
rhp,3.162900442964207e-07
uiwi,3.162900442964207e-07
debbi,3.162900442964207e-07
espac,3.162900442964207e-07
qap,3.162900442964207e-07
constrainedeffici,3.162900442964207e-07
andfi,3.162900442964207e-07
mcclure,3.162900442964207e-07
restudrdq,3.162900442964207e-07
efr,3.162900442964207e-07
ondperiod,3.162900442964207e-07
jrt,3.162900442964207e-07
agebas,3.162900442964207e-07
plz,3.162900442964207e-07
blackschol,3.162900442964207e-07
caress,3.162900442964207e-07
iya,3.162900442964207e-07
uxux,3.162900442964207e-07
yaj,3.162900442964207e-07
deconstruct,3.162900442964207e-07
seidmann,3.162900442964207e-07
ijaz,3.162900442964207e-07
maital,3.162900442964207e-07
iqn,3.162900442964207e-07
bfx,3.162900442964207e-07
gsia,3.162900442964207e-07
ucp,3.162900442964207e-07
utct,3.162900442964207e-07
frx,3.162900442964207e-07
affilia,3.162900442964207e-07
fcn,3.162900442964207e-07
lps,3.162900442964207e-07
ixh,3.162900442964207e-07
lrb,3.162900442964207e-07
phillipsperron,3.162900442964207e-07
erev,3.162900442964207e-07
fpo,3.162900442964207e-07
uox,3.162900442964207e-07
ffx,3.162900442964207e-07
notforprofit,3.162900442964207e-07
malici,3.162900442964207e-07
highstak,3.162900442964207e-07
oneto,3.162900442964207e-07
jiy,3.162900442964207e-07
biw,3.162900442964207e-07
rubioramirez,3.162900442964207e-07
woessmann,3.162900442964207e-07
centrifug,3.162900442964207e-07
brookingswharton,3.162900442964207e-07
thatx,3.162900442964207e-07
ucx,3.162900442964207e-07
minj,3.162900442964207e-07
riy,3.162900442964207e-07
zfz,3.162900442964207e-07
testtak,3.162900442964207e-07
hxj,3.162900442964207e-07
overinsur,3.162900442964207e-07
walland,3.162900442964207e-07
drx,3.162900442964207e-07
hpx,3.162900442964207e-07
payoffmaxim,3.162900442964207e-07
tjf,3.162900442964207e-07
unreach,3.162900442964207e-07
vco,3.162900442964207e-07
spatt,3.162900442964207e-07
hvt,3.162900442964207e-07
tanf,3.162900442964207e-07
qnp,3.162900442964207e-07
infimum,3.162900442964207e-07
tlheori,3.162900442964207e-07
srr,3.162900442964207e-07
manyperson,3.162900442964207e-07
leaven,3.162900442964207e-07
evw,3.162900442964207e-07
taxdef,3.162900442964207e-07
infirm,3.162900442964207e-07
evl,3.162900442964207e-07
vea,3.162900442964207e-07
aru,3.162900442964207e-07
fuden,3.162900442964207e-07
riskspread,3.162900442964207e-07
fxa,3.162900442964207e-07
xjf,3.162900442964207e-07
rjx,3.162900442964207e-07
familyspecif,3.162900442964207e-07
hemicontinu,3.162900442964207e-07
kleidon,3.162900442964207e-07
elitist,3.162900442964207e-07
limtoo,3.162900442964207e-07
choicebas,3.162900442964207e-07
underproduct,3.162900442964207e-07
subprim,3.162900442964207e-07
muendler,3.162900442964207e-07
nonmarkovian,3.162900442964207e-07
fxf,3.162900442964207e-07
xnp,3.162900442964207e-07
fiduciari,3.162900442964207e-07
prz,3.162900442964207e-07
amb,3.162900442964207e-07
dvx,3.162900442964207e-07
precom,3.162900442964207e-07
jlr,3.162900442964207e-07
uninforma,3.162900442964207e-07
wjf,3.162900442964207e-07
regressionadjust,3.162900442964207e-07
siepr,3.162900442964207e-07
xey,3.162900442964207e-07
cxs,3.162900442964207e-07
counterspecul,3.162900442964207e-07
tjx,3.162900442964207e-07
rootnconsist,3.162900442964207e-07
vee,3.162900442964207e-07
nxx,3.162900442964207e-07
vfv,3.162900442964207e-07
abstrac,3.162900442964207e-07
ildot,3.162900442964207e-07
hdt,3.162900442964207e-07
fetus,3.162900442964207e-07
summand,3.162900442964207e-07
savvi,3.162900442964207e-07
tnk,3.162900442964207e-07
restudrd,3.162900442964207e-07
unintuit,3.162900442964207e-07
twopar,3.162900442964207e-07
ofperiod,3.162900442964207e-07
fwo,3.162900442964207e-07
maxb,3.162900442964207e-07
uiui,3.162900442964207e-07
broadband,3.162900442964207e-07
orszag,3.162900442964207e-07
fgo,3.162900442964207e-07
noniid,3.162900442964207e-07
gxx,3.162900442964207e-07
attende,3.162900442964207e-07
frber,3.162900442964207e-07
xca,3.162900442964207e-07
periodon,3.162900442964207e-07
modelj,3.162900442964207e-07
knee,3.162900442964207e-07
tixi,3.162900442964207e-07
vya,3.162900442964207e-07
nonnegoti,3.162900442964207e-07
triopoli,3.162900442964207e-07
sfbtr,3.162900442964207e-07
liminf,3.162900442964207e-07
selfsupport,3.162900442964207e-07
fzl,3.162900442964207e-07
outcomebas,3.162900442964207e-07
nofault,3.162900442964207e-07
indemn,3.162900442964207e-07
vjc,3.162900442964207e-07
gauti,3.162900442964207e-07
gxj,3.162900442964207e-07
demandfunct,3.162900442964207e-07
evp,3.162900442964207e-07
nonergod,3.162900442964207e-07
restudrdv,3.162900442964207e-07
perand,3.162900442964207e-07
whomev,3.162900442964207e-07
vpn,3.162900442964207e-07
uix,3.162900442964207e-07
equilibriumn,3.162900442964207e-07
rtst,3.162900442964207e-07
jeancharl,3.162900442964207e-07
quasicon,3.162900442964207e-07
nplayer,3.162900442964207e-07
superconsist,3.162900442964207e-07
buyandhold,3.162900442964207e-07
hkl,3.162900442964207e-07
quantityset,3.162900442964207e-07
fcx,3.162900442964207e-07
geanakoplo,3.162900442964207e-07
qlk,3.162900442964207e-07
superneutr,3.162900442964207e-07
weisberg,3.162900442964207e-07
forbad,3.162900442964207e-07
limv,3.162900442964207e-07
macrofin,3.162900442964207e-07
xhl,3.162900442964207e-07
autoregressivemov,3.162900442964207e-07
qcl,3.162900442964207e-07
qpr,3.162900442964207e-07
wulf,3.162900442964207e-07
tnl,3.162900442964207e-07
earhart,3.162900442964207e-07
lessor,3.162900442964207e-07
enron,3.162900442964207e-07
betting,3.162900442964207e-07
kooreman,3.162900442964207e-07
rce,3.162900442964207e-07
konishi,3.162900442964207e-07
yewkwang,3.162900442964207e-07
hoursweek,3.162900442964207e-07
teeth,3.162900442964207e-07
equlibrium,3.162900442964207e-07
ruhm,3.162900442964207e-07
singlepeaked,3.162900442964207e-07
kroft,3.162900442964207e-07
pricesett,3.162900442964207e-07
himher,3.162900442964207e-07
sinist,3.162900442964207e-07
culyer,3.162900442964207e-07
thij,3.162900442964207e-07
requi,3.162900442964207e-07
pommerehn,3.162900442964207e-07
myocardi,3.162900442964207e-07
safra,3.162900442964207e-07
maccrimmon,3.162900442964207e-07
infarct,3.162900442964207e-07
generalist,3.162900442964207e-07
heterogeneousag,3.162900442964207e-07
icerd,3.162900442964207e-07
cloak,3.162900442964207e-07
bjrn,3.162900442964207e-07
nonminor,3.162900442964207e-07
ranksum,3.162900442964207e-07
nvn,3.162900442964207e-07
zdz,3.162900442964207e-07
minw,3.162900442964207e-07
irreconcil,3.162900442964207e-07
titud,3.162900442964207e-07
ythier,3.162900442964207e-07
probabi,3.162900442964207e-07
preemp,3.162900442964207e-07
ulh,3.162900442964207e-07
motorcar,3.162900442964207e-07
thp,3.162900442964207e-07
tcp,3.162900442964207e-07
residualbas,3.162900442964207e-07
prasanta,3.162900442964207e-07
oblivi,3.162900442964207e-07
pesando,3.162900442964207e-07
ecx,3.162900442964207e-07
eax,3.162900442964207e-07
disdain,3.162900442964207e-07
andm,3.162900442964207e-07
onus,3.162900442964207e-07
postintervent,3.162900442964207e-07
zjl,3.162900442964207e-07
vyp,3.162900442964207e-07
limz,3.162900442964207e-07
undisclos,3.162900442964207e-07
westminst,3.162900442964207e-07
onz,3.162900442964207e-07
unicef,3.162900442964207e-07
immers,3.162900442964207e-07
pedant,3.162900442964207e-07
layman,3.162900442964207e-07
afterthought,3.162900442964207e-07
wvv,3.162900442964207e-07
uyx,3.162900442964207e-07
cck,3.162900442964207e-07
nonvacu,3.162900442964207e-07
htk,3.162900442964207e-07
uncompromis,3.162900442964207e-07
irz,3.162900442964207e-07
talism,3.162900442964207e-07
defaultfre,3.162900442964207e-07
utero,3.162900442964207e-07
fetal,3.162900442964207e-07
darren,3.162900442964207e-07
epsteinzin,3.162900442964207e-07
kuerstein,3.162900442964207e-07
rootn,3.162900442964207e-07
determnin,3.162900442964207e-07
descen,3.162900442964207e-07
timeaggreg,3.162900442964207e-07
hakansson,3.162900442964207e-07
fand,3.162900442964207e-07
drp,3.162900442964207e-07
repeatedgam,3.162900442964207e-07
vinay,3.162900442964207e-07
sascha,3.162900442964207e-07
tej,3.162900442964207e-07
timur,3.162900442964207e-07
hypergeometr,3.162900442964207e-07
taxbenefit,3.162900442964207e-07
antidiscrimin,3.162900442964207e-07
highrat,3.162900442964207e-07
historyindepend,3.162900442964207e-07
nonmed,3.162900442964207e-07
sdf,3.162900442964207e-07
hutchen,3.162900442964207e-07
selfidentifi,3.162900442964207e-07
vns,3.162900442964207e-07
lrp,3.162900442964207e-07
qnn,3.162900442964207e-07
iwai,3.162900442964207e-07
httpwwweconometricsocietyorgecta,3.162900442964207e-07
logutil,3.162900442964207e-07
ffp,3.162900442964207e-07
fnk,3.162900442964207e-07
soulel,3.162900442964207e-07
oalgebra,3.162900442964207e-07
jxt,3.162900442964207e-07
nyc,3.162900442964207e-07
paretopref,3.162900442964207e-07
frijter,3.162900442964207e-07
srba,3.162900442964207e-07
aerl,3.162900442964207e-07
jourmal,3.162900442964207e-07
markovswitch,3.162900442964207e-07
fef,3.162900442964207e-07
fisherschultz,3.162900442964207e-07
wellarticul,3.162900442964207e-07
eav,3.162900442964207e-07
multidisciplinari,3.162900442964207e-07
sanjeev,3.162900442964207e-07
nonran,3.162900442964207e-07
maarten,3.162900442964207e-07
capitalasset,3.162900442964207e-07
qid,3.162900442964207e-07
roadblock,3.162900442964207e-07
nontatonn,3.162900442964207e-07
longmemori,3.162900442964207e-07
subpopula,3.162900442964207e-07
jwi,3.162900442964207e-07
config,3.162900442964207e-07
gaussseidel,3.162900442964207e-07
paratus,3.162900442964207e-07
riskseek,3.162900442964207e-07
gxl,3.162900442964207e-07
infp,3.162900442964207e-07
proscript,3.162900442964207e-07
fvl,3.162900442964207e-07
neurolog,3.162900442964207e-07
rehears,3.162900442964207e-07
jlp,3.162900442964207e-07
pqn,3.162900442964207e-07
lotter,3.162900442964207e-07
racespecif,3.162900442964207e-07
lauri,3.162900442964207e-07
reducedpric,3.162900442964207e-07
crosswalk,3.162900442964207e-07
fxr,3.162900442964207e-07
ueo,3.162900442964207e-07
lockedin,3.162900442964207e-07
osl,3.162900442964207e-07
lowdimension,3.162900442964207e-07
balch,3.162900442964207e-07
tfx,3.162900442964207e-07
nbernsf,3.162900442964207e-07
krishnaiah,3.162900442964207e-07
selfconfirm,3.162900442964207e-07
fux,3.162900442964207e-07
montral,3.162900442964207e-07
kwk,3.162900442964207e-07
vigna,3.162900442964207e-07
dirichlet,3.162900442964207e-07
messier,3.162900442964207e-07
eqe,3.162900442964207e-07
tka,3.162900442964207e-07
orgarticl,3.162900442964207e-07
evolutionarili,3.162900442964207e-07
iek,3.162900442964207e-07
etw,3.162900442964207e-07
sicherman,3.162900442964207e-07
recit,3.162900442964207e-07
mbas,3.162900442964207e-07
behest,3.162900442964207e-07
jonathon,3.162900442964207e-07
ineq,3.162900442964207e-07
adjudg,3.162900442964207e-07
pdo,3.162900442964207e-07
barrogordon,3.162900442964207e-07
yilmaz,3.162900442964207e-07
tiresom,3.162900442964207e-07
retribut,3.162900442964207e-07
subjectspecif,3.162900442964207e-07
ddp,3.162900442964207e-07
easley,3.162900442964207e-07
dissens,3.162900442964207e-07
dyo,3.162900442964207e-07
dpq,3.162900442964207e-07
cqx,3.162900442964207e-07
consumptiona,3.162900442964207e-07
trq,3.162900442964207e-07
qac,3.162900442964207e-07
likelihoodbas,3.162900442964207e-07
optout,3.162900442964207e-07
yoj,3.162900442964207e-07
plishment,3.162900442964207e-07
torili,3.162900442964207e-07
oreopoulo,3.162900442964207e-07
vxo,3.162900442964207e-07
unscientif,3.162900442964207e-07
mispredict,3.162900442964207e-07
holmstrm,3.162900442964207e-07
bayesiannash,3.162900442964207e-07
angri,3.162900442964207e-07
disillusion,3.162900442964207e-07
sophomor,3.162900442964207e-07
manuscriptreceiv,3.162900442964207e-07
witn,3.162900442964207e-07
hjp,3.162900442964207e-07
ezn,3.162900442964207e-07
imprimeri,3.162900442964207e-07
alii,3.162900442964207e-07
gtx,3.162900442964207e-07
qao,3.162900442964207e-07
vatur,3.162900442964207e-07
edlin,3.162900442964207e-07
statespac,3.162900442964207e-07
crim,3.162900442964207e-07
ofg,3.162900442964207e-07
zia,3.162900442964207e-07
jtr,3.162900442964207e-07
cxf,3.162900442964207e-07
sorti,3.162900442964207e-07
hbt,3.162900442964207e-07
econometnica,3.162900442964207e-07
stieltj,3.162900442964207e-07
heuri,3.162900442964207e-07
dicta,3.162900442964207e-07
thee,3.162900442964207e-07
subordi,3.162900442964207e-07
etcand,3.162900442964207e-07
extrema,3.162900442964207e-07
dormitori,3.162900442964207e-07
eist,3.162900442964207e-07
consumptiongood,3.162900442964207e-07
scx,3.162900442964207e-07
ehj,3.162900442964207e-07
expectedvalu,3.162900442964207e-07
xxf,3.162900442964207e-07
qyi,3.162900442964207e-07
poincar,3.162900442964207e-07
demogra,3.162900442964207e-07
rdimension,3.162900442964207e-07
ftd,3.162900442964207e-07
devote,3.162900442964207e-07
monoto,3.162900442964207e-07
embryon,3.162900442964207e-07
opn,3.162900442964207e-07
mta,3.162900442964207e-07
ynj,3.162900442964207e-07
jewitt,3.162900442964207e-07
minz,3.162900442964207e-07
disaffect,3.162900442964207e-07
pef,3.162900442964207e-07
mmin,3.162900442964207e-07
disus,3.162900442964207e-07
lousi,3.162900442964207e-07
moneyincom,3.162900442964207e-07
crde,3.162900442964207e-07
infonn,3.162900442964207e-07
itth,3.162900442964207e-07
cfp,3.162900442964207e-07
unconsum,3.162900442964207e-07
realbil,3.162900442964207e-07
syke,3.162900442964207e-07
plb,3.162900442964207e-07
groom,3.162900442964207e-07
dkd,3.162900442964207e-07
rell,3.162900442964207e-07
leti,3.162900442964207e-07
appor,3.162900442964207e-07
oba,3.162900442964207e-07
pedagogi,3.162900442964207e-07
selfcontradictori,3.162900442964207e-07
parag,3.162900442964207e-07
atrophi,3.162900442964207e-07
platitud,3.162900442964207e-07
highprob,3.162900442964207e-07
offenc,3.162900442964207e-07
brute,3.162900442964207e-07
ageabl,3.162900442964207e-07
inviol,3.162900442964207e-07
bystand,3.162900442964207e-07
correlogram,3.162900442964207e-07
jamin,3.162900442964207e-07
sdx,3.162900442964207e-07
misapprehens,3.162900442964207e-07
dko,3.162900442964207e-07
workth,3.162900442964207e-07
bmm,3.162900442964207e-07
johannesson,3.162900442964207e-07
introspect,3.162900442964207e-07
fvi,3.162900442964207e-07
wtx,3.162900442964207e-07
cusp,3.162900442964207e-07
hoa,3.162900442964207e-07
feminist,3.162900442964207e-07
wjo,3.162900442964207e-07
dtz,3.162900442964207e-07
ficti,3.162900442964207e-07
overconfid,3.162900442964207e-07
lican,3.162900442964207e-07
assumptionthat,3.162900442964207e-07
federalst,3.162900442964207e-07
tireless,3.162900442964207e-07
thal,3.162900442964207e-07
longdat,3.162900442964207e-07
ramn,3.162900442964207e-07
lumin,3.162900442964207e-07
nehr,3.162900442964207e-07
vield,3.162900442964207e-07
atq,3.162900442964207e-07
meo,3.162900442964207e-07
bridget,3.162900442964207e-07
sopher,3.162900442964207e-07
proced,3.162900442964207e-07
vtu,3.162900442964207e-07
facult,3.162900442964207e-07
graw,3.162900442964207e-07
dconomi,3.162900442964207e-07
supa,3.162900442964207e-07
byb,3.162900442964207e-07
volit,3.162900442964207e-07
harriet,3.162900442964207e-07
solac,3.162900442964207e-07
ctit,3.162900442964207e-07
disillus,3.162900442964207e-07
undeserv,3.162900442964207e-07
veriti,3.162900442964207e-07
aristocrat,3.162900442964207e-07
participat,3.162900442964207e-07
purer,3.162900442964207e-07
natura,3.162900442964207e-07
disobedi,3.162900442964207e-07
rocket,3.162900442964207e-07
endofquart,3.162900442964207e-07
autobiographi,3.162900442964207e-07
kakutani,3.162900442964207e-07
imagi,3.162900442964207e-07
secondmo,3.162900442964207e-07
noninterestbear,3.162900442964207e-07
fuc,3.162900442964207e-07
klm,3.162900442964207e-07
ycx,3.162900442964207e-07
admonish,3.162900442964207e-07
oka,3.162900442964207e-07
preposter,3.162900442964207e-07
pxc,3.162900442964207e-07
fuerst,3.162900442964207e-07
disconti,3.162900442964207e-07
petent,3.162900442964207e-07
stagnationist,3.162900442964207e-07
lastminut,3.162900442964207e-07
trimest,3.162900442964207e-07
frown,3.162900442964207e-07
discreet,3.162900442964207e-07
sanctiti,3.162900442964207e-07
youn,3.162900442964207e-07
qfx,3.162900442964207e-07
qor,3.162900442964207e-07
utr,3.162900442964207e-07
utn,3.162900442964207e-07
llewellyn,3.162900442964207e-07
halmo,3.162900442964207e-07
xlu,3.162900442964207e-07
uxp,3.162900442964207e-07
aloysius,3.162900442964207e-07
rrc,3.162900442964207e-07
detec,3.162900442964207e-07
tuo,3.162900442964207e-07
rjm,3.162900442964207e-07
homm,3.162900442964207e-07
parentchild,3.162900442964207e-07
rvs,3.162900442964207e-07
oxk,3.162900442964207e-07
englishmen,3.162900442964207e-07
flfl,3.162900442964207e-07
dural,3.162900442964207e-07
gilson,3.162900442964207e-07
stabiliz,3.162900442964207e-07
vue,3.162900442964207e-07
topki,3.162900442964207e-07
demonet,3.162900442964207e-07
niehaus,3.162900442964207e-07
piness,3.162900442964207e-07
xlz,3.162900442964207e-07
kro,3.162900442964207e-07
contraposit,3.162900442964207e-07
disint,3.162900442964207e-07
abbr,3.162900442964207e-07
fiftyfifti,3.162900442964207e-07
doit,3.162900442964207e-07
feminin,3.162900442964207e-07
rothstein,3.162900442964207e-07
peyton,3.162900442964207e-07
fja,3.162900442964207e-07
yrx,3.162900442964207e-07
vand,3.162900442964207e-07
transferr,3.162900442964207e-07
xee,3.162900442964207e-07
embezzl,3.162900442964207e-07
tfn,3.162900442964207e-07
isin,3.162900442964207e-07
overshot,3.162900442964207e-07
hector,3.162900442964207e-07
gxp,3.162900442964207e-07
schmoller,3.162900442964207e-07
bazaar,3.162900442964207e-07
wageunit,3.162900442964207e-07
wpx,3.162900442964207e-07
rjr,3.162900442964207e-07
teu,3.162900442964207e-07
depo,3.162900442964207e-07
rsk,3.162900442964207e-07
timei,3.162900442964207e-07
szi,3.162900442964207e-07
ujn,3.162900442964207e-07
motherhood,3.162900442964207e-07
iru,3.162900442964207e-07
eder,3.162900442964207e-07
leipnik,3.162900442964207e-07
halfdozen,3.162900442964207e-07
vfo,3.162900442964207e-07
dara,3.162900442964207e-07
aldo,3.162900442964207e-07
classen,3.162900442964207e-07
tobi,3.162900442964207e-07
lyapunov,3.162900442964207e-07
precon,3.162900442964207e-07
uwl,3.162900442964207e-07
mathematisch,3.162900442964207e-07
uau,3.162900442964207e-07
kenni,3.162900442964207e-07
ocp,3.162900442964207e-07
whistl,3.162900442964207e-07
tms,3.162900442964207e-07
scalabl,3.162900442964207e-07
poetri,3.162900442964207e-07
priestley,3.162900442964207e-07
goa,3.162900442964207e-07
otm,3.162900442964207e-07
sensori,3.162900442964207e-07
ewa,3.162900442964207e-07
clw,3.162900442964207e-07
msm,3.162900442964207e-07
hph,3.162900442964207e-07
lowpow,3.162900442964207e-07
uei,3.162900442964207e-07
tara,3.162900442964207e-07
ikx,3.162900442964207e-07
lanalys,3.162900442964207e-07
welltrain,3.162900442964207e-07
fxb,3.162900442964207e-07
allor,3.162900442964207e-07
programmat,3.162900442964207e-07
outpay,3.162900442964207e-07
auer,3.162900442964207e-07
ypr,3.162900442964207e-07
aerial,3.162900442964207e-07
pbe,3.162900442964207e-07
gubernatori,3.162900442964207e-07
isg,3.162900442964207e-07
unexception,3.162900442964207e-07
ftg,3.162900442964207e-07
prosecu,3.162900442964207e-07
uncontest,3.162900442964207e-07
ppu,3.162900442964207e-07
ctdt,3.162900442964207e-07
jfo,3.162900442964207e-07
hft,3.162900442964207e-07
nba,3.162900442964207e-07
mig,3.162900442964207e-07
betray,3.162900442964207e-07
estimand,3.162900442964207e-07
kaneko,3.162900442964207e-07
glamour,3.162900442964207e-07
payday,3.162900442964207e-07
galli,3.162900442964207e-07
mcclellan,3.162900442964207e-07
utilityposs,3.162900442964207e-07
eyr,3.162900442964207e-07
xvhile,3.162900442964207e-07
dapr,3.162900442964207e-07
overcon,3.162900442964207e-07
prv,3.162900442964207e-07
topmanag,3.162900442964207e-07
noti,3.162900442964207e-07
helli,3.162900442964207e-07
soever,3.162900442964207e-07
supo,3.162900442964207e-07
uabl,3.162900442964207e-07
hjx,3.162900442964207e-07
purif,3.162900442964207e-07
eficiari,3.162900442964207e-07
hxo,3.162900442964207e-07
cohabit,3.162900442964207e-07
superstit,3.162900442964207e-07
noninfinitesim,3.162900442964207e-07
wff,3.162900442964207e-07
pursuanc,3.162900442964207e-07
perk,3.162900442964207e-07
repos,3.162900442964207e-07
reza,3.162900442964207e-07
parenthood,3.162900442964207e-07
giveni,3.162900442964207e-07
equilibriumi,3.162900442964207e-07
humili,3.162900442964207e-07
strangl,3.162900442964207e-07
rzt,3.162900442964207e-07
modernday,3.162900442964207e-07
ajf,3.162900442964207e-07
rapproch,3.162900442964207e-07
thusiasm,3.162900442964207e-07
kahan,3.162900442964207e-07
tailormad,3.162900442964207e-07
goer,3.162900442964207e-07
ufc,3.162900442964207e-07
unworthi,3.162900442964207e-07
suspen,3.162900442964207e-07
overin,3.162900442964207e-07
jjr,3.162900442964207e-07
murakami,3.162900442964207e-07
everchang,3.162900442964207e-07
highearn,3.162900442964207e-07
tomasz,3.162900442964207e-07
multiplechoic,3.162900442964207e-07
rectiv,3.162900442964207e-07
pieti,3.162900442964207e-07
genicot,3.162900442964207e-07
dyf,3.162900442964207e-07
basement,3.162900442964207e-07
eccl,3.162900442964207e-07
horribl,3.162900442964207e-07
iqa,3.162900442964207e-07
gossen,3.162900442964207e-07
obit,3.162900442964207e-07
manship,3.162900442964207e-07
nmm,3.162900442964207e-07
blemish,3.162900442964207e-07
monetarv,3.162900442964207e-07
hardpress,3.162900442964207e-07
offth,3.162900442964207e-07
ythe,3.162900442964207e-07
subhead,3.162900442964207e-07
stipend,3.162900442964207e-07
glamor,3.162900442964207e-07
rmin,3.162900442964207e-07
ilil,3.162900442964207e-07
nonsta,3.162900442964207e-07
overwork,3.162900442964207e-07
wreak,3.162900442964207e-07
progressiv,3.162900442964207e-07
resurvey,3.162900442964207e-07
thrill,3.162900442964207e-07
mrm,3.162900442964207e-07
bait,3.162900442964207e-07
encuesta,3.162900442964207e-07
signer,3.162900442964207e-07
wos,3.162900442964207e-07
nlj,3.162900442964207e-07
preex,3.162900442964207e-07
ixn,3.162900442964207e-07
nora,3.162900442964207e-07
abler,3.162900442964207e-07
sws,3.162900442964207e-07
wellchosen,3.162900442964207e-07
lfo,3.162900442964207e-07
limto,3.162900442964207e-07
engelhardt,3.162900442964207e-07
betterinform,3.162900442964207e-07
fipi,3.162900442964207e-07
vider,3.162900442964207e-07
illfound,3.162900442964207e-07
rva,3.162900442964207e-07
unannounc,3.162900442964207e-07
opx,3.162900442964207e-07
jvt,3.162900442964207e-07
breastfeed,3.162900442964207e-07
fvx,3.162900442964207e-07
exz,3.162900442964207e-07
flyer,3.162900442964207e-07
jakub,3.162900442964207e-07
robertsonian,3.162900442964207e-07
youll,3.162900442964207e-07
unbear,3.162900442964207e-07
tnj,3.162900442964207e-07
apathi,3.162900442964207e-07
fcq,3.162900442964207e-07
firstterm,3.162900442964207e-07
eaz,3.162900442964207e-07
equilbrium,3.162900442964207e-07
txn,3.162900442964207e-07
indispen,3.162900442964207e-07
irrefut,3.162900442964207e-07
conomi,3.162900442964207e-07
fredrik,3.162900442964207e-07
niveau,3.162900442964207e-07
metriz,3.162900442964207e-07
contradistinct,3.162900442964207e-07
outgroup,3.162900442964207e-07
ayw,3.162900442964207e-07
priceexpect,3.162900442964207e-07
uncompen,3.162900442964207e-07
monstrous,3.162900442964207e-07
hogg,3.162900442964207e-07
icq,3.162900442964207e-07
gebiet,3.162900442964207e-07
pawn,3.162900442964207e-07
legalist,3.162900442964207e-07
msn,3.162900442964207e-07
unhedg,3.162900442964207e-07
finitedimension,3.162900442964207e-07
nauk,3.162900442964207e-07
inlaw,3.162900442964207e-07
lazarsfeld,3.162900442964207e-07
casper,3.162900442964207e-07
vcx,3.162900442964207e-07
hpo,3.162900442964207e-07
ojc,3.162900442964207e-07
xae,3.162900442964207e-07
qfj,3.162900442964207e-07
phlet,3.162900442964207e-07
ajxj,3.162900442964207e-07
onh,3.162900442964207e-07
septembernovemb,3.162900442964207e-07
uex,3.162900442964207e-07
aun,3.162900442964207e-07
yiw,3.162900442964207e-07
versat,3.162900442964207e-07
pjv,3.162900442964207e-07
respit,3.162900442964207e-07
oyo,3.162900442964207e-07
unintellig,3.162900442964207e-07
tenac,3.162900442964207e-07
selfint,3.162900442964207e-07
boredom,3.162900442964207e-07
pzx,3.162900442964207e-07
izt,3.162900442964207e-07
malevol,3.162900442964207e-07
makin,3.162900442964207e-07
eun,3.162900442964207e-07
inson,3.162900442964207e-07
patton,3.162900442964207e-07
hto,3.162900442964207e-07
lih,3.162900442964207e-07
misint,3.162900442964207e-07
mystifi,3.162900442964207e-07
misrepr,3.162900442964207e-07
avu,3.162900442964207e-07
erit,3.162900442964207e-07
betterknown,3.162900442964207e-07
jax,3.162900442964207e-07
wellpublic,3.162900442964207e-07
inefficien,3.162900442964207e-07
troi,3.162900442964207e-07
leaveit,3.162900442964207e-07
eyn,3.162900442964207e-07
sequitur,3.162900442964207e-07
nspace,3.162900442964207e-07
highord,3.162900442964207e-07
conseil,3.162900442964207e-07
mjc,3.162900442964207e-07
srp,3.162900442964207e-07
descart,3.162900442964207e-07
tnat,3.162900442964207e-07
dwu,3.162900442964207e-07
fcp,3.162900442964207e-07
afw,3.162900442964207e-07
ddo,3.162900442964207e-07
norbert,3.162900442964207e-07
appa,3.162900442964207e-07
crimi,3.162900442964207e-07
psychophys,3.162900442964207e-07
uiy,3.162900442964207e-07
uux,3.162900442964207e-07
vgi,3.162900442964207e-07
nao,3.162900442964207e-07
molinari,3.162900442964207e-07
pvx,3.162900442964207e-07
matchmak,3.162900442964207e-07
julien,3.162900442964207e-07
maturi,3.162900442964207e-07
remak,3.162900442964207e-07
tdimension,3.162900442964207e-07
mieux,3.162900442964207e-07
somm,3.162900442964207e-07
rtm,3.162900442964207e-07
commonvalu,3.162900442964207e-07
ekx,3.162900442964207e-07
dwelt,3.162900442964207e-07
singu,3.162900442964207e-07
infini,3.162900442964207e-07
orphan,3.162900442964207e-07
nonem,3.162900442964207e-07
nqn,3.162900442964207e-07
tbl,3.162900442964207e-07
pya,3.162900442964207e-07
xtu,3.162900442964207e-07
hrr,3.162900442964207e-07
unders,3.162900442964207e-07
pua,3.162900442964207e-07
overgener,3.162900442964207e-07
quasiequilibrium,3.162900442964207e-07
dxf,3.162900442964207e-07
hilbert,3.162900442964207e-07
kori,3.162900442964207e-07
uay,3.162900442964207e-07
liw,3.162900442964207e-07
tna,3.162900442964207e-07
boomer,3.162900442964207e-07
bds,3.162900442964207e-07
nzn,3.162900442964207e-07
ayh,3.162900442964207e-07
uyj,3.162900442964207e-07
assetpric,3.162900442964207e-07
dfv,3.162900442964207e-07
tutori,3.162900442964207e-07
lep,3.162900442964207e-07
astreint,3.162900442964207e-07
biostatist,3.162900442964207e-07
sciousli,3.162900442964207e-07
rvo,3.162900442964207e-07
pza,3.162900442964207e-07
fnx,3.162900442964207e-07
menter,3.162900442964207e-07
eoy,3.162900442964207e-07
zta,3.162900442964207e-07
rtrt,3.162900442964207e-07
vev,3.162900442964207e-07
friedmansavag,3.162900442964207e-07
rxs,3.162900442964207e-07
phic,3.162900442964207e-07
norc,3.162900442964207e-07
pxe,3.162900442964207e-07
pledgeabl,3.162900442964207e-07
nontest,3.162900442964207e-07
regat,3.162900442964207e-07
skandinavisk,3.162900442964207e-07
iha,3.162900442964207e-07
culus,3.162900442964207e-07
asv,3.162900442964207e-07
vlv,3.162900442964207e-07
adol,3.162900442964207e-07
afoul,3.162900442964207e-07
troductori,3.162900442964207e-07
hayward,3.162900442964207e-07
grandeur,3.162900442964207e-07
bolshevik,3.162900442964207e-07
malthuss,3.162900442964207e-07
incalcul,3.162900442964207e-07
polyhedron,3.162900442964207e-07
vjp,3.162900442964207e-07
leifer,3.162900442964207e-07
vay,3.162900442964207e-07
suen,3.162900442964207e-07
savant,3.162900442964207e-07
robber,3.162900442964207e-07
unessenti,3.162900442964207e-07
gabriell,3.162900442964207e-07
nlf,3.162900442964207e-07
lensembl,3.162900442964207e-07
kqk,3.162900442964207e-07
coarsen,3.162900442964207e-07
prenat,3.162900442964207e-07
nonequ,3.162900442964207e-07
gga,3.162900442964207e-07
nonwar,3.162900442964207e-07
rebal,3.162900442964207e-07
cramerrao,3.162900442964207e-07
hoyn,3.162900442964207e-07
stabilit,3.162900442964207e-07
behaviorist,3.162900442964207e-07
naci,3.162900442964207e-07
antisymmetr,3.162900442964207e-07
beb,3.162900442964207e-07
repetiti,3.162900442964207e-07
yendollar,3.162900442964207e-07
oim,3.162900442964207e-07
ejr,3.162900442964207e-07
eignti,3.162900442964207e-07
carrillo,3.162900442964207e-07
empirebuild,3.162900442964207e-07
cuniari,3.162900442964207e-07
euclidian,3.162900442964207e-07
icx,3.162900442964207e-07
guilford,3.162900442964207e-07
landier,3.162900442964207e-07
pecu,3.162900442964207e-07
fxe,3.162900442964207e-07
uja,3.162900442964207e-07
xaf,3.162900442964207e-07
flee,3.162900442964207e-07
lebesgu,3.162900442964207e-07
bth,3.162900442964207e-07
feng,3.162900442964207e-07
twoclass,3.162900442964207e-07
tomor,3.162900442964207e-07
nro,3.162900442964207e-07
disjunct,3.162900442964207e-07
aeh,3.162900442964207e-07
sylvest,3.162900442964207e-07
hasbrouck,3.162900442964207e-07
dbo,3.162900442964207e-07
bismarck,3.162900442964207e-07
lociti,3.162900442964207e-07
cute,3.162900442964207e-07
dnl,3.162900442964207e-07
moa,3.162900442964207e-07
imagina,3.162900442964207e-07
bulwark,3.162900442964207e-07
hiu,3.162900442964207e-07
jtf,3.162900442964207e-07
jir,3.162900442964207e-07
sulla,3.162900442964207e-07
indubit,3.162900442964207e-07
acg,3.162900442964207e-07
eligibil,3.162900442964207e-07
auz,3.162900442964207e-07
vtf,3.162900442964207e-07
elw,3.162900442964207e-07
lumsden,3.162900442964207e-07
misbehavior,3.162900442964207e-07
haldan,3.162900442964207e-07
snn,3.162900442964207e-07
diffid,3.162900442964207e-07
fxp,3.162900442964207e-07
oversubscrib,3.162900442964207e-07
didact,3.162900442964207e-07
pkc,3.162900442964207e-07
sno,3.162900442964207e-07
sigmund,3.162900442964207e-07
kci,3.162900442964207e-07
oop,3.162900442964207e-07
harlem,3.162900442964207e-07
ejm,3.162900442964207e-07
osmosi,3.162900442964207e-07
resurfac,3.162900442964207e-07
jaap,3.162900442964207e-07
feloni,3.162900442964207e-07
tme,3.162900442964207e-07
cher,3.162900442964207e-07
nonpartisan,3.162900442964207e-07
picard,3.162900442964207e-07
nay,3.162900442964207e-07
astic,3.162900442964207e-07
fez,3.162900442964207e-07
dollarpound,3.162900442964207e-07
dhx,3.162900442964207e-07
fourthquart,3.162900442964207e-07
gtj,3.162900442964207e-07
ement,3.162900442964207e-07
setvalu,3.162900442964207e-07
xfo,3.162900442964207e-07
untidi,3.162900442964207e-07
bassetto,3.162900442964207e-07
sane,3.162900442964207e-07
hate,3.162900442964207e-07
unb,3.162900442964207e-07
moth,3.162900442964207e-07
triv,3.162900442964207e-07
nnj,3.162900442964207e-07
vcs,3.162900442964207e-07
rochell,3.162900442964207e-07
dispassion,3.162900442964207e-07
banfield,3.162900442964207e-07
ziliak,3.162900442964207e-07
ruptur,3.162900442964207e-07
wellnigh,3.162900442964207e-07
glorious,3.162900442964207e-07
mangasarian,3.162900442964207e-07
csx,3.162900442964207e-07
stepup,3.162900442964207e-07
weari,3.162900442964207e-07
plos,3.162900442964207e-07
brow,3.162900442964207e-07
lew,3.162900442964207e-07
ltz,3.162900442964207e-07
facilitat,3.162900442964207e-07
hawkinssimon,3.162900442964207e-07
freiburg,3.162900442964207e-07
nca,3.162900442964207e-07
fzj,3.162900442964207e-07
mccurdi,3.162900442964207e-07
borger,3.162900442964207e-07
swarm,3.162900442964207e-07
ftu,3.162900442964207e-07
esteem,3.162900442964207e-07
unlearn,3.162900442964207e-07
postel,3.162900442964207e-07
lehrer,3.162900442964207e-07
gag,3.162900442964207e-07
xce,3.162900442964207e-07
limm,3.162900442964207e-07
soughtaft,3.162900442964207e-07
bansal,3.162900442964207e-07
ztf,3.162900442964207e-07
afqt,3.162900442964207e-07
etienn,3.162900442964207e-07
eua,3.162900442964207e-07
plosiv,3.162900442964207e-07
educt,3.162900442964207e-07
asthma,3.162900442964207e-07
tkx,3.162900442964207e-07
jiirgen,3.162900442964207e-07
tcx,3.162900442964207e-07
gnx,3.162900442964207e-07
limitless,3.162900442964207e-07
conidit,3.162900442964207e-07
ycs,3.162900442964207e-07
xsn,3.162900442964207e-07
hershey,3.162900442964207e-07
banner,3.162900442964207e-07
psw,3.162900442964207e-07
hightyp,3.162900442964207e-07
unmar,3.162900442964207e-07
vif,3.162900442964207e-07
helicopt,3.162900442964207e-07
wellground,3.162900442964207e-07
faut,3.162900442964207e-07
convexif,3.162900442964207e-07
slutzki,3.162900442964207e-07
instit,3.162900442964207e-07
hvi,3.162900442964207e-07
dedi,3.162900442964207e-07
ascript,3.162900442964207e-07
jdi,3.162900442964207e-07
poem,3.162900442964207e-07
iest,3.162900442964207e-07
tov,3.162900442964207e-07
fqs,3.162900442964207e-07
houser,3.162900442964207e-07
fetish,3.162900442964207e-07
selfcon,3.162900442964207e-07
despis,3.162900442964207e-07
suppo,3.162900442964207e-07
ctq,3.162900442964207e-07
lexi,3.162900442964207e-07
euy,3.162900442964207e-07
anjan,3.162900442964207e-07
ekeland,3.162900442964207e-07
invali,3.162900442964207e-07
impugn,3.162900442964207e-07
tensor,3.162900442964207e-07
franais,3.162900442964207e-07
laz,3.162900442964207e-07
orm,3.162900442964207e-07
dydi,3.162900442964207e-07
uixi,3.162900442964207e-07
effectsth,3.162900442964207e-07
vyo,3.162900442964207e-07
mms,3.162900442964207e-07
amix,3.162900442964207e-07
tbr,3.162900442964207e-07
zpx,3.162900442964207e-07
vou,3.162900442964207e-07
oftencit,3.162900442964207e-07
yuichi,3.162900442964207e-07
outliv,3.162900442964207e-07
anarch,3.162900442964207e-07
losophi,3.162900442964207e-07
nongaussian,3.162900442964207e-07
wpb,3.162900442964207e-07
pev,3.162900442964207e-07
youngster,3.162900442964207e-07
ennio,3.162900442964207e-07
predestin,3.162900442964207e-07
xtq,3.162900442964207e-07
rumour,3.162900442964207e-07
httpwwweconometricsocieti,3.162900442964207e-07
arbit,3.162900442964207e-07
piger,3.162900442964207e-07
seminair,3.162900442964207e-07
vkv,3.162900442964207e-07
fsp,3.162900442964207e-07
aqf,3.162900442964207e-07
jla,3.162900442964207e-07
tingal,3.162900442964207e-07
dmitri,3.162900442964207e-07
hitoshi,3.162900442964207e-07
vite,3.162900442964207e-07
poc,3.162900442964207e-07
annamaria,3.162900442964207e-07
acz,3.162900442964207e-07
jlo,3.162900442964207e-07
pointment,3.162900442964207e-07
fairi,3.162900442964207e-07
ifv,3.162900442964207e-07
simss,3.162900442964207e-07
hossain,3.162900442964207e-07
matsushima,3.162900442964207e-07
prologu,3.162900442964207e-07
smirnov,3.162900442964207e-07
aoao,3.162900442964207e-07
deceit,3.162900442964207e-07
rolph,3.162900442964207e-07
lendleas,3.162900442964207e-07
taq,3.162900442964207e-07
dlo,3.162900442964207e-07
txj,3.162900442964207e-07
imponder,3.162900442964207e-07
bram,3.162900442964207e-07
untruth,3.162900442964207e-07
riemann,3.162900442964207e-07
sixi,3.162900442964207e-07
nonkeynesian,3.162900442964207e-07
sician,3.162900442964207e-07
prescient,3.162900442964207e-07
biol,3.162900442964207e-07
wouild,3.162900442964207e-07
sevenfold,3.162900442964207e-07
gilboa,3.162900442964207e-07
piri,3.162900442964207e-07
procrastin,3.162900442964207e-07
displeas,3.162900442964207e-07
akak,3.162900442964207e-07
functionari,3.162900442964207e-07
uqi,3.162900442964207e-07
fbt,3.162900442964207e-07
frus,3.162900442964207e-07
nhs,3.162900442964207e-07
economicus,3.162900442964207e-07
anachronist,3.162900442964207e-07
tige,3.162900442964207e-07
bufferstock,3.162900442964207e-07
irc,3.162900442964207e-07
oay,3.162900442964207e-07
ticabl,3.162900442964207e-07
overflow,3.162900442964207e-07
policeman,3.162900442964207e-07
kajii,3.162900442964207e-07
gild,3.162900442964207e-07
shark,3.162900442964207e-07
twoday,3.162900442964207e-07
debreus,3.162900442964207e-07
vtz,3.162900442964207e-07
crestinse,3.162900442964207e-07
eab,3.162900442964207e-07
nonact,3.162900442964207e-07
kandori,3.162900442964207e-07
tawney,3.162900442964207e-07
pondenc,3.162900442964207e-07
dubey,3.162900442964207e-07
withinhousehold,3.162900442964207e-07
pierreandr,3.162900442964207e-07
vasco,3.162900442964207e-07
tmin,3.162900442964207e-07
shelley,3.162900442964207e-07
aunt,3.162900442964207e-07
toolbox,3.162900442964207e-07
cauchyschwarz,3.162900442964207e-07
earley,3.162900442964207e-07
taub,3.162900442964207e-07
xbt,3.162900442964207e-07
glori,3.162900442964207e-07
srk,3.162900442964207e-07
fiii,3.162900442964207e-07
furious,3.162900442964207e-07
cycleperman,3.162900442964207e-07
neumannmorgen,3.162900442964207e-07
ftb,3.162900442964207e-07
tachment,3.162900442964207e-07
strove,3.162900442964207e-07
wherewith,3.162900442964207e-07
misconstru,3.162900442964207e-07
prodig,3.162900442964207e-07
adk,3.162900442964207e-07
apologist,3.162900442964207e-07
civiliza,3.162900442964207e-07
avalanch,3.162900442964207e-07
fbp,3.162900442964207e-07
rtv,3.162900442964207e-07
restudrdu,3.162900442964207e-07
generi,3.162900442964207e-07
dnj,3.162900442964207e-07
fom,3.162900442964207e-07
nzi,3.162900442964207e-07
kaldorian,3.162900442964207e-07
frenchmen,3.162900442964207e-07
yef,3.162900442964207e-07
johanna,3.162900442964207e-07
schur,3.162900442964207e-07
ztn,3.162900442964207e-07
spiro,3.162900442964207e-07
afn,3.162900442964207e-07
exclaim,3.162900442964207e-07
maxd,3.162900442964207e-07
ltx,3.162900442964207e-07
zas,3.162900442964207e-07
rankdepend,3.162900442964207e-07
puy,3.162900442964207e-07
micromot,3.162900442964207e-07
fryer,3.162900442964207e-07
bessel,3.162900442964207e-07
cortex,3.162900442964207e-07
cattaneo,3.162900442964207e-07
ajb,3.162900442964207e-07
intercon,3.162900442964207e-07
nonstockhold,3.162900442964207e-07
qyt,3.162900442964207e-07
nondiscretionari,3.162900442964207e-07
amput,3.162900442964207e-07
ofz,3.162900442964207e-07
ordinalist,3.162900442964207e-07
mammoth,3.162900442964207e-07
boolean,3.162900442964207e-07
aytl,3.162900442964207e-07
kjx,3.162900442964207e-07
threeperson,3.162900442964207e-07
contr,3.162900442964207e-07
nondirect,3.162900442964207e-07
schizophrenia,3.162900442964207e-07
aex,3.162900442964207e-07
bhmbawerk,3.162900442964207e-07
morass,3.162900442964207e-07
intermarriag,3.162900442964207e-07
zoe,3.162900442964207e-07
aktuarietidskrift,3.162900442964207e-07
rav,3.162900442964207e-07
axti,3.162900442964207e-07
employmentbas,3.162900442964207e-07
subconsci,3.162900442964207e-07
bilinear,3.162900442964207e-07
bog,3.162900442964207e-07
demandformoney,3.162900442964207e-07
mpr,3.162900442964207e-07
agil,3.162900442964207e-07
curl,3.162900442964207e-07
freshmen,3.162900442964207e-07
nap,3.162900442964207e-07
propriet,3.162900442964207e-07
prive,3.162900442964207e-07
nmarket,3.162900442964207e-07
rfk,3.162900442964207e-07
physiqu,3.162900442964207e-07
elon,3.162900442964207e-07
wooder,3.162900442964207e-07
dfn,3.162900442964207e-07
dau,3.162900442964207e-07
tsukuba,3.162900442964207e-07
mcleod,3.162900442964207e-07
nonnul,3.162900442964207e-07
limbo,3.162900442964207e-07
uac,3.162900442964207e-07
ccq,3.162900442964207e-07
accommoda,3.162900442964207e-07
fccs,3.162900442964207e-07
lowerright,3.162900442964207e-07
delega,3.162900442964207e-07
ferson,3.162900442964207e-07
postindustri,3.162900442964207e-07
moneyth,3.162900442964207e-07
incompati,3.162900442964207e-07
giveaway,3.162900442964207e-07
propper,3.162900442964207e-07
revenus,3.162900442964207e-07
torben,3.162900442964207e-07
capric,3.162900442964207e-07
possibilit,3.162900442964207e-07
auten,3.162900442964207e-07
facteur,3.162900442964207e-07
singlestag,3.162900442964207e-07
wieland,3.162900442964207e-07
ipz,3.162900442964207e-07
tester,3.162900442964207e-07
cristian,3.162900442964207e-07
cout,3.162900442964207e-07
enz,3.162900442964207e-07
historydepend,3.162900442964207e-07
lfa,3.162900442964207e-07
lba,3.162900442964207e-07
completeinform,3.162900442964207e-07
marimon,3.162900442964207e-07
jockey,3.162900442964207e-07
psycholo,3.162900442964207e-07
ifest,3.162900442964207e-07
maxg,3.162900442964207e-07
rab,3.162900442964207e-07
tba,3.162900442964207e-07
wellpaid,3.162900442964207e-07
congenit,3.162900442964207e-07
nwe,3.162900442964207e-07
taux,3.162900442964207e-07
nont,3.162900442964207e-07
ournal,3.162900442964207e-07
lequilibr,3.162900442964207e-07
decentraliz,3.162900442964207e-07
drn,3.162900442964207e-07
partir,3.162900442964207e-07
egal,3.162900442964207e-07
mpn,3.162900442964207e-07
fck,3.162900442964207e-07
jrg,3.162900442964207e-07
font,3.162900442964207e-07
ibj,3.162900442964207e-07
qkj,3.162900442964207e-07
pnv,3.162900442964207e-07
zizi,3.162900442964207e-07
kullbackleibl,3.162900442964207e-07
groseclos,3.162900442964207e-07
econonietrica,3.162900442964207e-07
pouvoir,3.162900442964207e-07
fbl,3.162900442964207e-07
xbl,3.162900442964207e-07
pyr,3.162900442964207e-07
jeu,3.162900442964207e-07
probabilit,3.162900442964207e-07
pili,3.162900442964207e-07
dergradu,3.162900442964207e-07
parol,3.162900442964207e-07
millman,3.162900442964207e-07
iversen,3.162900442964207e-07
hdh,3.162900442964207e-07
librat,3.162900442964207e-07
bernd,3.162900442964207e-07
broca,3.162900442964207e-07
donner,3.162900442964207e-07
renunci,3.162900442964207e-07
tionth,3.162900442964207e-07
dib,3.162900442964207e-07
ohn,3.162900442964207e-07
mccrari,3.162900442964207e-07
vxj,3.162900442964207e-07
preambl,3.162900442964207e-07
bogus,3.162900442964207e-07
qnl,3.162900442964207e-07
fwl,3.162900442964207e-07
exorcis,3.162900442964207e-07
lineair,3.162900442964207e-07
abstin,3.162900442964207e-07
jbi,3.162900442964207e-07
nombr,3.162900442964207e-07
unreserv,3.162900442964207e-07
cka,3.162900442964207e-07
yinger,3.162900442964207e-07
gredient,3.162900442964207e-07
remarqu,3.162900442964207e-07
trb,3.162900442964207e-07
fivemonth,3.162900442964207e-07
cocco,3.162900442964207e-07
wheni,3.162900442964207e-07
fhe,3.162900442964207e-07
mdt,3.162900442964207e-07
intermediateterm,3.162900442964207e-07
hogarth,3.162900442964207e-07
herr,3.162900442964207e-07
placat,3.162900442964207e-07
saj,3.162900442964207e-07
outofwork,3.162900442964207e-07
indifferencecurv,3.162900442964207e-07
hsl,3.162900442964207e-07
camer,3.162900442964207e-07
vno,3.162900442964207e-07
tihi,3.162900442964207e-07
witch,3.162900442964207e-07
rull,3.162900442964207e-07
cera,3.162900442964207e-07
duf,3.162900442964207e-07
fdp,3.162900442964207e-07
felli,3.162900442964207e-07
montr,3.162900442964207e-07
lun,3.162900442964207e-07
vsk,3.162900442964207e-07
wrk,3.162900442964207e-07
jtx,3.162900442964207e-07
debut,3.162900442964207e-07
fein,3.162900442964207e-07
loin,3.162900442964207e-07
psz,3.162900442964207e-07
wgi,3.162900442964207e-07
juror,3.162900442964207e-07
cantor,3.162900442964207e-07
doherti,3.162900442964207e-07
materiel,3.162900442964207e-07
turin,3.162900442964207e-07
shrunken,3.162900442964207e-07
bestrepli,3.162900442964207e-07
lhomm,3.162900442964207e-07
pent,3.162900442964207e-07
lvl,3.162900442964207e-07
tionbas,3.162900442964207e-07
ceta,3.162900442964207e-07
patti,3.162900442964207e-07
sociabl,3.162900442964207e-07
ioj,3.162900442964207e-07
lena,3.162900442964207e-07
idiot,3.162900442964207e-07
syl,3.162900442964207e-07
milligan,3.162900442964207e-07
nonbinari,3.162900442964207e-07
trainer,3.162900442964207e-07
economicsth,3.162900442964207e-07
nvi,3.162900442964207e-07
puf,3.162900442964207e-07
varo,3.162900442964207e-07
tsai,3.162900442964207e-07
retari,3.162900442964207e-07
lucien,3.162900442964207e-07
anathema,3.162900442964207e-07
ieo,3.162900442964207e-07
bingo,3.162900442964207e-07
lff,3.162900442964207e-07
preplay,3.162900442964207e-07
foul,3.162900442964207e-07
xoj,3.162900442964207e-07
kullback,3.162900442964207e-07
qfa,3.162900442964207e-07
midtwenti,3.162900442964207e-07
chattopadhyay,3.162900442964207e-07
outofequilibrium,3.162900442964207e-07
noncommon,3.162900442964207e-07
cocain,3.162900442964207e-07
lowtyp,3.162900442964207e-07
cialism,3.162900442964207e-07
preintervent,3.162900442964207e-07
bdb,3.162900442964207e-07
paf,3.162900442964207e-07
evacu,3.162900442964207e-07
myr,3.162900442964207e-07
lxo,3.162900442964207e-07
kocher,3.162900442964207e-07
cui,3.162900442964207e-07
attun,3.162900442964207e-07
unperturb,3.162900442964207e-07
thr,3.162900442964207e-07
blith,3.162900442964207e-07
suscep,3.162900442964207e-07
ibe,3.162900442964207e-07
tfo,3.162900442964207e-07
latino,3.162900442964207e-07
apz,3.162900442964207e-07
sympa,3.162900442964207e-07
ticism,3.162900442964207e-07
fwr,3.162900442964207e-07
paragon,3.162900442964207e-07
eko,3.162900442964207e-07
tiebreak,3.162900442964207e-07
moro,3.162900442964207e-07
xzz,3.162900442964207e-07
obes,3.162900442964207e-07
lhi,3.162900442964207e-07
oht,3.162900442964207e-07
nepot,3.162900442964207e-07
incapacit,3.162900442964207e-07
monious,3.162900442964207e-07
possessor,3.162900442964207e-07
korenman,3.162900442964207e-07
caw,3.162900442964207e-07
civilis,3.162900442964207e-07
delud,3.162900442964207e-07
mmo,3.162900442964207e-07
pek,3.162900442964207e-07
fnd,3.162900442964207e-07
fabien,3.162900442964207e-07
sagi,3.162900442964207e-07
zot,3.162900442964207e-07
beginn,3.162900442964207e-07
hobb,3.162900442964207e-07
prearrang,3.162900442964207e-07
fourperiod,3.162900442964207e-07
nontransit,3.162900442964207e-07
desirabil,3.162900442964207e-07
aprajit,3.162900442964207e-07
winnertakeal,0.0
nonvot,0.0
emerald,0.0
etwt,0.0
gtr,0.0
budgetair,0.0
zpz,0.0
assetreturn,0.0
heyd,0.0
ingroup,0.0
nonfat,0.0
lochner,0.0
overeduc,0.0
tano,0.0
ragan,0.0
maxh,0.0
cohortbas,0.0
dickhaut,0.0
psychiatr,0.0
naturalr,0.0
jvj,0.0
rvr,0.0
neurobiolog,0.0
fww,0.0
uiz,0.0
scj,0.0
bebchuk,0.0
pricedividend,0.0
milnor,0.0
satisfic,0.0
wakker,0.0
strmberg,0.0
roni,0.0
timeto,0.0
ucuc,0.0
nonzerosum,0.0
fischhoff,0.0
paw,0.0
maenhout,0.0
cpn,0.0
slovic,0.0
chisel,0.0
schmeidler,0.0
euz,0.0
selfreferenti,0.0
jhi,0.0
selfless,0.0
weigelt,0.0
shafir,0.0
cointegrat,0.0
subjectivist,0.0
rockvill,0.0
selfdeni,0.0
qmle,0.0
uxk,0.0
brienn,0.0
moulin,0.0
ssdi,0.0
aey,0.0
bork,0.0
openmind,0.0
prosoci,0.0
assetback,0.0
isx,0.0
proverb,0.0
steen,0.0
hanm,0.0
pauzner,0.0
dfu,0.0
antikeynesian,0.0
bettor,0.0
marketlik,0.0
fqx,0.0
tled,0.0
frantic,0.0
ligat,0.0
dove,0.0
afz,0.0
regressiondiscontinu,0.0
deeproot,0.0
uxu,0.0
yuliy,0.0
cxb,0.0
scrupl,0.0
sunstein,0.0
rfj,0.0
submartingal,0.0
vfa,0.0
breiman,0.0
mathstrutmboxboldmath,0.0
minkowski,0.0
posttest,0.0
perpupil,0.0
supn,0.0
tua,0.0
intox,0.0
limr,0.0
permuta,0.0
numeraci,0.0
sefton,0.0
diener,0.0
gchter,0.0
weilb,0.0
viu,0.0
prg,0.0
qualityquant,0.0
lepper,0.0
grandmoth,0.0
burman,0.0
loev,0.0
brilling,0.0
limsup,0.0
terranc,0.0
burbidg,0.0
nondevi,0.0
rollment,0.0
gabszewicz,0.0
chwe,0.0
matician,0.0
reattain,0.0
riskiest,0.0
ivx,0.0
castig,0.0
coalitionproof,0.0
xxr,0.0
tulken,0.0
highachiev,0.0
sundaresan,0.0
ortega,0.0
uniformpric,0.0
eph,0.0
shakotko,0.0
sannikov,0.0
bjb,0.0
shroud,0.0
wfw,0.0
supermartingal,0.0
mcgarri,0.0
genotyp,0.0
undergrad,0.0
lucian,0.0
epistem,0.0
mbius,0.0
youv,0.0
nonregular,0.0
unprepar,0.0
mannmorgenstern,0.0
ofm,0.0
ghz,0.0
idj,0.0
postaccord,0.0
onp,0.0
doortodoor,0.0
daugh,0.0
sociobiolog,0.0
arbitragefre,0.0
hallock,0.0
measuretheoret,0.0
nondictatorship,0.0
agendaset,0.0
ainsli,0.0
schanzenbach,0.0
hillier,0.0
featherman,0.0
avn,0.0
doubleauct,0.0
afin,0.0
dessein,0.0
puisqu,0.0
racesex,0.0
sondermann,0.0
elain,0.0
manelli,0.0
schkade,0.0
apostol,0.0
permett,0.0
erudit,0.0
rfx,0.0
ptbt,0.0
motti,0.0
siniscalchi,0.0
checkabl,0.0
downsian,0.0
noncommit,0.0
ailsa,0.0
fiveminut,0.0
quizz,0.0
oaf,0.0
winterebm,0.0
lrx,0.0
luctanc,0.0
izabl,0.0
emmerson,0.0
figlio,0.0
nkl,0.0
farquharson,0.0
finitesim,0.0
dorsey,0.0
frw,0.0
automata,0.0
daycar,0.0
tqj,0.0
tiabil,0.0
indexlink,0.0
estell,0.0
pag,0.0
yossi,0.0
religios,0.0
cabdriv,0.0
courti,0.0
boozer,0.0
supj,0.0
hri,0.0
nikaido,0.0
mazumd,0.0
itamar,0.0
kuk,0.0
zao,0.0
uap,0.0
ofu,0.0
frc,0.0
plimt,0.0
frk,0.0
nchs,0.0
optimizationbas,0.0
uiyi,0.0
fua,0.0
fzf,0.0
dawid,0.0
qsl,0.0
pander,0.0
bingley,0.0
fuster,0.0
bondfinanc,0.0
qoa,0.0
sheepskin,0.0
etlt,0.0
pureexchang,0.0
uizi,0.0
antoinett,0.0
kaldorhick,0.0
xec,0.0
inscrut,0.0
sob,0.0
postsecond,0.0
extracurricular,0.0
mathstrutbbb,0.0
egoist,0.0
lpezsalido,0.0
malouf,0.0
matsui,0.0
incarcer,0.0
latan,0.0
schein,0.0
georgi,0.0
ofw,0.0
ofield,0.0
porteus,0.0
neuroeconom,0.0
homicid,0.0
sucker,0.0
neuron,0.0
intraperson,0.0
horney,0.0
filli,0.0
monthyear,0.0
tschirhart,0.0
fow,0.0
surplusmaxim,0.0
mendelson,0.0
vjv,0.0
jullien,0.0
floren,0.0
cooter,0.0
dissembl,0.0
dina,0.0
gervai,0.0
uxf,0.0
stromsdorf,0.0
larceni,0.0
collegio,0.0
shortsel,0.0
demski,0.0
xvx,0.0
icb,0.0
looney,0.0
xyj,0.0
kleven,0.0
maesta,0.0
intentiontotreat,0.0
nonreligi,0.0
pdimension,0.0
iaii,0.0
euphem,0.0
matricul,0.0
frbmit,0.0
xpk,0.0
pjz,0.0
nex,0.0
ddimension,0.0
deficitfinanc,0.0
carrel,0.0
hyi,0.0
halfspac,0.0
sobolev,0.0
balanced,0.0
rawlss,0.0
tfm,0.0
thefollow,0.0
upo,0.0
nagin,0.0
semiord,0.0
merlo,0.0
portfoliobal,0.0
debtmanag,0.0
fsc,0.0
swansea,0.0
tec,0.0
dfk,0.0
sard,0.0
budgetbalanc,0.0
sef,0.0
selfesteem,0.0
royer,0.0
leining,0.0
fubini,0.0
andg,0.0
amihud,0.0
wallet,0.0
subcov,0.0
scfs,0.0
eequilibrium,0.0
xxm,0.0
sureth,0.0
sawhil,0.0
eighthgrad,0.0
fischel,0.0
rothkopf,0.0
pvo,0.0
clapp,0.0
tionar,0.0
industryoccup,0.0
huck,0.0
simonson,0.0
mok,0.0
fba,0.0
pey,0.0
covariancestationari,0.0
kzt,0.0
tsf,0.0
evangel,0.0
rizon,0.0
fertig,0.0
schotter,0.0
zorn,0.0
correia,0.0
siegelman,0.0
gibil,0.0
voe,0.0
ignacio,0.0
oyer,0.0
poussin,0.0
birthweight,0.0
maimonid,0.0
grom,0.0
wahlbeck,0.0
frd,0.0
perinat,0.0
bitler,0.0
minori,0.0
bonhomm,0.0
nonsequenti,0.0
egat,0.0
dasheddot,0.0
siren,0.0
intermediar,0.0
multiobject,0.0
doiqjeqju,0.0
policya,0.0
hafer,0.0
wro,0.0
chakraborti,0.0
logdevi,0.0
deti,0.0
brun,0.0
gvi,0.0
filip,0.0
imhof,0.0
tok,0.0
gibbard,0.0
spiegler,0.0
psychosoci,0.0
coarsest,0.0
vxe,0.0
hiz,0.0
pxu,0.0
boivin,0.0
eux,0.0
ultimatum,0.0
barnow,0.0
replan,0.0
qna,0.0
hagerti,0.0
thermomet,0.0
verrecchia,0.0
preelect,0.0
iho,0.0
precinct,0.0
precolleg,0.0
sleet,0.0
szego,0.0
fico,0.0
lessthanperfect,0.0
dfx,0.0
einstein,0.0
orchestr,0.0
bearish,0.0
journalspermissionsoupcom,0.0
figlewski,0.0
firesal,0.0
mocan,0.0
restudrdt,0.0
clotfelt,0.0
msalevel,0.0
pcn,0.0
lowachiev,0.0
dominitz,0.0
longshort,0.0
outreach,0.0
underreact,0.0
caucasian,0.0
tyran,0.0
xdfx,0.0
gerardi,0.0
etmt,0.0
protter,0.0
nava,0.0
ddc,0.0
hoeffd,0.0
battistin,0.0
eyster,0.0
inderst,0.0
oberholzerge,0.0
exti,0.0
rosenblat,0.0
takeitor,0.0
philanthrop,0.0
obstetr,0.0
abrahams,0.0
pediatr,0.0
venkatesh,0.0
hmos,0.0
ffr,0.0
fdx,0.0
commonknowledg,0.0
titfortat,0.0
rendu,0.0
ceci,0.0
luft,0.0
nightmar,0.0
curricular,0.0
florin,0.0
undersav,0.0
defraud,0.0
stepahead,0.0
covp,0.0
topa,0.0
noldek,0.0
egx,0.0
sibert,0.0
qiz,0.0
racket,0.0
racetrack,0.0
heavytail,0.0
wahrscheinlichkeitstheori,0.0
lubotski,0.0
fjz,0.0
neurosci,0.0
risktoler,0.0
hrh,0.0
dwn,0.0
shotgun,0.0
fatih,0.0
ameasur,0.0
treasuryfeder,0.0
sproul,0.0
engelmann,0.0
holdingperiod,0.0
ophi,0.0
classmat,0.0
squareintegr,0.0
vkx,0.0
aum,0.0
districtspecif,0.0
valuesa,0.0
postexperi,0.0
sohmen,0.0
pettit,0.0
eckel,0.0
fvs,0.0
birkhoff,0.0
ferral,0.0
autonoma,0.0
francesconi,0.0
liebman,0.0
watertight,0.0
armor,0.0
nonstop,0.0
lowestqu,0.0
collid,0.0
selfimag,0.0
selfpercept,0.0
mclennan,0.0
datcher,0.0
vigour,0.0
iua,0.0
nonatom,0.0
egocentr,0.0
netic,0.0
xiiy,0.0
twocandid,0.0
inadv,0.0
primaryproduc,0.0
fischbach,0.0
unblock,0.0
lup,0.0
tarist,0.0
doiqjeqjv,0.0
qjeoxfordjournalorg,0.0
ruc,0.0
yrz,0.0
covf,0.0
oae,0.0
etz,0.0
xpiy,0.0
ctw,0.0
xrz,0.0
xriy,0.0
undersmooth,0.0
riskshift,0.0
supr,0.0
adrien,0.0
rmo,0.0
mostpref,0.0
mutant,0.0
outofthemoney,0.0
fishburn,0.0
uld,0.0
stx,0.0
displeasur,0.0
dauphin,0.0
plinari,0.0
zerocoupon,0.0
limf,0.0
nevermarri,0.0
chiappoli,0.0
edelman,0.0
etrt,0.0
aria,0.0
moneya,0.0
realbal,0.0
infertil,0.0
petuat,0.0
fpn,0.0
childspecif,0.0
iixi,0.0
schmittberg,0.0
presentbias,0.0
shachat,0.0
armap,0.0
balduzzi,0.0
willpow,0.0
overprovid,0.0
wvhen,0.0
ambrus,0.0
underdog,0.0
pretrial,0.0
offerman,0.0
mathrmexp,0.0
shorthorizon,0.0
predictabil,0.0
centiped,0.0
harshest,0.0
pricep,0.0
lowerord,0.0
yearofbirth,0.0
nondegen,0.0
copula,0.0
archimedean,0.0
unx,0.0
termstructur,0.0
moneyhold,0.0
laq,0.0
offtheequilibriumpath,0.0
ewx,0.0
ldimension,0.0
maccheroni,0.0
qipi,0.0
sicker,0.0
benartzi,0.0
hortacsu,0.0
aah,0.0
reelec,0.0
walstad,0.0
retrad,0.0
hegel,0.0
cawley,0.0
unmitig,0.0
uiai,0.0
hls,0.0
cauchyschwartz,0.0
bezalel,0.0
anderlini,0.0
condom,0.0
informationth,0.0
phraseolog,0.0
lakonishok,0.0
ihn,0.0
nonmanipul,0.0
beil,0.0
lagunoff,0.0
employersponsor,0.0
racialethn,0.0
exempl,0.0
lorsqu,0.0
jzt,0.0
lemploi,0.0
ciolog,0.0
urr,0.0
plato,0.0
bisin,0.0
disgrac,0.0
bne,0.0
reconvert,0.0
yfp,0.0
eutut,0.0
acquit,0.0
cela,0.0
gjc,0.0
permet,0.0
domize,0.0
estrella,0.0
fiyi,0.0
jeux,0.0
enfin,0.0
sumit,0.0
colloqui,0.0
compactvalu,0.0
deux,0.0
vtm,0.0
pww,0.0
leftcontinu,0.0
redemp,0.0
thoriz,0.0
adumbr,0.0
timehomogen,0.0
pitchik,0.0
sren,0.0
calib,0.0
juselius,0.0
maurin,0.0
commonstock,0.0
cbl,0.0
phh,0.0
hirano,0.0
leonal,0.0
cepend,0.0
xdf,0.0
donc,0.0
quun,0.0
showup,0.0
cest,0.0
nonteach,0.0
dautr,0.0
alor,0.0
pervert,0.0
arthriti,0.0
xaz,0.0
modesti,0.0
restudrdr,0.0
puw,0.0
saposnik,0.0
mechanismdesign,0.0
marciano,0.0
kohlberg,0.0
autr,0.0
donne,0.0
necessair,0.0
selectioncorrect,0.0
stigum,0.0
vaart,0.0
awak,0.0
renal,0.0
ambulatori,0.0
damon,0.0
neuro,0.0
marget,0.0
mestim,0.0
sham,0.0
liapunov,0.0
selfrat,0.0
einav,0.0
gynecolog,0.0
schwartzstein,0.0
referencedepend,0.0
unconfounded,0.0
otherregard,0.0
quel,0.0
interet,0.0
cestadir,0.0
celui,0.0
aucun,0.0
peut,0.0
quinzii,0.0
meilleur,0.0
sont,0.0
meme,0.0
ainsi,0.0
wvl,0.0
tremblinghand,0.0
chaqu,0.0
effet,0.0
menchik,0.0
eylx,0.0
particuli,0.0
lign,0.0
jix,0.0
seul,0.0
suivant,0.0
chacun,0.0
seulement,0.0
ufx,0.0
peuvent,0.0
dernier,0.0
shortsal,0.0
singlecross,0.0
encor,0.0
bestrespond,0.0
typedepend,0.0
theoriqu,0.0
asymmetricinform,0.0
jodi,0.0
tietz,0.0
encycloped,0.0
socialeconom,0.0
dynarski,0.0
coursework,0.0
noncognit,0.0
vesterlund,0.0
fnr,0.0
kuziemko,0.0
ilyana,0.0
baumeist,0.0
cashbal,0.0
lowperform,0.0
psychol,0.0
lindsey,0.0
vyl,0.0
alternatingoff,0.0
ynk,0.0
barankay,0.0
roell,0.0
samesex,0.0
eissa,0.0
studentlevel,0.0
complier,0.0
progresa,0.0
rnp,0.0
memberbank,0.0
fhs,0.0
quasiequilibria,0.0
tdtonnement,0.0
vhs,0.0
dfw,0.0
debrief,0.0
freud,0.0
postretir,0.0
postschool,0.0
zeroprob,0.0
bogey,0.0
jpl,0.0
withinschool,0.0
klaauw,0.0
creamskim,0.0
postprogram,0.0
viss,0.0
juj,0.0
brows,0.0
arbitrar,0.0
jrl,0.0
jtp,0.0
withinsubject,0.0
perrign,0.0
rasmusen,0.0
fnj,0.0
idg,0.0
elmendorf,0.0
aub,0.0
ahx,0.0
klibanoff,0.0
vbb,0.0
randomiza,0.0
kirchsteig,0.0
drf,0.0
vidualist,0.0
midcar,0.0
sozialpolitik,0.0
predisplac,0.0
privatevalu,0.0
caillaud,0.0
trejo,0.0
fixedincom,0.0
nonanonym,0.0
wantchekon,0.0
philanthropi,0.0
philoso,0.0
kaestner,0.0
carlstrom,0.0
oyj,0.0
teammat,0.0
redistrict,0.0
menez,0.0
heartili,0.0
austensmith,0.0
trouv,0.0
baliga,0.0
oeuvr,0.0
ceux,0.0
lettr,0.0
herrero,0.0
herrnstein,0.0
stagegam,0.0
widowhood,0.0
limno,0.0
hausdorff,0.0
limnoo,0.0
limko,0.0
eldar,0.0
stoy,0.0
goere,0.0
tuce,0.0
afu,0.0
etxt,0.0
brx,0.0
payoffequival,0.0
miscoordin,0.0
ortmann,0.0
eliaz,0.0
sonmez,0.0
experimentalist,0.0
lossavers,0.0
oechssler,0.0
sarin,0.0
broseta,0.0
niciti,0.0
tpn,0.0
mainspr,0.0
normann,0.0
vohra,0.0
vtw,0.0
clapham,0.0
guerr,0.0
riskdomin,0.0
wiz,0.0
easterbrook,0.0
amnon,0.0
woodburi,0.0
pavoni,0.0
rje,0.0
beliefbas,0.0
dotsey,0.0
giannoni,0.0
uppersemicontinu,0.0
tanto,0.0
nbn,0.0
ntp,0.0
schupp,0.0
serait,0.0
toujour,0.0
tair,0.0
kfir,0.0
doctrinair,0.0
slonim,0.0
ssas,0.0
masterpiec,0.0
reproach,0.0
roulett,0.0
mathema,0.0
secondpric,0.0
hortasu,0.0
chartist,0.0
usborn,0.0
coordinatewis,0.0
zemski,0.0
miscarriag,0.0
fess,0.0
infx,0.0
magistr,0.0
humor,0.0
raceethn,0.0
eeoc,0.0
guryan,0.0
cheaptalk,0.0
jurisprud,0.0
definedbenefit,0.0
quasihyperbol,0.0
botond,0.0
pavan,0.0
quasirandom,0.0
droit,0.0
grinblatt,0.0
chologist,0.0
squintani,0.0
odean,0.0
solemn,0.0
malmendi,0.0
yildiz,0.0
tastebas,0.0
gilovich,0.0
joulfaian,0.0
lyx,0.0
provabl,0.0
livr,0.0
kszegi,0.0
jtpa,0.0
unmix,0.0
schoollevel,0.0
dint,0.0
ligious,0.0
disgust,0.0
schoolspecif,0.0
incess,0.0
tilman,0.0
genderspecif,0.0
italist,0.0
intrahous,0.0
nonhealth,0.0
turgot,0.0
verein,0.0
wholesom,0.0
lifeinsur,0.0
pulmonari,0.0
luckingreiley,0.0
tionalist,0.0
gachter,0.0
poksang,0.0
talcott,0.0
inkoo,0.0
medit,0.0
semiparamet,0.0
baumoltobin,0.0
vytlacil,0.0
iourii,0.0
tiaacref,0.0
warshawski,0.0
yearn,0.0
einzig,0.0
bipartisan,0.0
battaglini,0.0
vlimki,0.0
annika,0.0
inperson,0.0
nonexplos,0.0
bimatrix,0.0
underpay,0.0
jinyong,0.0
professori,0.0
premarit,0.0
benni,0.0
riedl,0.0
gneezi,0.0
fluent,0.0
ottaviani,0.0
bergemann,0.0
szent,0.0
bentham,0.0
spivak,0.0
longstaff,0.0
myatt,0.0
supercomput,0.0
westerfield,0.0
erv,0.0
habilit,0.0
muhamet,0.0
noneld,0.0
vayano,0.0
jealousi,0.0
freshman,0.0
uninfor,0.0
marinacci,0.0
definedcontribut,0.0
viction,0.0
unselfish,0.0
gid,0.0
dgps,0.0
nonspecul,0.0
wellbalanc,0.0
postcolleg,0.0
rua,0.0
vaf,0.0
masquerad,0.0
gaa,0.0
commissariat,0.0
tarski,0.0
tobacman,0.0
supt,0.0
mouvement,0.0
pseudotru,0.0
posthum,0.0
gilat,0.0
alnajjar,0.0
fascism,0.0
crmer,0.0
gabriella,0.0
keisuk,0.0
troit,0.0
marilda,0.0
baqir,0.0
anscombeaumann,0.0
euf,0.0
ergin,0.0
ghirardato,0.0
vfe,0.0
martial,0.0
unstabil,0.0
matsusaka,0.0
saet,0.0
braith,0.0
foreground,0.0
fuhito,0.0
tayfun,0.0
lemmata,0.0
honorari,0.0
tunist,0.0
urquiola,0.0
blough,0.0
snmez,0.0
galeshapley,0.0
sotomayor,0.0
strategyproof,0.0
echeniqu,0.0
unimagin,0.0
soit,0.0
beaucoup,0.0
moyen,0.0
avoir,0.0
riskbas,0.0
wedlock,0.0
domiz,0.0
admati,0.0
egoism,0.0
selfdecept,0.0
seru,0.0
hertz,0.0
nlsi,0.0
mott,0.0
selfcontrol,0.0
ypix,0.0
abdulkadiroglu,0.0
elisha,0.0
huggett,0.0
yuval,0.0
wja,0.0
protestant,0.0
intenttotreat,0.0
zinman,0.0
microcredit,0.0
maledomin,0.0
burglari,0.0
glennerst,0.0
extensiveform,0.0
crowdout,0.0
zamir,0.0
incompleteinform,0.0
eyal,0.0
normalform,0.0
yelowitz,0.0
magil,0.0
microfin,0.0
randomis,0.0
psychiatrist,0.0
leighton,0.0
uhh,0.0
mclanahan,0.0
rasul,0.0
imran,0.0
risqu,0.0
compatibil,0.0
devant,0.0
chassang,0.0
lecol,0.0
rationnel,0.0
ulrik,0.0
menzio,0.0
spousal,0.0
bryce,0.0
preme,0.0
eulog,0.0
multiag,0.0
alipranti,0.0
missal,0.0
irreflex,0.0
valletta,0.0
quasitransit,0.0
aitsahalia,0.0
viceira,0.0
unscrupul,0.0
hatr,0.0
kariv,0.0
warmglow,0.0
demang,0.0
kleibergen,0.0
pious,0.0
limc,0.0
costagom,0.0
peranson,0.0
bikhchandani,0.0
ttq,0.0
misappli,0.0
melumad,0.0
atila,0.0
capozza,0.0
imrohoroglu,0.0
bankheld,0.0
yfo,0.0
ays,0.0
searchmatch,0.0
realtor,0.0
prejudici,0.0
searchbas,0.0
mathstrutc,0.0
highwealth,0.0
iww,0.0
baicker,0.0
comorbid,0.0
bohm,0.0
amitabh,0.0
hivaid,0.0
wagetenur,0.0
willet,0.0
offthejob,0.0
ucsb,0.0
gratif,0.0
llerasmuney,0.0
criminolog,0.0
monozygot,0.0
ztree,0.0
mesquita,0.0
zame,0.0
nishimura,0.0
teckhua,0.0
morimun,0.0
pathi,0.0
foolhardi,0.0
scanlon,0.0
lechen,0.0
herhi,0.0
niemi,0.0
lapplic,0.0
nonacadem,0.0
firstchoic,0.0
walrasbowley,0.0
yacin,0.0
risklov,0.0
bielefeld,0.0
threeplay,0.0
flora,0.0
inhospit,0.0
demarzo,0.0
viswanathan,0.0
officehold,0.0
smetter,0.0
disabil,0.0
ucg,0.0
rnf,0.0
fwx,0.0
hiw,0.0
qjx,0.0
liran,0.0
roommat,0.0
nonmarit,0.0
vaniti,0.0
ljung,0.0
roley,0.0
dabord,0.0
ejx,0.0
apap,0.0
manier,0.0
contrair,0.0
letud,0.0
egj,0.0
bertaut,0.0
stopgap,0.0
ghysel,0.0
sdfs,0.0
jegadeesh,0.0
rightcontinu,0.0
enrolle,0.0
deme,0.0
ufo,0.0
evermarri,0.0
beneficia,0.0
compatriot,0.0
gqi,0.0
fbx,0.0
closed,0.0
fiscalmonetari,0.0
avant,0.0
worship,0.0
subcoalit,0.0
euthanasia,0.0
ceq,0.0
postnat,0.0
henrich,0.0
bitrag,0.0
vml,0.0
fep,0.0
faz,0.0
ynx,0.0
upx,0.0
oosterbeek,0.0
dohmen,0.0
nearmoney,0.0
converti,0.0
gerardvaret,0.0
fatous,0.0
riesz,0.0
enfranchis,0.0
payoffirrelev,0.0
multiplay,0.0
parthasarathi,0.0
fgx,0.0
uxn,0.0
sunder,0.0
lequel,0.0
etant,0.0
genderbas,0.0
dismay,0.0
interestelast,0.0
prociti,0.0
suprema,0.0
qlx,0.0
steinmeier,0.0
emeritus,0.0
rrb,0.0
letp,0.0
offtheequilibrium,0.0
nonsingleton,0.0
gnt,0.0
wchter,0.0
yann,0.0
vicari,0.0
trembl,0.0
cavallisforza,0.0
condominium,0.0
feddersen,0.0
fyn,0.0
cmsem,0.0
expositor,0.0
boursier,0.0
pga,0.0
hosio,0.0
jurist,0.0
manoli,0.0
riefler,0.0
payforperform,0.0
interestinelast,0.0
interestsensit,0.0
portent,0.0
glorifi,0.0
htp,0.0
afix,0.0
caregiv,0.0
xak,0.0
depui,0.0
underreject,0.0
miao,0.0
debthold,0.0
withinfamili,0.0
stinebrickn,0.0
ucq,0.0
assez,0.0
quon,0.0
collegego,0.0
annalen,0.0
lakdawalla,0.0
ukx,0.0
champsaur,0.0
exprim,0.0
ordr,0.0
quand,0.0
soient,0.0
ancien,0.0
kamenica,0.0
plusieur,0.0
uporout,0.0
choquet,0.0
outr,0.0
poser,0.0
bartl,0.0
piccion,0.0
processus,0.0
vma,0.0
kopczuk,0.0
exdividend,0.0
renegotia,0.0
disobey,0.0
bwo,0.0
mug,0.0
turf,0.0
xka,0.0
tkk,0.0
yml,0.0
diermeier,0.0
finanzarchiv,0.0
omnipres,0.0
amerik,0.0
lohmann,0.0
stint,0.0
stupid,0.0
hack,0.0
hyperinfla,0.0
proofread,0.0
nongradu,0.0
nise,0.0
nonseri,0.0
fiorina,0.0
plpl,0.0
constantsum,0.0
kfor,0.0
cok,0.0
pnpn,0.0
ellsberg,0.0
reichelstein,0.0
ucz,0.0
supi,0.0
ssn,0.0
iqq,0.0
leeat,0.0
fmx,0.0
untoward,0.0
aeu,0.0
ftz,0.0
vouch,0.0
remarri,0.0
candidaci,0.0
colloqu,0.0
disequili,0.0
ttg,0.0
nib,0.0
hoy,0.0
marrin,0.0
supposi,0.0
nonclear,0.0
toolkit,0.0
etct,0.0
teleolog,0.0
patman,0.0
vux,0.0
tsay,0.0
xxs,0.0
rfe,0.0
qxq,0.0
pazner,0.0
esm,0.0
lecam,0.0
nongroup,0.0
hargreav,0.0
agentspecif,0.0
qiv,0.0
testscor,0.0
andw,0.0
franklyn,0.0
ctlt,0.0
yariv,0.0
hyperinflationari,0.0
ritov,0.0
automaton,0.0
onslaught,0.0
semimartingal,0.0
eyit,0.0
shiryaev,0.0
pathwis,0.0
markettobook,0.0
noncitizen,0.0
dierker,0.0
twoarm,0.0
homebuy,0.0
noncred,0.0
ormerod,0.0
panion,0.0
neeman,0.0
greedi,0.0
detent,0.0
truthtel,0.0
nostalgia,0.0
nament,0.0
giftexchang,0.0
hanno,0.0
shyam,0.0
onefor,0.0
murnighan,0.0
nhh,0.0
winden,0.0
lawler,0.0
sonneman,0.0
dufwenberg,0.0
ordain,0.0
allpay,0.0
packard,0.0
rateand,0.0
masten,0.0
zfl,0.0
abstrus,0.0
rtz,0.0
gtg,0.0
outofwedlock,0.0
afq,0.0
bradburi,0.0
brooksgunn,0.0
joep,0.0
qmax,0.0
crosscohort,0.0
blvd,0.0
roberd,0.0
kennickel,0.0
attractor,0.0
aalgebra,0.0
typej,0.0
surject,0.0
colel,0.0
frailti,0.0
engulf,0.0
carrasco,0.0
nthe,0.0
abhorr,0.0
moralist,0.0
ypz,0.0
topol,0.0
fqo,0.0
inwork,0.0
waller,0.0
sociol,0.0
herrmann,0.0
znl,0.0
dearden,0.0
stigmat,0.0
afv,0.0
sowel,0.0
multiasset,0.0
utxt,0.0
hadamard,0.0
polo,0.0
pnf,0.0
brito,0.0
karoli,0.0
tideman,0.0
kubler,0.0
fvf,0.0
pnn,0.0
benci,0.0
smorodinski,0.0
pyx,0.0
miquel,0.0
interestearn,0.0
idimension,0.0
lebaron,0.0
noussair,0.0
frechett,0.0
elisabet,0.0
comonoton,0.0
eeckhoudt,0.0
oneonon,0.0
vermeulen,0.0
betweensubject,0.0
hillsdal,0.0
msp,0.0
venezia,0.0
posthigh,0.0
garleanu,0.0
ffv,0.0
valimaki,0.0
bossaert,0.0
bdm,0.0
salvan,0.0
mesur,0.0
croson,0.0
elic,0.0
zkl,0.0
bohnet,0.0
calzolari,0.0
vegaredondo,0.0
trussel,0.0
palacioshuerta,0.0
matematica,0.0
interject,0.0
gow,0.0
gonzalo,0.0
aussi,0.0
sandroni,0.0
tanya,0.0
mathmatiqu,0.0
skiada,0.0
frederik,0.0
spiethoff,0.0
workfar,0.0
fenchel,0.0
antonelli,0.0
viscer,0.0
welfaretowork,0.0
grard,0.0
tatiana,0.0
wml,0.0
nonnash,0.0
nonwalrasian,0.0
overbal,0.0
thei,0.0
starmer,0.0
vnj,0.0
armchair,0.0
qjn,0.0
ibrium,0.0
nonhispan,0.0
restless,0.0
opb,0.0
bayesnash,0.0
madrian,0.0
fcl,0.0
extremist,0.0
edlund,0.0
gottardi,0.0
qcc,0.0
sprenger,0.0
pois,0.0
tutor,0.0
jakubson,0.0
modelin,0.0
aoyagi,0.0
logician,0.0
shouyong,0.0
defector,0.0
asham,0.0
engross,0.0
sabbat,0.0
ordeshook,0.0
canner,0.0
iffor,0.0
hersh,0.0
rayo,0.0
intraday,0.0
liquidityprefer,0.0
innsbruck,0.0
dfz,0.0
prti,0.0
rtest,0.0
destabiliz,0.0
swinkel,0.0
componentwis,0.0
fhx,0.0
gkx,0.0
debar,0.0
ujc,0.0
thatfor,0.0
qtp,0.0
gfx,0.0
finitevalu,0.0
enslav,0.0
inft,0.0
cherish,0.0
forsom,0.0
biddl,0.0
noncontinu,0.0
accumulat,0.0
denzau,0.0
monder,0.0
sermon,0.0
odonoghu,0.0
noninvert,0.0
kolloquium,0.0
rocheteau,0.0
dictori,0.0
ergebniss,0.0
phk,0.0
taxfavor,0.0
breeden,0.0
arun,0.0
undersecretari,0.0
tsn,0.0
vcm,0.0
vrx,0.0
rend,0.0
ohi,0.0
banklevel,0.0
mcleish,0.0
vje,0.0
offpath,0.0
convexvalu,0.0
whitenonwhit,0.0
senderreceiv,0.0
rockafellar,0.0
inanim,0.0
maschler,0.0
hrner,0.0
yon,0.0
rtq,0.0
corrigendum,0.0
utx,0.0
simsek,0.0
supnorm,0.0
multitask,0.0
vwo,0.0
borei,0.0
dominantstrategi,0.0
insan,0.0
illconceiv,0.0
jgi,0.0
prophesi,0.0
empathi,0.0
videotap,0.0
adair,0.0
wealthincom,0.0
ssd,0.0
underassumpt,0.0
danalys,0.0
monogam,0.0
unborrow,0.0
onehour,0.0
rhd,0.0
zzt,0.0
queer,0.0
verwandt,0.0
disintermedi,0.0
bortkiewicz,0.0
prw,0.0
anscomb,0.0
uiq,0.0
periodogram,0.0
wnn,0.0
voa,0.0
annuit,0.0
ozdenoren,0.0
coomb,0.0
petrongolo,0.0
reveng,0.0
benmelech,0.0
fanni,0.0
infiniteord,0.0
gfl,0.0
gaj,0.0
hylland,0.0
radonnikodym,0.0
beran,0.0
diffeomorph,0.0
veronesi,0.0
upperhemicontinu,0.0
jealous,0.0
nonstud,0.0
wellner,0.0
inschool,0.0
naum,0.0
ockenfel,0.0
genoa,0.0
jasni,0.0
groupbas,0.0
ronni,0.0
haliasso,0.0
briefer,0.0
bax,0.0
birkhaus,0.0
yuy,0.0
supx,0.0
womb,0.0
yvl,0.0
dill,0.0
giith,0.0
sergiu,0.0
differentiatedproduct,0.0
lipman,0.0
whitmor,0.0
rosenfeld,0.0
rcx,0.0
hatfield,0.0
ashworth,0.0
goldenweis,0.0
tling,0.0
izn,0.0
phelan,0.0
codif,0.0
charisma,0.0
tade,0.0
yux,0.0
jxx,0.0
nconsist,0.0
battig,0.0
presumptu,0.0
klerman,0.0
structor,0.0
strobel,0.0
vxa,0.0
ebj,0.0
crackdown,0.0
barndorffnielsen,0.0
guggenberg,0.0
yeonkoo,0.0
uoa,0.0
olszewski,0.0
fdf,0.0
ornsteinuhlenbeck,0.0
finetti,0.0
ebay,0.0
vyj,0.0
cxvi,0.0
lok,0.0
kqi,0.0
xpa,0.0
ycc,0.0
bayess,0.0
stromberg,0.0
intermin,0.0
vnk,0.0
firstborn,0.0
hopedfor,0.0
niederl,0.0
pointidentifi,0.0
eief,0.0
scad,0.0
