word,freq
export,0.006852756872619686
union,0.005753853127989096
foreign,0.00421917127868027
war,0.0038088450917180493
credit,0.0037022221931779916
manufactur,0.00354985463171591
domest,0.003014676470011622
compani,0.002975466758935601
soviet,0.0028967033919495584
debt,0.002875722757075547
inflat,0.002853366342865535
corpor,0.0027986791142595056
million,0.002691712270885448
volum,0.002587840931017392
agricultur,0.0025310900334073617
cycl,0.0025121730675373515
tariff,0.0024681481287853278
loan,0.0024567979492633217
capac,0.0023952318239772886
billion,0.0023914484308032867
currenc,0.0022834497529272287
liquid,0.002200559047933184
expans,0.0021974635444271823
cit,0.0021737313508811695
unemploy,0.002104598439247132
deposit,0.0020839617492071213
plant,0.002070891845515114
gold,0.0020254911274270896
professor,0.0019938482026990727
british,0.0019157727253810307
equip,0.0018968557595110205
borrow,0.001845607979244993
agreement,0.0018205000063629794
spend,0.0018108695510109742
steel,0.0017372653565349346
deficit,0.00169117674877891
enterpris,0.0016829220727629054
fiscal,0.0016732916174109003
offici,0.0016478396996948866
bond,0.0016457760306908854
labour,0.001624451450982874
board,0.001622731726812873
surplus,0.0016055344851128638
fluctuat,0.0015738915603848468
budget,0.0015618534911948402
hous,0.0015436244149928304
monopoli,0.0015326181803048246
protect,0.0015326181803048246
depreci,0.0015212680007828184
pressur,0.001518516442110817
postwar,0.001513013324766814
committe,0.0015061344280868103
item,0.0015013192004108076
depress,0.001459013985828785
keyn,0.0014486956408087794
commerci,0.001444568302800777
farm,0.0014394091302907745
commiss,0.001429434730104769
treasuri,0.0013840340120167445
bargain,0.001360645763304732
charg,0.0013403530180987212
cash,0.0013200602728927102
inventori,0.0013173087142207087
sell,0.0013038948656947016
kingdom,0.0012626214856146793
food,0.001261933595946679
book,0.0012560865337686758
bill,0.0012560865337686758
doubt,0.00124508029908067
field,0.0012196283813646562
hour,0.0012031190293326473
buy,0.0011735397736086313
offic,0.0011721639942726305
ibid,0.0011694124356006292
administr,0.0011645972079246266
retail,0.0011477439110586176
acceler,0.0011463681317226168
tendenc,0.001139489235042613
transact,0.001135705841868611
oil,0.0011353618970346108
said,0.0011277951106866068
propens,0.0011119736483225983
europ,0.0011054386964765947
land,0.0010964961307925898
cyclic,0.0010954642962905893
transport,0.0010607258680565706
britain,0.00105969403355457
agre,0.0010548788058785676
longterm,0.0010524711920405663
employe,0.0010404331228505597
flexibl,0.001037337619344558
record,0.0010359618400085572
european,0.0010266753294905524
man,0.0010249556053205514
machineri,0.001018764598308548
cut,0.0010108538671265439
format,0.0009940005702605348
him,0.0009940005702605348
defens,0.0009902171770865328
agenc,0.0009878095632485314
deflat,0.0009836822252405292
taxat,0.000983338280406529
inflationari,0.0009792109423985267
capita,0.0009781791078965262
insur,0.000977835163062526
day,0.0009774912182285258
gnp,0.0009737078250545238
raw,0.0009733638802205236
accumul,0.0009685486525445211
aid,0.0009678607628765207
custom,0.0009678607628765207
dispos,0.0009644213145365188
regul,0.0009616697558645174
old,0.0009561666385205144
mill,0.0009489437970065105
extern,0.0009485998521725103
decad,0.0009437846244965077
strike,0.0009424088451605071
ground,0.0009417209554925067
arrang,0.0009406891209905061
centuri,0.0009234918792904969
expens,0.0009207403206184954
constitut,0.0009207403206184954
circumst,0.0009145493136064921
durabl,0.00091076592043249
forecast,0.0009097340859304894
home,0.0009066385824244877
duti,0.000893912623566481
franc,0.0008904731752264791
connect,0.0008870337268864772
patent,0.0008849700578824762
western,0.0008743077680284704
burden,0.0008719001541904691
mine,0.0008684607058504672
citi,0.0008646773126764652
modern,0.0008636454781744647
shortterm,0.0008615818091704635
adequ,0.0008574544711624613
histor,0.0008564226366604608
commerc,0.0008553908021584602
proper,0.0008547029124904599
job,0.000841976953632453
household,0.0008412890639644526
keynesian,0.0008406011742964522
rose,0.0008381935604584509
provis,0.0008381935604584509
men,0.0008347541121184491
physic,0.0008295949396084463
electr,0.0008278752154384453
lend,0.0008271873257704451
presid,0.0008254676016004441
longrun,0.000823403932596443
germani,0.0008203084290904413
court,0.0008168689807504395
primarili,0.0008117098082404367
merger,0.0008055188012284334
reform,0.00079932779421643
opinion,0.0007989838493824298
recess,0.0007986399045484296
rent,0.0007969201803784288
iron,0.0007934807320384269
innov,0.0007910731182004256
census,0.0007883215595284242
sterl,0.000787977614694424
princip,0.0007872897250264236
classic,0.0007872897250264236
schedul,0.0007869457801924234
chart,0.0007793789938444193
subsidi,0.0007749077110024169
port,0.0007742198213344165
receipt,0.0007690606488244138
communiti,0.0007663090901524123
devalu,0.0007659651453184121
compens,0.0007652772556504117
brought,0.0007628696418124104
prepar,0.0007628696418124104
goal,0.00076218175214441
convert,0.0007618378073104098
militari,0.0007611499176424095
preced,0.0007549589106304062
outlay,0.0007522073519584047
page,0.0007504876277884037
peak,0.0007477360691164023
congress,0.0007456724001124012
formula,0.000745328455278401
bear,0.0007408571724363985
noth,0.0007401692827683983
specul,0.0007384495585983973
japan,0.000734322220590395
upward,0.0007308827722503932
metal,0.0007291630480803923
skill,0.0007226280962343887
mind,0.0007219402065663884
prospect,0.0007205644272303877
presum,0.000717468923724386
remov,0.0007167810340563856
largest,0.0007147173650523845
prevail,0.0007129976408823836
scheme,0.0007126536960483834
legal,0.0007123097512143832
council,0.0007078384683723808
abroad,0.0007064626890363801
hope,0.0007061187442023799
today,0.0007054308545343795
discrimin,0.0007043990200323789
logic,0.0007037111303643786
england,0.0007023353510283778
pass,0.0006975201233523753
locat,0.0006940806750123734
sort,0.0006930488405103728
charact,0.0006816986609883668
boom,0.0006810107713203664
realli,0.0006775713229803645
coal,0.0006775713229803645
minor,0.0006772273781463643
india,0.0006768834333123642
parti,0.000676539488478364
cooper,0.0006751637091423632
shortag,0.0006741318746403626
canada,0.0006741318746403626
emphasi,0.0006734439849723623
attitud,0.0006731000401383621
negoti,0.0006727560953043619
branch,0.0006717242608023614
acquir,0.0006717242608023614
recommend,0.0006669090331263588
sold,0.0006620938054503563
week,0.0006610619709483557
rank,0.0006607180261143555
appreci,0.0006552149087703525
liabil,0.0006538391294343517
investor,0.0006534951846003515
dividend,0.0006524633500983511
marshal,0.0006514315155963505
buyer,0.0006507436259283501
portion,0.0006483360120903488
you,0.000646960232754348
machin,0.000646960232754348
compet,0.0006466162879203479
ship,0.0006462723430863477
instrument,0.0006462723430863477
wholesal,0.0006459283982523475
count,0.0006448965637503469
devic,0.0006435207844143463
textil,0.0006424889499123457
underdevelop,0.0006411131705763449
sometim,0.0006397373912403442
six,0.0006383616119043434
content,0.0006373297774023429
america,0.0006345782187303414
writer,0.0006342342738963412
someth,0.0006332024393943407
imposs,0.0006311387703903396
feel,0.000630106935888339
gap,0.0006276993220503377
encourag,0.0006276993220503377
forward,0.0006266674875483371
legisl,0.0006256356530463366
exclus,0.0006256356530463366
stimul,0.0006242598737103358
judgment,0.0006215083150383344
mainten,0.0006211643702043342
phase,0.0006204764805363338
cotton,0.0006201325357023336
educ,0.0006135975838563302
divis,0.00061325363902233
german,0.0006125657493543296
promot,0.000611533914852329
entri,0.0006105020803503285
ten,0.0006098141906823281
led,0.0006091263010143277
becam,0.000606030797508326
wheat,0.0006001837353303229
smith,0.0006001837353303229
intens,0.0005998397904963227
cite,0.0005998397904963227
occup,0.0005988079559943221
task,0.0005974321766583214
china,0.000596744286990321
danger,0.0005936487834843194
anticip,0.0005922730041483187
februari,0.0005915851144803183
oblig,0.0005905532799783177
automat,0.0005884896109743166
quantit,0.0005881456661403164
whatev,0.0005878017213063162
antitrust,0.0005850501626343148
guarante,0.0005847062178003146
ton,0.0005847062178003146
conflict,0.0005843622729663144
seek,0.0005812667694603127
read,0.0005792031004563116
facil,0.0005771394314523105
seller,0.0005767954866183103
execut,0.0005726681486103081
target,0.0005723242037763079
essay,0.000570604479606307
novemb,0.0005671650312663051
engin,0.0005654453070963043
matur,0.0005654453070963043
shortrun,0.0005644134725943037
entrepreneur,0.0005640695277603035
heavi,0.0005637255829263033
head,0.0005626937484243027
chapter,0.0005623498035903026
octob,0.0005620058587563024
manner,0.000561317969088302
himself,0.000559598244918301
ultim,0.000559598244918301
equiti,0.0005561587965782993
doctrin,0.0005544390724082983
attract,0.0005527193482382974
ussr,0.000550311734400296
par,0.0005499677895662959
realiz,0.0005492798998982955
increment,0.0005489359550642953
post,0.0005437767825542926
her,0.0005430888928862922
retain,0.0005410252238822911
quota,0.0005396494445462903
fell,0.0005396494445462903
took,0.0005365539410402887
schumpet,0.0005362099962062885
judg,0.0005313947685302859
leader,0.0005310508236962857
top,0.0005303629340282853
salari,0.0005296750443602849
prewar,0.0005282992650242842
temporari,0.0005190127545062792
exercis,0.000518668809672279
south,0.0005169490855022782
uniform,0.0005169490855022782
crude,0.0005155733061662774
circul,0.0005155733061662774
store,0.0005152293613322772
twenti,0.000514885416498277
rubl,0.0005128217474942759
diminish,0.0005121338578262755
mathemat,0.0005114459681582751
quot,0.000511102023324275
autonom,0.0005104141336562746
downward,0.0005100701888222744
liber,0.0005090383543202738
owner,0.0005059428508142722
perman,0.0005052549611462718
intend,0.0005045670714782715
stress,0.0005038791818102711
admit,0.0005035352369762709
unchang,0.0005028473473082705
confer,0.000500095788636269
deduct,0.0004990639541342684
west,0.0004987200093002683
aim,0.0004983760644662682
accompani,0.0004983760644662682
tool,0.0004973442299642676
recoveri,0.000496312395462267
invent,0.0004956245057942667
mobil,0.0004939047816242657
engag,0.0004935608367902655
sharp,0.0004911532229522642
levi,0.0004904653332842638
came,0.0004894334987822633
speak,0.0004887456091142629
veloc,0.0004877137746122624
marx,0.0004863379952762616
commit,0.0004859940504422615
indus,0.00048461827110626073
urban,0.00048393038143826035
therebi,0.00048358643660426017
capitalist,0.0004818667124342592
attain,0.0004808348779322587
fear,0.00047945909859625795
scope,0.00047945909859625795
automobil,0.00047945909859625795
impress,0.0004787712089282576
prosper,0.0004784272640942574
classif,0.0004780833192602572
kuznet,0.000477739374426257
persist,0.0004760196502562561
confid,0.0004760196502562561
creation,0.00047533176058825574
disturb,0.0004729241467502544
restraint,0.00047258020191625423
pose,0.00047051653291225315
moder,0.00047017258807825296
eec,0.00047017258807825296
rigid,0.00046982864324425277
contrari,0.00046810891907425183
gradual,0.00046776497424025164
absorb,0.00046707708457225126
chemic,0.00046638919490425094
virtual,0.00046638919490425094
duction,0.0004643255259002498
tain,0.00046329369139824924
communic,0.00046329369139824924
col,0.00046294974656424905
factori,0.00046123002239424816
assert,0.00046123002239424816
reaction,0.00046088607756024797
spread,0.0004598542430582474
canadian,0.0004595102982242472
satisfactori,0.000459166353390247
devot,0.00045882240855624684
advertis,0.00045847846372224665
pictur,0.00045813451888824646
enabl,0.00045710268438624595
restor,0.00045641479471824557
fourth,0.00045641479471824557
analyt,0.0004560708498842454
rela,0.000455382960216245
coun,0.00045435112571424444
length,0.00045400718088024425
monopolist,0.00045331929121224387
conduct,0.0004529753463782437
static,0.0004512556222082428
elsewher,0.00044953589803824184
thirti,0.00044884800837024147
narrow,0.00044884800837024147
pound,0.0004471282842002406
cumul,0.0004467843393662404
secular,0.00044609644969824
unfortun,0.00044609644969824
assur,0.00044609644969824
sole,0.00044540856003023963
reader,0.00044437672552823907
supplier,0.0004440327806942389
tween,0.0004436888358602387
car,0.0004430009461922383
petroleum,0.0004430009461922383
scientif,0.0004419691116902378
systemat,0.00044024938752023685
inevit,0.0004392175530182363
optimum,0.0004392175530182363
neglect,0.0004385296633502359
director,0.0004381857185162357
outstand,0.0004378417736822356
apprais,0.0004378417736822356
energi,0.0004374978288482354
sider,0.0004374978288482354
harrod,0.0004371538840142352
hansen,0.0004371538840142352
crisi,0.00043646599434623483
freedom,0.00043646599434623483
edit,0.00043612204951223464
wartim,0.0004350902150102341
big,0.0004340583805082335
ioo,0.00043337049084023313
mortgag,0.00043337049084023313
intermedi,0.000433026546006233
suffer,0.000433026546006233
criteria,0.0004326826011722328
imperfect,0.0004326826011722328
mass,0.00043165076667023224
enforc,0.00043165076667023224
strength,0.00042855526316423054
convers,0.00042683553899422965
hick,0.00042649159416022946
confin,0.00042614764932622927
finish,0.0004247718699902285
criterion,0.00042408398032222814
belief,0.00042167636648422687
notion,0.0004206445319822263
diverg,0.0004203005871482261
rev,0.0004203005871482261
brief,0.00041926875264622555
farmer,0.00041754902847622466
nomin,0.0004168611388082243
middl,0.0004161732491402239
scarc,0.0004161732491402239
conceiv,0.00041445352497022296
doubl,0.00041410958013622277
georg,0.00041410958013622277
supplement,0.00041342169046822244
sumption,0.00041273380080022207
ownership,0.0004110140766302211
accur,0.00041067013179622093
fig,0.00041067013179622093
residu,0.00041067013179622093
oxford,0.00040998224212822056
dec,0.00040998224212822056
duce,0.00040998224212822056
student,0.0004092943524602202
divers,0.0004092943524602202
apart,0.0004075746282902193
competitor,0.0004065427937882187
regular,0.0004065427937882187
guid,0.00040585490412021834
bulletin,0.00040551095928621815
slow,0.00040551095928621815
familiar,0.00040551095928621815
ness,0.0004041351799502174
began,0.00040379123511621726
bodi,0.00040379123511621726
anyth,0.0004034472902822171
modifi,0.0004027594006142167
season,0.0004024154557802165
balanceofpay,0.0004020715109462163
east,0.00040069573161021556
dustri,0.00040069573161021556
ricardo,0.00040069573161021556
undoubt,0.0004003517867762154
railroad,0.0004003517867762154
deni,0.0004000078419422152
wrong,0.0004000078419422152
exploit,0.000399663897108215
secondari,0.0003989760074402147
barrier,0.0003989760074402147
idl,0.0003986320626062145
text,0.0003986320626062145
william,0.00039725628327021373
membership,0.00039691233843621354
adapt,0.0003951926142662126
readili,0.0003941607797642121
turnov,0.00039278500042821133
print,0.00039278500042821133
spent,0.00039209711076021095
sharpli,0.00039175316592621076
french,0.00039140922109221057
warrant,0.0003907213314242102
portfolio,0.00039037738659021
classifi,0.00039037738659021
sept,0.0003900334417562098
cartel,0.0003886576624202091
government,0.00038796977275220874
refin,0.0003862500485822078
eventu,0.0003855621589142074
necess,0.00038487426924620704
miner,0.00038487426924620704
quick,0.0003838424347442065
anc,0.00038349848991020634
socialist,0.00038281060024220596
thesi,0.00038281060024220596
clark,0.0003817787657402054
north,0.0003817787657402054
incid,0.0003814348209062052
reliabl,0.000381090876072205
lost,0.0003797150967362043
behind,0.0003793711519022041
instabl,0.0003793711519022041
round,0.00037902720706820393
upper,0.00037902720706820393
transit,0.00037868326223420375
hear,0.00037799537256620337
break,0.0003762756483962024
water,0.00037593170356220223
elect,0.00037558775872820205
banker,0.00037558775872820205
sugar,0.00037524381389420186
kept,0.0003748998690602017
pariti,0.0003748998690602017
intermediari,0.0003731801448902008
economica,0.0003731801448902008
mutual,0.0003721483103882002
bad,0.0003718043655542
sustain,0.00037111647588619964
awar,0.00037111647588619964
tribut,0.00037077253105219946
uniti,0.00037077253105219946
advers,0.0003687088620481984
itali,0.0003687088620481984
slope,0.000368020972380198
settlement,0.000368020972380198
debat,0.0003676770275461978
fabric,0.0003673330827121976
valuat,0.00036698913787819743
handl,0.00036595730337619686
ordinari,0.00036595730337619686
goe,0.0003656133585421967
crop,0.00036526941370819654
prob,0.00036492546887419635
profession,0.000364237579206196
soon,0.0003638936343721958
abstract,0.0003635496895381956
english,0.00036251785503619503
attack,0.00036251785503619503
shop,0.00036217391020219484
enjoy,0.00036045418603219395
status,0.00036045418603219395
cal,0.00035770262736019244
grain,0.00035735868252619225
acquisit,0.00035701473769219206
cloth,0.00035701473769219206
redistribut,0.0003566707928581919
manhour,0.0003566707928581919
staff,0.00035529501352219117
footnot,0.00035529501352219117
distort,0.0003546071238541908
gas,0.0003542631790201906
defici,0.0003542631790201906
pursu,0.0003539192341861904
promis,0.00035254345485018966
disput,0.0003518555651821893
steadi,0.0003518555651821893
fuel,0.0003515116203481891
chief,0.0003515116203481891
train,0.00035082373068018877
forth,0.0003497918961781882
felt,0.000349447951344188
faster,0.0003491040065101878
tight,0.00034841611684218745
ago,0.00034841611684218745
greatest,0.00034807217200818726
superior,0.00034772822717418707
premium,0.0003470403375061867
feasibl,0.0003466963926721865
mix,0.0003466963926721865
affair,0.0003463524478381863
lose,0.0003463524478381863
trust,0.0003460085030041861
learn,0.000345664558170186
possess,0.0003453206133361858
letter,0.0003453206133361858
gave,0.0003453206133361858
inher,0.0003446327236681854
push,0.0003446327236681854
approv,0.0003446327236681854
moment,0.00034394483400018505
seven,0.0003425690546641843
attach,0.0003418811649961839
met,0.0003415372201621837
moral,0.00034119327532818354
mand,0.00034119327532818354
capabl,0.0003408493304941834
retir,0.0003405053856601832
ceil,0.0003405053856601832
fashion,0.00033981749599218283
pur,0.00033981749599218283
arriv,0.00033878566149018227
ployment,0.00033878566149018227
coordin,0.00033878566149018227
inadequ,0.0003384417166561821
owe,0.0003380977718221819
silver,0.0003377538269881817
heavili,0.0003377538269881817
inputoutput,0.0003374098821541815
abandon,0.0003370659373201813
civil,0.0003370659373201813
controversi,0.00033672199248618113
meant,0.0003360341028181808
motor,0.00033465832348218005
els,0.00033465832348218005
inclus,0.00033465832348218005
charter,0.00033431437864817987
oppos,0.0003339704338141797
socal,0.0003336264889801795
indi,0.0003332825441461793
insist,0.0003325946544781789
exert,0.0003325946544781789
cultur,0.0003325946544781789
confus,0.00033156281997617835
fulfil,0.00033156281997617835
vote,0.00033156281997617835
holder,0.0003312188751421782
japanes,0.00033087493030817803
procur,0.00033087493030817803
vertic,0.00032984309580617746
realist,0.00032984309580617746
sec,0.00032984309580617746
draft,0.0003291552061381771
alli,0.0003291552061381771
ideal,0.0003288112613041769
tin,0.0003284673164701767
favour,0.0003281233716361765
occas,0.0003281233716361765
spite,0.0003281233716361765
vestment,0.0003281233716361765
exempt,0.0003281233716361765
crucial,0.00032743548196817614
accomplish,0.00032537181296417506
repeat,0.0003250278681301749
merit,0.0003250278681301749
freight,0.0003250278681301749
eral,0.0003250278681301749
russian,0.0003250278681301749
experienc,0.0003243399784621745
phenomenon,0.0003239960336281743
risen,0.0003239960336281743
tell,0.00032330814396017393
indian,0.00032296419912617374
undertak,0.00032262025429217355
afford,0.00032227630945817336
succeed,0.00032158841979017304
rubber,0.00032158841979017304
hire,0.00032158841979017304
district,0.00032090053012217266
hypothes,0.0003198686956201721
repli,0.0003198686956201721
neutral,0.00031883686111817153
sound,0.00031814897145017115
built,0.00031746108178217077
intent,0.00031746108178217077
wood,0.00031677319211417045
ber,0.00031642924728017026
princeton,0.0003153974127781697
comprehens,0.0003150534679441695
conserv,0.0003150534679441695
paragraph,0.00031402163344216894
termin,0.00031402163344216894
cur,0.00031367768860816875
friedman,0.00031333374377416856
fore,0.00031333374377416856
briefli,0.0003126458541061682
arbitrari,0.00031195796443816786
disequilibrium,0.00031195796443816786
communist,0.00031161401960416767
concess,0.0003112700747701675
advoc,0.0003109261299361673
intervent,0.0003109261299361673
match,0.0003105821851021671
excis,0.0003102382402681669
path,0.0003098942954341667
thousand,0.0003098942954341667
estat,0.00030955035060016654
scarciti,0.00030920640576616635
stigler,0.00030886246093216616
went,0.00030851851609816597
refus,0.0003074866815961654
bloc,0.0003074866815961654
strengthen,0.00030714273676216527
nonfarm,0.00030714273676216527
eight,0.0003067987919281651
swing,0.0003064548470941649
widespread,0.0003061109022601647
inelast,0.0003057669574261645
lowest,0.0003057669574261645
leadership,0.0003054230125921643
conform,0.00030473512292416395
convinc,0.00030473512292416395
remedi,0.00030439117809016376
notic,0.00030404723325616357
whom,0.00030404723325616357
sent,0.00030404723325616357
settl,0.0003037032884221634
releas,0.0003033593435881632
row,0.0003033593435881632
geograph,0.0003033593435881632
shape,0.000303015398754163
sup,0.0003026714539201628
appeal,0.0003023275090861627
undertaken,0.0003023275090861627
realiti,0.0003019835642521625
render,0.0003016396194181623
gov,0.0003009517297501619
lender,0.00029957595041416117
bulk,0.0002988880607461608
prime,0.0002988880607461608
coloni,0.0002988880607461608
rival,0.0002985441159121606
inconsist,0.0002985441159121606
son,0.0002982001710781604
preserv,0.0002978562262441602
ore,0.0002975122814101601
isol,0.0002975122814101601
pool,0.0002968243917421597
facilit,0.0002968243917421597
chanc,0.00029544861240615895
ought,0.0002947607227381586
elabor,0.000293728888236158
tor,0.000293728888236158
access,0.00029304099856815763
planner,0.00029304099856815763
clude,0.00029304099856815763
tran,0.0002923531089001573
repay,0.00029132127439815674
fisher,0.00029097732956415655
eas,0.00029063338473015636
confirm,0.0002902894398961562
notabl,0.000289945495062156
advis,0.0002896015502281558
via,0.0002896015502281558
bilater,0.0002896015502281558
imput,0.0002892576053941556
lectur,0.0002892576053941556
licens,0.0002889136605601554
cor,0.00028856971572615523
esti,0.00028856971572615523
behaviour,0.00028856971572615523
rural,0.00028822577089215504
transform,0.0002878818260581549
embodi,0.0002878818260581549
speed,0.0002875378812241547
proportion,0.00028684999155615434
oligopoli,0.00028650604672215415
recognit,0.00028616210188815396
fortun,0.0002851302673861534
resist,0.000284442377718153
trough,0.000284442377718153
businessmen,0.000284442377718153
outlin,0.0002830665983821523
discov,0.00028272265354815213
channel,0.00028272265354815213
parallel,0.00028237870871415194
delay,0.00028203476388015175
deflationari,0.00028134687421215137
revolut,0.0002810029293781512
asid,0.000280658984544151
closer,0.0002803150397101508
alleg,0.0002799710948761506
passag,0.00027962715004215043
deliveri,0.00027928320520815024
qualif,0.00027859531554014986
translat,0.00027859531554014986
tobacco,0.00027790742587214954
governor,0.00027790742587214954
wast,0.00027756348103814935
senat,0.00027756348103814935
dif,0.00027721953620414916
ernment,0.00027721953620414916
taxpay,0.0002765316465361488
petit,0.0002761877017021486
stop,0.0002761877017021486
prioriti,0.0002758437568681484
regardless,0.00027446797753214765
minus,0.00027412403269814746
ate,0.00027412403269814746
prohibit,0.00027412403269814746
discrep,0.00027412403269814746
incur,0.00027378008786414727
threat,0.00027309219819614695
factur,0.00027309219819614695
royal,0.00027274825336214676
manu,0.00027274825336214676
capitaloutput,0.00027240430852814657
extra,0.0002720603636941464
health,0.0002717164188601462
unabl,0.0002717164188601462
expendi,0.000271372474026146
multilater,0.0002706845843581456
personnel,0.0002706845843581456
surviv,0.00027034063952414544
disappear,0.00026999669469014525
instal,0.00026999669469014525
speci,0.00026999669469014525
fruit,0.00026965274985614506
inflow,0.00026930880502214487
sought,0.0002686209153541445
administ,0.00026827697052014436
cast,0.00026793302568614417
biliti,0.000267589080852144
request,0.0002669011911841436
drastic,0.0002669011911841436
psycholog,0.0002665572463501434
sumer,0.0002662133015161432
defend,0.00026586935668214303
coverag,0.00026518146701414266
prod,0.00026518146701414266
robertson,0.0002644935773461423
bonus,0.0002641496325121421
deterior,0.0002641496325121421
readi,0.0002641496325121421
trial,0.0002641496325121421
johnson,0.0002627738531761414
popular,0.0002624299083421412
bracket,0.000262085963508141
chap,0.000262085963508141
cate,0.00026071018417214026
paul,0.00026036623933814007
tari,0.0002600222945041399
sweden,0.0002596783496701397
conceptu,0.0002593344048361395
occasion,0.0002589904600021393
territori,0.0002586465151681392
ward,0.000258302570334139
samuelson,0.000258302570334139
vii,0.0002579586255001388
wholli,0.0002579586255001388
nineteenth,0.0002579586255001388
forego,0.0002576146806661386
residenti,0.00025658284616413804
coincid,0.00025658284616413804
lem,0.00025658284616413804
brown,0.00025589495649613767
eastern,0.0002555510116621375
methodolog,0.0002548631219941371
unusu,0.0002545191771601369
drive,0.0002538312874921366
mitchel,0.0002538312874921366
brand,0.0002538312874921366
piec,0.0002538312874921366
railway,0.0002531433978241362
deliber,0.0002531433978241362
titl,0.00025245550815613583
sequenc,0.00025245550815613583
rare,0.00025211156332213564
largescal,0.00025211156332213564
bought,0.00025211156332213564
contemporari,0.00025176761848813545
chines,0.0002510797288201351
expert,0.0002510797288201351
tech,0.0002497039494841343
univ,0.0002497039494841343
disadvantag,0.00024936000465013413
shoe,0.00024936000465013413
australia,0.00024936000465013413
adam,0.000249016059816134
postul,0.000249016059816134
wrote,0.000249016059816134
fed,0.0002486721149821338
voluntari,0.0002483281701481336
peculiar,0.00024798422531413343
entrepreneuri,0.00024798422531413343
declar,0.00024798422531413343
relianc,0.00024729633564613305
vast,0.00024695239081213286
inquiri,0.00024695239081213286
trace,0.0002466084459781327
medium,0.0002462645011441325
vigor,0.0002459205563101323
recipi,0.0002455766114761321
stream,0.0002452326666421319
radic,0.0002452326666421319
civilian,0.00024488872180813173
deter,0.00024454477697413154
dispers,0.0002442008321401314
children,0.0002438568873061312
lar,0.0002438568873061312
backward,0.0002438568873061312
valuabl,0.000243512942472131
easier,0.0002431689976381308
older,0.0002431689976381308
announc,0.0002431689976381308
curtail,0.00024248110797013046
amend,0.00024248110797013046
submit,0.00024213716313613027
gen,0.00024213716313613027
nine,0.0002414492734681299
likewis,0.00024076138380012952
obstacl,0.00024041743896612935
troubl,0.00024041743896612935
safe,0.00024007349413212917
bar,0.00024007349413212917
theorist,0.00024007349413212917
sheet,0.00024007349413212917
neglig,0.00024007349413212917
uct,0.00023972954929812898
vehicl,0.0002393856044641288
born,0.0002390416596301286
pli,0.0002390416596301286
homogen,0.00023835376996212822
latin,0.00023800982512812806
strateg,0.00023800982512812806
weaken,0.00023766588029412787
lation,0.0002369779906261275
ent,0.0002369779906261275
file,0.0002369779906261275
velop,0.0002366340457921273
andor,0.0002366340457921273
deplet,0.00023629010095812711
accru,0.00023560221129012676
hoard,0.00023560221129012676
understood,0.00023560221129012676
suitabl,0.00023560221129012676
variant,0.00023560221129012676
hypothet,0.00023491432162212639
democrat,0.0002345703767881262
rich,0.000234226431954126
discourag,0.00023388248712012582
deliv,0.00023388248712012582
california,0.00023388248712012582
macmillan,0.00023353854228612563
indebt,0.00023319459745212547
exhaust,0.00023319459745212547
kaldor,0.00023285065261812528
bls,0.00023285065261812528
russia,0.00023285065261812528
moditi,0.0002325067077841251
claus,0.0002318188181161247
oligopolist,0.0002318188181161247
exagger,0.00023147487328212452
chiefli,0.00023147487328212452
patinkin,0.00023113092844812434
air,0.00023078698361412417
urg,0.00023078698361412417
viner,0.00023078698361412417
priori,0.00023078698361412417
restrain,0.0002300990939461238
suit,0.0002297551491121236
compris,0.0002297551491121236
threaten,0.00022941120427812342
resort,0.00022941120427812342
phenomena,0.00022906725944412323
diagram,0.00022906725944412323
weapon,0.00022906725944412323
she,0.00022872331461012304
merchant,0.00022872331461012304
ineffici,0.00022872331461012304
uncertain,0.00022837936977612288
jan,0.00022837936977612288
absorpt,0.0002280354249421227
ampl,0.0002280354249421227
justif,0.00022700359044012212
challeng,0.00022700359044012212
belgium,0.00022631570077212175
occupi,0.00022631570077212175
matrix,0.00022597175593812158
invers,0.0002256278111041214
predomin,0.0002252838662701212
hundr,0.0002252838662701212
pani,0.0002252838662701212
appoint,0.0002252838662701212
document,0.00022493992143612102
auto,0.00022493992143612102
road,0.00022459597660212083
meaning,0.00022459597660212083
interindustri,0.00022459597660212083
mislead,0.00022390808693412045
justic,0.0002235641421001203
white,0.0002232201972661201
imf,0.0002232201972661201
zealand,0.0002232201972661201
shock,0.0002228762524321199
whenev,0.00022253230759811972
aircraft,0.00022253230759811972
robinson,0.00022253230759811972
pace,0.00022253230759811972
netherland,0.00022253230759811972
stockhold,0.00022218836276411953
macroeconom,0.00022218836276411953
intellectu,0.00022184441793011934
stagnat,0.00022184441793011934
bid,0.00022184441793011934
stem,0.00022150047309611915
breakdown,0.00022150047309611915
consump,0.000221156528262119
oversea,0.000221156528262119
outflow,0.000221156528262119
fallen,0.000221156528262119
compil,0.000221156528262119
reward,0.0002208125834281188
simon,0.0002208125834281188
preliminari,0.0002208125834281188
ceas,0.00021943680409211805
durat,0.00021943680409211805
ant,0.00021909285925811786
young,0.00021909285925811786
reprint,0.0002187489144241177
modif,0.0002184049695901175
creditor,0.00021806102475611732
pension,0.00021806102475611732
dealer,0.00021806102475611732
penditur,0.00021771707992211713
enlarg,0.00021737313508811694
miss,0.00021737313508811694
ductiv,0.00021737313508811694
moscow,0.00021702919025411675
manageri,0.00021702919025411675
qualifi,0.00021668524542011656
fill,0.00021668524542011656
ital,0.0002163413005861164
leontief,0.0002163413005861164
tiviti,0.0002163413005861164
twice,0.00021599735575211621
spring,0.00021599735575211621
undesir,0.00021565341091811603
violat,0.00021565341091811603
slowli,0.00021565341091811603
annum,0.00021530946608411584
quotat,0.00021530946608411584
reinforc,0.00021530946608411584
grew,0.00021496552125011565
stitut,0.00021496552125011565
escap,0.00021462157641611546
mid,0.00021462157641611546
omi,0.00021462157641611546
block,0.00021462157641611546
versus,0.00021462157641611546
black,0.00021462157641611546
secretari,0.00021358974191411492
ministri,0.00021290185224611454
pari,0.00021290185224611454
consolid,0.00021290185224611454
plain,0.00021255790741211435
harri,0.00021255790741211435
compel,0.00021255790741211435
segment,0.00021221396257811416
reluct,0.00021221396257811416
tem,0.00021187001774411397
modest,0.00021187001774411397
wors,0.00021187001774411397
coin,0.0002115260729101138
willing,0.00021118212807611362
aluminum,0.00021118212807611362
rememb,0.00021083818324211343
disciplin,0.00021049423840811325
feb,0.00021049423840811325
compulsori,0.00021049423840811325
ahead,0.00021049423840811325
death,0.00021049423840811325
destroy,0.00021015029357411306
mea,0.00020980634874011287
confront,0.00020946240390611268
klein,0.00020946240390611268
academ,0.00020911845907211252
vital,0.00020911845907211252
relief,0.00020877451423811233
peac,0.00020877451423811233
domar,0.00020877451423811233
fifti,0.00020843056940411214
reconstruct,0.00020808662457011195
israel,0.00020808662457011195
toler,0.00020808662457011195
die,0.00020808662457011195
nov,0.00020774267973611176
chase,0.00020774267973611176
wider,0.00020774267973611176
exhibit,0.00020774267973611176
organis,0.00020739873490211157
join,0.00020705479006811138
excel,0.00020705479006811138
user,0.00020705479006811138
edward,0.00020705479006811138
southern,0.00020636690040011103
onehalf,0.00020636690040011103
damag,0.00020636690040011103
unfavor,0.00020602295556611084
entail,0.00020602295556611084
inclin,0.00020602295556611084
unpublish,0.00020567901073211066
gone,0.00020567901073211066
treatis,0.00020567901073211066
contractor,0.00020499112106411028
deserv,0.00020499112106411028
assembl,0.00020499112106411028
withdraw,0.00020499112106411028
broader,0.0002046471762301101
prompt,0.00020430323139610993
vice,0.00020430323139610993
reciproc,0.00020395928656210974
portant,0.00020395928656210974
sudden,0.00020361534172810955
certif,0.00020361534172810955
lay,0.00020327139689410936
command,0.00020327139689410936
friend,0.00020292745206010917
tentat,0.00020292745206010917
econo,0.00020292745206010917
women,0.00020258350722610898
tori,0.00020258350722610898
partner,0.0002022395623921088
newli,0.0002022395623921088
mental,0.0002022395623921088
africa,0.00020189561755810863
horizont,0.00020189561755810863
king,0.00020155167272410844
truth,0.00020155167272410844
sys,0.00020120772789010825
stronger,0.00020120772789010825
perspect,0.00020086378305610807
immigr,0.00020051983822210788
wool,0.0002001758933881077
fine,0.0001998319485541075
amort,0.00019948800372010734
defect,0.00019948800372010734
insuffici,0.00019948800372010734
ure,0.00019914405888610715
encount,0.00019914405888610715
chain,0.00019880011405210696
fullemploy,0.00019845616921810677
quir,0.00019845616921810677
imbal,0.00019845616921810677
suspect,0.00019811222438410658
widen,0.00019811222438410658
art,0.0001977682795501064
onethird,0.0001977682795501064
nonunion,0.0001974243347161062
pri,0.00019708038988210604
smooth,0.00019708038988210604
pronounc,0.00019708038988210604
nonagricultur,0.00019673644504810585
standpoint,0.00019673644504810585
philosophi,0.00019673644504810585
arm,0.00019639250021410566
belong,0.00019639250021410566
interfer,0.00019639250021410566
discoveri,0.00019570461054610529
stationari,0.00019570461054610529
entitl,0.00019570461054610529
mone,0.0001953606657121051
languag,0.00019432883121010456
privileg,0.00019398488637610437
cheap,0.00019364094154210418
forthcom,0.00019364094154210418
your,0.000193296996708104
outlook,0.000193296996708104
tempt,0.0001929530518741038
graduat,0.0001929530518741038
option,0.0001929530518741038
henri,0.00019226516220610345
pennsylvania,0.00019226516220610345
korean,0.00019226516220610345
fertil,0.00019192121737210326
nece,0.00019192121737210326
taxabl,0.00019192121737210326
condi,0.00019192121737210326
enhanc,0.00019157727253810307
func,0.00019157727253810307
manpow,0.00019157727253810307
est,0.00019157727253810307
birth,0.00019123332770410288
resid,0.00019123332770410288
resolv,0.0001908893828701027
merchandis,0.0001908893828701027
conscious,0.0001908893828701027
imagin,0.0001905454380361025
dougla,0.0001905454380361025
aug,0.0001905454380361025
tast,0.00019020149320210232
freeli,0.00018985754836810216
altogeth,0.00018951360353410197
disregard,0.00018951360353410197
der,0.00018916965870010178
impor,0.00018916965870010178
craft,0.0001888257138661016
regim,0.0001881378241981012
virtu,0.00018779387936410102
cial,0.00018779387936410102
gatt,0.00018779387936410102
abli,0.00018779387936410102
contradict,0.00018744993453010086
fewer,0.00018710598969610067
norm,0.00018710598969610067
sume,0.00018710598969610067
incident,0.00018676204486210048
pect,0.0001864181000281003
pig,0.0001864181000281003
illus,0.0001864181000281003
interwar,0.0001864181000281003
spot,0.0001864181000281003
earner,0.0001860741551941001
behav,0.00018573021036009992
enorm,0.00018573021036009992
tabul,0.00018573021036009992
subsidiari,0.00018538626552609973
overcom,0.00018538626552609973
anyon,0.00018538626552609973
legitim,0.00018504232069209957
democraci,0.00018504232069209957
sta,0.00018504232069209957
shorter,0.00018504232069209957
remaind,0.00018469837585809938
wicksel,0.00018469837585809938
frequenc,0.00018469837585809938
peasant,0.00018469837585809938
retard,0.0001843544310240992
dissav,0.0001843544310240992
underestim,0.0001843544310240992
arthur,0.0001843544310240992
tract,0.0001843544310240992
ket,0.0001843544310240992
background,0.0001843544310240992
jour,0.000184010486190099
ventur,0.0001836665413560988
swedish,0.0001836665413560988
neoclass,0.00018332259652209862
openmarket,0.00018332259652209862
signifi,0.00018297865168809843
corn,0.00018297865168809843
lesser,0.00018297865168809843
furnish,0.00018263470685409827
mit,0.00018263470685409827
brazil,0.00018263470685409827
guess,0.00018229076202009808
cern,0.0001819468171860979
subsid,0.0001819468171860979
counter,0.0001819468171860979
fifteen,0.0001819468171860979
reviv,0.0001816028723520977
oct,0.00018125892751809752
sur,0.00018125892751809752
kahn,0.00018091498268409733
contend,0.00018091498268409733
ter,0.00018057103785009714
endow,0.00018022709301609698
wise,0.00018022709301609698
subtract,0.0001798831481820968
glass,0.0001798831481820968
loc,0.0001795392033480966
habit,0.0001795392033480966
artifici,0.0001795392033480966
median,0.0001791952585140964
scrap,0.0001791952585140964
talk,0.0001791952585140964
dispar,0.00017885131368009622
departur,0.00017885131368009622
truck,0.00017850736884609603
steadili,0.00017850736884609603
dealt,0.00017850736884609603
columbia,0.00017816342401209584
overlook,0.00017781947917809568
accuraci,0.00017781947917809568
nonbank,0.00017781947917809568
warn,0.0001774755343440955
thoma,0.0001774755343440955
cross,0.0001774755343440955
underst,0.0001774755343440955
pont,0.0001774755343440955
era,0.0001774755343440955
lewi,0.0001771315895100953
certainti,0.00017678764467609511
dimens,0.00017678764467609511
minist,0.00017678764467609511
gordon,0.00017678764467609511
phrase,0.00017678764467609511
chairman,0.00017644369984209492
discriminatori,0.00017644369984209492
topic,0.00017644369984209492
vide,0.00017609975500809474
terest,0.00017609975500809474
grade,0.00017609975500809474
pigou,0.00017575581017409455
sive,0.00017575581017409455
outlet,0.00017575581017409455
lish,0.00017541186534009439
unskil,0.00017541186534009439
qualit,0.00017541186534009439
meat,0.00017541186534009439
repair,0.00017541186534009439
mission,0.00017541186534009439
leather,0.0001750679205060942
award,0.00017438003083809382
shipment,0.00017438003083809382
consult,0.00017438003083809382
spirit,0.00017438003083809382
exposit,0.00017403608600409363
float,0.00017403608600409363
coffe,0.00017403608600409363
mediat,0.00017403608600409363
miscellan,0.00017403608600409363
loanabl,0.00017369214117009344
causal,0.00017369214117009344
indefinit,0.00017369214117009344
essenc,0.00017334819633609325
frank,0.00017334819633609325
saver,0.00017300425150209306
gram,0.00017300425150209306
trader,0.00017300425150209306
thereaft,0.00017300425150209306
que,0.0001726603066680929
profess,0.0001726603066680929
stantial,0.0001723163618340927
preferenti,0.00017197241700009252
fast,0.00017162847216609233
sult,0.00017162847216609233
infla,0.00017162847216609233
scholar,0.00017162847216609233
stori,0.00017162847216609233
relax,0.00017162847216609233
knight,0.00017162847216609233
ticular,0.00017128452733209215
amplitud,0.00017128452733209215
solow,0.00017128452733209215
counterpart,0.00017094058249809196
symbol,0.00017094058249809196
ordinarili,0.00017094058249809196
dustrial,0.00017094058249809196
compromis,0.00017094058249809196
room,0.00017094058249809196
pres,0.00017094058249809196
tal,0.00017094058249809196
paradox,0.0001702526928300916
debtor,0.0001702526928300916
adher,0.0001702526928300916
subcommitte,0.00016990874799609142
irrelev,0.00016956480316209123
tial,0.00016956480316209123
budgetari,0.00016956480316209123
advic,0.00016956480316209123
adelman,0.00016956480316209123
summer,0.00016922085832809104
fiveyear,0.00016922085832809104
joseph,0.00016922085832809104
markup,0.00016922085832809104
frame,0.00016887691349409085
abund,0.00016887691349409085
burn,0.00016887691349409085
charl,0.00016887691349409085
omiss,0.00016887691349409085
discret,0.00016887691349409085
overvalu,0.00016853296866009066
insofar,0.00016853296866009066
upsw,0.00016853296866009066
prise,0.00016853296866009066
besid,0.00016853296866009066
hume,0.00016853296866009066
interview,0.00016818902382609047
downturn,0.0001678450789920903
stanc,0.0001678450789920903
faith,0.00016750113415809012
viii,0.00016715718932408993
revalu,0.00016681324449008974
rental,0.00016681324449008974
migrat,0.00016681324449008974
session,0.00016646929965608956
stimulus,0.00016646929965608956
assump,0.00016646929965608956
abnorm,0.00016646929965608956
thorough,0.00016646929965608956
bal,0.00016612535482208937
devis,0.00016578140998808918
suprem,0.00016578140998808918
denmark,0.00016578140998808918
commonwealth,0.00016578140998808918
capi,0.00016578140998808918
genuin,0.00016543746515408902
struc,0.00016543746515408902
cement,0.00016543746515408902
marxian,0.00016543746515408902
bergson,0.00016509352032008883
twothird,0.00016509352032008883
indiffer,0.00016509352032008883
programm,0.00016509352032008883
sug,0.00016474957548608864
viewpoint,0.00016474957548608864
ldcs,0.00016474957548608864
repr,0.00016474957548608864
compat,0.00016440563065208845
pos,0.00016440563065208845
peacetim,0.00016406168581808826
walra,0.00016371774098408807
dilemma,0.00016371774098408807
orient,0.00016337379615008788
leas,0.00016337379615008788
cation,0.00016337379615008788
displac,0.00016268590648208753
collus,0.00016234196164808734
twelv,0.00016234196164808734
competi,0.00016234196164808734
scientist,0.00016234196164808734
manifest,0.00016199801681408715
ambigu,0.00016199801681408715
trol,0.00016199801681408715
pare,0.00016199801681408715
temporarili,0.00016165407198008696
mild,0.00016165407198008696
reproduc,0.00016165407198008696
postpon,0.00016165407198008696
grown,0.00016165407198008696
throw,0.00016165407198008696
giant,0.00016165407198008696
roll,0.00016165407198008696
stone,0.00016165407198008696
satisfact,0.00016131012714608678
optimist,0.00016131012714608678
arithmet,0.00016131012714608678
mistak,0.0001609661823120866
foster,0.0001609661823120866
obscur,0.0001609661823120866
switch,0.00016027829264408624
valuead,0.00016027829264408624
strain,0.00016027829264408624
denomin,0.00015993434781008605
dition,0.00015993434781008605
atom,0.00015993434781008605
daili,0.00015993434781008605
distanc,0.00015993434781008605
myself,0.00015993434781008605
underemploy,0.00015993434781008605
station,0.00015924645814208567
philadelphia,0.00015924645814208567
fect,0.00015890251330808548
instruct,0.00015890251330808548
parent,0.00015890251330808548
concret,0.00015821462364008513
cancel,0.00015821462364008513
interdepend,0.00015787067880608494
sess,0.00015752673397208475
unnecessari,0.00015752673397208475
unknown,0.00015752673397208475
wit,0.00015718278913808456
addi,0.00015649489947008419
stay,0.00015649489947008419
ethic,0.000156150954636084
ascertain,0.000156150954636084
repercuss,0.000156150954636084
illeg,0.000156150954636084
wait,0.00015580700980208383
divert,0.00015580700980208383
code,0.00015580700980208383
copper,0.00015580700980208383
diffus,0.00015580700980208383
wellknown,0.00015546306496808365
sake,0.00015546306496808365
foodstuff,0.00015511912013408346
ford,0.00015443123046608308
defer,0.00015443123046608308
sir,0.00015443123046608308
loos,0.0001540872856320829
struction,0.0001540872856320829
wave,0.0001540872856320829
ous,0.0001537433407980827
brook,0.0001537433407980827
attend,0.00015339939596408254
interven,0.00015339939596408254
norway,0.00015339939596408254
goldsmith,0.00015339939596408254
lerner,0.00015305545113008235
ill,0.00015305545113008235
colleagu,0.00015305545113008235
congression,0.00015305545113008235
struggl,0.00015271150629608216
represent,0.00015271150629608216
accommod,0.00015271150629608216
cept,0.00015236756146208197
insight,0.00015236756146208197
permiss,0.00015236756146208197
terminolog,0.00015236756146208197
abus,0.00015236756146208197
payrol,0.00015236756146208197
saw,0.00015202361662808178
impair,0.00015202361662808178
jurisdict,0.0001516796717940816
overst,0.0001516796717940816
harm,0.0001513357269600814
manipul,0.00015099178212608124
penalti,0.00015099178212608124
cong,0.00015064783729208106
porat,0.00015064783729208106
centag,0.00015064783729208106
promin,0.00015064783729208106
renew,0.00015030389245808087
opera,0.00014995994762408068
passiv,0.00014995994762408068
orthodox,0.00014995994762408068
fifth,0.00014995994762408068
ation,0.00014995994762408068
inflex,0.0001496160027900805
sacrific,0.0001496160027900805
posi,0.0001496160027900805
invari,0.0001492720579560803
extrapol,0.0001492720579560803
plot,0.0001492720579560803
root,0.0001489281131220801
presumpt,0.0001489281131220801
realis,0.0001489281131220801
default,0.00014858416828807995
gate,0.00014858416828807995
num,0.00014824022345407976
tire,0.00014824022345407976
drain,0.00014789627862007957
told,0.00014789627862007957
nondur,0.00014789627862007957
butter,0.00014789627862007957
esp,0.00014789627862007957
regist,0.00014755233378607938
reconcil,0.00014755233378607938
judici,0.00014755233378607938
display,0.00014755233378607938
lessen,0.0001472083889520792
incomplet,0.0001472083889520792
decre,0.0001472083889520792
obsolesc,0.0001472083889520792
interna,0.000146864444118079
evolut,0.000146864444118079
leisur,0.00014652049928407882
recognis,0.00014652049928407882
apt,0.00014652049928407882
unstabl,0.00014652049928407882
vision,0.00014652049928407882
dramat,0.00014617655445007865
coke,0.00014617655445007865
suffic,0.00014583260961607847
wonder,0.00014583260961607847
sherman,0.00014583260961607847
ioi,0.00014583260961607847
dismiss,0.0001451447199480781
lumber,0.0001451447199480781
game,0.0001451447199480781
crosssect,0.0001448007751140779
gest,0.0001448007751140779
inabl,0.0001448007751140779
boston,0.0001448007751140779
gift,0.0001448007751140779
inferior,0.0001444568302800777
citizen,0.0001444568302800777
imposit,0.00014411288544607752
unfair,0.00014411288544607752
republ,0.00014411288544607752
dur,0.00014411288544607752
synthet,0.00014411288544607752
compos,0.00014376894061207736
premis,0.00014342499577807717
auction,0.00014342499577807717
cer,0.00014342499577807717
ferenc,0.00014308105094407698
pend,0.00014308105094407698
sibl,0.0001427371061100768
senior,0.0001427371061100768
regulatori,0.0001427371061100768
doctor,0.0001427371061100768
erat,0.0001423931612760766
ind,0.0001423931612760766
pub,0.0001423931612760766
customari,0.00014204921644207641
slump,0.00014204921644207641
fol,0.00014204921644207641
decentr,0.00014204921644207641
famous,0.00014170527160807623
broken,0.00014170527160807623
wager,0.00014101738194007588
cons,0.00014101738194007588
tighten,0.00014101738194007588
rigor,0.00014101738194007588
cline,0.00014101738194007588
tic,0.00014067343710607569
ari,0.00014067343710607569
compound,0.00014067343710607569
sphere,0.0001403294922720755
complaint,0.0001403294922720755
alexand,0.0001403294922720755
chronic,0.0001403294922720755
dwell,0.0001399855474380753
affili,0.0001399855474380753
ize,0.0001399855474380753
overhead,0.0001399855474380753
debit,0.00013964160260407512
infinit,0.00013964160260407512
pair,0.00013929765777007493
perpetu,0.00013929765777007493
conced,0.00013929765777007493
alfr,0.00013929765777007493
fob,0.00013860976810207458
simul,0.0001382658232680744
deem,0.0001382658232680744
haberl,0.0001382658232680744
statut,0.0001382658232680744
denc,0.0001379218784340742
zone,0.0001379218784340742
denison,0.0001379218784340742
vagu,0.000137577933600074
twentieth,0.00013723398876607382
dissert,0.00013723398876607382
huge,0.00013723398876607382
cant,0.00013689004393207364
label,0.00013689004393207364
harvest,0.00013654609909807347
unrealist,0.00013620215426407328
mead,0.00013620215426407328
dictat,0.00013620215426407328
self,0.0001358582094300731
laboratori,0.0001355142645960729
everyth,0.0001355142645960729
stood,0.0001355142645960729
newspap,0.00013517031976207272
plete,0.00013517031976207272
preclud,0.00013517031976207272
coupl,0.00013517031976207272
ourselv,0.00013482637492807253
continent,0.00013482637492807253
score,0.00013482637492807253
begun,0.00013448243009407234
downsw,0.00013413848526007218
mon,0.00013413848526007218
ist,0.000133794540426072
distribu,0.000133794540426072
builtin,0.0001334505955920718
workabl,0.0001334505955920718
organiz,0.0001334505955920718
forti,0.0001334505955920718
fee,0.0001334505955920718
fer,0.0001334505955920718
acr,0.0001331066507580716
tinbergen,0.0001331066507580716
aver,0.0001331066507580716
leagu,0.00013276270592407142
load,0.00013276270592407142
pol,0.00013276270592407142
discretionari,0.00013276270592407142
inc,0.00013276270592407142
von,0.00013241876109007123
martin,0.00013241876109007123
jasni,0.00013241876109007123
slower,0.00013241876109007123
agri,0.00013241876109007123
safeti,0.00013207481625607105
river,0.00013207481625607105
cient,0.00013207481625607105
ceteri,0.00013173087142207088
estab,0.00013173087142207088
modigliani,0.00013173087142207088
tinu,0.00013173087142207088
react,0.00013173087142207088
pirat,0.00013173087142207088
enact,0.0001310429817540705
lion,0.0001310429817540705
moor,0.0001310429817540705
stati,0.0001310429817540705
ideolog,0.00013069903692007032
yearbook,0.00013069903692007032
caution,0.00013069903692007032
rational,0.00013069903692007032
testimoni,0.00013069903692007032
invit,0.00013035509208607013
nativ,0.00013035509208607013
peg,0.00013035509208607013
town,0.00013035509208607013
compensatori,0.00013001114725206994
clarifi,0.00013001114725206994
laid,0.00013001114725206994
interregion,0.00013001114725206994
resembl,0.00013001114725206994
ldc,0.0001293232575840696
style,0.0001293232575840696
renci,0.0001293232575840696
collaps,0.0001293232575840696
simplic,0.0001289793127500694
gdp,0.0001289793127500694
fight,0.0001289793127500694
michigan,0.0001289793127500694
disrupt,0.0001289793127500694
everyon,0.0001286353679160692
pull,0.0001286353679160692
readjust,0.0001286353679160692
luxuri,0.0001286353679160692
deleg,0.0001286353679160692
sophist,0.00012829142308206902
livestock,0.00012829142308206902
centrat,0.00012829142308206902
rect,0.00012794747824806883
vidual,0.00012794747824806883
fur,0.00012794747824806883
straight,0.00012794747824806883
teach,0.00012794747824806883
stalin,0.00012794747824806883
sight,0.00012794747824806883
likelihood,0.00012760353341406864
insignific,0.00012760353341406864
extract,0.00012725958858006845
jevon,0.0001269156437460683
paribus,0.0001269156437460683
explanatori,0.0001269156437460683
australian,0.0001269156437460683
envisag,0.0001269156437460683
shortcom,0.0001265716989120681
adequaci,0.0001265716989120681
unem,0.0001265716989120681
versa,0.00012622775407806792
prolong,0.00012588380924406773
persuad,0.00012588380924406773
climat,0.00012519591957606735
calli,0.00012519591957606735
truli,0.00012519591957606735
zation,0.00012519591957606735
laughlin,0.00012485197474206716
outset,0.00012485197474206716
tant,0.00012485197474206716
nate,0.000124508029908067
resolut,0.000124508029908067
intellig,0.000124508029908067
discontinu,0.0001241640850740668
dutch,0.0001241640850740668
institu,0.0001241640850740668
spain,0.0001241640850740668
tobin,0.0001241640850740668
mint,0.0001241640850740668
evolv,0.0001241640850740668
global,0.00012382014024006662
violent,0.00012382014024006662
frisch,0.00012347619540606643
phillip,0.00012347619540606643
inventor,0.00012347619540606643
walter,0.00012347619540606643
ful,0.00012313225057206624
uni,0.00012313225057206624
mrs,0.00012313225057206624
safeguard,0.00012313225057206624
inhibit,0.00012313225057206624
fac,0.00012313225057206624
floor,0.00012278830573806605
doubtless,0.00012278830573806605
duesenberri,0.00012278830573806605
latest,0.00012278830573806605
satellit,0.00012244436090406586
wash,0.00012244436090406586
ble,0.00012244436090406586
lloyd,0.00012244436090406586
armi,0.00012244436090406586
supplementari,0.0001221004160700657
cen,0.0001221004160700657
unincorpor,0.0001221004160700657
propor,0.0001221004160700657
sociolog,0.0001217564712360655
sari,0.0001217564712360655
interrel,0.0001217564712360655
expansionari,0.0001217564712360655
overlap,0.0001217564712360655
pear,0.0001217564712360655
argentina,0.0001217564712360655
cure,0.0001217564712360655
recov,0.0001217564712360655
travel,0.00012141252640206532
royalti,0.00012141252640206532
historian,0.00012141252640206532
pain,0.00012141252640206532
prescrib,0.00012106858156806514
motion,0.00012106858156806514
kendrick,0.00012106858156806514
unimport,0.00012106858156806514
merg,0.00012072463673406495
bor,0.00012072463673406495
supervis,0.00012072463673406495
graph,0.00012072463673406495
deduc,0.00012072463673406495
furnitur,0.00012072463673406495
corr,0.00012072463673406495
proxim,0.00012038069190006476
eye,0.00012038069190006476
mem,0.00012038069190006476
oeec,0.00012038069190006476
substanc,0.00012038069190006476
slichter,0.00012038069190006476
worst,0.00012038069190006476
unreason,0.00012003674706606458
fals,0.00012003674706606458
bottleneck,0.00012003674706606458
unaffect,0.00012003674706606458
pendent,0.00012003674706606458
indebted,0.00012003674706606458
lord,0.0001196928022320644
aggress,0.0001196928022320644
circl,0.0001196928022320644
suppress,0.0001196928022320644
scatter,0.0001193488573980642
policymak,0.0001193488573980642
finland,0.0001193488573980642
speech,0.0001193488573980642
disaggreg,0.0001193488573980642
apparatus,0.0001193488573980642
subsist,0.00011900491256406403
unduli,0.00011900491256406403
multi,0.00011900491256406403
elementari,0.00011866096773006384
massachusett,0.00011866096773006384
intersect,0.00011866096773006384
milton,0.00011866096773006384
sig,0.00011866096773006384
skeptic,0.00011866096773006384
nonetheless,0.00011866096773006384
cess,0.00011866096773006384
italian,0.00011866096773006384
street,0.00011866096773006384
cheaper,0.00011831702289606365
metzler,0.00011831702289606365
intensifi,0.00011831702289606365
subscript,0.00011797307806206346
malthus,0.00011797307806206346
unsatisfactori,0.00011797307806206346
aggr,0.00011797307806206346
dent,0.00011797307806206346
persuas,0.00011797307806206346
realize,0.00011797307806206346
ducer,0.00011762913322806329
volv,0.00011762913322806329
incorrect,0.00011762913322806329
korea,0.00011762913322806329
master,0.00011762913322806329
pertin,0.00011762913322806329
elig,0.0001172851883940631
disagr,0.0001172851883940631
maker,0.0001172851883940631
tionari,0.0001172851883940631
preval,0.0001172851883940631
des,0.00011694124356006291
radio,0.00011694124356006291
placement,0.00011694124356006291
telephon,0.00011659729872606273
quentli,0.00011659729872606273
touch,0.00011659729872606273
nific,0.00011659729872606273
mode,0.00011625335389206255
seldom,0.00011625335389206255
ito,0.00011625335389206255
augment,0.00011625335389206255
got,0.00011625335389206255
boundari,0.00011590940905806236
ooo,0.00011590940905806236
packag,0.00011590940905806236
wageearn,0.00011590940905806236
beneficiari,0.00011590940905806236
nonferr,0.00011590940905806236
editor,0.00011590940905806236
conting,0.00011590940905806236
bottom,0.00011590940905806236
pursuit,0.00011556546422406217
complementari,0.00011556546422406217
manufac,0.00011556546422406217
crise,0.00011556546422406217
nolog,0.00011556546422406217
contempl,0.00011522151939006199
evi,0.00011522151939006199
win,0.00011522151939006199
machlup,0.00011522151939006199
necessit,0.00011522151939006199
gather,0.00011522151939006199
expedi,0.00011453362972206161
yale,0.00011453362972206161
poland,0.00011453362972206161
span,0.00011453362972206161
overestim,0.00011453362972206161
wire,0.00011453362972206161
pacif,0.00011453362972206161
campaign,0.00011453362972206161
veget,0.00011418968488806144
antiinflationari,0.00011418968488806144
theme,0.00011418968488806144
conjunct,0.00011384574005406125
pat,0.00011384574005406125
calendar,0.00011384574005406125
contact,0.00011384574005406125
clusion,0.00011315785038606087
explos,0.00011315785038606087
unilater,0.00011315785038606087
catch,0.00011315785038606087
destruct,0.00011315785038606087
rail,0.00011315785038606087
schultz,0.00011315785038606087
aggrav,0.0001128139055520607
tation,0.0001128139055520607
proxi,0.0001128139055520607
tical,0.00011246996071806051
sssr,0.00011246996071806051
inappropri,0.00011212601588406032
mexico,0.00011212601588406032
bridg,0.00011212601588406032
behalf,0.00011178207105006014
para,0.00011178207105006014
balassa,0.00011178207105006014
cie,0.00011178207105006014
lesson,0.00011178207105006014
repeal,0.00011178207105006014
hap,0.00011178207105006014
benefici,0.00011143812621605996
fluenc,0.00011143812621605996
asia,0.00011109418138205977
mcgrawhil,0.00011109418138205977
acreag,0.00011109418138205977
gsp,0.00011109418138205977
tural,0.00011109418138205977
disposit,0.00011075023654805958
inspect,0.00011075023654805958
visibl,0.00011075023654805958
jacob,0.00011075023654805958
tremend,0.0001104062917140594
decisionmak,0.0001104062917140594
vate,0.00011006234688005921
conceal,0.00011006234688005921
valorem,0.00011006234688005921
refund,0.00011006234688005921
generous,0.00011006234688005921
weigh,0.00010971840204605902
allen,0.00010971840204605902
deep,0.00010937445721205885
urgent,0.00010937445721205885
acut,0.00010937445721205885
sharehold,0.00010937445721205885
statutori,0.00010937445721205885
prac,0.00010903051237805866
davi,0.00010903051237805866
protest,0.00010903051237805866
storag,0.00010903051237805866
stant,0.00010903051237805866
reinvest,0.00010903051237805866
tradeunion,0.00010834262271005828
nonmarket,0.00010834262271005828
proprietor,0.00010834262271005828
austria,0.00010799867787605811
evil,0.00010799867787605811
countervail,0.00010799867787605811
drill,0.00010799867787605811
experiment,0.00010799867787605811
courag,0.00010765473304205792
mitte,0.00010765473304205792
geneva,0.00010765473304205792
injuri,0.00010765473304205792
tanc,0.00010731078820805773
viz,0.00010731078820805773
fish,0.00010731078820805773
conjectur,0.00010731078820805773
lifetim,0.00010696684337405755
dual,0.00010696684337405755
poverti,0.00010696684337405755
tea,0.00010696684337405755
pertain,0.00010696684337405755
sizabl,0.00010696684337405755
remind,0.00010662289854005736
questionnair,0.00010627895370605718
frontier,0.00010627895370605718
fellner,0.00010627895370605718
squeez,0.00010627895370605718
vest,0.00010627895370605718
inadequaci,0.00010593500887205699
pareto,0.00010593500887205699
dissent,0.00010593500887205699
subordin,0.00010593500887205699
ensu,0.00010593500887205699
popula,0.00010559106403805681
destin,0.00010559106403805681
riski,0.00010559106403805681
hostil,0.00010559106403805681
engel,0.00010524711920405662
overtim,0.00010524711920405662
peter,0.00010524711920405662
knew,0.00010524711920405662
ameri,0.00010490317437005643
equi,0.00010490317437005643
wisdom,0.00010490317437005643
feed,0.00010455922953605626
hesit,0.00010455922953605626
mitig,0.00010455922953605626
circuit,0.00010455922953605626
overwhelm,0.00010455922953605626
mercial,0.00010455922953605626
horizon,0.00010421528470205607
graphic,0.00010421528470205607
wherebi,0.00010421528470205607
consensus,0.00010421528470205607
copi,0.00010421528470205607
tangibl,0.00010421528470205607
milk,0.00010421528470205607
lot,0.00010421528470205607
cheneri,0.00010387133986805588
nber,0.00010387133986805588
buffer,0.00010387133986805588
disappoint,0.00010387133986805588
apparel,0.00010387133986805588
textbook,0.00010387133986805588
cussion,0.00010387133986805588
equilibr,0.00010352739503405569
fresh,0.00010352739503405569
depr,0.00010352739503405569
geometr,0.00010352739503405569
ceed,0.00010352739503405569
unlimit,0.00010352739503405569
factual,0.00010318345020005552
reput,0.00010318345020005552
tistic,0.00010283950536605533
rout,0.00010283950536605533
anim,0.00010283950536605533
proach,0.00010283950536605533
honor,0.00010283950536605533
surfac,0.00010249556053205514
sponsor,0.00010249556053205514
sitc,0.00010249556053205514
ascrib,0.00010249556053205514
statistician,0.00010249556053205514
cultiv,0.00010249556053205514
reorgan,0.00010215161569805496
pioneer,0.00010215161569805496
librium,0.00010215161569805496
apr,0.00010215161569805496
male,0.00010215161569805496
corp,0.00010215161569805496
galbraith,0.00010215161569805496
extraordinari,0.00010215161569805496
convict,0.00010215161569805496
island,0.00010215161569805496
veblen,0.00010215161569805496
manuscript,0.00010215161569805496
unexpect,0.00010180767086405477
lang,0.00010180767086405477
sketch,0.00010180767086405477
algebra,0.00010180767086405477
casual,0.00010180767086405477
organiza,0.00010180767086405477
rivalri,0.00010180767086405477
dunlop,0.00010180767086405477
municip,0.00010180767086405477
stamp,0.00010180767086405477
eleven,0.00010180767086405477
insid,0.00010146372603005459
sentenc,0.00010146372603005459
contractu,0.00010146372603005459
sav,0.00010146372603005459
parison,0.00010146372603005459
berkeley,0.00010146372603005459
minut,0.00010146372603005459
hungari,0.00010146372603005459
diffi,0.0001011197811960544
ricardian,0.0001011197811960544
centr,0.0001011197811960544
crimin,0.0001011197811960544
bread,0.0001011197811960544
switzerland,0.0001011197811960544
aros,0.0001011197811960544
tender,0.00010077583636205422
plenti,0.00010077583636205422
unwil,0.00010077583636205422
network,0.00010043189152805403
smithi,0.00010043189152805403
teacher,0.00010043189152805403
wagepric,0.00010043189152805403
margarin,0.00010043189152805403
byproduct,0.00010043189152805403
particu,0.00010043189152805403
coast,0.00010008794669405384
worsen,0.00010008794669405384
disagre,0.00010008794669405384
shaw,0.00010008794669405384
fallaci,9.974400186005367e-05
edg,9.974400186005367e-05
ith,9.974400186005367e-05
bit,9.974400186005367e-05
tration,9.974400186005367e-05
provinc,9.974400186005367e-05
bare,9.974400186005367e-05
analyst,9.974400186005367e-05
matic,9.940005702605348e-05
sea,9.940005702605348e-05
curb,9.940005702605348e-05
depriv,9.940005702605348e-05
constanc,9.940005702605348e-05
solid,9.940005702605348e-05
absent,9.940005702605348e-05
hart,9.905611219205329e-05
tactic,9.905611219205329e-05
fire,9.905611219205329e-05
angel,9.87121673580531e-05
somehow,9.87121673580531e-05
expos,9.87121673580531e-05
mist,9.87121673580531e-05
tractor,9.836822252405293e-05
condemn,9.836822252405293e-05
panel,9.836822252405293e-05
unequ,9.836822252405293e-05
halt,9.802427769005274e-05
ject,9.802427769005274e-05
axi,9.802427769005274e-05
furnac,9.768033285605255e-05
citat,9.768033285605255e-05
sixti,9.768033285605255e-05
pessimist,9.768033285605255e-05
stanford,9.768033285605255e-05
veteran,9.733638802205237e-05
costofliv,9.733638802205237e-05
circum,9.733638802205237e-05
perceiv,9.733638802205237e-05
remot,9.733638802205237e-05
irv,9.733638802205237e-05
logarithm,9.733638802205237e-05
involuntari,9.733638802205237e-05
sic,9.733638802205237e-05
sensibl,9.733638802205237e-05
expan,9.699244318805218e-05
drift,9.699244318805218e-05
selv,9.699244318805218e-05
specialist,9.699244318805218e-05
agricul,9.699244318805218e-05
simplest,9.699244318805218e-05
equa,9.699244318805218e-05
approxi,9.699244318805218e-05
equit,9.6648498354052e-05
sanction,9.6648498354052e-05
distant,9.6648498354052e-05
shortperiod,9.6648498354052e-05
hayek,9.6648498354052e-05
pervers,9.6648498354052e-05
ferent,9.6648498354052e-05
usa,9.6648498354052e-05
und,9.6648498354052e-05
oecd,9.63045535200518e-05
spanish,9.63045535200518e-05
split,9.63045535200518e-05
ploy,9.596060868605163e-05
metalwork,9.596060868605163e-05
sistent,9.596060868605163e-05
mation,9.596060868605163e-05
philosoph,9.561666385205144e-05
volatil,9.561666385205144e-05
gasolin,9.561666385205144e-05
manual,9.561666385205144e-05
arbitrag,9.561666385205144e-05
curious,9.561666385205144e-05
unifi,9.561666385205144e-05
wisconsin,9.527271901805125e-05
defeat,9.527271901805125e-05
counteract,9.527271901805125e-05
transitori,9.527271901805125e-05
duplic,9.527271901805125e-05
sis,9.527271901805125e-05
donald,9.527271901805125e-05
ginal,9.527271901805125e-05
flat,9.527271901805125e-05
flation,9.492877418405108e-05
reliev,9.492877418405108e-05
terial,9.492877418405108e-05
requisit,9.492877418405108e-05
undistribut,9.458482935005089e-05
atlant,9.458482935005089e-05
bretton,9.458482935005089e-05
crew,9.458482935005089e-05
subgroup,9.458482935005089e-05
transmiss,9.458482935005089e-05
buchanan,9.42408845160507e-05
depositor,9.42408845160507e-05
ponent,9.389693968205051e-05
wherev,9.389693968205051e-05
effec,9.389693968205051e-05
treati,9.389693968205051e-05
cope,9.389693968205051e-05
ternat,9.389693968205051e-05
repress,9.389693968205051e-05
hazard,9.389693968205051e-05
irregular,9.355299484805034e-05
ice,9.355299484805034e-05
emphasis,9.355299484805034e-05
tern,9.355299484805034e-05
demograph,9.355299484805034e-05
secret,9.320905001405015e-05
musgrav,9.320905001405015e-05
abolish,9.320905001405015e-05
welcom,9.320905001405015e-05
combat,9.320905001405015e-05
tail,9.286510518004996e-05
inject,9.286510518004996e-05
critiqu,9.252116034604978e-05
ning,9.252116034604978e-05
retent,9.252116034604978e-05
commission,9.252116034604978e-05
czechoslovakia,9.252116034604978e-05
gear,9.252116034604978e-05
ineffect,9.252116034604978e-05
mum,9.252116034604978e-05
xiv,9.252116034604978e-05
stat,9.252116034604978e-05
marri,9.252116034604978e-05
signal,9.21772155120496e-05
lowincom,9.21772155120496e-05
distributor,9.21772155120496e-05
cio,9.21772155120496e-05
happi,9.21772155120496e-05
taussig,9.21772155120496e-05
admir,9.21772155120496e-05
quenc,9.21772155120496e-05
countercycl,9.18332706780494e-05
massiv,9.18332706780494e-05
poorer,9.18332706780494e-05
monetaryfisc,9.18332706780494e-05
frustrat,9.18332706780494e-05
heterogen,9.18332706780494e-05
cord,9.148932584404922e-05
flour,9.148932584404922e-05
concen,9.148932584404922e-05
devel,9.148932584404922e-05
erron,9.148932584404922e-05
spiral,9.148932584404922e-05
news,9.114538101004904e-05
arbitr,9.114538101004904e-05
hong,9.114538101004904e-05
irrespect,9.114538101004904e-05
situa,9.114538101004904e-05
refut,9.080143617604885e-05
vantag,9.080143617604885e-05
tialli,9.080143617604885e-05
kong,9.080143617604885e-05
spectrum,9.080143617604885e-05
iio,9.080143617604885e-05
reckon,9.080143617604885e-05
construc,9.080143617604885e-05
vulner,9.080143617604885e-05
puzzl,9.080143617604885e-05
blame,9.045749134204866e-05
profound,9.045749134204866e-05
havior,9.045749134204866e-05
undervalu,9.045749134204866e-05
invalid,9.011354650804849e-05
corpora,9.011354650804849e-05
incompat,9.011354650804849e-05
highway,9.011354650804849e-05
won,9.011354650804849e-05
expecta,9.011354650804849e-05
undu,9.011354650804849e-05
benchmark,8.97696016740483e-05
comfort,8.97696016740483e-05
slack,8.97696016740483e-05
belgian,8.97696016740483e-05
weaker,8.97696016740483e-05
monopol,8.97696016740483e-05
visavi,8.942565684004811e-05
slowdown,8.942565684004811e-05
fie,8.942565684004811e-05
dom,8.942565684004811e-05
los,8.942565684004811e-05
worldwid,8.908171200604792e-05
prestig,8.908171200604792e-05
strang,8.908171200604792e-05
liter,8.908171200604792e-05
hirepurchas,8.908171200604792e-05
lawrenc,8.908171200604792e-05
baumol,8.873776717204775e-05
wilson,8.873776717204775e-05
inasmuch,8.873776717204775e-05
unus,8.873776717204775e-05
blair,8.873776717204775e-05
disguis,8.873776717204775e-05
transmit,8.873776717204775e-05
endeavor,8.873776717204775e-05
shorten,8.873776717204775e-05
converg,8.839382233804756e-05
epu,8.839382233804756e-05
justment,8.839382233804756e-05
prin,8.839382233804756e-05
constitu,8.839382233804756e-05
refrain,8.839382233804756e-05
pick,8.804987750404737e-05
barrel,8.804987750404737e-05
redempt,8.770593267004719e-05
obsolet,8.770593267004719e-05
cautious,8.770593267004719e-05
broaden,8.770593267004719e-05
front,8.770593267004719e-05
african,8.770593267004719e-05
macro,8.7361987836047e-05
interst,8.7361987836047e-05
fellow,8.7361987836047e-05
proc,8.701804300204681e-05
liberti,8.701804300204681e-05
cap,8.701804300204681e-05
barter,8.701804300204681e-05
site,8.701804300204681e-05
maximis,8.701804300204681e-05
televis,8.701804300204681e-05
cea,8.701804300204681e-05
redund,8.701804300204681e-05
timber,8.667409816804663e-05
rea,8.667409816804663e-05
meanwhil,8.667409816804663e-05
spatial,8.667409816804663e-05
anti,8.667409816804663e-05
surround,8.667409816804663e-05
odd,8.667409816804663e-05
handicap,8.667409816804663e-05
ltd,8.633015333404645e-05
possi,8.633015333404645e-05
nonfinanci,8.633015333404645e-05
partnership,8.633015333404645e-05
liabl,8.633015333404645e-05
texa,8.598620850004626e-05
portanc,8.598620850004626e-05
oscil,8.598620850004626e-05
outright,8.598620850004626e-05
watch,8.598620850004626e-05
discern,8.598620850004626e-05
friction,8.598620850004626e-05
lundberg,8.598620850004626e-05
backlog,8.598620850004626e-05
servant,8.564226366604607e-05
polish,8.564226366604607e-05
dummi,8.564226366604607e-05
payabl,8.564226366604607e-05
captain,8.564226366604607e-05
naiv,8.564226366604607e-05
disclos,8.564226366604607e-05
tionship,8.564226366604607e-05
constrain,8.564226366604607e-05
quat,8.564226366604607e-05
northern,8.529831883204588e-05
plane,8.529831883204588e-05
nurks,8.529831883204588e-05
ici,8.529831883204588e-05
accentu,8.529831883204588e-05
simpler,8.529831883204588e-05
interrupt,8.529831883204588e-05
race,8.529831883204588e-05
sla,8.529831883204588e-05
memori,8.529831883204588e-05
mari,8.495437399804571e-05
wall,8.495437399804571e-05
alik,8.495437399804571e-05
circular,8.495437399804571e-05
bution,8.495437399804571e-05
tenth,8.495437399804571e-05
tent,8.495437399804571e-05
xiii,8.495437399804571e-05
outweigh,8.461042916404552e-05
capitallabor,8.461042916404552e-05
accom,8.461042916404552e-05
yes,8.461042916404552e-05
spond,8.461042916404552e-05
illumin,8.461042916404552e-05
restric,8.461042916404552e-05
bell,8.426648433004533e-05
harberg,8.426648433004533e-05
phd,8.426648433004533e-05
laborsav,8.426648433004533e-05
hickss,8.392253949604516e-05
worri,8.392253949604516e-05
carolina,8.392253949604516e-05
impuls,8.392253949604516e-05
greec,8.392253949604516e-05
withdrawn,8.392253949604516e-05
embrac,8.392253949604516e-05
dividu,8.392253949604516e-05
medic,8.357859466204497e-05
forest,8.357859466204497e-05
team,8.357859466204497e-05
amer,8.357859466204497e-05
band,8.357859466204497e-05
hoc,8.323464982804478e-05
tude,8.323464982804478e-05
spare,8.323464982804478e-05
candid,8.323464982804478e-05
shadow,8.323464982804478e-05
inquir,8.323464982804478e-05
undermin,8.323464982804478e-05
alterna,8.323464982804478e-05
pakistan,8.323464982804478e-05
monograph,8.323464982804478e-05
prescript,8.323464982804478e-05
inven,8.323464982804478e-05
lent,8.289070499404459e-05
abolit,8.289070499404459e-05
unif,8.289070499404459e-05
substan,8.289070499404459e-05
imperi,8.289070499404459e-05
suspend,8.289070499404459e-05
novel,8.289070499404459e-05
height,8.289070499404459e-05
appro,8.254676016004441e-05
pansion,8.254676016004441e-05
ambiti,8.254676016004441e-05
disequilibria,8.254676016004441e-05
niqu,8.254676016004441e-05
diversif,8.254676016004441e-05
simplif,8.220281532604422e-05
resal,8.220281532604422e-05
marxist,8.220281532604422e-05
bull,8.220281532604422e-05
rostow,8.220281532604422e-05
heart,8.220281532604422e-05
outbreak,8.220281532604422e-05
complain,8.220281532604422e-05
superfici,8.220281532604422e-05
stockpil,8.220281532604422e-05
mil,8.220281532604422e-05
gard,8.220281532604422e-05
religi,8.220281532604422e-05
inspir,8.185887049204404e-05
dairi,8.185887049204404e-05
vanc,8.185887049204404e-05
visit,8.185887049204404e-05
consent,8.185887049204404e-05
electron,8.185887049204404e-05
jump,8.185887049204404e-05
routin,8.151492565804386e-05
longrang,8.151492565804386e-05
don,8.151492565804386e-05
imped,8.151492565804386e-05
percept,8.151492565804386e-05
memorandum,8.117098082404367e-05
eisner,8.117098082404367e-05
cmd,8.117098082404367e-05
affirm,8.117098082404367e-05
restat,8.117098082404367e-05
philippin,8.117098082404367e-05
identif,8.117098082404367e-05
colin,8.117098082404367e-05
decil,8.117098082404367e-05
librari,8.117098082404367e-05
spell,8.082703599004348e-05
counti,8.082703599004348e-05
ceylon,8.082703599004348e-05
autonomi,8.082703599004348e-05
direc,8.082703599004348e-05
blue,8.082703599004348e-05
endors,8.082703599004348e-05
core,8.082703599004348e-05
albert,8.04830911560433e-05
fuller,8.04830911560433e-05
poli,8.04830911560433e-05
iooo,8.04830911560433e-05
broker,8.04830911560433e-05
sonal,8.04830911560433e-05
redeem,8.04830911560433e-05
intro,8.04830911560433e-05
chose,8.04830911560433e-05
intim,8.013914632204312e-05
unbalanc,8.013914632204312e-05
invis,8.013914632204312e-05
exchanger,8.013914632204312e-05
guidepost,8.013914632204312e-05
suc,8.013914632204312e-05
san,8.013914632204312e-05
fre,8.013914632204312e-05
ross,8.013914632204312e-05
considera,7.979520148804293e-05
somewher,7.979520148804293e-05
tafthartley,7.979520148804293e-05
efta,7.979520148804293e-05
generalis,7.979520148804293e-05
penetr,7.979520148804293e-05
kravi,7.979520148804293e-05
popu,7.945125665404274e-05
nonmemb,7.945125665404274e-05
clayton,7.910731182004257e-05
needless,7.910731182004257e-05
politician,7.910731182004257e-05
dubious,7.910731182004257e-05
conspicu,7.910731182004257e-05
someon,7.910731182004257e-05
detect,7.910731182004257e-05
austrian,7.910731182004257e-05
illinoi,7.910731182004257e-05
capitalintens,7.910731182004257e-05
char,7.910731182004257e-05
thrift,7.910731182004257e-05
guard,7.876336698604238e-05
pittsburgh,7.876336698604238e-05
occurr,7.876336698604238e-05
triffin,7.841942215204219e-05
farther,7.841942215204219e-05
ireland,7.841942215204219e-05
pute,7.841942215204219e-05
intang,7.841942215204219e-05
guidanc,7.841942215204219e-05
hamper,7.8075477318042e-05
hamilton,7.8075477318042e-05
michael,7.8075477318042e-05
fault,7.8075477318042e-05
wright,7.8075477318042e-05
mis,7.8075477318042e-05
cuss,7.773153248404182e-05
beverag,7.773153248404182e-05
victori,7.773153248404182e-05
fare,7.773153248404182e-05
inherit,7.773153248404182e-05
joan,7.773153248404182e-05
voic,7.738758765004163e-05
admiss,7.738758765004163e-05
cir,7.738758765004163e-05
expend,7.738758765004163e-05
landlord,7.738758765004163e-05
box,7.738758765004163e-05
ela,7.738758765004163e-05
aea,7.738758765004163e-05
predecessor,7.738758765004163e-05
deci,7.738758765004163e-05
jpe,7.738758765004163e-05
rand,7.704364281604145e-05
disinvest,7.704364281604145e-05
chamberlin,7.704364281604145e-05
mistaken,7.704364281604145e-05
symposium,7.704364281604145e-05
pretti,7.704364281604145e-05
hitherto,7.704364281604145e-05
yugoslav,7.704364281604145e-05
dri,7.704364281604145e-05
hit,7.704364281604145e-05
sooner,7.704364281604145e-05
abrupt,7.704364281604145e-05
crown,7.704364281604145e-05
pollut,7.669969798204127e-05
subscrib,7.669969798204127e-05
sentiment,7.669969798204127e-05
entiti,7.669969798204127e-05
parliament,7.669969798204127e-05
kalecki,7.669969798204127e-05
ticiti,7.669969798204127e-05
errat,7.669969798204127e-05
fring,7.635575314804108e-05
passeng,7.635575314804108e-05
forese,7.635575314804108e-05
wealthi,7.635575314804108e-05
depict,7.635575314804108e-05
efficaci,7.635575314804108e-05
ical,7.635575314804108e-05
ceiv,7.635575314804108e-05
alvin,7.635575314804108e-05
interpol,7.601180831404089e-05
utilis,7.601180831404089e-05
digit,7.601180831404089e-05
bus,7.601180831404089e-05
yeartoyear,7.601180831404089e-05
yugoslavia,7.601180831404089e-05
vers,7.56678634800407e-05
instantan,7.56678634800407e-05
resent,7.56678634800407e-05
damp,7.56678634800407e-05
leakag,7.56678634800407e-05
hopkin,7.56678634800407e-05
metropolitan,7.56678634800407e-05
pile,7.532391864604053e-05
priat,7.532391864604053e-05
jone,7.532391864604053e-05
ade,7.532391864604053e-05
renegoti,7.532391864604053e-05
diversifi,7.532391864604053e-05
stipul,7.532391864604053e-05
fulltim,7.532391864604053e-05
quirement,7.532391864604053e-05
foreignexchang,7.497997381204034e-05
precipit,7.497997381204034e-05
kaplan,7.497997381204034e-05
mer,7.497997381204034e-05
tution,7.463602897804015e-05
cigarett,7.463602897804015e-05
destabil,7.463602897804015e-05
prebisch,7.463602897804015e-05
eighteenth,7.463602897804015e-05
roubl,7.463602897804015e-05
clay,7.463602897804015e-05
harold,7.463602897804015e-05
sweezi,7.463602897804015e-05
nutter,7.463602897804015e-05
neighborhood,7.463602897804015e-05
faculti,7.429208414403997e-05
heat,7.429208414403997e-05
morri,7.429208414403997e-05
convey,7.429208414403997e-05
spe,7.429208414403997e-05
satisfactorili,7.429208414403997e-05
retali,7.429208414403997e-05
siti,7.429208414403997e-05
pression,7.429208414403997e-05
shackl,7.394813931003979e-05
increa,7.394813931003979e-05
hall,7.394813931003979e-05
defi,7.394813931003979e-05
admini,7.394813931003979e-05
revolutionari,7.394813931003979e-05
church,7.394813931003979e-05
propon,7.36041944760396e-05
res,7.36041944760396e-05
indispens,7.36041944760396e-05
grave,7.36041944760396e-05
karl,7.36041944760396e-05
glanc,7.36041944760396e-05
deterr,7.36041944760396e-05
insensit,7.36041944760396e-05
entrant,7.36041944760396e-05
aspir,7.326024964203941e-05
windfal,7.326024964203941e-05
insul,7.326024964203941e-05
objec,7.326024964203941e-05
arbitrarili,7.326024964203941e-05
scribe,7.326024964203941e-05
plicat,7.291630480803923e-05
useless,7.291630480803923e-05
drew,7.291630480803923e-05
marshallian,7.291630480803923e-05
purport,7.291630480803923e-05
chile,7.291630480803923e-05
abramovitz,7.257235997403904e-05
creativ,7.257235997403904e-05
influenti,7.257235997403904e-05
tice,7.257235997403904e-05
collater,7.257235997403904e-05
raymond,7.257235997403904e-05
nal,7.257235997403904e-05
lock,7.257235997403904e-05
accid,7.257235997403904e-05
ard,7.222841514003885e-05
riod,7.222841514003885e-05
irrat,7.222841514003885e-05
loui,7.222841514003885e-05
bind,7.222841514003885e-05
unavoid,7.222841514003885e-05
vention,7.222841514003885e-05
adult,7.222841514003885e-05
recours,7.222841514003885e-05
specialis,7.188447030603868e-05
stockholm,7.188447030603868e-05
miller,7.188447030603868e-05
invok,7.188447030603868e-05
tage,7.188447030603868e-05
collabor,7.154052547203849e-05
fluctua,7.154052547203849e-05
builder,7.154052547203849e-05
ousli,7.154052547203849e-05
discharg,7.154052547203849e-05
hereaft,7.154052547203849e-05
ciation,7.154052547203849e-05
ploye,7.154052547203849e-05
maladjust,7.154052547203849e-05
upset,7.11965806380383e-05
stabilis,7.11965806380383e-05
substant,7.11965806380383e-05
cobbdougla,7.11965806380383e-05
winter,7.11965806380383e-05
recog,7.11965806380383e-05
wiley,7.085263580403811e-05
smallest,7.085263580403811e-05
plastic,7.085263580403811e-05
selfemploy,7.085263580403811e-05
mfn,7.085263580403811e-05
harder,7.085263580403811e-05
compuls,7.085263580403811e-05
pamphlet,7.085263580403811e-05
absurd,7.085263580403811e-05
manchest,7.085263580403811e-05
unrel,7.085263580403811e-05
concert,7.085263580403811e-05
pulp,7.085263580403811e-05
longperiod,7.050869097003794e-05
card,7.050869097003794e-05
worthwhil,7.050869097003794e-05
perienc,7.050869097003794e-05
traffic,7.050869097003794e-05
bureaucrat,7.050869097003794e-05
leverag,7.050869097003794e-05
younger,7.016474613603775e-05
unanim,7.016474613603775e-05
reexamin,7.016474613603775e-05
career,7.016474613603775e-05
moodi,7.016474613603775e-05
xii,7.016474613603775e-05
subperiod,7.016474613603775e-05
ingot,7.016474613603775e-05
kindleberg,7.016474613603775e-05
prefac,7.016474613603775e-05
lift,7.016474613603775e-05
resum,6.982080130203756e-05
ger,6.982080130203756e-05
understat,6.982080130203756e-05
anali,6.982080130203756e-05
oxygen,6.982080130203756e-05
flight,6.982080130203756e-05
plate,6.982080130203756e-05
ohio,6.982080130203756e-05
mount,6.982080130203756e-05
messag,6.982080130203756e-05
ternal,6.982080130203756e-05
freez,6.982080130203756e-05
frb,6.947685646803738e-05
villag,6.947685646803738e-05
metric,6.947685646803738e-05
quo,6.947685646803738e-05
cri,6.947685646803738e-05
editori,6.947685646803738e-05
rediscount,6.947685646803738e-05
twentyf,6.947685646803738e-05
dominion,6.947685646803738e-05
payoff,6.947685646803738e-05
accus,6.947685646803738e-05
peso,6.947685646803738e-05
mimeograph,6.947685646803738e-05
edwin,6.91329116340372e-05
narrowli,6.91329116340372e-05
ere,6.91329116340372e-05
expir,6.91329116340372e-05
club,6.91329116340372e-05
suspens,6.91329116340372e-05
predetermin,6.91329116340372e-05
nonlinear,6.91329116340372e-05
van,6.91329116340372e-05
muniti,6.91329116340372e-05
cassel,6.91329116340372e-05
escal,6.91329116340372e-05
everywher,6.91329116340372e-05
eign,6.91329116340372e-05
entr,6.91329116340372e-05
preciat,6.8788966800037e-05
hirschman,6.8788966800037e-05
bowley,6.8788966800037e-05
parenthes,6.8788966800037e-05
oppon,6.8788966800037e-05
bould,6.8788966800037e-05
versiti,6.8788966800037e-05
host,6.8788966800037e-05
disburs,6.8788966800037e-05
mestic,6.844502196603682e-05
culti,6.844502196603682e-05
unweight,6.844502196603682e-05
nent,6.844502196603682e-05
summaris,6.844502196603682e-05
pravda,6.844502196603682e-05
stuart,6.844502196603682e-05
eighteen,6.844502196603682e-05
quan,6.844502196603682e-05
handbook,6.844502196603682e-05
maxi,6.810107713203664e-05
gether,6.810107713203664e-05
bentham,6.810107713203664e-05
heard,6.810107713203664e-05
spectacular,6.810107713203664e-05
micro,6.810107713203664e-05
formid,6.810107713203664e-05
ism,6.810107713203664e-05
eckstein,6.810107713203664e-05
rice,6.810107713203664e-05
conduc,6.810107713203664e-05
encompass,6.810107713203664e-05
thirteen,6.775713229803645e-05
hidden,6.775713229803645e-05
concurr,6.775713229803645e-05
remuner,6.775713229803645e-05
thrown,6.775713229803645e-05
williamson,6.775713229803645e-05
verifi,6.775713229803645e-05
trate,6.775713229803645e-05
varia,6.741318746403626e-05
tacit,6.741318746403626e-05
bureaus,6.741318746403626e-05
yarn,6.741318746403626e-05
notwithstand,6.741318746403626e-05
coeffi,6.741318746403626e-05
discus,6.741318746403626e-05
cluster,6.741318746403626e-05
mason,6.741318746403626e-05
straightlin,6.741318746403626e-05
worthi,6.741318746403626e-05
herbert,6.741318746403626e-05
ordin,6.741318746403626e-05
discard,6.741318746403626e-05
episod,6.741318746403626e-05
driven,6.706924263003609e-05
protection,6.706924263003609e-05
schwartz,6.706924263003609e-05
rejoind,6.706924263003609e-05
polic,6.706924263003609e-05
insert,6.706924263003609e-05
eli,6.706924263003609e-05
flood,6.706924263003609e-05
lawyer,6.706924263003609e-05
businessman,6.706924263003609e-05
legislatur,6.67252977960359e-05
finan,6.67252977960359e-05
finit,6.67252977960359e-05
microeconom,6.67252977960359e-05
gregat,6.67252977960359e-05
pricelevel,6.67252977960359e-05
lengthi,6.67252977960359e-05
scene,6.67252977960359e-05
influ,6.67252977960359e-05
refriger,6.67252977960359e-05
taylor,6.67252977960359e-05
seminar,6.67252977960359e-05
dont,6.638135296203571e-05
usag,6.638135296203571e-05
prof,6.638135296203571e-05
den,6.638135296203571e-05
realloc,6.638135296203571e-05
hide,6.638135296203571e-05
fourteen,6.638135296203571e-05
ministr,6.638135296203571e-05
ser,6.638135296203571e-05
deepli,6.638135296203571e-05
ern,6.638135296203571e-05
culat,6.638135296203571e-05
weber,6.638135296203571e-05
hedg,6.638135296203571e-05
suffi,6.603740812803552e-05
launch,6.603740812803552e-05
amsterdam,6.603740812803552e-05
ran,6.603740812803552e-05
dex,6.603740812803552e-05
explana,6.603740812803552e-05
nat,6.603740812803552e-05
informa,6.603740812803552e-05
neighbor,6.603740812803552e-05
harmoni,6.569346329403535e-05
bain,6.569346329403535e-05
dol,6.569346329403535e-05
fessor,6.569346329403535e-05
reconvers,6.569346329403535e-05
hospit,6.569346329403535e-05
immens,6.569346329403535e-05
nanc,6.569346329403535e-05
negro,6.569346329403535e-05
lintner,6.534951846003516e-05
shed,6.534951846003516e-05
deprecia,6.534951846003516e-05
kenneth,6.534951846003516e-05
gilbert,6.534951846003516e-05
lump,6.534951846003516e-05
fiber,6.534951846003516e-05
clearcut,6.534951846003516e-05
applianc,6.534951846003516e-05
straightforward,6.534951846003516e-05
silk,6.500557362603497e-05
reconcili,6.500557362603497e-05
recruit,6.500557362603497e-05
cif,6.500557362603497e-05
ple,6.500557362603497e-05
merc,6.500557362603497e-05
mortal,6.500557362603497e-05
prize,6.500557362603497e-05
scotland,6.500557362603497e-05
izat,6.500557362603497e-05
vent,6.500557362603497e-05
ohlin,6.500557362603497e-05
mini,6.500557362603497e-05
window,6.46616287920348e-05
timeseri,6.46616287920348e-05
sovereignti,6.46616287920348e-05
administra,6.46616287920348e-05
tute,6.43176839580346e-05
aer,6.43176839580346e-05
puerto,6.43176839580346e-05
myrdal,6.43176839580346e-05
dissolut,6.397373912403442e-05
woytinski,6.397373912403442e-05
subtl,6.397373912403442e-05
noteworthi,6.397373912403442e-05
insti,6.397373912403442e-05
scottish,6.397373912403442e-05
excus,6.397373912403442e-05
kennedi,6.397373912403442e-05
usabl,6.397373912403442e-05
contest,6.397373912403442e-05
withhold,6.362979429003423e-05
divorc,6.362979429003423e-05
jersey,6.362979429003423e-05
sarili,6.362979429003423e-05
suspicion,6.362979429003423e-05
sati,6.362979429003423e-05
anxious,6.362979429003423e-05
shelter,6.362979429003423e-05
enemi,6.362979429003423e-05
counsel,6.362979429003423e-05
nize,6.362979429003423e-05
provement,6.362979429003423e-05
enumer,6.362979429003423e-05
advisori,6.362979429003423e-05
provok,6.328584945603405e-05
accustom,6.328584945603405e-05
medicin,6.328584945603405e-05
bold,6.328584945603405e-05
shrink,6.328584945603405e-05
unavail,6.328584945603405e-05
yen,6.328584945603405e-05
paradigm,6.328584945603405e-05
agement,6.328584945603405e-05
andrew,6.328584945603405e-05
arous,6.328584945603405e-05
berlin,6.328584945603405e-05
pand,6.328584945603405e-05
cold,6.328584945603405e-05
suppl,6.328584945603405e-05
interrelationship,6.328584945603405e-05
harper,6.328584945603405e-05
tokyo,6.328584945603405e-05
lengthen,6.328584945603405e-05
carrier,6.294190462203386e-05
array,6.294190462203386e-05
handicraft,6.294190462203386e-05
unadjust,6.294190462203386e-05
distress,6.294190462203386e-05
visual,6.294190462203386e-05
groceri,6.294190462203386e-05
supervisori,6.294190462203386e-05
spin,6.294190462203386e-05
wear,6.294190462203386e-05
interestr,6.294190462203386e-05
oppor,6.294190462203386e-05
drug,6.294190462203386e-05
recom,6.294190462203386e-05
door,6.259795978803367e-05
strongest,6.259795978803367e-05
gerschenkron,6.259795978803367e-05
anywher,6.259795978803367e-05
virginia,6.259795978803367e-05
ther,6.259795978803367e-05
henderson,6.259795978803367e-05
prop,6.259795978803367e-05
warren,6.259795978803367e-05
weather,6.259795978803367e-05
guidelin,6.259795978803367e-05
camp,6.259795978803367e-05
seed,6.259795978803367e-05
cision,6.259795978803367e-05
maynard,6.259795978803367e-05
gori,6.22540149540335e-05
juri,6.22540149540335e-05
dozen,6.22540149540335e-05
issuanc,6.22540149540335e-05
struck,6.22540149540335e-05
notat,6.22540149540335e-05
portug,6.22540149540335e-05
taught,6.22540149540335e-05
nonmonetari,6.22540149540335e-05
ele,6.22540149540335e-05
grand,6.22540149540335e-05
father,6.22540149540335e-05
indetermin,6.22540149540335e-05
bernstein,6.22540149540335e-05
pleasur,6.22540149540335e-05
bene,6.22540149540335e-05
cialli,6.22540149540335e-05
smallscal,6.191007012003331e-05
complement,6.191007012003331e-05
valley,6.191007012003331e-05
spontan,6.191007012003331e-05
improb,6.191007012003331e-05
forget,6.191007012003331e-05
conspiraci,6.191007012003331e-05
uneven,6.191007012003331e-05
longerterm,6.191007012003331e-05
tap,6.191007012003331e-05
dept,6.191007012003331e-05
strive,6.191007012003331e-05
dump,6.191007012003331e-05
alarm,6.156612528603312e-05
aftertax,6.156612528603312e-05
undergo,6.156612528603312e-05
contin,6.156612528603312e-05
posal,6.156612528603312e-05
hawtrey,6.156612528603312e-05
ficat,6.156612528603312e-05
lamp,6.156612528603312e-05
unpreced,6.156612528603312e-05
sixteen,6.156612528603312e-05
rod,6.156612528603312e-05
spect,6.156612528603312e-05
shipbuild,6.156612528603312e-05
retrospect,6.156612528603312e-05
sequent,6.156612528603312e-05
advan,6.156612528603312e-05
egg,6.156612528603312e-05
stagnant,6.156612528603312e-05
till,6.122218045203293e-05
mimeo,6.122218045203293e-05
dicat,6.122218045203293e-05
gress,6.122218045203293e-05
takeoff,6.122218045203293e-05
presentday,6.122218045203293e-05
slave,6.122218045203293e-05
turkey,6.122218045203293e-05
tuniti,6.122218045203293e-05
costpush,6.122218045203293e-05
fat,6.122218045203293e-05
phelp,6.122218045203293e-05
asso,6.122218045203293e-05
disproportion,6.122218045203293e-05
ume,6.087823561803275e-05
detriment,6.087823561803275e-05
media,6.087823561803275e-05
detroit,6.087823561803275e-05
cedur,6.087823561803275e-05
rentier,6.087823561803275e-05
reproduct,6.087823561803275e-05
interim,6.087823561803275e-05
businesscycl,6.053429078403257e-05
cocoa,6.053429078403257e-05
securi,6.053429078403257e-05
tension,6.053429078403257e-05
haven,6.053429078403257e-05
chronolog,6.053429078403257e-05
depth,6.053429078403257e-05
wagner,6.053429078403257e-05
loom,6.053429078403257e-05
refineri,6.053429078403257e-05
jointstock,6.019034595003238e-05
bronfenbrenn,6.019034595003238e-05
repetit,6.019034595003238e-05
accrual,6.019034595003238e-05
pros,6.019034595003238e-05
partment,6.019034595003238e-05
reestablish,6.019034595003238e-05
nonmanufactur,6.019034595003238e-05
brazilian,6.019034595003238e-05
lowcost,6.019034595003238e-05
battl,6.019034595003238e-05
dean,6.019034595003238e-05
laissez,6.019034595003238e-05
lessdevelop,6.019034595003238e-05
concentra,5.98464011160322e-05
enthusiasm,5.98464011160322e-05
stretch,5.98464011160322e-05
philip,5.98464011160322e-05
les,5.98464011160322e-05
potato,5.98464011160322e-05
conclu,5.98464011160322e-05
commi,5.98464011160322e-05
arrow,5.98464011160322e-05
bur,5.98464011160322e-05
knowl,5.98464011160322e-05
embarrass,5.9502456282032015e-05
bine,5.9502456282032015e-05
ion,5.9502456282032015e-05
elli,5.9502456282032015e-05
iter,5.9502456282032015e-05
francisco,5.9502456282032015e-05
send,5.9502456282032015e-05
atmospher,5.9502456282032015e-05
foot,5.9502456282032015e-05
cabl,5.9502456282032015e-05
ftc,5.9158511448031826e-05
madrid,5.9158511448031826e-05
environment,5.9158511448031826e-05
rearmament,5.9158511448031826e-05
jectiv,5.9158511448031826e-05
earliest,5.9158511448031826e-05
trivial,5.9158511448031826e-05
dampen,5.9158511448031826e-05
nowher,5.8814566614031644e-05
unorgan,5.8814566614031644e-05
archiv,5.8814566614031644e-05
ployer,5.8814566614031644e-05
religion,5.8814566614031644e-05
imper,5.8814566614031644e-05
nonpric,5.8814566614031644e-05
donor,5.8814566614031644e-05
sweep,5.8814566614031644e-05
clariti,5.8814566614031644e-05
thornton,5.8814566614031644e-05
juror,5.8814566614031644e-05
del,5.8814566614031644e-05
expon,5.8814566614031644e-05
blast,5.8814566614031644e-05
bookkeep,5.8470621780031455e-05
recurr,5.8470621780031455e-05
rolph,5.8470621780031455e-05
spoke,5.8470621780031455e-05
prais,5.8470621780031455e-05
await,5.8470621780031455e-05
benelux,5.8470621780031455e-05
dear,5.8470621780031455e-05
irwin,5.8470621780031455e-05
allot,5.8470621780031455e-05
pleas,5.8470621780031455e-05
liverpool,5.8470621780031455e-05
panic,5.812667694603127e-05
evas,5.812667694603127e-05
prerequisit,5.812667694603127e-05
color,5.812667694603127e-05
realm,5.812667694603127e-05
disastr,5.812667694603127e-05
cipl,5.812667694603127e-05
lester,5.812667694603127e-05
mile,5.812667694603127e-05
northwest,5.812667694603127e-05
straint,5.812667694603127e-05
tip,5.812667694603127e-05
annuiti,5.812667694603127e-05
impart,5.812667694603127e-05
morgan,5.812667694603127e-05
messr,5.7782732112031084e-05
infrequ,5.7782732112031084e-05
taft,5.7782732112031084e-05
sist,5.7782732112031084e-05
pipe,5.7782732112031084e-05
pump,5.7782732112031084e-05
weintraub,5.7782732112031084e-05
parabl,5.7782732112031084e-05
quart,5.74387872780309e-05
trap,5.74387872780309e-05
amen,5.74387872780309e-05
ingeni,5.74387872780309e-05
preoccup,5.74387872780309e-05
cleveland,5.74387872780309e-05
impetus,5.74387872780309e-05
synthesi,5.74387872780309e-05
arisen,5.74387872780309e-05
dissatisfact,5.74387872780309e-05
pensiti,5.74387872780309e-05
richer,5.709484244403072e-05
sraffa,5.709484244403072e-05
propriat,5.709484244403072e-05
dispens,5.709484244403072e-05
bil,5.709484244403072e-05
polak,5.709484244403072e-05
punish,5.709484244403072e-05
footwear,5.709484244403072e-05
illiquid,5.709484244403072e-05
dead,5.709484244403072e-05
utter,5.675089761003053e-05
inaugur,5.675089761003053e-05
bankruptci,5.675089761003053e-05
scrutini,5.675089761003053e-05
sixth,5.675089761003053e-05
daniel,5.675089761003053e-05
child,5.675089761003053e-05
mixtur,5.675089761003053e-05
temptat,5.675089761003053e-05
raid,5.675089761003053e-05
associa,5.675089761003053e-05
presuppos,5.675089761003053e-05
hamberg,5.675089761003053e-05
tube,5.675089761003053e-05
ball,5.675089761003053e-05
mal,5.675089761003053e-05
voluntarili,5.675089761003053e-05
unambigu,5.675089761003053e-05
elaps,5.640695277603035e-05
ounc,5.640695277603035e-05
malthusian,5.640695277603035e-05
unctad,5.640695277603035e-05
clue,5.640695277603035e-05
scott,5.640695277603035e-05
ess,5.640695277603035e-05
irrig,5.640695277603035e-05
pensat,5.640695277603035e-05
pledg,5.640695277603035e-05
paint,5.640695277603035e-05
das,5.640695277603035e-05
primit,5.640695277603035e-05
corollari,5.606300794203016e-05
edgeworth,5.606300794203016e-05
onefourth,5.606300794203016e-05
payout,5.606300794203016e-05
entertain,5.606300794203016e-05
funda,5.606300794203016e-05
autumn,5.606300794203016e-05
recur,5.606300794203016e-05
nuclear,5.606300794203016e-05
clearer,5.571906310802998e-05
calculus,5.571906310802998e-05
lake,5.571906310802998e-05
emin,5.571906310802998e-05
charac,5.571906310802998e-05
spectiv,5.571906310802998e-05
holland,5.571906310802998e-05
entli,5.571906310802998e-05
quantifi,5.571906310802998e-05
demon,5.571906310802998e-05
hoover,5.571906310802998e-05
eager,5.537511827402979e-05
plicit,5.537511827402979e-05
compli,5.537511827402979e-05
embark,5.537511827402979e-05
realism,5.537511827402979e-05
normat,5.537511827402979e-05
ual,5.537511827402979e-05
interchang,5.537511827402979e-05
basket,5.537511827402979e-05
rec,5.537511827402979e-05
prematur,5.537511827402979e-05
bureaucraci,5.537511827402979e-05
regret,5.537511827402979e-05
testifi,5.537511827402979e-05
noneconom,5.537511827402979e-05
brilliant,5.503117344002961e-05
survivor,5.503117344002961e-05
tva,5.503117344002961e-05
wipe,5.503117344002961e-05
theless,5.503117344002961e-05
surcharg,5.503117344002961e-05
gression,5.503117344002961e-05
abat,5.503117344002961e-05
effi,5.503117344002961e-05
essen,5.503117344002961e-05
lic,5.503117344002961e-05
baltimor,5.503117344002961e-05
roy,5.503117344002961e-05
unprofit,5.503117344002961e-05
ish,5.503117344002961e-05
intertempor,5.503117344002961e-05
moneywag,5.503117344002961e-05
feedback,5.503117344002961e-05
exploratori,5.503117344002961e-05
ree,5.503117344002961e-05
davidson,5.4687228606029425e-05
memberbank,5.4687228606029425e-05
tenur,5.4687228606029425e-05
hint,5.4687228606029425e-05
shade,5.4687228606029425e-05
protectionist,5.4687228606029425e-05
steam,5.4687228606029425e-05
distri,5.4687228606029425e-05
enlighten,5.4687228606029425e-05
campbel,5.4687228606029425e-05
ope,5.4687228606029425e-05
vietnam,5.4687228606029425e-05
robertsonian,5.4687228606029425e-05
cession,5.4687228606029425e-05
plier,5.4687228606029425e-05
salant,5.4687228606029425e-05
intercept,5.4687228606029425e-05
client,5.4687228606029425e-05
hardship,5.4343283772029236e-05
forestri,5.4343283772029236e-05
impedi,5.4343283772029236e-05
navi,5.4343283772029236e-05
deepen,5.4343283772029236e-05
mainland,5.4343283772029236e-05
cell,5.4343283772029236e-05
pack,5.4343283772029236e-05
nonprofit,5.4343283772029236e-05
rome,5.3999338938029053e-05
green,5.3999338938029053e-05
termsoftrad,5.3999338938029053e-05
collec,5.3999338938029053e-05
nondollar,5.3999338938029053e-05
conven,5.3999338938029053e-05
ottawa,5.3999338938029053e-05
gin,5.3999338938029053e-05
cienci,5.3999338938029053e-05
sition,5.3999338938029053e-05
grubb,5.3999338938029053e-05
akron,5.3999338938029053e-05
porter,5.3999338938029053e-05
mercantil,5.3999338938029053e-05
unsuccess,5.3999338938029053e-05
instru,5.3999338938029053e-05
nonindustri,5.3999338938029053e-05
lipsey,5.3999338938029053e-05
drink,5.3999338938029053e-05
magazin,5.3999338938029053e-05
flect,5.3655394104028865e-05
selfinterest,5.3655394104028865e-05
ann,5.3655394104028865e-05
goodwin,5.3655394104028865e-05
border,5.3655394104028865e-05
carl,5.3655394104028865e-05
benjamin,5.3655394104028865e-05
armament,5.3655394104028865e-05
marriag,5.3655394104028865e-05
anal,5.3655394104028865e-05
soft,5.3655394104028865e-05
cole,5.3655394104028865e-05
presidenti,5.3655394104028865e-05
tradeoff,5.3655394104028865e-05
mysteri,5.3655394104028865e-05
ventori,5.3655394104028865e-05
eri,5.3655394104028865e-05
industrialis,5.3655394104028865e-05
titi,5.3655394104028865e-05
sional,5.3655394104028865e-05
prejudic,5.3655394104028865e-05
uneconom,5.3655394104028865e-05
femal,5.331144927002868e-05
defenc,5.331144927002868e-05
bomb,5.331144927002868e-05
foresight,5.331144927002868e-05
liev,5.331144927002868e-05
confess,5.331144927002868e-05
theo,5.331144927002868e-05
onefifth,5.331144927002868e-05
postkeynesian,5.331144927002868e-05
evidenc,5.331144927002868e-05
mauritius,5.331144927002868e-05
alcoa,5.331144927002868e-05
prosecut,5.331144927002868e-05
collectiv,5.331144927002868e-05
tenant,5.331144927002868e-05
contribu,5.331144927002868e-05
burma,5.331144927002868e-05
serial,5.331144927002868e-05
mod,5.2967504436028494e-05
injur,5.2967504436028494e-05
seventi,5.2967504436028494e-05
attorney,5.2967504436028494e-05
samuel,5.2967504436028494e-05
intergovernment,5.2967504436028494e-05
stringent,5.2967504436028494e-05
anderson,5.2967504436028494e-05
han,5.2967504436028494e-05
whilst,5.2967504436028494e-05
robbin,5.2967504436028494e-05
sacrif,5.2967504436028494e-05
marili,5.262355960202831e-05
intersector,5.262355960202831e-05
intrins,5.262355960202831e-05
ington,5.262355960202831e-05
thin,5.262355960202831e-05
spurious,5.262355960202831e-05
parliamentari,5.262355960202831e-05
gaug,5.262355960202831e-05
freetrad,5.262355960202831e-05
walrasian,5.262355960202831e-05
regain,5.262355960202831e-05
industrywid,5.262355960202831e-05
farreach,5.262355960202831e-05
balogh,5.262355960202831e-05
commend,5.262355960202831e-05
culmin,5.227961476802813e-05
ene,5.227961476802813e-05
unaccept,5.227961476802813e-05
doc,5.227961476802813e-05
flationari,5.227961476802813e-05
opa,5.227961476802813e-05
stead,5.227961476802813e-05
deeper,5.227961476802813e-05
provision,5.227961476802813e-05
intact,5.227961476802813e-05
rico,5.227961476802813e-05
asymmetri,5.227961476802813e-05
oli,5.227961476802813e-05
manyear,5.227961476802813e-05
stapl,5.227961476802813e-05
bombay,5.227961476802813e-05
passim,5.193566993402794e-05
exam,5.193566993402794e-05
densiti,5.193566993402794e-05
erp,5.193566993402794e-05
wale,5.193566993402794e-05
sci,5.193566993402794e-05
unpredict,5.193566993402794e-05
highincom,5.193566993402794e-05
rium,5.193566993402794e-05
yardstick,5.193566993402794e-05
ferrous,5.193566993402794e-05
sim,5.193566993402794e-05
politi,5.159172510002776e-05
misalloc,5.159172510002776e-05
fyp,5.159172510002776e-05
complementar,5.159172510002776e-05
calcu,5.159172510002776e-05
steep,5.159172510002776e-05
troll,5.159172510002776e-05
tral,5.159172510002776e-05
suscept,5.159172510002776e-05
tenyear,5.159172510002776e-05
sus,5.159172510002776e-05
vanish,5.159172510002776e-05
biolog,5.159172510002776e-05
loyalti,5.159172510002776e-05
ratchet,5.159172510002776e-05
debentur,5.124778026602757e-05
rehabilit,5.124778026602757e-05
servat,5.124778026602757e-05
duct,5.124778026602757e-05
hinder,5.124778026602757e-05
notori,5.124778026602757e-05
theoriz,5.124778026602757e-05
math,5.124778026602757e-05
symmetr,5.124778026602757e-05
yuan,5.124778026602757e-05
forestal,5.124778026602757e-05
longev,5.124778026602757e-05
guilti,5.124778026602757e-05
struct,5.124778026602757e-05
overinvest,5.124778026602757e-05
meaningless,5.124778026602757e-05
outer,5.124778026602757e-05
inland,5.124778026602757e-05
sizeabl,5.124778026602757e-05
revert,5.090383543202739e-05
cise,5.090383543202739e-05
nonwag,5.090383543202739e-05
pervas,5.090383543202739e-05
unwilling,5.090383543202739e-05
rayon,5.090383543202739e-05
vacat,5.090383543202739e-05
cleric,5.090383543202739e-05
evad,5.090383543202739e-05
stake,5.090383543202739e-05
grievanc,5.090383543202739e-05
labormanag,5.090383543202739e-05
causat,5.090383543202739e-05
temper,5.090383543202739e-05
registr,5.090383543202739e-05
howard,5.090383543202739e-05
uncontrol,5.090383543202739e-05
red,5.05598905980272e-05
nearer,5.05598905980272e-05
newer,5.05598905980272e-05
bushel,5.05598905980272e-05
stoppag,5.05598905980272e-05
bigger,5.05598905980272e-05
treme,5.05598905980272e-05
afl,5.05598905980272e-05
onward,5.05598905980272e-05
forma,5.05598905980272e-05
truste,5.05598905980272e-05
reynold,5.05598905980272e-05
concomit,5.05598905980272e-05
inconvert,5.05598905980272e-05
vessel,5.05598905980272e-05
concili,5.05598905980272e-05
shortfal,5.05598905980272e-05
ganize,5.05598905980272e-05
anyway,5.0215945764027016e-05
surrend,5.0215945764027016e-05
freer,5.0215945764027016e-05
imit,5.0215945764027016e-05
reap,5.0215945764027016e-05
highcost,5.0215945764027016e-05
bulgaria,5.0215945764027016e-05
unwarr,5.0215945764027016e-05
tualli,5.0215945764027016e-05
sport,5.0215945764027016e-05
mikesel,5.0215945764027016e-05
implica,5.0215945764027016e-05
tsiang,5.0215945764027016e-05
soc,5.0215945764027016e-05
neat,5.0215945764027016e-05
substi,5.0215945764027016e-05
token,5.0215945764027016e-05
sibil,5.0215945764027016e-05
har,4.9872000930026834e-05
exchequ,4.9872000930026834e-05
healthi,4.9872000930026834e-05
successor,4.9872000930026834e-05
facto,4.9872000930026834e-05
inconclus,4.9872000930026834e-05
sin,4.9872000930026834e-05
dupuit,4.9872000930026834e-05
frankel,4.9872000930026834e-05
freemarket,4.9872000930026834e-05
everybodi,4.9872000930026834e-05
diminut,4.9872000930026834e-05
reconsid,4.9872000930026834e-05
cult,4.9872000930026834e-05
gambl,4.9872000930026834e-05
entrepreneurship,4.9528056096026645e-05
constru,4.9528056096026645e-05
sponsibl,4.9528056096026645e-05
underwrit,4.9528056096026645e-05
beveridg,4.9528056096026645e-05
assort,4.9528056096026645e-05
shill,4.9528056096026645e-05
holzman,4.9528056096026645e-05
youth,4.9528056096026645e-05
selfsuffici,4.9528056096026645e-05
eros,4.9528056096026645e-05
nondiscriminatori,4.9528056096026645e-05
sheer,4.9528056096026645e-05
thoriti,4.9528056096026645e-05
objection,4.9528056096026645e-05
transac,4.9528056096026645e-05
bitter,4.9528056096026645e-05
infant,4.9528056096026645e-05
endur,4.9528056096026645e-05
tide,4.9528056096026645e-05
prima,4.918411126202646e-05
frozen,4.918411126202646e-05
alloca,4.918411126202646e-05
accident,4.918411126202646e-05
monop,4.918411126202646e-05
importcompet,4.918411126202646e-05
pessim,4.918411126202646e-05
brother,4.918411126202646e-05
laps,4.918411126202646e-05
striction,4.918411126202646e-05
munit,4.918411126202646e-05
autom,4.918411126202646e-05
caribbean,4.918411126202646e-05
semi,4.918411126202646e-05
intraindustri,4.918411126202646e-05
divi,4.8840166428026274e-05
abram,4.8840166428026274e-05
precious,4.8840166428026274e-05
threeyear,4.8840166428026274e-05
heavier,4.8840166428026274e-05
sentat,4.8840166428026274e-05
meantim,4.8840166428026274e-05
tradi,4.8840166428026274e-05
dobb,4.8840166428026274e-05
formanc,4.8840166428026274e-05
fold,4.8840166428026274e-05
aerospac,4.8840166428026274e-05
ferenti,4.8840166428026274e-05
stringenc,4.8840166428026274e-05
diagnosi,4.8840166428026274e-05
unfil,4.8840166428026274e-05
talent,4.849622159402609e-05
usuri,4.849622159402609e-05
lutz,4.849622159402609e-05
symptom,4.849622159402609e-05
empti,4.849622159402609e-05
owneroccupi,4.849622159402609e-05
surtax,4.849622159402609e-05
newsprint,4.849622159402609e-05
grasp,4.849622159402609e-05
rep,4.849622159402609e-05
mack,4.849622159402609e-05
sticki,4.849622159402609e-05
quent,4.849622159402609e-05
crime,4.849622159402609e-05
equalis,4.849622159402609e-05
anticipatori,4.849622159402609e-05
futil,4.849622159402609e-05
pragmat,4.849622159402609e-05
isard,4.849622159402609e-05
earl,4.81522767600259e-05
interlock,4.81522767600259e-05
fragment,4.81522767600259e-05
gosplan,4.81522767600259e-05
academi,4.81522767600259e-05
whiskey,4.81522767600259e-05
nobodi,4.81522767600259e-05
sumner,4.81522767600259e-05
dome,4.81522767600259e-05
kleingoldberg,4.81522767600259e-05
misunderstand,4.81522767600259e-05
overrid,4.780833192602572e-05
steril,4.780833192602572e-05
sidney,4.780833192602572e-05
nonresidenti,4.780833192602572e-05
observa,4.780833192602572e-05
bach,4.780833192602572e-05
gestat,4.780833192602572e-05
unexplain,4.780833192602572e-05
complianc,4.780833192602572e-05
tnec,4.780833192602572e-05
nelson,4.780833192602572e-05
enquiri,4.780833192602572e-05
okun,4.780833192602572e-05
amalgam,4.746438709202554e-05
agenda,4.746438709202554e-05
righthand,4.746438709202554e-05
hotel,4.746438709202554e-05
gage,4.746438709202554e-05
disast,4.746438709202554e-05
presi,4.746438709202554e-05
omist,4.746438709202554e-05
unfavour,4.746438709202554e-05
khrushchev,4.746438709202554e-05
authori,4.746438709202554e-05
cushion,4.746438709202554e-05
cam,4.712044225802535e-05
elec,4.712044225802535e-05
peripheri,4.712044225802535e-05
planat,4.712044225802535e-05
fritz,4.712044225802535e-05
gener,4.712044225802535e-05
tempor,4.712044225802535e-05
opment,4.712044225802535e-05
indiana,4.712044225802535e-05
ciat,4.712044225802535e-05
digest,4.712044225802535e-05
soil,4.712044225802535e-05
parat,4.712044225802535e-05
ori,4.712044225802535e-05
trea,4.712044225802535e-05
inaccur,4.712044225802535e-05
capitalsav,4.712044225802535e-05
brotherhood,4.712044225802535e-05
sympathi,4.712044225802535e-05
foreseen,4.712044225802535e-05
dental,4.712044225802535e-05
ulat,4.712044225802535e-05
troublesom,4.712044225802535e-05
ute,4.712044225802535e-05
anthracit,4.712044225802535e-05
simi,4.712044225802535e-05
yard,4.712044225802535e-05
alien,4.712044225802535e-05
mail,4.677649742402517e-05
tere,4.677649742402517e-05
egypt,4.677649742402517e-05
walker,4.677649742402517e-05
outward,4.677649742402517e-05
ond,4.677649742402517e-05
momentum,4.677649742402517e-05
defini,4.677649742402517e-05
track,4.677649742402517e-05
exant,4.677649742402517e-05
scitovski,4.677649742402517e-05
wife,4.677649742402517e-05
acquaint,4.677649742402517e-05
taiwan,4.643255259002498e-05
erect,4.643255259002498e-05
canal,4.643255259002498e-05
istic,4.643255259002498e-05
eugen,4.643255259002498e-05
daytoday,4.643255259002498e-05
onto,4.643255259002498e-05
allevi,4.643255259002498e-05
sit,4.643255259002498e-05
albeit,4.643255259002498e-05
nil,4.643255259002498e-05
verdict,4.643255259002498e-05
directori,4.643255259002498e-05
reservoir,4.643255259002498e-05
clean,4.643255259002498e-05
ban,4.643255259002498e-05
patronag,4.643255259002498e-05
commodi,4.643255259002498e-05
isra,4.643255259002498e-05
gree,4.643255259002498e-05
tarshi,4.60886077560248e-05
nant,4.60886077560248e-05
bourgeoi,4.60886077560248e-05
stephen,4.60886077560248e-05
automot,4.60886077560248e-05
super,4.60886077560248e-05
capitallabour,4.60886077560248e-05
nationwid,4.60886077560248e-05
graham,4.60886077560248e-05
pen,4.60886077560248e-05
unreal,4.60886077560248e-05
monopsonist,4.60886077560248e-05
sen,4.60886077560248e-05
blind,4.60886077560248e-05
wellb,4.60886077560248e-05
salt,4.60886077560248e-05
mous,4.60886077560248e-05
cede,4.60886077560248e-05
orthodoxi,4.574466292202461e-05
contradictori,4.574466292202461e-05
venezuela,4.574466292202461e-05
corrupt,4.574466292202461e-05
repurchas,4.574466292202461e-05
fisheri,4.574466292202461e-05
thereof,4.574466292202461e-05
ring,4.574466292202461e-05
discrimina,4.574466292202461e-05
nonexist,4.574466292202461e-05
cutback,4.574466292202461e-05
tone,4.574466292202461e-05
penal,4.574466292202461e-05
woolen,4.574466292202461e-05
equilib,4.574466292202461e-05
pact,4.574466292202461e-05
chamber,4.574466292202461e-05
proven,4.574466292202461e-05
consol,4.574466292202461e-05
colombia,4.5400718088024426e-05
acter,4.5400718088024426e-05
euro,4.5400718088024426e-05
nontrad,4.5400718088024426e-05
segreg,4.5400718088024426e-05
unreli,4.5400718088024426e-05
technician,4.5400718088024426e-05
lean,4.5400718088024426e-05
sep,4.5400718088024426e-05
closest,4.5400718088024426e-05
beef,4.5400718088024426e-05
exit,4.5400718088024426e-05
interestbear,4.5400718088024426e-05
republican,4.5400718088024426e-05
cus,4.5400718088024426e-05
dichotomi,4.5400718088024426e-05
nical,4.5400718088024426e-05
unwis,4.5400718088024426e-05
monet,4.5400718088024426e-05
dissimilar,4.5400718088024426e-05
prorat,4.5400718088024426e-05
differen,4.5400718088024426e-05
terborgh,4.5400718088024426e-05
gurley,4.5400718088024426e-05
honest,4.5400718088024426e-05
knowhow,4.5400718088024426e-05
max,4.5400718088024426e-05
cuba,4.5056773254024244e-05
regr,4.5056773254024244e-05
expound,4.5056773254024244e-05
rebat,4.5056773254024244e-05
interfirm,4.5056773254024244e-05
dorfman,4.5056773254024244e-05
soap,4.5056773254024244e-05
bimetal,4.5056773254024244e-05
peru,4.5056773254024244e-05
milit,4.5056773254024244e-05
radcliff,4.5056773254024244e-05
coher,4.5056773254024244e-05
sympathet,4.5056773254024244e-05
shortliv,4.5056773254024244e-05
chair,4.5056773254024244e-05
twodigit,4.5056773254024244e-05
sex,4.5056773254024244e-05
lest,4.5056773254024244e-05
cowl,4.5056773254024244e-05
unproduct,4.4712828420024055e-05
threefourth,4.4712828420024055e-05
treasur,4.4712828420024055e-05
wallac,4.4712828420024055e-05
bowen,4.4712828420024055e-05
respec,4.4712828420024055e-05
foregon,4.4712828420024055e-05
tee,4.4712828420024055e-05
traction,4.4712828420024055e-05
wesley,4.4712828420024055e-05
roosevelt,4.4712828420024055e-05
ception,4.4712828420024055e-05
indict,4.4712828420024055e-05
nec,4.4712828420024055e-05
predic,4.4712828420024055e-05
semimanufactur,4.4712828420024055e-05
hasten,4.4712828420024055e-05
horsepow,4.4712828420024055e-05
quarrel,4.436888358602387e-05
regu,4.436888358602387e-05
tempo,4.436888358602387e-05
thompson,4.436888358602387e-05
retic,4.436888358602387e-05
corner,4.436888358602387e-05
geo,4.436888358602387e-05
purchasingpow,4.436888358602387e-05
berl,4.436888358602387e-05
grocer,4.436888358602387e-05
taneous,4.436888358602387e-05
auxiliari,4.436888358602387e-05
cournot,4.436888358602387e-05
stan,4.436888358602387e-05
admin,4.436888358602387e-05
sand,4.436888358602387e-05
slip,4.436888358602387e-05
bullion,4.436888358602387e-05
dirlam,4.436888358602387e-05
disutil,4.436888358602387e-05
overstat,4.436888358602387e-05
swift,4.4024938752023684e-05
costpric,4.4024938752023684e-05
grossli,4.4024938752023684e-05
extraordinarili,4.4024938752023684e-05
stern,4.4024938752023684e-05
wallich,4.4024938752023684e-05
inat,4.4024938752023684e-05
compara,4.4024938752023684e-05
corden,4.4024938752023684e-05
chao,4.4024938752023684e-05
department,4.4024938752023684e-05
denial,4.4024938752023684e-05
tual,4.4024938752023684e-05
exponenti,4.4024938752023684e-05
magni,4.4024938752023684e-05
faci,4.4024938752023684e-05
deed,4.4024938752023684e-05
articul,4.4024938752023684e-05
kansa,4.4024938752023684e-05
steelwork,4.36809939180235e-05
shut,4.36809939180235e-05
spokesmen,4.36809939180235e-05
uncov,4.36809939180235e-05
exemplifi,4.36809939180235e-05
novelti,4.36809939180235e-05
preponder,4.36809939180235e-05
preneur,4.36809939180235e-05
voprosi,4.36809939180235e-05
comp,4.36809939180235e-05
forgotten,4.36809939180235e-05
spurt,4.36809939180235e-05
twoyear,4.36809939180235e-05
dress,4.36809939180235e-05
minnesota,4.36809939180235e-05
alpha,4.36809939180235e-05
secretariat,4.36809939180235e-05
forbid,4.36809939180235e-05
voter,4.36809939180235e-05
unintend,4.36809939180235e-05
classi,4.36809939180235e-05
lotteri,4.36809939180235e-05
norman,4.333704908402331e-05
ting,4.333704908402331e-05
amin,4.333704908402331e-05
subdivis,4.333704908402331e-05
eleg,4.333704908402331e-05
tertiari,4.333704908402331e-05
noncompetit,4.333704908402331e-05
freed,4.333704908402331e-05
unlaw,4.333704908402331e-05
xxxvii,4.333704908402331e-05
lieu,4.333704908402331e-05
tourist,4.333704908402331e-05
bakeri,4.333704908402331e-05
cessat,4.333704908402331e-05
tennesse,4.333704908402331e-05
curiti,4.333704908402331e-05
disord,4.333704908402331e-05
cumstanc,4.333704908402331e-05
multin,4.333704908402331e-05
facet,4.333704908402331e-05
comptrol,4.333704908402331e-05
beer,4.333704908402331e-05
elimi,4.333704908402331e-05
recreat,4.333704908402331e-05
pitfal,4.333704908402331e-05
noncorpor,4.333704908402331e-05
roosa,4.333704908402331e-05
verbal,4.333704908402331e-05
hmso,4.299310425002313e-05
workmen,4.299310425002313e-05
ysis,4.299310425002313e-05
concur,4.299310425002313e-05
tree,4.299310425002313e-05
lendleas,4.299310425002313e-05
communism,4.299310425002313e-05
peripher,4.299310425002313e-05
afraid,4.299310425002313e-05
boost,4.299310425002313e-05
map,4.299310425002313e-05
hot,4.299310425002313e-05
innova,4.299310425002313e-05
hyperinfl,4.299310425002313e-05
evan,4.299310425002313e-05
coercion,4.299310425002313e-05
hierarchi,4.299310425002313e-05
audienc,4.299310425002313e-05
excep,4.299310425002313e-05
stochast,4.264915941602294e-05
ced,4.264915941602294e-05
ray,4.264915941602294e-05
intraeuropean,4.264915941602294e-05
uri,4.264915941602294e-05
rie,4.264915941602294e-05
replenish,4.264915941602294e-05
quest,4.264915941602294e-05
xxxviii,4.264915941602294e-05
commer,4.264915941602294e-05
stick,4.264915941602294e-05
atten,4.264915941602294e-05
intoler,4.264915941602294e-05
goodwil,4.264915941602294e-05
upturn,4.264915941602294e-05
hickman,4.264915941602294e-05
occupa,4.264915941602294e-05
stud,4.264915941602294e-05
faulti,4.264915941602294e-05
hodgman,4.264915941602294e-05
diseas,4.264915941602294e-05
propag,4.264915941602294e-05
hill,4.264915941602294e-05
potent,4.264915941602294e-05
stein,4.230521458202276e-05
subs,4.230521458202276e-05
lectiv,4.230521458202276e-05
applica,4.230521458202276e-05
missil,4.230521458202276e-05
rele,4.230521458202276e-05
postworld,4.230521458202276e-05
contributor,4.230521458202276e-05
elicit,4.230521458202276e-05
afterward,4.230521458202276e-05
gation,4.230521458202276e-05
paramount,4.230521458202276e-05
techno,4.230521458202276e-05
underutil,4.230521458202276e-05
fate,4.230521458202276e-05
commensur,4.230521458202276e-05
absente,4.230521458202276e-05
alloy,4.230521458202276e-05
meyer,4.230521458202276e-05
iiii,4.230521458202276e-05
regula,4.196126974802258e-05
accumu,4.196126974802258e-05
individ,4.196126974802258e-05
bitumin,4.196126974802258e-05
authorit,4.196126974802258e-05
compari,4.196126974802258e-05
profitmaxim,4.196126974802258e-05
creep,4.196126974802258e-05
sociat,4.196126974802258e-05
dislik,4.196126974802258e-05
xxx,4.196126974802258e-05
earmark,4.196126974802258e-05
sovereign,4.196126974802258e-05
spons,4.196126974802258e-05
strip,4.196126974802258e-05
migrant,4.196126974802258e-05
nondiscrimin,4.196126974802258e-05
elit,4.196126974802258e-05
pricefix,4.196126974802258e-05
corpo,4.196126974802258e-05
hagen,4.196126974802258e-05
induct,4.196126974802258e-05
hors,4.161732491402239e-05
logist,4.161732491402239e-05
akin,4.161732491402239e-05
recon,4.161732491402239e-05
bundl,4.161732491402239e-05
buildup,4.161732491402239e-05
nega,4.161732491402239e-05
ekonomiki,4.161732491402239e-05
commissariat,4.161732491402239e-05
surg,4.161732491402239e-05
aec,4.161732491402239e-05
ingredi,4.161732491402239e-05
angl,4.161732491402239e-05
commenc,4.161732491402239e-05
stabiliza,4.161732491402239e-05
landown,4.161732491402239e-05
laborintens,4.161732491402239e-05
warfar,4.161732491402239e-05
macdougal,4.161732491402239e-05
pretend,4.161732491402239e-05
incometax,4.161732491402239e-05
tripl,4.127338008002221e-05
satur,4.127338008002221e-05
supposit,4.127338008002221e-05
longerrun,4.127338008002221e-05
advocaci,4.127338008002221e-05
nearest,4.127338008002221e-05
dam,4.127338008002221e-05
overt,4.127338008002221e-05
tection,4.127338008002221e-05
lim,4.127338008002221e-05
xxxvi,4.127338008002221e-05
plagu,4.127338008002221e-05
wind,4.127338008002221e-05
meth,4.127338008002221e-05
zinc,4.127338008002221e-05
cattl,4.127338008002221e-05
bondhold,4.127338008002221e-05
sumabl,4.127338008002221e-05
baran,4.127338008002221e-05
combina,4.127338008002221e-05
therein,4.127338008002221e-05
xix,4.127338008002221e-05
dogmat,4.127338008002221e-05
synchron,4.127338008002221e-05
piric,4.127338008002221e-05
representa,4.127338008002221e-05
murray,4.127338008002221e-05
calcula,4.127338008002221e-05
portray,4.092943524602202e-05
injunct,4.092943524602202e-05
linkag,4.092943524602202e-05
null,4.092943524602202e-05
unwin,4.092943524602202e-05
broadcast,4.092943524602202e-05
obe,4.092943524602202e-05
unrestrict,4.092943524602202e-05
advent,4.092943524602202e-05
victim,4.092943524602202e-05
kreinin,4.092943524602202e-05
recept,4.092943524602202e-05
vail,4.092943524602202e-05
coerciv,4.092943524602202e-05
ronald,4.092943524602202e-05
inact,4.092943524602202e-05
compo,4.092943524602202e-05
inconveni,4.092943524602202e-05
rid,4.092943524602202e-05
upsurg,4.092943524602202e-05
categor,4.092943524602202e-05
litig,4.092943524602202e-05
incen,4.092943524602202e-05
southeast,4.092943524602202e-05
tention,4.0585490412021836e-05
barger,4.0585490412021836e-05
ential,4.0585490412021836e-05
manday,4.0585490412021836e-05
tackl,4.0585490412021836e-05
plea,4.0585490412021836e-05
skew,4.0585490412021836e-05
rearrang,4.0585490412021836e-05
tonnag,4.0585490412021836e-05
sick,4.0585490412021836e-05
bibliographi,4.0585490412021836e-05
poten,4.0585490412021836e-05
erti,4.0585490412021836e-05
vant,4.0585490412021836e-05
grilich,4.0585490412021836e-05
kink,4.0585490412021836e-05
domain,4.0585490412021836e-05
wine,4.0585490412021836e-05
liu,4.0585490412021836e-05
ticip,4.0585490412021836e-05
inertia,4.0585490412021836e-05
leon,4.0585490412021836e-05
locus,4.0585490412021836e-05
int,4.0585490412021836e-05
balanceof,4.0585490412021836e-05
brake,4.0585490412021836e-05
min,4.0585490412021836e-05
profe,4.0585490412021836e-05
diseconomi,4.024154557802165e-05
intra,4.024154557802165e-05
mend,4.024154557802165e-05
deceler,4.024154557802165e-05
avenu,4.024154557802165e-05
tenanc,4.024154557802165e-05
development,4.024154557802165e-05
incap,4.024154557802165e-05
ect,4.024154557802165e-05
maryland,4.024154557802165e-05
nineteenthcenturi,4.024154557802165e-05
canc,4.024154557802165e-05
verif,4.024154557802165e-05
keen,4.024154557802165e-05
binat,4.024154557802165e-05
fullcapac,4.024154557802165e-05
pean,4.024154557802165e-05
irrate,3.9897600744021465e-05
imping,3.9897600744021465e-05
carter,3.9897600744021465e-05
locomot,3.9897600744021465e-05
florida,3.9897600744021465e-05
speaker,3.9897600744021465e-05
rece,3.9897600744021465e-05
arnold,3.9897600744021465e-05
cook,3.9897600744021465e-05
highlight,3.9897600744021465e-05
featherbed,3.9897600744021465e-05
repaid,3.9897600744021465e-05
magnifi,3.9897600744021465e-05
guaranti,3.9897600744021465e-05
mie,3.9897600744021465e-05
literari,3.9897600744021465e-05
norton,3.9897600744021465e-05
nichola,3.9897600744021465e-05
swap,3.9897600744021465e-05
cairncross,3.9897600744021465e-05
pecuniari,3.9897600744021465e-05
eat,3.955365591002128e-05
broke,3.955365591002128e-05
certifi,3.955365591002128e-05
precari,3.955365591002128e-05
invert,3.955365591002128e-05
rial,3.955365591002128e-05
imperson,3.955365591002128e-05
fort,3.955365591002128e-05
nual,3.955365591002128e-05
engend,3.955365591002128e-05
organi,3.955365591002128e-05
improp,3.955365591002128e-05
onequart,3.955365591002128e-05
argentin,3.955365591002128e-05
fabian,3.955365591002128e-05
mize,3.955365591002128e-05
xxi,3.955365591002128e-05
seltzer,3.955365591002128e-05
conglomer,3.9209711076021094e-05
transactor,3.9209711076021094e-05
unnecessarili,3.9209711076021094e-05
seq,3.9209711076021094e-05
alcohol,3.9209711076021094e-05
ili,3.9209711076021094e-05
reassur,3.9209711076021094e-05
adduc,3.9209711076021094e-05
twofold,3.9209711076021094e-05
quesnay,3.9209711076021094e-05
accel,3.9209711076021094e-05
ner,3.9209711076021094e-05
telegraph,3.9209711076021094e-05
remitt,3.9209711076021094e-05
catastroph,3.9209711076021094e-05
judiciari,3.9209711076021094e-05
dogma,3.9209711076021094e-05
breakeven,3.9209711076021094e-05
tinguish,3.9209711076021094e-05
criticis,3.9209711076021094e-05
cereal,3.9209711076021094e-05
bent,3.9209711076021094e-05
chineri,3.9209711076021094e-05
equilibria,3.9209711076021094e-05
forg,3.9209711076021094e-05
toronto,3.9209711076021094e-05
imag,3.9209711076021094e-05
leastsquar,3.9209711076021094e-05
awkward,3.9209711076021094e-05
paciti,3.9209711076021094e-05
quar,3.9209711076021094e-05
mentari,3.9209711076021094e-05
kerr,3.9209711076021094e-05
gregori,3.9209711076021094e-05
reformul,3.9209711076021094e-05
obstruct,3.9209711076021094e-05
correla,3.9209711076021094e-05
tomorrow,3.9209711076021094e-05
dissip,3.9209711076021094e-05
cabinet,3.886576624202091e-05
asymptot,3.886576624202091e-05
creamer,3.886576624202091e-05
unten,3.886576624202091e-05
whatsoev,3.886576624202091e-05
guild,3.886576624202091e-05
violenc,3.886576624202091e-05
coalit,3.886576624202091e-05
fission,3.886576624202091e-05
chancellor,3.886576624202091e-05
enci,3.886576624202091e-05
contrac,3.886576624202091e-05
avert,3.886576624202091e-05
offens,3.886576624202091e-05
tile,3.886576624202091e-05
emigr,3.886576624202091e-05
vacanc,3.886576624202091e-05
vintag,3.886576624202091e-05
clusiv,3.886576624202091e-05
characteris,3.886576624202091e-05
poorest,3.886576624202091e-05
earth,3.886576624202091e-05
deutsch,3.886576624202091e-05
bore,3.886576624202091e-05
dare,3.852182140802072e-05
respon,3.852182140802072e-05
danish,3.852182140802072e-05
bottl,3.852182140802072e-05
ficient,3.852182140802072e-05
roo,3.852182140802072e-05
recoup,3.852182140802072e-05
lishment,3.852182140802072e-05
xxxix,3.852182140802072e-05
viousli,3.852182140802072e-05
coveri,3.852182140802072e-05
practition,3.852182140802072e-05
alan,3.852182140802072e-05
homewood,3.852182140802072e-05
suasion,3.852182140802072e-05
cohen,3.852182140802072e-05
repar,3.852182140802072e-05
pectat,3.852182140802072e-05
emot,3.852182140802072e-05
provinci,3.852182140802072e-05
criti,3.852182140802072e-05
preindustri,3.852182140802072e-05
rangement,3.852182140802072e-05
veto,3.852182140802072e-05
portat,3.852182140802072e-05
pigous,3.817787657402054e-05
eman,3.817787657402054e-05
breviti,3.817787657402054e-05
monopsoni,3.817787657402054e-05
jackson,3.817787657402054e-05
resign,3.817787657402054e-05
eighti,3.817787657402054e-05
parttim,3.817787657402054e-05
centiv,3.817787657402054e-05
nazi,3.817787657402054e-05
nowaday,3.817787657402054e-05
moni,3.817787657402054e-05
inescap,3.817787657402054e-05
threequart,3.817787657402054e-05
amongst,3.817787657402054e-05
quintil,3.817787657402054e-05
synonym,3.817787657402054e-05
racial,3.817787657402054e-05
basin,3.817787657402054e-05
pothesi,3.817787657402054e-05
kraus,3.817787657402054e-05
biggest,3.817787657402054e-05
infor,3.817787657402054e-05
dose,3.783393174002035e-05
bet,3.783393174002035e-05
garment,3.783393174002035e-05
tighter,3.783393174002035e-05
hing,3.783393174002035e-05
subcontract,3.783393174002035e-05
xviii,3.783393174002035e-05
econometrician,3.783393174002035e-05
immun,3.783393174002035e-05
slacken,3.783393174002035e-05
interpreta,3.783393174002035e-05
foundri,3.783393174002035e-05
tate,3.783393174002035e-05
misinterpret,3.783393174002035e-05
coinag,3.783393174002035e-05
spindl,3.783393174002035e-05
mayer,3.783393174002035e-05
steeper,3.783393174002035e-05
inaccuraci,3.783393174002035e-05
katona,3.783393174002035e-05
unjustifi,3.783393174002035e-05
bounti,3.783393174002035e-05
grossman,3.783393174002035e-05
sink,3.748998690602017e-05
seiz,3.748998690602017e-05
mediums,3.748998690602017e-05
prog,3.748998690602017e-05
disapprov,3.748998690602017e-05
ian,3.748998690602017e-05
minat,3.748998690602017e-05
credibl,3.748998690602017e-05
alert,3.748998690602017e-05
nineti,3.748998690602017e-05
interf,3.748998690602017e-05
tautolog,3.748998690602017e-05
rower,3.748998690602017e-05
trari,3.748998690602017e-05
payer,3.748998690602017e-05
auspic,3.748998690602017e-05
hectar,3.748998690602017e-05
blunt,3.714604207201999e-05
reconsider,3.714604207201999e-05
webb,3.714604207201999e-05
cheapli,3.714604207201999e-05
hybrid,3.714604207201999e-05
laspeyr,3.714604207201999e-05
alia,3.714604207201999e-05
precautionari,3.714604207201999e-05
artisan,3.714604207201999e-05
multiplicand,3.714604207201999e-05
quasir,3.714604207201999e-05
repudi,3.714604207201999e-05
tailor,3.714604207201999e-05
echo,3.714604207201999e-05
bless,3.714604207201999e-05
leap,3.714604207201999e-05
unplan,3.714604207201999e-05
pens,3.714604207201999e-05
crowd,3.714604207201999e-05
rupe,3.714604207201999e-05
rive,3.714604207201999e-05
navig,3.714604207201999e-05
uruguay,3.714604207201999e-05
posabl,3.714604207201999e-05
clerk,3.68020972380198e-05
fomc,3.68020972380198e-05
tenuous,3.68020972380198e-05
xxix,3.68020972380198e-05
nineteen,3.68020972380198e-05
fens,3.68020972380198e-05
wherein,3.68020972380198e-05
retreat,3.68020972380198e-05
desper,3.68020972380198e-05
xxxii,3.68020972380198e-05
bicycl,3.68020972380198e-05
angloamerican,3.68020972380198e-05
caught,3.68020972380198e-05
temin,3.68020972380198e-05
prone,3.68020972380198e-05
xvi,3.68020972380198e-05
introductori,3.68020972380198e-05
hardwar,3.68020972380198e-05
meter,3.68020972380198e-05
avers,3.68020972380198e-05
pation,3.68020972380198e-05
film,3.68020972380198e-05
jaff,3.68020972380198e-05
mediari,3.68020972380198e-05
seventeen,3.6458152404019616e-05
enthusiast,3.6458152404019616e-05
laboursav,3.6458152404019616e-05
flaw,3.6458152404019616e-05
seventh,3.6458152404019616e-05
loophol,3.6458152404019616e-05
reinterpret,3.6458152404019616e-05
nontariff,3.6458152404019616e-05
malaya,3.6458152404019616e-05
tativ,3.6458152404019616e-05
nopoli,3.6458152404019616e-05
vation,3.6458152404019616e-05
onetenth,3.6458152404019616e-05
fli,3.6458152404019616e-05
celebr,3.6458152404019616e-05
brick,3.6458152404019616e-05
steepli,3.6458152404019616e-05
love,3.6458152404019616e-05
laissezfair,3.611420757001943e-05
baldwin,3.611420757001943e-05
jorgenson,3.611420757001943e-05
boy,3.611420757001943e-05
hurt,3.611420757001943e-05
swiss,3.611420757001943e-05
sluggish,3.611420757001943e-05
monetarist,3.611420757001943e-05
economiqu,3.611420757001943e-05
sailor,3.611420757001943e-05
feet,3.611420757001943e-05
endang,3.611420757001943e-05
threshold,3.611420757001943e-05
unsettl,3.611420757001943e-05
ralph,3.611420757001943e-05
customarili,3.611420757001943e-05
taxa,3.611420757001943e-05
summat,3.611420757001943e-05
dutiabl,3.611420757001943e-05
drag,3.611420757001943e-05
coat,3.611420757001943e-05
marin,3.611420757001943e-05
faction,3.611420757001943e-05
startl,3.611420757001943e-05
ware,3.611420757001943e-05
hypoth,3.611420757001943e-05
tition,3.611420757001943e-05
pretax,3.611420757001943e-05
offi,3.611420757001943e-05
fluc,3.611420757001943e-05
obliga,3.611420757001943e-05
uncer,3.611420757001943e-05
facili,3.5770262736019245e-05
frickey,3.5770262736019245e-05
beauti,3.5770262736019245e-05
pricewag,3.5770262736019245e-05
annal,3.5770262736019245e-05
adler,3.5770262736019245e-05
ampli,3.5770262736019245e-05
deplor,3.5770262736019245e-05
khoziaistvo,3.5770262736019245e-05
commune,3.5770262736019245e-05
sev,3.5770262736019245e-05
liv,3.5770262736019245e-05
wel,3.5770262736019245e-05
cliff,3.5770262736019245e-05
opti,3.5770262736019245e-05
frederick,3.5770262736019245e-05
cheapest,3.5770262736019245e-05
warburton,3.5770262736019245e-05
emphat,3.5770262736019245e-05
viabl,3.5770262736019245e-05
houthakk,3.5770262736019245e-05
nounc,3.5770262736019245e-05
ragnar,3.5770262736019245e-05
forev,3.5770262736019245e-05
irish,3.5426317902019056e-05
propaganda,3.5426317902019056e-05
cathol,3.5426317902019056e-05
ingenu,3.5426317902019056e-05
protec,3.5426317902019056e-05
nos,3.5426317902019056e-05
henceforth,3.5426317902019056e-05
beet,3.5426317902019056e-05
responsi,3.5426317902019056e-05
solu,3.5426317902019056e-05
brunner,3.5426317902019056e-05
minimis,3.5426317902019056e-05
lari,3.5426317902019056e-05
unquestion,3.5426317902019056e-05
whichev,3.5426317902019056e-05
trast,3.5426317902019056e-05
matric,3.5082373068018874e-05
disclosur,3.5082373068018874e-05
stolper,3.5082373068018874e-05
seventeenth,3.5082373068018874e-05
stimuli,3.5082373068018874e-05
foremen,3.5082373068018874e-05
implaus,3.5082373068018874e-05
jamaica,3.5082373068018874e-05
prudent,3.5082373068018874e-05
nicb,3.5082373068018874e-05
golden,3.5082373068018874e-05
unawar,3.5082373068018874e-05
decept,3.5082373068018874e-05
quanti,3.5082373068018874e-05
unsound,3.5082373068018874e-05
immin,3.5082373068018874e-05
aliv,3.5082373068018874e-05
connot,3.5082373068018874e-05
wing,3.5082373068018874e-05
franci,3.5082373068018874e-05
colm,3.5082373068018874e-05
fortuit,3.5082373068018874e-05
obviat,3.5082373068018874e-05
qje,3.5082373068018874e-05
poll,3.5082373068018874e-05
undevelop,3.473842823401869e-05
arrest,3.473842823401869e-05
flourish,3.473842823401869e-05
anticycl,3.473842823401869e-05
xvii,3.473842823401869e-05
scholarship,3.473842823401869e-05
denni,3.473842823401869e-05
indonesia,3.473842823401869e-05
thailand,3.473842823401869e-05
distrust,3.473842823401869e-05
devalua,3.473842823401869e-05
patman,3.473842823401869e-05
phe,3.473842823401869e-05
koopman,3.473842823401869e-05
immobl,3.473842823401869e-05
leo,3.473842823401869e-05
god,3.473842823401869e-05
boycott,3.473842823401869e-05
carbon,3.473842823401869e-05
fleet,3.473842823401869e-05
urgenc,3.473842823401869e-05
rosta,3.473842823401869e-05
clarif,3.43944834000185e-05
mandat,3.43944834000185e-05
sepa,3.43944834000185e-05
evok,3.43944834000185e-05
reimburs,3.43944834000185e-05
proviso,3.43944834000185e-05
excit,3.43944834000185e-05
vitiat,3.43944834000185e-05
washer,3.43944834000185e-05
compensa,3.43944834000185e-05
fatal,3.43944834000185e-05
warehous,3.43944834000185e-05
outlaw,3.43944834000185e-05
thrust,3.43944834000185e-05
ular,3.43944834000185e-05
vert,3.43944834000185e-05
truman,3.43944834000185e-05
chees,3.43944834000185e-05
kindr,3.43944834000185e-05
incon,3.43944834000185e-05
weav,3.43944834000185e-05
lire,3.43944834000185e-05
vey,3.43944834000185e-05
intric,3.43944834000185e-05
disloc,3.43944834000185e-05
circumv,3.43944834000185e-05
benefitcost,3.43944834000185e-05
swamp,3.43944834000185e-05
tribun,3.43944834000185e-05
vivid,3.43944834000185e-05
disembodi,3.405053856601832e-05
rush,3.405053856601832e-05
senc,3.405053856601832e-05
superflu,3.405053856601832e-05
halv,3.405053856601832e-05
roger,3.405053856601832e-05
lancashir,3.405053856601832e-05
ogi,3.405053856601832e-05
contracycl,3.405053856601832e-05
rock,3.405053856601832e-05
thorp,3.405053856601832e-05
park,3.405053856601832e-05
tect,3.405053856601832e-05
incomeelast,3.405053856601832e-05
sistenc,3.405053856601832e-05
cmc,3.405053856601832e-05
ocean,3.405053856601832e-05
agrarian,3.405053856601832e-05
oliv,3.405053856601832e-05
ling,3.405053856601832e-05
fragmentari,3.405053856601832e-05
lect,3.405053856601832e-05
xxxv,3.405053856601832e-05
nonsens,3.405053856601832e-05
gressiv,3.405053856601832e-05
latinamerican,3.405053856601832e-05
chemist,3.405053856601832e-05
specula,3.405053856601832e-05
nonfood,3.405053856601832e-05
tropic,3.405053856601832e-05
brium,3.405053856601832e-05
stanley,3.405053856601832e-05
hist,3.405053856601832e-05
mat,3.405053856601832e-05
insecur,3.405053856601832e-05
ancient,3.405053856601832e-05
oversimplifi,3.405053856601832e-05
nra,3.405053856601832e-05
unsatisfi,3.370659373201813e-05
instinct,3.370659373201813e-05
founder,3.370659373201813e-05
indivis,3.370659373201813e-05
institutionalist,3.370659373201813e-05
catalogu,3.370659373201813e-05
coexist,3.370659373201813e-05
gray,3.370659373201813e-05
harcourt,3.370659373201813e-05
coupon,3.370659373201813e-05
fellowship,3.370659373201813e-05
selfevid,3.370659373201813e-05
shrinkag,3.370659373201813e-05
knit,3.370659373201813e-05
bela,3.370659373201813e-05
blow,3.370659373201813e-05
instant,3.370659373201813e-05
nationalincom,3.370659373201813e-05
leg,3.370659373201813e-05
litic,3.336264889801795e-05
inad,3.336264889801795e-05
premia,3.336264889801795e-05
nonproduct,3.336264889801795e-05
climb,3.336264889801795e-05
czechoslovak,3.336264889801795e-05
newcom,3.336264889801795e-05
empow,3.336264889801795e-05
greek,3.336264889801795e-05
hugh,3.336264889801795e-05
ulman,3.336264889801795e-05
fleme,3.336264889801795e-05
menger,3.336264889801795e-05
kuh,3.336264889801795e-05
tainti,3.336264889801795e-05
disequilibr,3.336264889801795e-05
gulf,3.336264889801795e-05
setup,3.336264889801795e-05
reich,3.336264889801795e-05
proj,3.336264889801795e-05
elev,3.336264889801795e-05
asian,3.336264889801795e-05
receivership,3.336264889801795e-05
surpass,3.336264889801795e-05
bother,3.336264889801795e-05
perish,3.301870406401776e-05
becker,3.301870406401776e-05
activi,3.301870406401776e-05
substitu,3.301870406401776e-05
unequivoc,3.301870406401776e-05
subdivid,3.301870406401776e-05
elector,3.301870406401776e-05
precondit,3.301870406401776e-05
tablish,3.301870406401776e-05
limita,3.301870406401776e-05
superimpos,3.301870406401776e-05
brace,3.301870406401776e-05
hydroelectr,3.301870406401776e-05
neverth,3.301870406401776e-05
crystal,3.301870406401776e-05
oneyear,3.301870406401776e-05
delin,3.301870406401776e-05
hawaii,3.301870406401776e-05
gari,3.301870406401776e-05
nep,3.301870406401776e-05
indulg,3.301870406401776e-05
equili,3.301870406401776e-05
confeder,3.301870406401776e-05
grower,3.301870406401776e-05
descend,3.301870406401776e-05
productiv,3.301870406401776e-05
roman,3.301870406401776e-05
underli,3.301870406401776e-05
reiter,3.267475923001758e-05
accumula,3.267475923001758e-05
delawar,3.267475923001758e-05
nontax,3.267475923001758e-05
patient,3.267475923001758e-05
harmon,3.267475923001758e-05
strat,3.267475923001758e-05
vestig,3.267475923001758e-05
highpow,3.267475923001758e-05
paus,3.267475923001758e-05
kantorovich,3.267475923001758e-05
lativ,3.267475923001758e-05
discipl,3.267475923001758e-05
subsidis,3.267475923001758e-05
ress,3.267475923001758e-05
husband,3.267475923001758e-05
lit,3.267475923001758e-05
compress,3.267475923001758e-05
sylvania,3.267475923001758e-05
meager,3.267475923001758e-05
delic,3.267475923001758e-05
porari,3.267475923001758e-05
misconcept,3.267475923001758e-05
irrespons,3.267475923001758e-05
hinshaw,3.267475923001758e-05
pretat,3.267475923001758e-05
prest,3.267475923001758e-05
commonplac,3.23308143960174e-05
legisla,3.23308143960174e-05
realign,3.23308143960174e-05
munist,3.23308143960174e-05
releg,3.23308143960174e-05
plement,3.23308143960174e-05
influx,3.23308143960174e-05
bernard,3.23308143960174e-05
intrigu,3.23308143960174e-05
cientli,3.23308143960174e-05
sharper,3.23308143960174e-05
babi,3.23308143960174e-05
educa,3.23308143960174e-05
plex,3.23308143960174e-05
unspecifi,3.23308143960174e-05
singer,3.23308143960174e-05
semiannu,3.23308143960174e-05
thumb,3.23308143960174e-05
carson,3.23308143960174e-05
lodg,3.23308143960174e-05
pricecost,3.23308143960174e-05
trigger,3.23308143960174e-05
rotat,3.23308143960174e-05
pop,3.23308143960174e-05
quantum,3.23308143960174e-05
tential,3.23308143960174e-05
listen,3.23308143960174e-05
vious,3.23308143960174e-05
fiction,3.198686956201721e-05
audit,3.198686956201721e-05
predatori,3.198686956201721e-05
por,3.198686956201721e-05
reid,3.198686956201721e-05
theater,3.198686956201721e-05
hopeless,3.198686956201721e-05
terist,3.198686956201721e-05
setback,3.198686956201721e-05
sun,3.198686956201721e-05
luxembourg,3.198686956201721e-05
cific,3.198686956201721e-05
meltzer,3.198686956201721e-05
balancesheet,3.198686956201721e-05
mose,3.198686956201721e-05
antiinfl,3.198686956201721e-05
caveat,3.198686956201721e-05
mother,3.198686956201721e-05
marxism,3.198686956201721e-05
infin,3.198686956201721e-05
investmentgood,3.198686956201721e-05
nection,3.198686956201721e-05
capitalgood,3.1642924728017026e-05
birmingham,3.1642924728017026e-05
interior,3.1642924728017026e-05
kenen,3.1642924728017026e-05
swell,3.1642924728017026e-05
tableau,3.1642924728017026e-05
mendershausen,3.1642924728017026e-05
nationalis,3.1642924728017026e-05
undertook,3.1642924728017026e-05
night,3.1642924728017026e-05
mueller,3.1642924728017026e-05
jute,3.1642924728017026e-05
adjac,3.1642924728017026e-05
resi,3.1642924728017026e-05
portun,3.1642924728017026e-05
xli,3.1642924728017026e-05
pate,3.1642924728017026e-05
duke,3.1642924728017026e-05
tinuous,3.1642924728017026e-05
rewritten,3.1642924728017026e-05
resumpt,3.1642924728017026e-05
cannan,3.1642924728017026e-05
mauric,3.1642924728017026e-05
vacuum,3.1642924728017026e-05
houghton,3.1642924728017026e-05
fetter,3.1642924728017026e-05
incr,3.1642924728017026e-05
exposur,3.1642924728017026e-05
expost,3.1642924728017026e-05
fascin,3.1642924728017026e-05
rawmateri,3.129897989401684e-05
fanci,3.129897989401684e-05
disprov,3.129897989401684e-05
eng,3.129897989401684e-05
indigen,3.129897989401684e-05
glad,3.129897989401684e-05
suranc,3.129897989401684e-05
recommenda,3.129897989401684e-05
favorit,3.129897989401684e-05
amplifi,3.129897989401684e-05
toric,3.129897989401684e-05
costless,3.129897989401684e-05
fectiv,3.129897989401684e-05
supra,3.129897989401684e-05
bean,3.129897989401684e-05
protract,3.129897989401684e-05
cane,3.129897989401684e-05
mcculloch,3.129897989401684e-05
cipal,3.129897989401684e-05
grip,3.129897989401684e-05
kilowatt,3.129897989401684e-05
herein,3.129897989401684e-05
disintegr,3.129897989401684e-05
dishoard,3.129897989401684e-05
heroic,3.129897989401684e-05
attitudin,3.129897989401684e-05
transporta,3.129897989401684e-05
cre,3.129897989401684e-05
fred,3.129897989401684e-05
onesixth,3.129897989401684e-05
unpleas,3.129897989401684e-05
bunch,3.129897989401684e-05
cornel,3.129897989401684e-05
fere,3.129897989401684e-05
legaci,3.129897989401684e-05
enrich,3.129897989401684e-05
partici,3.129897989401684e-05
inhabit,3.0955035060016655e-05
mulat,3.0955035060016655e-05
itc,3.0955035060016655e-05
jaszi,3.0955035060016655e-05
lon,3.0955035060016655e-05
wharton,3.0955035060016655e-05
seymour,3.0955035060016655e-05
qua,3.0955035060016655e-05
technologist,3.0955035060016655e-05
pipelin,3.0955035060016655e-05
hunt,3.0955035060016655e-05
ostens,3.0955035060016655e-05
mandatori,3.0955035060016655e-05
crash,3.0955035060016655e-05
lenin,3.0955035060016655e-05
thor,3.0955035060016655e-05
pricecut,3.0955035060016655e-05
flotat,3.0955035060016655e-05
postal,3.0955035060016655e-05
neumann,3.0955035060016655e-05
withheld,3.0955035060016655e-05
xxii,3.0955035060016655e-05
conscript,3.0955035060016655e-05
supp,3.0955035060016655e-05
taper,3.0955035060016655e-05
shister,3.0955035060016655e-05
socioeconom,3.0611090226016466e-05
dissolv,3.0611090226016466e-05
teamster,3.0611090226016466e-05
tripartit,3.0611090226016466e-05
ashley,3.0611090226016466e-05
commentari,3.0611090226016466e-05
drawback,3.0611090226016466e-05
erod,3.0611090226016466e-05
gottfri,3.0611090226016466e-05
investi,3.0611090226016466e-05
paish,3.0611090226016466e-05
compen,3.0611090226016466e-05
pecial,3.0611090226016466e-05
veal,3.0611090226016466e-05
sue,3.0611090226016466e-05
mak,3.0611090226016466e-05
sirabl,3.0611090226016466e-05
cumbersom,3.0611090226016466e-05
mundel,3.0611090226016466e-05
lindahl,3.0611090226016466e-05
conservat,3.0611090226016466e-05
homeproduc,3.0611090226016466e-05
guish,3.0611090226016466e-05
fullcost,3.0611090226016466e-05
empha,3.0611090226016466e-05
leeuw,3.0611090226016466e-05
restaur,3.0611090226016466e-05
entrepr,3.0611090226016466e-05
folio,3.0611090226016466e-05
anomali,3.0611090226016466e-05
murphi,3.0267145392016284e-05
petitor,3.0267145392016284e-05
autono,3.0267145392016284e-05
abso,3.0267145392016284e-05
eighth,3.0267145392016284e-05
specu,3.0267145392016284e-05
peril,3.0267145392016284e-05
fao,3.0267145392016284e-05
suf,3.0267145392016284e-05
nitrogen,3.0267145392016284e-05
unitari,3.0267145392016284e-05
datum,3.0267145392016284e-05
outputcapit,3.0267145392016284e-05
foolish,3.0267145392016284e-05
epoch,3.0267145392016284e-05
dilut,3.0267145392016284e-05
mold,3.0267145392016284e-05
intercountri,3.0267145392016284e-05
schumpeterian,3.0267145392016284e-05
allianc,3.0267145392016284e-05
stimu,3.0267145392016284e-05
gazett,3.0267145392016284e-05
illusori,3.0267145392016284e-05
petti,3.0267145392016284e-05
orbit,3.0267145392016284e-05
repatri,3.0267145392016284e-05
bidder,3.0267145392016284e-05
jection,3.0267145392016284e-05
hosieri,3.0267145392016284e-05
crosselast,3.0267145392016284e-05
expressli,3.0267145392016284e-05
distin,3.0267145392016284e-05
elus,3.0267145392016284e-05
quiet,3.0267145392016284e-05
nonmetal,3.0267145392016284e-05
shirt,3.0267145392016284e-05
flict,2.99232005580161e-05
multitud,2.99232005580161e-05
hobson,2.99232005580161e-05
burdensom,2.99232005580161e-05
brokerag,2.99232005580161e-05
liquor,2.99232005580161e-05
homo,2.99232005580161e-05
jeopard,2.99232005580161e-05
sown,2.99232005580161e-05
wellestablish,2.99232005580161e-05
industrialist,2.99232005580161e-05
encroach,2.99232005580161e-05
uneasi,2.99232005580161e-05
bench,2.99232005580161e-05
adjud,2.99232005580161e-05
hungarian,2.99232005580161e-05
sporad,2.99232005580161e-05
overdraft,2.99232005580161e-05
carpent,2.99232005580161e-05
franklin,2.99232005580161e-05
supplant,2.99232005580161e-05
troop,2.99232005580161e-05
ativ,2.99232005580161e-05
sential,2.99232005580161e-05
egalitarian,2.99232005580161e-05
mul,2.99232005580161e-05
supervisor,2.9579255724015913e-05
lute,2.9579255724015913e-05
lowwag,2.9579255724015913e-05
blur,2.9579255724015913e-05
reder,2.9579255724015913e-05
fdic,2.9579255724015913e-05
rein,2.9579255724015913e-05
unionist,2.9579255724015913e-05
semifinish,2.9579255724015913e-05
solomon,2.9579255724015913e-05
err,2.9579255724015913e-05
probe,2.9579255724015913e-05
attrit,2.9579255724015913e-05
harbor,2.9579255724015913e-05
hibit,2.9579255724015913e-05
gresham,2.9579255724015913e-05
atti,2.9579255724015913e-05
xxxiv,2.9579255724015913e-05
typescript,2.9579255724015913e-05
mexican,2.9579255724015913e-05
hahn,2.9579255724015913e-05
utilitarian,2.9579255724015913e-05
tinction,2.9579255724015913e-05
antebellum,2.9579255724015913e-05
sunk,2.9579255724015913e-05
perplex,2.9235310890015727e-05
invas,2.9235310890015727e-05
revolv,2.9235310890015727e-05
domi,2.9235310890015727e-05
ces,2.9235310890015727e-05
unalt,2.9235310890015727e-05
origi,2.9235310890015727e-05
anid,2.9235310890015727e-05
interrelated,2.9235310890015727e-05
xxiv,2.9235310890015727e-05
proclaim,2.9235310890015727e-05
spendabl,2.9235310890015727e-05
lab,2.9235310890015727e-05
nice,2.9235310890015727e-05
xxxiii,2.9235310890015727e-05
hitler,2.9235310890015727e-05
progr,2.9235310890015727e-05
discours,2.9235310890015727e-05
ican,2.9235310890015727e-05
vicious,2.9235310890015727e-05
imaginari,2.9235310890015727e-05
vienna,2.9235310890015727e-05
imprecis,2.9235310890015727e-05
unpaid,2.9235310890015727e-05
nullifi,2.9235310890015727e-05
endeavour,2.9235310890015727e-05
biographi,2.9235310890015727e-05
xxviii,2.9235310890015727e-05
tank,2.9235310890015727e-05
ooi,2.9235310890015727e-05
mediumterm,2.9235310890015727e-05
paasch,2.9235310890015727e-05
supersed,2.9235310890015727e-05
unwant,2.9235310890015727e-05
unhappi,2.9235310890015727e-05
schema,2.9235310890015727e-05
semiskil,2.9235310890015727e-05
discredit,2.8891366056015542e-05
scandinavian,2.8891366056015542e-05
spengler,2.8891366056015542e-05
lege,2.8891366056015542e-05
lxi,2.8891366056015542e-05
mag,2.8891366056015542e-05
fought,2.8891366056015542e-05
deputi,2.8891366056015542e-05
evsey,2.8891366056015542e-05
uncommon,2.8891366056015542e-05
screen,2.8891366056015542e-05
barley,2.8891366056015542e-05
dictum,2.8891366056015542e-05
immobil,2.8891366056015542e-05
accelera,2.8891366056015542e-05
suboptim,2.8891366056015542e-05
jewish,2.8891366056015542e-05
nathan,2.8891366056015542e-05
spur,2.8891366056015542e-05
wholes,2.8891366056015542e-05
captiv,2.8891366056015542e-05
decenni,2.8891366056015542e-05
peri,2.8891366056015542e-05
cil,2.8891366056015542e-05
devia,2.8891366056015542e-05
foremost,2.8891366056015542e-05
xxiii,2.8891366056015542e-05
misus,2.8891366056015542e-05
robinsonpatman,2.8891366056015542e-05
plead,2.8891366056015542e-05
dan,2.8891366056015542e-05
dict,2.8891366056015542e-05
printer,2.8891366056015542e-05
ulti,2.8891366056015542e-05
condens,2.8891366056015542e-05
delet,2.8891366056015542e-05
tinplat,2.8891366056015542e-05
midst,2.8891366056015542e-05
longest,2.854742122201536e-05
statisti,2.854742122201536e-05
nationalist,2.854742122201536e-05
mendat,2.854742122201536e-05
infring,2.854742122201536e-05
abbrevi,2.854742122201536e-05
subtot,2.854742122201536e-05
exc,2.854742122201536e-05
bauer,2.854742122201536e-05
grubel,2.854742122201536e-05
indexnumb,2.854742122201536e-05
contri,2.854742122201536e-05
preexist,2.854742122201536e-05
sidi,2.854742122201536e-05
vickrey,2.854742122201536e-05
xlv,2.854742122201536e-05
inflict,2.854742122201536e-05
tuation,2.854742122201536e-05
geolog,2.854742122201536e-05
sad,2.854742122201536e-05
impractic,2.854742122201536e-05
allo,2.854742122201536e-05
nondefens,2.854742122201536e-05
partic,2.854742122201536e-05
overshadow,2.854742122201536e-05
blank,2.854742122201536e-05
teenth,2.854742122201536e-05
pete,2.854742122201536e-05
determina,2.854742122201536e-05
oldfashion,2.8203476388015174e-05
georgescuroegen,2.8203476388015174e-05
abba,2.8203476388015174e-05
apprehens,2.8203476388015174e-05
lorenz,2.8203476388015174e-05
agit,2.8203476388015174e-05
noninflationari,2.8203476388015174e-05
cow,2.8203476388015174e-05
expedit,2.8203476388015174e-05
dot,2.8203476388015174e-05
erik,2.8203476388015174e-05
tom,2.8203476388015174e-05
cardin,2.8203476388015174e-05
bright,2.8203476388015174e-05
pleasant,2.8203476388015174e-05
acterist,2.8203476388015174e-05
xxv,2.8203476388015174e-05
threefold,2.8203476388015174e-05
ganiz,2.8203476388015174e-05
provi,2.8203476388015174e-05
aftermath,2.8203476388015174e-05
utmost,2.8203476388015174e-05
leland,2.8203476388015174e-05
ioooo,2.8203476388015174e-05
riefler,2.8203476388015174e-05
baseyear,2.8203476388015174e-05
pechman,2.8203476388015174e-05
standbi,2.8203476388015174e-05
acid,2.8203476388015174e-05
defla,2.8203476388015174e-05
dend,2.8203476388015174e-05
lefthand,2.8203476388015174e-05
elucid,2.8203476388015174e-05
giltedg,2.8203476388015174e-05
unforeseen,2.8203476388015174e-05
workshop,2.8203476388015174e-05
vault,2.8203476388015174e-05
nar,2.785953155401499e-05
dissemin,2.785953155401499e-05
expen,2.785953155401499e-05
gun,2.785953155401499e-05
nism,2.785953155401499e-05
ear,2.785953155401499e-05
dcs,2.785953155401499e-05
benefactor,2.785953155401499e-05
hemispher,2.785953155401499e-05
etari,2.785953155401499e-05
proce,2.785953155401499e-05
amus,2.785953155401499e-05
thread,2.785953155401499e-05
tar,2.785953155401499e-05
nigeria,2.785953155401499e-05
jack,2.785953155401499e-05
rel,2.785953155401499e-05
cpi,2.785953155401499e-05
gentl,2.785953155401499e-05
consti,2.785953155401499e-05
ana,2.785953155401499e-05
determi,2.785953155401499e-05
clair,2.785953155401499e-05
agglomer,2.785953155401499e-05
istrat,2.785953155401499e-05
maritim,2.785953155401499e-05
santa,2.785953155401499e-05
wrap,2.785953155401499e-05
append,2.785953155401499e-05
buttress,2.785953155401499e-05
risktak,2.785953155401499e-05
eccl,2.785953155401499e-05
accret,2.785953155401499e-05
putat,2.785953155401499e-05
breadth,2.785953155401499e-05
mountain,2.785953155401499e-05
nail,2.7515586720014803e-05
burton,2.7515586720014803e-05
antimonopoli,2.7515586720014803e-05
joel,2.7515586720014803e-05
ofpay,2.7515586720014803e-05
wouldb,2.7515586720014803e-05
mili,2.7515586720014803e-05
symmetri,2.7515586720014803e-05
guilder,2.7515586720014803e-05
isoqu,2.7515586720014803e-05
semant,2.7515586720014803e-05
hitch,2.7515586720014803e-05
equiva,2.7515586720014803e-05
yesterday,2.7515586720014803e-05
redefin,2.7515586720014803e-05
prete,2.7515586720014803e-05
berg,2.7515586720014803e-05
mosak,2.7515586720014803e-05
pas,2.7515586720014803e-05
beg,2.7515586720014803e-05
wild,2.7515586720014803e-05
divestitur,2.7515586720014803e-05
reappear,2.7515586720014803e-05
usher,2.7515586720014803e-05
formu,2.7515586720014803e-05
unregul,2.7515586720014803e-05
marginalist,2.7515586720014803e-05
cism,2.7515586720014803e-05
holm,2.7515586720014803e-05
monopo,2.7515586720014803e-05
singular,2.7515586720014803e-05
exportimport,2.7515586720014803e-05
rockefel,2.7515586720014803e-05
diction,2.7515586720014803e-05
guis,2.7515586720014803e-05
underlin,2.7515586720014803e-05
gional,2.7515586720014803e-05
tyre,2.7515586720014803e-05
onesid,2.7515586720014803e-05
pocket,2.7515586720014803e-05
invalu,2.7515586720014803e-05
clearanc,2.7515586720014803e-05
subset,2.7515586720014803e-05
quartil,2.7515586720014803e-05
fourfifth,2.7515586720014803e-05
matthew,2.7171641886014618e-05
dissatisfi,2.7171641886014618e-05
astonish,2.7171641886014618e-05
mts,2.7171641886014618e-05
safer,2.7171641886014618e-05
patriot,2.7171641886014618e-05
compl,2.7171641886014618e-05
allud,2.7171641886014618e-05
bacon,2.7171641886014618e-05
savingsinvest,2.7171641886014618e-05
ambit,2.7171641886014618e-05
slaveri,2.7171641886014618e-05
devast,2.7171641886014618e-05
onset,2.7171641886014618e-05
actuari,2.7171641886014618e-05
individualist,2.7171641886014618e-05
heighten,2.7171641886014618e-05
allan,2.7171641886014618e-05
oth,2.7171641886014618e-05
walk,2.7171641886014618e-05
fenc,2.7171641886014618e-05
selffinanc,2.7171641886014618e-05
xliv,2.7171641886014618e-05
cogent,2.7171641886014618e-05
perkin,2.7171641886014618e-05
bomber,2.7171641886014618e-05
undergradu,2.7171641886014618e-05
feudal,2.7171641886014618e-05
compendium,2.7171641886014618e-05
tensiv,2.7171641886014618e-05
habitu,2.7171641886014618e-05
airlin,2.7171641886014618e-05
magic,2.7171641886014618e-05
highlevel,2.7171641886014618e-05
interbank,2.7171641886014618e-05
highwag,2.7171641886014618e-05
ride,2.7171641886014618e-05
expansionist,2.7171641886014618e-05
midyear,2.7171641886014618e-05
connecticut,2.7171641886014618e-05
breed,2.7171641886014618e-05
hicksian,2.7171641886014618e-05
bulgarian,2.7171641886014618e-05
monitor,2.7171641886014618e-05
cessiv,2.6827697052014432e-05
diver,2.6827697052014432e-05
seat,2.6827697052014432e-05
effectu,2.6827697052014432e-05
neal,2.6827697052014432e-05
vertibl,2.6827697052014432e-05
wolf,2.6827697052014432e-05
intraregion,2.6827697052014432e-05
theodor,2.6827697052014432e-05
kill,2.6827697052014432e-05
tune,2.6827697052014432e-05
thoroughgo,2.6827697052014432e-05
lucid,2.6827697052014432e-05
discrimi,2.6827697052014432e-05
recomput,2.6827697052014432e-05
pride,2.6827697052014432e-05
iran,2.6827697052014432e-05
bate,2.6827697052014432e-05
disincent,2.6827697052014432e-05
celer,2.6827697052014432e-05
bypass,2.6827697052014432e-05
och,2.6827697052014432e-05
contra,2.6827697052014432e-05
impel,2.6827697052014432e-05
redirect,2.6827697052014432e-05
flatter,2.6827697052014432e-05
license,2.6827697052014432e-05
turbanc,2.6827697052014432e-05
orcutt,2.6827697052014432e-05
franco,2.6827697052014432e-05
mankind,2.6827697052014432e-05
iowa,2.6827697052014432e-05
nition,2.6827697052014432e-05
sayer,2.6827697052014432e-05
chronicl,2.6827697052014432e-05
diagon,2.6827697052014432e-05
sire,2.6827697052014432e-05
gallon,2.6827697052014432e-05
dark,2.6827697052014432e-05
holiday,2.6827697052014432e-05
lationship,2.6827697052014432e-05
torren,2.6827697052014432e-05
turner,2.6827697052014432e-05
inst,2.6827697052014432e-05
recalcul,2.6827697052014432e-05
kapit,2.6827697052014432e-05
underconsumpt,2.6827697052014432e-05
interconnect,2.6827697052014432e-05
lxv,2.6827697052014432e-05
val,2.6827697052014432e-05
mansfield,2.6827697052014432e-05
taxfre,2.6827697052014432e-05
corrobor,2.6827697052014432e-05
kaysen,2.6827697052014432e-05
higgin,2.6827697052014432e-05
bli,2.6483752218014247e-05
passion,2.6483752218014247e-05
levin,2.6483752218014247e-05
obey,2.6483752218014247e-05
smelt,2.6483752218014247e-05
decay,2.6483752218014247e-05
blend,2.6483752218014247e-05
nlrb,2.6483752218014247e-05
chandler,2.6483752218014247e-05
savingincom,2.6483752218014247e-05
boss,2.6483752218014247e-05
detract,2.6483752218014247e-05
longman,2.6483752218014247e-05
brownle,2.6483752218014247e-05
burst,2.6483752218014247e-05
harsh,2.6483752218014247e-05
ledger,2.6483752218014247e-05
pave,2.6483752218014247e-05
lira,2.6483752218014247e-05
twentyon,2.6483752218014247e-05
reopen,2.6483752218014247e-05
rescu,2.6483752218014247e-05
christian,2.6483752218014247e-05
fictiti,2.6483752218014247e-05
mecha,2.6483752218014247e-05
totalitarian,2.6483752218014247e-05
finnish,2.6483752218014247e-05
longliv,2.6483752218014247e-05
ruin,2.6483752218014247e-05
fixtur,2.6483752218014247e-05
lxvii,2.6483752218014247e-05
nove,2.6483752218014247e-05
reminisc,2.6483752218014247e-05
timelag,2.6483752218014247e-05
pour,2.6483752218014247e-05
traceabl,2.6483752218014247e-05
contour,2.6483752218014247e-05
highgrad,2.6483752218014247e-05
breach,2.6483752218014247e-05
oshima,2.6483752218014247e-05
stuff,2.6483752218014247e-05
spoken,2.6483752218014247e-05
atomist,2.6483752218014247e-05
terpris,2.6483752218014247e-05
bradi,2.6483752218014247e-05
newcomb,2.6483752218014247e-05
sonabl,2.6483752218014247e-05
dard,2.6483752218014247e-05
milder,2.6483752218014247e-05
fullest,2.6483752218014247e-05
commonsens,2.6139807384014065e-05
mirror,2.6139807384014065e-05
amaz,2.6139807384014065e-05
walrass,2.6139807384014065e-05
otto,2.6139807384014065e-05
stateloc,2.6139807384014065e-05
lebergott,2.6139807384014065e-05
heir,2.6139807384014065e-05
tember,2.6139807384014065e-05
chine,2.6139807384014065e-05
assoc,2.6139807384014065e-05
inner,2.6139807384014065e-05
goldberg,2.6139807384014065e-05
welldefin,2.6139807384014065e-05
forbidden,2.6139807384014065e-05
craftsmen,2.6139807384014065e-05
productmix,2.6139807384014065e-05
standardis,2.6139807384014065e-05
importsubstitut,2.6139807384014065e-05
demo,2.6139807384014065e-05
mote,2.6139807384014065e-05
unclear,2.6139807384014065e-05
imparti,2.6139807384014065e-05
hang,2.6139807384014065e-05
indiscrimin,2.6139807384014065e-05
licenc,2.6139807384014065e-05
weston,2.6139807384014065e-05
sew,2.6139807384014065e-05
thinker,2.6139807384014065e-05
heretofor,2.6139807384014065e-05
tucker,2.6139807384014065e-05
lindbeck,2.6139807384014065e-05
lvi,2.6139807384014065e-05
exhort,2.6139807384014065e-05
incumb,2.6139807384014065e-05
whitecollar,2.6139807384014065e-05
flexi,2.6139807384014065e-05
chi,2.6139807384014065e-05
assimil,2.6139807384014065e-05
heritag,2.6139807384014065e-05
impati,2.6139807384014065e-05
lander,2.6139807384014065e-05
humphrey,2.6139807384014065e-05
thetic,2.6139807384014065e-05
transi,2.6139807384014065e-05
latent,2.6139807384014065e-05
fha,2.579586255001388e-05
tiat,2.579586255001388e-05
disabl,2.579586255001388e-05
unqualifi,2.579586255001388e-05
anybodi,2.579586255001388e-05
consumergood,2.579586255001388e-05
bonn,2.579586255001388e-05
gustav,2.579586255001388e-05
tan,2.579586255001388e-05
friedrich,2.579586255001388e-05
edinburgh,2.579586255001388e-05
occa,2.579586255001388e-05
trip,2.579586255001388e-05
nixon,2.579586255001388e-05
proposi,2.579586255001388e-05
irrevers,2.579586255001388e-05
autocrat,2.579586255001388e-05
peat,2.579586255001388e-05
wake,2.579586255001388e-05
nichol,2.579586255001388e-05
aaa,2.579586255001388e-05
operat,2.579586255001388e-05
align,2.579586255001388e-05
asymmetr,2.579586255001388e-05
bessem,2.579586255001388e-05
comprehend,2.579586255001388e-05
cloud,2.579586255001388e-05
soviettyp,2.579586255001388e-05
roundabout,2.579586255001388e-05
quantita,2.579586255001388e-05
mathematician,2.579586255001388e-05
intrabloc,2.579586255001388e-05
avow,2.579586255001388e-05
clarendon,2.579586255001388e-05
vain,2.579586255001388e-05
unmistak,2.579586255001388e-05
shutdown,2.579586255001388e-05
vicepresid,2.579586255001388e-05
luck,2.579586255001388e-05
prehens,2.579586255001388e-05
cigar,2.579586255001388e-05
communal,2.579586255001388e-05
curri,2.579586255001388e-05
patente,2.5451917716013694e-05
composi,2.5451917716013694e-05
diagrammat,2.5451917716013694e-05
careless,2.5451917716013694e-05
icc,2.5451917716013694e-05
banknot,2.5451917716013694e-05
disentangl,2.5451917716013694e-05
princi,2.5451917716013694e-05
clash,2.5451917716013694e-05
hardi,2.5451917716013694e-05
uncondit,2.5451917716013694e-05
misl,2.5451917716013694e-05
timat,2.5451917716013694e-05
oak,2.5451917716013694e-05
newton,2.5451917716013694e-05
wildcat,2.5451917716013694e-05
appr,2.5451917716013694e-05
pendenc,2.5451917716013694e-05
sargent,2.5451917716013694e-05
clapham,2.5451917716013694e-05
inapplic,2.5451917716013694e-05
lxii,2.5451917716013694e-05
deutscher,2.5451917716013694e-05
pilot,2.5451917716013694e-05
mariz,2.5451917716013694e-05
myth,2.5451917716013694e-05
syndic,2.5451917716013694e-05
heller,2.5451917716013694e-05
englewood,2.5451917716013694e-05
withstand,2.5451917716013694e-05
exp,2.5451917716013694e-05
overfulfil,2.5451917716013694e-05
reddaway,2.5451917716013694e-05
vestor,2.5451917716013694e-05
ridicul,2.5451917716013694e-05
plish,2.5451917716013694e-05
unpopular,2.5451917716013694e-05
cide,2.5451917716013694e-05
viabil,2.5451917716013694e-05
vernon,2.5451917716013694e-05
krueger,2.5451917716013694e-05
riskless,2.5451917716013694e-05
leibenstein,2.5451917716013694e-05
bolster,2.5107972882013508e-05
levinson,2.5107972882013508e-05
neg,2.5107972882013508e-05
prenticehal,2.5107972882013508e-05
mise,2.5107972882013508e-05
layoff,2.5107972882013508e-05
rca,2.5107972882013508e-05
goldenweis,2.5107972882013508e-05
numerair,2.5107972882013508e-05
viet,2.5107972882013508e-05
baker,2.5107972882013508e-05
xxxi,2.5107972882013508e-05
nonconsumpt,2.5107972882013508e-05
writeoff,2.5107972882013508e-05
cadr,2.5107972882013508e-05
compr,2.5107972882013508e-05
rye,2.5107972882013508e-05
labori,2.5107972882013508e-05
workweek,2.5107972882013508e-05
instructor,2.5107972882013508e-05
undergon,2.5107972882013508e-05
ine,2.5107972882013508e-05
ebb,2.5107972882013508e-05
tenabl,2.5107972882013508e-05
airfram,2.5107972882013508e-05
dow,2.5107972882013508e-05
pivot,2.5107972882013508e-05
impract,2.5107972882013508e-05
headquart,2.5107972882013508e-05
phasiz,2.5107972882013508e-05
sor,2.5107972882013508e-05
rhode,2.5107972882013508e-05
fiduciari,2.5107972882013508e-05
southwest,2.5107972882013508e-05
unresolv,2.5107972882013508e-05
distinc,2.5107972882013508e-05
redi,2.5107972882013508e-05
processor,2.5107972882013508e-05
utiliza,2.5107972882013508e-05
lee,2.5107972882013508e-05
ghana,2.5107972882013508e-05
secreci,2.5107972882013508e-05
ini,2.5107972882013508e-05
crepanc,2.5107972882013508e-05
coopera,2.5107972882013508e-05
perenni,2.5107972882013508e-05
exten,2.5107972882013508e-05
pasinetti,2.5107972882013508e-05
economywid,2.4764028048013323e-05
balkan,2.4764028048013323e-05
hunter,2.4764028048013323e-05
xlix,2.4764028048013323e-05
greenback,2.4764028048013323e-05
piecem,2.4764028048013323e-05
strument,2.4764028048013323e-05
dig,2.4764028048013323e-05
vinc,2.4764028048013323e-05
lever,2.4764028048013323e-05
disarma,2.4764028048013323e-05
kilogram,2.4764028048013323e-05
reed,2.4764028048013323e-05
maddison,2.4764028048013323e-05
infrastructur,2.4764028048013323e-05
ficienc,2.4764028048013323e-05
tear,2.4764028048013323e-05
honour,2.4764028048013323e-05
ackley,2.4764028048013323e-05
obvi,2.4764028048013323e-05
soul,2.4764028048013323e-05
classifica,2.4764028048013323e-05
cobweb,2.4764028048013323e-05
spender,2.4764028048013323e-05
claimant,2.4764028048013323e-05
ordnanc,2.4764028048013323e-05
planovo,2.4764028048013323e-05
midi,2.4764028048013323e-05
housebuild,2.4764028048013323e-05
proprietorship,2.4764028048013323e-05
nnp,2.4764028048013323e-05
discont,2.4764028048013323e-05
fuse,2.4764028048013323e-05
profil,2.4764028048013323e-05
xliii,2.4764028048013323e-05
ite,2.4764028048013323e-05
steer,2.4764028048013323e-05
oversimplif,2.4764028048013323e-05
copeland,2.4764028048013323e-05
vein,2.4764028048013323e-05
wassili,2.4764028048013323e-05
sincer,2.4764028048013323e-05
memoranda,2.4764028048013323e-05
tenet,2.4764028048013323e-05
firstord,2.4764028048013323e-05
innoc,2.4764028048013323e-05
execu,2.4764028048013323e-05
nutrit,2.4764028048013323e-05
endproduct,2.4764028048013323e-05
wheel,2.4764028048013323e-05
hole,2.4764028048013323e-05
morn,2.4764028048013323e-05
primaryproduc,2.4764028048013323e-05
turi,2.4764028048013323e-05
alongsid,2.4764028048013323e-05
napoleon,2.4764028048013323e-05
trys,2.4764028048013323e-05
morton,2.4764028048013323e-05
unrest,2.4764028048013323e-05
halfyear,2.4764028048013323e-05
collar,2.4420083214013137e-05
impend,2.4420083214013137e-05
digress,2.4420083214013137e-05
myer,2.4420083214013137e-05
ule,2.4420083214013137e-05
decompos,2.4420083214013137e-05
cutleri,2.4420083214013137e-05
dential,2.4420083214013137e-05
dupont,2.4420083214013137e-05
provoc,2.4420083214013137e-05
ridg,2.4420083214013137e-05
haavelmo,2.4420083214013137e-05
eve,2.4420083214013137e-05
rhetor,2.4420083214013137e-05
subcategori,2.4420083214013137e-05
sam,2.4420083214013137e-05
solvenc,2.4420083214013137e-05
scanti,2.4420083214013137e-05
pyramid,2.4420083214013137e-05
latitud,2.4420083214013137e-05
twist,2.4420083214013137e-05
gardner,2.4420083214013137e-05
erenc,2.4420083214013137e-05
cater,2.4420083214013137e-05
counterbalanc,2.4420083214013137e-05
incipi,2.4420083214013137e-05
arbi,2.4420083214013137e-05
tidskrift,2.4420083214013137e-05
ver,2.4420083214013137e-05
beat,2.4420083214013137e-05
ficial,2.4420083214013137e-05
wageunit,2.4420083214013137e-05
antici,2.4420083214013137e-05
mort,2.407613838001295e-05
inten,2.407613838001295e-05
player,2.407613838001295e-05
dip,2.407613838001295e-05
silent,2.407613838001295e-05
oral,2.407613838001295e-05
hypo,2.407613838001295e-05
grebler,2.407613838001295e-05
lowel,2.407613838001295e-05
terpret,2.407613838001295e-05
consecut,2.407613838001295e-05
sched,2.407613838001295e-05
ibl,2.407613838001295e-05
modi,2.407613838001295e-05
prolifer,2.407613838001295e-05
accu,2.407613838001295e-05
jerusalem,2.407613838001295e-05
entrench,2.407613838001295e-05
perma,2.407613838001295e-05
blakiston,2.407613838001295e-05
deploy,2.407613838001295e-05
loosen,2.407613838001295e-05
inci,2.407613838001295e-05
blackwel,2.407613838001295e-05
harvey,2.407613838001295e-05
oscar,2.407613838001295e-05
surmis,2.407613838001295e-05
troduc,2.407613838001295e-05
bufferstock,2.407613838001295e-05
costplus,2.407613838001295e-05
autocorrel,2.407613838001295e-05
outpay,2.407613838001295e-05
unfinish,2.407613838001295e-05
northeast,2.407613838001295e-05
stewart,2.407613838001295e-05
turer,2.407613838001295e-05
refinanc,2.407613838001295e-05
hood,2.407613838001295e-05
innumer,2.407613838001295e-05
expel,2.407613838001295e-05
laundri,2.407613838001295e-05
reced,2.407613838001295e-05
louisiana,2.407613838001295e-05
docu,2.407613838001295e-05
rear,2.407613838001295e-05
trine,2.407613838001295e-05
dwindl,2.407613838001295e-05
lxiv,2.407613838001295e-05
aus,2.407613838001295e-05
xlii,2.407613838001295e-05
occu,2.407613838001295e-05
plywood,2.407613838001295e-05
unconsci,2.407613838001295e-05
trinidad,2.407613838001295e-05
villard,2.407613838001295e-05
granick,2.407613838001295e-05
genc,2.407613838001295e-05
apport,2.407613838001295e-05
mckinnon,2.407613838001295e-05
fession,2.373219354601277e-05
nonelectr,2.373219354601277e-05
undeni,2.373219354601277e-05
institution,2.373219354601277e-05
streeten,2.373219354601277e-05
fin,2.373219354601277e-05
testabl,2.373219354601277e-05
biograph,2.373219354601277e-05
gion,2.373219354601277e-05
warm,2.373219354601277e-05
bert,2.373219354601277e-05
codetermin,2.373219354601277e-05
rumor,2.373219354601277e-05
evolutionari,2.373219354601277e-05
classroom,2.373219354601277e-05
noncommunist,2.373219354601277e-05
miracl,2.373219354601277e-05
investiga,2.373219354601277e-05
hutchison,2.373219354601277e-05
boot,2.373219354601277e-05
fri,2.373219354601277e-05
buoyant,2.373219354601277e-05
rumania,2.373219354601277e-05
biddl,2.373219354601277e-05
annex,2.373219354601277e-05
fiat,2.373219354601277e-05
hartford,2.373219354601277e-05
eca,2.373219354601277e-05
sproul,2.373219354601277e-05
satisfac,2.373219354601277e-05
cursori,2.373219354601277e-05
ted,2.373219354601277e-05
noncompet,2.373219354601277e-05
problemat,2.373219354601277e-05
panama,2.373219354601277e-05
temat,2.373219354601277e-05
promulg,2.373219354601277e-05
somer,2.373219354601277e-05
tort,2.373219354601277e-05
lanzillotti,2.373219354601277e-05
finer,2.373219354601277e-05
endless,2.373219354601277e-05
indeterminaci,2.373219354601277e-05
artist,2.373219354601277e-05
dedic,2.3388248712012584e-05
distil,2.3388248712012584e-05
livingston,2.3388248712012584e-05
grantsinaid,2.3388248712012584e-05
northwestern,2.3388248712012584e-05
garden,2.3388248712012584e-05
xlvi,2.3388248712012584e-05
upshot,2.3388248712012584e-05
brit,2.3388248712012584e-05
invad,2.3388248712012584e-05
recycl,2.3388248712012584e-05
clock,2.3388248712012584e-05
misgiv,2.3388248712012584e-05
jth,2.3388248712012584e-05
fruition,2.3388248712012584e-05
kuenn,2.3388248712012584e-05
princ,2.3388248712012584e-05
sixteenth,2.3388248712012584e-05
evit,2.3388248712012584e-05
carver,2.3388248712012584e-05
sugg,2.3388248712012584e-05
reign,2.3388248712012584e-05
victor,2.3388248712012584e-05
devoid,2.3388248712012584e-05
christ,2.3388248712012584e-05
tomer,2.3388248712012584e-05
ballot,2.3388248712012584e-05
trick,2.3388248712012584e-05
delhi,2.3388248712012584e-05
peasantri,2.3388248712012584e-05
extinguish,2.3388248712012584e-05
expropri,2.3388248712012584e-05
fromm,2.3388248712012584e-05
lure,2.3388248712012584e-05
overproduct,2.3388248712012584e-05
decim,2.3388248712012584e-05
sceptic,2.3388248712012584e-05
offshor,2.3388248712012584e-05
situ,2.3388248712012584e-05
antidump,2.3388248712012584e-05
lac,2.3388248712012584e-05
injustic,2.3388248712012584e-05
abort,2.3388248712012584e-05
phenom,2.30443038780124e-05
queri,2.30443038780124e-05
barber,2.30443038780124e-05
nonpecuniari,2.30443038780124e-05
fidenc,2.30443038780124e-05
reapprais,2.30443038780124e-05
signatori,2.30443038780124e-05
trait,2.30443038780124e-05
shell,2.30443038780124e-05
acquiesc,2.30443038780124e-05
stubborn,2.30443038780124e-05
interestelast,2.30443038780124e-05
demandpul,2.30443038780124e-05
cratic,2.30443038780124e-05
undercut,2.30443038780124e-05
thwart,2.30443038780124e-05
arena,2.30443038780124e-05
dock,2.30443038780124e-05
anteced,2.30443038780124e-05
compact,2.30443038780124e-05
steelmak,2.30443038780124e-05
belt,2.30443038780124e-05
diet,2.30443038780124e-05
norwegian,2.30443038780124e-05
edu,2.30443038780124e-05
agen,2.30443038780124e-05
chs,2.30443038780124e-05
impl,2.30443038780124e-05
pref,2.30443038780124e-05
fluid,2.30443038780124e-05
classicist,2.30443038780124e-05
vendor,2.30443038780124e-05
wedg,2.30443038780124e-05
trativ,2.30443038780124e-05
cli,2.30443038780124e-05
ref,2.30443038780124e-05
denounc,2.2700359044012213e-05
oat,2.2700359044012213e-05
fortiori,2.2700359044012213e-05
pauciti,2.2700359044012213e-05
lix,2.2700359044012213e-05
wive,2.2700359044012213e-05
espous,2.2700359044012213e-05
thie,2.2700359044012213e-05
extran,2.2700359044012213e-05
monument,2.2700359044012213e-05
impot,2.2700359044012213e-05
abound,2.2700359044012213e-05
indica,2.2700359044012213e-05
gale,2.2700359044012213e-05
commu,2.2700359044012213e-05
junior,2.2700359044012213e-05
ruralurban,2.2700359044012213e-05
savinginvest,2.2700359044012213e-05
durand,2.2700359044012213e-05
niti,2.2700359044012213e-05
pie,2.2700359044012213e-05
scription,2.2700359044012213e-05
pearl,2.2700359044012213e-05
iraq,2.2700359044012213e-05
consumptionincom,2.2700359044012213e-05
strata,2.2700359044012213e-05
cogniz,2.2700359044012213e-05
lxxi,2.2700359044012213e-05
arrear,2.2700359044012213e-05
multiproduct,2.2700359044012213e-05
maint,2.2700359044012213e-05
threemonth,2.2700359044012213e-05
metallurgi,2.2700359044012213e-05
knut,2.2700359044012213e-05
geoffrey,2.2700359044012213e-05
exclu,2.2700359044012213e-05
ivori,2.2700359044012213e-05
ceivabl,2.2700359044012213e-05
intermitt,2.2700359044012213e-05
rection,2.2700359044012213e-05
incomeexpenditur,2.2700359044012213e-05
therefrom,2.2700359044012213e-05
lii,2.2700359044012213e-05
plung,2.2700359044012213e-05
decontrol,2.2700359044012213e-05
lxvi,2.2700359044012213e-05
integra,2.2700359044012213e-05
nie,2.2700359044012213e-05
ntbs,2.2700359044012213e-05
ruggl,2.2700359044012213e-05
tangent,2.2700359044012213e-05
heckscherohlin,2.2700359044012213e-05
reloc,2.2356414210012027e-05
concav,2.2356414210012027e-05
subsum,2.2356414210012027e-05
vocat,2.2356414210012027e-05
minneapoli,2.2356414210012027e-05
unrequit,2.2356414210012027e-05
decumul,2.2356414210012027e-05
intercorrel,2.2356414210012027e-05
cave,2.2356414210012027e-05
cort,2.2356414210012027e-05
cyc,2.2356414210012027e-05
champion,2.2356414210012027e-05
kurihara,2.2356414210012027e-05
reactor,2.2356414210012027e-05
connec,2.2356414210012027e-05
yond,2.2356414210012027e-05
alib,2.2356414210012027e-05
wald,2.2356414210012027e-05
dun,2.2356414210012027e-05
configur,2.2356414210012027e-05
ruthless,2.2356414210012027e-05
pupil,2.2356414210012027e-05
sociologist,2.2356414210012027e-05
skin,2.2356414210012027e-05
disap,2.2356414210012027e-05
worthless,2.2356414210012027e-05
intensif,2.2356414210012027e-05
strate,2.2356414210012027e-05
quali,2.2356414210012027e-05
mood,2.2356414210012027e-05
axe,2.2356414210012027e-05
criminatori,2.2356414210012027e-05
gratuit,2.2356414210012027e-05
pin,2.2356414210012027e-05
surveil,2.2356414210012027e-05
iia,2.2356414210012027e-05
nonfeder,2.2356414210012027e-05
whiski,2.2356414210012027e-05
giffen,2.2356414210012027e-05
dispel,2.2356414210012027e-05
firemen,2.2356414210012027e-05
carryov,2.2356414210012027e-05
inmat,2.2356414210012027e-05
poultri,2.2356414210012027e-05
desk,2.2356414210012027e-05
ster,2.2356414210012027e-05
phasi,2.2356414210012027e-05
fouryear,2.2356414210012027e-05
moneymarket,2.2356414210012027e-05
incept,2.2356414210012027e-05
weaver,2.2356414210012027e-05
foreigntrad,2.2012469376011842e-05
aforement,2.2012469376011842e-05
machinebuild,2.2012469376011842e-05
belat,2.2012469376011842e-05
mpc,2.2012469376011842e-05
volumin,2.2012469376011842e-05
ham,2.2012469376011842e-05
eurodollar,2.2012469376011842e-05
hensiv,2.2012469376011842e-05
lumpsum,2.2012469376011842e-05
doom,2.2012469376011842e-05
nearmoney,2.2012469376011842e-05
geneous,2.2012469376011842e-05
banco,2.2012469376011842e-05
eisenhow,2.2012469376011842e-05
neer,2.2012469376011842e-05
thou,2.2012469376011842e-05
spoil,2.2012469376011842e-05
penc,2.2012469376011842e-05
sharpen,2.2012469376011842e-05
harroddomar,2.2012469376011842e-05
somebodi,2.2012469376011842e-05
att,2.2012469376011842e-05
wickste,2.2012469376011842e-05
xlvii,2.2012469376011842e-05
tantamount,2.2012469376011842e-05
grad,2.2012469376011842e-05
ekonomisk,2.2012469376011842e-05
decem,2.2012469376011842e-05
rainwat,2.2012469376011842e-05
nego,2.2012469376011842e-05
neisser,2.2012469376011842e-05
pit,2.2012469376011842e-05
nue,2.2012469376011842e-05
crux,2.2012469376011842e-05
vaccara,2.2012469376011842e-05
fourdigit,2.2012469376011842e-05
aflcio,2.2012469376011842e-05
unconvinc,2.2012469376011842e-05
beforetax,2.2012469376011842e-05
kelley,2.2012469376011842e-05
dewhurst,2.2012469376011842e-05
beset,2.2012469376011842e-05
nours,2.2012469376011842e-05
slide,2.2012469376011842e-05
entrust,2.2012469376011842e-05
remit,2.2012469376011842e-05
refuge,2.2012469376011842e-05
intract,2.2012469376011842e-05
partisan,2.2012469376011842e-05
attenu,2.2012469376011842e-05
vine,2.2012469376011842e-05
ufactur,2.2012469376011842e-05
bership,2.2012469376011842e-05
sequenti,2.2012469376011842e-05
caprici,2.2012469376011842e-05
blanket,2.2012469376011842e-05
statistiqu,2.2012469376011842e-05
cember,2.2012469376011842e-05
nitud,2.2012469376011842e-05
revisit,2.2012469376011842e-05
ezekiel,2.2012469376011842e-05
mercantilist,2.2012469376011842e-05
lxiii,2.1668524542011656e-05
mann,2.1668524542011656e-05
yeager,2.1668524542011656e-05
unoffici,2.1668524542011656e-05
submarket,2.1668524542011656e-05
gini,2.1668524542011656e-05
manifold,2.1668524542011656e-05
disciplinari,2.1668524542011656e-05
rap,2.1668524542011656e-05
tegrat,2.1668524542011656e-05
duli,2.1668524542011656e-05
twofifth,2.1668524542011656e-05
sym,2.1668524542011656e-05
sohmen,2.1668524542011656e-05
tific,2.1668524542011656e-05
salesmen,2.1668524542011656e-05
nonessenti,2.1668524542011656e-05
turningpoint,2.1668524542011656e-05
bailey,2.1668524542011656e-05
relinquish,2.1668524542011656e-05
chaotic,2.1668524542011656e-05
dispatch,2.1668524542011656e-05
shanghai,2.1668524542011656e-05
arab,2.1668524542011656e-05
soar,2.1668524542011656e-05
sober,2.1668524542011656e-05
negotia,2.1668524542011656e-05
circumscrib,2.1668524542011656e-05
neo,2.1668524542011656e-05
mishan,2.1668524542011656e-05
mech,2.1668524542011656e-05
unbias,2.1668524542011656e-05
preconcept,2.1668524542011656e-05
carnegi,2.1668524542011656e-05
propen,2.1668524542011656e-05
taxexempt,2.1668524542011656e-05
bea,2.1668524542011656e-05
ibrd,2.1668524542011656e-05
mac,2.1668524542011656e-05
dillon,2.1668524542011656e-05
truism,2.1668524542011656e-05
extravag,2.1668524542011656e-05
queue,2.1668524542011656e-05
depositori,2.1668524542011656e-05
complish,2.1668524542011656e-05
ceipt,2.1668524542011656e-05
energet,2.1668524542011656e-05
inconceiv,2.1668524542011656e-05
clearest,2.1668524542011656e-05
forum,2.1668524542011656e-05
intak,2.1668524542011656e-05
exig,2.1668524542011656e-05
erabl,2.1668524542011656e-05
prudenc,2.1668524542011656e-05
dream,2.1668524542011656e-05
eclect,2.1668524542011656e-05
decomposit,2.1668524542011656e-05
anxieti,2.1668524542011656e-05
labourintens,2.1668524542011656e-05
havana,2.1668524542011656e-05
horner,2.1668524542011656e-05
offend,2.1668524542011656e-05
manent,2.1668524542011656e-05
modal,2.1668524542011656e-05
writ,2.1668524542011656e-05
dim,2.1668524542011656e-05
carryback,2.132457970801147e-05
bake,2.132457970801147e-05
cantillon,2.132457970801147e-05
dye,2.132457970801147e-05
inroad,2.132457970801147e-05
ninth,2.132457970801147e-05
reequip,2.132457970801147e-05
idem,2.132457970801147e-05
bow,2.132457970801147e-05
basevi,2.132457970801147e-05
trademark,2.132457970801147e-05
entireti,2.132457970801147e-05
butler,2.132457970801147e-05
bay,2.132457970801147e-05
posttax,2.132457970801147e-05
curr,2.132457970801147e-05
dod,2.132457970801147e-05
amelior,2.132457970801147e-05
valv,2.132457970801147e-05
savingsincom,2.132457970801147e-05
easterlin,2.132457970801147e-05
quadrant,2.132457970801147e-05
actor,2.132457970801147e-05
secu,2.132457970801147e-05
novat,2.132457970801147e-05
midpoint,2.132457970801147e-05
troversi,2.132457970801147e-05
fastest,2.132457970801147e-05
leonard,2.132457970801147e-05
ditur,2.132457970801147e-05
sow,2.132457970801147e-05
monica,2.132457970801147e-05
fusion,2.132457970801147e-05
reclam,2.132457970801147e-05
concis,2.132457970801147e-05
citrus,2.132457970801147e-05
stagnationist,2.132457970801147e-05
driver,2.132457970801147e-05
slogan,2.132457970801147e-05
tionat,2.132457970801147e-05
quotient,2.132457970801147e-05
grace,2.132457970801147e-05
stationeri,2.132457970801147e-05
passu,2.132457970801147e-05
finger,2.098063487401129e-05
prepared,2.098063487401129e-05
statistisch,2.098063487401129e-05
wpb,2.098063487401129e-05
petrol,2.098063487401129e-05
thirtyf,2.098063487401129e-05
rebuild,2.098063487401129e-05
mediev,2.098063487401129e-05
depot,2.098063487401129e-05
charit,2.098063487401129e-05
eschew,2.098063487401129e-05
doesnt,2.098063487401129e-05
nonlabor,2.098063487401129e-05
clumsi,2.098063487401129e-05
gigant,2.098063487401129e-05
junctur,2.098063487401129e-05
uncrit,2.098063487401129e-05
twentyyear,2.098063487401129e-05
julius,2.098063487401129e-05
easiest,2.098063487401129e-05
modelbuild,2.098063487401129e-05
strand,2.098063487401129e-05
marketplac,2.098063487401129e-05
naum,2.098063487401129e-05
salient,2.098063487401129e-05
revolt,2.098063487401129e-05
oap,2.098063487401129e-05
purcha,2.098063487401129e-05
nonintegr,2.098063487401129e-05
cutter,2.098063487401129e-05
tra,2.098063487401129e-05
canon,2.098063487401129e-05
regrett,2.098063487401129e-05
selfsustain,2.098063487401129e-05
rash,2.098063487401129e-05
curios,2.098063487401129e-05
degener,2.098063487401129e-05
confectioneri,2.098063487401129e-05
loca,2.098063487401129e-05
bed,2.098063487401129e-05
benevol,2.098063487401129e-05
elizabeth,2.098063487401129e-05
preparatori,2.098063487401129e-05
earnest,2.098063487401129e-05
madison,2.098063487401129e-05
dura,2.098063487401129e-05
abid,2.098063487401129e-05
currentaccount,2.098063487401129e-05
triumph,2.098063487401129e-05
reve,2.098063487401129e-05
vicin,2.098063487401129e-05
fibr,2.0636690040011103e-05
everyday,2.0636690040011103e-05
guar,2.0636690040011103e-05
confidenti,2.0636690040011103e-05
tunat,2.0636690040011103e-05
mayb,2.0636690040011103e-05
travi,2.0636690040011103e-05
fea,2.0636690040011103e-05
headship,2.0636690040011103e-05
kondratieff,2.0636690040011103e-05
specialti,2.0636690040011103e-05
politiqu,2.0636690040011103e-05
soften,2.0636690040011103e-05
georgia,2.0636690040011103e-05
eighteenthcenturi,2.0636690040011103e-05
schell,2.0636690040011103e-05
mainstream,2.0636690040011103e-05
propo,2.0636690040011103e-05
twin,2.0636690040011103e-05
oskar,2.0636690040011103e-05
beta,2.0636690040011103e-05
chariti,2.0636690040011103e-05
plateau,2.0636690040011103e-05
underground,2.0636690040011103e-05
bolivia,2.0636690040011103e-05
diat,2.0636690040011103e-05
homeown,2.0636690040011103e-05
septem,2.0636690040011103e-05
queen,2.0636690040011103e-05
revu,2.0636690040011103e-05
layman,2.0636690040011103e-05
boat,2.0636690040011103e-05
weakest,2.0636690040011103e-05
piti,2.0636690040011103e-05
heflebow,2.0636690040011103e-05
affluent,2.0636690040011103e-05
bulg,2.0636690040011103e-05
centli,2.0636690040011103e-05
lxx,2.0636690040011103e-05
egyptian,2.0636690040011103e-05
atlanta,2.0636690040011103e-05
cari,2.0636690040011103e-05
ruth,2.0636690040011103e-05
xlviii,2.0636690040011103e-05
modem,2.0636690040011103e-05
conscienc,2.0636690040011103e-05
impass,2.0636690040011103e-05
rapport,2.0636690040011103e-05
fraud,2.0636690040011103e-05
dog,2.0636690040011103e-05
gration,2.0636690040011103e-05
unsuit,2.0636690040011103e-05
proprietari,2.0636690040011103e-05
lucki,2.0636690040011103e-05
thurow,2.0636690040011103e-05
partit,2.0292745206010918e-05
guaran,2.0292745206010918e-05
steven,2.0292745206010918e-05
herman,2.0292745206010918e-05
updat,2.0292745206010918e-05
oii,2.0292745206010918e-05
impoverish,2.0292745206010918e-05
stateown,2.0292745206010918e-05
oppress,2.0292745206010918e-05
rothbarth,2.0292745206010918e-05
vis,2.0292745206010918e-05
unionmanag,2.0292745206010918e-05
gratifi,2.0292745206010918e-05
solicit,2.0292745206010918e-05
semidur,2.0292745206010918e-05
vindic,2.0292745206010918e-05
uptod,2.0292745206010918e-05
leijonhufvud,2.0292745206010918e-05
juglar,2.0292745206010918e-05
ise,2.0292745206010918e-05
basingpoint,2.0292745206010918e-05
shipper,2.0292745206010918e-05
thle,2.0292745206010918e-05
cairn,2.0292745206010918e-05
identi,2.0292745206010918e-05
munic,2.0292745206010918e-05
unsolv,2.0292745206010918e-05
toy,2.0292745206010918e-05
lvii,2.0292745206010918e-05
impo,2.0292745206010918e-05
practis,2.0292745206010918e-05
prerog,2.0292745206010918e-05
economicjourn,2.0292745206010918e-05
mississippi,2.0292745206010918e-05
solidar,2.0292745206010918e-05
predictor,2.0292745206010918e-05
physician,2.0292745206010918e-05
haul,2.0292745206010918e-05
plantat,2.0292745206010918e-05
utopian,2.0292745206010918e-05
empiri,2.0292745206010918e-05
bohmbawerk,2.0292745206010918e-05
apprenticeship,2.0292745206010918e-05
ken,2.0292745206010918e-05
ben,2.0292745206010918e-05
disorgan,2.0292745206010918e-05
bhagwati,2.0292745206010918e-05
reorient,2.0292745206010918e-05
uncomfort,2.0292745206010918e-05
succinct,2.0292745206010918e-05
spinner,2.0292745206010918e-05
misunderstood,2.0292745206010918e-05
attest,2.0292745206010918e-05
legi,2.0292745206010918e-05
explic,2.0292745206010918e-05
nonhuman,2.0292745206010918e-05
rectifi,2.0292745206010918e-05
nearbi,2.0292745206010918e-05
apolog,1.9948800372010732e-05
swansea,1.9948800372010732e-05
practi,1.9948800372010732e-05
rope,1.9948800372010732e-05
aesthet,1.9948800372010732e-05
widest,1.9948800372010732e-05
unwork,1.9948800372010732e-05
nous,1.9948800372010732e-05
strenuous,1.9948800372010732e-05
complac,1.9948800372010732e-05
prognost,1.9948800372010732e-05
verdoorn,1.9948800372010732e-05
arguabl,1.9948800372010732e-05
contem,1.9948800372010732e-05
disproport,1.9948800372010732e-05
pork,1.9948800372010732e-05
anna,1.9948800372010732e-05
brunt,1.9948800372010732e-05
contemporan,1.9948800372010732e-05
consequenti,1.9948800372010732e-05
oscillatori,1.9948800372010732e-05
ordi,1.9948800372010732e-05
acquisi,1.9948800372010732e-05
techni,1.9948800372010732e-05
physi,1.9948800372010732e-05
typewrit,1.9948800372010732e-05
joe,1.9948800372010732e-05
moneyincom,1.9948800372010732e-05
polem,1.9948800372010732e-05
submiss,1.9948800372010732e-05
fpc,1.9948800372010732e-05
actu,1.9948800372010732e-05
compass,1.9948800372010732e-05
explod,1.9948800372010732e-05
inspector,1.9948800372010732e-05
envelop,1.9948800372010732e-05
contriv,1.9948800372010732e-05
aberr,1.9948800372010732e-05
essari,1.9948800372010732e-05
haphazard,1.9948800372010732e-05
formiti,1.9948800372010732e-05
couch,1.9948800372010732e-05
void,1.9948800372010732e-05
inequit,1.9948800372010732e-05
gotten,1.9948800372010732e-05
toll,1.9948800372010732e-05
aviat,1.9948800372010732e-05
jean,1.9948800372010732e-05
mover,1.9948800372010732e-05
gratitud,1.9948800372010732e-05
salvag,1.9948800372010732e-05
dewey,1.9948800372010732e-05
uninterrupt,1.9948800372010732e-05
penn,1.9948800372010732e-05
overful,1.9948800372010732e-05
hurri,1.9948800372010732e-05
divisia,1.9948800372010732e-05
previ,1.9948800372010732e-05
spillov,1.9948800372010732e-05
shoup,1.9948800372010732e-05
ashton,1.9604855538010547e-05
eloqu,1.9604855538010547e-05
dutyfre,1.9604855538010547e-05
opec,1.9604855538010547e-05
leak,1.9604855538010547e-05
auster,1.9604855538010547e-05
diagnos,1.9604855538010547e-05
outstrip,1.9604855538010547e-05
music,1.9604855538010547e-05
revolu,1.9604855538010547e-05
seligman,1.9604855538010547e-05
founda,1.9604855538010547e-05
upgrad,1.9604855538010547e-05
ponder,1.9604855538010547e-05
realincom,1.9604855538010547e-05
voyag,1.9604855538010547e-05
nomenon,1.9604855538010547e-05
anyhow,1.9604855538010547e-05
enunci,1.9604855538010547e-05
shot,1.9604855538010547e-05
liii,1.9604855538010547e-05
recover,1.9604855538010547e-05
strictur,1.9604855538010547e-05
nari,1.9604855538010547e-05
herald,1.9604855538010547e-05
mitment,1.9604855538010547e-05
mcdonald,1.9604855538010547e-05
problemi,1.9604855538010547e-05
incred,1.9604855538010547e-05
economia,1.9604855538010547e-05
gallman,1.9604855538010547e-05
upheld,1.9604855538010547e-05
colorado,1.9604855538010547e-05
malli,1.9604855538010547e-05
schum,1.9604855538010547e-05
truncat,1.9604855538010547e-05
paraphras,1.9604855538010547e-05
creditworthi,1.9604855538010547e-05
capitalus,1.9604855538010547e-05
reinterview,1.9604855538010547e-05
nite,1.9604855538010547e-05
layer,1.9604855538010547e-05
cagan,1.9604855538010547e-05
quid,1.9604855538010547e-05
atyp,1.9604855538010547e-05
disclaim,1.9604855538010547e-05
ingram,1.9604855538010547e-05
painstak,1.9604855538010547e-05
ris,1.9604855538010547e-05
bagehot,1.9604855538010547e-05
jen,1.9604855538010547e-05
inch,1.9604855538010547e-05
prairi,1.9604855538010547e-05
publica,1.9604855538010547e-05
inno,1.9604855538010547e-05
stabili,1.9604855538010547e-05
countrysid,1.9604855538010547e-05
grind,1.9604855538010547e-05
axiom,1.9604855538010547e-05
photograph,1.9604855538010547e-05
trebl,1.9604855538010547e-05
worn,1.9604855538010547e-05
ukrain,1.9604855538010547e-05
sation,1.9604855538010547e-05
anomal,1.9604855538010547e-05
woman,1.926091070401036e-05
herself,1.926091070401036e-05
bros,1.926091070401036e-05
excl,1.926091070401036e-05
overpopul,1.926091070401036e-05
glasgow,1.926091070401036e-05
strife,1.926091070401036e-05
emiss,1.926091070401036e-05
cutthroat,1.926091070401036e-05
scherer,1.926091070401036e-05
buri,1.926091070401036e-05
governmentown,1.926091070401036e-05
anarchi,1.926091070401036e-05
difficul,1.926091070401036e-05
naval,1.926091070401036e-05
dictionari,1.926091070401036e-05
durbinwatson,1.926091070401036e-05
ala,1.926091070401036e-05
attrib,1.926091070401036e-05
multicollinear,1.926091070401036e-05
pincus,1.926091070401036e-05
dens,1.926091070401036e-05
iceland,1.926091070401036e-05
lindblom,1.926091070401036e-05
syn,1.926091070401036e-05
reckless,1.926091070401036e-05
namic,1.926091070401036e-05
twentytwo,1.926091070401036e-05
vulgar,1.926091070401036e-05
mula,1.926091070401036e-05
dispo,1.926091070401036e-05
rob,1.926091070401036e-05
desert,1.926091070401036e-05
ondari,1.926091070401036e-05
bud,1.926091070401036e-05
dation,1.926091070401036e-05
cohes,1.926091070401036e-05
insolv,1.926091070401036e-05
tanker,1.926091070401036e-05
gadget,1.926091070401036e-05
incompar,1.926091070401036e-05
cia,1.926091070401036e-05
moneylend,1.926091070401036e-05
guinea,1.926091070401036e-05
ticket,1.926091070401036e-05
embargo,1.926091070401036e-05
enu,1.926091070401036e-05
utah,1.926091070401036e-05
dale,1.926091070401036e-05
ayt,1.926091070401036e-05
consumptiongood,1.926091070401036e-05
preemin,1.8916965870010176e-05
rankandfil,1.8916965870010176e-05
genius,1.8916965870010176e-05
halfcenturi,1.8916965870010176e-05
aom,1.8916965870010176e-05
justi,1.8916965870010176e-05
vir,1.8916965870010176e-05
fel,1.8916965870010176e-05
rfc,1.8916965870010176e-05
string,1.8916965870010176e-05
janu,1.8916965870010176e-05
lobbi,1.8916965870010176e-05
sensat,1.8916965870010176e-05
merton,1.8916965870010176e-05
imm,1.8916965870010176e-05
curat,1.8916965870010176e-05
brush,1.8916965870010176e-05
delight,1.8916965870010176e-05
gardin,1.8916965870010176e-05
margaret,1.8916965870010176e-05
acc,1.8916965870010176e-05
sine,1.8916965870010176e-05
unscrambl,1.8916965870010176e-05
alchian,1.8916965870010176e-05
carbid,1.8916965870010176e-05
proba,1.8916965870010176e-05
curren,1.8916965870010176e-05
ekonomika,1.8916965870010176e-05
onceforal,1.8916965870010176e-05
strictiv,1.8916965870010176e-05
vanderbilt,1.8916965870010176e-05
inadvert,1.8916965870010176e-05
schlesing,1.8916965870010176e-05
oversav,1.8916965870010176e-05
ferguson,1.8916965870010176e-05
dash,1.8916965870010176e-05
seal,1.8916965870010176e-05
micha,1.8916965870010176e-05
transcend,1.8916965870010176e-05
indemn,1.8916965870010176e-05
rant,1.8916965870010176e-05
spencer,1.8916965870010176e-05
wolman,1.8916965870010176e-05
prison,1.8916965870010176e-05
prototyp,1.8916965870010176e-05
pene,1.8916965870010176e-05
airplan,1.8916965870010176e-05
unansw,1.8916965870010176e-05
parcel,1.8916965870010176e-05
demis,1.8916965870010176e-05
cvd,1.8916965870010176e-05
accessori,1.8916965870010176e-05
abstain,1.8916965870010176e-05
herent,1.8916965870010176e-05
mifflin,1.8916965870010176e-05
lviii,1.8916965870010176e-05
fantast,1.8916965870010176e-05
covari,1.8916965870010176e-05
psychologist,1.8916965870010176e-05
remun,1.8916965870010176e-05
wpi,1.8916965870010176e-05
advo,1.8916965870010176e-05
xxvi,1.8916965870010176e-05
venient,1.8916965870010176e-05
trad,1.8916965870010176e-05
plough,1.8916965870010176e-05
prophet,1.8573021036009994e-05
sdrs,1.8573021036009994e-05
perlman,1.8573021036009994e-05
turkish,1.8573021036009994e-05
maneuv,1.8573021036009994e-05
temperatur,1.8573021036009994e-05
juster,1.8573021036009994e-05
insepar,1.8573021036009994e-05
diamond,1.8573021036009994e-05
demobil,1.8573021036009994e-05
lize,1.8573021036009994e-05
sear,1.8573021036009994e-05
hay,1.8573021036009994e-05
potenc,1.8573021036009994e-05
veil,1.8573021036009994e-05
holt,1.8573021036009994e-05
misc,1.8573021036009994e-05
unbal,1.8573021036009994e-05
postur,1.8573021036009994e-05
ascend,1.8573021036009994e-05
parenthet,1.8573021036009994e-05
anism,1.8573021036009994e-05
tel,1.8573021036009994e-05
mediterranean,1.8573021036009994e-05
glut,1.8573021036009994e-05
lockhe,1.8573021036009994e-05
typograph,1.8573021036009994e-05
parker,1.8573021036009994e-05
acrosstheboard,1.8573021036009994e-05
unfamiliar,1.8573021036009994e-05
rentli,1.8573021036009994e-05
fluctu,1.8573021036009994e-05
guy,1.8573021036009994e-05
unjust,1.8573021036009994e-05
roof,1.8573021036009994e-05
interplay,1.8573021036009994e-05
enrol,1.8573021036009994e-05
breath,1.8573021036009994e-05
gan,1.8573021036009994e-05
centralis,1.8573021036009994e-05
shelv,1.8573021036009994e-05
congr,1.8573021036009994e-05
dilig,1.8573021036009994e-05
immateri,1.8573021036009994e-05
cutoff,1.8573021036009994e-05
corwin,1.8573021036009994e-05
resel,1.8573021036009994e-05
fun,1.8573021036009994e-05
memoir,1.8573021036009994e-05
wilcox,1.8573021036009994e-05
centralbank,1.8573021036009994e-05
pan,1.8573021036009994e-05
computa,1.8573021036009994e-05
zloti,1.8573021036009994e-05
outrun,1.8573021036009994e-05
sketchi,1.8573021036009994e-05
hydro,1.8573021036009994e-05
tini,1.8573021036009994e-05
secondbest,1.8573021036009994e-05
ernest,1.8573021036009994e-05
incor,1.8229076202009808e-05
lans,1.8229076202009808e-05
cumu,1.8229076202009808e-05
debas,1.8229076202009808e-05
lionel,1.8229076202009808e-05
moggridg,1.8229076202009808e-05
retaliatori,1.8229076202009808e-05
fsa,1.8229076202009808e-05
cubic,1.8229076202009808e-05
midwest,1.8229076202009808e-05
thorn,1.8229076202009808e-05
iso,1.8229076202009808e-05
quantif,1.8229076202009808e-05
sect,1.8229076202009808e-05
graviti,1.8229076202009808e-05
calif,1.8229076202009808e-05
gloomi,1.8229076202009808e-05
hamburg,1.8229076202009808e-05
umn,1.8229076202009808e-05
iri,1.8229076202009808e-05
vagari,1.8229076202009808e-05
electrif,1.8229076202009808e-05
autoregress,1.8229076202009808e-05
indexlink,1.8229076202009808e-05
insuper,1.8229076202009808e-05
abovement,1.8229076202009808e-05
jewelri,1.8229076202009808e-05
engi,1.8229076202009808e-05
humbl,1.8229076202009808e-05
deconcentr,1.8229076202009808e-05
flate,1.8229076202009808e-05
canning,1.8229076202009808e-05
technol,1.8229076202009808e-05
hav,1.8229076202009808e-05
disinfl,1.8229076202009808e-05
snyder,1.8229076202009808e-05
carlson,1.8229076202009808e-05
unsold,1.8229076202009808e-05
scant,1.8229076202009808e-05
clergi,1.8229076202009808e-05
schmookler,1.8229076202009808e-05
dictatorship,1.8229076202009808e-05
flavor,1.8229076202009808e-05
helen,1.8229076202009808e-05
projec,1.8229076202009808e-05
plumber,1.8229076202009808e-05
fame,1.8229076202009808e-05
narodno,1.8229076202009808e-05
grappl,1.8229076202009808e-05
sheep,1.8229076202009808e-05
carpet,1.8229076202009808e-05
nylon,1.8229076202009808e-05
fad,1.8229076202009808e-05
lxix,1.8229076202009808e-05
culbertson,1.8229076202009808e-05
nancial,1.8229076202009808e-05
starv,1.8229076202009808e-05
longstand,1.8229076202009808e-05
embed,1.8229076202009808e-05
meal,1.8229076202009808e-05
monoton,1.8229076202009808e-05
bloomington,1.8229076202009808e-05
mckean,1.8229076202009808e-05
harrison,1.8229076202009808e-05
abbott,1.8229076202009808e-05
whittlesey,1.8229076202009808e-05
preneuri,1.8229076202009808e-05
factfind,1.8229076202009808e-05
isic,1.8229076202009808e-05
precept,1.8229076202009808e-05
sensi,1.8229076202009808e-05
watkin,1.8229076202009808e-05
percentil,1.8229076202009808e-05
foreclos,1.8229076202009808e-05
swallow,1.7885131368009623e-05
thirtytwo,1.7885131368009623e-05
fiscalmonetari,1.7885131368009623e-05
companion,1.7885131368009623e-05
bankheld,1.7885131368009623e-05
clas,1.7885131368009623e-05
liquidityprefer,1.7885131368009623e-05
detach,1.7885131368009623e-05
outgo,1.7885131368009623e-05
subcontractor,1.7885131368009623e-05
analogu,1.7885131368009623e-05
shaki,1.7885131368009623e-05
zur,1.7885131368009623e-05
neil,1.7885131368009623e-05
stir,1.7885131368009623e-05
blaug,1.7885131368009623e-05
spark,1.7885131368009623e-05
jeffrey,1.7885131368009623e-05
phenomen,1.7885131368009623e-05
judgement,1.7885131368009623e-05
lavoro,1.7885131368009623e-05
theatr,1.7885131368009623e-05
ruhr,1.7885131368009623e-05
mahalanobi,1.7885131368009623e-05
underscor,1.7885131368009623e-05
spec,1.7885131368009623e-05
litera,1.7885131368009623e-05
ame,1.7885131368009623e-05
legitimaci,1.7885131368009623e-05
gestion,1.7885131368009623e-05
despair,1.7885131368009623e-05
innocu,1.7885131368009623e-05
collector,1.7885131368009623e-05
reau,1.7885131368009623e-05
expec,1.7885131368009623e-05
propheci,1.7885131368009623e-05
lip,1.7885131368009623e-05
emer,1.7885131368009623e-05
mono,1.7885131368009623e-05
nect,1.7885131368009623e-05
aij,1.7885131368009623e-05
minima,1.7885131368009623e-05
oppo,1.7885131368009623e-05
powder,1.7885131368009623e-05
nore,1.7885131368009623e-05
markham,1.7885131368009623e-05
seg,1.7885131368009623e-05
lan,1.7885131368009623e-05
bona,1.7885131368009623e-05
fide,1.7885131368009623e-05
var,1.7885131368009623e-05
spearman,1.7885131368009623e-05
transient,1.7885131368009623e-05
disallow,1.7885131368009623e-05
discr,1.7885131368009623e-05
nickel,1.7885131368009623e-05
priceelast,1.7885131368009623e-05
suspici,1.7885131368009623e-05
tough,1.7885131368009623e-05
sal,1.7885131368009623e-05
examina,1.7885131368009623e-05
bethlehem,1.7885131368009623e-05
authoritarian,1.7541186534009437e-05
rosensteinrodan,1.7541186534009437e-05
approxima,1.7541186534009437e-05
ratifi,1.7541186534009437e-05
redress,1.7541186534009437e-05
bequest,1.7541186534009437e-05
tullock,1.7541186534009437e-05
vener,1.7541186534009437e-05
fullfledg,1.7541186534009437e-05
slightest,1.7541186534009437e-05
enlist,1.7541186534009437e-05
withdrew,1.7541186534009437e-05
nineyear,1.7541186534009437e-05
sov,1.7541186534009437e-05
ancillari,1.7541186534009437e-05
journalist,1.7541186534009437e-05
flatten,1.7541186534009437e-05
tradecr,1.7541186534009437e-05
ibm,1.7541186534009437e-05
wont,1.7541186534009437e-05
belgiumluxembourg,1.7541186534009437e-05
cheapen,1.7541186534009437e-05
tlhe,1.7541186534009437e-05
rle,1.7541186534009437e-05
cheer,1.7541186534009437e-05
substandard,1.7541186534009437e-05
thereto,1.7541186534009437e-05
bile,1.7541186534009437e-05
characteri,1.7541186534009437e-05
freeman,1.7541186534009437e-05
plight,1.7541186534009437e-05
ante,1.7541186534009437e-05
volunt,1.7541186534009437e-05
soda,1.7541186534009437e-05
nsf,1.7541186534009437e-05
edibl,1.7541186534009437e-05
broadest,1.7541186534009437e-05
nalli,1.7541186534009437e-05
vex,1.7541186534009437e-05
rewrit,1.7541186534009437e-05
stride,1.7541186534009437e-05
rari,1.7541186534009437e-05
ramif,1.7541186534009437e-05
overemphas,1.7541186534009437e-05
scrutin,1.7541186534009437e-05
plow,1.7541186534009437e-05
expertis,1.7541186534009437e-05
automo,1.7541186534009437e-05
eter,1.7541186534009437e-05
straw,1.7541186534009437e-05
baseperiod,1.7541186534009437e-05
diesel,1.7541186534009437e-05
impr,1.7541186534009437e-05
exacerb,1.7541186534009437e-05
plore,1.7541186534009437e-05
chrysler,1.7541186534009437e-05
powel,1.7541186534009437e-05
hat,1.7541186534009437e-05
underw,1.7541186534009437e-05
hirsch,1.7541186534009437e-05
delimit,1.7541186534009437e-05
cov,1.7541186534009437e-05
shoulder,1.7541186534009437e-05
nether,1.7541186534009437e-05
cpa,1.7541186534009437e-05
thermor,1.7541186534009437e-05
statesman,1.7541186534009437e-05
unfor,1.7541186534009437e-05
erag,1.7541186534009437e-05
meatpack,1.719724170000925e-05
hump,1.719724170000925e-05
statur,1.719724170000925e-05
foreshadow,1.719724170000925e-05
riti,1.719724170000925e-05
irresist,1.719724170000925e-05
centenari,1.719724170000925e-05
jew,1.719724170000925e-05
typi,1.719724170000925e-05
nazional,1.719724170000925e-05
virgin,1.719724170000925e-05
dunbar,1.719724170000925e-05
scholast,1.719724170000925e-05
mfg,1.719724170000925e-05
noncontrol,1.719724170000925e-05
oner,1.719724170000925e-05
elastici,1.719724170000925e-05
selfish,1.719724170000925e-05
decrement,1.719724170000925e-05
spill,1.719724170000925e-05
laurenc,1.719724170000925e-05
rebutt,1.719724170000925e-05
sian,1.719724170000925e-05
prece,1.719724170000925e-05
soybean,1.719724170000925e-05
orang,1.719724170000925e-05
decent,1.719724170000925e-05
dull,1.719724170000925e-05
twentyfour,1.719724170000925e-05
arsenal,1.719724170000925e-05
goldstein,1.719724170000925e-05
tratio,1.719724170000925e-05
keith,1.719724170000925e-05
loser,1.719724170000925e-05
illog,1.719724170000925e-05
frighten,1.719724170000925e-05
powerless,1.719724170000925e-05
stafford,1.719724170000925e-05
ping,1.719724170000925e-05
heckscher,1.719724170000925e-05
canvass,1.719724170000925e-05
opin,1.719724170000925e-05
gentlemen,1.719724170000925e-05
ece,1.719724170000925e-05
sixmonth,1.719724170000925e-05
secondord,1.719724170000925e-05
iden,1.719724170000925e-05
barna,1.719724170000925e-05
antagon,1.719724170000925e-05
theoreti,1.719724170000925e-05
param,1.719724170000925e-05
ain,1.719724170000925e-05
twentythre,1.719724170000925e-05
kuhn,1.719724170000925e-05
hagu,1.719724170000925e-05
cool,1.719724170000925e-05
heed,1.719724170000925e-05
terri,1.719724170000925e-05
contrib,1.719724170000925e-05
breakthrough,1.719724170000925e-05
maher,1.719724170000925e-05
dismal,1.719724170000925e-05
shi,1.719724170000925e-05
pharmaceut,1.719724170000925e-05
wil,1.719724170000925e-05
consumm,1.719724170000925e-05
lution,1.719724170000925e-05
encour,1.719724170000925e-05
dem,1.719724170000925e-05
blood,1.719724170000925e-05
tape,1.719724170000925e-05
ramsey,1.719724170000925e-05
ardent,1.719724170000925e-05
massproduct,1.719724170000925e-05
emil,1.719724170000925e-05
aban,1.6853296866009066e-05
leftw,1.6853296866009066e-05
arat,1.6853296866009066e-05
winnick,1.6853296866009066e-05
subsector,1.6853296866009066e-05
oooo,1.6853296866009066e-05
concep,1.6853296866009066e-05
deregul,1.6853296866009066e-05
conc,1.6853296866009066e-05
selfdef,1.6853296866009066e-05
dismantl,1.6853296866009066e-05
hog,1.6853296866009066e-05
genci,1.6853296866009066e-05
camera,1.6853296866009066e-05
stratifi,1.6853296866009066e-05
interpr,1.6853296866009066e-05
seton,1.6853296866009066e-05
uaw,1.6853296866009066e-05
maria,1.6853296866009066e-05
congeni,1.6853296866009066e-05
descrip,1.6853296866009066e-05
banca,1.6853296866009066e-05
triangl,1.6853296866009066e-05
secondhand,1.6853296866009066e-05
threedigit,1.6853296866009066e-05
propel,1.6853296866009066e-05
whenc,1.6853296866009066e-05
cum,1.6853296866009066e-05
marcus,1.6853296866009066e-05
titat,1.6853296866009066e-05
restructur,1.6853296866009066e-05
salutari,1.6853296866009066e-05
vise,1.6853296866009066e-05
hoeffd,1.6853296866009066e-05
pedagog,1.6853296866009066e-05
listic,1.6853296866009066e-05
marget,1.6853296866009066e-05
silenc,1.6853296866009066e-05
mismanag,1.6853296866009066e-05
middlemen,1.6853296866009066e-05
baron,1.6853296866009066e-05
turvey,1.6853296866009066e-05
geographi,1.6853296866009066e-05
holli,1.6853296866009066e-05
inordin,1.6853296866009066e-05
townsend,1.6853296866009066e-05
ples,1.6853296866009066e-05
predilect,1.6853296866009066e-05
sounder,1.6853296866009066e-05
psycho,1.6853296866009066e-05
sdr,1.6853296866009066e-05
arbor,1.6853296866009066e-05
kit,1.6853296866009066e-05
charcoal,1.6853296866009066e-05
mentat,1.6853296866009066e-05
roland,1.6853296866009066e-05
nonmoney,1.6853296866009066e-05
architect,1.6853296866009066e-05
arc,1.6853296866009066e-05
northholland,1.6853296866009066e-05
pursuant,1.6853296866009066e-05
rhodesia,1.6853296866009066e-05
ses,1.6853296866009066e-05
diplomat,1.6853296866009066e-05
preach,1.6853296866009066e-05
novem,1.6853296866009066e-05
worcest,1.6853296866009066e-05
pointless,1.6853296866009066e-05
mium,1.650935203200888e-05
industrializa,1.650935203200888e-05
cottonse,1.650935203200888e-05
lowerincom,1.650935203200888e-05
smelter,1.650935203200888e-05
overnight,1.650935203200888e-05
firsthand,1.650935203200888e-05
motorcycl,1.650935203200888e-05
pulsori,1.650935203200888e-05
berri,1.650935203200888e-05
oversight,1.650935203200888e-05
unidentifi,1.650935203200888e-05
thrifti,1.650935203200888e-05
star,1.650935203200888e-05
modus,1.650935203200888e-05
guardian,1.650935203200888e-05
pendix,1.650935203200888e-05
rio,1.650935203200888e-05
teen,1.650935203200888e-05
didnt,1.650935203200888e-05
rae,1.650935203200888e-05
quasi,1.650935203200888e-05
renter,1.650935203200888e-05
jacobi,1.650935203200888e-05
brain,1.650935203200888e-05
hereinaft,1.650935203200888e-05
pearson,1.650935203200888e-05
pervad,1.650935203200888e-05
genera,1.650935203200888e-05
splice,1.650935203200888e-05
averagecost,1.650935203200888e-05
breweri,1.650935203200888e-05
hori,1.650935203200888e-05
wrought,1.650935203200888e-05
preoccupi,1.650935203200888e-05
peke,1.650935203200888e-05
terion,1.650935203200888e-05
zeal,1.650935203200888e-05
reg,1.650935203200888e-05
grass,1.650935203200888e-05
assault,1.650935203200888e-05
nessmen,1.650935203200888e-05
bruno,1.650935203200888e-05
ogniz,1.650935203200888e-05
victorian,1.650935203200888e-05
swan,1.650935203200888e-05
width,1.650935203200888e-05
ladi,1.650935203200888e-05
seigniorag,1.650935203200888e-05
vanek,1.650935203200888e-05
gay,1.650935203200888e-05
radiat,1.650935203200888e-05
ita,1.650935203200888e-05
franchis,1.650935203200888e-05
friendship,1.650935203200888e-05
tex,1.650935203200888e-05
verg,1.650935203200888e-05
drawal,1.650935203200888e-05
macropolici,1.650935203200888e-05
famin,1.650935203200888e-05
staehl,1.650935203200888e-05
pric,1.650935203200888e-05
divin,1.650935203200888e-05
timer,1.650935203200888e-05
economn,1.650935203200888e-05
uphold,1.650935203200888e-05
hubert,1.650935203200888e-05
runaway,1.650935203200888e-05
guiana,1.650935203200888e-05
adversari,1.650935203200888e-05
yellow,1.650935203200888e-05
costreduc,1.650935203200888e-05
ubiquit,1.650935203200888e-05
nel,1.650935203200888e-05
underreport,1.61654071980087e-05
profitmak,1.61654071980087e-05
compa,1.61654071980087e-05
firmer,1.61654071980087e-05
statistik,1.61654071980087e-05
peck,1.61654071980087e-05
meek,1.61654071980087e-05
mutandi,1.61654071980087e-05
mechanist,1.61654071980087e-05
demarc,1.61654071980087e-05
dian,1.61654071980087e-05
bna,1.61654071980087e-05
bruce,1.61654071980087e-05
ethiopia,1.61654071980087e-05
entranc,1.61654071980087e-05
shield,1.61654071980087e-05
neighbour,1.61654071980087e-05
rug,1.61654071980087e-05
pluse,1.61654071980087e-05
deadweight,1.61654071980087e-05
convex,1.61654071980087e-05
painless,1.61654071980087e-05
ihe,1.61654071980087e-05
storm,1.61654071980087e-05
aliz,1.61654071980087e-05
melt,1.61654071980087e-05
fond,1.61654071980087e-05
mutati,1.61654071980087e-05
appendic,1.61654071980087e-05
encyclopedia,1.61654071980087e-05
afghanistan,1.61654071980087e-05
grey,1.61654071980087e-05
mccloskey,1.61654071980087e-05
robin,1.61654071980087e-05
eir,1.61654071980087e-05
volun,1.61654071980087e-05
gal,1.61654071980087e-05
boiler,1.61654071980087e-05
hearth,1.61654071980087e-05
pic,1.61654071980087e-05
kaiser,1.61654071980087e-05
precursor,1.61654071980087e-05
cot,1.61654071980087e-05
raci,1.61654071980087e-05
mask,1.61654071980087e-05
selfgovern,1.61654071980087e-05
glare,1.61654071980087e-05
reassess,1.61654071980087e-05
communica,1.61654071980087e-05
consign,1.61654071980087e-05
fool,1.61654071980087e-05
workplac,1.61654071980087e-05
northrup,1.61654071980087e-05
ando,1.61654071980087e-05
bles,1.61654071980087e-05
invoic,1.61654071980087e-05
reaffirm,1.61654071980087e-05
curvatur,1.61654071980087e-05
unorthodox,1.61654071980087e-05
lard,1.61654071980087e-05
biscuit,1.61654071980087e-05
sonnel,1.61654071980087e-05
cul,1.61654071980087e-05
coerc,1.61654071980087e-05
zontal,1.61654071980087e-05
intricaci,1.61654071980087e-05
app,1.61654071980087e-05
nobel,1.61654071980087e-05
elder,1.61654071980087e-05
machinist,1.61654071980087e-05
rhythm,1.61654071980087e-05
emul,1.61654071980087e-05
fcc,1.61654071980087e-05
obligatori,1.61654071980087e-05
palestin,1.61654071980087e-05
lia,1.61654071980087e-05
maxima,1.61654071980087e-05
ecolog,1.5821462364008513e-05
allout,1.5821462364008513e-05
calori,1.5821462364008513e-05
terribl,1.5821462364008513e-05
unrespons,1.5821462364008513e-05
yti,1.5821462364008513e-05
romania,1.5821462364008513e-05
extinct,1.5821462364008513e-05
eti,1.5821462364008513e-05
bone,1.5821462364008513e-05
bag,1.5821462364008513e-05
manhattan,1.5821462364008513e-05
gottlieb,1.5821462364008513e-05
knox,1.5821462364008513e-05
tak,1.5821462364008513e-05
baselin,1.5821462364008513e-05
reenforc,1.5821462364008513e-05
unreport,1.5821462364008513e-05
sistanc,1.5821462364008513e-05
submargin,1.5821462364008513e-05
straighttim,1.5821462364008513e-05
govt,1.5821462364008513e-05
supplysid,1.5821462364008513e-05
resurg,1.5821462364008513e-05
ager,1.5821462364008513e-05
barri,1.5821462364008513e-05
dialect,1.5821462364008513e-05
fixedinterest,1.5821462364008513e-05
ethnic,1.5821462364008513e-05
menac,1.5821462364008513e-05
tibor,1.5821462364008513e-05
knopf,1.5821462364008513e-05
dwarf,1.5821462364008513e-05
lin,1.5821462364008513e-05
bogey,1.5821462364008513e-05
plumb,1.5821462364008513e-05
manc,1.5821462364008513e-05
tour,1.5821462364008513e-05
hindsight,1.5821462364008513e-05
perfor,1.5821462364008513e-05
creed,1.5821462364008513e-05
montia,1.5821462364008513e-05
kenya,1.5821462364008513e-05
twoway,1.5821462364008513e-05
scien,1.5821462364008513e-05
schemat,1.5821462364008513e-05
envis,1.5821462364008513e-05
unload,1.5821462364008513e-05
oneself,1.5821462364008513e-05
semin,1.5821462364008513e-05
duopolist,1.5821462364008513e-05
bul,1.5821462364008513e-05
parson,1.5821462364008513e-05
pole,1.5821462364008513e-05
routledg,1.5821462364008513e-05
manifesto,1.5821462364008513e-05
pell,1.5821462364008513e-05
livr,1.5821462364008513e-05
cyert,1.5821462364008513e-05
empiric,1.5821462364008513e-05
cian,1.5821462364008513e-05
growthrat,1.5821462364008513e-05
coincident,1.5821462364008513e-05
rus,1.5821462364008513e-05
crush,1.5821462364008513e-05
schmoller,1.5821462364008513e-05
psychic,1.5821462364008513e-05
ongo,1.5821462364008513e-05
crea,1.5821462364008513e-05
beatric,1.5821462364008513e-05
crippl,1.5821462364008513e-05
nasa,1.5821462364008513e-05
hurdl,1.5821462364008513e-05
uranium,1.5821462364008513e-05
unrepres,1.5821462364008513e-05
paperboard,1.5821462364008513e-05
fortifi,1.5821462364008513e-05
selfcorrect,1.5821462364008513e-05
raison,1.5477517530008327e-05
timid,1.5477517530008327e-05
tradedivert,1.5477517530008327e-05
bis,1.5477517530008327e-05
wiser,1.5477517530008327e-05
deepseat,1.5477517530008327e-05
conson,1.5477517530008327e-05
boil,1.5477517530008327e-05
tack,1.5477517530008327e-05
collectivist,1.5477517530008327e-05
boe,1.5477517530008327e-05
sulphur,1.5477517530008327e-05
pot,1.5477517530008327e-05
appl,1.5477517530008327e-05
nurtur,1.5477517530008327e-05
joy,1.5477517530008327e-05
bhmbawerk,1.5477517530008327e-05
hindranc,1.5477517530008327e-05
motiva,1.5477517530008327e-05
pricemak,1.5477517530008327e-05
wield,1.5477517530008327e-05
tenc,1.5477517530008327e-05
theolog,1.5477517530008327e-05
bylaw,1.5477517530008327e-05
ert,1.5477517530008327e-05
bauxit,1.5477517530008327e-05
staf,1.5477517530008327e-05
freder,1.5477517530008327e-05
destini,1.5477517530008327e-05
nese,1.5477517530008327e-05
sate,1.5477517530008327e-05
ccc,1.5477517530008327e-05
cator,1.5477517530008327e-05
exer,1.5477517530008327e-05
stu,1.5477517530008327e-05
selflimit,1.5477517530008327e-05
predat,1.5477517530008327e-05
slum,1.5477517530008327e-05
hoffman,1.5477517530008327e-05
blueprint,1.5477517530008327e-05
unalloc,1.5477517530008327e-05
sibli,1.5477517530008327e-05
ica,1.5477517530008327e-05
autarki,1.5477517530008327e-05
outmigr,1.5477517530008327e-05
unfortu,1.5477517530008327e-05
incompet,1.5477517530008327e-05
cieti,1.5477517530008327e-05
herd,1.5477517530008327e-05
oneway,1.5477517530008327e-05
wealthier,1.5477517530008327e-05
barro,1.5477517530008327e-05
middleclass,1.5477517530008327e-05
sach,1.5477517530008327e-05
cobb,1.5477517530008327e-05
exag,1.5477517530008327e-05
ceptual,1.5477517530008327e-05
wve,1.5477517530008327e-05
rochest,1.5477517530008327e-05
ppp,1.5477517530008327e-05
gerat,1.5477517530008327e-05
kraft,1.5477517530008327e-05
donat,1.5477517530008327e-05
painter,1.5477517530008327e-05
congressman,1.5477517530008327e-05
adver,1.5477517530008327e-05
underinvest,1.5477517530008327e-05
bearish,1.5477517530008327e-05
missouri,1.5477517530008327e-05
benefic,1.5477517530008327e-05
adventur,1.5477517530008327e-05
inexor,1.5477517530008327e-05
takeov,1.5477517530008327e-05
retrain,1.5477517530008327e-05
patienc,1.5477517530008327e-05
amortis,1.5477517530008327e-05
uation,1.5477517530008327e-05
wicksellian,1.5477517530008327e-05
bilize,1.5477517530008327e-05
interestfre,1.5477517530008327e-05
blackmarket,1.5477517530008327e-05
interperson,1.5477517530008327e-05
marvel,1.5477517530008327e-05
schuman,1.5477517530008327e-05
versal,1.5477517530008327e-05
agreeabl,1.5133572696008142e-05
willard,1.5133572696008142e-05
russel,1.5133572696008142e-05
lavish,1.5133572696008142e-05
neck,1.5133572696008142e-05
benham,1.5133572696008142e-05
davenport,1.5133572696008142e-05
prekeynesian,1.5133572696008142e-05
pant,1.5133572696008142e-05
tenor,1.5133572696008142e-05
dudley,1.5133572696008142e-05
chapel,1.5133572696008142e-05
chemistri,1.5133572696008142e-05
hunch,1.5133572696008142e-05
jobber,1.5133572696008142e-05
eastman,1.5133572696008142e-05
closur,1.5133572696008142e-05
misplac,1.5133572696008142e-05
siegel,1.5133572696008142e-05
atkinson,1.5133572696008142e-05
quarri,1.5133572696008142e-05
unrecord,1.5133572696008142e-05
ecuador,1.5133572696008142e-05
hoffenberg,1.5133572696008142e-05
excerpt,1.5133572696008142e-05
changeov,1.5133572696008142e-05
melvin,1.5133572696008142e-05
ecla,1.5133572696008142e-05
reinstat,1.5133572696008142e-05
inward,1.5133572696008142e-05
shelf,1.5133572696008142e-05
tale,1.5133572696008142e-05
vania,1.5133572696008142e-05
sanguin,1.5133572696008142e-05
muddl,1.5133572696008142e-05
inim,1.5133572696008142e-05
theft,1.5133572696008142e-05
tim,1.5133572696008142e-05
rework,1.5133572696008142e-05
singapor,1.5133572696008142e-05
reac,1.5133572696008142e-05
sage,1.5133572696008142e-05
triangular,1.5133572696008142e-05
ammunit,1.5133572696008142e-05
suez,1.5133572696008142e-05
creatur,1.5133572696008142e-05
congressmen,1.5133572696008142e-05
cornerston,1.5133572696008142e-05
comer,1.5133572696008142e-05
yearend,1.5133572696008142e-05
haley,1.5133572696008142e-05
astronomi,1.5133572696008142e-05
jess,1.5133572696008142e-05
buffalo,1.5133572696008142e-05
homan,1.5133572696008142e-05
sorb,1.5133572696008142e-05
lowpric,1.5133572696008142e-05
isaac,1.5133572696008142e-05
trim,1.5133572696008142e-05
physiocrat,1.5133572696008142e-05
iib,1.5133572696008142e-05
lighten,1.5133572696008142e-05
devil,1.5133572696008142e-05
xxvii,1.5133572696008142e-05
revok,1.5133572696008142e-05
varnish,1.5133572696008142e-05
dryer,1.5133572696008142e-05
edi,1.5133572696008142e-05
mic,1.5133572696008142e-05
sat,1.4789627862007956e-05
watson,1.4789627862007956e-05
miscalcul,1.4789627862007956e-05
surrog,1.4789627862007956e-05
saskatchewan,1.4789627862007956e-05
koo,1.4789627862007956e-05
rier,1.4789627862007956e-05
rudimentari,1.4789627862007956e-05
sail,1.4789627862007956e-05
hasti,1.4789627862007956e-05
obsess,1.4789627862007956e-05
hammer,1.4789627862007956e-05
gravit,1.4789627862007956e-05
fullscal,1.4789627862007956e-05
tilt,1.4789627862007956e-05
overshoot,1.4789627862007956e-05
disequi,1.4789627862007956e-05
unattain,1.4789627862007956e-05
dorothi,1.4789627862007956e-05
deferr,1.4789627862007956e-05
marschak,1.4789627862007956e-05
choke,1.4789627862007956e-05
halfway,1.4789627862007956e-05
oslo,1.4789627862007956e-05
moulton,1.4789627862007956e-05
solvent,1.4789627862007956e-05
falsifi,1.4789627862007956e-05
fice,1.4789627862007956e-05
platform,1.4789627862007956e-05
prey,1.4789627862007956e-05
stiffen,1.4789627862007956e-05
labormarket,1.4789627862007956e-05
exorbit,1.4789627862007956e-05
olog,1.4789627862007956e-05
calam,1.4789627862007956e-05
edn,1.4789627862007956e-05
dalla,1.4789627862007956e-05
flowoffund,1.4789627862007956e-05
mouth,1.4789627862007956e-05
sway,1.4789627862007956e-05
nonneutr,1.4789627862007956e-05
marketshar,1.4789627862007956e-05
esi,1.4789627862007956e-05
bestow,1.4789627862007956e-05
fta,1.4789627862007956e-05
mop,1.4789627862007956e-05
tangenc,1.4789627862007956e-05
pretens,1.4789627862007956e-05
plunder,1.4789627862007956e-05
metallurg,1.4789627862007956e-05
wagebil,1.4789627862007956e-05
envi,1.4789627862007956e-05
dearth,1.4789627862007956e-05
quicker,1.4789627862007956e-05
nongovern,1.4789627862007956e-05
junk,1.4789627862007956e-05
sidgwick,1.4789627862007956e-05
rosenberg,1.4789627862007956e-05
lxviii,1.4789627862007956e-05
inexpens,1.4789627862007956e-05
boi,1.4789627862007956e-05
adject,1.4789627862007956e-05
contro,1.4789627862007956e-05
fam,1.4789627862007956e-05
itur,1.4789627862007956e-05
lat,1.4789627862007956e-05
script,1.4789627862007956e-05
illegitim,1.4789627862007956e-05
northsouth,1.4789627862007956e-05
colour,1.4789627862007956e-05
pillar,1.4789627862007956e-05
oldest,1.4789627862007956e-05
expuls,1.4789627862007956e-05
counterbal,1.4789627862007956e-05
cumula,1.4789627862007956e-05
cake,1.4789627862007956e-05
obli,1.4789627862007956e-05
scrambl,1.4789627862007956e-05
pierr,1.4789627862007956e-05
outmod,1.4789627862007956e-05
sembl,1.4789627862007956e-05
stabi,1.4789627862007956e-05
anniversari,1.4789627862007956e-05
vember,1.4789627862007956e-05
woven,1.4789627862007956e-05
tihe,1.4789627862007956e-05
antiqu,1.4789627862007956e-05
noninterestbear,1.4445683028007771e-05
stagger,1.4445683028007771e-05
oldag,1.4445683028007771e-05
iiv,1.4445683028007771e-05
iff,1.4445683028007771e-05
terror,1.4445683028007771e-05
tourism,1.4445683028007771e-05
forerunn,1.4445683028007771e-05
crement,1.4445683028007771e-05
capitalis,1.4445683028007771e-05
reemploy,1.4445683028007771e-05
ralli,1.4445683028007771e-05
flagrant,1.4445683028007771e-05
workingclass,1.4445683028007771e-05
nonwhit,1.4445683028007771e-05
guatemala,1.4445683028007771e-05
coconut,1.4445683028007771e-05
stifl,1.4445683028007771e-05
dublin,1.4445683028007771e-05
geophys,1.4445683028007771e-05
valua,1.4445683028007771e-05
striker,1.4445683028007771e-05
erad,1.4445683028007771e-05
almanac,1.4445683028007771e-05
ein,1.4445683028007771e-05
recast,1.4445683028007771e-05
dia,1.4445683028007771e-05
shoot,1.4445683028007771e-05
utili,1.4445683028007771e-05
insolubl,1.4445683028007771e-05
spars,1.4445683028007771e-05
gloss,1.4445683028007771e-05
inal,1.4445683028007771e-05
teeth,1.4445683028007771e-05
hondura,1.4445683028007771e-05
dominican,1.4445683028007771e-05
irrit,1.4445683028007771e-05
champernown,1.4445683028007771e-05
quenci,1.4445683028007771e-05
ficulti,1.4445683028007771e-05
pentup,1.4445683028007771e-05
upheav,1.4445683028007771e-05
weld,1.4445683028007771e-05
unspent,1.4445683028007771e-05
garvi,1.4445683028007771e-05
screw,1.4445683028007771e-05
simmon,1.4445683028007771e-05
lament,1.4445683028007771e-05
tiation,1.4445683028007771e-05
tranch,1.4445683028007771e-05
stroke,1.4445683028007771e-05
hind,1.4445683028007771e-05
appropria,1.4445683028007771e-05
glenco,1.4445683028007771e-05
expla,1.4445683028007771e-05
nonmilitari,1.4445683028007771e-05
unanticip,1.4445683028007771e-05
lubric,1.4445683028007771e-05
scissor,1.4445683028007771e-05
earley,1.4445683028007771e-05
cet,1.4445683028007771e-05
geometri,1.4445683028007771e-05
circula,1.4445683028007771e-05
chapman,1.4445683028007771e-05
congo,1.4445683028007771e-05
climax,1.4445683028007771e-05
conjunctur,1.4445683028007771e-05
slaughter,1.4445683028007771e-05
selec,1.4445683028007771e-05
fodder,1.4445683028007771e-05
bend,1.4445683028007771e-05
recip,1.4445683028007771e-05
procter,1.4445683028007771e-05
beneath,1.4445683028007771e-05
racket,1.4445683028007771e-05
dinner,1.4445683028007771e-05
wane,1.4445683028007771e-05
packer,1.4445683028007771e-05
smoke,1.4445683028007771e-05
dimin,1.4445683028007771e-05
neurial,1.4445683028007771e-05
richardson,1.4445683028007771e-05
bath,1.4445683028007771e-05
nonhomogen,1.4445683028007771e-05
therapi,1.4445683028007771e-05
tempera,1.4445683028007771e-05
florenc,1.4445683028007771e-05
stark,1.4445683028007771e-05
underr,1.4445683028007771e-05
turbul,1.4445683028007771e-05
honesti,1.4445683028007771e-05
kinki,1.4445683028007771e-05
supplydemand,1.4445683028007771e-05
cosmet,1.4445683028007771e-05
advisor,1.4445683028007771e-05
inconsider,1.4445683028007771e-05
scenario,1.4101738194007587e-05
miseri,1.4101738194007587e-05
enk,1.4101738194007587e-05
ior,1.4101738194007587e-05
makework,1.4101738194007587e-05
manganes,1.4101738194007587e-05
oneeighth,1.4101738194007587e-05
peer,1.4101738194007587e-05
underpin,1.4101738194007587e-05
confisc,1.4101738194007587e-05
trifl,1.4101738194007587e-05
ruari,1.4101738194007587e-05
recaptur,1.4101738194007587e-05
unsupport,1.4101738194007587e-05
untouch,1.4101738194007587e-05
steward,1.4101738194007587e-05
annoy,1.4101738194007587e-05
underwritten,1.4101738194007587e-05
confi,1.4101738194007587e-05
sleep,1.4101738194007587e-05
thorstein,1.4101738194007587e-05
opportuni,1.4101738194007587e-05
anthoni,1.4101738194007587e-05
evalua,1.4101738194007587e-05
demor,1.4101738194007587e-05
feat,1.4101738194007587e-05
elliott,1.4101738194007587e-05
neur,1.4101738194007587e-05
upperincom,1.4101738194007587e-05
foss,1.4101738194007587e-05
priceset,1.4101738194007587e-05
reuber,1.4101738194007587e-05
clagu,1.4101738194007587e-05
makeup,1.4101738194007587e-05
reread,1.4101738194007587e-05
expositori,1.4101738194007587e-05
undiscov,1.4101738194007587e-05
saleabl,1.4101738194007587e-05
operandi,1.4101738194007587e-05
beforehand,1.4101738194007587e-05
overcapac,1.4101738194007587e-05
jule,1.4101738194007587e-05
courtesi,1.4101738194007587e-05
synthes,1.4101738194007587e-05
ceptabl,1.4101738194007587e-05
randal,1.4101738194007587e-05
multiplieracceler,1.4101738194007587e-05
nomi,1.4101738194007587e-05
austin,1.4101738194007587e-05
tionabl,1.4101738194007587e-05
purchasingpowerpar,1.4101738194007587e-05
intel,1.4101738194007587e-05
peterson,1.4101738194007587e-05
preworld,1.4101738194007587e-05
winch,1.4101738194007587e-05
majesti,1.4101738194007587e-05
gineer,1.4101738194007587e-05
kroner,1.4101738194007587e-05
transpar,1.4101738194007587e-05
shortest,1.4101738194007587e-05
brussel,1.4101738194007587e-05
reagan,1.4101738194007587e-05
contractionari,1.4101738194007587e-05
staley,1.4101738194007587e-05
twentysix,1.4101738194007587e-05
dialogu,1.4101738194007587e-05
saddl,1.4101738194007587e-05
midland,1.4101738194007587e-05
sidiari,1.4101738194007587e-05
bel,1.4101738194007587e-05
eaton,1.4101738194007587e-05
nexus,1.4101738194007587e-05
gunnar,1.4101738194007587e-05
combi,1.4101738194007587e-05
swept,1.4101738194007587e-05
maclaurin,1.4101738194007587e-05
bornstein,1.4101738194007587e-05
woodward,1.4101738194007587e-05
consi,1.4101738194007587e-05
doublecount,1.4101738194007587e-05
immi,1.4101738194007587e-05
homer,1.4101738194007587e-05
buck,1.4101738194007587e-05
kitchen,1.4101738194007587e-05
salabl,1.4101738194007587e-05
periti,1.4101738194007587e-05
affin,1.4101738194007587e-05
timeconsum,1.4101738194007587e-05
reshap,1.4101738194007587e-05
tise,1.4101738194007587e-05
clower,1.4101738194007587e-05
ali,1.4101738194007587e-05
cago,1.3757793360007402e-05
bowman,1.3757793360007402e-05
ilo,1.3757793360007402e-05
phantom,1.3757793360007402e-05
bankrupt,1.3757793360007402e-05
sou,1.3757793360007402e-05
patibl,1.3757793360007402e-05
ipso,1.3757793360007402e-05
creator,1.3757793360007402e-05
internat,1.3757793360007402e-05
milieu,1.3757793360007402e-05
qualifica,1.3757793360007402e-05
constel,1.3757793360007402e-05
waiv,1.3757793360007402e-05
ladder,1.3757793360007402e-05
appel,1.3757793360007402e-05
praisal,1.3757793360007402e-05
fir,1.3757793360007402e-05
ruler,1.3757793360007402e-05
gehrel,1.3757793360007402e-05
disinterest,1.3757793360007402e-05
unr,1.3757793360007402e-05
grope,1.3757793360007402e-05
drs,1.3757793360007402e-05
lyze,1.3757793360007402e-05
misfortun,1.3757793360007402e-05
hun,1.3757793360007402e-05
canner,1.3757793360007402e-05
owen,1.3757793360007402e-05
nacion,1.3757793360007402e-05
allegi,1.3757793360007402e-05
handsom,1.3757793360007402e-05
cruder,1.3757793360007402e-05
potteri,1.3757793360007402e-05
corpus,1.3757793360007402e-05
peanut,1.3757793360007402e-05
evapor,1.3757793360007402e-05
warsaw,1.3757793360007402e-05
modifica,1.3757793360007402e-05
ober,1.3757793360007402e-05
secr,1.3757793360007402e-05
degrad,1.3757793360007402e-05
reshuffl,1.3757793360007402e-05
alt,1.3757793360007402e-05
atic,1.3757793360007402e-05
aristotl,1.3757793360007402e-05
mccormick,1.3757793360007402e-05
linger,1.3757793360007402e-05
elim,1.3757793360007402e-05
swer,1.3757793360007402e-05
westinghous,1.3757793360007402e-05
shaken,1.3757793360007402e-05
minant,1.3757793360007402e-05
urement,1.3757793360007402e-05
wile,1.3757793360007402e-05
banana,1.3757793360007402e-05
apprentic,1.3757793360007402e-05
danc,1.3757793360007402e-05
nomena,1.3757793360007402e-05
turbin,1.3757793360007402e-05
dice,1.3757793360007402e-05
unfold,1.3757793360007402e-05
coef,1.3757793360007402e-05
standabl,1.3757793360007402e-05
genesi,1.3757793360007402e-05
pricequant,1.3757793360007402e-05
authoris,1.3757793360007402e-05
ural,1.3757793360007402e-05
indepen,1.3757793360007402e-05
michi,1.3757793360007402e-05
alto,1.3757793360007402e-05
manmad,1.3757793360007402e-05
typifi,1.3757793360007402e-05
tele,1.3757793360007402e-05
anceofpay,1.3757793360007402e-05
permeat,1.3757793360007402e-05
dodg,1.3757793360007402e-05
changeabl,1.3757793360007402e-05
promissori,1.3757793360007402e-05
cred,1.3757793360007402e-05
shorterterm,1.3757793360007402e-05
chemi,1.3757793360007402e-05
stupid,1.3757793360007402e-05
communi,1.3757793360007402e-05
collinear,1.3757793360007402e-05
inexhaust,1.3413848526007216e-05
periment,1.3413848526007216e-05
rica,1.3413848526007216e-05
parametr,1.3413848526007216e-05
durham,1.3413848526007216e-05
fromn,1.3413848526007216e-05
sharpest,1.3413848526007216e-05
ratif,1.3413848526007216e-05
focuss,1.3413848526007216e-05
nonhous,1.3413848526007216e-05
sag,1.3413848526007216e-05
stevenson,1.3413848526007216e-05
galenson,1.3413848526007216e-05
retrench,1.3413848526007216e-05
absorp,1.3413848526007216e-05
rever,1.3413848526007216e-05
lime,1.3413848526007216e-05
proprieti,1.3413848526007216e-05
chan,1.3413848526007216e-05
boulder,1.3413848526007216e-05
lull,1.3413848526007216e-05
guesswork,1.3413848526007216e-05
mcgraw,1.3413848526007216e-05
mps,1.3413848526007216e-05
purg,1.3413848526007216e-05
dren,1.3413848526007216e-05
mobilis,1.3413848526007216e-05
uncorrect,1.3413848526007216e-05
recapitul,1.3413848526007216e-05
aca,1.3413848526007216e-05
entangl,1.3413848526007216e-05
unattract,1.3413848526007216e-05
deprec,1.3413848526007216e-05
exog,1.3413848526007216e-05
abstin,1.3413848526007216e-05
winner,1.3413848526007216e-05
hufbauer,1.3413848526007216e-05
unnot,1.3413848526007216e-05
kilowatthour,1.3413848526007216e-05
coo,1.3413848526007216e-05
untru,1.3413848526007216e-05
eastwest,1.3413848526007216e-05
fourfold,1.3413848526007216e-05
frankfurt,1.3413848526007216e-05
cds,1.3413848526007216e-05
bribe,1.3413848526007216e-05
iooooo,1.3413848526007216e-05
nonzero,1.3413848526007216e-05
unintent,1.3413848526007216e-05
gerhard,1.3413848526007216e-05
subsect,1.3413848526007216e-05
rhomberg,1.3413848526007216e-05
conrad,1.3413848526007216e-05
recollect,1.3413848526007216e-05
flower,1.3413848526007216e-05
thereon,1.3413848526007216e-05
propound,1.3413848526007216e-05
primer,1.3413848526007216e-05
conserva,1.3413848526007216e-05
desai,1.3413848526007216e-05
steamship,1.3413848526007216e-05
shore,1.3413848526007216e-05
quisit,1.3413848526007216e-05
monetar,1.3413848526007216e-05
johnston,1.3413848526007216e-05
batteri,1.3413848526007216e-05
takehom,1.3413848526007216e-05
mistic,1.3413848526007216e-05
misrepres,1.3413848526007216e-05
congest,1.3413848526007216e-05
copyright,1.3413848526007216e-05
moot,1.3413848526007216e-05
imperil,1.3413848526007216e-05
contributori,1.3413848526007216e-05
primaci,1.3413848526007216e-05
nonspecul,1.3413848526007216e-05
cleaner,1.3413848526007216e-05
amateur,1.3413848526007216e-05
happili,1.3413848526007216e-05
theoretician,1.3413848526007216e-05
qual,1.3413848526007216e-05
impervi,1.3413848526007216e-05
overdu,1.3413848526007216e-05
heinrich,1.3413848526007216e-05
notifi,1.3413848526007216e-05
asterisk,1.3413848526007216e-05
kth,1.3413848526007216e-05
tabular,1.3413848526007216e-05
metaphor,1.3413848526007216e-05
wither,1.3413848526007216e-05
marvin,1.3413848526007216e-05
subsi,1.3413848526007216e-05
arith,1.3413848526007216e-05
lxxiv,1.3413848526007216e-05
handi,1.3413848526007216e-05
reconstitut,1.3413848526007216e-05
protagonist,1.3413848526007216e-05
privi,1.3413848526007216e-05
yntema,1.3413848526007216e-05
infantindustri,1.3413848526007216e-05
merci,1.3413848526007216e-05
richest,1.3413848526007216e-05
nearterm,1.3413848526007216e-05
gradient,1.3413848526007216e-05
liberalis,1.3413848526007216e-05
lap,1.3413848526007216e-05
drove,1.3413848526007216e-05
metaphys,1.3413848526007216e-05
speedi,1.3413848526007216e-05
yate,1.3413848526007216e-05
civic,1.3413848526007216e-05
jerom,1.3413848526007216e-05
barbado,1.3413848526007216e-05
pothes,1.3413848526007216e-05
bite,1.3413848526007216e-05
pennsyl,1.3413848526007216e-05
forcibl,1.3069903692007032e-05
offin,1.3069903692007032e-05
caustic,1.3069903692007032e-05
redistribu,1.3069903692007032e-05
curement,1.3069903692007032e-05
hanc,1.3069903692007032e-05
richmond,1.3069903692007032e-05
elimina,1.3069903692007032e-05
punch,1.3069903692007032e-05
malthuss,1.3069903692007032e-05
maisel,1.3069903692007032e-05
woollen,1.3069903692007032e-05
chequ,1.3069903692007032e-05
ler,1.3069903692007032e-05
seattl,1.3069903692007032e-05
axiomat,1.3069903692007032e-05
mostfavoredn,1.3069903692007032e-05
patel,1.3069903692007032e-05
glean,1.3069903692007032e-05
wick,1.3069903692007032e-05
flander,1.3069903692007032e-05
helpless,1.3069903692007032e-05
threefifth,1.3069903692007032e-05
discrim,1.3069903692007032e-05
lampman,1.3069903692007032e-05
modat,1.3069903692007032e-05
alabama,1.3069903692007032e-05
dimension,1.3069903692007032e-05
twentynin,1.3069903692007032e-05
traliz,1.3069903692007032e-05
predomi,1.3069903692007032e-05
feldstein,1.3069903692007032e-05
perforc,1.3069903692007032e-05
margoli,1.3069903692007032e-05
factorpric,1.3069903692007032e-05
trict,1.3069903692007032e-05
stumbl,1.3069903692007032e-05
populac,1.3069903692007032e-05
brumberg,1.3069903692007032e-05
distast,1.3069903692007032e-05
undo,1.3069903692007032e-05
jargon,1.3069903692007032e-05
lator,1.3069903692007032e-05
mainder,1.3069903692007032e-05
costa,1.3069903692007032e-05
submerg,1.3069903692007032e-05
salesmanship,1.3069903692007032e-05
adjunct,1.3069903692007032e-05
perri,1.3069903692007032e-05
esteem,1.3069903692007032e-05
filter,1.3069903692007032e-05
folk,1.3069903692007032e-05
irrevoc,1.3069903692007032e-05
theresa,1.3069903692007032e-05
ambival,1.3069903692007032e-05
ripe,1.3069903692007032e-05
weltwirtschaftlich,1.3069903692007032e-05
savannah,1.3069903692007032e-05
kareken,1.3069903692007032e-05
recogniz,1.3069903692007032e-05
workman,1.3069903692007032e-05
tlle,1.3069903692007032e-05
springer,1.3069903692007032e-05
sequel,1.3069903692007032e-05
lund,1.3069903692007032e-05
pullman,1.3069903692007032e-05
everett,1.3069903692007032e-05
outrag,1.3069903692007032e-05
revel,1.3069903692007032e-05
morgenstern,1.3069903692007032e-05
tabula,1.3069903692007032e-05
estimat,1.3069903692007032e-05
conquer,1.3069903692007032e-05
generos,1.3069903692007032e-05
lunch,1.3069903692007032e-05
barbara,1.3069903692007032e-05
petro,1.3069903692007032e-05
midthirti,1.3069903692007032e-05
correc,1.3069903692007032e-05
bloomfield,1.3069903692007032e-05
stove,1.3069903692007032e-05
kyklo,1.3069903692007032e-05
terleckyj,1.3069903692007032e-05
borderlin,1.3069903692007032e-05
fox,1.3069903692007032e-05
opt,1.3069903692007032e-05
etud,1.3069903692007032e-05
twocountri,1.3069903692007032e-05
tiie,1.3069903692007032e-05
cheat,1.3069903692007032e-05
outgrowth,1.3069903692007032e-05
metic,1.3069903692007032e-05
laborus,1.3069903692007032e-05
peo,1.3069903692007032e-05
lyon,1.3069903692007032e-05
ownrat,1.3069903692007032e-05
optic,1.3069903692007032e-05
eric,1.3069903692007032e-05
zeitschrift,1.3069903692007032e-05
oilse,1.3069903692007032e-05
neokeynesian,1.3069903692007032e-05
ioii,1.3069903692007032e-05
lockout,1.3069903692007032e-05
jensen,1.3069903692007032e-05
leningrad,1.3069903692007032e-05
obituari,1.3069903692007032e-05
pinpoint,1.3069903692007032e-05
centrifug,1.3069903692007032e-05
phi,1.3069903692007032e-05
chil,1.3069903692007032e-05
montreal,1.3069903692007032e-05
kil,1.3069903692007032e-05
ord,1.3069903692007032e-05
livelihood,1.3069903692007032e-05
feebl,1.3069903692007032e-05
punit,1.3069903692007032e-05
orat,1.3069903692007032e-05
mercuri,1.2725958858006847e-05
cso,1.2725958858006847e-05
theil,1.2725958858006847e-05
enjoin,1.2725958858006847e-05
pathbreak,1.2725958858006847e-05
coauthor,1.2725958858006847e-05
hebrew,1.2725958858006847e-05
deflect,1.2725958858006847e-05
cat,1.2725958858006847e-05
unitvalu,1.2725958858006847e-05
loyal,1.2725958858006847e-05
deteriora,1.2725958858006847e-05
rothschild,1.2725958858006847e-05
widow,1.2725958858006847e-05
promi,1.2725958858006847e-05
proletariat,1.2725958858006847e-05
bowl,1.2725958858006847e-05
ive,1.2725958858006847e-05
hail,1.2725958858006847e-05
signif,1.2725958858006847e-05
deleteri,1.2725958858006847e-05
brechl,1.2725958858006847e-05
stiff,1.2725958858006847e-05
teria,1.2725958858006847e-05
pitt,1.2725958858006847e-05
delphia,1.2725958858006847e-05
massel,1.2725958858006847e-05
aaron,1.2725958858006847e-05
materiel,1.2725958858006847e-05
edgar,1.2725958858006847e-05
luca,1.2725958858006847e-05
quadrupl,1.2725958858006847e-05
watanab,1.2725958858006847e-05
surmount,1.2725958858006847e-05
flax,1.2725958858006847e-05
forefront,1.2725958858006847e-05
armour,1.2725958858006847e-05
wastag,1.2725958858006847e-05
smoother,1.2725958858006847e-05
cruzeiro,1.2725958858006847e-05
astray,1.2725958858006847e-05
turb,1.2725958858006847e-05
bubbl,1.2725958858006847e-05
statesmanship,1.2725958858006847e-05
bishop,1.2725958858006847e-05
mechanis,1.2725958858006847e-05
cullen,1.2725958858006847e-05
downpay,1.2725958858006847e-05
interag,1.2725958858006847e-05
capitalstock,1.2725958858006847e-05
lxxii,1.2725958858006847e-05
lovel,1.2725958858006847e-05
attrac,1.2725958858006847e-05
blade,1.2725958858006847e-05
underway,1.2725958858006847e-05
swollen,1.2725958858006847e-05
sert,1.2725958858006847e-05
vall,1.2725958858006847e-05
cottag,1.2725958858006847e-05
capa,1.2725958858006847e-05
myriad,1.2725958858006847e-05
wari,1.2725958858006847e-05
blough,1.2725958858006847e-05
postbellum,1.2725958858006847e-05
piero,1.2725958858006847e-05
plaintiff,1.2725958858006847e-05
universitiesn,1.2725958858006847e-05
antithesi,1.2725958858006847e-05
sore,1.2725958858006847e-05
ept,1.2725958858006847e-05
possibil,1.2725958858006847e-05
meticul,1.2725958858006847e-05
resili,1.2725958858006847e-05
merril,1.2725958858006847e-05
febru,1.2725958858006847e-05
undisturb,1.2725958858006847e-05
katz,1.2725958858006847e-05
plicabl,1.2725958858006847e-05
ayr,1.2725958858006847e-05
overhang,1.2725958858006847e-05
mage,1.2725958858006847e-05
italic,1.2725958858006847e-05
nanci,1.2725958858006847e-05
stalinist,1.2725958858006847e-05
stockflow,1.2725958858006847e-05
fascist,1.2725958858006847e-05
retroact,1.2725958858006847e-05
overhaul,1.2725958858006847e-05
minski,1.2725958858006847e-05
franklyn,1.2725958858006847e-05
shiftabl,1.2725958858006847e-05
rupt,1.2725958858006847e-05
robust,1.2725958858006847e-05
leeway,1.2725958858006847e-05
murder,1.2725958858006847e-05
skil,1.2725958858006847e-05
thick,1.2725958858006847e-05
scious,1.2725958858006847e-05
muster,1.2725958858006847e-05
psi,1.2725958858006847e-05
liminari,1.2725958858006847e-05
overemploy,1.2725958858006847e-05
roos,1.2725958858006847e-05
brem,1.2725958858006847e-05
laborforc,1.2725958858006847e-05
mayjun,1.2725958858006847e-05
statesmen,1.2382014024006661e-05
zonal,1.2382014024006661e-05
reelect,1.2382014024006661e-05
ahn,1.2382014024006661e-05
nucleus,1.2382014024006661e-05
cochran,1.2382014024006661e-05
gist,1.2382014024006661e-05
hartley,1.2382014024006661e-05
revit,1.2382014024006661e-05
jor,1.2382014024006661e-05
rub,1.2382014024006661e-05
rosa,1.2382014024006661e-05
girl,1.2382014024006661e-05
fixiti,1.2382014024006661e-05
casualti,1.2382014024006661e-05
weighti,1.2382014024006661e-05
unpub,1.2382014024006661e-05
satisf,1.2382014024006661e-05
folli,1.2382014024006661e-05
aubrey,1.2382014024006661e-05
exclusionari,1.2382014024006661e-05
panacea,1.2382014024006661e-05
czech,1.2382014024006661e-05
plural,1.2382014024006661e-05
flux,1.2382014024006661e-05
stricter,1.2382014024006661e-05
musician,1.2382014024006661e-05
bale,1.2382014024006661e-05
eea,1.2382014024006661e-05
reevalu,1.2382014024006661e-05
versi,1.2382014024006661e-05
irma,1.2382014024006661e-05
olist,1.2382014024006661e-05
tact,1.2382014024006661e-05
nicholson,1.2382014024006661e-05
ash,1.2382014024006661e-05
drought,1.2382014024006661e-05
superintend,1.2382014024006661e-05
transpor,1.2382014024006661e-05
cuthbertson,1.2382014024006661e-05
dobrovolski,1.2382014024006661e-05
intramargin,1.2382014024006661e-05
engerman,1.2382014024006661e-05
pinch,1.2382014024006661e-05
biennial,1.2382014024006661e-05
misguid,1.2382014024006661e-05
intraunion,1.2382014024006661e-05
inv,1.2382014024006661e-05
auten,1.2382014024006661e-05
compart,1.2382014024006661e-05
reintroduc,1.2382014024006661e-05
upkeep,1.2382014024006661e-05
snape,1.2382014024006661e-05
heaviest,1.2382014024006661e-05
narili,1.2382014024006661e-05
privatelyown,1.2382014024006661e-05
habakkuk,1.2382014024006661e-05
weitzman,1.2382014024006661e-05
proud,1.2382014024006661e-05
lief,1.2382014024006661e-05
jenkin,1.2382014024006661e-05
laboroutput,1.2382014024006661e-05
indistinguish,1.2382014024006661e-05
fruitless,1.2382014024006661e-05
ernst,1.2382014024006661e-05
slate,1.2382014024006661e-05
onthejob,1.2382014024006661e-05
wooden,1.2382014024006661e-05
unfound,1.2382014024006661e-05
neutralis,1.2382014024006661e-05
anticompetit,1.2382014024006661e-05
warrel,1.2382014024006661e-05
procycl,1.2382014024006661e-05
marketori,1.2382014024006661e-05
edmund,1.2382014024006661e-05
whelm,1.2382014024006661e-05
fixedweight,1.2382014024006661e-05
clever,1.2382014024006661e-05
seaboard,1.2382014024006661e-05
echelon,1.2382014024006661e-05
dalton,1.2382014024006661e-05
tractiv,1.2382014024006661e-05
oregon,1.2382014024006661e-05
cream,1.2382014024006661e-05
undifferenti,1.2382014024006661e-05
symptomat,1.2382014024006661e-05
erm,1.2382014024006661e-05
insta,1.2382014024006661e-05
cynic,1.2382014024006661e-05
projector,1.2382014024006661e-05
fami,1.2382014024006661e-05
humanitarian,1.2382014024006661e-05
immor,1.2382014024006661e-05
skeleton,1.2382014024006661e-05
ghosh,1.2382014024006661e-05
phone,1.2038069190006476e-05
vene,1.2038069190006476e-05
conver,1.2038069190006476e-05
patern,1.2038069190006476e-05
chilean,1.2038069190006476e-05
oio,1.2038069190006476e-05
ayi,1.2038069190006476e-05
postkorean,1.2038069190006476e-05
equalitarian,1.2038069190006476e-05
tinent,1.2038069190006476e-05
rutger,1.2038069190006476e-05
conn,1.2038069190006476e-05
lighter,1.2038069190006476e-05
orig,1.2038069190006476e-05
anci,1.2038069190006476e-05
recogni,1.2038069190006476e-05
workpeopl,1.2038069190006476e-05
ratchford,1.2038069190006476e-05
sevenyear,1.2038069190006476e-05
exemp,1.2038069190006476e-05
nut,1.2038069190006476e-05
kessel,1.2038069190006476e-05
disinflationari,1.2038069190006476e-05
metro,1.2038069190006476e-05
grid,1.2038069190006476e-05
referendum,1.2038069190006476e-05
estado,1.2038069190006476e-05
starvat,1.2038069190006476e-05
salvador,1.2038069190006476e-05
nish,1.2038069190006476e-05
vie,1.2038069190006476e-05
jahrbuch,1.2038069190006476e-05
dentli,1.2038069190006476e-05
alaska,1.2038069190006476e-05
tifi,1.2038069190006476e-05
suburb,1.2038069190006476e-05
kodak,1.2038069190006476e-05
ghost,1.2038069190006476e-05
puriti,1.2038069190006476e-05
openend,1.2038069190006476e-05
inop,1.2038069190006476e-05
budg,1.2038069190006476e-05
lognorm,1.2038069190006476e-05
paraguay,1.2038069190006476e-05
overpay,1.2038069190006476e-05
costof,1.2038069190006476e-05
costbenefit,1.2038069190006476e-05
dovetail,1.2038069190006476e-05
calm,1.2038069190006476e-05
imat,1.2038069190006476e-05
ommend,1.2038069190006476e-05
profitshar,1.2038069190006476e-05
overton,1.2038069190006476e-05
sinclair,1.2038069190006476e-05
incomeinduc,1.2038069190006476e-05
semest,1.2038069190006476e-05
exportori,1.2038069190006476e-05
wirtschaft,1.2038069190006476e-05
barren,1.2038069190006476e-05
soci,1.2038069190006476e-05
umbrella,1.2038069190006476e-05
subsampl,1.2038069190006476e-05
amierican,1.2038069190006476e-05
hoselitz,1.2038069190006476e-05
marginalcost,1.2038069190006476e-05
tralia,1.2038069190006476e-05
leng,1.2038069190006476e-05
nois,1.2038069190006476e-05
indochina,1.2038069190006476e-05
equivoc,1.2038069190006476e-05
rig,1.2038069190006476e-05
dere,1.2038069190006476e-05
yeh,1.2038069190006476e-05
liabili,1.2038069190006476e-05
veneer,1.2038069190006476e-05
phila,1.2038069190006476e-05
alic,1.2038069190006476e-05
acknowl,1.2038069190006476e-05
deterg,1.2038069190006476e-05
patterson,1.2038069190006476e-05
curvilinear,1.2038069190006476e-05
materialist,1.2038069190006476e-05
normalis,1.2038069190006476e-05
fan,1.2038069190006476e-05
foreignown,1.2038069190006476e-05
incis,1.2038069190006476e-05
destabilis,1.2038069190006476e-05
fade,1.2038069190006476e-05
unravel,1.2038069190006476e-05
twostag,1.2038069190006476e-05
unex,1.2038069190006476e-05
preempt,1.2038069190006476e-05
chamberlain,1.2038069190006476e-05
comprehen,1.2038069190006476e-05
pond,1.2038069190006476e-05
trialize,1.2038069190006476e-05
caricatur,1.2038069190006476e-05
shortcut,1.2038069190006476e-05
monthtomonth,1.2038069190006476e-05
jacqu,1.2038069190006476e-05
tinct,1.2038069190006476e-05
delib,1.2038069190006476e-05
aggrega,1.2038069190006476e-05
apprecia,1.2038069190006476e-05
debtfinanc,1.2038069190006476e-05
douglass,1.2038069190006476e-05
snow,1.2038069190006476e-05
trailer,1.2038069190006476e-05
oni,1.2038069190006476e-05
nemour,1.2038069190006476e-05
penros,1.2038069190006476e-05
carload,1.2038069190006476e-05
nonagricul,1.2038069190006476e-05
scandal,1.2038069190006476e-05
treacher,1.2038069190006476e-05
philo,1.2038069190006476e-05
perus,1.2038069190006476e-05
journey,1.2038069190006476e-05
unquest,1.2038069190006476e-05
perturb,1.2038069190006476e-05
sato,1.2038069190006476e-05
melbourn,1.2038069190006476e-05
appen,1.2038069190006476e-05
soldier,1.2038069190006476e-05
overexpans,1.2038069190006476e-05
stract,1.2038069190006476e-05
quadrat,1.2038069190006476e-05
ister,1.2038069190006476e-05
availa,1.2038069190006476e-05
crum,1.2038069190006476e-05
cling,1.2038069190006476e-05
picket,1.2038069190006476e-05
patron,1.1694124356006292e-05
lifespan,1.1694124356006292e-05
def,1.1694124356006292e-05
kentucki,1.1694124356006292e-05
bolshevik,1.1694124356006292e-05
usu,1.1694124356006292e-05
denci,1.1694124356006292e-05
remiss,1.1694124356006292e-05
docket,1.1694124356006292e-05
quaci,1.1694124356006292e-05
heaven,1.1694124356006292e-05
cargo,1.1694124356006292e-05
teriz,1.1694124356006292e-05
backman,1.1694124356006292e-05
maizel,1.1694124356006292e-05
chisquar,1.1694124356006292e-05
nonoper,1.1694124356006292e-05
yaxi,1.1694124356006292e-05
approx,1.1694124356006292e-05
polar,1.1694124356006292e-05
toilet,1.1694124356006292e-05
tle,1.1694124356006292e-05
scratch,1.1694124356006292e-05
undersel,1.1694124356006292e-05
prai,1.1694124356006292e-05
viron,1.1694124356006292e-05
conti,1.1694124356006292e-05
unutil,1.1694124356006292e-05
falsif,1.1694124356006292e-05
reclassifi,1.1694124356006292e-05
wayn,1.1694124356006292e-05
cab,1.1694124356006292e-05
selfreli,1.1694124356006292e-05
unearn,1.1694124356006292e-05
preacher,1.1694124356006292e-05
rectangular,1.1694124356006292e-05
headway,1.1694124356006292e-05
possibili,1.1694124356006292e-05
logi,1.1694124356006292e-05
groundwork,1.1694124356006292e-05
pricesupport,1.1694124356006292e-05
chaser,1.1694124356006292e-05
rebellion,1.1694124356006292e-05
paley,1.1694124356006292e-05
literaci,1.1694124356006292e-05
specifica,1.1694124356006292e-05
xve,1.1694124356006292e-05
mellon,1.1694124356006292e-05
fratio,1.1694124356006292e-05
fifteenth,1.1694124356006292e-05
overtak,1.1694124356006292e-05
priceindex,1.1694124356006292e-05
talli,1.1694124356006292e-05
multipleproduct,1.1694124356006292e-05
revo,1.1694124356006292e-05
jena,1.1694124356006292e-05
focal,1.1694124356006292e-05
poster,1.1694124356006292e-05
lectual,1.1694124356006292e-05
neuberg,1.1694124356006292e-05
extort,1.1694124356006292e-05
circu,1.1694124356006292e-05
adolf,1.1694124356006292e-05
refresh,1.1694124356006292e-05
conspir,1.1694124356006292e-05
pigiron,1.1694124356006292e-05
erudit,1.1694124356006292e-05
obliter,1.1694124356006292e-05
candi,1.1694124356006292e-05
troy,1.1694124356006292e-05
obser,1.1694124356006292e-05
undefin,1.1694124356006292e-05
scb,1.1694124356006292e-05
uncon,1.1694124356006292e-05
deceiv,1.1694124356006292e-05
mileag,1.1694124356006292e-05
uninterest,1.1694124356006292e-05
gossen,1.1694124356006292e-05
whalley,1.1694124356006292e-05
scarcer,1.1694124356006292e-05
fps,1.1694124356006292e-05
lynn,1.1694124356006292e-05
counterinflationari,1.1694124356006292e-05
appetit,1.1694124356006292e-05
anthropolog,1.1694124356006292e-05
ceptanc,1.1694124356006292e-05
divest,1.1694124356006292e-05
blown,1.1694124356006292e-05
disadvan,1.1694124356006292e-05
riskbear,1.1694124356006292e-05
rainfal,1.1694124356006292e-05
edison,1.1694124356006292e-05
coalmin,1.1694124356006292e-05
unaccompani,1.1694124356006292e-05
afflict,1.1694124356006292e-05
shapiro,1.1694124356006292e-05
tributor,1.1694124356006292e-05
precaut,1.1694124356006292e-05
agi,1.1694124356006292e-05
ontario,1.1694124356006292e-05
middleincom,1.1694124356006292e-05
extant,1.1694124356006292e-05
hildebrand,1.1694124356006292e-05
unmanag,1.1694124356006292e-05
ritual,1.1694124356006292e-05
cordanc,1.1694124356006292e-05
chicken,1.1694124356006292e-05
reper,1.1694124356006292e-05
nonresid,1.1694124356006292e-05
victoria,1.1694124356006292e-05
coi,1.1694124356006292e-05
cupat,1.1694124356006292e-05
revi,1.1694124356006292e-05
balanceoftrad,1.1350179522006106e-05
pricedetermin,1.1350179522006106e-05
nervous,1.1350179522006106e-05
costsav,1.1350179522006106e-05
mcguir,1.1350179522006106e-05
carey,1.1350179522006106e-05
conscienti,1.1350179522006106e-05
reexport,1.1350179522006106e-05
harmless,1.1350179522006106e-05
yamey,1.1350179522006106e-05
opportu,1.1350179522006106e-05
aisi,1.1350179522006106e-05
imc,1.1350179522006106e-05
justifica,1.1350179522006106e-05
pletion,1.1350179522006106e-05
lowanc,1.1350179522006106e-05
miser,1.1350179522006106e-05
chen,1.1350179522006106e-05
etern,1.1350179522006106e-05
willi,1.1350179522006106e-05
apologet,1.1350179522006106e-05
shorthand,1.1350179522006106e-05
prodigi,1.1350179522006106e-05
reassert,1.1350179522006106e-05
myron,1.1350179522006106e-05
arkansa,1.1350179522006106e-05
waiver,1.1350179522006106e-05
flag,1.1350179522006106e-05
sponsorship,1.1350179522006106e-05
everincreas,1.1350179522006106e-05
alltim,1.1350179522006106e-05
tuat,1.1350179522006106e-05
lowercost,1.1350179522006106e-05
retrogress,1.1350179522006106e-05
prospectus,1.1350179522006106e-05
nesian,1.1350179522006106e-05
maldistribut,1.1350179522006106e-05
imbed,1.1350179522006106e-05
suburban,1.1350179522006106e-05
middleman,1.1350179522006106e-05
persion,1.1350179522006106e-05
neous,1.1350179522006106e-05
chal,1.1350179522006106e-05
papanek,1.1350179522006106e-05
overload,1.1350179522006106e-05
lancast,1.1350179522006106e-05
nitrat,1.1350179522006106e-05
leum,1.1350179522006106e-05
derstand,1.1350179522006106e-05
gent,1.1350179522006106e-05
lesli,1.1350179522006106e-05
cashbal,1.1350179522006106e-05
rationalis,1.1350179522006106e-05
plaster,1.1350179522006106e-05
burnham,1.1350179522006106e-05
hadley,1.1350179522006106e-05
boast,1.1350179522006106e-05
anticipa,1.1350179522006106e-05
museum,1.1350179522006106e-05
posthum,1.1350179522006106e-05
infra,1.1350179522006106e-05
incomeconsumpt,1.1350179522006106e-05
bird,1.1350179522006106e-05
visitor,1.1350179522006106e-05
trillion,1.1350179522006106e-05
fuzzi,1.1350179522006106e-05
signi,1.1350179522006106e-05
intellect,1.1350179522006106e-05
gestur,1.1350179522006106e-05
smp,1.1350179522006106e-05
redesign,1.1350179522006106e-05
pal,1.1350179522006106e-05
talist,1.1350179522006106e-05
southeastern,1.1350179522006106e-05
bon,1.1350179522006106e-05
prepay,1.1350179522006106e-05
xineffici,1.1350179522006106e-05
infus,1.1350179522006106e-05
excurs,1.1350179522006106e-05
maze,1.1350179522006106e-05
posti,1.1350179522006106e-05
ficult,1.1350179522006106e-05
unnec,1.1350179522006106e-05
semilog,1.1350179522006106e-05
momentarili,1.1350179522006106e-05
acta,1.1350179522006106e-05
quiditi,1.1350179522006106e-05
peng,1.1350179522006106e-05
defray,1.1350179522006106e-05
malleabl,1.1350179522006106e-05
malaysia,1.1350179522006106e-05
applaud,1.1350179522006106e-05
selden,1.1350179522006106e-05
countless,1.1350179522006106e-05
ofth,1.1350179522006106e-05
selfsupport,1.1350179522006106e-05
spondenc,1.1350179522006106e-05
priation,1.1350179522006106e-05
tenfold,1.1350179522006106e-05
forthright,1.1350179522006106e-05
misdirect,1.1350179522006106e-05
rai,1.1350179522006106e-05
reconstruc,1.1350179522006106e-05
erlich,1.1350179522006106e-05
ephemer,1.1350179522006106e-05
frenkel,1.1350179522006106e-05
bump,1.1350179522006106e-05
palat,1.1350179522006106e-05
hydrogen,1.1350179522006106e-05
winston,1.1350179522006106e-05
magnet,1.1350179522006106e-05
clarenc,1.1350179522006106e-05
dire,1.1350179522006106e-05
lamb,1.1350179522006106e-05
inelig,1.1006234688005921e-05
underesti,1.1006234688005921e-05
antidepress,1.1006234688005921e-05
admonit,1.1006234688005921e-05
lev,1.1006234688005921e-05
unin,1.1006234688005921e-05
parochi,1.1006234688005921e-05
mccord,1.1006234688005921e-05
timeprefer,1.1006234688005921e-05
scorn,1.1006234688005921e-05
regroup,1.1006234688005921e-05
bullock,1.1006234688005921e-05
pad,1.1006234688005921e-05
radar,1.1006234688005921e-05
heret,1.1006234688005921e-05
ferber,1.1006234688005921e-05
pow,1.1006234688005921e-05
shepherd,1.1006234688005921e-05
ell,1.1006234688005921e-05
rector,1.1006234688005921e-05
gao,1.1006234688005921e-05
undi,1.1006234688005921e-05
sorri,1.1006234688005921e-05
noy,1.1006234688005921e-05
distrib,1.1006234688005921e-05
chandis,1.1006234688005921e-05
cleavag,1.1006234688005921e-05
zurich,1.1006234688005921e-05
drainag,1.1006234688005921e-05
shopkeep,1.1006234688005921e-05
stration,1.1006234688005921e-05
lori,1.1006234688005921e-05
montgomeri,1.1006234688005921e-05
acced,1.1006234688005921e-05
interestinelast,1.1006234688005921e-05
terior,1.1006234688005921e-05
wagelevel,1.1006234688005921e-05
ironi,1.1006234688005921e-05
eliot,1.1006234688005921e-05
oven,1.1006234688005921e-05
marketclear,1.1006234688005921e-05
itt,1.1006234688005921e-05
hull,1.1006234688005921e-05
brew,1.1006234688005921e-05
markdown,1.1006234688005921e-05
miti,1.1006234688005921e-05
plexiti,1.1006234688005921e-05
lxxiii,1.1006234688005921e-05
jus,1.1006234688005921e-05
tradein,1.1006234688005921e-05
christensen,1.1006234688005921e-05
tne,1.1006234688005921e-05
looser,1.1006234688005921e-05
surv,1.1006234688005921e-05
conf,1.1006234688005921e-05
linder,1.1006234688005921e-05
reviewv,1.1006234688005921e-05
oret,1.1006234688005921e-05
unsati,1.1006234688005921e-05
reclassif,1.1006234688005921e-05
cdc,1.1006234688005921e-05
coars,1.1006234688005921e-05
razor,1.1006234688005921e-05
chocol,1.1006234688005921e-05
realworld,1.1006234688005921e-05
downgrad,1.1006234688005921e-05
hos,1.1006234688005921e-05
witt,1.1006234688005921e-05
graft,1.1006234688005921e-05
unrestrain,1.1006234688005921e-05
tedious,1.1006234688005921e-05
minha,1.1006234688005921e-05
stacl,1.1006234688005921e-05
crusad,1.1006234688005921e-05
berger,1.1006234688005921e-05
spectacl,1.1006234688005921e-05
fixat,1.1006234688005921e-05
eras,1.1006234688005921e-05
thai,1.1006234688005921e-05
las,1.1006234688005921e-05
crete,1.1006234688005921e-05
thermal,1.1006234688005921e-05
partur,1.1006234688005921e-05
unexplor,1.1006234688005921e-05
sociopolit,1.1006234688005921e-05
peston,1.1006234688005921e-05
tractabl,1.1006234688005921e-05
imprison,1.1006234688005921e-05
lection,1.1006234688005921e-05
vival,1.1006234688005921e-05
renounc,1.1006234688005921e-05
companywid,1.1006234688005921e-05
comm,1.1006234688005921e-05
digniti,1.1006234688005921e-05
ceram,1.1006234688005921e-05
democ,1.1006234688005921e-05
generic,1.1006234688005921e-05
binari,1.1006234688005921e-05
outputlabor,1.1006234688005921e-05
tower,1.1006234688005921e-05
detr,1.1006234688005921e-05
oklahoma,1.1006234688005921e-05
nordhaus,1.1006234688005921e-05
oligop,1.1006234688005921e-05
tenta,1.1006234688005921e-05
vaughan,1.1006234688005921e-05
hyman,1.1006234688005921e-05
sixtyf,1.1006234688005921e-05
multivari,1.1006234688005921e-05
highpric,1.1006234688005921e-05
cripp,1.1006234688005921e-05
dictabl,1.1006234688005921e-05
weisskopf,1.1006234688005921e-05
heresi,1.1006234688005921e-05
wagefix,1.1006234688005921e-05
footbal,1.1006234688005921e-05
strait,1.1006234688005921e-05
hast,1.1006234688005921e-05
anchor,1.1006234688005921e-05
repro,1.1006234688005921e-05
cape,1.1006234688005921e-05
nonus,1.1006234688005921e-05
bassi,1.1006234688005921e-05
fundamen,1.1006234688005921e-05
weiss,1.1006234688005921e-05
kuz,1.1006234688005921e-05
opposi,1.1006234688005921e-05
obliqu,1.0662289854005735e-05
hedon,1.0662289854005735e-05
truce,1.0662289854005735e-05
rienc,1.0662289854005735e-05
prejud,1.0662289854005735e-05
overwork,1.0662289854005735e-05
alize,1.0662289854005735e-05
disconcert,1.0662289854005735e-05
ink,1.0662289854005735e-05
opportunist,1.0662289854005735e-05
reuben,1.0662289854005735e-05
iioo,1.0662289854005735e-05
followon,1.0662289854005735e-05
subtleti,1.0662289854005735e-05
converti,1.0662289854005735e-05
usurp,1.0662289854005735e-05
stall,1.0662289854005735e-05
parenthesi,1.0662289854005735e-05
disquiet,1.0662289854005735e-05
mesh,1.0662289854005735e-05
burgess,1.0662289854005735e-05
stuck,1.0662289854005735e-05
jordan,1.0662289854005735e-05
cherish,1.0662289854005735e-05
lawson,1.0662289854005735e-05
transforma,1.0662289854005735e-05
steiner,1.0662289854005735e-05
leftward,1.0662289854005735e-05
prolif,1.0662289854005735e-05
harden,1.0662289854005735e-05
realwag,1.0662289854005735e-05
legend,1.0662289854005735e-05
decen,1.0662289854005735e-05
rept,1.0662289854005735e-05
nerv,1.0662289854005735e-05
shake,1.0662289854005735e-05
sanitari,1.0662289854005735e-05
lone,1.0662289854005735e-05
lausann,1.0662289854005735e-05
farfetch,1.0662289854005735e-05
hes,1.0662289854005735e-05
splendid,1.0662289854005735e-05
duopoli,1.0662289854005735e-05
sickl,1.0662289854005735e-05
prom,1.0662289854005735e-05
cwt,1.0662289854005735e-05
acm,1.0662289854005735e-05
intrasector,1.0662289854005735e-05
rectangl,1.0662289854005735e-05
politicoeconom,1.0662289854005735e-05
yin,1.0662289854005735e-05
warp,1.0662289854005735e-05
barn,1.0662289854005735e-05
casion,1.0662289854005735e-05
underproduct,1.0662289854005735e-05
cox,1.0662289854005735e-05
chester,1.0662289854005735e-05
payasyougo,1.0662289854005735e-05
nth,1.0662289854005735e-05
penni,1.0662289854005735e-05
sympath,1.0662289854005735e-05
housew,1.0662289854005735e-05
sific,1.0662289854005735e-05
rerank,1.0662289854005735e-05
longtim,1.0662289854005735e-05
internazional,1.0662289854005735e-05
preciabl,1.0662289854005735e-05
disci,1.0662289854005735e-05
unexploit,1.0662289854005735e-05
labora,1.0662289854005735e-05
wax,1.0662289854005735e-05
enquir,1.0662289854005735e-05
carrol,1.0662289854005735e-05
tensiti,1.0662289854005735e-05
xaxi,1.0662289854005735e-05
linguist,1.0662289854005735e-05
economis,1.0662289854005735e-05
selfcontain,1.0662289854005735e-05
noncompli,1.0662289854005735e-05
ming,1.0662289854005735e-05
whitak,1.0662289854005735e-05
diametr,1.0662289854005735e-05
inclu,1.0662289854005735e-05
alent,1.0662289854005735e-05
kete,1.0662289854005735e-05
pill,1.0662289854005735e-05
compu,1.0662289854005735e-05
bloom,1.0662289854005735e-05
thirtythre,1.0662289854005735e-05
multipurpos,1.0662289854005735e-05
fluiditi,1.0662289854005735e-05
twelvemonth,1.0662289854005735e-05
demic,1.0662289854005735e-05
arti,1.0662289854005735e-05
oswald,1.0662289854005735e-05
bibliograph,1.0662289854005735e-05
bewild,1.0662289854005735e-05
abraham,1.0662289854005735e-05
imprint,1.0662289854005735e-05
partak,1.0662289854005735e-05
macroeco,1.0662289854005735e-05
koyck,1.0662289854005735e-05
hyperbola,1.0662289854005735e-05
vard,1.0662289854005735e-05
spiritu,1.0662289854005735e-05
schneider,1.0662289854005735e-05
cart,1.0662289854005735e-05
insurmount,1.0662289854005735e-05
uncorrel,1.0662289854005735e-05
inorgan,1.0662289854005735e-05
whittl,1.0662289854005735e-05
isnt,1.0662289854005735e-05
selfgener,1.0662289854005735e-05
incess,1.0662289854005735e-05
rightward,1.0662289854005735e-05
gsa,1.0662289854005735e-05
workforc,1.0662289854005735e-05
esoter,1.0662289854005735e-05
pet,1.0662289854005735e-05
gase,1.0662289854005735e-05
cmnd,1.0662289854005735e-05
rage,1.0662289854005735e-05
jul,1.0662289854005735e-05
dakota,1.0662289854005735e-05
undefl,1.0662289854005735e-05
sky,1.0662289854005735e-05
wornout,1.0662289854005735e-05
ineffectu,1.0662289854005735e-05
fraught,1.0662289854005735e-05
turgot,1.0662289854005735e-05
workmanship,1.0662289854005735e-05
infanc,1.0662289854005735e-05
nonbas,1.0662289854005735e-05
anthropologist,1.0662289854005735e-05
lurk,1.0318345020005552e-05
lse,1.0318345020005552e-05
oin,1.0318345020005552e-05
semilogarithm,1.0318345020005552e-05
westminst,1.0318345020005552e-05
piecer,1.0318345020005552e-05
wagepush,1.0318345020005552e-05
bust,1.0318345020005552e-05
equiv,1.0318345020005552e-05
omin,1.0318345020005552e-05
jurisd,1.0318345020005552e-05
subvector,1.0318345020005552e-05
shorttim,1.0318345020005552e-05
twelfth,1.0318345020005552e-05
fabri,1.0318345020005552e-05
prose,1.0318345020005552e-05
eigner,1.0318345020005552e-05
loop,1.0318345020005552e-05
hansard,1.0318345020005552e-05
rist,1.0318345020005552e-05
marc,1.0318345020005552e-05
batch,1.0318345020005552e-05
tradict,1.0318345020005552e-05
tens,1.0318345020005552e-05
tobago,1.0318345020005552e-05
indisput,1.0318345020005552e-05
freeenterpris,1.0318345020005552e-05
vacant,1.0318345020005552e-05
kendal,1.0318345020005552e-05
tradabl,1.0318345020005552e-05
costbas,1.0318345020005552e-05
lifecycl,1.0318345020005552e-05
kin,1.0318345020005552e-05
overview,1.0318345020005552e-05
quiri,1.0318345020005552e-05
estima,1.0318345020005552e-05
isa,1.0318345020005552e-05
spokesman,1.0318345020005552e-05
nonneg,1.0318345020005552e-05
unborrow,1.0318345020005552e-05
disad,1.0318345020005552e-05
fogel,1.0318345020005552e-05
leigh,1.0318345020005552e-05
benthamit,1.0318345020005552e-05
sionari,1.0318345020005552e-05
venturesom,1.0318345020005552e-05
allyn,1.0318345020005552e-05
percentagewis,1.0318345020005552e-05
betray,1.0318345020005552e-05
proscrib,1.0318345020005552e-05
peal,1.0318345020005552e-05
gover,1.0318345020005552e-05
trustworthi,1.0318345020005552e-05
olson,1.0318345020005552e-05
supermarket,1.0318345020005552e-05
honolulu,1.0318345020005552e-05
strout,1.0318345020005552e-05
stag,1.0318345020005552e-05
incomegener,1.0318345020005552e-05
hudson,1.0318345020005552e-05
overr,1.0318345020005552e-05
paretian,1.0318345020005552e-05
xeffici,1.0318345020005552e-05
wed,1.0318345020005552e-05
contracept,1.0318345020005552e-05
entropi,1.0318345020005552e-05
patrick,1.0318345020005552e-05
slice,1.0318345020005552e-05
husbandri,1.0318345020005552e-05
crosshaul,1.0318345020005552e-05
anted,1.0318345020005552e-05
chargeabl,1.0318345020005552e-05
shuttl,1.0318345020005552e-05
dicta,1.0318345020005552e-05
carlo,1.0318345020005552e-05
pierson,1.0318345020005552e-05
overcrowd,1.0318345020005552e-05
hirshleif,1.0318345020005552e-05
amc,1.0318345020005552e-05
exploita,1.0318345020005552e-05
venienc,1.0318345020005552e-05
dentist,1.0318345020005552e-05
macaulay,1.0318345020005552e-05
endog,1.0318345020005552e-05
quicken,1.0318345020005552e-05
bellum,1.0318345020005552e-05
firstyear,1.0318345020005552e-05
fend,1.0318345020005552e-05
une,1.0318345020005552e-05
icant,1.0318345020005552e-05
laymen,1.0318345020005552e-05
darwin,1.0318345020005552e-05
continuum,1.0318345020005552e-05
cyt,1.0318345020005552e-05
ilar,1.0318345020005552e-05
collin,1.0318345020005552e-05
reestim,1.0318345020005552e-05
mana,1.0318345020005552e-05
aboveaverag,1.0318345020005552e-05
summarili,1.0318345020005552e-05
gibl,1.0318345020005552e-05
neighbourhood,1.0318345020005552e-05
jet,1.0318345020005552e-05
marrin,1.0318345020005552e-05
prospec,1.0318345020005552e-05
kerosen,1.0318345020005552e-05
headach,1.0318345020005552e-05
bullish,1.0318345020005552e-05
onecommod,1.0318345020005552e-05
japa,1.0318345020005552e-05
comt,1.0318345020005552e-05
carriag,1.0318345020005552e-05
mun,1.0318345020005552e-05
dissoci,1.0318345020005552e-05
recurs,1.0318345020005552e-05
improvis,1.0318345020005552e-05
magnific,1.0318345020005552e-05
uncoordin,1.0318345020005552e-05
laborcost,1.0318345020005552e-05
twen,1.0318345020005552e-05
incl,1.0318345020005552e-05
strik,1.0318345020005552e-05
gust,1.0318345020005552e-05
lath,1.0318345020005552e-05
macleod,1.0318345020005552e-05
apc,1.0318345020005552e-05
polat,1.0318345020005552e-05
generaliza,1.0318345020005552e-05
simpson,1.0318345020005552e-05
rebel,1.0318345020005552e-05
ushap,1.0318345020005552e-05
dosag,1.0318345020005552e-05
armstrong,1.0318345020005552e-05
zarnowitz,1.0318345020005552e-05
cuban,1.0318345020005552e-05
tricki,1.0318345020005552e-05
exter,1.0318345020005552e-05
saar,9.974400186005366e-06
greet,9.974400186005366e-06
wholeheart,9.974400186005366e-06
liberaliza,9.974400186005366e-06
cohort,9.974400186005366e-06
dcf,9.974400186005366e-06
singlevalu,9.974400186005366e-06
lib,9.974400186005366e-06
planter,9.974400186005366e-06
til,9.974400186005366e-06
cork,9.974400186005366e-06
resurrect,9.974400186005366e-06
firstrat,9.974400186005366e-06
moneysuppli,9.974400186005366e-06
paralyz,9.974400186005366e-06
spiethoff,9.974400186005366e-06
lbs,9.974400186005366e-06
tith,9.974400186005366e-06
seventyf,9.974400186005366e-06
nia,9.974400186005366e-06
cize,9.974400186005366e-06
grove,9.974400186005366e-06
pone,9.974400186005366e-06
twocommod,9.974400186005366e-06
buyersel,9.974400186005366e-06
coastal,9.974400186005366e-06
aptitud,9.974400186005366e-06
aftalion,9.974400186005366e-06
indors,9.974400186005366e-06
onceandforal,9.974400186005366e-06
gradu,9.974400186005366e-06
crack,9.974400186005366e-06
saudi,9.974400186005366e-06
sobr,9.974400186005366e-06
endus,9.974400186005366e-06
thirtyyear,9.974400186005366e-06
heel,9.974400186005366e-06
hardest,9.974400186005366e-06
plug,9.974400186005366e-06
hair,9.974400186005366e-06
sunday,9.974400186005366e-06
involuntarili,9.974400186005366e-06
credenc,9.974400186005366e-06
shrewd,9.974400186005366e-06
gainer,9.974400186005366e-06
englishspeak,9.974400186005366e-06
ven,9.974400186005366e-06
welldevelop,9.974400186005366e-06
leder,9.974400186005366e-06
gentleman,9.974400186005366e-06
volkswirtschaft,9.974400186005366e-06
leipzig,9.974400186005366e-06
entic,9.974400186005366e-06
sori,9.974400186005366e-06
anatomi,9.974400186005366e-06
selfliquid,9.974400186005366e-06
lariti,9.974400186005366e-06
guilt,9.974400186005366e-06
unnatur,9.974400186005366e-06
portabl,9.974400186005366e-06
eleventh,9.974400186005366e-06
movi,9.974400186005366e-06
conquest,9.974400186005366e-06
diari,9.974400186005366e-06
weed,9.974400186005366e-06
laugh,9.974400186005366e-06
faint,9.974400186005366e-06
horst,9.974400186005366e-06
highercost,9.974400186005366e-06
chant,9.974400186005366e-06
tag,9.974400186005366e-06
dise,9.974400186005366e-06
birthday,9.974400186005366e-06
cos,9.974400186005366e-06
stereotyp,9.974400186005366e-06
asbesto,9.974400186005366e-06
documentari,9.974400186005366e-06
hegel,9.974400186005366e-06
telescop,9.974400186005366e-06
ethiopian,9.974400186005366e-06
empiricist,9.974400186005366e-06
pert,9.974400186005366e-06
shallow,9.974400186005366e-06
endofyear,9.974400186005366e-06
rottenberg,9.974400186005366e-06
hero,9.974400186005366e-06
proclam,9.974400186005366e-06
dictatori,9.974400186005366e-06
liken,9.974400186005366e-06
doubli,9.974400186005366e-06
physiolog,9.974400186005366e-06
untri,9.974400186005366e-06
ada,9.974400186005366e-06
purview,9.974400186005366e-06
ithaca,9.974400186005366e-06
transcript,9.974400186005366e-06
participa,9.974400186005366e-06
hierarch,9.974400186005366e-06
fertilis,9.974400186005366e-06
horac,9.974400186005366e-06
foreword,9.974400186005366e-06
neigh,9.974400186005366e-06
motorist,9.974400186005366e-06
autarchi,9.974400186005366e-06
usgpo,9.974400186005366e-06
mos,9.974400186005366e-06
drawer,9.974400186005366e-06
shultz,9.974400186005366e-06
textual,9.974400186005366e-06
kees,9.974400186005366e-06
nourish,9.974400186005366e-06
unstabil,9.974400186005366e-06
fossil,9.974400186005366e-06
benton,9.974400186005366e-06
holdingperiod,9.974400186005366e-06
sweet,9.974400186005366e-06
lobbyist,9.974400186005366e-06
activist,9.974400186005366e-06
drama,9.974400186005366e-06
misund,9.974400186005366e-06
overrul,9.974400186005366e-06
bhatt,9.974400186005366e-06
terval,9.974400186005366e-06
doctrinair,9.974400186005366e-06
slipperi,9.974400186005366e-06
whitman,9.974400186005366e-06
garbarino,9.974400186005366e-06
treasuryfeder,9.974400186005366e-06
constrict,9.974400186005366e-06
startingpoint,9.974400186005366e-06
webster,9.974400186005366e-06
youngstown,9.974400186005366e-06
absolv,9.974400186005366e-06
assn,9.974400186005366e-06
thrive,9.974400186005366e-06
nonbusi,9.974400186005366e-06
tortion,9.974400186005366e-06
rampant,9.974400186005366e-06
infal,9.974400186005366e-06
outspoken,9.974400186005366e-06
memo,9.974400186005366e-06
palmer,9.974400186005366e-06
antagonist,9.974400186005366e-06
lanc,9.974400186005366e-06
redevelop,9.974400186005366e-06
wieser,9.974400186005366e-06
citizenship,9.974400186005366e-06
houston,9.974400186005366e-06
anew,9.974400186005366e-06
portrait,9.974400186005366e-06
piraci,9.974400186005366e-06
cali,9.974400186005366e-06
division,9.974400186005366e-06
subnorm,9.974400186005366e-06
uganda,9.974400186005366e-06
nonparticip,9.63045535200518e-06
intrafirm,9.63045535200518e-06
rous,9.63045535200518e-06
romant,9.63045535200518e-06
luxemburg,9.63045535200518e-06
lux,9.63045535200518e-06
agesex,9.63045535200518e-06
commercialbank,9.63045535200518e-06
interarea,9.63045535200518e-06
thirtysix,9.63045535200518e-06
voucher,9.63045535200518e-06
cashier,9.63045535200518e-06
national,9.63045535200518e-06
inframargin,9.63045535200518e-06
relaps,9.63045535200518e-06
doubleentri,9.63045535200518e-06
sel,9.63045535200518e-06
archibald,9.63045535200518e-06
tious,9.63045535200518e-06
metrica,9.63045535200518e-06
mccabe,9.63045535200518e-06
globe,9.63045535200518e-06
semiindustri,9.63045535200518e-06
avi,9.63045535200518e-06
migra,9.63045535200518e-06
issuer,9.63045535200518e-06
salvat,9.63045535200518e-06
sawmil,9.63045535200518e-06
discover,9.63045535200518e-06
monarchi,9.63045535200518e-06
churchil,9.63045535200518e-06
tervent,9.63045535200518e-06
blush,9.63045535200518e-06
colon,9.63045535200518e-06
robson,9.63045535200518e-06
mistrust,9.63045535200518e-06
allround,9.63045535200518e-06
buse,9.63045535200518e-06
seeker,9.63045535200518e-06
tach,9.63045535200518e-06
aggra,9.63045535200518e-06
wagon,9.63045535200518e-06
streamlin,9.63045535200518e-06
tabli,9.63045535200518e-06
plaint,9.63045535200518e-06
ohkawa,9.63045535200518e-06
expr,9.63045535200518e-06
pct,9.63045535200518e-06
unsaf,9.63045535200518e-06
helper,9.63045535200518e-06
yorkshir,9.63045535200518e-06
exalt,9.63045535200518e-06
nerlov,9.63045535200518e-06
ficant,9.63045535200518e-06
belgrad,9.63045535200518e-06
mischief,9.63045535200518e-06
intrud,9.63045535200518e-06
termediari,9.63045535200518e-06
unsystemat,9.63045535200518e-06
propiti,9.63045535200518e-06
fornia,9.63045535200518e-06
dearer,9.63045535200518e-06
outburst,9.63045535200518e-06
shay,9.63045535200518e-06
nomenclatur,9.63045535200518e-06
condon,9.63045535200518e-06
taxfinanc,9.63045535200518e-06
ernor,9.63045535200518e-06
delus,9.63045535200518e-06
revoc,9.63045535200518e-06
gerald,9.63045535200518e-06
steal,9.63045535200518e-06
cas,9.63045535200518e-06
incongru,9.63045535200518e-06
humor,9.63045535200518e-06
aeronaut,9.63045535200518e-06
lam,9.63045535200518e-06
vio,9.63045535200518e-06
laursen,9.63045535200518e-06
solemn,9.63045535200518e-06
adverti,9.63045535200518e-06
apathi,9.63045535200518e-06
jurisprud,9.63045535200518e-06
nebul,9.63045535200518e-06
evolu,9.63045535200518e-06
unhappili,9.63045535200518e-06
fighter,9.63045535200518e-06
goodrich,9.63045535200518e-06
quinquenni,9.63045535200518e-06
superb,9.63045535200518e-06
conduit,9.63045535200518e-06
infinitesim,9.63045535200518e-06
silli,9.63045535200518e-06
margi,9.63045535200518e-06
heyday,9.63045535200518e-06
professorship,9.63045535200518e-06
demonet,9.63045535200518e-06
hafer,9.63045535200518e-06
onus,9.63045535200518e-06
nuffield,9.63045535200518e-06
sewer,9.63045535200518e-06
heywood,9.63045535200518e-06
unauthor,9.63045535200518e-06
disavow,9.63045535200518e-06
minish,9.63045535200518e-06
natu,9.63045535200518e-06
liveri,9.63045535200518e-06
narrat,9.63045535200518e-06
priceinduc,9.63045535200518e-06
tragedi,9.63045535200518e-06
mas,9.63045535200518e-06
censur,9.63045535200518e-06
intrus,9.63045535200518e-06
noncommerci,9.63045535200518e-06
vehement,9.63045535200518e-06
debacl,9.63045535200518e-06
hunger,9.63045535200518e-06
rippl,9.63045535200518e-06
antiunion,9.63045535200518e-06
calvin,9.63045535200518e-06
benign,9.63045535200518e-06
layout,9.63045535200518e-06
prognosi,9.63045535200518e-06
foresaw,9.63045535200518e-06
bland,9.63045535200518e-06
goldman,9.63045535200518e-06
heath,9.63045535200518e-06
trical,9.63045535200518e-06
algeria,9.63045535200518e-06
cohn,9.63045535200518e-06
prei,9.63045535200518e-06
politan,9.63045535200518e-06
socio,9.63045535200518e-06
secondarili,9.63045535200518e-06
weinstein,9.63045535200518e-06
zvi,9.63045535200518e-06
lorrain,9.63045535200518e-06
constantpric,9.63045535200518e-06
taxi,9.63045535200518e-06
dissect,9.63045535200518e-06
fis,9.63045535200518e-06
portugues,9.63045535200518e-06
desist,9.63045535200518e-06
housewif,9.63045535200518e-06
apportion,9.63045535200518e-06
aet,9.63045535200518e-06
versatil,9.63045535200518e-06
neu,9.63045535200518e-06
feather,9.63045535200518e-06
authent,9.63045535200518e-06
generalpurpos,9.63045535200518e-06
refractori,9.63045535200518e-06
cbi,9.63045535200518e-06
junz,9.63045535200518e-06
regi,9.63045535200518e-06
dant,9.63045535200518e-06
ineffi,9.63045535200518e-06
steadyst,9.63045535200518e-06
weimar,9.286510518004997e-06
ritter,9.286510518004997e-06
allimport,9.286510518004997e-06
nrc,9.286510518004997e-06
unconstitut,9.286510518004997e-06
unconcentr,9.286510518004997e-06
visualis,9.286510518004997e-06
salmon,9.286510518004997e-06
succumb,9.286510518004997e-06
lockwood,9.286510518004997e-06
paulo,9.286510518004997e-06
proscript,9.286510518004997e-06
gypsum,9.286510518004997e-06
prefabr,9.286510518004997e-06
adop,9.286510518004997e-06
brunswick,9.286510518004997e-06
aind,9.286510518004997e-06
comrad,9.286510518004997e-06
leastcost,9.286510518004997e-06
blunder,9.286510518004997e-06
dwight,9.286510518004997e-06
confound,9.286510518004997e-06
palpabl,9.286510518004997e-06
griev,9.286510518004997e-06
superstructur,9.286510518004997e-06
linoleum,9.286510518004997e-06
cholog,9.286510518004997e-06
anglosaxon,9.286510518004997e-06
tinual,9.286510518004997e-06
haust,9.286510518004997e-06
portland,9.286510518004997e-06
indign,9.286510518004997e-06
autocraci,9.286510518004997e-06
lesse,9.286510518004997e-06
overemphasi,9.286510518004997e-06
evanston,9.286510518004997e-06
judi,9.286510518004997e-06
debtmanag,9.286510518004997e-06
sulfur,9.286510518004997e-06
stagna,9.286510518004997e-06
christoph,9.286510518004997e-06
pryor,9.286510518004997e-06
dament,9.286510518004997e-06
crosscountri,9.286510518004997e-06
plementari,9.286510518004997e-06
harbison,9.286510518004997e-06
ale,9.286510518004997e-06
tier,9.286510518004997e-06
lax,9.286510518004997e-06
ral,9.286510518004997e-06
ryan,9.286510518004997e-06
recherch,9.286510518004997e-06
allus,9.286510518004997e-06
mutton,9.286510518004997e-06
wareh,9.286510518004997e-06
lincoln,9.286510518004997e-06
dred,9.286510518004997e-06
chanic,9.286510518004997e-06
pumpprim,9.286510518004997e-06
ership,9.286510518004997e-06
replet,9.286510518004997e-06
amor,9.286510518004997e-06
scare,9.286510518004997e-06
newest,9.286510518004997e-06
bliss,9.286510518004997e-06
tarian,9.286510518004997e-06
aliti,9.286510518004997e-06
ssr,9.286510518004997e-06
remem,9.286510518004997e-06
kilo,9.286510518004997e-06
unthink,9.286510518004997e-06
junction,9.286510518004997e-06
spondent,9.286510518004997e-06
lenient,9.286510518004997e-06
smallhold,9.286510518004997e-06
stepbystep,9.286510518004997e-06
noncompar,9.286510518004997e-06
academician,9.286510518004997e-06
consumptionsav,9.286510518004997e-06
assent,9.286510518004997e-06
afternoon,9.286510518004997e-06
lexington,9.286510518004997e-06
watt,9.286510518004997e-06
autobiographi,9.286510518004997e-06
conductor,9.286510518004997e-06
pearanc,9.286510518004997e-06
shun,9.286510518004997e-06
vicissitud,9.286510518004997e-06
peacock,9.286510518004997e-06
tailer,9.286510518004997e-06
copenhagen,9.286510518004997e-06
emat,9.286510518004997e-06
cident,9.286510518004997e-06
surpri,9.286510518004997e-06
compul,9.286510518004997e-06
tractual,9.286510518004997e-06
taker,9.286510518004997e-06
inept,9.286510518004997e-06
cavali,9.286510518004997e-06
cretionari,9.286510518004997e-06
ripley,9.286510518004997e-06
rebound,9.286510518004997e-06
vergenc,9.286510518004997e-06
iva,9.286510518004997e-06
impound,9.286510518004997e-06
prelud,9.286510518004997e-06
unclassifi,9.286510518004997e-06
anecdot,9.286510518004997e-06
maxwel,9.286510518004997e-06
thunen,9.286510518004997e-06
sixyear,9.286510518004997e-06
forgiven,9.286510518004997e-06
ledg,9.286510518004997e-06
coas,9.286510518004997e-06
overdetermin,9.286510518004997e-06
recalcitr,9.286510518004997e-06
putnam,9.286510518004997e-06
florin,9.286510518004997e-06
woodwork,9.286510518004997e-06
perpetr,9.286510518004997e-06
fortyeight,9.286510518004997e-06
selfimpos,9.286510518004997e-06
thenc,9.286510518004997e-06
geneiti,9.286510518004997e-06
agn,9.286510518004997e-06
liver,9.286510518004997e-06
bergsten,9.286510518004997e-06
twosector,9.286510518004997e-06
auton,9.286510518004997e-06
recit,9.286510518004997e-06
weinberg,9.286510518004997e-06
landmark,9.286510518004997e-06
dissens,9.286510518004997e-06
enous,9.286510518004997e-06
stratif,9.286510518004997e-06
genet,9.286510518004997e-06
unparallel,9.286510518004997e-06
mir,9.286510518004997e-06
rescind,9.286510518004997e-06
toral,9.286510518004997e-06
barnett,9.286510518004997e-06
chip,9.286510518004997e-06
nauk,9.286510518004997e-06
maiz,9.286510518004997e-06
refug,9.286510518004997e-06
noncycl,9.286510518004997e-06
incorpo,9.286510518004997e-06
rowthorn,9.286510518004997e-06
crunch,9.286510518004997e-06
catalyst,9.286510518004997e-06
tiein,9.286510518004997e-06
nonmathemat,9.286510518004997e-06
ceremoni,9.286510518004997e-06
bori,9.286510518004997e-06
tine,9.286510518004997e-06
heartili,9.286510518004997e-06
repositori,9.286510518004997e-06
fnma,9.286510518004997e-06
reintroduct,8.942565684004811e-06
tralize,8.942565684004811e-06
mainspr,8.942565684004811e-06
iiia,8.942565684004811e-06
quartercenturi,8.942565684004811e-06
moti,8.942565684004811e-06
yearbyyear,8.942565684004811e-06
beach,8.942565684004811e-06
forwardlook,8.942565684004811e-06
fragil,8.942565684004811e-06
roebuck,8.942565684004811e-06
epstein,8.942565684004811e-06
watersh,8.942565684004811e-06
clare,8.942565684004811e-06
nobl,8.942565684004811e-06
scrupul,8.942565684004811e-06
counterspecul,8.942565684004811e-06
basl,8.942565684004811e-06
haircut,8.942565684004811e-06
tidi,8.942565684004811e-06
ellsworth,8.942565684004811e-06
appleton,8.942565684004811e-06
ministeri,8.942565684004811e-06
clip,8.942565684004811e-06
daughter,8.942565684004811e-06
reweight,8.942565684004811e-06
bogus,8.942565684004811e-06
eva,8.942565684004811e-06
bat,8.942565684004811e-06
loath,8.942565684004811e-06
garag,8.942565684004811e-06
inconsequenti,8.942565684004811e-06
welter,8.942565684004811e-06
knock,8.942565684004811e-06
jih,8.942565684004811e-06
cliqu,8.942565684004811e-06
merchan,8.942565684004811e-06
hover,8.942565684004811e-06
rollov,8.942565684004811e-06
igo,8.942565684004811e-06
awaken,8.942565684004811e-06
goi,8.942565684004811e-06
allay,8.942565684004811e-06
interlud,8.942565684004811e-06
fortnight,8.942565684004811e-06
vermont,8.942565684004811e-06
nonagri,8.942565684004811e-06
depl,8.942565684004811e-06
pline,8.942565684004811e-06
repercus,8.942565684004811e-06
goodyear,8.942565684004811e-06
phys,8.942565684004811e-06
soligo,8.942565684004811e-06
exi,8.942565684004811e-06
smart,8.942565684004811e-06
readymad,8.942565684004811e-06
wouldnt,8.942565684004811e-06
lowyield,8.942565684004811e-06
matern,8.942565684004811e-06
christma,8.942565684004811e-06
arch,8.942565684004811e-06
supremaci,8.942565684004811e-06
unbeliev,8.942565684004811e-06
burgh,8.942565684004811e-06
lowgrad,8.942565684004811e-06
chow,8.942565684004811e-06
sprao,8.942565684004811e-06
yugo,8.942565684004811e-06
rabl,8.942565684004811e-06
dartmouth,8.942565684004811e-06
curtain,8.942565684004811e-06
indefens,8.942565684004811e-06
postscript,8.942565684004811e-06
sil,8.942565684004811e-06
monolith,8.942565684004811e-06
scribner,8.942565684004811e-06
loud,8.942565684004811e-06
aloi,8.942565684004811e-06
unwelcom,8.942565684004811e-06
inextric,8.942565684004811e-06
itiv,8.942565684004811e-06
branson,8.942565684004811e-06
twopart,8.942565684004811e-06
untest,8.942565684004811e-06
airport,8.942565684004811e-06
lxxvii,8.942565684004811e-06
gradat,8.942565684004811e-06
sinist,8.942565684004811e-06
infeas,8.942565684004811e-06
wholesom,8.942565684004811e-06
pensiv,8.942565684004811e-06
enclav,8.942565684004811e-06
intermediateterm,8.942565684004811e-06
cile,8.942565684004811e-06
sud,8.942565684004811e-06
nose,8.942565684004811e-06
joke,8.942565684004811e-06
hastili,8.942565684004811e-06
contrariwis,8.942565684004811e-06
aldrich,8.942565684004811e-06
overspend,8.942565684004811e-06
banish,8.942565684004811e-06
titud,8.942565684004811e-06
catchal,8.942565684004811e-06
midsiz,8.942565684004811e-06
thirtyseven,8.942565684004811e-06
arrog,8.942565684004811e-06
belittl,8.942565684004811e-06
panelist,8.942565684004811e-06
cour,8.942565684004811e-06
arabia,8.942565684004811e-06
tragic,8.942565684004811e-06
taut,8.942565684004811e-06
exagg,8.942565684004811e-06
lustrat,8.942565684004811e-06
stockmarket,8.942565684004811e-06
cornwal,8.942565684004811e-06
econonm,8.942565684004811e-06
singleproduct,8.942565684004811e-06
lytic,8.942565684004811e-06
fivefold,8.942565684004811e-06
skip,8.942565684004811e-06
bundesbank,8.942565684004811e-06
contigu,8.942565684004811e-06
iooi,8.942565684004811e-06
stalem,8.942565684004811e-06
ruinous,8.942565684004811e-06
distor,8.942565684004811e-06
tvalu,8.942565684004811e-06
clinic,8.942565684004811e-06
slant,8.942565684004811e-06
ticl,8.942565684004811e-06
disinclin,8.942565684004811e-06
rum,8.942565684004811e-06
stratum,8.942565684004811e-06
momentari,8.942565684004811e-06
glasswar,8.942565684004811e-06
workload,8.942565684004811e-06
ror,8.942565684004811e-06
kindahl,8.942565684004811e-06
determinist,8.942565684004811e-06
onstrat,8.942565684004811e-06
cms,8.942565684004811e-06
nopolist,8.942565684004811e-06
vertis,8.942565684004811e-06
shatter,8.942565684004811e-06
lauderdal,8.942565684004811e-06
wageemploy,8.942565684004811e-06
profus,8.942565684004811e-06
banqu,8.942565684004811e-06
dissid,8.942565684004811e-06
fortyf,8.942565684004811e-06
gardless,8.942565684004811e-06
curriculum,8.942565684004811e-06
recount,8.942565684004811e-06
clamor,8.942565684004811e-06
anl,8.942565684004811e-06
gramm,8.942565684004811e-06
postu,8.942565684004811e-06
seidman,8.942565684004811e-06
limi,8.942565684004811e-06
encumb,8.942565684004811e-06
timeless,8.942565684004811e-06
macdonald,8.942565684004811e-06
godley,8.942565684004811e-06
tributari,8.942565684004811e-06
fourfirm,8.942565684004811e-06
centenni,8.942565684004811e-06
puter,8.942565684004811e-06
encoun,8.942565684004811e-06
semblanc,8.942565684004811e-06
abscissa,8.942565684004811e-06
reactionari,8.942565684004811e-06
trickl,8.942565684004811e-06
birthrat,8.942565684004811e-06
testi,8.942565684004811e-06
pitch,8.942565684004811e-06
scandinavia,8.942565684004811e-06
reissu,8.942565684004811e-06
tangl,8.942565684004811e-06
cana,8.942565684004811e-06
bumper,8.942565684004811e-06
cunningham,8.942565684004811e-06
bewar,8.942565684004811e-06
pastur,8.598620850004626e-06
augustus,8.598620850004626e-06
della,8.598620850004626e-06
cru,8.598620850004626e-06
arid,8.598620850004626e-06
unchalleng,8.598620850004626e-06
allinclus,8.598620850004626e-06
whoever,8.598620850004626e-06
friedland,8.598620850004626e-06
egi,8.598620850004626e-06
enor,8.598620850004626e-06
nicaragua,8.598620850004626e-06
herring,8.598620850004626e-06
swami,8.598620850004626e-06
demandsuppli,8.598620850004626e-06
immigra,8.598620850004626e-06
blockad,8.598620850004626e-06
banal,8.598620850004626e-06
microscop,8.598620850004626e-06
isi,8.598620850004626e-06
sabotag,8.598620850004626e-06
foreclosur,8.598620850004626e-06
pea,8.598620850004626e-06
gibson,8.598620850004626e-06
sponsiv,8.598620850004626e-06
eckaus,8.598620850004626e-06
simplist,8.598620850004626e-06
mao,8.598620850004626e-06
extremist,8.598620850004626e-06
bald,8.598620850004626e-06
frown,8.598620850004626e-06
rocki,8.598620850004626e-06
congratul,8.598620850004626e-06
percapita,8.598620850004626e-06
perspec,8.598620850004626e-06
twentiethcenturi,8.598620850004626e-06
obit,8.598620850004626e-06
oneman,8.598620850004626e-06
counterfeit,8.598620850004626e-06
radius,8.598620850004626e-06
afield,8.598620850004626e-06
stuttgart,8.598620850004626e-06
alexandr,8.598620850004626e-06
oath,8.598620850004626e-06
kaufman,8.598620850004626e-06
bearer,8.598620850004626e-06
munich,8.598620850004626e-06
onetoon,8.598620850004626e-06
crosspric,8.598620850004626e-06
transgress,8.598620850004626e-06
felicit,8.598620850004626e-06
polist,8.598620850004626e-06
bawerk,8.598620850004626e-06
iic,8.598620850004626e-06
ninetenth,8.598620850004626e-06
laudabl,8.598620850004626e-06
troduct,8.598620850004626e-06
incomn,8.598620850004626e-06
forfeit,8.598620850004626e-06
gamut,8.598620850004626e-06
cles,8.598620850004626e-06
chairmanship,8.598620850004626e-06
pollak,8.598620850004626e-06
bulki,8.598620850004626e-06
nongovernment,8.598620850004626e-06
monday,8.598620850004626e-06
walsh,8.598620850004626e-06
cruditi,8.598620850004626e-06
needl,8.598620850004626e-06
wlhich,8.598620850004626e-06
lowestcost,8.598620850004626e-06
nottingham,8.598620850004626e-06
folklor,8.598620850004626e-06
tread,8.598620850004626e-06
reimpos,8.598620850004626e-06
brass,8.598620850004626e-06
morocco,8.598620850004626e-06
asiat,8.598620850004626e-06
unbroken,8.598620850004626e-06
lowlevel,8.598620850004626e-06
comb,8.598620850004626e-06
ifi,8.598620850004626e-06
unconstrain,8.598620850004626e-06
tissu,8.598620850004626e-06
amid,8.598620850004626e-06
nonearn,8.598620850004626e-06
visori,8.598620850004626e-06
callabl,8.598620850004626e-06
fiftyf,8.598620850004626e-06
debted,8.598620850004626e-06
ira,8.598620850004626e-06
depo,8.598620850004626e-06
inflect,8.598620850004626e-06
charm,8.598620850004626e-06
waterway,8.598620850004626e-06
mizat,8.598620850004626e-06
vive,8.598620850004626e-06
wilfr,8.598620850004626e-06
heurist,8.598620850004626e-06
traine,8.598620850004626e-06
dimen,8.598620850004626e-06
giv,8.598620850004626e-06
server,8.598620850004626e-06
crosscheck,8.598620850004626e-06
farley,8.598620850004626e-06
quebec,8.598620850004626e-06
entiat,8.598620850004626e-06
tot,8.598620850004626e-06
contempt,8.598620850004626e-06
salter,8.598620850004626e-06
mighti,8.598620850004626e-06
underd,8.598620850004626e-06
commut,8.598620850004626e-06
addendum,8.598620850004626e-06
piecework,8.598620850004626e-06
milli,8.598620850004626e-06
optimis,8.598620850004626e-06
disfavor,8.598620850004626e-06
patch,8.598620850004626e-06
mond,8.598620850004626e-06
minasian,8.598620850004626e-06
uninform,8.598620850004626e-06
lucrat,8.598620850004626e-06
endem,8.598620850004626e-06
impur,8.598620850004626e-06
nonsignific,8.598620850004626e-06
restrictionist,8.598620850004626e-06
alphabet,8.598620850004626e-06
sundri,8.598620850004626e-06
pedersen,8.598620850004626e-06
vat,8.598620850004626e-06
electrician,8.598620850004626e-06
cairo,8.598620850004626e-06
sixfold,8.598620850004626e-06
purs,8.598620850004626e-06
amplif,8.598620850004626e-06
underdevel,8.598620850004626e-06
tirement,8.598620850004626e-06
transpos,8.598620850004626e-06
sixtyfour,8.598620850004626e-06
janet,8.598620850004626e-06
propagandist,8.598620850004626e-06
cata,8.598620850004626e-06
subvert,8.598620850004626e-06
vogu,8.598620850004626e-06
smuggl,8.598620850004626e-06
impressionist,8.598620850004626e-06
nev,8.598620850004626e-06
dualism,8.598620850004626e-06
brave,8.598620850004626e-06
misread,8.598620850004626e-06
coach,8.598620850004626e-06
cain,8.598620850004626e-06
surement,8.598620850004626e-06
lifo,8.598620850004626e-06
succ,8.598620850004626e-06
illustra,8.598620850004626e-06
beckerman,8.598620850004626e-06
armistic,8.598620850004626e-06
bulwark,8.598620850004626e-06
tainabl,8.598620850004626e-06
flex,8.598620850004626e-06
emancip,8.598620850004626e-06
regiment,8.598620850004626e-06
wreck,8.598620850004626e-06
pensatori,8.598620850004626e-06
realbil,8.598620850004626e-06
hodg,8.598620850004626e-06
ornament,8.598620850004626e-06
modernis,8.598620850004626e-06
beli,8.598620850004626e-06
demot,8.598620850004626e-06
oust,8.598620850004626e-06
unaffili,8.598620850004626e-06
quantil,8.598620850004626e-06
hon,8.598620850004626e-06
federa,8.598620850004626e-06
distract,8.598620850004626e-06
jam,8.598620850004626e-06
mad,8.598620850004626e-06
physicist,8.598620850004626e-06
irreduc,8.598620850004626e-06
catalog,8.598620850004626e-06
nonmargin,8.598620850004626e-06
sma,8.598620850004626e-06
src,8.598620850004626e-06
propensi,8.598620850004626e-06
sydney,8.598620850004626e-06
tinuat,8.598620850004626e-06
baffl,8.598620850004626e-06
onshor,8.598620850004626e-06
unconvent,8.598620850004626e-06
inhous,8.598620850004626e-06
adolph,8.598620850004626e-06
stabiliz,8.598620850004626e-06
fraudul,8.598620850004626e-06
macrodynam,8.598620850004626e-06
outfit,8.25467601600444e-06
artifact,8.25467601600444e-06
idealist,8.25467601600444e-06
sap,8.25467601600444e-06
irreconcil,8.25467601600444e-06
deform,8.25467601600444e-06
motorcar,8.25467601600444e-06
bush,8.25467601600444e-06
milwauke,8.25467601600444e-06
jewel,8.25467601600444e-06
ofer,8.25467601600444e-06
compt,8.25467601600444e-06
guag,8.25467601600444e-06
millan,8.25467601600444e-06
banner,8.25467601600444e-06
ualli,8.25467601600444e-06
candl,8.25467601600444e-06
impercept,8.25467601600444e-06
noninterest,8.25467601600444e-06
shrunk,8.25467601600444e-06
termi,8.25467601600444e-06
adel,8.25467601600444e-06
reorganis,8.25467601600444e-06
moval,8.25467601600444e-06
wilhelm,8.25467601600444e-06
newman,8.25467601600444e-06
nuisanc,8.25467601600444e-06
innat,8.25467601600444e-06
carv,8.25467601600444e-06
flint,8.25467601600444e-06
knapp,8.25467601600444e-06
riddl,8.25467601600444e-06
geologist,8.25467601600444e-06
bute,8.25467601600444e-06
lbi,8.25467601600444e-06
undisput,8.25467601600444e-06
penchant,8.25467601600444e-06
smyth,8.25467601600444e-06
guttentag,8.25467601600444e-06
meier,8.25467601600444e-06
insuffi,8.25467601600444e-06
bere,8.25467601600444e-06
oooooo,8.25467601600444e-06
detain,8.25467601600444e-06
foil,8.25467601600444e-06
wednesday,8.25467601600444e-06
uat,8.25467601600444e-06
rediscov,8.25467601600444e-06
phosphat,8.25467601600444e-06
buoyanc,8.25467601600444e-06
tric,8.25467601600444e-06
joriti,8.25467601600444e-06
goldstandard,8.25467601600444e-06
nouncement,8.25467601600444e-06
repel,8.25467601600444e-06
uncheck,8.25467601600444e-06
reali,8.25467601600444e-06
soo,8.25467601600444e-06
nist,8.25467601600444e-06
wellorgan,8.25467601600444e-06
middles,8.25467601600444e-06
microanalyt,8.25467601600444e-06
stra,8.25467601600444e-06
roller,8.25467601600444e-06
mystic,8.25467601600444e-06
mach,8.25467601600444e-06
chem,8.25467601600444e-06
wis,8.25467601600444e-06
antigua,8.25467601600444e-06
tcq,8.25467601600444e-06
longestablish,8.25467601600444e-06
twofactor,8.25467601600444e-06
foun,8.25467601600444e-06
nonoptim,8.25467601600444e-06
silberston,8.25467601600444e-06
jungl,8.25467601600444e-06
therewith,8.25467601600444e-06
forgiv,8.25467601600444e-06
prentic,8.25467601600444e-06
lane,8.25467601600444e-06
kelli,8.25467601600444e-06
slim,8.25467601600444e-06
replic,8.25467601600444e-06
foreigncurr,8.25467601600444e-06
enclos,8.25467601600444e-06
represen,8.25467601600444e-06
dormant,8.25467601600444e-06
petersen,8.25467601600444e-06
havoc,8.25467601600444e-06
palm,8.25467601600444e-06
milan,8.25467601600444e-06
maximiza,8.25467601600444e-06
cld,8.25467601600444e-06
htm,8.25467601600444e-06
ough,8.25467601600444e-06
bygon,8.25467601600444e-06
hemp,8.25467601600444e-06
stray,8.25467601600444e-06
lenc,8.25467601600444e-06
offhand,8.25467601600444e-06
sozialpolitik,8.25467601600444e-06
settler,8.25467601600444e-06
juxtaposit,8.25467601600444e-06
bruton,8.25467601600444e-06
usuk,8.25467601600444e-06
merous,8.25467601600444e-06
tranquil,8.25467601600444e-06
octo,8.25467601600444e-06
novo,8.25467601600444e-06
subvers,8.25467601600444e-06
inexperienc,8.25467601600444e-06
shortrang,8.25467601600444e-06
selma,8.25467601600444e-06
shortsight,8.25467601600444e-06
wvith,8.25467601600444e-06
tio,8.25467601600444e-06
ratemak,8.25467601600444e-06
bray,8.25467601600444e-06
dole,8.25467601600444e-06
governmentfinanc,8.25467601600444e-06
pious,8.25467601600444e-06
papandreou,8.25467601600444e-06
divisor,8.25467601600444e-06
deconomi,8.25467601600444e-06
elabo,8.25467601600444e-06
bolder,8.25467601600444e-06
bloch,8.25467601600444e-06
januaryfebruari,8.25467601600444e-06
markabl,8.25467601600444e-06
bail,8.25467601600444e-06
conjur,8.25467601600444e-06
classificatori,8.25467601600444e-06
sunflow,8.25467601600444e-06
peel,8.25467601600444e-06
templat,8.25467601600444e-06
nes,8.25467601600444e-06
kredit,8.25467601600444e-06
selfrestraint,8.25467601600444e-06
bursement,8.25467601600444e-06
mordechai,8.25467601600444e-06
grievous,8.25467601600444e-06
ecut,8.25467601600444e-06
loglinear,8.25467601600444e-06
wrestl,8.25467601600444e-06
monarch,8.25467601600444e-06
abdic,8.25467601600444e-06
exami,8.25467601600444e-06
nonmet,8.25467601600444e-06
depen,8.25467601600444e-06
sheffield,8.25467601600444e-06
holdup,8.25467601600444e-06
structiv,8.25467601600444e-06
rain,8.25467601600444e-06
underpr,8.25467601600444e-06
redistri,8.25467601600444e-06
ape,8.25467601600444e-06
spiraci,8.25467601600444e-06
industrybyindustri,8.25467601600444e-06
buoy,8.25467601600444e-06
nonuniform,8.25467601600444e-06
hysteresi,7.910731182004257e-06
proval,7.910731182004257e-06
mension,7.910731182004257e-06
aristocraci,7.910731182004257e-06
superscript,7.910731182004257e-06
drick,7.910731182004257e-06
fest,7.910731182004257e-06
geari,7.910731182004257e-06
capitul,7.910731182004257e-06
cosmopolitan,7.910731182004257e-06
oligopo,7.910731182004257e-06
discord,7.910731182004257e-06
saturday,7.910731182004257e-06
wellinform,7.910731182004257e-06
volit,7.910731182004257e-06
briefer,7.910731182004257e-06
web,7.910731182004257e-06
allembrac,7.910731182004257e-06
carrot,7.910731182004257e-06
kan,7.910731182004257e-06
travers,7.910731182004257e-06
eclips,7.910731182004257e-06
wealthiest,7.910731182004257e-06
lni,7.910731182004257e-06
smithian,7.910731182004257e-06
apropo,7.910731182004257e-06
falter,7.910731182004257e-06
demolish,7.910731182004257e-06
thorni,7.910731182004257e-06
linse,7.910731182004257e-06
instruc,7.910731182004257e-06
brooklyn,7.910731182004257e-06
sapir,7.910731182004257e-06
dele,7.910731182004257e-06
ave,7.910731182004257e-06
unsophist,7.910731182004257e-06
redeploy,7.910731182004257e-06
damn,7.910731182004257e-06
dichotom,7.910731182004257e-06
fratern,7.910731182004257e-06
ofliv,7.910731182004257e-06
embryon,7.910731182004257e-06
mont,7.910731182004257e-06
turiti,7.910731182004257e-06
forcement,7.910731182004257e-06
mich,7.910731182004257e-06
introspect,7.910731182004257e-06
taxinduc,7.910731182004257e-06
conten,7.910731182004257e-06
yearold,7.910731182004257e-06
lier,7.910731182004257e-06
romer,7.910731182004257e-06
cipient,7.910731182004257e-06
poison,7.910731182004257e-06
inanim,7.910731182004257e-06
semiconductor,7.910731182004257e-06
marchapril,7.910731182004257e-06
praeger,7.910731182004257e-06
grs,7.910731182004257e-06
worswick,7.910731182004257e-06
dinari,7.910731182004257e-06
countrywid,7.910731182004257e-06
fortyfour,7.910731182004257e-06
loi,7.910731182004257e-06
coordi,7.910731182004257e-06
keyston,7.910731182004257e-06
trializ,7.910731182004257e-06
stagflat,7.910731182004257e-06
selfadjust,7.910731182004257e-06
osaka,7.910731182004257e-06
libertarian,7.910731182004257e-06
sophisti,7.910731182004257e-06
laggard,7.910731182004257e-06
mma,7.910731182004257e-06
reflat,7.910731182004257e-06
trator,7.910731182004257e-06
tiplier,7.910731182004257e-06
kegan,7.910731182004257e-06
shirk,7.910731182004257e-06
arbit,7.910731182004257e-06
ail,7.910731182004257e-06
attri,7.910731182004257e-06
dirt,7.910731182004257e-06
overweight,7.910731182004257e-06
ferior,7.910731182004257e-06
horn,7.910731182004257e-06
priceweight,7.910731182004257e-06
juggl,7.910731182004257e-06
peaktopeak,7.910731182004257e-06
toe,7.910731182004257e-06
vigil,7.910731182004257e-06
omic,7.910731182004257e-06
nomine,7.910731182004257e-06
porarili,7.910731182004257e-06
instig,7.910731182004257e-06
senil,7.910731182004257e-06
saint,7.910731182004257e-06
hallmark,7.910731182004257e-06
astut,7.910731182004257e-06
sterilis,7.910731182004257e-06
deutschen,7.910731182004257e-06
gregg,7.910731182004257e-06
orlean,7.910731182004257e-06
shipyard,7.910731182004257e-06
baa,7.910731182004257e-06
inexact,7.910731182004257e-06
pope,7.910731182004257e-06
spectral,7.910731182004257e-06
downstream,7.910731182004257e-06
presump,7.910731182004257e-06
denunci,7.910731182004257e-06
disqualifi,7.910731182004257e-06
obvers,7.910731182004257e-06
decentralis,7.910731182004257e-06
couldnt,7.910731182004257e-06
sifi,7.910731182004257e-06
sanit,7.910731182004257e-06
hampshir,7.910731182004257e-06
dir,7.910731182004257e-06
unmeasur,7.910731182004257e-06
knife,7.910731182004257e-06
tectiv,7.910731182004257e-06
vietnames,7.910731182004257e-06
siberia,7.910731182004257e-06
gallop,7.910731182004257e-06
factorili,7.910731182004257e-06
lid,7.910731182004257e-06
anld,7.910731182004257e-06
wpa,7.910731182004257e-06
outpac,7.910731182004257e-06
scan,7.910731182004257e-06
calcutta,7.910731182004257e-06
highqual,7.910731182004257e-06
cracker,7.910731182004257e-06
leith,7.910731182004257e-06
insular,7.910731182004257e-06
ventor,7.910731182004257e-06
sacr,7.910731182004257e-06
astronom,7.910731182004257e-06
patholog,7.910731182004257e-06
nurs,7.910731182004257e-06
imbu,7.910731182004257e-06
jonathan,7.910731182004257e-06
iiiv,7.910731182004257e-06
dread,7.910731182004257e-06
weingast,7.910731182004257e-06
solar,7.910731182004257e-06
moon,7.910731182004257e-06
proverbi,7.910731182004257e-06
mlr,7.910731182004257e-06
growthth,7.910731182004257e-06
hazi,7.910731182004257e-06
summon,7.910731182004257e-06
safest,7.910731182004257e-06
pencil,7.910731182004257e-06
economni,7.910731182004257e-06
remnant,7.910731182004257e-06
triniti,7.910731182004257e-06
dali,7.910731182004257e-06
poqo,7.910731182004257e-06
gerial,7.910731182004257e-06
cti,7.910731182004257e-06
burgeon,7.910731182004257e-06
tout,7.910731182004257e-06
cruso,7.910731182004257e-06
resold,7.910731182004257e-06
aggressor,7.910731182004257e-06
phia,7.910731182004257e-06
ruffin,7.910731182004257e-06
jeopardi,7.910731182004257e-06
pim,7.910731182004257e-06
postsecond,7.910731182004257e-06
brasil,7.910731182004257e-06
armington,7.910731182004257e-06
gratif,7.910731182004257e-06
budapest,7.910731182004257e-06
shale,7.910731182004257e-06
trq,7.910731182004257e-06
ast,7.910731182004257e-06
desig,7.910731182004257e-06
ious,7.910731182004257e-06
tamper,7.910731182004257e-06
dic,7.910731182004257e-06
outofpocket,7.910731182004257e-06
malinvaud,7.910731182004257e-06
frag,7.910731182004257e-06
istenc,7.910731182004257e-06
insati,7.910731182004257e-06
dell,7.910731182004257e-06
capitalgain,7.910731182004257e-06
discomfort,7.910731182004257e-06
kinship,7.910731182004257e-06
barton,7.910731182004257e-06
fortysix,7.910731182004257e-06
arduous,7.910731182004257e-06
brillianc,7.910731182004257e-06
cializ,7.910731182004257e-06
ley,7.910731182004257e-06
fasten,7.910731182004257e-06
interdisciplinari,7.910731182004257e-06
inadmiss,7.910731182004257e-06
overpr,7.910731182004257e-06
btn,7.910731182004257e-06
offspr,7.910731182004257e-06
subhead,7.910731182004257e-06
assethold,7.910731182004257e-06
deer,7.566786348004071e-06
rateofreturn,7.566786348004071e-06
michen,7.566786348004071e-06
compartment,7.566786348004071e-06
timespan,7.566786348004071e-06
plethora,7.566786348004071e-06
harmonis,7.566786348004071e-06
annot,7.566786348004071e-06
merican,7.566786348004071e-06
vocal,7.566786348004071e-06
viti,7.566786348004071e-06
harass,7.566786348004071e-06
ena,7.566786348004071e-06
pluralist,7.566786348004071e-06
mincer,7.566786348004071e-06
ertheless,7.566786348004071e-06
abreast,7.566786348004071e-06
adapta,7.566786348004071e-06
fiscalpolici,7.566786348004071e-06
presupposit,7.566786348004071e-06
stack,7.566786348004071e-06
culprit,7.566786348004071e-06
preston,7.566786348004071e-06
freehand,7.566786348004071e-06
decor,7.566786348004071e-06
international,7.566786348004071e-06
speedup,7.566786348004071e-06
uppsala,7.566786348004071e-06
probabilist,7.566786348004071e-06
fork,7.566786348004071e-06
mav,7.566786348004071e-06
rentseek,7.566786348004071e-06
ntb,7.566786348004071e-06
pragu,7.566786348004071e-06
bequeath,7.566786348004071e-06
premier,7.566786348004071e-06
styliz,7.566786348004071e-06
twentyeight,7.566786348004071e-06
packet,7.566786348004071e-06
appeas,7.566786348004071e-06
importexport,7.566786348004071e-06
subunit,7.566786348004071e-06
shibata,7.566786348004071e-06
undepreci,7.566786348004071e-06
lopsid,7.566786348004071e-06
sao,7.566786348004071e-06
trygv,7.566786348004071e-06
noneconomist,7.566786348004071e-06
commemor,7.566786348004071e-06
ixn,7.566786348004071e-06
fog,7.566786348004071e-06
bristol,7.566786348004071e-06
analyti,7.566786348004071e-06
curs,7.566786348004071e-06
appal,7.566786348004071e-06
bihar,7.566786348004071e-06
mov,7.566786348004071e-06
heap,7.566786348004071e-06
factorcost,7.566786348004071e-06
despis,7.566786348004071e-06
polytechn,7.566786348004071e-06
dix,7.566786348004071e-06
silverman,7.566786348004071e-06
templ,7.566786348004071e-06
profitmaximis,7.566786348004071e-06
rephras,7.566786348004071e-06
unwieldi,7.566786348004071e-06
midway,7.566786348004071e-06
turnaround,7.566786348004071e-06
kochin,7.566786348004071e-06
varieg,7.566786348004071e-06
investmentoutput,7.566786348004071e-06
hate,7.566786348004071e-06
glaeser,7.566786348004071e-06
gotiat,7.566786348004071e-06
thereupon,7.566786348004071e-06
kernel,7.566786348004071e-06
wellnigh,7.566786348004071e-06
devon,7.566786348004071e-06
preunion,7.566786348004071e-06
epitom,7.566786348004071e-06
balancedbudget,7.566786348004071e-06
desideratum,7.566786348004071e-06
noncash,7.566786348004071e-06
moneta,7.566786348004071e-06
foothold,7.566786348004071e-06
signatur,7.566786348004071e-06
spon,7.566786348004071e-06
metropoli,7.566786348004071e-06
midfifti,7.566786348004071e-06
yourself,7.566786348004071e-06
interpos,7.566786348004071e-06
delinqu,7.566786348004071e-06
mayor,7.566786348004071e-06
immort,7.566786348004071e-06
disparag,7.566786348004071e-06
propri,7.566786348004071e-06
unfett,7.566786348004071e-06
vorabl,7.566786348004071e-06
marit,7.566786348004071e-06
scalar,7.566786348004071e-06
slender,7.566786348004071e-06
postcivil,7.566786348004071e-06
ducement,7.566786348004071e-06
pressiv,7.566786348004071e-06
omous,7.566786348004071e-06
eleanor,7.566786348004071e-06
dum,7.566786348004071e-06
presag,7.566786348004071e-06
immut,7.566786348004071e-06
forgo,7.566786348004071e-06
scotch,7.566786348004071e-06
emi,7.566786348004071e-06
unalter,7.566786348004071e-06
subtitl,7.566786348004071e-06
prietor,7.566786348004071e-06
stiglitz,7.566786348004071e-06
authorship,7.566786348004071e-06
pansionari,7.566786348004071e-06
misjudg,7.566786348004071e-06
seizur,7.566786348004071e-06
philoso,7.566786348004071e-06
radi,7.566786348004071e-06
unwit,7.566786348004071e-06
nigerian,7.566786348004071e-06
postmortem,7.566786348004071e-06
promo,7.566786348004071e-06
pep,7.566786348004071e-06
crowder,7.566786348004071e-06
spicuous,7.566786348004071e-06
presenta,7.566786348004071e-06
recommen,7.566786348004071e-06
consul,7.566786348004071e-06
juan,7.566786348004071e-06
specious,7.566786348004071e-06
denomi,7.566786348004071e-06
alysi,7.566786348004071e-06
coup,7.566786348004071e-06
letin,7.566786348004071e-06
intertwin,7.566786348004071e-06
buckley,7.566786348004071e-06
govem,7.566786348004071e-06
villain,7.566786348004071e-06
vocabulari,7.566786348004071e-06
sift,7.566786348004071e-06
button,7.566786348004071e-06
unobtain,7.566786348004071e-06
interm,7.566786348004071e-06
voke,7.566786348004071e-06
almon,7.566786348004071e-06
communaut,7.566786348004071e-06
selfregul,7.566786348004071e-06
legiti,7.566786348004071e-06
rine,7.566786348004071e-06
virtuous,7.566786348004071e-06
leaf,7.566786348004071e-06
mus,7.566786348004071e-06
exodus,7.566786348004071e-06
gpo,7.566786348004071e-06
intergener,7.566786348004071e-06
preconceiv,7.566786348004071e-06
breeder,7.566786348004071e-06
rti,7.566786348004071e-06
syracus,7.566786348004071e-06
leed,7.566786348004071e-06
juic,7.566786348004071e-06
volkswagen,7.566786348004071e-06
preambl,7.566786348004071e-06
productionposs,7.566786348004071e-06
gospel,7.566786348004071e-06
revisionist,7.566786348004071e-06
mms,7.566786348004071e-06
pearc,7.566786348004071e-06
differentia,7.566786348004071e-06
fierc,7.566786348004071e-06
subcom,7.566786348004071e-06
kindl,7.566786348004071e-06
eccentr,7.566786348004071e-06
grudg,7.566786348004071e-06
swere,7.566786348004071e-06
brate,7.566786348004071e-06
woodburi,7.566786348004071e-06
discour,7.566786348004071e-06
jap,7.566786348004071e-06
abun,7.566786348004071e-06
tlp,7.566786348004071e-06
candor,7.566786348004071e-06
emit,7.566786348004071e-06
timehonor,7.566786348004071e-06
monwealth,7.566786348004071e-06
viscos,7.566786348004071e-06
expositor,7.566786348004071e-06
misnom,7.566786348004071e-06
britannica,7.566786348004071e-06
trum,7.566786348004071e-06
prussian,7.566786348004071e-06
tegic,7.566786348004071e-06
pers,7.566786348004071e-06
unimpair,7.566786348004071e-06
apprehend,7.566786348004071e-06
brink,7.566786348004071e-06
biliz,7.566786348004071e-06
makeshift,7.566786348004071e-06
abrog,7.566786348004071e-06
foodgrain,7.566786348004071e-06
ruption,7.566786348004071e-06
medi,7.566786348004071e-06
favourit,7.566786348004071e-06
unaccount,7.566786348004071e-06
bout,7.566786348004071e-06
downtrend,7.566786348004071e-06
newtonian,7.566786348004071e-06
andl,7.566786348004071e-06
terrain,7.566786348004071e-06
unenforc,7.566786348004071e-06
pigouvian,7.566786348004071e-06
hook,7.566786348004071e-06
epidem,7.566786348004071e-06
augur,7.2228415140038855e-06
ipat,7.2228415140038855e-06
mirag,7.2228415140038855e-06
thi,7.2228415140038855e-06
reducedform,7.2228415140038855e-06
toto,7.2228415140038855e-06
brandei,7.2228415140038855e-06
humil,7.2228415140038855e-06
spiegel,7.2228415140038855e-06
mec,7.2228415140038855e-06
overthrow,7.2228415140038855e-06
sciousli,7.2228415140038855e-06
albania,7.2228415140038855e-06
khan,7.2228415140038855e-06
rebut,7.2228415140038855e-06
hub,7.2228415140038855e-06
lifelong,7.2228415140038855e-06
schmidt,7.2228415140038855e-06
hydraul,7.2228415140038855e-06
belabor,7.2228415140038855e-06
appointe,7.2228415140038855e-06
freezer,7.2228415140038855e-06
malta,7.2228415140038855e-06
tipl,7.2228415140038855e-06
rigour,7.2228415140038855e-06
metri,7.2228415140038855e-06
emption,7.2228415140038855e-06
ius,7.2228415140038855e-06
hine,7.2228415140038855e-06
dna,7.2228415140038855e-06
tradeabl,7.2228415140038855e-06
durbin,7.2228415140038855e-06
principia,7.2228415140038855e-06
pessi,7.2228415140038855e-06
wander,7.2228415140038855e-06
malt,7.2228415140038855e-06
storabl,7.2228415140038855e-06
rude,7.2228415140038855e-06
plifi,7.2228415140038855e-06
affluenc,7.2228415140038855e-06
ecclesiast,7.2228415140038855e-06
functionari,7.2228415140038855e-06
budd,7.2228415140038855e-06
shaft,7.2228415140038855e-06
explora,7.2228415140038855e-06
harbour,7.2228415140038855e-06
arr,7.2228415140038855e-06
nassau,7.2228415140038855e-06
taboo,7.2228415140038855e-06
guest,7.2228415140038855e-06
vaniti,7.2228415140038855e-06
ial,7.2228415140038855e-06
fishermen,7.2228415140038855e-06
forbad,7.2228415140038855e-06
dox,7.2228415140038855e-06
disreput,7.2228415140038855e-06
hell,7.2228415140038855e-06
talism,7.2228415140038855e-06
miscellani,7.2228415140038855e-06
oasdi,7.2228415140038855e-06
dew,7.2228415140038855e-06
producerconsum,7.2228415140038855e-06
thir,7.2228415140038855e-06
rutledg,7.2228415140038855e-06
ligat,7.2228415140038855e-06
indianapoli,7.2228415140038855e-06
sword,7.2228415140038855e-06
imposi,7.2228415140038855e-06
potash,7.2228415140038855e-06
econiom,7.2228415140038855e-06
festschrift,7.2228415140038855e-06
diplomaci,7.2228415140038855e-06
legion,7.2228415140038855e-06
stopgo,7.2228415140038855e-06
soak,7.2228415140038855e-06
sausag,7.2228415140038855e-06
seamless,7.2228415140038855e-06
crawl,7.2228415140038855e-06
bergen,7.2228415140038855e-06
hammond,7.2228415140038855e-06
highyield,7.2228415140038855e-06
changer,7.2228415140038855e-06
niceti,7.2228415140038855e-06
dti,7.2228415140038855e-06
honorari,7.2228415140038855e-06
anglo,7.2228415140038855e-06
autark,7.2228415140038855e-06
flesh,7.2228415140038855e-06
twotail,7.2228415140038855e-06
balancedgrowth,7.2228415140038855e-06
gyrat,7.2228415140038855e-06
coordina,7.2228415140038855e-06
productivi,7.2228415140038855e-06
diffid,7.2228415140038855e-06
inexplic,7.2228415140038855e-06
nair,7.2228415140038855e-06
optima,7.2228415140038855e-06
lxxvi,7.2228415140038855e-06
horror,7.2228415140038855e-06
penguin,7.2228415140038855e-06
elasti,7.2228415140038855e-06
eightyear,7.2228415140038855e-06
suad,7.2228415140038855e-06
overburden,7.2228415140038855e-06
dualiti,7.2228415140038855e-06
vri,7.2228415140038855e-06
tageous,7.2228415140038855e-06
hubbard,7.2228415140038855e-06
planet,7.2228415140038855e-06
twentyseven,7.2228415140038855e-06
protocol,7.2228415140038855e-06
vera,7.2228415140038855e-06
fastgrow,7.2228415140038855e-06
vitamin,7.2228415140038855e-06
linen,7.2228415140038855e-06
intergroup,7.2228415140038855e-06
residen,7.2228415140038855e-06
midwestern,7.2228415140038855e-06
cincinnati,7.2228415140038855e-06
sol,7.2228415140038855e-06
cious,7.2228415140038855e-06
telecommun,7.2228415140038855e-06
suicid,7.2228415140038855e-06
tomato,7.2228415140038855e-06
zealous,7.2228415140038855e-06
unaid,7.2228415140038855e-06
illicit,7.2228415140038855e-06
iiiiv,7.2228415140038855e-06
transmitt,7.2228415140038855e-06
tutor,7.2228415140038855e-06
hanna,7.2228415140038855e-06
phil,7.2228415140038855e-06
thermodynam,7.2228415140038855e-06
erupt,7.2228415140038855e-06
clandestin,7.2228415140038855e-06
einzig,7.2228415140038855e-06
tome,7.2228415140038855e-06
kick,7.2228415140038855e-06
potter,7.2228415140038855e-06
werner,7.2228415140038855e-06
wilcoxon,7.2228415140038855e-06
acqui,7.2228415140038855e-06
disservic,7.2228415140038855e-06
currentyear,7.2228415140038855e-06
gayer,7.2228415140038855e-06
stanci,7.2228415140038855e-06
predepress,7.2228415140038855e-06
sone,7.2228415140038855e-06
ravag,7.2228415140038855e-06
dislodg,7.2228415140038855e-06
kat,7.2228415140038855e-06
predevalu,7.2228415140038855e-06
fetish,7.2228415140038855e-06
encyclopaedia,7.2228415140038855e-06
mor,7.2228415140038855e-06
dispassion,7.2228415140038855e-06
trenton,7.2228415140038855e-06
breakup,7.2228415140038855e-06
lbid,7.2228415140038855e-06
basil,7.2228415140038855e-06
bluecollar,7.2228415140038855e-06
meiselman,7.2228415140038855e-06
manila,7.2228415140038855e-06
gument,7.2228415140038855e-06
jealousi,7.2228415140038855e-06
ramsay,7.2228415140038855e-06
iit,7.2228415140038855e-06
undetermin,7.2228415140038855e-06
dexter,7.2228415140038855e-06
graze,7.2228415140038855e-06
oneseventh,7.2228415140038855e-06
janfeb,7.2228415140038855e-06
adi,7.2228415140038855e-06
nonkeynesian,7.2228415140038855e-06
crept,7.2228415140038855e-06
decrea,7.2228415140038855e-06
interwoven,7.2228415140038855e-06
tum,7.2228415140038855e-06
galvan,7.2228415140038855e-06
nonsocialist,7.2228415140038855e-06
iig,7.2228415140038855e-06
wheth,7.2228415140038855e-06
jenk,7.2228415140038855e-06
supran,7.2228415140038855e-06
pale,7.2228415140038855e-06
needi,7.2228415140038855e-06
armori,7.2228415140038855e-06
prix,7.2228415140038855e-06
inmigr,7.2228415140038855e-06
unsal,7.2228415140038855e-06
horwich,7.2228415140038855e-06
nota,7.2228415140038855e-06
pine,7.2228415140038855e-06
juvenil,7.2228415140038855e-06
highprofit,7.2228415140038855e-06
flatrat,7.2228415140038855e-06
rethink,7.2228415140038855e-06
framer,7.2228415140038855e-06
archaic,7.2228415140038855e-06
lum,7.2228415140038855e-06
weisbrod,7.2228415140038855e-06
debar,7.2228415140038855e-06
muth,7.2228415140038855e-06
julyaugust,7.2228415140038855e-06
steindl,7.2228415140038855e-06
soa,7.2228415140038855e-06
unwari,7.2228415140038855e-06
ruleofthumb,7.2228415140038855e-06
csr,7.2228415140038855e-06
speedili,7.2228415140038855e-06
beij,7.2228415140038855e-06
aegi,7.2228415140038855e-06
aci,7.2228415140038855e-06
constantdollar,7.2228415140038855e-06
disequilib,7.2228415140038855e-06
walli,7.2228415140038855e-06
segal,7.2228415140038855e-06
fetch,7.2228415140038855e-06
unprec,7.2228415140038855e-06
subsystem,7.2228415140038855e-06
supernumerari,7.2228415140038855e-06
benson,7.2228415140038855e-06
amass,7.2228415140038855e-06
ida,7.2228415140038855e-06
ficiari,7.2228415140038855e-06
transplant,7.2228415140038855e-06
philadel,7.2228415140038855e-06
countermeasur,7.2228415140038855e-06
tanto,7.2228415140038855e-06
robberi,6.878896680003701e-06
anzd,6.878896680003701e-06
isl,6.878896680003701e-06
unmix,6.878896680003701e-06
notari,6.878896680003701e-06
mors,6.878896680003701e-06
propa,6.878896680003701e-06
memor,6.878896680003701e-06
flator,6.878896680003701e-06
gibb,6.878896680003701e-06
belliger,6.878896680003701e-06
nebraska,6.878896680003701e-06
thirteenth,6.878896680003701e-06
basebal,6.878896680003701e-06
solubl,6.878896680003701e-06
parlanc,6.878896680003701e-06
starch,6.878896680003701e-06
fourteenth,6.878896680003701e-06
humancapit,6.878896680003701e-06
nonfuel,6.878896680003701e-06
repugn,6.878896680003701e-06
ortho,6.878896680003701e-06
borough,6.878896680003701e-06
custodian,6.878896680003701e-06
tenaci,6.878896680003701e-06
theamerican,6.878896680003701e-06
casebycas,6.878896680003701e-06
alex,6.878896680003701e-06
timeperiod,6.878896680003701e-06
jose,6.878896680003701e-06
redefinit,6.878896680003701e-06
quirk,6.878896680003701e-06
wonnacott,6.878896680003701e-06
fishman,6.878896680003701e-06
gertrud,6.878896680003701e-06
dissuad,6.878896680003701e-06
tonom,6.878896680003701e-06
perior,6.878896680003701e-06
sanford,6.878896680003701e-06
threw,6.878896680003701e-06
cac,6.878896680003701e-06
ploit,6.878896680003701e-06
ploitat,6.878896680003701e-06
stranger,6.878896680003701e-06
devolv,6.878896680003701e-06
vigour,6.878896680003701e-06
robot,6.878896680003701e-06
modicum,6.878896680003701e-06
irr,6.878896680003701e-06
neoclassicist,6.878896680003701e-06
harriet,6.878896680003701e-06
laneous,6.878896680003701e-06
blitz,6.878896680003701e-06
uncommit,6.878896680003701e-06
misstat,6.878896680003701e-06
adumbr,6.878896680003701e-06
fite,6.878896680003701e-06
incomea,6.878896680003701e-06
valiant,6.878896680003701e-06
ila,6.878896680003701e-06
wellfound,6.878896680003701e-06
fection,6.878896680003701e-06
slowest,6.878896680003701e-06
pliciti,6.878896680003701e-06
crawford,6.878896680003701e-06
lydal,6.878896680003701e-06
societ,6.878896680003701e-06
millennium,6.878896680003701e-06
combust,6.878896680003701e-06
superl,6.878896680003701e-06
summa,6.878896680003701e-06
thoriz,6.878896680003701e-06
pastor,6.878896680003701e-06
smile,6.878896680003701e-06
hatr,6.878896680003701e-06
lebanon,6.878896680003701e-06
wold,6.878896680003701e-06
calibr,6.878896680003701e-06
goldner,6.878896680003701e-06
cybernet,6.878896680003701e-06
boddi,6.878896680003701e-06
dra,6.878896680003701e-06
fixedincom,6.878896680003701e-06
oversuppli,6.878896680003701e-06
unconnect,6.878896680003701e-06
cramp,6.878896680003701e-06
saul,6.878896680003701e-06
onetim,6.878896680003701e-06
pao,6.878896680003701e-06
spice,6.878896680003701e-06
cruel,6.878896680003701e-06
cloak,6.878896680003701e-06
bia,6.878896680003701e-06
dertak,6.878896680003701e-06
wvar,6.878896680003701e-06
invidi,6.878896680003701e-06
preme,6.878896680003701e-06
ascer,6.878896680003701e-06
aii,6.878896680003701e-06
loge,6.878896680003701e-06
emeritus,6.878896680003701e-06
stipend,6.878896680003701e-06
blatant,6.878896680003701e-06
amic,6.878896680003701e-06
qualita,6.878896680003701e-06
siphon,6.878896680003701e-06
overstress,6.878896680003701e-06
juneseptemb,6.878896680003701e-06
idaho,6.878896680003701e-06
intellec,6.878896680003701e-06
wound,6.878896680003701e-06
durablegood,6.878896680003701e-06
jolt,6.878896680003701e-06
incomereceiv,6.878896680003701e-06
parlia,6.878896680003701e-06
owneroccup,6.878896680003701e-06
leser,6.878896680003701e-06
haunt,6.878896680003701e-06
rolf,6.878896680003701e-06
nevin,6.878896680003701e-06
redemp,6.878896680003701e-06
jefferson,6.878896680003701e-06
tit,6.878896680003701e-06
kwh,6.878896680003701e-06
judith,6.878896680003701e-06
feasi,6.878896680003701e-06
bricklay,6.878896680003701e-06
purdu,6.878896680003701e-06
sloan,6.878896680003701e-06
ekelund,6.878896680003701e-06
fein,6.878896680003701e-06
oceania,6.878896680003701e-06
credi,6.878896680003701e-06
blum,6.878896680003701e-06
extol,6.878896680003701e-06
qto,6.878896680003701e-06
wasnt,6.878896680003701e-06
incomeproduc,6.878896680003701e-06
intran,6.878896680003701e-06
oligo,6.878896680003701e-06
vike,6.878896680003701e-06
supplyanddemand,6.878896680003701e-06
sionmak,6.878896680003701e-06
krutilla,6.878896680003701e-06
tionist,6.878896680003701e-06
gie,6.878896680003701e-06
johann,6.878896680003701e-06
borden,6.878896680003701e-06
efect,6.878896680003701e-06
ropean,6.878896680003701e-06
bulb,6.878896680003701e-06
palgrav,6.878896680003701e-06
emascul,6.878896680003701e-06
hermann,6.878896680003701e-06
valor,6.878896680003701e-06
advert,6.878896680003701e-06
consolida,6.878896680003701e-06
bestknown,6.878896680003701e-06
dirti,6.878896680003701e-06
recessionari,6.878896680003701e-06
marketpric,6.878896680003701e-06
toil,6.878896680003701e-06
hanson,6.878896680003701e-06
repris,6.878896680003701e-06
tawney,6.878896680003701e-06
sudan,6.878896680003701e-06
alumni,6.878896680003701e-06
xlt,6.878896680003701e-06
compro,6.878896680003701e-06
rider,6.878896680003701e-06
almarin,6.878896680003701e-06
confiscatori,6.878896680003701e-06
initia,6.878896680003701e-06
noneuropean,6.878896680003701e-06
whim,6.878896680003701e-06
vill,6.878896680003701e-06
ile,6.878896680003701e-06
deval,6.878896680003701e-06
toss,6.878896680003701e-06
undat,6.878896680003701e-06
renc,6.878896680003701e-06
employeremploye,6.878896680003701e-06
agnost,6.878896680003701e-06
appendag,6.878896680003701e-06
uber,6.878896680003701e-06
steadfast,6.878896680003701e-06
collud,6.878896680003701e-06
usda,6.878896680003701e-06
miscel,6.878896680003701e-06
prescrip,6.878896680003701e-06
equanim,6.878896680003701e-06
annihil,6.878896680003701e-06
egregi,6.878896680003701e-06
ramet,6.878896680003701e-06
tstatist,6.878896680003701e-06
volcker,6.878896680003701e-06
bacco,6.878896680003701e-06
icit,6.878896680003701e-06
leasehold,6.878896680003701e-06
bradstreet,6.878896680003701e-06
postdevalu,6.878896680003701e-06
submodel,6.878896680003701e-06
arabl,6.878896680003701e-06
rath,6.878896680003701e-06
mule,6.878896680003701e-06
glori,6.878896680003701e-06
lxxix,6.878896680003701e-06
generalequilibrium,6.878896680003701e-06
sem,6.878896680003701e-06
bog,6.878896680003701e-06
accent,6.878896680003701e-06
pbb,6.878896680003701e-06
prc,6.878896680003701e-06
douti,6.878896680003701e-06
rosovski,6.878896680003701e-06
vyt,6.878896680003701e-06
onsit,6.878896680003701e-06
antikeynesian,6.878896680003701e-06
skirt,6.878896680003701e-06
possessor,6.878896680003701e-06
orm,6.534951846003516e-06
haig,6.534951846003516e-06
frugal,6.534951846003516e-06
stave,6.534951846003516e-06
molecul,6.534951846003516e-06
mediocr,6.534951846003516e-06
fishlow,6.534951846003516e-06
unfit,6.534951846003516e-06
mute,6.534951846003516e-06
adap,6.534951846003516e-06
asym,6.534951846003516e-06
extraordi,6.534951846003516e-06
ownpric,6.534951846003516e-06
spragu,6.534951846003516e-06
thorbeck,6.534951846003516e-06
pesek,6.534951846003516e-06
teed,6.534951846003516e-06
folder,6.534951846003516e-06
indecis,6.534951846003516e-06
indoctrin,6.534951846003516e-06
onetail,6.534951846003516e-06
astound,6.534951846003516e-06
utensil,6.534951846003516e-06
tenden,6.534951846003516e-06
jay,6.534951846003516e-06
cle,6.534951846003516e-06
nato,6.534951846003516e-06
sher,6.534951846003516e-06
glimps,6.534951846003516e-06
pentagon,6.534951846003516e-06
fiftyyear,6.534951846003516e-06
unti,6.534951846003516e-06
nentli,6.534951846003516e-06
hawkin,6.534951846003516e-06
confluenc,6.534951846003516e-06
iioi,6.534951846003516e-06
lxxv,6.534951846003516e-06
organisa,6.534951846003516e-06
deck,6.534951846003516e-06
islm,6.534951846003516e-06
deavor,6.534951846003516e-06
intermingl,6.534951846003516e-06
normalci,6.534951846003516e-06
marion,6.534951846003516e-06
comit,6.534951846003516e-06
intergovern,6.534951846003516e-06
hungri,6.534951846003516e-06
vege,6.534951846003516e-06
precinct,6.534951846003516e-06
acci,6.534951846003516e-06
planatori,6.534951846003516e-06
nam,6.534951846003516e-06
duesen,6.534951846003516e-06
evinc,6.534951846003516e-06
underlay,6.534951846003516e-06
pretrad,6.534951846003516e-06
cenc,6.534951846003516e-06
productionwork,6.534951846003516e-06
steuer,6.534951846003516e-06
selfdeni,6.534951846003516e-06
crest,6.534951846003516e-06
woolley,6.534951846003516e-06
bootstrap,6.534951846003516e-06
nip,6.534951846003516e-06
gene,6.534951846003516e-06
turmoil,6.534951846003516e-06
trail,6.534951846003516e-06
salad,6.534951846003516e-06
masteri,6.534951846003516e-06
nmay,6.534951846003516e-06
hindu,6.534951846003516e-06
unrat,6.534951846003516e-06
incalcul,6.534951846003516e-06
lowrat,6.534951846003516e-06
unpalat,6.534951846003516e-06
hegemoni,6.534951846003516e-06
onslaught,6.534951846003516e-06
bazaar,6.534951846003516e-06
impun,6.534951846003516e-06
polynomi,6.534951846003516e-06
marketdetermin,6.534951846003516e-06
counterproduct,6.534951846003516e-06
welltodo,6.534951846003516e-06
subconsci,6.534951846003516e-06
jagdish,6.534951846003516e-06
vincent,6.534951846003516e-06
nonwar,6.534951846003516e-06
elliot,6.534951846003516e-06
ukrainian,6.534951846003516e-06
altera,6.534951846003516e-06
baromet,6.534951846003516e-06
addict,6.534951846003516e-06
housekeep,6.534951846003516e-06
antd,6.534951846003516e-06
lace,6.534951846003516e-06
raul,6.534951846003516e-06
shove,6.534951846003516e-06
rebuilt,6.534951846003516e-06
procliv,6.534951846003516e-06
sheppard,6.534951846003516e-06
brinley,6.534951846003516e-06
taxonom,6.534951846003516e-06
ellipt,6.534951846003516e-06
tanner,6.534951846003516e-06
cogenc,6.534951846003516e-06
complica,6.534951846003516e-06
ciplin,6.534951846003516e-06
walton,6.534951846003516e-06
morishima,6.534951846003516e-06
taint,6.534951846003516e-06
clement,6.534951846003516e-06
tke,6.534951846003516e-06
ass,6.534951846003516e-06
inevi,6.534951846003516e-06
mobiliza,6.534951846003516e-06
deutschland,6.534951846003516e-06
nonrenew,6.534951846003516e-06
usc,6.534951846003516e-06
zimmerman,6.534951846003516e-06
interd,6.534951846003516e-06
permanentincom,6.534951846003516e-06
lian,6.534951846003516e-06
wvhich,6.534951846003516e-06
redound,6.534951846003516e-06
fay,6.534951846003516e-06
tardi,6.534951846003516e-06
abilitytopay,6.534951846003516e-06
shrug,6.534951846003516e-06
pathet,6.534951846003516e-06
gle,6.534951846003516e-06
ricultur,6.534951846003516e-06
toledo,6.534951846003516e-06
gilt,6.534951846003516e-06
iar,6.534951846003516e-06
debtequ,6.534951846003516e-06
troleum,6.534951846003516e-06
fullem,6.534951846003516e-06
iil,6.534951846003516e-06
profitr,6.534951846003516e-06
allindia,6.534951846003516e-06
orga,6.534951846003516e-06
laborsuppli,6.534951846003516e-06
profitseek,6.534951846003516e-06
amidst,6.534951846003516e-06
pior,6.534951846003516e-06
tiona,6.534951846003516e-06
makow,6.534951846003516e-06
methodo,6.534951846003516e-06
specter,6.534951846003516e-06
stiffer,6.534951846003516e-06
nay,6.534951846003516e-06
agegroup,6.534951846003516e-06
demn,6.534951846003516e-06
axt,6.534951846003516e-06
tunisia,6.534951846003516e-06
survivorship,6.534951846003516e-06
dust,6.534951846003516e-06
socialsecur,6.534951846003516e-06
fortytwo,6.534951846003516e-06
colonel,6.534951846003516e-06
barcelona,6.534951846003516e-06
legalist,6.534951846003516e-06
viia,6.534951846003516e-06
strove,6.534951846003516e-06
salesman,6.534951846003516e-06
inforc,6.534951846003516e-06
frivol,6.534951846003516e-06
bern,6.534951846003516e-06
rasmussen,6.534951846003516e-06
chide,6.534951846003516e-06
portent,6.534951846003516e-06
resettl,6.534951846003516e-06
exasper,6.534951846003516e-06
standstil,6.534951846003516e-06
backbon,6.534951846003516e-06
circumstanti,6.534951846003516e-06
licat,6.534951846003516e-06
rican,6.534951846003516e-06
pawn,6.534951846003516e-06
northeastern,6.534951846003516e-06
prejudg,6.534951846003516e-06
cuse,6.534951846003516e-06
tyranni,6.534951846003516e-06
whitney,6.534951846003516e-06
oligopsoni,6.534951846003516e-06
contrad,6.534951846003516e-06
malayan,6.534951846003516e-06
retort,6.534951846003516e-06
gne,6.534951846003516e-06
nomica,6.534951846003516e-06
hal,6.534951846003516e-06
petrochem,6.534951846003516e-06
lacuna,6.534951846003516e-06
deterio,6.534951846003516e-06
underem,6.534951846003516e-06
stultifi,6.534951846003516e-06
cognit,6.534951846003516e-06
thurman,6.534951846003516e-06
spearhead,6.534951846003516e-06
abridg,6.534951846003516e-06
singlefirm,6.534951846003516e-06
bourgeoisi,6.534951846003516e-06
headlin,6.534951846003516e-06
susan,6.534951846003516e-06
purest,6.534951846003516e-06
rata,6.534951846003516e-06
tat,6.534951846003516e-06
talcott,6.534951846003516e-06
vet,6.534951846003516e-06
bator,6.534951846003516e-06
rubin,6.534951846003516e-06
antisoci,6.534951846003516e-06
mcnalli,6.534951846003516e-06
lous,6.534951846003516e-06
englishman,6.534951846003516e-06
particl,6.534951846003516e-06
viser,6.534951846003516e-06
dupli,6.534951846003516e-06
decri,6.534951846003516e-06
groundnut,6.534951846003516e-06
wicken,6.534951846003516e-06
inadvis,6.534951846003516e-06
fei,6.534951846003516e-06
orphan,6.534951846003516e-06
oleari,6.534951846003516e-06
patton,6.534951846003516e-06
satiat,6.534951846003516e-06
lxxx,6.534951846003516e-06
bergsman,6.534951846003516e-06
lignit,6.534951846003516e-06
randolph,6.534951846003516e-06
pursuanc,6.534951846003516e-06
wageset,6.534951846003516e-06
stroy,6.534951846003516e-06
carr,6.534951846003516e-06
lowinterest,6.534951846003516e-06
fas,6.534951846003516e-06
imp,6.534951846003516e-06
breakfast,6.534951846003516e-06
rosen,6.534951846003516e-06
pseudo,6.534951846003516e-06
taxrat,6.534951846003516e-06
nontechn,6.534951846003516e-06
losch,6.534951846003516e-06
bertrand,6.534951846003516e-06
coloss,6.534951846003516e-06
tradesmen,6.534951846003516e-06
jacobson,6.534951846003516e-06
agric,6.534951846003516e-06
reluc,6.534951846003516e-06
infirm,6.534951846003516e-06
solicitor,6.534951846003516e-06
whip,6.191007012003331e-06
quibbl,6.191007012003331e-06
overturn,6.191007012003331e-06
meric,6.191007012003331e-06
dor,6.191007012003331e-06
longdist,6.191007012003331e-06
qualm,6.191007012003331e-06
boon,6.191007012003331e-06
nicol,6.191007012003331e-06
happier,6.191007012003331e-06
unforese,6.191007012003331e-06
shakespear,6.191007012003331e-06
utopia,6.191007012003331e-06
pretext,6.191007012003331e-06
descent,6.191007012003331e-06
unim,6.191007012003331e-06
ddt,6.191007012003331e-06
bristl,6.191007012003331e-06
firstclass,6.191007012003331e-06
oneday,6.191007012003331e-06
cau,6.191007012003331e-06
prohibi,6.191007012003331e-06
unconcern,6.191007012003331e-06
luctant,6.191007012003331e-06
nest,6.191007012003331e-06
originat,6.191007012003331e-06
ceptibl,6.191007012003331e-06
intimid,6.191007012003331e-06
tinker,6.191007012003331e-06
spotlight,6.191007012003331e-06
brian,6.191007012003331e-06
tunnel,6.191007012003331e-06
fif,6.191007012003331e-06
ergo,6.191007012003331e-06
qtr,6.191007012003331e-06
findlay,6.191007012003331e-06
essarili,6.191007012003331e-06
lizat,6.191007012003331e-06
reactiv,6.191007012003331e-06
bio,6.191007012003331e-06
mcf,6.191007012003331e-06
adjoin,6.191007012003331e-06
josiah,6.191007012003331e-06
selfservic,6.191007012003331e-06
surgic,6.191007012003331e-06
carryforward,6.191007012003331e-06
rediscoveri,6.191007012003331e-06
css,6.191007012003331e-06
chew,6.191007012003331e-06
controvert,6.191007012003331e-06
meagr,6.191007012003331e-06
tist,6.191007012003331e-06
haiti,6.191007012003331e-06
shire,6.191007012003331e-06
opul,6.191007012003331e-06
secess,6.191007012003331e-06
verit,6.191007012003331e-06
stantiat,6.191007012003331e-06
acad,6.191007012003331e-06
obedi,6.191007012003331e-06
timet,6.191007012003331e-06
teleolog,6.191007012003331e-06
intelli,6.191007012003331e-06
mould,6.191007012003331e-06
clich,6.191007012003331e-06
tensifi,6.191007012003331e-06
interdistrict,6.191007012003331e-06
ren,6.191007012003331e-06
statewid,6.191007012003331e-06
disequili,6.191007012003331e-06
monnet,6.191007012003331e-06
cordial,6.191007012003331e-06
capitaliza,6.191007012003331e-06
exoner,6.191007012003331e-06
superstit,6.191007012003331e-06
thirtyon,6.191007012003331e-06
bodili,6.191007012003331e-06
monster,6.191007012003331e-06
petition,6.191007012003331e-06
poss,6.191007012003331e-06
jewelleri,6.191007012003331e-06
glove,6.191007012003331e-06
mss,6.191007012003331e-06
interpl,6.191007012003331e-06
interventionist,6.191007012003331e-06
mischiev,6.191007012003331e-06
vacil,6.191007012003331e-06
antilog,6.191007012003331e-06
spate,6.191007012003331e-06
pio,6.191007012003331e-06
whitehead,6.191007012003331e-06
unsubstanti,6.191007012003331e-06
lxxviii,6.191007012003331e-06
edith,6.191007012003331e-06
bred,6.191007012003331e-06
illadvis,6.191007012003331e-06
latori,6.191007012003331e-06
glow,6.191007012003331e-06
mess,6.191007012003331e-06
indefi,6.191007012003331e-06
pred,6.191007012003331e-06
athen,6.191007012003331e-06
syt,6.191007012003331e-06
fever,6.191007012003331e-06
jeremi,6.191007012003331e-06
capron,6.191007012003331e-06
nationalokonomi,6.191007012003331e-06
misapprehens,6.191007012003331e-06
complexion,6.191007012003331e-06
chevrolet,6.191007012003331e-06
uari,6.191007012003331e-06
ase,6.191007012003331e-06
malcolm,6.191007012003331e-06
ingrain,6.191007012003331e-06
cameron,6.191007012003331e-06
underutilis,6.191007012003331e-06
asser,6.191007012003331e-06
harlan,6.191007012003331e-06
whereupon,6.191007012003331e-06
pedant,6.191007012003331e-06
craig,6.191007012003331e-06
franz,6.191007012003331e-06
itor,6.191007012003331e-06
oioo,6.191007012003331e-06
grumbl,6.191007012003331e-06
belov,6.191007012003331e-06
unprocess,6.191007012003331e-06
decenc,6.191007012003331e-06
uti,6.191007012003331e-06
tizat,6.191007012003331e-06
kyoto,6.191007012003331e-06
melvill,6.191007012003331e-06
yellen,6.191007012003331e-06
timetrend,6.191007012003331e-06
counten,6.191007012003331e-06
devious,6.191007012003331e-06
misrepresent,6.191007012003331e-06
westward,6.191007012003331e-06
funer,6.191007012003331e-06
labordemand,6.191007012003331e-06
sidestep,6.191007012003331e-06
hearten,6.191007012003331e-06
rao,6.191007012003331e-06
jurist,6.191007012003331e-06
overtaken,6.191007012003331e-06
reorder,6.191007012003331e-06
reus,6.191007012003331e-06
fullblown,6.191007012003331e-06
sister,6.191007012003331e-06
unassail,6.191007012003331e-06
noneth,6.191007012003331e-06
kaitz,6.191007012003331e-06
thirtynin,6.191007012003331e-06
rat,6.191007012003331e-06
ranc,6.191007012003331e-06
miracul,6.191007012003331e-06
mensur,6.191007012003331e-06
staunch,6.191007012003331e-06
fisk,6.191007012003331e-06
guggenheim,6.191007012003331e-06
estatistica,6.191007012003331e-06
phylli,6.191007012003331e-06
oxid,6.191007012003331e-06
reconvert,6.191007012003331e-06
selfperpetu,6.191007012003331e-06
oooi,6.191007012003331e-06
bohm,6.191007012003331e-06
unsustain,6.191007012003331e-06
sexual,6.191007012003331e-06
prepara,6.191007012003331e-06
unbear,6.191007012003331e-06
destruc,6.191007012003331e-06
viola,6.191007012003331e-06
formalis,6.191007012003331e-06
jewk,6.191007012003331e-06
lizer,6.191007012003331e-06
tician,6.191007012003331e-06
hatch,6.191007012003331e-06
proletarian,6.191007012003331e-06
onceov,6.191007012003331e-06
munism,6.191007012003331e-06
unsympathet,6.191007012003331e-06
dowment,6.191007012003331e-06
mnore,6.191007012003331e-06
searcher,6.191007012003331e-06
fronm,6.191007012003331e-06
efit,6.191007012003331e-06
followup,6.191007012003331e-06
bower,6.191007012003331e-06
irrefut,6.191007012003331e-06
epa,6.191007012003331e-06
imperialist,6.191007012003331e-06
expediti,6.191007012003331e-06
borhood,6.191007012003331e-06
malay,6.191007012003331e-06
capitaldeepen,6.191007012003331e-06
craftsman,6.191007012003331e-06
egon,6.191007012003331e-06
generali,6.191007012003331e-06
mcintosh,6.191007012003331e-06
feinstein,6.191007012003331e-06
iid,6.191007012003331e-06
manipula,6.191007012003331e-06
incomeearn,6.191007012003331e-06
raphi,6.191007012003331e-06
dwelt,6.191007012003331e-06
hogan,6.191007012003331e-06
partialequilibrium,6.191007012003331e-06
fal,6.191007012003331e-06
welsh,6.191007012003331e-06
simeon,6.191007012003331e-06
statistisk,6.191007012003331e-06
spree,6.191007012003331e-06
michel,6.191007012003331e-06
outbid,6.191007012003331e-06
vale,6.191007012003331e-06
edific,6.191007012003331e-06
grandios,6.191007012003331e-06
cassadi,6.191007012003331e-06
ott,6.191007012003331e-06
barclay,6.191007012003331e-06
valencia,6.191007012003331e-06
carleton,6.191007012003331e-06
slash,6.191007012003331e-06
abstent,6.191007012003331e-06
counterargu,6.191007012003331e-06
widerang,6.191007012003331e-06
markov,6.191007012003331e-06
meiji,6.191007012003331e-06
industriali,6.191007012003331e-06
atlas,6.191007012003331e-06
myopia,6.191007012003331e-06
ambi,6.191007012003331e-06
ruptci,6.191007012003331e-06
smolenski,6.191007012003331e-06
multifari,6.191007012003331e-06
immatur,6.191007012003331e-06
thirtyfour,6.191007012003331e-06
mainstay,6.191007012003331e-06
rem,6.191007012003331e-06
griffith,6.191007012003331e-06
tigat,6.191007012003331e-06
bruxell,6.191007012003331e-06
selig,6.191007012003331e-06
liqui,6.191007012003331e-06
tanzania,6.191007012003331e-06
parkin,6.191007012003331e-06
grim,6.191007012003331e-06
uncompromis,6.191007012003331e-06
wag,6.191007012003331e-06
haut,6.191007012003331e-06
handtomouth,6.191007012003331e-06
drucker,6.191007012003331e-06
impecc,6.191007012003331e-06
euler,6.191007012003331e-06
whale,6.191007012003331e-06
nonborrow,6.191007012003331e-06
materialis,6.191007012003331e-06
moran,6.191007012003331e-06
librat,6.191007012003331e-06
fantasi,6.191007012003331e-06
syria,6.191007012003331e-06
torn,6.191007012003331e-06
arizona,6.191007012003331e-06
inl,6.191007012003331e-06
puritan,6.191007012003331e-06
undiminish,6.191007012003331e-06
tame,6.191007012003331e-06
dismay,6.191007012003331e-06
higherpr,6.191007012003331e-06
publicsector,6.191007012003331e-06
adolesc,6.191007012003331e-06
behrman,6.191007012003331e-06
obso,6.191007012003331e-06
enon,6.191007012003331e-06
nonproport,6.191007012003331e-06
higherincom,6.191007012003331e-06
castig,6.191007012003331e-06
shrank,6.191007012003331e-06
tew,6.191007012003331e-06
smithsonian,6.191007012003331e-06
sioner,6.191007012003331e-06
statu,6.191007012003331e-06
niesr,6.191007012003331e-06
bark,6.191007012003331e-06
tho,6.191007012003331e-06
recompens,6.191007012003331e-06
pricesa,5.847062178003146e-06
incit,5.847062178003146e-06
devolut,5.847062178003146e-06
trendless,5.847062178003146e-06
mintz,5.847062178003146e-06
bizarr,5.847062178003146e-06
armen,5.847062178003146e-06
ina,5.847062178003146e-06
highproduct,5.847062178003146e-06
automati,5.847062178003146e-06
expo,5.847062178003146e-06
engl,5.847062178003146e-06
scure,5.847062178003146e-06
burk,5.847062178003146e-06
holi,5.847062178003146e-06
hetero,5.847062178003146e-06
coop,5.847062178003146e-06
leconomi,5.847062178003146e-06
factorintens,5.847062178003146e-06
hydrocarbon,5.847062178003146e-06
singh,5.847062178003146e-06
cotermin,5.847062178003146e-06
maturi,5.847062178003146e-06
cue,5.847062178003146e-06
seer,5.847062178003146e-06
coc,5.847062178003146e-06
fascism,5.847062178003146e-06
unleash,5.847062178003146e-06
nobil,5.847062178003146e-06
curaci,5.847062178003146e-06
sett,5.847062178003146e-06
unfriend,5.847062178003146e-06
higherpaid,5.847062178003146e-06
blight,5.847062178003146e-06
reor,5.847062178003146e-06
catchingup,5.847062178003146e-06
mitch,5.847062178003146e-06
outturn,5.847062178003146e-06
palliat,5.847062178003146e-06
loo,5.847062178003146e-06
sacri,5.847062178003146e-06
darwinian,5.847062178003146e-06
torian,5.847062178003146e-06
mcconnel,5.847062178003146e-06
softwar,5.847062178003146e-06
cialist,5.847062178003146e-06
gambler,5.847062178003146e-06
sidiz,5.847062178003146e-06
amorph,5.847062178003146e-06
positor,5.847062178003146e-06
separa,5.847062178003146e-06
torili,5.847062178003146e-06
woefulli,5.847062178003146e-06
unemploymentinfl,5.847062178003146e-06
paign,5.847062178003146e-06
sertat,5.847062178003146e-06
econtom,5.847062178003146e-06
placat,5.847062178003146e-06
auf,5.847062178003146e-06
labourmanag,5.847062178003146e-06
maladi,5.847062178003146e-06
drown,5.847062178003146e-06
rarili,5.847062178003146e-06
ego,5.847062178003146e-06
subservi,5.847062178003146e-06
ercis,5.847062178003146e-06
notwith,5.847062178003146e-06
muchneed,5.847062178003146e-06
motto,5.847062178003146e-06
resin,5.847062178003146e-06
beck,5.847062178003146e-06
myint,5.847062178003146e-06
hitotsubashi,5.847062178003146e-06
translog,5.847062178003146e-06
abc,5.847062178003146e-06
garrison,5.847062178003146e-06
nuanc,5.847062178003146e-06
limitedinform,5.847062178003146e-06
butcher,5.847062178003146e-06
purist,5.847062178003146e-06
angus,5.847062178003146e-06
calcium,5.847062178003146e-06
nonproduc,5.847062178003146e-06
entif,5.847062178003146e-06
len,5.847062178003146e-06
defianc,5.847062178003146e-06
fireston,5.847062178003146e-06
worksheet,5.847062178003146e-06
toplevel,5.847062178003146e-06
bever,5.847062178003146e-06
lowerpaid,5.847062178003146e-06
phraseolog,5.847062178003146e-06
cellent,5.847062178003146e-06
spike,5.847062178003146e-06
deadlock,5.847062178003146e-06
ogen,5.847062178003146e-06
strotz,5.847062178003146e-06
quaint,5.847062178003146e-06
dollarsterl,5.847062178003146e-06
ffr,5.847062178003146e-06
ivi,5.847062178003146e-06
disbelief,5.847062178003146e-06
bours,5.847062178003146e-06
overcompens,5.847062178003146e-06
posner,5.847062178003146e-06
seced,5.847062178003146e-06
nonrecur,5.847062178003146e-06
balk,5.847062178003146e-06
tus,5.847062178003146e-06
necessi,5.847062178003146e-06
tialiti,5.847062178003146e-06
antidot,5.847062178003146e-06
laidler,5.847062178003146e-06
oilproduc,5.847062178003146e-06
gum,5.847062178003146e-06
cyprus,5.847062178003146e-06
erous,5.847062178003146e-06
overoptimist,5.847062178003146e-06
pricecontrol,5.847062178003146e-06
wilder,5.847062178003146e-06
arma,5.847062178003146e-06
cupi,5.847062178003146e-06
plau,5.847062178003146e-06
meadow,5.847062178003146e-06
visdvi,5.847062178003146e-06
emerson,5.847062178003146e-06
specializa,5.847062178003146e-06
custodi,5.847062178003146e-06
jong,5.847062178003146e-06
simplemind,5.847062178003146e-06
sophic,5.847062178003146e-06
dras,5.847062178003146e-06
realiza,5.847062178003146e-06
obsol,5.847062178003146e-06
worship,5.847062178003146e-06
flush,5.847062178003146e-06
oneperiod,5.847062178003146e-06
baltic,5.847062178003146e-06
supernorm,5.847062178003146e-06
infect,5.847062178003146e-06
manuel,5.847062178003146e-06
publi,5.847062178003146e-06
derelict,5.847062178003146e-06
sour,5.847062178003146e-06
topmost,5.847062178003146e-06
illdefin,5.847062178003146e-06
eulog,5.847062178003146e-06
demandshift,5.847062178003146e-06
timeofday,5.847062178003146e-06
assay,5.847062178003146e-06
autarch,5.847062178003146e-06
myt,5.847062178003146e-06
abet,5.847062178003146e-06
pret,5.847062178003146e-06
demsetz,5.847062178003146e-06
obrien,5.847062178003146e-06
ator,5.847062178003146e-06
asp,5.847062178003146e-06
federalst,5.847062178003146e-06
antonio,5.847062178003146e-06
chipman,5.847062178003146e-06
visag,5.847062178003146e-06
rene,5.847062178003146e-06
intragroup,5.847062178003146e-06
ienc,5.847062178003146e-06
brutal,5.847062178003146e-06
sequitur,5.847062178003146e-06
mentar,5.847062178003146e-06
resolu,5.847062178003146e-06
mire,5.847062178003146e-06
inconm,5.847062178003146e-06
urbana,5.847062178003146e-06
latterday,5.847062178003146e-06
revolution,5.847062178003146e-06
maximi,5.847062178003146e-06
tribal,5.847062178003146e-06
plorat,5.847062178003146e-06
riskier,5.847062178003146e-06
queer,5.847062178003146e-06
frontal,5.847062178003146e-06
bortkiewicz,5.847062178003146e-06
rariti,5.847062178003146e-06
testament,5.847062178003146e-06
transmut,5.847062178003146e-06
liquida,5.847062178003146e-06
relentless,5.847062178003146e-06
inent,5.847062178003146e-06
igno,5.847062178003146e-06
sanc,5.847062178003146e-06
shame,5.847062178003146e-06
pendulum,5.847062178003146e-06
lazi,5.847062178003146e-06
tipli,5.847062178003146e-06
gorbachev,5.847062178003146e-06
stahl,5.847062178003146e-06
eagl,5.847062178003146e-06
tenn,5.847062178003146e-06
nss,5.847062178003146e-06
disper,5.847062178003146e-06
crudest,5.847062178003146e-06
clical,5.847062178003146e-06
rudolph,5.847062178003146e-06
demandinduc,5.847062178003146e-06
isat,5.847062178003146e-06
rotterdam,5.847062178003146e-06
dpi,5.847062178003146e-06
politica,5.847062178003146e-06
marketth,5.847062178003146e-06
eisen,5.847062178003146e-06
garb,5.847062178003146e-06
montana,5.847062178003146e-06
stantiv,5.847062178003146e-06
pricerais,5.847062178003146e-06
rankord,5.847062178003146e-06
singlefamili,5.847062178003146e-06
tronic,5.847062178003146e-06
networth,5.847062178003146e-06
natura,5.847062178003146e-06
dweller,5.847062178003146e-06
bennett,5.847062178003146e-06
duncan,5.847062178003146e-06
fatigu,5.847062178003146e-06
garber,5.847062178003146e-06
iiib,5.847062178003146e-06
dub,5.847062178003146e-06
antic,5.847062178003146e-06
vere,5.847062178003146e-06
slavic,5.847062178003146e-06
isoprofit,5.847062178003146e-06
spotti,5.847062178003146e-06
keizai,5.847062178003146e-06
scot,5.847062178003146e-06
fiftyseven,5.847062178003146e-06
eleph,5.847062178003146e-06
ander,5.847062178003146e-06
neue,5.847062178003146e-06
massa,5.847062178003146e-06
unrecogn,5.847062178003146e-06
percentagepoint,5.847062178003146e-06
nonrandom,5.847062178003146e-06
alton,5.847062178003146e-06
abstrus,5.847062178003146e-06
infinitum,5.847062178003146e-06
flock,5.847062178003146e-06
colombian,5.847062178003146e-06
zigzag,5.847062178003146e-06
republish,5.847062178003146e-06
collat,5.847062178003146e-06
bot,5.847062178003146e-06
cidenc,5.847062178003146e-06
rey,5.847062178003146e-06
despot,5.847062178003146e-06
longdat,5.847062178003146e-06
lmn,5.847062178003146e-06
tbe,5.847062178003146e-06
oriti,5.847062178003146e-06
santiago,5.847062178003146e-06
bolt,5.847062178003146e-06
poetri,5.847062178003146e-06
thirtyeight,5.847062178003146e-06
dertaken,5.847062178003146e-06
cartter,5.847062178003146e-06
disassoci,5.847062178003146e-06
omnisci,5.847062178003146e-06
circumspect,5.847062178003146e-06
fortyseven,5.847062178003146e-06
nonparametr,5.847062178003146e-06
microfound,5.847062178003146e-06
takahashi,5.847062178003146e-06
highvalu,5.847062178003146e-06
dawson,5.847062178003146e-06
nualli,5.847062178003146e-06
evangel,5.847062178003146e-06
reintegr,5.5031173440029605e-06
hutton,5.5031173440029605e-06
verbatim,5.5031173440029605e-06
mnay,5.5031173440029605e-06
bes,5.5031173440029605e-06
hedger,5.5031173440029605e-06
elti,5.5031173440029605e-06
wagedetermin,5.5031173440029605e-06
fivedigit,5.5031173440029605e-06
erstwhil,5.5031173440029605e-06
reverber,5.5031173440029605e-06
qui,5.5031173440029605e-06
spectat,5.5031173440029605e-06
monnai,5.5031173440029605e-06
handler,5.5031173440029605e-06
omnibus,5.5031173440029605e-06
exclaim,5.5031173440029605e-06
responsibil,5.5031173440029605e-06
xvhen,5.5031173440029605e-06
towel,5.5031173440029605e-06
leamer,5.5031173440029605e-06
renaiss,5.5031173440029605e-06
geschicht,5.5031173440029605e-06
rowan,5.5031173440029605e-06
brisk,5.5031173440029605e-06
barbar,5.5031173440029605e-06
subarea,5.5031173440029605e-06
reformist,5.5031173440029605e-06
fourquart,5.5031173440029605e-06
eurocurr,5.5031173440029605e-06
malfunct,5.5031173440029605e-06
ambassador,5.5031173440029605e-06
flimsi,5.5031173440029605e-06
loot,5.5031173440029605e-06
nef,5.5031173440029605e-06
harrodian,5.5031173440029605e-06
overbal,5.5031173440029605e-06
selfhelp,5.5031173440029605e-06
kall,5.5031173440029605e-06
antill,5.5031173440029605e-06
plato,5.5031173440029605e-06
invento,5.5031173440029605e-06
garfield,5.5031173440029605e-06
czecho,5.5031173440029605e-06
cisiv,5.5031173440029605e-06
unioniza,5.5031173440029605e-06
prophesi,5.5031173440029605e-06
tibl,5.5031173440029605e-06
nni,5.5031173440029605e-06
lilli,5.5031173440029605e-06
keynot,5.5031173440029605e-06
submarin,5.5031173440029605e-06
assi,5.5031173440029605e-06
ioa,5.5031173440029605e-06
chalmer,5.5031173440029605e-06
teigen,5.5031173440029605e-06
domesti,5.5031173440029605e-06
goat,5.5031173440029605e-06
countriesth,5.5031173440029605e-06
antipathi,5.5031173440029605e-06
pam,5.5031173440029605e-06
intercorpor,5.5031173440029605e-06
schiff,5.5031173440029605e-06
pheno,5.5031173440029605e-06
crit,5.5031173440029605e-06
maj,5.5031173440029605e-06
natori,5.5031173440029605e-06
didact,5.5031173440029605e-06
fab,5.5031173440029605e-06
entwicklung,5.5031173440029605e-06
magistr,5.5031173440029605e-06
utabl,5.5031173440029605e-06
aot,5.5031173440029605e-06
tongu,5.5031173440029605e-06
andr,5.5031173440029605e-06
inculc,5.5031173440029605e-06
smack,5.5031173440029605e-06
conseil,5.5031173440029605e-06
rectiv,5.5031173440029605e-06
cuit,5.5031173440029605e-06
debreu,5.5031173440029605e-06
teenthcenturi,5.5031173440029605e-06
engulf,5.5031173440029605e-06
malalloc,5.5031173440029605e-06
argen,5.5031173440029605e-06
unsatisfac,5.5031173440029605e-06
jacket,5.5031173440029605e-06
joness,5.5031173440029605e-06
beggar,5.5031173440029605e-06
ttr,5.5031173440029605e-06
costreduct,5.5031173440029605e-06
relativepric,5.5031173440029605e-06
complemen,5.5031173440029605e-06
threedimension,5.5031173440029605e-06
sultant,5.5031173440029605e-06
fident,5.5031173440029605e-06
bas,5.5031173440029605e-06
yrs,5.5031173440029605e-06
cdi,5.5031173440029605e-06
sprang,5.5031173440029605e-06
pernici,5.5031173440029605e-06
phonograph,5.5031173440029605e-06
tall,5.5031173440029605e-06
gaseous,5.5031173440029605e-06
ivol,5.5031173440029605e-06
afterthought,5.5031173440029605e-06
bolling,5.5031173440029605e-06
vic,5.5031173440029605e-06
switzer,5.5031173440029605e-06
unproven,5.5031173440029605e-06
foolhardi,5.5031173440029605e-06
galiani,5.5031173440029605e-06
vilfredo,5.5031173440029605e-06
instil,5.5031173440029605e-06
jing,5.5031173440029605e-06
gang,5.5031173440029605e-06
inferenti,5.5031173440029605e-06
nake,5.5031173440029605e-06
unprov,5.5031173440029605e-06
bork,5.5031173440029605e-06
arbitra,5.5031173440029605e-06
cretion,5.5031173440029605e-06
gro,5.5031173440029605e-06
chlorin,5.5031173440029605e-06
lianc,5.5031173440029605e-06
disillusion,5.5031173440029605e-06
lus,5.5031173440029605e-06
misprint,5.5031173440029605e-06
sorption,5.5031173440029605e-06
ese,5.5031173440029605e-06
mism,5.5031173440029605e-06
overflow,5.5031173440029605e-06
balloon,5.5031173440029605e-06
tis,5.5031173440029605e-06
sooo,5.5031173440029605e-06
chari,5.5031173440029605e-06
plishment,5.5031173440029605e-06
untax,5.5031173440029605e-06
forsak,5.5031173440029605e-06
onl,5.5031173440029605e-06
devi,5.5031173440029605e-06
wireless,5.5031173440029605e-06
abhor,5.5031173440029605e-06
extraeconom,5.5031173440029605e-06
restitut,5.5031173440029605e-06
unencumb,5.5031173440029605e-06
darl,5.5031173440029605e-06
adjudg,5.5031173440029605e-06
emperor,5.5031173440029605e-06
modesti,5.5031173440029605e-06
gramlich,5.5031173440029605e-06
istri,5.5031173440029605e-06
hargreav,5.5031173440029605e-06
empt,5.5031173440029605e-06
truer,5.5031173440029605e-06
elab,5.5031173440029605e-06
nonalcohol,5.5031173440029605e-06
cens,5.5031173440029605e-06
unknow,5.5031173440029605e-06
lor,5.5031173440029605e-06
wore,5.5031173440029605e-06
cheng,5.5031173440029605e-06
gerard,5.5031173440029605e-06
restless,5.5031173440029605e-06
acclaim,5.5031173440029605e-06
loaf,5.5031173440029605e-06
bait,5.5031173440029605e-06
deemphas,5.5031173440029605e-06
puls,5.5031173440029605e-06
derdevelop,5.5031173440029605e-06
veriti,5.5031173440029605e-06
persever,5.5031173440029605e-06
inkind,5.5031173440029605e-06
foe,5.5031173440029605e-06
incomprehens,5.5031173440029605e-06
bda,5.5031173440029605e-06
ioio,5.5031173440029605e-06
stopgap,5.5031173440029605e-06
contempo,5.5031173440029605e-06
retract,5.5031173440029605e-06
schump,5.5031173440029605e-06
extric,5.5031173440029605e-06
foreground,5.5031173440029605e-06
homemarket,5.5031173440029605e-06
penalis,5.5031173440029605e-06
massachu,5.5031173440029605e-06
lob,5.5031173440029605e-06
oscilla,5.5031173440029605e-06
specimen,5.5031173440029605e-06
rab,5.5031173440029605e-06
learnt,5.5031173440029605e-06
dpa,5.5031173440029605e-06
zoo,5.5031173440029605e-06
sical,5.5031173440029605e-06
ageold,5.5031173440029605e-06
ahmad,5.5031173440029605e-06
goo,5.5031173440029605e-06
interindus,5.5031173440029605e-06
nonexclus,5.5031173440029605e-06
dle,5.5031173440029605e-06
homestead,5.5031173440029605e-06
unblock,5.5031173440029605e-06
unobjection,5.5031173440029605e-06
xvhile,5.5031173440029605e-06
rosss,5.5031173440029605e-06
facad,5.5031173440029605e-06
compliment,5.5031173440029605e-06
detour,5.5031173440029605e-06
pregnant,5.5031173440029605e-06
numeri,5.5031173440029605e-06
microlevel,5.5031173440029605e-06
rote,5.5031173440029605e-06
tachung,5.5031173440029605e-06
subscrip,5.5031173440029605e-06
slav,5.5031173440029605e-06
undivid,5.5031173440029605e-06
bpa,5.5031173440029605e-06
jettison,5.5031173440029605e-06
floyd,5.5031173440029605e-06
slug,5.5031173440029605e-06
continua,5.5031173440029605e-06
bryan,5.5031173440029605e-06
finest,5.5031173440029605e-06
flurri,5.5031173440029605e-06
highspe,5.5031173440029605e-06
landus,5.5031173440029605e-06
minister,5.5031173440029605e-06
industr,5.5031173440029605e-06
bleak,5.5031173440029605e-06
aluminium,5.5031173440029605e-06
dissati,5.5031173440029605e-06
collier,5.5031173440029605e-06
fifteenyear,5.5031173440029605e-06
lawmak,5.5031173440029605e-06
unsuspect,5.5031173440029605e-06
keren,5.5031173440029605e-06
clifford,5.5031173440029605e-06
opi,5.5031173440029605e-06
alec,5.5031173440029605e-06
eit,5.5031173440029605e-06
morrison,5.5031173440029605e-06
highprior,5.5031173440029605e-06
healthier,5.5031173440029605e-06
teract,5.5031173440029605e-06
workday,5.5031173440029605e-06
hilton,5.5031173440029605e-06
demandfor,5.5031173440029605e-06
identifica,5.5031173440029605e-06
perpendicular,5.5031173440029605e-06
harley,5.5031173440029605e-06
retriev,5.5031173440029605e-06
div,5.5031173440029605e-06
kent,5.5031173440029605e-06
eighthour,5.5031173440029605e-06
moss,5.5031173440029605e-06
mentor,5.5031173440029605e-06
hop,5.5031173440029605e-06
helm,5.5031173440029605e-06
fidel,5.5031173440029605e-06
unattach,5.5031173440029605e-06
fabl,5.5031173440029605e-06
fuch,5.5031173440029605e-06
instan,5.5031173440029605e-06
waver,5.5031173440029605e-06
jar,5.5031173440029605e-06
ait,5.5031173440029605e-06
novemberdecemb,5.5031173440029605e-06
riskfre,5.5031173440029605e-06
profita,5.5031173440029605e-06
giver,5.5031173440029605e-06
reenter,5.5031173440029605e-06
lindsay,5.5031173440029605e-06
lichtenberg,5.5031173440029605e-06
multidimension,5.5031173440029605e-06
juxtapos,5.5031173440029605e-06
peakload,5.5031173440029605e-06
ding,5.5031173440029605e-06
columbus,5.5031173440029605e-06
itat,5.5031173440029605e-06
chest,5.5031173440029605e-06
bradford,5.5031173440029605e-06
chusett,5.5031173440029605e-06
elud,5.5031173440029605e-06
itabl,5.5031173440029605e-06
tre,5.5031173440029605e-06
reemerg,5.5031173440029605e-06
medicar,5.5031173440029605e-06
renov,5.5031173440029605e-06
tonmil,5.5031173440029605e-06
constantcost,5.5031173440029605e-06
iet,5.5031173440029605e-06
priceearn,5.5031173440029605e-06
noncom,5.5031173440029605e-06
selfreinforc,5.5031173440029605e-06
xit,5.5031173440029605e-06
mirrle,5.5031173440029605e-06
vul,5.5031173440029605e-06
simulta,5.5031173440029605e-06
iij,5.5031173440029605e-06
forb,5.5031173440029605e-06
offpeak,5.5031173440029605e-06
unionnonunion,5.5031173440029605e-06
irrel,5.5031173440029605e-06
stim,5.5031173440029605e-06
iabl,5.5031173440029605e-06
altruist,5.5031173440029605e-06
fran,5.5031173440029605e-06
nator,5.5031173440029605e-06
discon,5.5031173440029605e-06
debunk,5.159172510002776e-06
exot,5.159172510002776e-06
massey,5.159172510002776e-06
clutter,5.159172510002776e-06
armor,5.159172510002776e-06
onlv,5.159172510002776e-06
subdu,5.159172510002776e-06
apriljun,5.159172510002776e-06
rot,5.159172510002776e-06
federalist,5.159172510002776e-06
sing,5.159172510002776e-06
citizenri,5.159172510002776e-06
parabola,5.159172510002776e-06
cott,5.159172510002776e-06
detrend,5.159172510002776e-06
slovakia,5.159172510002776e-06
deacon,5.159172510002776e-06
fischer,5.159172510002776e-06
jeopardis,5.159172510002776e-06
viewer,5.159172510002776e-06
singleequ,5.159172510002776e-06
sander,5.159172510002776e-06
cpb,5.159172510002776e-06
paradis,5.159172510002776e-06
gould,5.159172510002776e-06
oasi,5.159172510002776e-06
relaxa,5.159172510002776e-06
produict,5.159172510002776e-06
unfulfil,5.159172510002776e-06
aftereffect,5.159172510002776e-06
schill,5.159172510002776e-06
eval,5.159172510002776e-06
comparativestat,5.159172510002776e-06
virul,5.159172510002776e-06
iat,5.159172510002776e-06
duck,5.159172510002776e-06
idiosyncrat,5.159172510002776e-06
avec,5.159172510002776e-06
highrat,5.159172510002776e-06
nonquantit,5.159172510002776e-06
nace,5.159172510002776e-06
viation,5.159172510002776e-06
whiclh,5.159172510002776e-06
nondiscrimina,5.159172510002776e-06
determinaci,5.159172510002776e-06
chris,5.159172510002776e-06
terrif,5.159172510002776e-06
stint,5.159172510002776e-06
yokohama,5.159172510002776e-06
unessenti,5.159172510002776e-06
remodel,5.159172510002776e-06
trepreneur,5.159172510002776e-06
exil,5.159172510002776e-06
hopedfor,5.159172510002776e-06
desiderata,5.159172510002776e-06
grantinaid,5.159172510002776e-06
csp,5.159172510002776e-06
macgregor,5.159172510002776e-06
defunct,5.159172510002776e-06
tollison,5.159172510002776e-06
phelpsbrown,5.159172510002776e-06
warner,5.159172510002776e-06
sweat,5.159172510002776e-06
academia,5.159172510002776e-06
undersecretari,5.159172510002776e-06
shorterrun,5.159172510002776e-06
soutrc,5.159172510002776e-06
bucket,5.159172510002776e-06
booklet,5.159172510002776e-06
subclass,5.159172510002776e-06
atc,5.159172510002776e-06
helsinki,5.159172510002776e-06
tiebout,5.159172510002776e-06
ginger,5.159172510002776e-06
fiftytwo,5.159172510002776e-06
entist,5.159172510002776e-06
nile,5.159172510002776e-06
instituto,5.159172510002776e-06
pedestrian,5.159172510002776e-06
cun,5.159172510002776e-06
tober,5.159172510002776e-06
gium,5.159172510002776e-06
taxonomi,5.159172510002776e-06
cular,5.159172510002776e-06
capitol,5.159172510002776e-06
dou,5.159172510002776e-06
principalag,5.159172510002776e-06
minn,5.159172510002776e-06
seventyfour,5.159172510002776e-06
excav,5.159172510002776e-06
wellington,5.159172510002776e-06
deposi,5.159172510002776e-06
engrav,5.159172510002776e-06
stout,5.159172510002776e-06
braith,5.159172510002776e-06
nic,5.159172510002776e-06
engross,5.159172510002776e-06
hypothesis,5.159172510002776e-06
pedro,5.159172510002776e-06
pap,5.159172510002776e-06
behest,5.159172510002776e-06
halfdozen,5.159172510002776e-06
elemen,5.159172510002776e-06
industrya,5.159172510002776e-06
oppenheim,5.159172510002776e-06
reflec,5.159172510002776e-06
rinehart,5.159172510002776e-06
wolff,5.159172510002776e-06
jane,5.159172510002776e-06
warranti,5.159172510002776e-06
dariti,5.159172510002776e-06
interamerican,5.159172510002776e-06
fairer,5.159172510002776e-06
headi,5.159172510002776e-06
haskel,5.159172510002776e-06
npa,5.159172510002776e-06
laxiti,5.159172510002776e-06
grab,5.159172510002776e-06
ferret,5.159172510002776e-06
hygien,5.159172510002776e-06
diversi,5.159172510002776e-06
burglar,5.159172510002776e-06
parasit,5.159172510002776e-06
availabil,5.159172510002776e-06
avg,5.159172510002776e-06
akerman,5.159172510002776e-06
marqui,5.159172510002776e-06
nira,5.159172510002776e-06
tue,5.159172510002776e-06
nonunit,5.159172510002776e-06
glect,5.159172510002776e-06
terpart,5.159172510002776e-06
nett,5.159172510002776e-06
loga,5.159172510002776e-06
smsa,5.159172510002776e-06
punctuat,5.159172510002776e-06
overrun,5.159172510002776e-06
sui,5.159172510002776e-06
moneya,5.159172510002776e-06
thcenturi,5.159172510002776e-06
solo,5.159172510002776e-06
bryant,5.159172510002776e-06
scitovszki,5.159172510002776e-06
ski,5.159172510002776e-06
moistur,5.159172510002776e-06
renunci,5.159172510002776e-06
jectur,5.159172510002776e-06
tth,5.159172510002776e-06
larri,5.159172510002776e-06
unmatch,5.159172510002776e-06
noncapitalist,5.159172510002776e-06
massproduc,5.159172510002776e-06
vishvi,5.159172510002776e-06
rabbit,5.159172510002776e-06
tangenti,5.159172510002776e-06
selfcontradictori,5.159172510002776e-06
genous,5.159172510002776e-06
liaison,5.159172510002776e-06
bour,5.159172510002776e-06
insubstanti,5.159172510002776e-06
deriva,5.159172510002776e-06
imperfec,5.159172510002776e-06
illiter,5.159172510002776e-06
transpir,5.159172510002776e-06
slutski,5.159172510002776e-06
disillus,5.159172510002776e-06
glen,5.159172510002776e-06
beaver,5.159172510002776e-06
subjectmatt,5.159172510002776e-06
investmentth,5.159172510002776e-06
overgener,5.159172510002776e-06
earthquak,5.159172510002776e-06
credenti,5.159172510002776e-06
discreet,5.159172510002776e-06
governmn,5.159172510002776e-06
efa,5.159172510002776e-06
boll,5.159172510002776e-06
irvin,5.159172510002776e-06
peruvian,5.159172510002776e-06
exegesi,5.159172510002776e-06
dictori,5.159172510002776e-06
shout,5.159172510002776e-06
blacksmith,5.159172510002776e-06
dickinson,5.159172510002776e-06
associt,5.159172510002776e-06
costeffect,5.159172510002776e-06
causa,5.159172510002776e-06
nontransfer,5.159172510002776e-06
persecut,5.159172510002776e-06
menu,5.159172510002776e-06
forgon,5.159172510002776e-06
hollow,5.159172510002776e-06
unpr,5.159172510002776e-06
pere,5.159172510002776e-06
riot,5.159172510002776e-06
nonmanu,5.159172510002776e-06
thc,5.159172510002776e-06
nonwork,5.159172510002776e-06
laud,5.159172510002776e-06
rupert,5.159172510002776e-06
liquidasset,5.159172510002776e-06
fitter,5.159172510002776e-06
ino,5.159172510002776e-06
solidifi,5.159172510002776e-06
rudolf,5.159172510002776e-06
kilomet,5.159172510002776e-06
calendaryear,5.159172510002776e-06
intensi,5.159172510002776e-06
nayv,5.159172510002776e-06
manur,5.159172510002776e-06
felix,5.159172510002776e-06
intercens,5.159172510002776e-06
exorcis,5.159172510002776e-06
radioact,5.159172510002776e-06
contamin,5.159172510002776e-06
paretooptim,5.159172510002776e-06
thereabout,5.159172510002776e-06
bei,5.159172510002776e-06
fright,5.159172510002776e-06
downtown,5.159172510002776e-06
ric,5.159172510002776e-06
ferment,5.159172510002776e-06
behoov,5.159172510002776e-06
ciliat,5.159172510002776e-06
offfarm,5.159172510002776e-06
hank,5.159172510002776e-06
skinner,5.159172510002776e-06
urbanrur,5.159172510002776e-06
lop,5.159172510002776e-06
perti,5.159172510002776e-06
repric,5.159172510002776e-06
rili,5.159172510002776e-06
manipu,5.159172510002776e-06
sti,5.159172510002776e-06
proffer,5.159172510002776e-06
isola,5.159172510002776e-06
medit,5.159172510002776e-06
consoli,5.159172510002776e-06
pde,5.159172510002776e-06
incomeand,5.159172510002776e-06
flash,5.159172510002776e-06
alist,5.159172510002776e-06
pretenti,5.159172510002776e-06
wert,5.159172510002776e-06
unhelp,5.159172510002776e-06
selfenforc,5.159172510002776e-06
guthri,5.159172510002776e-06
margo,5.159172510002776e-06
attun,5.159172510002776e-06
louvain,5.159172510002776e-06
tes,5.159172510002776e-06
dinat,5.159172510002776e-06
crank,5.159172510002776e-06
preferen,5.159172510002776e-06
reproach,5.159172510002776e-06
elgar,5.159172510002776e-06
whistl,5.159172510002776e-06
jure,5.159172510002776e-06
architectur,5.159172510002776e-06
tinuiti,5.159172510002776e-06
coleman,5.159172510002776e-06
epistemolog,5.159172510002776e-06
counselor,5.159172510002776e-06
fasc,5.159172510002776e-06
slowgrow,5.159172510002776e-06
admonish,5.159172510002776e-06
termsof,5.159172510002776e-06
hannah,5.159172510002776e-06
gort,5.159172510002776e-06
bedevil,5.159172510002776e-06
glorious,5.159172510002776e-06
pts,5.159172510002776e-06
martinez,5.159172510002776e-06
rij,5.159172510002776e-06
ruttan,5.159172510002776e-06
bandwidth,5.159172510002776e-06
analo,5.159172510002776e-06
prosaic,5.159172510002776e-06
jail,5.159172510002776e-06
fbi,5.159172510002776e-06
hamlet,5.159172510002776e-06
beam,5.159172510002776e-06
rubric,5.159172510002776e-06
chairmen,5.159172510002776e-06
bryce,5.159172510002776e-06
midcenturi,5.159172510002776e-06
journeymen,5.159172510002776e-06
persian,5.159172510002776e-06
bane,5.159172510002776e-06
holden,5.159172510002776e-06
phk,5.159172510002776e-06
hane,5.159172510002776e-06
gravat,5.159172510002776e-06
unscrupul,5.159172510002776e-06
genus,5.159172510002776e-06
cull,5.159172510002776e-06
ico,5.159172510002776e-06
soltow,5.159172510002776e-06
cataclysm,5.159172510002776e-06
lowerpr,5.159172510002776e-06
vil,5.159172510002776e-06
covert,5.159172510002776e-06
jealous,5.159172510002776e-06
plenum,5.159172510002776e-06
clemen,5.159172510002776e-06
halfheart,5.159172510002776e-06
medal,5.159172510002776e-06
desira,5.159172510002776e-06
yearto,5.159172510002776e-06
farsight,5.159172510002776e-06
singlemind,5.159172510002776e-06
stockadjust,5.159172510002776e-06
midnineteenth,5.159172510002776e-06
hinrich,5.159172510002776e-06
btu,5.159172510002776e-06
oligopsonist,5.159172510002776e-06
reputa,5.159172510002776e-06
coomb,5.159172510002776e-06
curti,5.159172510002776e-06
bort,5.159172510002776e-06
cartwright,5.159172510002776e-06
industriell,5.159172510002776e-06
fraser,5.159172510002776e-06
miscon,5.159172510002776e-06
ram,5.159172510002776e-06
apac,5.159172510002776e-06
plianc,4.81522767600259e-06
softwood,4.81522767600259e-06
positivist,4.81522767600259e-06
fervent,4.81522767600259e-06
capitalmarket,4.81522767600259e-06
tingent,4.81522767600259e-06
noncon,4.81522767600259e-06
sophi,4.81522767600259e-06
reclaim,4.81522767600259e-06
inap,4.81522767600259e-06
jec,4.81522767600259e-06
copious,4.81522767600259e-06
ticabl,4.81522767600259e-06
childhood,4.81522767600259e-06
cbo,4.81522767600259e-06
baer,4.81522767600259e-06
seismic,4.81522767600259e-06
picion,4.81522767600259e-06
beard,4.81522767600259e-06
culiar,4.81522767600259e-06
nontransf,4.81522767600259e-06
demerit,4.81522767600259e-06
bye,4.81522767600259e-06
spawn,4.81522767600259e-06
multifactor,4.81522767600259e-06
elbow,4.81522767600259e-06
reestab,4.81522767600259e-06
subramanian,4.81522767600259e-06
janeiro,4.81522767600259e-06
obstin,4.81522767600259e-06
rad,4.81522767600259e-06
twine,4.81522767600259e-06
mushroom,4.81522767600259e-06
mussa,4.81522767600259e-06
grief,4.81522767600259e-06
servicemen,4.81522767600259e-06
shovel,4.81522767600259e-06
demographi,4.81522767600259e-06
implementa,4.81522767600259e-06
nental,4.81522767600259e-06
inaccess,4.81522767600259e-06
deepest,4.81522767600259e-06
selfjustifi,4.81522767600259e-06
cbt,4.81522767600259e-06
yan,4.81522767600259e-06
outpour,4.81522767600259e-06
stolen,4.81522767600259e-06
rious,4.81522767600259e-06
quinn,4.81522767600259e-06
weekend,4.81522767600259e-06
underpay,4.81522767600259e-06
kant,4.81522767600259e-06
lite,4.81522767600259e-06
indivi,4.81522767600259e-06
maci,4.81522767600259e-06
subterfug,4.81522767600259e-06
illu,4.81522767600259e-06
ishikawa,4.81522767600259e-06
heck,4.81522767600259e-06
deseason,4.81522767600259e-06
nom,4.81522767600259e-06
dishonest,4.81522767600259e-06
unverifi,4.81522767600259e-06
pakistani,4.81522767600259e-06
psb,4.81522767600259e-06
englishmen,4.81522767600259e-06
sprinkl,4.81522767600259e-06
positiv,4.81522767600259e-06
ood,4.81522767600259e-06
ecn,4.81522767600259e-06
sverig,4.81522767600259e-06
gator,4.81522767600259e-06
econon,4.81522767600259e-06
unearth,4.81522767600259e-06
slavia,4.81522767600259e-06
verti,4.81522767600259e-06
srs,4.81522767600259e-06
auspici,4.81522767600259e-06
cautionari,4.81522767600259e-06
richter,4.81522767600259e-06
trite,4.81522767600259e-06
nonacadem,4.81522767600259e-06
solitari,4.81522767600259e-06
stor,4.81522767600259e-06
maximand,4.81522767600259e-06
pti,4.81522767600259e-06
regent,4.81522767600259e-06
seventytwo,4.81522767600259e-06
tomari,4.81522767600259e-06
unlag,4.81522767600259e-06
ablebodi,4.81522767600259e-06
ktl,4.81522767600259e-06
deceas,4.81522767600259e-06
athlet,4.81522767600259e-06
woe,4.81522767600259e-06
orchard,4.81522767600259e-06
reductio,4.81522767600259e-06
unhealthi,4.81522767600259e-06
psc,4.81522767600259e-06
limeston,4.81522767600259e-06
polanyi,4.81522767600259e-06
unfund,4.81522767600259e-06
spulber,4.81522767600259e-06
tun,4.81522767600259e-06
onepric,4.81522767600259e-06
timediscount,4.81522767600259e-06
libya,4.81522767600259e-06
deus,4.81522767600259e-06
infr,4.81522767600259e-06
fic,4.81522767600259e-06
comanor,4.81522767600259e-06
presen,4.81522767600259e-06
duan,4.81522767600259e-06
feeder,4.81522767600259e-06
priceinelast,4.81522767600259e-06
predica,4.81522767600259e-06
nonresi,4.81522767600259e-06
ient,4.81522767600259e-06
crite,4.81522767600259e-06
pling,4.81522767600259e-06
rieti,4.81522767600259e-06
meansquar,4.81522767600259e-06
luctanc,4.81522767600259e-06
eratur,4.81522767600259e-06
nonliquid,4.81522767600259e-06
contagi,4.81522767600259e-06
freerid,4.81522767600259e-06
derstat,4.81522767600259e-06
insecticid,4.81522767600259e-06
swarm,4.81522767600259e-06
footloos,4.81522767600259e-06
oco,4.81522767600259e-06
rag,4.81522767600259e-06
nele,4.81522767600259e-06
cousin,4.81522767600259e-06
malnutrit,4.81522767600259e-06
atmo,4.81522767600259e-06
priest,4.81522767600259e-06
lusion,4.81522767600259e-06
hacienda,4.81522767600259e-06
runoff,4.81522767600259e-06
lel,4.81522767600259e-06
missibl,4.81522767600259e-06
cyd,4.81522767600259e-06
linstitut,4.81522767600259e-06
yfo,4.81522767600259e-06
nonintervent,4.81522767600259e-06
swim,4.81522767600259e-06
nonpay,4.81522767600259e-06
ferabl,4.81522767600259e-06
smallbusi,4.81522767600259e-06
ooooo,4.81522767600259e-06
const,4.81522767600259e-06
quin,4.81522767600259e-06
upsid,4.81522767600259e-06
prive,4.81522767600259e-06
inputout,4.81522767600259e-06
interr,4.81522767600259e-06
financier,4.81522767600259e-06
shouldnt,4.81522767600259e-06
tivat,4.81522767600259e-06
selfconsist,4.81522767600259e-06
parish,4.81522767600259e-06
salli,4.81522767600259e-06
hundredth,4.81522767600259e-06
piano,4.81522767600259e-06
discountr,4.81522767600259e-06
economt,4.81522767600259e-06
tfp,4.81522767600259e-06
paral,4.81522767600259e-06
heft,4.81522767600259e-06
suffrag,4.81522767600259e-06
mechani,4.81522767600259e-06
oberlin,4.81522767600259e-06
intercours,4.81522767600259e-06
disgust,4.81522767600259e-06
sobel,4.81522767600259e-06
festat,4.81522767600259e-06
monev,4.81522767600259e-06
beginn,4.81522767600259e-06
lec,4.81522767600259e-06
gland,4.81522767600259e-06
lawsuit,4.81522767600259e-06
mailord,4.81522767600259e-06
selffin,4.81522767600259e-06
syrup,4.81522767600259e-06
collis,4.81522767600259e-06
straighten,4.81522767600259e-06
tarili,4.81522767600259e-06
rani,4.81522767600259e-06
oconnor,4.81522767600259e-06
biguous,4.81522767600259e-06
hurwicz,4.81522767600259e-06
dize,4.81522767600259e-06
amherst,4.81522767600259e-06
etw,4.81522767600259e-06
wrest,4.81522767600259e-06
sixtyon,4.81522767600259e-06
forbear,4.81522767600259e-06
flexibil,4.81522767600259e-06
bertil,4.81522767600259e-06
blackmail,4.81522767600259e-06
untari,4.81522767600259e-06
overh,4.81522767600259e-06
perous,4.81522767600259e-06
novdec,4.81522767600259e-06
masterpiec,4.81522767600259e-06
inert,4.81522767600259e-06
axl,4.81522767600259e-06
questionbeg,4.81522767600259e-06
tsls,4.81522767600259e-06
heston,4.81522767600259e-06
isoelast,4.81522767600259e-06
lagrang,4.81522767600259e-06
tol,4.81522767600259e-06
dormitori,4.81522767600259e-06
firearm,4.81522767600259e-06
jobless,4.81522767600259e-06
accommo,4.81522767600259e-06
pst,4.81522767600259e-06
logp,4.81522767600259e-06
kornai,4.81522767600259e-06
calib,4.81522767600259e-06
dysfunct,4.81522767600259e-06
uncompetit,4.81522767600259e-06
lotka,4.81522767600259e-06
multiyear,4.81522767600259e-06
barg,4.81522767600259e-06
dishonesti,4.81522767600259e-06
varga,4.81522767600259e-06
chill,4.81522767600259e-06
termedi,4.81522767600259e-06
miniatur,4.81522767600259e-06
limbo,4.81522767600259e-06
sls,4.81522767600259e-06
parad,4.81522767600259e-06
inmport,4.81522767600259e-06
noninsur,4.81522767600259e-06
mania,4.81522767600259e-06
sympa,4.81522767600259e-06
borenstein,4.81522767600259e-06
contenti,4.81522767600259e-06
xij,4.81522767600259e-06
alg,4.81522767600259e-06
capitalasset,4.81522767600259e-06
pricest,4.81522767600259e-06
wang,4.81522767600259e-06
seriatim,4.81522767600259e-06
skim,4.81522767600259e-06
meritori,4.81522767600259e-06
mathemati,4.81522767600259e-06
lmi,4.81522767600259e-06
doering,4.81522767600259e-06
chou,4.81522767600259e-06
eag,4.81522767600259e-06
incontrovert,4.81522767600259e-06
email,4.81522767600259e-06
circa,4.81522767600259e-06
revalua,4.81522767600259e-06
alism,4.81522767600259e-06
colum,4.81522767600259e-06
interestsensit,4.81522767600259e-06
unworthi,4.81522767600259e-06
emptor,4.81522767600259e-06
renam,4.81522767600259e-06
bitrari,4.81522767600259e-06
hewitt,4.81522767600259e-06
bystand,4.81522767600259e-06
ide,4.81522767600259e-06
logician,4.81522767600259e-06
econzom,4.81522767600259e-06
subaggreg,4.81522767600259e-06
fallibl,4.81522767600259e-06
goodsa,4.81522767600259e-06
hen,4.81522767600259e-06
paig,4.81522767600259e-06
euphem,4.81522767600259e-06
pollu,4.81522767600259e-06
handmaiden,4.81522767600259e-06
paternalist,4.81522767600259e-06
oneshot,4.81522767600259e-06
afortiori,4.81522767600259e-06
nurseri,4.81522767600259e-06
diag,4.81522767600259e-06
keel,4.81522767600259e-06
brute,4.81522767600259e-06
steepen,4.81522767600259e-06
formi,4.81522767600259e-06
tectionist,4.81522767600259e-06
nonoil,4.81522767600259e-06
mordecai,4.81522767600259e-06
prearrang,4.81522767600259e-06
useabl,4.81522767600259e-06
transistor,4.81522767600259e-06
economv,4.81522767600259e-06
supplemen,4.81522767600259e-06
disharmoni,4.81522767600259e-06
suasiv,4.81522767600259e-06
restock,4.81522767600259e-06
timothi,4.81522767600259e-06
alti,4.81522767600259e-06
gos,4.81522767600259e-06
zellner,4.81522767600259e-06
ricar,4.81522767600259e-06
resnick,4.81522767600259e-06
lthe,4.81522767600259e-06
dispropor,4.81522767600259e-06
unrevis,4.81522767600259e-06
prussia,4.81522767600259e-06
lis,4.81522767600259e-06
transfor,4.81522767600259e-06
lehigh,4.81522767600259e-06
referr,4.81522767600259e-06
ancestri,4.81522767600259e-06
bang,4.81522767600259e-06
exuber,4.81522767600259e-06
unintellig,4.81522767600259e-06
mytholog,4.81522767600259e-06
outofst,4.81522767600259e-06
reabsorb,4.81522767600259e-06
plitud,4.81522767600259e-06
froin,4.81522767600259e-06
deeproot,4.81522767600259e-06
trialanderror,4.81522767600259e-06
nostalgia,4.81522767600259e-06
nevada,4.81522767600259e-06
afresh,4.81522767600259e-06
odolog,4.81522767600259e-06
rfn,4.471282842002406e-06
tarif,4.471282842002406e-06
pac,4.471282842002406e-06
crockett,4.471282842002406e-06
perfunctori,4.471282842002406e-06
rootmeansquar,4.471282842002406e-06
worm,4.471282842002406e-06
ire,4.471282842002406e-06
sorrow,4.471282842002406e-06
sitat,4.471282842002406e-06
apposit,4.471282842002406e-06
touchston,4.471282842002406e-06
hem,4.471282842002406e-06
verv,4.471282842002406e-06
sac,4.471282842002406e-06
lowestincom,4.471282842002406e-06
andj,4.471282842002406e-06
egori,4.471282842002406e-06
tiqu,4.471282842002406e-06
unstat,4.471282842002406e-06
oro,4.471282842002406e-06
pointment,4.471282842002406e-06
krugman,4.471282842002406e-06
dooley,4.471282842002406e-06
dawn,4.471282842002406e-06
cop,4.471282842002406e-06
emeri,4.471282842002406e-06
telaviv,4.471282842002406e-06
fixer,4.471282842002406e-06
preju,4.471282842002406e-06
insidi,4.471282842002406e-06
kemp,4.471282842002406e-06
lethargi,4.471282842002406e-06
init,4.471282842002406e-06
resound,4.471282842002406e-06
finess,4.471282842002406e-06
computer,4.471282842002406e-06
sidelin,4.471282842002406e-06
gous,4.471282842002406e-06
fortyon,4.471282842002406e-06
toyear,4.471282842002406e-06
amt,4.471282842002406e-06
quant,4.471282842002406e-06
muner,4.471282842002406e-06
wisest,4.471282842002406e-06
cribe,4.471282842002406e-06
alyz,4.471282842002406e-06
brewster,4.471282842002406e-06
leff,4.471282842002406e-06
ligibl,4.471282842002406e-06
ters,4.471282842002406e-06
ciliti,4.471282842002406e-06
diff,4.471282842002406e-06
medicaid,4.471282842002406e-06
watchdog,4.471282842002406e-06
eff,4.471282842002406e-06
myopic,4.471282842002406e-06
lockin,4.471282842002406e-06
terfer,4.471282842002406e-06
resourceus,4.471282842002406e-06
bro,4.471282842002406e-06
cgt,4.471282842002406e-06
falk,4.471282842002406e-06
steadier,4.471282842002406e-06
teori,4.471282842002406e-06
capitalexport,4.471282842002406e-06
stronghold,4.471282842002406e-06
interc,4.471282842002406e-06
biologist,4.471282842002406e-06
stituent,4.471282842002406e-06
tief,4.471282842002406e-06
ytl,4.471282842002406e-06
intermin,4.471282842002406e-06
syllog,4.471282842002406e-06
francoi,4.471282842002406e-06
reserva,4.471282842002406e-06
blake,4.471282842002406e-06
cleans,4.471282842002406e-06
frus,4.471282842002406e-06
losophi,4.471282842002406e-06
wachtel,4.471282842002406e-06
exet,4.471282842002406e-06
trucker,4.471282842002406e-06
nadian,4.471282842002406e-06
methuen,4.471282842002406e-06
equiproportion,4.471282842002406e-06
incapac,4.471282842002406e-06
cade,4.471282842002406e-06
unto,4.471282842002406e-06
bol,4.471282842002406e-06
ific,4.471282842002406e-06
ceal,4.471282842002406e-06
omnipres,4.471282842002406e-06
albani,4.471282842002406e-06
investmn,4.471282842002406e-06
levitt,4.471282842002406e-06
ging,4.471282842002406e-06
exposi,4.471282842002406e-06
registrar,4.471282842002406e-06
rocket,4.471282842002406e-06
backyard,4.471282842002406e-06
valueless,4.471282842002406e-06
erwin,4.471282842002406e-06
cryptic,4.471282842002406e-06
efficien,4.471282842002406e-06
apex,4.471282842002406e-06
brenner,4.471282842002406e-06
snake,4.471282842002406e-06
untrain,4.471282842002406e-06
boskin,4.471282842002406e-06
portend,4.471282842002406e-06
nasti,4.471282842002406e-06
ramifi,4.471282842002406e-06
tilater,4.471282842002406e-06
hayami,4.471282842002406e-06
aristocrat,4.471282842002406e-06
wendel,4.471282842002406e-06
dignifi,4.471282842002406e-06
petent,4.471282842002406e-06
disconfirm,4.471282842002406e-06
soup,4.471282842002406e-06
unscientif,4.471282842002406e-06
disposi,4.471282842002406e-06
extramarket,4.471282842002406e-06
schizophrenia,4.471282842002406e-06
middleag,4.471282842002406e-06
bundesrepublik,4.471282842002406e-06
tjall,4.471282842002406e-06
berman,4.471282842002406e-06
timeinterv,4.471282842002406e-06
threeway,4.471282842002406e-06
castl,4.471282842002406e-06
recipro,4.471282842002406e-06
giersch,4.471282842002406e-06
viction,4.471282842002406e-06
unab,4.471282842002406e-06
rossi,4.471282842002406e-06
senti,4.471282842002406e-06
pauper,4.471282842002406e-06
havent,4.471282842002406e-06
igi,4.471282842002406e-06
nontrivi,4.471282842002406e-06
economca,4.471282842002406e-06
politicaleconom,4.471282842002406e-06
beaten,4.471282842002406e-06
pectiv,4.471282842002406e-06
snowbal,4.471282842002406e-06
tiliti,4.471282842002406e-06
deteri,4.471282842002406e-06
ordain,4.471282842002406e-06
thresh,4.471282842002406e-06
waa,4.471282842002406e-06
foretel,4.471282842002406e-06
miliar,4.471282842002406e-06
induistri,4.471282842002406e-06
economet,4.471282842002406e-06
trajectori,4.471282842002406e-06
sensus,4.471282842002406e-06
backdrop,4.471282842002406e-06
briefest,4.471282842002406e-06
fallow,4.471282842002406e-06
queu,4.471282842002406e-06
liti,4.471282842002406e-06
indonesian,4.471282842002406e-06
chainstor,4.471282842002406e-06
ado,4.471282842002406e-06
hle,4.471282842002406e-06
stylis,4.471282842002406e-06
eatwel,4.471282842002406e-06
clog,4.471282842002406e-06
horticultur,4.471282842002406e-06
hemi,4.471282842002406e-06
asa,4.471282842002406e-06
flank,4.471282842002406e-06
farmland,4.471282842002406e-06
uncl,4.471282842002406e-06
nod,4.471282842002406e-06
covet,4.471282842002406e-06
phds,4.471282842002406e-06
rsc,4.471282842002406e-06
stantan,4.471282842002406e-06
phlet,4.471282842002406e-06
ridden,4.471282842002406e-06
agriculturalist,4.471282842002406e-06
nership,4.471282842002406e-06
thiev,4.471282842002406e-06
firmat,4.471282842002406e-06
permi,4.471282842002406e-06
haulag,4.471282842002406e-06
whither,4.471282842002406e-06
nudg,4.471282842002406e-06
fortu,4.471282842002406e-06
dit,4.471282842002406e-06
termina,4.471282842002406e-06
torial,4.471282842002406e-06
api,4.471282842002406e-06
rifl,4.471282842002406e-06
vancouv,4.471282842002406e-06
wherewith,4.471282842002406e-06
fiftieth,4.471282842002406e-06
tard,4.471282842002406e-06
aprilmay,4.471282842002406e-06
ownermanag,4.471282842002406e-06
netoftax,4.471282842002406e-06
schweitzer,4.471282842002406e-06
quickest,4.471282842002406e-06
adept,4.471282842002406e-06
tlement,4.471282842002406e-06
abnor,4.471282842002406e-06
populist,4.471282842002406e-06
craftsmanship,4.471282842002406e-06
nonrecurr,4.471282842002406e-06
tabu,4.471282842002406e-06
fait,4.471282842002406e-06
abol,4.471282842002406e-06
pks,4.471282842002406e-06
reci,4.471282842002406e-06
gunn,4.471282842002406e-06
sozial,4.471282842002406e-06
hew,4.471282842002406e-06
monro,4.471282842002406e-06
cod,4.471282842002406e-06
amput,4.471282842002406e-06
souirc,4.471282842002406e-06
tellig,4.471282842002406e-06
readabl,4.471282842002406e-06
ibo,4.471282842002406e-06
accep,4.471282842002406e-06
lippincott,4.471282842002406e-06
nathaniel,4.471282842002406e-06
banfield,4.471282842002406e-06
furthest,4.471282842002406e-06
firstdiffer,4.471282842002406e-06
aia,4.471282842002406e-06
gopolist,4.471282842002406e-06
ccr,4.471282842002406e-06
herit,4.471282842002406e-06
ioc,4.471282842002406e-06
drinker,4.471282842002406e-06
ibil,4.471282842002406e-06
michal,4.471282842002406e-06
keeper,4.471282842002406e-06
mutat,4.471282842002406e-06
trench,4.471282842002406e-06
tow,4.471282842002406e-06
slippag,4.471282842002406e-06
simplifica,4.471282842002406e-06
singlepl,4.471282842002406e-06
homog,4.471282842002406e-06
ignit,4.471282842002406e-06
evelyn,4.471282842002406e-06
mcdougal,4.471282842002406e-06
nontechnolog,4.471282842002406e-06
congreg,4.471282842002406e-06
smsas,4.471282842002406e-06
produit,4.471282842002406e-06
norma,4.471282842002406e-06
uar,4.471282842002406e-06
wolfgang,4.471282842002406e-06
camel,4.471282842002406e-06
pierc,4.471282842002406e-06
disjoint,4.471282842002406e-06
prov,4.471282842002406e-06
codifi,4.471282842002406e-06
civilis,4.471282842002406e-06
tthe,4.471282842002406e-06
afoul,4.471282842002406e-06
ardiz,4.471282842002406e-06
admixtur,4.471282842002406e-06
chop,4.471282842002406e-06
vengeanc,4.471282842002406e-06
uncompens,4.471282842002406e-06
surgeri,4.471282842002406e-06
noninvest,4.471282842002406e-06
bee,4.471282842002406e-06
cis,4.471282842002406e-06
counterattack,4.471282842002406e-06
tieth,4.471282842002406e-06
foretold,4.471282842002406e-06
nonveteran,4.471282842002406e-06
farflung,4.471282842002406e-06
inac,4.471282842002406e-06
hie,4.471282842002406e-06
heim,4.471282842002406e-06
parsimoni,4.471282842002406e-06
rumour,4.471282842002406e-06
assidu,4.471282842002406e-06
abstrac,4.471282842002406e-06
debilit,4.471282842002406e-06
neousli,4.471282842002406e-06
inviol,4.471282842002406e-06
algorithm,4.471282842002406e-06
nerabl,4.471282842002406e-06
capaci,4.471282842002406e-06
iceberg,4.471282842002406e-06
eth,4.471282842002406e-06
signer,4.471282842002406e-06
tortuous,4.471282842002406e-06
produkt,4.471282842002406e-06
gorman,4.471282842002406e-06
pigovian,4.471282842002406e-06
disus,4.471282842002406e-06
fiasco,4.471282842002406e-06
fro,4.471282842002406e-06
delud,4.471282842002406e-06
agespecif,4.471282842002406e-06
sprung,4.471282842002406e-06
riksbank,4.471282842002406e-06
hiatus,4.471282842002406e-06
jefferi,4.471282842002406e-06
scrupl,4.471282842002406e-06
strictest,4.471282842002406e-06
ticat,4.471282842002406e-06
nutshel,4.471282842002406e-06
aura,4.471282842002406e-06
stru,4.471282842002406e-06
viceversa,4.471282842002406e-06
lemma,4.471282842002406e-06
explo,4.471282842002406e-06
biass,4.471282842002406e-06
liam,4.471282842002406e-06
photo,4.471282842002406e-06
tribe,4.471282842002406e-06
watertight,4.471282842002406e-06
selfrespect,4.471282842002406e-06
publicis,4.471282842002406e-06
publican,4.471282842002406e-06
ihi,4.471282842002406e-06
earthenwar,4.471282842002406e-06
vanguard,4.471282842002406e-06
jaroslav,4.471282842002406e-06
wein,4.471282842002406e-06
ctt,4.471282842002406e-06
overdon,4.471282842002406e-06
broom,4.471282842002406e-06
outputinput,4.471282842002406e-06
mei,4.471282842002406e-06
braithwait,4.471282842002406e-06
repos,4.471282842002406e-06
fortyyear,4.471282842002406e-06
fortynin,4.471282842002406e-06
sank,4.471282842002406e-06
eur,4.471282842002406e-06
unneed,4.471282842002406e-06
unreward,4.471282842002406e-06
foray,4.471282842002406e-06
extraor,4.471282842002406e-06
uppermost,4.471282842002406e-06
craci,4.471282842002406e-06
unmitig,4.471282842002406e-06
robber,4.471282842002406e-06
wagegood,4.471282842002406e-06
travaux,4.471282842002406e-06
surrey,4.471282842002406e-06
allocat,4.471282842002406e-06
pennsylva,4.471282842002406e-06
equaliza,4.471282842002406e-06
responsibili,4.471282842002406e-06
equali,4.471282842002406e-06
pervert,4.471282842002406e-06
pent,4.471282842002406e-06
intrast,4.471282842002406e-06
kickback,4.471282842002406e-06
nonstatist,4.471282842002406e-06
displeasur,4.471282842002406e-06
bluff,4.471282842002406e-06
irretriev,4.471282842002406e-06
lowpaid,4.471282842002406e-06
farrel,4.471282842002406e-06
knotti,4.471282842002406e-06
qtl,4.471282842002406e-06
torat,4.471282842002406e-06
logrol,4.471282842002406e-06
escort,4.471282842002406e-06
anathema,4.471282842002406e-06
notif,4.471282842002406e-06
canberra,4.471282842002406e-06
fountain,4.471282842002406e-06
higg,4.471282842002406e-06
ellman,4.12733800800222e-06
nonrat,4.12733800800222e-06
suck,4.12733800800222e-06
mostfavor,4.12733800800222e-06
canyon,4.12733800800222e-06
tuition,4.12733800800222e-06
pitman,4.12733800800222e-06
ati,4.12733800800222e-06
manship,4.12733800800222e-06
influen,4.12733800800222e-06
bund,4.12733800800222e-06
mingl,4.12733800800222e-06
anes,4.12733800800222e-06
gestiv,4.12733800800222e-06
progeni,4.12733800800222e-06
coor,4.12733800800222e-06
twodimension,4.12733800800222e-06
heinemann,4.12733800800222e-06
itm,4.12733800800222e-06
flem,4.12733800800222e-06
fra,4.12733800800222e-06
coali,4.12733800800222e-06
imputa,4.12733800800222e-06
sheila,4.12733800800222e-06
qij,4.12733800800222e-06
boyl,4.12733800800222e-06
efficiencywag,4.12733800800222e-06
hare,4.12733800800222e-06
greenspan,4.12733800800222e-06
masquerad,4.12733800800222e-06
stimulat,4.12733800800222e-06
xvith,4.12733800800222e-06
wellbalanc,4.12733800800222e-06
luther,4.12733800800222e-06
rize,4.12733800800222e-06
policya,4.12733800800222e-06
kane,4.12733800800222e-06
interproduct,4.12733800800222e-06
instat,4.12733800800222e-06
fowler,4.12733800800222e-06
niot,4.12733800800222e-06
embassi,4.12733800800222e-06
protector,4.12733800800222e-06
messeng,4.12733800800222e-06
benston,4.12733800800222e-06
essai,4.12733800800222e-06
ludicr,4.12733800800222e-06
exterior,4.12733800800222e-06
imponder,4.12733800800222e-06
plausi,4.12733800800222e-06
bolivian,4.12733800800222e-06
meckl,4.12733800800222e-06
statecontrol,4.12733800800222e-06
moralist,4.12733800800222e-06
acrimoni,4.12733800800222e-06
palli,4.12733800800222e-06
selfexplanatori,4.12733800800222e-06
yanke,4.12733800800222e-06
propter,4.12733800800222e-06
taiwanes,4.12733800800222e-06
rejec,4.12733800800222e-06
demonstra,4.12733800800222e-06
ineffec,4.12733800800222e-06
transferr,4.12733800800222e-06
clinton,4.12733800800222e-06
krug,4.12733800800222e-06
zenith,4.12733800800222e-06
accompa,4.12733800800222e-06
visionari,4.12733800800222e-06
poet,4.12733800800222e-06
instabil,4.12733800800222e-06
homegrown,4.12733800800222e-06
herenc,4.12733800800222e-06
manitoba,4.12733800800222e-06
wiener,4.12733800800222e-06
cont,4.12733800800222e-06
nonfulfil,4.12733800800222e-06
divulg,4.12733800800222e-06
slur,4.12733800800222e-06
nativeborn,4.12733800800222e-06
penultim,4.12733800800222e-06
malpractic,4.12733800800222e-06
emnploy,4.12733800800222e-06
oftentim,4.12733800800222e-06
parentag,4.12733800800222e-06
paralysi,4.12733800800222e-06
dpp,4.12733800800222e-06
somn,4.12733800800222e-06
schwarz,4.12733800800222e-06
whet,4.12733800800222e-06
tina,4.12733800800222e-06
surer,4.12733800800222e-06
greenaway,4.12733800800222e-06
foreknowledg,4.12733800800222e-06
overcharg,4.12733800800222e-06
handel,4.12733800800222e-06
ciabl,4.12733800800222e-06
schuster,4.12733800800222e-06
wet,4.12733800800222e-06
mot,4.12733800800222e-06
tur,4.12733800800222e-06
middlesex,4.12733800800222e-06
drafte,4.12733800800222e-06
reim,4.12733800800222e-06
highemploy,4.12733800800222e-06
capric,4.12733800800222e-06
devote,4.12733800800222e-06
harbing,4.12733800800222e-06
breton,4.12733800800222e-06
sst,4.12733800800222e-06
odditi,4.12733800800222e-06
agr,4.12733800800222e-06
prelimi,4.12733800800222e-06
keener,4.12733800800222e-06
habilit,4.12733800800222e-06
trapol,4.12733800800222e-06
shoemak,4.12733800800222e-06
transmi,4.12733800800222e-06
commen,4.12733800800222e-06
bob,4.12733800800222e-06
ciproc,4.12733800800222e-06
osborn,4.12733800800222e-06
boyd,4.12733800800222e-06
jayn,4.12733800800222e-06
plementar,4.12733800800222e-06
harriss,4.12733800800222e-06
largerscal,4.12733800800222e-06
lei,4.12733800800222e-06
disaggr,4.12733800800222e-06
unreserv,4.12733800800222e-06
crat,4.12733800800222e-06
fuss,4.12733800800222e-06
wildlif,4.12733800800222e-06
pabl,4.12733800800222e-06
preserva,4.12733800800222e-06
tableaux,4.12733800800222e-06
untangl,4.12733800800222e-06
enshrin,4.12733800800222e-06
pieti,4.12733800800222e-06
sover,4.12733800800222e-06
lowerlevel,4.12733800800222e-06
presumptu,4.12733800800222e-06
cessor,4.12733800800222e-06
anachron,4.12733800800222e-06
lind,4.12733800800222e-06
tournament,4.12733800800222e-06
gracious,4.12733800800222e-06
uncompl,4.12733800800222e-06
histoir,4.12733800800222e-06
triciti,4.12733800800222e-06
cca,4.12733800800222e-06
hesi,4.12733800800222e-06
ubiqu,4.12733800800222e-06
abovenorm,4.12733800800222e-06
vite,4.12733800800222e-06
twogood,4.12733800800222e-06
ptt,4.12733800800222e-06
ageri,4.12733800800222e-06
crane,4.12733800800222e-06
tintner,4.12733800800222e-06
mune,4.12733800800222e-06
disarm,4.12733800800222e-06
insignifi,4.12733800800222e-06
rendig,4.12733800800222e-06
policyth,4.12733800800222e-06
shoven,4.12733800800222e-06
acu,4.12733800800222e-06
highgrowth,4.12733800800222e-06
arn,4.12733800800222e-06
bradley,4.12733800800222e-06
indicat,4.12733800800222e-06
twoparti,4.12733800800222e-06
sidual,4.12733800800222e-06
wvhen,4.12733800800222e-06
bodenhorn,4.12733800800222e-06
lombard,4.12733800800222e-06
inbetween,4.12733800800222e-06
multiunit,4.12733800800222e-06
contraven,4.12733800800222e-06
britton,4.12733800800222e-06
nonexport,4.12733800800222e-06
pes,4.12733800800222e-06
tightest,4.12733800800222e-06
amo,4.12733800800222e-06
lifeexpect,4.12733800800222e-06
outnumb,4.12733800800222e-06
gaussseidel,4.12733800800222e-06
traliti,4.12733800800222e-06
wvas,4.12733800800222e-06
poetic,4.12733800800222e-06
septoct,4.12733800800222e-06
leadlag,4.12733800800222e-06
forag,4.12733800800222e-06
unbrand,4.12733800800222e-06
frantic,4.12733800800222e-06
obj,4.12733800800222e-06
miami,4.12733800800222e-06
limb,4.12733800800222e-06
hark,4.12733800800222e-06
coalesc,4.12733800800222e-06
wyom,4.12733800800222e-06
alu,4.12733800800222e-06
puti,4.12733800800222e-06
imagina,4.12733800800222e-06
vicker,4.12733800800222e-06
everpres,4.12733800800222e-06
rife,4.12733800800222e-06
governmentsponsor,4.12733800800222e-06
fromi,4.12733800800222e-06
approb,4.12733800800222e-06
retro,4.12733800800222e-06
prede,4.12733800800222e-06
predestin,4.12733800800222e-06
overcapit,4.12733800800222e-06
roster,4.12733800800222e-06
garner,4.12733800800222e-06
logu,4.12733800800222e-06
spire,4.12733800800222e-06
payday,4.12733800800222e-06
chisel,4.12733800800222e-06
haber,4.12733800800222e-06
tionnair,4.12733800800222e-06
gish,4.12733800800222e-06
morbid,4.12733800800222e-06
brandi,4.12733800800222e-06
farrar,4.12733800800222e-06
travail,4.12733800800222e-06
heav,4.12733800800222e-06
olut,4.12733800800222e-06
timal,4.12733800800222e-06
summit,4.12733800800222e-06
perloff,4.12733800800222e-06
mnent,4.12733800800222e-06
metz,4.12733800800222e-06
collid,4.12733800800222e-06
medoff,4.12733800800222e-06
frenzi,4.12733800800222e-06
nich,4.12733800800222e-06
underweight,4.12733800800222e-06
ergi,4.12733800800222e-06
pickup,4.12733800800222e-06
bengal,4.12733800800222e-06
nonmateri,4.12733800800222e-06
cialize,4.12733800800222e-06
versaill,4.12733800800222e-06
selfdetermin,4.12733800800222e-06
decentraliza,4.12733800800222e-06
exo,4.12733800800222e-06
progenitor,4.12733800800222e-06
nell,4.12733800800222e-06
teoria,4.12733800800222e-06
primi,4.12733800800222e-06
zeuthen,4.12733800800222e-06
morass,4.12733800800222e-06
xth,4.12733800800222e-06
undetect,4.12733800800222e-06
exx,4.12733800800222e-06
dine,4.12733800800222e-06
stylist,4.12733800800222e-06
paraphernalia,4.12733800800222e-06
cnc,4.12733800800222e-06
tidsskrift,4.12733800800222e-06
policyori,4.12733800800222e-06
dollardenomin,4.12733800800222e-06
xvhat,4.12733800800222e-06
guido,4.12733800800222e-06
fled,4.12733800800222e-06
hor,4.12733800800222e-06
auditor,4.12733800800222e-06
lowvalu,4.12733800800222e-06
josef,4.12733800800222e-06
messi,4.12733800800222e-06
imprud,4.12733800800222e-06
alley,4.12733800800222e-06
untidi,4.12733800800222e-06
overesti,4.12733800800222e-06
relay,4.12733800800222e-06
selforgan,4.12733800800222e-06
sack,4.12733800800222e-06
bombard,4.12733800800222e-06
charlott,4.12733800800222e-06
perfum,4.12733800800222e-06
bir,4.12733800800222e-06
niskanen,4.12733800800222e-06
nonpolit,4.12733800800222e-06
disgruntl,4.12733800800222e-06
immeasur,4.12733800800222e-06
agnostic,4.12733800800222e-06
cii,4.12733800800222e-06
dgi,4.12733800800222e-06
unsecur,4.12733800800222e-06
hung,4.12733800800222e-06
muscl,4.12733800800222e-06
gong,4.12733800800222e-06
cvi,4.12733800800222e-06
tralian,4.12733800800222e-06
annul,4.12733800800222e-06
cine,4.12733800800222e-06
prag,4.12733800800222e-06
sed,4.12733800800222e-06
nise,4.12733800800222e-06
crumbl,4.12733800800222e-06
abras,4.12733800800222e-06
wilkinson,4.12733800800222e-06
rejoic,4.12733800800222e-06
transl,4.12733800800222e-06
mythic,4.12733800800222e-06
onth,4.12733800800222e-06
yule,4.12733800800222e-06
worrisom,4.12733800800222e-06
lhave,4.12733800800222e-06
coen,4.12733800800222e-06
dial,4.12733800800222e-06
colo,4.12733800800222e-06
dualist,4.12733800800222e-06
recontract,4.12733800800222e-06
leftist,4.12733800800222e-06
lage,4.12733800800222e-06
lowproduct,4.12733800800222e-06
moderniza,4.12733800800222e-06
nizat,4.12733800800222e-06
cedent,4.12733800800222e-06
malais,4.12733800800222e-06
fixedcoeffici,4.12733800800222e-06
mti,4.12733800800222e-06
golf,4.12733800800222e-06
derstood,4.12733800800222e-06
productmarket,4.12733800800222e-06
tortur,4.12733800800222e-06
sitiv,4.12733800800222e-06
diego,4.12733800800222e-06
disserta,4.12733800800222e-06
selfconsci,4.12733800800222e-06
gomulka,4.12733800800222e-06
cowley,4.12733800800222e-06
wal,4.12733800800222e-06
gem,4.12733800800222e-06
perquisit,4.12733800800222e-06
preemptiv,4.12733800800222e-06
imi,4.12733800800222e-06
nonloc,4.12733800800222e-06
antwerp,4.12733800800222e-06
hus,4.12733800800222e-06
hairdress,4.12733800800222e-06
meta,4.12733800800222e-06
sugarcan,4.12733800800222e-06
avalanch,4.12733800800222e-06
padma,4.12733800800222e-06
stunt,4.12733800800222e-06
pensabl,4.12733800800222e-06
incontest,4.12733800800222e-06
imum,4.12733800800222e-06
machina,4.12733800800222e-06
mocraci,4.12733800800222e-06
oblivi,4.12733800800222e-06
gibrat,4.12733800800222e-06
unt,4.12733800800222e-06
januarymarch,4.12733800800222e-06
refurbish,4.12733800800222e-06
incommensur,4.12733800800222e-06
malign,4.12733800800222e-06
ssa,4.12733800800222e-06
multiindustri,4.12733800800222e-06
dickeyful,4.12733800800222e-06
pede,4.12733800800222e-06
longitudin,4.12733800800222e-06
sto,4.12733800800222e-06
thad,4.12733800800222e-06
sij,4.12733800800222e-06
nonequival,4.12733800800222e-06
stolpersamuelson,4.12733800800222e-06
twopric,4.12733800800222e-06
mcgee,4.12733800800222e-06
flare,4.12733800800222e-06
soni,4.12733800800222e-06
prosecutor,4.12733800800222e-06
nashvill,4.12733800800222e-06
greed,4.12733800800222e-06
cou,4.12733800800222e-06
gallaway,4.12733800800222e-06
forthwith,4.12733800800222e-06
higherwag,4.12733800800222e-06
exemplari,4.12733800800222e-06
swoboda,4.12733800800222e-06
indecompos,4.12733800800222e-06
raini,4.12733800800222e-06
paratus,4.12733800800222e-06
ferdinand,4.12733800800222e-06
liberali,4.12733800800222e-06
whitin,4.12733800800222e-06
publiclyown,4.12733800800222e-06
absurdum,4.12733800800222e-06
multan,4.12733800800222e-06
gravel,4.12733800800222e-06
nash,4.12733800800222e-06
friday,4.12733800800222e-06
thze,4.12733800800222e-06
erenti,4.12733800800222e-06
campus,4.12733800800222e-06
demolit,4.12733800800222e-06
siw,4.12733800800222e-06
scar,4.12733800800222e-06
premerg,4.12733800800222e-06
earningspric,4.12733800800222e-06
ablest,4.12733800800222e-06
lumpi,4.12733800800222e-06
transnat,4.12733800800222e-06
ibg,4.12733800800222e-06
ometr,4.12733800800222e-06
farthest,4.12733800800222e-06
uneth,4.12733800800222e-06
studio,4.12733800800222e-06
acb,4.12733800800222e-06
osit,4.12733800800222e-06
technocrat,4.12733800800222e-06
indiff,4.12733800800222e-06
subjectivist,4.12733800800222e-06
flavour,4.12733800800222e-06
soy,4.12733800800222e-06
kal,4.12733800800222e-06
prejudici,4.12733800800222e-06
encom,4.12733800800222e-06
stigma,4.12733800800222e-06
pax,4.12733800800222e-06
tionalist,4.12733800800222e-06
unremit,3.7833931740020355e-06
ava,3.7833931740020355e-06
mileston,3.7833931740020355e-06
furious,3.7833931740020355e-06
pairwis,3.7833931740020355e-06
domicil,3.7833931740020355e-06
tionism,3.7833931740020355e-06
afi,3.7833931740020355e-06
stepup,3.7833931740020355e-06
beliz,3.7833931740020355e-06
rho,3.7833931740020355e-06
fess,3.7833931740020355e-06
aldershot,3.7833931740020355e-06
policemen,3.7833931740020355e-06
consortium,3.7833931740020355e-06
haa,3.7833931740020355e-06
fortythre,3.7833931740020355e-06
ttest,3.7833931740020355e-06
wvill,3.7833931740020355e-06
shallian,3.7833931740020355e-06
economicsth,3.7833931740020355e-06
postag,3.7833931740020355e-06
coco,3.7833931740020355e-06
docil,3.7833931740020355e-06
electri,3.7833931740020355e-06
sacrosanct,3.7833931740020355e-06
imr,3.7833931740020355e-06
cochraneorcutt,3.7833931740020355e-06
impossi,3.7833931740020355e-06
bothersom,3.7833931740020355e-06
aqi,3.7833931740020355e-06
frangoi,3.7833931740020355e-06
metr,3.7833931740020355e-06
iranian,3.7833931740020355e-06
lien,3.7833931740020355e-06
mur,3.7833931740020355e-06
dunn,3.7833931740020355e-06
barest,3.7833931740020355e-06
ecm,3.7833931740020355e-06
longlast,3.7833931740020355e-06
semipubl,3.7833931740020355e-06
tenni,3.7833931740020355e-06
nonvot,3.7833931740020355e-06
lewiss,3.7833931740020355e-06
frail,3.7833931740020355e-06
aloof,3.7833931740020355e-06
teem,3.7833931740020355e-06
koch,3.7833931740020355e-06
sermon,3.7833931740020355e-06
pel,3.7833931740020355e-06
uno,3.7833931740020355e-06
corlett,3.7833931740020355e-06
stt,3.7833931740020355e-06
econoin,3.7833931740020355e-06
rior,3.7833931740020355e-06
julydecemb,3.7833931740020355e-06
nonspecialist,3.7833931740020355e-06
disag,3.7833931740020355e-06
lindley,3.7833931740020355e-06
demandandsuppli,3.7833931740020355e-06
shortcircuit,3.7833931740020355e-06
anger,3.7833931740020355e-06
fullerton,3.7833931740020355e-06
rnt,3.7833931740020355e-06
swede,3.7833931740020355e-06
disenchant,3.7833931740020355e-06
foreman,3.7833931740020355e-06
idiosyncrasi,3.7833931740020355e-06
underprivileg,3.7833931740020355e-06
ministerio,3.7833931740020355e-06
raisin,3.7833931740020355e-06
serfdom,3.7833931740020355e-06
superannu,3.7833931740020355e-06
nei,3.7833931740020355e-06
fiftysix,3.7833931740020355e-06
misconceiv,3.7833931740020355e-06
broach,3.7833931740020355e-06
furni,3.7833931740020355e-06
harrodneutr,3.7833931740020355e-06
peltzman,3.7833931740020355e-06
minolog,3.7833931740020355e-06
brozen,3.7833931740020355e-06
pointer,3.7833931740020355e-06
complimentari,3.7833931740020355e-06
ftest,3.7833931740020355e-06
theoryand,3.7833931740020355e-06
nonreserv,3.7833931740020355e-06
llewellyn,3.7833931740020355e-06
ges,3.7833931740020355e-06
bleach,3.7833931740020355e-06
reson,3.7833931740020355e-06
naturalist,3.7833931740020355e-06
entat,3.7833931740020355e-06
indentur,3.7833931740020355e-06
qpt,3.7833931740020355e-06
compensat,3.7833931740020355e-06
decon,3.7833931740020355e-06
accommoda,3.7833931740020355e-06
indubit,3.7833931740020355e-06
developedcountri,3.7833931740020355e-06
hightechnolog,3.7833931740020355e-06
lrr,3.7833931740020355e-06
flown,3.7833931740020355e-06
convic,3.7833931740020355e-06
foreignborn,3.7833931740020355e-06
lipset,3.7833931740020355e-06
econoni,3.7833931740020355e-06
defraud,3.7833931740020355e-06
macmil,3.7833931740020355e-06
econometri,3.7833931740020355e-06
rapproch,3.7833931740020355e-06
selfserv,3.7833931740020355e-06
agreedupon,3.7833931740020355e-06
ichniowski,3.7833931740020355e-06
mousli,3.7833931740020355e-06
unnam,3.7833931740020355e-06
cass,3.7833931740020355e-06
wiggin,3.7833931740020355e-06
formalist,3.7833931740020355e-06
inspec,3.7833931740020355e-06
cancer,3.7833931740020355e-06
atur,3.7833931740020355e-06
dick,3.7833931740020355e-06
theor,3.7833931740020355e-06
nightmar,3.7833931740020355e-06
schumach,3.7833931740020355e-06
axb,3.7833931740020355e-06
cion,3.7833931740020355e-06
shunt,3.7833931740020355e-06
acumen,3.7833931740020355e-06
bitious,3.7833931740020355e-06
theoris,3.7833931740020355e-06
bimod,3.7833931740020355e-06
fivesixth,3.7833931740020355e-06
irrespec,3.7833931740020355e-06
siz,3.7833931740020355e-06
lowerwag,3.7833931740020355e-06
deft,3.7833931740020355e-06
dropout,3.7833931740020355e-06
mes,3.7833931740020355e-06
octoberdecemb,3.7833931740020355e-06
prodig,3.7833931740020355e-06
dogen,3.7833931740020355e-06
naivet,3.7833931740020355e-06
mayo,3.7833931740020355e-06
hyper,3.7833931740020355e-06
ceaseless,3.7833931740020355e-06
burg,3.7833931740020355e-06
honey,3.7833931740020355e-06
therapeut,3.7833931740020355e-06
wiksel,3.7833931740020355e-06
domesticcurr,3.7833931740020355e-06
emplov,3.7833931740020355e-06
involun,3.7833931740020355e-06
twelveyear,3.7833931740020355e-06
cog,3.7833931740020355e-06
ppt,3.7833931740020355e-06
rhe,3.7833931740020355e-06
predec,3.7833931740020355e-06
auc,3.7833931740020355e-06
overexpand,3.7833931740020355e-06
shen,3.7833931740020355e-06
rosi,3.7833931740020355e-06
manifesta,3.7833931740020355e-06
undersuppli,3.7833931740020355e-06
parel,3.7833931740020355e-06
lettr,3.7833931740020355e-06
restoftheworld,3.7833931740020355e-06
tumbl,3.7833931740020355e-06
dos,3.7833931740020355e-06
skyrocket,3.7833931740020355e-06
tercycl,3.7833931740020355e-06
lui,3.7833931740020355e-06
flame,3.7833931740020355e-06
purveyor,3.7833931740020355e-06
reflex,3.7833931740020355e-06
petersburg,3.7833931740020355e-06
anarch,3.7833931740020355e-06
gime,3.7833931740020355e-06
ssrc,3.7833931740020355e-06
simula,3.7833931740020355e-06
enigma,3.7833931740020355e-06
deficitfinanc,3.7833931740020355e-06
annu,3.7833931740020355e-06
labo,3.7833931740020355e-06
drum,3.7833931740020355e-06
asm,3.7833931740020355e-06
booth,3.7833931740020355e-06
predisposit,3.7833931740020355e-06
spectra,3.7833931740020355e-06
pij,3.7833931740020355e-06
currentdollar,3.7833931740020355e-06
comi,3.7833931740020355e-06
politik,3.7833931740020355e-06
hendrik,3.7833931740020355e-06
sociocultur,3.7833931740020355e-06
priceoutput,3.7833931740020355e-06
loglog,3.7833931740020355e-06
rocal,3.7833931740020355e-06
newslett,3.7833931740020355e-06
calor,3.7833931740020355e-06
overutil,3.7833931740020355e-06
integ,3.7833931740020355e-06
crook,3.7833931740020355e-06
untoward,3.7833931740020355e-06
rousseau,3.7833931740020355e-06
eoe,3.7833931740020355e-06
izer,3.7833931740020355e-06
diagnost,3.7833931740020355e-06
advi,3.7833931740020355e-06
dime,3.7833931740020355e-06
conway,3.7833931740020355e-06
agger,3.7833931740020355e-06
wasserman,3.7833931740020355e-06
mammoth,3.7833931740020355e-06
basel,3.7833931740020355e-06
bass,3.7833931740020355e-06
eran,3.7833931740020355e-06
weyl,3.7833931740020355e-06
charlottesvill,3.7833931740020355e-06
scrape,3.7833931740020355e-06
internation,3.7833931740020355e-06
economico,3.7833931740020355e-06
amiss,3.7833931740020355e-06
rom,3.7833931740020355e-06
timn,3.7833931740020355e-06
cultiva,3.7833931740020355e-06
millionair,3.7833931740020355e-06
lima,3.7833931740020355e-06
xtl,3.7833931740020355e-06
barnard,3.7833931740020355e-06
homeownership,3.7833931740020355e-06
suri,3.7833931740020355e-06
bok,3.7833931740020355e-06
mpi,3.7833931740020355e-06
klaus,3.7833931740020355e-06
oligarchi,3.7833931740020355e-06
exportl,3.7833931740020355e-06
seam,3.7833931740020355e-06
epic,3.7833931740020355e-06
oleg,3.7833931740020355e-06
greas,3.7833931740020355e-06
upstream,3.7833931740020355e-06
julyoctob,3.7833931740020355e-06
munici,3.7833931740020355e-06
zai,3.7833931740020355e-06
aat,3.7833931740020355e-06
ofi,3.7833931740020355e-06
retool,3.7833931740020355e-06
impugn,3.7833931740020355e-06
glauber,3.7833931740020355e-06
footstep,3.7833931740020355e-06
vista,3.7833931740020355e-06
norri,3.7833931740020355e-06
hid,3.7833931740020355e-06
misalign,3.7833931740020355e-06
systema,3.7833931740020355e-06
wilmington,3.7833931740020355e-06
belgiqu,3.7833931740020355e-06
brack,3.7833931740020355e-06
hension,3.7833931740020355e-06
spection,3.7833931740020355e-06
howel,3.7833931740020355e-06
lisher,3.7833931740020355e-06
insensi,3.7833931740020355e-06
enclosur,3.7833931740020355e-06
replica,3.7833931740020355e-06
manoeuvr,3.7833931740020355e-06
kyt,3.7833931740020355e-06
taxbas,3.7833931740020355e-06
betti,3.7833931740020355e-06
mcc,3.7833931740020355e-06
industryspecif,3.7833931740020355e-06
forgot,3.7833931740020355e-06
shave,3.7833931740020355e-06
leaven,3.7833931740020355e-06
std,3.7833931740020355e-06
lowqual,3.7833931740020355e-06
interject,3.7833931740020355e-06
fiscalyear,3.7833931740020355e-06
brigad,3.7833931740020355e-06
aux,3.7833931740020355e-06
aji,3.7833931740020355e-06
nontradit,3.7833931740020355e-06
hike,3.7833931740020355e-06
applique,3.7833931740020355e-06
diebold,3.7833931740020355e-06
goldin,3.7833931740020355e-06
eden,3.7833931740020355e-06
howe,3.7833931740020355e-06
aya,3.7833931740020355e-06
iness,3.7833931740020355e-06
andf,3.7833931740020355e-06
monstrous,3.7833931740020355e-06
dmi,3.7833931740020355e-06
eaten,3.7833931740020355e-06
theoryth,3.7833931740020355e-06
cele,3.7833931740020355e-06
mantl,3.7833931740020355e-06
centripet,3.7833931740020355e-06
southwestern,3.7833931740020355e-06
denigr,3.7833931740020355e-06
perat,3.7833931740020355e-06
trac,3.7833931740020355e-06
eim,3.7833931740020355e-06
permut,3.7833931740020355e-06
wvhere,3.7833931740020355e-06
cumber,3.7833931740020355e-06
overs,3.7833931740020355e-06
offenc,3.7833931740020355e-06
tougher,3.7833931740020355e-06
lessli,3.7833931740020355e-06
aragon,3.7833931740020355e-06
presiden,3.7833931740020355e-06
trage,3.7833931740020355e-06
openmind,3.7833931740020355e-06
rdd,3.7833931740020355e-06
interperiod,3.7833931740020355e-06
nmore,3.7833931740020355e-06
nonroutin,3.7833931740020355e-06
septemberoctob,3.7833931740020355e-06
andi,3.7833931740020355e-06
trenchant,3.7833931740020355e-06
buss,3.7833931740020355e-06
grist,3.7833931740020355e-06
mds,3.7833931740020355e-06
goos,3.7833931740020355e-06
italiana,3.7833931740020355e-06
oldtim,3.7833931740020355e-06
ketabl,3.7833931740020355e-06
unidirect,3.7833931740020355e-06
dlog,3.7833931740020355e-06
reev,3.7833931740020355e-06
arili,3.7833931740020355e-06
nial,3.7833931740020355e-06
metabol,3.7833931740020355e-06
nonrespons,3.7833931740020355e-06
mediumrun,3.7833931740020355e-06
aye,3.7833931740020355e-06
stub,3.7833931740020355e-06
wellfunct,3.7833931740020355e-06
malaria,3.7833931740020355e-06
outcri,3.7833931740020355e-06
timum,3.7833931740020355e-06
rejuven,3.7833931740020355e-06
hose,3.7833931740020355e-06
dispro,3.7833931740020355e-06
inf,3.7833931740020355e-06
ostrac,3.7833931740020355e-06
bpp,3.7833931740020355e-06
rwt,3.7833931740020355e-06
bling,3.7833931740020355e-06
tdtonnement,3.7833931740020355e-06
helicopt,3.7833931740020355e-06
cert,3.7833931740020355e-06
knees,3.7833931740020355e-06
invoc,3.7833931740020355e-06
wvage,3.7833931740020355e-06
habitat,3.7833931740020355e-06
lens,3.7833931740020355e-06
landhold,3.7833931740020355e-06
suarez,3.7833931740020355e-06
tenci,3.7833931740020355e-06
parkinson,3.7833931740020355e-06
mater,3.7833931740020355e-06
marina,3.7833931740020355e-06
deviant,3.7833931740020355e-06
buckl,3.7833931740020355e-06
famil,3.7833931740020355e-06
ker,3.7833931740020355e-06
brock,3.7833931740020355e-06
bcd,3.7833931740020355e-06
mci,3.7833931740020355e-06
afor,3.7833931740020355e-06
shoddi,3.7833931740020355e-06
unprotect,3.7833931740020355e-06
implant,3.7833931740020355e-06
probat,3.7833931740020355e-06
revamp,3.7833931740020355e-06
nafta,3.7833931740020355e-06
genier,3.7833931740020355e-06
insult,3.7833931740020355e-06
beast,3.7833931740020355e-06
universitair,3.7833931740020355e-06
cliometr,3.7833931740020355e-06
awesom,3.7833931740020355e-06
christen,3.7833931740020355e-06
ark,3.7833931740020355e-06
tanzi,3.7833931740020355e-06
nonincom,3.7833931740020355e-06
credul,3.7833931740020355e-06
purifi,3.7833931740020355e-06
predispos,3.7833931740020355e-06
mcleod,3.7833931740020355e-06
methodol,3.7833931740020355e-06
rappaport,3.7833931740020355e-06
loa,3.7833931740020355e-06
gender,3.7833931740020355e-06
doi,3.7833931740020355e-06
sham,3.7833931740020355e-06
hobb,3.7833931740020355e-06
calf,3.7833931740020355e-06
payn,3.7833931740020355e-06
gredient,3.7833931740020355e-06
marbl,3.7833931740020355e-06
outdat,3.7833931740020355e-06
garegnani,3.7833931740020355e-06
clc,3.7833931740020355e-06
hut,3.7833931740020355e-06
ttl,3.7833931740020355e-06
poral,3.7833931740020355e-06
tanganyika,3.7833931740020355e-06
passthrough,3.7833931740020355e-06
licen,3.7833931740020355e-06
mislaid,3.7833931740020355e-06
todd,3.7833931740020355e-06
millard,3.7833931740020355e-06
hardpress,3.7833931740020355e-06
hugo,3.7833931740020355e-06
detri,3.7833931740020355e-06
trunk,3.7833931740020355e-06
undisclos,3.7833931740020355e-06
catalyt,3.7833931740020355e-06
heteroscedast,3.7833931740020355e-06
morrow,3.7833931740020355e-06
bundesamt,3.7833931740020355e-06
controv,3.7833931740020355e-06
kurt,3.7833931740020355e-06
yot,3.7833931740020355e-06
tab,3.7833931740020355e-06
haustiv,3.7833931740020355e-06
reemphas,3.7833931740020355e-06
scapegoat,3.7833931740020355e-06
brander,3.7833931740020355e-06
miguel,3.7833931740020355e-06
bronfen,3.7833931740020355e-06
nis,3.7833931740020355e-06
sheldon,3.7833931740020355e-06
platitud,3.7833931740020355e-06
polk,3.7833931740020355e-06
cylind,3.7833931740020355e-06
macromodel,3.7833931740020355e-06
higheryield,3.7833931740020355e-06
expiri,3.7833931740020355e-06
distortionari,3.7833931740020355e-06
synopsi,3.7833931740020355e-06
intem,3.7833931740020355e-06
trarili,3.7833931740020355e-06
broadbas,3.7833931740020355e-06
diti,3.7833931740020355e-06
wageprofit,3.7833931740020355e-06
savag,3.7833931740020355e-06
rudiment,3.7833931740020355e-06
chiang,3.7833931740020355e-06
disin,3.7833931740020355e-06
delv,3.7833931740020355e-06
quandari,3.7833931740020355e-06
welldocu,3.7833931740020355e-06
benefi,3.7833931740020355e-06
clientel,3.7833931740020355e-06
horribl,3.7833931740020355e-06
macroeconomi,3.7833931740020355e-06
rationaliza,3.7833931740020355e-06
tentli,3.7833931740020355e-06
cco,3.7833931740020355e-06
willett,3.7833931740020355e-06
weari,3.7833931740020355e-06
bachelor,3.7833931740020355e-06
politico,3.7833931740020355e-06
wesleyan,3.7833931740020355e-06
usaid,3.7833931740020355e-06
diazalejandro,3.7833931740020355e-06
edict,3.7833931740020355e-06
nonautocorrel,3.7833931740020355e-06
java,3.7833931740020355e-06
inex,3.7833931740020355e-06
fron,3.7833931740020355e-06
inn,3.7833931740020355e-06
lio,3.7833931740020355e-06
enmploy,3.7833931740020355e-06
downfal,3.7833931740020355e-06
miarket,3.7833931740020355e-06
sia,3.7833931740020355e-06
destitut,3.7833931740020355e-06
iiiii,3.7833931740020355e-06
deport,3.7833931740020355e-06
respit,3.7833931740020355e-06
confederaci,3.7833931740020355e-06
bra,3.7833931740020355e-06
sleev,3.4394483400018504e-06
dous,3.4394483400018504e-06
asham,3.4394483400018504e-06
karachi,3.4394483400018504e-06
einaudi,3.4394483400018504e-06
euthanasia,3.4394483400018504e-06
dart,3.4394483400018504e-06
loe,3.4394483400018504e-06
unanswer,3.4394483400018504e-06
tioni,3.4394483400018504e-06
undecid,3.4394483400018504e-06
shrunken,3.4394483400018504e-06
priceadjust,3.4394483400018504e-06
onedollar,3.4394483400018504e-06
liner,3.4394483400018504e-06
wto,3.4394483400018504e-06
sey,3.4394483400018504e-06
ono,3.4394483400018504e-06
braic,3.4394483400018504e-06
latham,3.4394483400018504e-06
assar,3.4394483400018504e-06
percen,3.4394483400018504e-06
yeat,3.4394483400018504e-06
epi,3.4394483400018504e-06
oto,3.4394483400018504e-06
punctual,3.4394483400018504e-06
deaf,3.4394483400018504e-06
stc,3.4394483400018504e-06
crave,3.4394483400018504e-06
caption,3.4394483400018504e-06
plymouth,3.4394483400018504e-06
sonist,3.4394483400018504e-06
schism,3.4394483400018504e-06
tuck,3.4394483400018504e-06
iation,3.4394483400018504e-06
profici,3.4394483400018504e-06
nifi,3.4394483400018504e-06
socioeco,3.4394483400018504e-06
participat,3.4394483400018504e-06
concord,3.4394483400018504e-06
imnport,3.4394483400018504e-06
microcosm,3.4394483400018504e-06
pital,3.4394483400018504e-06
merat,3.4394483400018504e-06
wid,3.4394483400018504e-06
geous,3.4394483400018504e-06
fluke,3.4394483400018504e-06
inela,3.4394483400018504e-06
largefirm,3.4394483400018504e-06
clinch,3.4394483400018504e-06
nova,3.4394483400018504e-06
midtwenti,3.4394483400018504e-06
roberd,3.4394483400018504e-06
cone,3.4394483400018504e-06
rebirth,3.4394483400018504e-06
trio,3.4394483400018504e-06
arndt,3.4394483400018504e-06
xerox,3.4394483400018504e-06
insurg,3.4394483400018504e-06
setter,3.4394483400018504e-06
wth,3.4394483400018504e-06
equilibri,3.4394483400018504e-06
preview,3.4394483400018504e-06
fledg,3.4394483400018504e-06
basement,3.4394483400018504e-06
overridden,3.4394483400018504e-06
noon,3.4394483400018504e-06
duciv,3.4394483400018504e-06
littauer,3.4394483400018504e-06
guarantor,3.4394483400018504e-06
feldman,3.4394483400018504e-06
agc,3.4394483400018504e-06
intox,3.4394483400018504e-06
depar,3.4394483400018504e-06
interunivers,3.4394483400018504e-06
amr,3.4394483400018504e-06
hypotheti,3.4394483400018504e-06
suscep,3.4394483400018504e-06
tamil,3.4394483400018504e-06
pricechang,3.4394483400018504e-06
magnif,3.4394483400018504e-06
weektoweek,3.4394483400018504e-06
stepwis,3.4394483400018504e-06
niehan,3.4394483400018504e-06
monotoni,3.4394483400018504e-06
unexception,3.4394483400018504e-06
sill,3.4394483400018504e-06
yeara,3.4394483400018504e-06
privatesector,3.4394483400018504e-06
runner,3.4394483400018504e-06
picker,3.4394483400018504e-06
graaff,3.4394483400018504e-06
gaso,3.4394483400018504e-06
abi,3.4394483400018504e-06
emr,3.4394483400018504e-06
tocquevill,3.4394483400018504e-06
disa,3.4394483400018504e-06
illiteraci,3.4394483400018504e-06
brasileira,3.4394483400018504e-06
bischoff,3.4394483400018504e-06
herschel,3.4394483400018504e-06
prune,3.4394483400018504e-06
vasiv,3.4394483400018504e-06
estadistica,3.4394483400018504e-06
inconsi,3.4394483400018504e-06
nan,3.4394483400018504e-06
chau,3.4394483400018504e-06
backfir,3.4394483400018504e-06
thusiasm,3.4394483400018504e-06
steak,3.4394483400018504e-06
blossom,3.4394483400018504e-06
lucia,3.4394483400018504e-06
dahl,3.4394483400018504e-06
incomei,3.4394483400018504e-06
palac,3.4394483400018504e-06
finch,3.4394483400018504e-06
capsul,3.4394483400018504e-06
petenc,3.4394483400018504e-06
finn,3.4394483400018504e-06
coddington,3.4394483400018504e-06
ratesa,3.4394483400018504e-06
township,3.4394483400018504e-06
vyi,3.4394483400018504e-06
preemption,3.4394483400018504e-06
rogat,3.4394483400018504e-06
boundless,3.4394483400018504e-06
noriti,3.4394483400018504e-06
movabl,3.4394483400018504e-06
robor,3.4394483400018504e-06
countriesa,3.4394483400018504e-06
abcd,3.4394483400018504e-06
doubleday,3.4394483400018504e-06
thursday,3.4394483400018504e-06
wellmanag,3.4394483400018504e-06
mfa,3.4394483400018504e-06
atrophi,3.4394483400018504e-06
eyt,3.4394483400018504e-06
cascad,3.4394483400018504e-06
tingenc,3.4394483400018504e-06
fiftyfour,3.4394483400018504e-06
conjunc,3.4394483400018504e-06
snapshot,3.4394483400018504e-06
reten,3.4394483400018504e-06
dpd,3.4394483400018504e-06
fourak,3.4394483400018504e-06
sessment,3.4394483400018504e-06
ijf,3.4394483400018504e-06
exponen,3.4394483400018504e-06
gativ,3.4394483400018504e-06
taliti,3.4394483400018504e-06
defen,3.4394483400018504e-06
roper,3.4394483400018504e-06
insuf,3.4394483400018504e-06
rebuk,3.4394483400018504e-06
producti,3.4394483400018504e-06
anmerican,3.4394483400018504e-06
holbrook,3.4394483400018504e-06
mario,3.4394483400018504e-06
whyte,3.4394483400018504e-06
tuna,3.4394483400018504e-06
hasnt,3.4394483400018504e-06
quential,3.4394483400018504e-06
historia,3.4394483400018504e-06
blanc,3.4394483400018504e-06
rosemari,3.4394483400018504e-06
menc,3.4394483400018504e-06
twomonth,3.4394483400018504e-06
nonsupervisori,3.4394483400018504e-06
vvi,3.4394483400018504e-06
swung,3.4394483400018504e-06
greenwood,3.4394483400018504e-06
bij,3.4394483400018504e-06
iith,3.4394483400018504e-06
bernoulli,3.4394483400018504e-06
barron,3.4394483400018504e-06
colonist,3.4394483400018504e-06
indestruct,3.4394483400018504e-06
saunder,3.4394483400018504e-06
biweek,3.4394483400018504e-06
muslim,3.4394483400018504e-06
rion,3.4394483400018504e-06
pregnanc,3.4394483400018504e-06
marg,3.4394483400018504e-06
heater,3.4394483400018504e-06
duckworth,3.4394483400018504e-06
dickson,3.4394483400018504e-06
eiy,3.4394483400018504e-06
uit,3.4394483400018504e-06
wilbur,3.4394483400018504e-06
wolfson,3.4394483400018504e-06
hyperbol,3.4394483400018504e-06
inicreas,3.4394483400018504e-06
shine,3.4394483400018504e-06
hol,3.4394483400018504e-06
gentri,3.4394483400018504e-06
lame,3.4394483400018504e-06
rectif,3.4394483400018504e-06
tellectu,3.4394483400018504e-06
ftcs,3.4394483400018504e-06
artific,3.4394483400018504e-06
lain,3.4394483400018504e-06
bronx,3.4394483400018504e-06
handinhand,3.4394483400018504e-06
bemoan,3.4394483400018504e-06
prep,3.4394483400018504e-06
entrepot,3.4394483400018504e-06
chore,3.4394483400018504e-06
cipit,3.4394483400018504e-06
bilat,3.4394483400018504e-06
yearsth,3.4394483400018504e-06
hessian,3.4394483400018504e-06
terregion,3.4394483400018504e-06
nyc,3.4394483400018504e-06
submatrix,3.4394483400018504e-06
loco,3.4394483400018504e-06
wlb,3.4394483400018504e-06
transcendent,3.4394483400018504e-06
perunit,3.4394483400018504e-06
nordic,3.4394483400018504e-06
downwardslop,3.4394483400018504e-06
grandfath,3.4394483400018504e-06
ugo,3.4394483400018504e-06
triad,3.4394483400018504e-06
lorri,3.4394483400018504e-06
bicentenni,3.4394483400018504e-06
odic,3.4394483400018504e-06
hin,3.4394483400018504e-06
cinema,3.4394483400018504e-06
coextens,3.4394483400018504e-06
uneduc,3.4394483400018504e-06
molecular,3.4394483400018504e-06
johansson,3.4394483400018504e-06
nihon,3.4394483400018504e-06
strug,3.4394483400018504e-06
concensus,3.4394483400018504e-06
joutrnal,3.4394483400018504e-06
finement,3.4394483400018504e-06
mens,3.4394483400018504e-06
ceiver,3.4394483400018504e-06
haveman,3.4394483400018504e-06
interestearn,3.4394483400018504e-06
mccracken,3.4394483400018504e-06
librarian,3.4394483400018504e-06
neuman,3.4394483400018504e-06
satori,3.4394483400018504e-06
highpressur,3.4394483400018504e-06
retari,3.4394483400018504e-06
grether,3.4394483400018504e-06
mendous,3.4394483400018504e-06
knowabl,3.4394483400018504e-06
cropland,3.4394483400018504e-06
technolo,3.4394483400018504e-06
pud,3.4394483400018504e-06
petuat,3.4394483400018504e-06
allornoth,3.4394483400018504e-06
arcan,3.4394483400018504e-06
stale,3.4394483400018504e-06
collu,3.4394483400018504e-06
ilt,3.4394483400018504e-06
neurship,3.4394483400018504e-06
unprepar,3.4394483400018504e-06
lowrisk,3.4394483400018504e-06
canterburi,3.4394483400018504e-06
realbal,3.4394483400018504e-06
pigeon,3.4394483400018504e-06
illconceiv,3.4394483400018504e-06
brainard,3.4394483400018504e-06
thev,3.4394483400018504e-06
offshoot,3.4394483400018504e-06
crazi,3.4394483400018504e-06
gor,3.4394483400018504e-06
nosi,3.4394483400018504e-06
een,3.4394483400018504e-06
offdiagon,3.4394483400018504e-06
immers,3.4394483400018504e-06
pesticid,3.4394483400018504e-06
inot,3.4394483400018504e-06
unani,3.4394483400018504e-06
deadlin,3.4394483400018504e-06
nii,3.4394483400018504e-06
narrowest,3.4394483400018504e-06
relic,3.4394483400018504e-06
governmen,3.4394483400018504e-06
ariti,3.4394483400018504e-06
pandora,3.4394483400018504e-06
quixot,3.4394483400018504e-06
flection,3.4394483400018504e-06
nostrand,3.4394483400018504e-06
cex,3.4394483400018504e-06
kelvin,3.4394483400018504e-06
straddl,3.4394483400018504e-06
ordeal,3.4394483400018504e-06
ata,3.4394483400018504e-06
sworn,3.4394483400018504e-06
haviour,3.4394483400018504e-06
onedigit,3.4394483400018504e-06
haggl,3.4394483400018504e-06
mclean,3.4394483400018504e-06
howrey,3.4394483400018504e-06
dorf,3.4394483400018504e-06
tse,3.4394483400018504e-06
dutta,3.4394483400018504e-06
tatonn,3.4394483400018504e-06
labourforc,3.4394483400018504e-06
unsuc,3.4394483400018504e-06
glenn,3.4394483400018504e-06
correspon,3.4394483400018504e-06
eke,3.4394483400018504e-06
bakk,3.4394483400018504e-06
lumin,3.4394483400018504e-06
wvhile,3.4394483400018504e-06
opportunitycost,3.4394483400018504e-06
multisector,3.4394483400018504e-06
resem,3.4394483400018504e-06
fisherian,3.4394483400018504e-06
acquit,3.4394483400018504e-06
modul,3.4394483400018504e-06
krep,3.4394483400018504e-06
lnyt,3.4394483400018504e-06
choo,3.4394483400018504e-06
tremen,3.4394483400018504e-06
valeur,3.4394483400018504e-06
jas,3.4394483400018504e-06
acton,3.4394483400018504e-06
coutt,3.4394483400018504e-06
protestant,3.4394483400018504e-06
tutori,3.4394483400018504e-06
unvari,3.4394483400018504e-06
krzyzaniak,3.4394483400018504e-06
blemish,3.4394483400018504e-06
peach,3.4394483400018504e-06
bueno,3.4394483400018504e-06
blowup,3.4394483400018504e-06
reattain,3.4394483400018504e-06
nord,3.4394483400018504e-06
pjt,3.4394483400018504e-06
surveyor,3.4394483400018504e-06
siam,3.4394483400018504e-06
disgrac,3.4394483400018504e-06
marketlik,3.4394483400018504e-06
tiresom,3.4394483400018504e-06
unscath,3.4394483400018504e-06
cao,3.4394483400018504e-06
laureat,3.4394483400018504e-06
nearperfect,3.4394483400018504e-06
oftrad,3.4394483400018504e-06
iok,3.4394483400018504e-06
resurvey,3.4394483400018504e-06
anni,3.4394483400018504e-06
stricken,3.4394483400018504e-06
axel,3.4394483400018504e-06
unint,3.4394483400018504e-06
lof,3.4394483400018504e-06
downright,3.4394483400018504e-06
recordkeep,3.4394483400018504e-06
pire,3.4394483400018504e-06
roe,3.4394483400018504e-06
inexperi,3.4394483400018504e-06
custo,3.4394483400018504e-06
tainer,3.4394483400018504e-06
subspac,3.4394483400018504e-06
qil,3.4394483400018504e-06
luigi,3.4394483400018504e-06
ascent,3.4394483400018504e-06
deced,3.4394483400018504e-06
itu,3.4394483400018504e-06
nonneglig,3.4394483400018504e-06
schwab,3.4394483400018504e-06
vid,3.4394483400018504e-06
peninsula,3.4394483400018504e-06
platt,3.4394483400018504e-06
yearsa,3.4394483400018504e-06
factorproport,3.4394483400018504e-06
thomson,3.4394483400018504e-06
liq,3.4394483400018504e-06
periodi,3.4394483400018504e-06
tioner,3.4394483400018504e-06
calomiri,3.4394483400018504e-06
illequip,3.4394483400018504e-06
nonpar,3.4394483400018504e-06
mayn,3.4394483400018504e-06
multicountri,3.4394483400018504e-06
ludwig,3.4394483400018504e-06
foi,3.4394483400018504e-06
koop,3.4394483400018504e-06
breaker,3.4394483400018504e-06
newport,3.4394483400018504e-06
vll,3.4394483400018504e-06
logo,3.4394483400018504e-06
conveyor,3.4394483400018504e-06
pai,3.4394483400018504e-06
overcam,3.4394483400018504e-06
ashenfelt,3.4394483400018504e-06
prereform,3.4394483400018504e-06
bivari,3.4394483400018504e-06
moratorium,3.4394483400018504e-06
tas,3.4394483400018504e-06
apiec,3.4394483400018504e-06
inappro,3.4394483400018504e-06
goer,3.4394483400018504e-06
popper,3.4394483400018504e-06
tige,3.4394483400018504e-06
contagion,3.4394483400018504e-06
noninstitut,3.4394483400018504e-06
predet,3.4394483400018504e-06
quandt,3.4394483400018504e-06
nonreproduc,3.4394483400018504e-06
ogous,3.4394483400018504e-06
pepper,3.4394483400018504e-06
preva,3.4394483400018504e-06
shotgun,3.4394483400018504e-06
abb,3.4394483400018504e-06
witch,3.4394483400018504e-06
precau,3.4394483400018504e-06
ailment,3.4394483400018504e-06
orthogon,3.4394483400018504e-06
pardon,3.4394483400018504e-06
illumi,3.4394483400018504e-06
uninfluenc,3.4394483400018504e-06
coll,3.4394483400018504e-06
lst,3.4394483400018504e-06
fiveday,3.4394483400018504e-06
otlher,3.4394483400018504e-06
akk,3.4394483400018504e-06
econmica,3.4394483400018504e-06
subregion,3.4394483400018504e-06
comn,3.4394483400018504e-06
enthoven,3.4394483400018504e-06
moonlight,3.4394483400018504e-06
spi,3.4394483400018504e-06
systemati,3.4394483400018504e-06
tpx,3.4394483400018504e-06
fixedpric,3.4394483400018504e-06
unpro,3.4394483400018504e-06
tailormad,3.4394483400018504e-06
maiden,3.4394483400018504e-06
vicari,3.4394483400018504e-06
quantitytheori,3.4394483400018504e-06
uncoop,3.4394483400018504e-06
nonprofession,3.4394483400018504e-06
bestpractic,3.4394483400018504e-06
vear,3.4394483400018504e-06
hrs,3.4394483400018504e-06
expenditureswitch,3.4394483400018504e-06
teenag,3.4394483400018504e-06
unimped,3.4394483400018504e-06
mohr,3.4394483400018504e-06
twentyfifth,3.4394483400018504e-06
veld,3.4394483400018504e-06
burs,3.4394483400018504e-06
uncomplet,3.4394483400018504e-06
generi,3.4394483400018504e-06
newsweek,3.4394483400018504e-06
aspira,3.4394483400018504e-06
confu,3.4394483400018504e-06
reset,3.4394483400018504e-06
grandeur,3.4394483400018504e-06
supe,3.4394483400018504e-06
staat,3.4394483400018504e-06
philanthropi,3.4394483400018504e-06
swanson,3.4394483400018504e-06
changea,3.4394483400018504e-06
disdain,3.4394483400018504e-06
pyt,3.4394483400018504e-06
gur,3.4394483400018504e-06
efo,3.4394483400018504e-06
mai,3.4394483400018504e-06
actuat,3.4394483400018504e-06
rosenbluth,3.4394483400018504e-06
utiliz,3.4394483400018504e-06
hereditari,3.4394483400018504e-06
threetenth,3.4394483400018504e-06
tubingen,3.4394483400018504e-06
stipu,3.4394483400018504e-06
unimpor,3.4394483400018504e-06
fortabl,3.4394483400018504e-06
unimpress,3.4394483400018504e-06
scout,3.4394483400018504e-06
subvent,3.4394483400018504e-06
brighter,3.4394483400018504e-06
ath,3.4394483400018504e-06
marginalproduct,3.4394483400018504e-06
yang,3.4394483400018504e-06
unveil,3.4394483400018504e-06
anachronist,3.4394483400018504e-06
infract,3.4394483400018504e-06
pww,3.4394483400018504e-06
ratori,3.4394483400018504e-06
archi,3.4394483400018504e-06
renego,3.4394483400018504e-06
dictiv,3.4394483400018504e-06
thoughtprovok,3.4394483400018504e-06
enfranchis,3.4394483400018504e-06
alnd,3.4394483400018504e-06
fet,3.4394483400018504e-06
byt,3.4394483400018504e-06
coe,3.4394483400018504e-06
hii,3.4394483400018504e-06
peti,3.4394483400018504e-06
rou,3.4394483400018504e-06
allpow,3.4394483400018504e-06
privateenterpris,3.4394483400018504e-06
exhaus,3.4394483400018504e-06
regener,3.4394483400018504e-06
ellen,3.4394483400018504e-06
ddi,3.4394483400018504e-06
pall,3.4394483400018504e-06
lociti,3.4394483400018504e-06
tantal,3.4394483400018504e-06
ansley,3.4394483400018504e-06
natal,3.4394483400018504e-06
hillman,3.4394483400018504e-06
kap,3.4394483400018504e-06
plosiv,3.4394483400018504e-06
bos,3.4394483400018504e-06
hedonist,3.4394483400018504e-06
everyman,3.4394483400018504e-06
sorenson,3.4394483400018504e-06
tator,3.4394483400018504e-06
packard,3.4394483400018504e-06
outlast,3.0955035060016653e-06
nonfinan,3.0955035060016653e-06
australasia,3.0955035060016653e-06
sorti,3.0955035060016653e-06
doyl,3.0955035060016653e-06
mena,3.0955035060016653e-06
ransom,3.0955035060016653e-06
valentin,3.0955035060016653e-06
levela,3.0955035060016653e-06
eac,3.0955035060016653e-06
strangl,3.0955035060016653e-06
ciabli,3.0955035060016653e-06
industrv,3.0955035060016653e-06
humili,3.0955035060016653e-06
swarthmor,3.0955035060016653e-06
econz,3.0955035060016653e-06
boo,3.0955035060016653e-06
hess,3.0955035060016653e-06
interrup,3.0955035060016653e-06
cahier,3.0955035060016653e-06
overextend,3.0955035060016653e-06
realest,3.0955035060016653e-06
wip,3.0955035060016653e-06
subway,3.0955035060016653e-06
toa,3.0955035060016653e-06
knot,3.0955035060016653e-06
paddi,3.0955035060016653e-06
noll,3.0955035060016653e-06
het,3.0955035060016653e-06
overse,3.0955035060016653e-06
passel,3.0955035060016653e-06
schaft,3.0955035060016653e-06
telser,3.0955035060016653e-06
riley,3.0955035060016653e-06
oox,3.0955035060016653e-06
tybout,3.0955035060016653e-06
adj,3.0955035060016653e-06
specialpurpos,3.0955035060016653e-06
appa,3.0955035060016653e-06
tralli,3.0955035060016653e-06
kay,3.0955035060016653e-06
facsimil,3.0955035060016653e-06
related,3.0955035060016653e-06
sont,3.0955035060016653e-06
slog,3.0955035060016653e-06
zia,3.0955035060016653e-06
herebi,3.0955035060016653e-06
anv,3.0955035060016653e-06
wai,3.0955035060016653e-06
lipton,3.0955035060016653e-06
ritori,3.0955035060016653e-06
sth,3.0955035060016653e-06
illinform,3.0955035060016653e-06
unfeas,3.0955035060016653e-06
substract,3.0955035060016653e-06
voluntar,3.0955035060016653e-06
cialism,3.0955035060016653e-06
ryi,3.0955035060016653e-06
inor,3.0955035060016653e-06
industryth,3.0955035060016653e-06
amarket,3.0955035060016653e-06
thema,3.0955035060016653e-06
etr,3.0955035060016653e-06
califor,3.0955035060016653e-06
concoct,3.0955035060016653e-06
eitheror,3.0955035060016653e-06
che,3.0955035060016653e-06
riedel,3.0955035060016653e-06
conjec,3.0955035060016653e-06
brewer,3.0955035060016653e-06
amartya,3.0955035060016653e-06
traordinari,3.0955035060016653e-06
salin,3.0955035060016653e-06
mafia,3.0955035060016653e-06
bode,3.0955035060016653e-06
percep,3.0955035060016653e-06
cabbag,3.0955035060016653e-06
gerous,3.0955035060016653e-06
clout,3.0955035060016653e-06
baxter,3.0955035060016653e-06
glorifi,3.0955035060016653e-06
militar,3.0955035060016653e-06
dinform,3.0955035060016653e-06
uphil,3.0955035060016653e-06
parlor,3.0955035060016653e-06
cto,3.0955035060016653e-06
centerpiec,3.0955035060016653e-06
westfield,3.0955035060016653e-06
mathematisch,3.0955035060016653e-06
imn,3.0955035060016653e-06
fiir,3.0955035060016653e-06
publiqu,3.0955035060016653e-06
iiy,3.0955035060016653e-06
commun,3.0955035060016653e-06
parabol,3.0955035060016653e-06
demanddetermin,3.0955035060016653e-06
undiscount,3.0955035060016653e-06
roast,3.0955035060016653e-06
interurban,3.0955035060016653e-06
unfa,3.0955035060016653e-06
uninsur,3.0955035060016653e-06
siren,3.0955035060016653e-06
primal,3.0955035060016653e-06
postaccord,3.0955035060016653e-06
luckili,3.0955035060016653e-06
overthrown,3.0955035060016653e-06
ouput,3.0955035060016653e-06
dietari,3.0955035060016653e-06
atr,3.0955035060016653e-06
yit,3.0955035060016653e-06
iix,3.0955035060016653e-06
inant,3.0955035060016653e-06
conomiqu,3.0955035060016653e-06
recombin,3.0955035060016653e-06
gradualist,3.0955035060016653e-06
tomat,3.0955035060016653e-06
sandberg,3.0955035060016653e-06
seoul,3.0955035060016653e-06
dyo,3.0955035060016653e-06
disrup,3.0955035060016653e-06
reser,3.0955035060016653e-06
chin,3.0955035060016653e-06
drake,3.0955035060016653e-06
hey,3.0955035060016653e-06
rateof,3.0955035060016653e-06
interrela,3.0955035060016653e-06
oeuvr,3.0955035060016653e-06
leahi,3.0955035060016653e-06
inm,3.0955035060016653e-06
adb,3.0955035060016653e-06
esx,3.0955035060016653e-06
caster,3.0955035060016653e-06
shuffl,3.0955035060016653e-06
pretenc,3.0955035060016653e-06
fiftyfifti,3.0955035060016653e-06
congruenc,3.0955035060016653e-06
crossclassif,3.0955035060016653e-06
spenc,3.0955035060016653e-06
garbag,3.0955035060016653e-06
bioeconom,3.0955035060016653e-06
rung,3.0955035060016653e-06
limitless,3.0955035060016653e-06
angri,3.0955035060016653e-06
sthe,3.0955035060016653e-06
hellein,3.0955035060016653e-06
resourcealloc,3.0955035060016653e-06
byron,3.0955035060016653e-06
rodrik,3.0955035060016653e-06
rekindl,3.0955035060016653e-06
getari,3.0955035060016653e-06
tuberculosi,3.0955035060016653e-06
lofti,3.0955035060016653e-06
uncom,3.0955035060016653e-06
primafaci,3.0955035060016653e-06
eichengreen,3.0955035060016653e-06
kingston,3.0955035060016653e-06
swe,3.0955035060016653e-06
sampson,3.0955035060016653e-06
destina,3.0955035060016653e-06
sixtythre,3.0955035060016653e-06
thirdparti,3.0955035060016653e-06
publicgood,3.0955035060016653e-06
dirk,3.0955035060016653e-06
sie,3.0955035060016653e-06
reso,3.0955035060016653e-06
mete,3.0955035060016653e-06
utrecht,3.0955035060016653e-06
tress,3.0955035060016653e-06
cardboard,3.0955035060016653e-06
descart,3.0955035060016653e-06
goodsproduc,3.0955035060016653e-06
germ,3.0955035060016653e-06
venezuelan,3.0955035060016653e-06
underpaid,3.0955035060016653e-06
ptpt,3.0955035060016653e-06
tism,3.0955035060016653e-06
deindustri,3.0955035060016653e-06
pricesand,3.0955035060016653e-06
macrolevel,3.0955035060016653e-06
nationst,3.0955035060016653e-06
bartlett,3.0955035060016653e-06
frs,3.0955035060016653e-06
fss,3.0955035060016653e-06
syst,3.0955035060016653e-06
kingsley,3.0955035060016653e-06
pediment,3.0955035060016653e-06
abhorr,3.0955035060016653e-06
reassign,3.0955035060016653e-06
deemphasi,3.0955035060016653e-06
redraw,3.0955035060016653e-06
teec,3.0955035060016653e-06
trician,3.0955035060016653e-06
caleb,3.0955035060016653e-06
alberta,3.0955035060016653e-06
org,3.0955035060016653e-06
yorker,3.0955035060016653e-06
buf,3.0955035060016653e-06
quad,3.0955035060016653e-06
einstein,3.0955035060016653e-06
einer,3.0955035060016653e-06
dii,3.0955035060016653e-06
ytyt,3.0955035060016653e-06
eightyf,3.0955035060016653e-06
concem,3.0955035060016653e-06
rthe,3.0955035060016653e-06
doxic,3.0955035060016653e-06
akt,3.0955035060016653e-06
lewellen,3.0955035060016653e-06
incoher,3.0955035060016653e-06
paretoeffici,3.0955035060016653e-06
bae,3.0955035060016653e-06
dkdt,3.0955035060016653e-06
latur,3.0955035060016653e-06
altruism,3.0955035060016653e-06
cowork,3.0955035060016653e-06
interrog,3.0955035060016653e-06
wrench,3.0955035060016653e-06
unlucki,3.0955035060016653e-06
dik,3.0955035060016653e-06
overshot,3.0955035060016653e-06
simultaneousequ,3.0955035060016653e-06
superpow,3.0955035060016653e-06
lea,3.0955035060016653e-06
cellan,3.0955035060016653e-06
ano,3.0955035060016653e-06
fpe,3.0955035060016653e-06
aft,3.0955035060016653e-06
inth,3.0955035060016653e-06
uid,3.0955035060016653e-06
elabora,3.0955035060016653e-06
hec,3.0955035060016653e-06
ras,3.0955035060016653e-06
binder,3.0955035060016653e-06
lil,3.0955035060016653e-06
aero,3.0955035060016653e-06
courant,3.0955035060016653e-06
retrac,3.0955035060016653e-06
tradeweight,3.0955035060016653e-06
coinci,3.0955035060016653e-06
nonin,3.0955035060016653e-06
nonconform,3.0955035060016653e-06
unac,3.0955035060016653e-06
intercompani,3.0955035060016653e-06
barker,3.0955035060016653e-06
onepoint,3.0955035060016653e-06
frain,3.0955035060016653e-06
tella,3.0955035060016653e-06
spiro,3.0955035060016653e-06
inevita,3.0955035060016653e-06
lineag,3.0955035060016653e-06
oln,3.0955035060016653e-06
ama,3.0955035060016653e-06
landsberg,3.0955035060016653e-06
shred,3.0955035060016653e-06
twosid,3.0955035060016653e-06
riskavers,3.0955035060016653e-06
affix,3.0955035060016653e-06
highestincom,3.0955035060016653e-06
fixedcapit,3.0955035060016653e-06
midsixti,3.0955035060016653e-06
sunspot,3.0955035060016653e-06
enslav,3.0955035060016653e-06
shower,3.0955035060016653e-06
reorganiza,3.0955035060016653e-06
dodd,3.0955035060016653e-06
misconstru,3.0955035060016653e-06
mundan,3.0955035060016653e-06
sulat,3.0955035060016653e-06
underneath,3.0955035060016653e-06
jun,3.0955035060016653e-06
familys,3.0955035060016653e-06
snap,3.0955035060016653e-06
wand,3.0955035060016653e-06
andersen,3.0955035060016653e-06
coarser,3.0955035060016653e-06
xray,3.0955035060016653e-06
kevin,3.0955035060016653e-06
orienta,3.0955035060016653e-06
virus,3.0955035060016653e-06
pip,3.0955035060016653e-06
dbs,3.0955035060016653e-06
almond,3.0955035060016653e-06
colombo,3.0955035060016653e-06
stickier,3.0955035060016653e-06
intercommun,3.0955035060016653e-06
functioni,3.0955035060016653e-06
jonung,3.0955035060016653e-06
currentvalu,3.0955035060016653e-06
sussex,3.0955035060016653e-06
ideol,3.0955035060016653e-06
julyaug,3.0955035060016653e-06
milgat,3.0955035060016653e-06
disint,3.0955035060016653e-06
churn,3.0955035060016653e-06
artus,3.0955035060016653e-06
tabil,3.0955035060016653e-06
interac,3.0955035060016653e-06
fourier,3.0955035060016653e-06
lumbia,3.0955035060016653e-06
quasifix,3.0955035060016653e-06
catalonia,3.0955035060016653e-06
fiftythre,3.0955035060016653e-06
leonardo,3.0955035060016653e-06
diffu,3.0955035060016653e-06
tomobil,3.0955035060016653e-06
limp,3.0955035060016653e-06
nascent,3.0955035060016653e-06
catchup,3.0955035060016653e-06
repub,3.0955035060016653e-06
renault,3.0955035060016653e-06
vor,3.0955035060016653e-06
unsign,3.0955035060016653e-06
workleisur,3.0955035060016653e-06
feller,3.0955035060016653e-06
separat,3.0955035060016653e-06
vot,3.0955035060016653e-06
jorgensen,3.0955035060016653e-06
ucla,3.0955035060016653e-06
asher,3.0955035060016653e-06
vito,3.0955035060016653e-06
mckinley,3.0955035060016653e-06
cai,3.0955035060016653e-06
rougher,3.0955035060016653e-06
crowdingout,3.0955035060016653e-06
eton,3.0955035060016653e-06
paren,3.0955035060016653e-06
wor,3.0955035060016653e-06
freund,3.0955035060016653e-06
schoolleav,3.0955035060016653e-06
countrybycountri,3.0955035060016653e-06
smallerscal,3.0955035060016653e-06
growthi,3.0955035060016653e-06
nicola,3.0955035060016653e-06
oac,3.0955035060016653e-06
din,3.0955035060016653e-06
kazakhstan,3.0955035060016653e-06
egt,3.0955035060016653e-06
schor,3.0955035060016653e-06
dist,3.0955035060016653e-06
christi,3.0955035060016653e-06
haus,3.0955035060016653e-06
cro,3.0955035060016653e-06
kirk,3.0955035060016653e-06
dune,3.0955035060016653e-06
fixedexchanger,3.0955035060016653e-06
sop,3.0955035060016653e-06
iod,3.0955035060016653e-06
briberi,3.0955035060016653e-06
sprawl,3.0955035060016653e-06
procompetit,3.0955035060016653e-06
kon,3.0955035060016653e-06
thirdcountri,3.0955035060016653e-06
owneroper,3.0955035060016653e-06
profitmaxi,3.0955035060016653e-06
stoke,3.0955035060016653e-06
gath,3.0955035060016653e-06
gic,3.0955035060016653e-06
aldin,3.0955035060016653e-06
disintermedi,3.0955035060016653e-06
rejoin,3.0955035060016653e-06
plum,3.0955035060016653e-06
visa,3.0955035060016653e-06
annuit,3.0955035060016653e-06
coffer,3.0955035060016653e-06
grassroot,3.0955035060016653e-06
antibiot,3.0955035060016653e-06
cock,3.0955035060016653e-06
napl,3.0955035060016653e-06
underrepres,3.0955035060016653e-06
indet,3.0955035060016653e-06
oti,3.0955035060016653e-06
interlink,3.0955035060016653e-06
ronment,3.0955035060016653e-06
desarrollo,3.0955035060016653e-06
bibl,3.0955035060016653e-06
vom,3.0955035060016653e-06
elmer,3.0955035060016653e-06
grati,3.0955035060016653e-06
confirma,3.0955035060016653e-06
det,3.0955035060016653e-06
rationalist,3.0955035060016653e-06
mckenzi,3.0955035060016653e-06
untap,3.0955035060016653e-06
growtha,3.0955035060016653e-06
abey,3.0955035060016653e-06
advanta,3.0955035060016653e-06
fervor,3.0955035060016653e-06
stefan,3.0955035060016653e-06
fairi,3.0955035060016653e-06
contradistinct,3.0955035060016653e-06
remunera,3.0955035060016653e-06
wvhat,3.0955035060016653e-06
michio,3.0955035060016653e-06
roberto,3.0955035060016653e-06
inflationinduc,3.0955035060016653e-06
capitalpoor,3.0955035060016653e-06
sparkl,3.0955035060016653e-06
ock,3.0955035060016653e-06
englishlanguag,3.0955035060016653e-06
deg,3.0955035060016653e-06
twotier,3.0955035060016653e-06
iren,3.0955035060016653e-06
economyth,3.0955035060016653e-06
newfound,3.0955035060016653e-06
seafood,3.0955035060016653e-06
dispari,3.0955035060016653e-06
nutrient,3.0955035060016653e-06
giorgio,3.0955035060016653e-06
macroeconomist,3.0955035060016653e-06
fixedterm,3.0955035060016653e-06
ick,3.0955035060016653e-06
hayn,3.0955035060016653e-06
egali,3.0955035060016653e-06
ugli,3.0955035060016653e-06
toxic,3.0955035060016653e-06
uin,3.0955035060016653e-06
grenada,3.0955035060016653e-06
viib,3.0955035060016653e-06
overpow,3.0955035060016653e-06
sistema,3.0955035060016653e-06
partisanship,3.0955035060016653e-06
sophomor,3.0955035060016653e-06
patchwork,3.0955035060016653e-06
hyde,3.0955035060016653e-06
maverick,3.0955035060016653e-06
assail,3.0955035060016653e-06
noncapit,3.0955035060016653e-06
goodsand,3.0955035060016653e-06
olsen,3.0955035060016653e-06
startup,3.0955035060016653e-06
homework,3.0955035060016653e-06
hulten,3.0955035060016653e-06
kamerschen,3.0955035060016653e-06
nonequilibrium,3.0955035060016653e-06
eliminat,3.0955035060016653e-06
armchair,3.0955035060016653e-06
taliz,3.0955035060016653e-06
islat,3.0955035060016653e-06
sieg,3.0955035060016653e-06
seventeenthcenturi,3.0955035060016653e-06
terrel,3.0955035060016653e-06
batter,3.0955035060016653e-06
hinterland,3.0955035060016653e-06
mckay,3.0955035060016653e-06
gar,3.0955035060016653e-06
transship,3.0955035060016653e-06
iiio,3.0955035060016653e-06
tenac,3.0955035060016653e-06
oratori,3.0955035060016653e-06
srinivasan,3.0955035060016653e-06
lifeinsur,3.0955035060016653e-06
inciden,3.0955035060016653e-06
claudia,3.0955035060016653e-06
preposter,3.0955035060016653e-06
unfashion,3.0955035060016653e-06
servabl,3.0955035060016653e-06
throughput,3.0955035060016653e-06
keho,3.0955035060016653e-06
marketa,3.0955035060016653e-06
segr,3.0955035060016653e-06
dps,3.0955035060016653e-06
undeserv,3.0955035060016653e-06
shopper,3.0955035060016653e-06
nonperman,3.0955035060016653e-06
yearn,3.0955035060016653e-06
wellbehav,3.0955035060016653e-06
weir,3.0955035060016653e-06
zen,3.0955035060016653e-06
akerlof,3.0955035060016653e-06
wellunderstood,3.0955035060016653e-06
witlh,3.0955035060016653e-06
sylla,3.0955035060016653e-06
taubman,3.0955035060016653e-06
defacto,3.0955035060016653e-06
aggriev,3.0955035060016653e-06
clung,3.0955035060016653e-06
ancestor,3.0955035060016653e-06
gaston,3.0955035060016653e-06
landless,3.0955035060016653e-06
fil,3.0955035060016653e-06
marcet,3.0955035060016653e-06
throat,3.0955035060016653e-06
baptist,3.0955035060016653e-06
clos,3.0955035060016653e-06
francais,3.0955035060016653e-06
brennan,3.0955035060016653e-06
gopoli,3.0955035060016653e-06
frenchmen,3.0955035060016653e-06
betterknown,3.0955035060016653e-06
madra,3.0955035060016653e-06
shubik,3.0955035060016653e-06
yiy,3.0955035060016653e-06
reveng,3.0955035060016653e-06
ett,3.0955035060016653e-06
dragon,3.0955035060016653e-06
debtasset,3.0955035060016653e-06
philipp,3.0955035060016653e-06
svstem,3.0955035060016653e-06
jcurv,3.0955035060016653e-06
congruent,3.0955035060016653e-06
interdepen,3.0955035060016653e-06
fullyear,3.0955035060016653e-06
monetarili,3.0955035060016653e-06
dint,3.0955035060016653e-06
tdiscuss,3.0955035060016653e-06
incurs,3.0955035060016653e-06
awe,3.0955035060016653e-06
horvath,3.0955035060016653e-06
gossip,2.7515586720014802e-06
headon,2.7515586720014802e-06
yses,2.7515586720014802e-06
camouflag,2.7515586720014802e-06
cannib,2.7515586720014802e-06
pict,2.7515586720014802e-06
bharadwaj,2.7515586720014802e-06
flanagan,2.7515586720014802e-06
uous,2.7515586720014802e-06
cham,2.7515586720014802e-06
awak,2.7515586720014802e-06
feast,2.7515586720014802e-06
teller,2.7515586720014802e-06
forewarn,2.7515586720014802e-06
nagel,2.7515586720014802e-06
embellish,2.7515586720014802e-06
unwind,2.7515586720014802e-06
pov,2.7515586720014802e-06
sri,2.7515586720014802e-06
gregor,2.7515586720014802e-06
hia,2.7515586720014802e-06
jim,2.7515586720014802e-06
welt,2.7515586720014802e-06
lro,2.7515586720014802e-06
agil,2.7515586720014802e-06
preci,2.7515586720014802e-06
solon,2.7515586720014802e-06
lll,2.7515586720014802e-06
unpromis,2.7515586720014802e-06
inpati,2.7515586720014802e-06
millennia,2.7515586720014802e-06
lemon,2.7515586720014802e-06
twotenth,2.7515586720014802e-06
unbound,2.7515586720014802e-06
ston,2.7515586720014802e-06
sloppi,2.7515586720014802e-06
dep,2.7515586720014802e-06
finegan,2.7515586720014802e-06
equidist,2.7515586720014802e-06
essex,2.7515586720014802e-06
capitalrich,2.7515586720014802e-06
nepot,2.7515586720014802e-06
dag,2.7515586720014802e-06
ipm,2.7515586720014802e-06
prodtuct,2.7515586720014802e-06
radial,2.7515586720014802e-06
nondi,2.7515586720014802e-06
lutionari,2.7515586720014802e-06
wouild,2.7515586720014802e-06
ria,2.7515586720014802e-06
nonspecif,2.7515586720014802e-06
licensur,2.7515586720014802e-06
repeti,2.7515586720014802e-06
reinter,2.7515586720014802e-06
cramer,2.7515586720014802e-06
imagi,2.7515586720014802e-06
banc,2.7515586720014802e-06
behold,2.7515586720014802e-06
postgradu,2.7515586720014802e-06
ssb,2.7515586720014802e-06
versial,2.7515586720014802e-06
eliza,2.7515586720014802e-06
severest,2.7515586720014802e-06
kuwait,2.7515586720014802e-06
hawaiian,2.7515586720014802e-06
awri,2.7515586720014802e-06
hum,2.7515586720014802e-06
clo,2.7515586720014802e-06
impera,2.7515586720014802e-06
gruber,2.7515586720014802e-06
unobserv,2.7515586720014802e-06
hamil,2.7515586720014802e-06
monash,2.7515586720014802e-06
maximiz,2.7515586720014802e-06
sidewalk,2.7515586720014802e-06
jubile,2.7515586720014802e-06
skep,2.7515586720014802e-06
endofmonth,2.7515586720014802e-06
fortieth,2.7515586720014802e-06
reliabil,2.7515586720014802e-06
irregu,2.7515586720014802e-06
julyseptemb,2.7515586720014802e-06
manna,2.7515586720014802e-06
lindert,2.7515586720014802e-06
avid,2.7515586720014802e-06
phasein,2.7515586720014802e-06
sio,2.7515586720014802e-06
andif,2.7515586720014802e-06
tyler,2.7515586720014802e-06
rific,2.7515586720014802e-06
spectr,2.7515586720014802e-06
odi,2.7515586720014802e-06
plac,2.7515586720014802e-06
bismarck,2.7515586720014802e-06
jigsaw,2.7515586720014802e-06
delicaci,2.7515586720014802e-06
ola,2.7515586720014802e-06
stomach,2.7515586720014802e-06
ako,2.7515586720014802e-06
timepath,2.7515586720014802e-06
inef,2.7515586720014802e-06
vergent,2.7515586720014802e-06
pint,2.7515586720014802e-06
hod,2.7515586720014802e-06
spinoff,2.7515586720014802e-06
meani,2.7515586720014802e-06
spt,2.7515586720014802e-06
lore,2.7515586720014802e-06
inventorysal,2.7515586720014802e-06
nehru,2.7515586720014802e-06
roth,2.7515586720014802e-06
smc,2.7515586720014802e-06
tling,2.7515586720014802e-06
onion,2.7515586720014802e-06
pce,2.7515586720014802e-06
rowli,2.7515586720014802e-06
monopolis,2.7515586720014802e-06
procrastin,2.7515586720014802e-06
wykoff,2.7515586720014802e-06
downsid,2.7515586720014802e-06
kahneman,2.7515586720014802e-06
ywi,2.7515586720014802e-06
naturalresourc,2.7515586720014802e-06
naliti,2.7515586720014802e-06
cutler,2.7515586720014802e-06
illsuit,2.7515586720014802e-06
nub,2.7515586720014802e-06
finishedgood,2.7515586720014802e-06
catherin,2.7515586720014802e-06
mercer,2.7515586720014802e-06
developingcountri,2.7515586720014802e-06
carolyn,2.7515586720014802e-06
repossess,2.7515586720014802e-06
universitv,2.7515586720014802e-06
hsu,2.7515586720014802e-06
multicommod,2.7515586720014802e-06
drasti,2.7515586720014802e-06
ascript,2.7515586720014802e-06
pickl,2.7515586720014802e-06
doxi,2.7515586720014802e-06
utilitymaxim,2.7515586720014802e-06
carlton,2.7515586720014802e-06
nonstandard,2.7515586720014802e-06
socialeconom,2.7515586720014802e-06
uzawa,2.7515586720014802e-06
precipi,2.7515586720014802e-06
debtservic,2.7515586720014802e-06
dioxid,2.7515586720014802e-06
ratei,2.7515586720014802e-06
mongolia,2.7515586720014802e-06
transla,2.7515586720014802e-06
ret,2.7515586720014802e-06
ticism,2.7515586720014802e-06
pray,2.7515586720014802e-06
lete,2.7515586720014802e-06
csc,2.7515586720014802e-06
cts,2.7515586720014802e-06
hicl,2.7515586720014802e-06
trevor,2.7515586720014802e-06
requi,2.7515586720014802e-06
ditch,2.7515586720014802e-06
insan,2.7515586720014802e-06
noncontractu,2.7515586720014802e-06
butt,2.7515586720014802e-06
reex,2.7515586720014802e-06
assuag,2.7515586720014802e-06
barrett,2.7515586720014802e-06
stationar,2.7515586720014802e-06
richess,2.7515586720014802e-06
rin,2.7515586720014802e-06
econi,2.7515586720014802e-06
beckmann,2.7515586720014802e-06
nomist,2.7515586720014802e-06
fiabl,2.7515586720014802e-06
mutu,2.7515586720014802e-06
lxxxi,2.7515586720014802e-06
teamwork,2.7515586720014802e-06
peggi,2.7515586720014802e-06
noncooper,2.7515586720014802e-06
upbring,2.7515586720014802e-06
unwritten,2.7515586720014802e-06
aba,2.7515586720014802e-06
gaussian,2.7515586720014802e-06
canadaus,2.7515586720014802e-06
extramargin,2.7515586720014802e-06
fungibl,2.7515586720014802e-06
ciari,2.7515586720014802e-06
cch,2.7515586720014802e-06
filiat,2.7515586720014802e-06
tempta,2.7515586720014802e-06
eam,2.7515586720014802e-06
santo,2.7515586720014802e-06
genoa,2.7515586720014802e-06
abo,2.7515586720014802e-06
laborcapit,2.7515586720014802e-06
murki,2.7515586720014802e-06
mob,2.7515586720014802e-06
persua,2.7515586720014802e-06
minimumwag,2.7515586720014802e-06
twentyfirst,2.7515586720014802e-06
wist,2.7515586720014802e-06
statistiek,2.7515586720014802e-06
troit,2.7515586720014802e-06
lowskil,2.7515586720014802e-06
achill,2.7515586720014802e-06
cct,2.7515586720014802e-06
queensland,2.7515586720014802e-06
andin,2.7515586720014802e-06
engen,2.7515586720014802e-06
revenus,2.7515586720014802e-06
librairi,2.7515586720014802e-06
voor,2.7515586720014802e-06
cafe,2.7515586720014802e-06
conjoint,2.7515586720014802e-06
verlag,2.7515586720014802e-06
agon,2.7515586720014802e-06
scandi,2.7515586720014802e-06
nisbet,2.7515586720014802e-06
panopli,2.7515586720014802e-06
gomper,2.7515586720014802e-06
lisbon,2.7515586720014802e-06
cynthia,2.7515586720014802e-06
peut,2.7515586720014802e-06
uss,2.7515586720014802e-06
overdrawn,2.7515586720014802e-06
insig,2.7515586720014802e-06
birthplac,2.7515586720014802e-06
ophi,2.7515586720014802e-06
overreact,2.7515586720014802e-06
goodman,2.7515586720014802e-06
strap,2.7515586720014802e-06
shavel,2.7515586720014802e-06
condition,2.7515586720014802e-06
liberia,2.7515586720014802e-06
conv,2.7515586720014802e-06
rotten,2.7515586720014802e-06
tryon,2.7515586720014802e-06
spray,2.7515586720014802e-06
argentinian,2.7515586720014802e-06
tiger,2.7515586720014802e-06
opium,2.7515586720014802e-06
primar,2.7515586720014802e-06
kid,2.7515586720014802e-06
mali,2.7515586720014802e-06
carol,2.7515586720014802e-06
incarn,2.7515586720014802e-06
dominica,2.7515586720014802e-06
prayer,2.7515586720014802e-06
pis,2.7515586720014802e-06
lowland,2.7515586720014802e-06
depui,2.7515586720014802e-06
buick,2.7515586720014802e-06
faber,2.7515586720014802e-06
osi,2.7515586720014802e-06
unwar,2.7515586720014802e-06
marcel,2.7515586720014802e-06
dln,2.7515586720014802e-06
fixedcost,2.7515586720014802e-06
klk,2.7515586720014802e-06
wagebargain,2.7515586720014802e-06
pnc,2.7515586720014802e-06
hale,2.7515586720014802e-06
remak,2.7515586720014802e-06
unison,2.7515586720014802e-06
theorya,2.7515586720014802e-06
problemsolv,2.7515586720014802e-06
inti,2.7515586720014802e-06
creek,2.7515586720014802e-06
flee,2.7515586720014802e-06
strin,2.7515586720014802e-06
sts,2.7515586720014802e-06
zax,2.7515586720014802e-06
adt,2.7515586720014802e-06
rudi,2.7515586720014802e-06
aster,2.7515586720014802e-06
cipat,2.7515586720014802e-06
jerri,2.7515586720014802e-06
unesco,2.7515586720014802e-06
pothet,2.7515586720014802e-06
ison,2.7515586720014802e-06
unad,2.7515586720014802e-06
monetair,2.7515586720014802e-06
mehta,2.7515586720014802e-06
awk,2.7515586720014802e-06
hender,2.7515586720014802e-06
leicest,2.7515586720014802e-06
abovecit,2.7515586720014802e-06
obfusc,2.7515586720014802e-06
cest,2.7515586720014802e-06
deux,2.7515586720014802e-06
landslid,2.7515586720014802e-06
sweeten,2.7515586720014802e-06
toc,2.7515586720014802e-06
leonid,2.7515586720014802e-06
pink,2.7515586720014802e-06
gnt,2.7515586720014802e-06
indif,2.7515586720014802e-06
vivo,2.7515586720014802e-06
ectiv,2.7515586720014802e-06
dal,2.7515586720014802e-06
woo,2.7515586720014802e-06
gni,2.7515586720014802e-06
sch,2.7515586720014802e-06
junejuli,2.7515586720014802e-06
evant,2.7515586720014802e-06
platinum,2.7515586720014802e-06
omb,2.7515586720014802e-06
traci,2.7515586720014802e-06
orous,2.7515586720014802e-06
mica,2.7515586720014802e-06
tay,2.7515586720014802e-06
widget,2.7515586720014802e-06
reconcilia,2.7515586720014802e-06
qit,2.7515586720014802e-06
menon,2.7515586720014802e-06
longerliv,2.7515586720014802e-06
mazumdar,2.7515586720014802e-06
outlier,2.7515586720014802e-06
ventiv,2.7515586720014802e-06
cootner,2.7515586720014802e-06
lessor,2.7515586720014802e-06
profitabil,2.7515586720014802e-06
installa,2.7515586720014802e-06
signment,2.7515586720014802e-06
ayl,2.7515586720014802e-06
unitcost,2.7515586720014802e-06
chamberlinian,2.7515586720014802e-06
wlx,2.7515586720014802e-06
unsur,2.7515586720014802e-06
wheeler,2.7515586720014802e-06
replan,2.7515586720014802e-06
wadsworth,2.7515586720014802e-06
baruch,2.7515586720014802e-06
betweeni,2.7515586720014802e-06
ydp,2.7515586720014802e-06
uce,2.7515586720014802e-06
coven,2.7515586720014802e-06
gonzalez,2.7515586720014802e-06
nometr,2.7515586720014802e-06
languish,2.7515586720014802e-06
juin,2.7515586720014802e-06
universi,2.7515586720014802e-06
returnstoscal,2.7515586720014802e-06
elat,2.7515586720014802e-06
qdp,2.7515586720014802e-06
roeconom,2.7515586720014802e-06
austra,2.7515586720014802e-06
neth,2.7515586720014802e-06
bgp,2.7515586720014802e-06
policyhold,2.7515586720014802e-06
libria,2.7515586720014802e-06
runup,2.7515586720014802e-06
ethel,2.7515586720014802e-06
bradburi,2.7515586720014802e-06
nonspeci,2.7515586720014802e-06
predi,2.7515586720014802e-06
gandhi,2.7515586720014802e-06
ageabl,2.7515586720014802e-06
behren,2.7515586720014802e-06
uneco,2.7515586720014802e-06
arent,2.7515586720014802e-06
ervat,2.7515586720014802e-06
tian,2.7515586720014802e-06
ginti,2.7515586720014802e-06
olin,2.7515586720014802e-06
subordi,2.7515586720014802e-06
writedown,2.7515586720014802e-06
song,2.7515586720014802e-06
someday,2.7515586720014802e-06
postmerg,2.7515586720014802e-06
sidize,2.7515586720014802e-06
keller,2.7515586720014802e-06
homemad,2.7515586720014802e-06
kantor,2.7515586720014802e-06
unborn,2.7515586720014802e-06
karlin,2.7515586720014802e-06
janssen,2.7515586720014802e-06
curi,2.7515586720014802e-06
dari,2.7515586720014802e-06
griffin,2.7515586720014802e-06
jaw,2.7515586720014802e-06
xiti,2.7515586720014802e-06
soli,2.7515586720014802e-06
genious,2.7515586720014802e-06
kaldorian,2.7515586720014802e-06
nonmaxim,2.7515586720014802e-06
llj,2.7515586720014802e-06
likert,2.7515586720014802e-06
ofp,2.7515586720014802e-06
productpric,2.7515586720014802e-06
joskow,2.7515586720014802e-06
nach,2.7515586720014802e-06
highland,2.7515586720014802e-06
tiousli,2.7515586720014802e-06
aff,2.7515586720014802e-06
neyman,2.7515586720014802e-06
shroud,2.7515586720014802e-06
maid,2.7515586720014802e-06
petrov,2.7515586720014802e-06
preneurship,2.7515586720014802e-06
sigma,2.7515586720014802e-06
crb,2.7515586720014802e-06
alf,2.7515586720014802e-06
sullivan,2.7515586720014802e-06
irm,2.7515586720014802e-06
twoperson,2.7515586720014802e-06
curl,2.7515586720014802e-06
anem,2.7515586720014802e-06
isfi,2.7515586720014802e-06
microfilm,2.7515586720014802e-06
bangkok,2.7515586720014802e-06
outputbas,2.7515586720014802e-06
syndrom,2.7515586720014802e-06
alk,2.7515586720014802e-06
beitrag,2.7515586720014802e-06
arg,2.7515586720014802e-06
timeli,2.7515586720014802e-06
huntington,2.7515586720014802e-06
elt,2.7515586720014802e-06
nevill,2.7515586720014802e-06
dish,2.7515586720014802e-06
outag,2.7515586720014802e-06
moth,2.7515586720014802e-06
sawyer,2.7515586720014802e-06
marglin,2.7515586720014802e-06
disem,2.7515586720014802e-06
pilat,2.7515586720014802e-06
staci,2.7515586720014802e-06
turnpik,2.7515586720014802e-06
wilkin,2.7515586720014802e-06
gavin,2.7515586720014802e-06
dornbusch,2.7515586720014802e-06
leaver,2.7515586720014802e-06
draconian,2.7515586720014802e-06
clive,2.7515586720014802e-06
capitalin,2.7515586720014802e-06
minal,2.7515586720014802e-06
teri,2.7515586720014802e-06
formulat,2.7515586720014802e-06
imita,2.7515586720014802e-06
staten,2.7515586720014802e-06
shannon,2.7515586720014802e-06
icp,2.7515586720014802e-06
lta,2.7515586720014802e-06
alain,2.7515586720014802e-06
censorship,2.7515586720014802e-06
highlow,2.7515586720014802e-06
trepreneuri,2.7515586720014802e-06
vtl,2.7515586720014802e-06
blau,2.7515586720014802e-06
interdepartment,2.7515586720014802e-06
itl,2.7515586720014802e-06
tilize,2.7515586720014802e-06
corol,2.7515586720014802e-06
glue,2.7515586720014802e-06
proverb,2.7515586720014802e-06
tulat,2.7515586720014802e-06
uis,2.7515586720014802e-06
dling,2.7515586720014802e-06
quasipubl,2.7515586720014802e-06
fash,2.7515586720014802e-06
beget,2.7515586720014802e-06
eqn,2.7515586720014802e-06
radner,2.7515586720014802e-06
midtwentieth,2.7515586720014802e-06
sium,2.7515586720014802e-06
iba,2.7515586720014802e-06
disconnect,2.7515586720014802e-06
kojima,2.7515586720014802e-06
cropper,2.7515586720014802e-06
venic,2.7515586720014802e-06
glejser,2.7515586720014802e-06
gine,2.7515586720014802e-06
oster,2.7515586720014802e-06
heterodox,2.7515586720014802e-06
mapl,2.7515586720014802e-06
moi,2.7515586720014802e-06
newtonraphson,2.7515586720014802e-06
provin,2.7515586720014802e-06
ryo,2.7515586720014802e-06
newcastl,2.7515586720014802e-06
experimen,2.7515586720014802e-06
upwardslop,2.7515586720014802e-06
deficien,2.7515586720014802e-06
elton,2.7515586720014802e-06
ener,2.7515586720014802e-06
yea,2.7515586720014802e-06
subjug,2.7515586720014802e-06
leroy,2.7515586720014802e-06
dreze,2.7515586720014802e-06
gious,2.7515586720014802e-06
nio,2.7515586720014802e-06
joaquin,2.7515586720014802e-06
subindustri,2.7515586720014802e-06
beth,2.7515586720014802e-06
som,2.7515586720014802e-06
prev,2.7515586720014802e-06
typolog,2.7515586720014802e-06
misappli,2.7515586720014802e-06
overconfid,2.7515586720014802e-06
rarer,2.7515586720014802e-06
lij,2.7515586720014802e-06
pei,2.7515586720014802e-06
highpay,2.7515586720014802e-06
negligi,2.7515586720014802e-06
scat,2.7515586720014802e-06
opaqu,2.7515586720014802e-06
ami,2.7515586720014802e-06
uelson,2.7515586720014802e-06
madagascar,2.7515586720014802e-06
lomax,2.7515586720014802e-06
gesellschaft,2.7515586720014802e-06
ogl,2.7515586720014802e-06
commo,2.7515586720014802e-06
civiliza,2.7515586720014802e-06
capitali,2.7515586720014802e-06
investn,2.7515586720014802e-06
hend,2.7515586720014802e-06
denmand,2.7515586720014802e-06
plp,2.7515586720014802e-06
thte,2.7515586720014802e-06
extrapola,2.7515586720014802e-06
mam,2.7515586720014802e-06
immov,2.7515586720014802e-06
inso,2.7515586720014802e-06
gideon,2.7515586720014802e-06
overproduc,2.7515586720014802e-06
reallo,2.7515586720014802e-06
hir,2.7515586720014802e-06
coax,2.7515586720014802e-06
backslid,2.7515586720014802e-06
prudenti,2.7515586720014802e-06
yesno,2.7515586720014802e-06
sanctiti,2.7515586720014802e-06
noteth,2.7515586720014802e-06
renown,2.7515586720014802e-06
dva,2.7515586720014802e-06
rivlin,2.7515586720014802e-06
rehears,2.7515586720014802e-06
castro,2.7515586720014802e-06
verein,2.7515586720014802e-06
prescott,2.7515586720014802e-06
untim,2.7515586720014802e-06
nonnegoti,2.7515586720014802e-06
daw,2.7515586720014802e-06
illi,2.7515586720014802e-06
zeit,2.7515586720014802e-06
sofar,2.7515586720014802e-06
bari,2.7515586720014802e-06
ognit,2.7515586720014802e-06
estimn,2.7515586720014802e-06
knifeedg,2.7515586720014802e-06
muni,2.7515586720014802e-06
nmarket,2.7515586720014802e-06
onetwentieth,2.7515586720014802e-06
discrepan,2.7515586720014802e-06
doublelog,2.7515586720014802e-06
erich,2.7515586720014802e-06
nonsubstitut,2.7515586720014802e-06
brasileiro,2.7515586720014802e-06
dla,2.7515586720014802e-06
overland,2.7515586720014802e-06
tornqvist,2.7515586720014802e-06
overlaid,2.7515586720014802e-06
spoilag,2.7515586720014802e-06
hicksneutr,2.7515586720014802e-06
usg,2.7515586720014802e-06
philanthrop,2.7515586720014802e-06
iln,2.7515586720014802e-06
rii,2.7515586720014802e-06
nicip,2.7515586720014802e-06
aphor,2.7515586720014802e-06
volk,2.7515586720014802e-06
ficer,2.7515586720014802e-06
simu,2.7515586720014802e-06
nonnorm,2.7515586720014802e-06
repu,2.7515586720014802e-06
hier,2.7515586720014802e-06
renegotia,2.7515586720014802e-06
nonstructur,2.7515586720014802e-06
throop,2.7515586720014802e-06
irra,2.7515586720014802e-06
outliv,2.7515586720014802e-06
smirnov,2.7515586720014802e-06
fluential,2.7515586720014802e-06
posium,2.7515586720014802e-06
supervi,2.7515586720014802e-06
moneyth,2.7515586720014802e-06
invulner,2.7515586720014802e-06
prox,2.7515586720014802e-06
bitrag,2.7515586720014802e-06
balling,2.7515586720014802e-06
sofia,2.7515586720014802e-06
surreptiti,2.7515586720014802e-06
leviathan,2.7515586720014802e-06
adc,2.7515586720014802e-06
bug,2.7515586720014802e-06
frailti,2.7515586720014802e-06
laura,2.7515586720014802e-06
rtk,2.7515586720014802e-06
mund,2.7515586720014802e-06
caci,2.7515586720014802e-06
percol,2.7515586720014802e-06
lint,2.7515586720014802e-06
conundrum,2.7515586720014802e-06
equiproport,2.7515586720014802e-06
grawhil,2.7515586720014802e-06
aarhus,2.7515586720014802e-06
prefectur,2.7515586720014802e-06
methodist,2.7515586720014802e-06
undersav,2.7515586720014802e-06
economya,2.7515586720014802e-06
irt,2.7515586720014802e-06
routh,2.7515586720014802e-06
larges,2.7515586720014802e-06
kahan,2.7515586720014802e-06
dium,2.7515586720014802e-06
trudi,2.7515586720014802e-06
sode,2.7515586720014802e-06
pergamon,2.7515586720014802e-06
dei,2.7515586720014802e-06
rightw,2.7515586720014802e-06
overtax,2.7515586720014802e-06
centraliza,2.7515586720014802e-06
ethi,2.7515586720014802e-06
fdp,2.7515586720014802e-06
byrd,2.7515586720014802e-06
calculat,2.7515586720014802e-06
firewood,2.7515586720014802e-06
electromagnet,2.7515586720014802e-06
jockey,2.7515586720014802e-06
litter,2.7515586720014802e-06
ultra,2.7515586720014802e-06
inessenti,2.7515586720014802e-06
burial,2.7515586720014802e-06
misinform,2.7515586720014802e-06
fallout,2.7515586720014802e-06
highrisk,2.7515586720014802e-06
disr,2.7515586720014802e-06
persi,2.7515586720014802e-06
depopul,2.7515586720014802e-06
landintens,2.7515586720014802e-06
schizophren,2.7515586720014802e-06
interspers,2.7515586720014802e-06
med,2.7515586720014802e-06
appalachian,2.7515586720014802e-06
noi,2.7515586720014802e-06
morley,2.7515586720014802e-06
mouvement,2.7515586720014802e-06
prosecu,2.407613838001295e-06
leapfrog,2.407613838001295e-06
untyp,2.407613838001295e-06
antithet,2.407613838001295e-06
ato,2.407613838001295e-06
unassign,2.407613838001295e-06
selfmanag,2.407613838001295e-06
chiu,2.407613838001295e-06
narcot,2.407613838001295e-06
berk,2.407613838001295e-06
dpdt,2.407613838001295e-06
pradesh,2.407613838001295e-06
momen,2.407613838001295e-06
rankin,2.407613838001295e-06
anp,2.407613838001295e-06
trhe,2.407613838001295e-06
burr,2.407613838001295e-06
unimagin,2.407613838001295e-06
symphoni,2.407613838001295e-06
waterloo,2.407613838001295e-06
paya,2.407613838001295e-06
millar,2.407613838001295e-06
lawless,2.407613838001295e-06
str,2.407613838001295e-06
jesus,2.407613838001295e-06
rko,2.407613838001295e-06
nonstor,2.407613838001295e-06
tct,2.407613838001295e-06
euphoria,2.407613838001295e-06
northcentr,2.407613838001295e-06
assumptionthat,2.407613838001295e-06
bergstrom,2.407613838001295e-06
missionari,2.407613838001295e-06
tireless,2.407613838001295e-06
unseen,2.407613838001295e-06
aht,2.407613838001295e-06
amal,2.407613838001295e-06
oncil,2.407613838001295e-06
alm,2.407613838001295e-06
relativ,2.407613838001295e-06
grandmont,2.407613838001295e-06
regressand,2.407613838001295e-06
tuitiv,2.407613838001295e-06
stateprefer,2.407613838001295e-06
paradoxi,2.407613838001295e-06
rba,2.407613838001295e-06
prim,2.407613838001295e-06
caseth,2.407613838001295e-06
miriam,2.407613838001295e-06
rowley,2.407613838001295e-06
furstenberg,2.407613838001295e-06
turin,2.407613838001295e-06
launder,2.407613838001295e-06
feminist,2.407613838001295e-06
denomina,2.407613838001295e-06
gms,2.407613838001295e-06
leve,2.407613838001295e-06
stekler,2.407613838001295e-06
wiscon,2.407613838001295e-06
ont,2.407613838001295e-06
cute,2.407613838001295e-06
amn,2.407613838001295e-06
nadir,2.407613838001295e-06
thee,2.407613838001295e-06
rean,2.407613838001295e-06
trespass,2.407613838001295e-06
euclidean,2.407613838001295e-06
kindergarten,2.407613838001295e-06
bosworth,2.407613838001295e-06
tad,2.407613838001295e-06
infiltr,2.407613838001295e-06
simist,2.407613838001295e-06
procreat,2.407613838001295e-06
mogen,2.407613838001295e-06
lowli,2.407613838001295e-06
icontinu,2.407613838001295e-06
bpc,2.407613838001295e-06
fledgl,2.407613838001295e-06
indo,2.407613838001295e-06
reallif,2.407613838001295e-06
horton,2.407613838001295e-06
wagehour,2.407613838001295e-06
tverski,2.407613838001295e-06
maliti,2.407613838001295e-06
sqs,2.407613838001295e-06
fric,2.407613838001295e-06
mieszkowski,2.407613838001295e-06
nonmortgag,2.407613838001295e-06
illfound,2.407613838001295e-06
priv,2.407613838001295e-06
sistant,2.407613838001295e-06
lewin,2.407613838001295e-06
apologist,2.407613838001295e-06
julian,2.407613838001295e-06
scs,2.407613838001295e-06
etcand,2.407613838001295e-06
tinm,2.407613838001295e-06
ybl,2.407613838001295e-06
taxadjust,2.407613838001295e-06
catego,2.407613838001295e-06
roneous,2.407613838001295e-06
johan,2.407613838001295e-06
protein,2.407613838001295e-06
wellintent,2.407613838001295e-06
madi,2.407613838001295e-06
structuralist,2.407613838001295e-06
singleyear,2.407613838001295e-06
poincar,2.407613838001295e-06
wellarticul,2.407613838001295e-06
hardwood,2.407613838001295e-06
neumark,2.407613838001295e-06
nondirect,2.407613838001295e-06
prepaid,2.407613838001295e-06
enum,2.407613838001295e-06
periodogram,2.407613838001295e-06
squander,2.407613838001295e-06
sabbat,2.407613838001295e-06
trant,2.407613838001295e-06
gleichgewicht,2.407613838001295e-06
fickl,2.407613838001295e-06
kiel,2.407613838001295e-06
nuiti,2.407613838001295e-06
histo,2.407613838001295e-06
consin,2.407613838001295e-06
brodi,2.407613838001295e-06
latecom,2.407613838001295e-06
tug,2.407613838001295e-06
freak,2.407613838001295e-06
uninhibit,2.407613838001295e-06
lich,2.407613838001295e-06
nonown,2.407613838001295e-06
iiie,2.407613838001295e-06
itth,2.407613838001295e-06
unproduc,2.407613838001295e-06
blackboard,2.407613838001295e-06
tii,2.407613838001295e-06
fecund,2.407613838001295e-06
caro,2.407613838001295e-06
hyster,2.407613838001295e-06
coststh,2.407613838001295e-06
quiescent,2.407613838001295e-06
underdog,2.407613838001295e-06
monious,2.407613838001295e-06
roam,2.407613838001295e-06
inatori,2.407613838001295e-06
ppm,2.407613838001295e-06
goodhart,2.407613838001295e-06
pon,2.407613838001295e-06
levelth,2.407613838001295e-06
nonreport,2.407613838001295e-06
resuscit,2.407613838001295e-06
dubin,2.407613838001295e-06
sock,2.407613838001295e-06
eer,2.407613838001295e-06
goodsth,2.407613838001295e-06
abysm,2.407613838001295e-06
rol,2.407613838001295e-06
haustibl,2.407613838001295e-06
preven,2.407613838001295e-06
xia,2.407613838001295e-06
oot,2.407613838001295e-06
forrest,2.407613838001295e-06
commoditypric,2.407613838001295e-06
underbid,2.407613838001295e-06
audi,2.407613838001295e-06
analvsi,2.407613838001295e-06
marian,2.407613838001295e-06
casa,2.407613838001295e-06
veer,2.407613838001295e-06
mathieson,2.407613838001295e-06
aiid,2.407613838001295e-06
surgeon,2.407613838001295e-06
deceit,2.407613838001295e-06
mismatch,2.407613838001295e-06
gles,2.407613838001295e-06
fender,2.407613838001295e-06
ficanc,2.407613838001295e-06
bengt,2.407613838001295e-06
predom,2.407613838001295e-06
oder,2.407613838001295e-06
clarkson,2.407613838001295e-06
bstract,2.407613838001295e-06
zea,2.407613838001295e-06
censo,2.407613838001295e-06
outputa,2.407613838001295e-06
topographi,2.407613838001295e-06
unquantifi,2.407613838001295e-06
tainment,2.407613838001295e-06
geog,2.407613838001295e-06
oft,2.407613838001295e-06
tous,2.407613838001295e-06
nonobserv,2.407613838001295e-06
econmico,2.407613838001295e-06
selfdisciplin,2.407613838001295e-06
subcontin,2.407613838001295e-06
heali,2.407613838001295e-06
conflat,2.407613838001295e-06
esthet,2.407613838001295e-06
wichita,2.407613838001295e-06
thatcher,2.407613838001295e-06
ineluct,2.407613838001295e-06
digm,2.407613838001295e-06
adv,2.407613838001295e-06
menial,2.407613838001295e-06
secon,2.407613838001295e-06
rivet,2.407613838001295e-06
nonproperti,2.407613838001295e-06
mpp,2.407613838001295e-06
sixtieth,2.407613838001295e-06
aoi,2.407613838001295e-06
edx,2.407613838001295e-06
twovari,2.407613838001295e-06
oiii,2.407613838001295e-06
fla,2.407613838001295e-06
commonstock,2.407613838001295e-06
latvia,2.407613838001295e-06
fastergrow,2.407613838001295e-06
singleunit,2.407613838001295e-06
endar,2.407613838001295e-06
qrs,2.407613838001295e-06
dame,2.407613838001295e-06
wellchosen,2.407613838001295e-06
microtheori,2.407613838001295e-06
gling,2.407613838001295e-06
trian,2.407613838001295e-06
calvert,2.407613838001295e-06
simil,2.407613838001295e-06
tru,2.407613838001295e-06
highvolum,2.407613838001295e-06
evaluat,2.407613838001295e-06
mli,2.407613838001295e-06
tac,2.407613838001295e-06
youngest,2.407613838001295e-06
donment,2.407613838001295e-06
nonstochast,2.407613838001295e-06
topmanag,2.407613838001295e-06
xlx,2.407613838001295e-06
smal,2.407613838001295e-06
delta,2.407613838001295e-06
jovanovich,2.407613838001295e-06
stain,2.407613838001295e-06
transcrib,2.407613838001295e-06
smallsiz,2.407613838001295e-06
rerun,2.407613838001295e-06
regionwid,2.407613838001295e-06
arithm,2.407613838001295e-06
dete,2.407613838001295e-06
jon,2.407613838001295e-06
norbert,2.407613838001295e-06
dpm,2.407613838001295e-06
putoutput,2.407613838001295e-06
emn,2.407613838001295e-06
ves,2.407613838001295e-06
sewag,2.407613838001295e-06
incomeeffect,2.407613838001295e-06
brx,2.407613838001295e-06
claudio,2.407613838001295e-06
vladimir,2.407613838001295e-06
seignorag,2.407613838001295e-06
mnean,2.407613838001295e-06
thermomet,2.407613838001295e-06
milano,2.407613838001295e-06
eum,2.407613838001295e-06
tallabor,2.407613838001295e-06
visvi,2.407613838001295e-06
frost,2.407613838001295e-06
lover,2.407613838001295e-06
darker,2.407613838001295e-06
cardiff,2.407613838001295e-06
multina,2.407613838001295e-06
encycloped,2.407613838001295e-06
xciii,2.407613838001295e-06
modernday,2.407613838001295e-06
kung,2.407613838001295e-06
feld,2.407613838001295e-06
glamor,2.407613838001295e-06
workshar,2.407613838001295e-06
borer,2.407613838001295e-06
fos,2.407613838001295e-06
whit,2.407613838001295e-06
eugenio,2.407613838001295e-06
eignti,2.407613838001295e-06
unstandard,2.407613838001295e-06
standardiza,2.407613838001295e-06
clemson,2.407613838001295e-06
goldenag,2.407613838001295e-06
fittest,2.407613838001295e-06
andrea,2.407613838001295e-06
disemploy,2.407613838001295e-06
buffet,2.407613838001295e-06
jerzi,2.407613838001295e-06
vegh,2.407613838001295e-06
cessiti,2.407613838001295e-06
vivian,2.407613838001295e-06
scath,2.407613838001295e-06
thirtieth,2.407613838001295e-06
nonsystemat,2.407613838001295e-06
emmanuel,2.407613838001295e-06
denom,2.407613838001295e-06
jeremiah,2.407613838001295e-06
freedman,2.407613838001295e-06
mislabel,2.407613838001295e-06
phistic,2.407613838001295e-06
hussey,2.407613838001295e-06
lopez,2.407613838001295e-06
taipei,2.407613838001295e-06
dkt,2.407613838001295e-06
pii,2.407613838001295e-06
oneil,2.407613838001295e-06
inkl,2.407613838001295e-06
bing,2.407613838001295e-06
draper,2.407613838001295e-06
cage,2.407613838001295e-06
quartertoquart,2.407613838001295e-06
midatlant,2.407613838001295e-06
karen,2.407613838001295e-06
terview,2.407613838001295e-06
thatin,2.407613838001295e-06
qualityadjust,2.407613838001295e-06
diversifica,2.407613838001295e-06
concaten,2.407613838001295e-06
herr,2.407613838001295e-06
yearround,2.407613838001295e-06
wade,2.407613838001295e-06
prepa,2.407613838001295e-06
chun,2.407613838001295e-06
thlat,2.407613838001295e-06
selfdestruct,2.407613838001295e-06
straitjacket,2.407613838001295e-06
befit,2.407613838001295e-06
rhine,2.407613838001295e-06
occ,2.407613838001295e-06
hooper,2.407613838001295e-06
servitud,2.407613838001295e-06
lethal,2.407613838001295e-06
hatfield,2.407613838001295e-06
evacu,2.407613838001295e-06
baum,2.407613838001295e-06
osterman,2.407613838001295e-06
matchmak,2.407613838001295e-06
glomer,2.407613838001295e-06
redun,2.407613838001295e-06
groundless,2.407613838001295e-06
mior,2.407613838001295e-06
reaucrat,2.407613838001295e-06
contextspecif,2.407613838001295e-06
hatanaka,2.407613838001295e-06
zimmermann,2.407613838001295e-06
dldt,2.407613838001295e-06
cisionmak,2.407613838001295e-06
counterweight,2.407613838001295e-06
eddi,2.407613838001295e-06
qed,2.407613838001295e-06
ellison,2.407613838001295e-06
muddi,2.407613838001295e-06
nationi,2.407613838001295e-06
intl,2.407613838001295e-06
grunfeld,2.407613838001295e-06
marston,2.407613838001295e-06
xib,2.407613838001295e-06
solvabl,2.407613838001295e-06
wir,2.407613838001295e-06
problenm,2.407613838001295e-06
bum,2.407613838001295e-06
obt,2.407613838001295e-06
cic,2.407613838001295e-06
gesamt,2.407613838001295e-06
tte,2.407613838001295e-06
puttyclay,2.407613838001295e-06
subt,2.407613838001295e-06
thrice,2.407613838001295e-06
unrea,2.407613838001295e-06
hollist,2.407613838001295e-06
almqvist,2.407613838001295e-06
kohn,2.407613838001295e-06
corrobo,2.407613838001295e-06
liditi,2.407613838001295e-06
flu,2.407613838001295e-06
signfic,2.407613838001295e-06
timea,2.407613838001295e-06
outgrow,2.407613838001295e-06
gra,2.407613838001295e-06
merica,2.407613838001295e-06
fkl,2.407613838001295e-06
imt,2.407613838001295e-06
undistort,2.407613838001295e-06
minori,2.407613838001295e-06
shin,2.407613838001295e-06
lli,2.407613838001295e-06
emili,2.407613838001295e-06
ppi,2.407613838001295e-06
aron,2.407613838001295e-06
brittain,2.407613838001295e-06
ron,2.407613838001295e-06
tha,2.407613838001295e-06
ote,2.407613838001295e-06
plateaus,2.407613838001295e-06
wellpublic,2.407613838001295e-06
campo,2.407613838001295e-06
silicon,2.407613838001295e-06
brandt,2.407613838001295e-06
plaus,2.407613838001295e-06
stituenc,2.407613838001295e-06
straightfor,2.407613838001295e-06
heterog,2.407613838001295e-06
singlehand,2.407613838001295e-06
scrutinis,2.407613838001295e-06
ace,2.407613838001295e-06
lxxxiii,2.407613838001295e-06
pathi,2.407613838001295e-06
hymer,2.407613838001295e-06
xff,2.407613838001295e-06
liviatan,2.407613838001295e-06
scriber,2.407613838001295e-06
falsiti,2.407613838001295e-06
areal,2.407613838001295e-06
cps,2.407613838001295e-06
fulbright,2.407613838001295e-06
minuscul,2.407613838001295e-06
dori,2.407613838001295e-06
privaci,2.407613838001295e-06
subcompon,2.407613838001295e-06
ptqt,2.407613838001295e-06
statesth,2.407613838001295e-06
itg,2.407613838001295e-06
officehold,2.407613838001295e-06
kai,2.407613838001295e-06
foolproof,2.407613838001295e-06
counterfactu,2.407613838001295e-06
burstein,2.407613838001295e-06
chunk,2.407613838001295e-06
pore,2.407613838001295e-06
closedeconomi,2.407613838001295e-06
wli,2.407613838001295e-06
weltwirtschaft,2.407613838001295e-06
sonm,2.407613838001295e-06
balti,2.407613838001295e-06
ozga,2.407613838001295e-06
diaz,2.407613838001295e-06
sinusoid,2.407613838001295e-06
initio,2.407613838001295e-06
eligi,2.407613838001295e-06
tradictori,2.407613838001295e-06
preceed,2.407613838001295e-06
vip,2.407613838001295e-06
xnl,2.407613838001295e-06
appor,2.407613838001295e-06
synchronis,2.407613838001295e-06
seneg,2.407613838001295e-06
bullet,2.407613838001295e-06
pricetak,2.407613838001295e-06
eck,2.407613838001295e-06
dredg,2.407613838001295e-06
foul,2.407613838001295e-06
accor,2.407613838001295e-06
csn,2.407613838001295e-06
sixtyeight,2.407613838001295e-06
oftcit,2.407613838001295e-06
asylum,2.407613838001295e-06
neoclassi,2.407613838001295e-06
revenueshar,2.407613838001295e-06
costoutput,2.407613838001295e-06
newfoundland,2.407613838001295e-06
capitalth,2.407613838001295e-06
bernardo,2.407613838001295e-06
periodtoperiod,2.407613838001295e-06
underrepresent,2.407613838001295e-06
boa,2.407613838001295e-06
symp,2.407613838001295e-06
pasteur,2.407613838001295e-06
prerecess,2.407613838001295e-06
iand,2.407613838001295e-06
multifirm,2.407613838001295e-06
trinsic,2.407613838001295e-06
serbia,2.407613838001295e-06
thejth,2.407613838001295e-06
dug,2.407613838001295e-06
wardlook,2.407613838001295e-06
quell,2.407613838001295e-06
suse,2.407613838001295e-06
bodkin,2.407613838001295e-06
multifamili,2.407613838001295e-06
altem,2.407613838001295e-06
papa,2.407613838001295e-06
brethren,2.407613838001295e-06
pmc,2.407613838001295e-06
spear,2.407613838001295e-06
dles,2.407613838001295e-06
thp,2.407613838001295e-06
analysisa,2.407613838001295e-06
overpaid,2.407613838001295e-06
chung,2.407613838001295e-06
breadwinn,2.407613838001295e-06
notebook,2.407613838001295e-06
waugh,2.407613838001295e-06
yio,2.407613838001295e-06
crosssubsid,2.407613838001295e-06
funnel,2.407613838001295e-06
unoccupi,2.407613838001295e-06
phoebus,2.407613838001295e-06
fuir,2.407613838001295e-06
oneparti,2.407613838001295e-06
terat,2.407613838001295e-06
nonurban,2.407613838001295e-06
inscrut,2.407613838001295e-06
dydt,2.407613838001295e-06
phlip,2.407613838001295e-06
bounc,2.407613838001295e-06
komiya,2.407613838001295e-06
subsidiza,2.407613838001295e-06
affirmativeact,2.407613838001295e-06
ournal,2.407613838001295e-06
exe,2.407613838001295e-06
wealthhold,2.407613838001295e-06
biguiti,2.407613838001295e-06
noncontroversi,2.407613838001295e-06
trou,2.407613838001295e-06
liang,2.407613838001295e-06
tiabl,2.407613838001295e-06
closet,2.407613838001295e-06
sideeffect,2.407613838001295e-06
fordham,2.407613838001295e-06
rothenberg,2.407613838001295e-06
gut,2.407613838001295e-06
mendelson,2.407613838001295e-06
conversa,2.407613838001295e-06
formn,2.407613838001295e-06
lxxxii,2.407613838001295e-06
oon,2.407613838001295e-06
hazel,2.407613838001295e-06
cond,2.407613838001295e-06
herfindahl,2.407613838001295e-06
crue,2.407613838001295e-06
saito,2.407613838001295e-06
ofj,2.407613838001295e-06
pod,2.407613838001295e-06
capitala,2.407613838001295e-06
istat,2.407613838001295e-06
hij,2.407613838001295e-06
interin,2.407613838001295e-06
anr,2.407613838001295e-06
sharon,2.407613838001295e-06
kto,2.407613838001295e-06
irn,2.407613838001295e-06
mina,2.407613838001295e-06
raphael,2.407613838001295e-06
soever,2.407613838001295e-06
humanist,2.407613838001295e-06
dvi,2.407613838001295e-06
dtt,2.407613838001295e-06
cxl,2.407613838001295e-06
fist,2.407613838001295e-06
acti,2.407613838001295e-06
acp,2.407613838001295e-06
onefactor,2.407613838001295e-06
misconduct,2.407613838001295e-06
alexi,2.407613838001295e-06
bimonth,2.407613838001295e-06
missal,2.407613838001295e-06
iie,2.407613838001295e-06
investorown,2.407613838001295e-06
highrank,2.407613838001295e-06
distur,2.407613838001295e-06
periodth,2.407613838001295e-06
ometrica,2.407613838001295e-06
embezzl,2.407613838001295e-06
tray,2.407613838001295e-06
misclassif,2.407613838001295e-06
kol,2.407613838001295e-06
kov,2.407613838001295e-06
fyt,2.407613838001295e-06
hopper,2.407613838001295e-06
compressor,2.407613838001295e-06
tare,2.407613838001295e-06
bxt,2.407613838001295e-06
southampton,2.407613838001295e-06
kti,2.407613838001295e-06
mast,2.407613838001295e-06
deme,2.407613838001295e-06
unspeci,2.407613838001295e-06
fivemonth,2.407613838001295e-06
overman,2.407613838001295e-06
ratic,2.407613838001295e-06
linda,2.407613838001295e-06
revenuerais,2.407613838001295e-06
fifo,2.407613838001295e-06
intransig,2.407613838001295e-06
uncontroversi,2.407613838001295e-06
marco,2.407613838001295e-06
friedlaend,2.407613838001295e-06
vai,2.407613838001295e-06
clyde,2.407613838001295e-06
nye,2.407613838001295e-06
lau,2.407613838001295e-06
professori,2.407613838001295e-06
planta,2.407613838001295e-06
helliwel,2.407613838001295e-06
horowitz,2.407613838001295e-06
onemonth,2.407613838001295e-06
nonpartisan,2.407613838001295e-06
brows,2.407613838001295e-06
entrepris,2.407613838001295e-06
posteriori,2.407613838001295e-06
cee,2.407613838001295e-06
wellground,2.407613838001295e-06
undocu,2.407613838001295e-06
eightieth,2.407613838001295e-06
bondfinanc,2.407613838001295e-06
ros,2.407613838001295e-06
abel,2.407613838001295e-06
rita,2.407613838001295e-06
muller,2.407613838001295e-06
halevi,2.407613838001295e-06
subjec,2.407613838001295e-06
tinctiv,2.407613838001295e-06
amnesti,2.407613838001295e-06
welltrain,2.407613838001295e-06
animos,2.407613838001295e-06
bangladesh,2.407613838001295e-06
parri,2.407613838001295e-06
arabian,2.407613838001295e-06
disobey,2.407613838001295e-06
realloca,2.407613838001295e-06
reschedul,2.407613838001295e-06
diewert,2.407613838001295e-06
voca,2.407613838001295e-06
atkin,2.407613838001295e-06
siviti,2.407613838001295e-06
chanig,2.407613838001295e-06
paycheck,2.407613838001295e-06
azi,2.407613838001295e-06
voltag,2.407613838001295e-06
crosssec,2.407613838001295e-06
monetis,2.407613838001295e-06
grape,2.407613838001295e-06
selfem,2.407613838001295e-06
spun,2.407613838001295e-06
allor,2.407613838001295e-06
irc,2.407613838001295e-06
tudin,2.407613838001295e-06
heal,2.407613838001295e-06
crossroad,2.407613838001295e-06
rto,2.407613838001295e-06
portal,2.407613838001295e-06
chess,2.407613838001295e-06
zit,2.407613838001295e-06
pmr,2.407613838001295e-06
minimax,2.407613838001295e-06
articu,2.407613838001295e-06
akl,2.407613838001295e-06
mnarket,2.407613838001295e-06
nti,2.407613838001295e-06
aap,2.407613838001295e-06
irreplac,2.407613838001295e-06
tuft,2.407613838001295e-06
ditto,2.407613838001295e-06
tradea,2.407613838001295e-06
silber,2.407613838001295e-06
gloom,2.407613838001295e-06
terim,2.407613838001295e-06
countabl,2.407613838001295e-06
unmarri,2.407613838001295e-06
moneyhold,2.407613838001295e-06
popkin,2.407613838001295e-06
systemn,2.407613838001295e-06
henn,2.407613838001295e-06
concentrat,2.407613838001295e-06
wix,2.407613838001295e-06
wrongdo,2.407613838001295e-06
asn,2.407613838001295e-06
vxi,2.407613838001295e-06
fical,2.407613838001295e-06
bonanza,2.407613838001295e-06
slp,2.407613838001295e-06
misalloca,2.407613838001295e-06
tramp,2.407613838001295e-06
malkiel,2.407613838001295e-06
galton,2.407613838001295e-06
globalis,2.407613838001295e-06
bateman,2.407613838001295e-06
economicus,2.407613838001295e-06
homoscedast,2.407613838001295e-06
fairest,2.407613838001295e-06
lla,2.407613838001295e-06
wiggl,2.407613838001295e-06
disband,2.407613838001295e-06
specialinterest,2.407613838001295e-06
redrawn,2.407613838001295e-06
canton,2.407613838001295e-06
thieori,2.06366900400111e-06
roar,2.06366900400111e-06
shifter,2.06366900400111e-06
ogist,2.06366900400111e-06
retribut,2.06366900400111e-06
instrumen,2.06366900400111e-06
registra,2.06366900400111e-06
alla,2.06366900400111e-06
colloqui,2.06366900400111e-06
cannon,2.06366900400111e-06
everchang,2.06366900400111e-06
sociabl,2.06366900400111e-06
ort,2.06366900400111e-06
tite,2.06366900400111e-06
elm,2.06366900400111e-06
selfconfid,2.06366900400111e-06
aln,2.06366900400111e-06
inegalitarian,2.06366900400111e-06
endof,2.06366900400111e-06
suspen,2.06366900400111e-06
meteorolog,2.06366900400111e-06
shirley,2.06366900400111e-06
daylight,2.06366900400111e-06
biometr,2.06366900400111e-06
ivan,2.06366900400111e-06
wreak,2.06366900400111e-06
ooc,2.06366900400111e-06
liar,2.06366900400111e-06
werent,2.06366900400111e-06
demonstrat,2.06366900400111e-06
deciph,2.06366900400111e-06
ashown,2.06366900400111e-06
jona,2.06366900400111e-06
bom,2.06366900400111e-06
inin,2.06366900400111e-06
soin,2.06366900400111e-06
subindex,2.06366900400111e-06
firstquart,2.06366900400111e-06
finetun,2.06366900400111e-06
schott,2.06366900400111e-06
utiv,2.06366900400111e-06
drugstor,2.06366900400111e-06
arctic,2.06366900400111e-06
fake,2.06366900400111e-06
ttt,2.06366900400111e-06
unionis,2.06366900400111e-06
apm,2.06366900400111e-06
pqq,2.06366900400111e-06
belfast,2.06366900400111e-06
lowin,2.06366900400111e-06
dardiz,2.06366900400111e-06
terminaci,2.06366900400111e-06
inicom,2.06366900400111e-06
erland,2.06366900400111e-06
aqt,2.06366900400111e-06
newal,2.06366900400111e-06
amm,2.06366900400111e-06
strasbourg,2.06366900400111e-06
altitud,2.06366900400111e-06
panion,2.06366900400111e-06
hoff,2.06366900400111e-06
turk,2.06366900400111e-06
anx,2.06366900400111e-06
vti,2.06366900400111e-06
alr,2.06366900400111e-06
subcon,2.06366900400111e-06
overus,2.06366900400111e-06
levhari,2.06366900400111e-06
relish,2.06366900400111e-06
aloud,2.06366900400111e-06
grabowski,2.06366900400111e-06
dat,2.06366900400111e-06
huang,2.06366900400111e-06
economisti,2.06366900400111e-06
cviii,2.06366900400111e-06
shorterliv,2.06366900400111e-06
jibe,2.06366900400111e-06
rama,2.06366900400111e-06
sorensen,2.06366900400111e-06
epl,2.06366900400111e-06
kloek,2.06366900400111e-06
accompli,2.06366900400111e-06
nairu,2.06366900400111e-06
ahd,2.06366900400111e-06
jimmi,2.06366900400111e-06
shu,2.06366900400111e-06
ora,2.06366900400111e-06
versibl,2.06366900400111e-06
ripen,2.06366900400111e-06
vict,2.06366900400111e-06
housework,2.06366900400111e-06
acknow,2.06366900400111e-06
unsubsid,2.06366900400111e-06
rds,2.06366900400111e-06
erwis,2.06366900400111e-06
monsoon,2.06366900400111e-06
honda,2.06366900400111e-06
racism,2.06366900400111e-06
oen,2.06366900400111e-06
thth,2.06366900400111e-06
distributedlag,2.06366900400111e-06
retum,2.06366900400111e-06
aspirin,2.06366900400111e-06
checklist,2.06366900400111e-06
pipi,2.06366900400111e-06
assessor,2.06366900400111e-06
vator,2.06366900400111e-06
svend,2.06366900400111e-06
moderates,2.06366900400111e-06
smallfirm,2.06366900400111e-06
ane,2.06366900400111e-06
miniscul,2.06366900400111e-06
mike,2.06366900400111e-06
sertion,2.06366900400111e-06
kalamazoo,2.06366900400111e-06
mri,2.06366900400111e-06
icism,2.06366900400111e-06
opf,2.06366900400111e-06
unselfish,2.06366900400111e-06
dave,2.06366900400111e-06
scriptiv,2.06366900400111e-06
systemwid,2.06366900400111e-06
foo,2.06366900400111e-06
asphalt,2.06366900400111e-06
paperback,2.06366900400111e-06
landownership,2.06366900400111e-06
pinto,2.06366900400111e-06
cleve,2.06366900400111e-06
sterdam,2.06366900400111e-06
spann,2.06366900400111e-06
carton,2.06366900400111e-06
coil,2.06366900400111e-06
ghetto,2.06366900400111e-06
llr,2.06366900400111e-06
childless,2.06366900400111e-06
humid,2.06366900400111e-06
macroeconometr,2.06366900400111e-06
thori,2.06366900400111e-06
keio,2.06366900400111e-06
payback,2.06366900400111e-06
hypothesisthat,2.06366900400111e-06
ota,2.06366900400111e-06
grandchildren,2.06366900400111e-06
snare,2.06366900400111e-06
verifica,2.06366900400111e-06
mcintyr,2.06366900400111e-06
olivi,2.06366900400111e-06
ydt,2.06366900400111e-06
latan,2.06366900400111e-06
emp,2.06366900400111e-06
sein,2.06366900400111e-06
ptl,2.06366900400111e-06
mattress,2.06366900400111e-06
unend,2.06366900400111e-06
megawatt,2.06366900400111e-06
iww,2.06366900400111e-06
conjoin,2.06366900400111e-06
nond,2.06366900400111e-06
dixon,2.06366900400111e-06
evict,2.06366900400111e-06
notch,2.06366900400111e-06
attribu,2.06366900400111e-06
televi,2.06366900400111e-06
manuf,2.06366900400111e-06
unbiased,2.06366900400111e-06
mow,2.06366900400111e-06
romney,2.06366900400111e-06
subclassif,2.06366900400111e-06
unexamin,2.06366900400111e-06
mata,2.06366900400111e-06
revista,2.06366900400111e-06
soi,2.06366900400111e-06
illuminat,2.06366900400111e-06
prestigi,2.06366900400111e-06
extraleg,2.06366900400111e-06
abx,2.06366900400111e-06
wagechang,2.06366900400111e-06
lowpay,2.06366900400111e-06
unan,2.06366900400111e-06
subsec,2.06366900400111e-06
underpredict,2.06366900400111e-06
paula,2.06366900400111e-06
nexttolast,2.06366900400111e-06
economnetrica,2.06366900400111e-06
arb,2.06366900400111e-06
idi,2.06366900400111e-06
transatlant,2.06366900400111e-06
kolmogorov,2.06366900400111e-06
ancl,2.06366900400111e-06
carmen,2.06366900400111e-06
stulz,2.06366900400111e-06
excessdemand,2.06366900400111e-06
intermedia,2.06366900400111e-06
rack,2.06366900400111e-06
petual,2.06366900400111e-06
brari,2.06366900400111e-06
ccp,2.06366900400111e-06
riag,2.06366900400111e-06
crossclassifi,2.06366900400111e-06
wii,2.06366900400111e-06
differenc,2.06366900400111e-06
defec,2.06366900400111e-06
closedend,2.06366900400111e-06
taxsubsidi,2.06366900400111e-06
pris,2.06366900400111e-06
cherri,2.06366900400111e-06
subcultur,2.06366900400111e-06
fiftyeight,2.06366900400111e-06
cocacola,2.06366900400111e-06
textur,2.06366900400111e-06
xcviii,2.06366900400111e-06
slade,2.06366900400111e-06
demnand,2.06366900400111e-06
houser,2.06366900400111e-06
shel,2.06366900400111e-06
gon,2.06366900400111e-06
bipartisan,2.06366900400111e-06
unchart,2.06366900400111e-06
bin,2.06366900400111e-06
aircondit,2.06366900400111e-06
plummet,2.06366900400111e-06
kellogg,2.06366900400111e-06
cani,2.06366900400111e-06
fixedr,2.06366900400111e-06
sturdi,2.06366900400111e-06
thani,2.06366900400111e-06
sloth,2.06366900400111e-06
syke,2.06366900400111e-06
compati,2.06366900400111e-06
northampton,2.06366900400111e-06
rudig,2.06366900400111e-06
atori,2.06366900400111e-06
battlefield,2.06366900400111e-06
misal,2.06366900400111e-06
lindustri,2.06366900400111e-06
boyer,2.06366900400111e-06
bowden,2.06366900400111e-06
ehrenberg,2.06366900400111e-06
toolbox,2.06366900400111e-06
oneforon,2.06366900400111e-06
daunt,2.06366900400111e-06
derestim,2.06366900400111e-06
regressor,2.06366900400111e-06
kim,2.06366900400111e-06
siecl,2.06366900400111e-06
registri,2.06366900400111e-06
centu,2.06366900400111e-06
optimi,2.06366900400111e-06
coy,2.06366900400111e-06
carlin,2.06366900400111e-06
jelli,2.06366900400111e-06
ronni,2.06366900400111e-06
tablet,2.06366900400111e-06
luke,2.06366900400111e-06
sanm,2.06366900400111e-06
gue,2.06366900400111e-06
burglari,2.06366900400111e-06
oxi,2.06366900400111e-06
brill,2.06366900400111e-06
heinz,2.06366900400111e-06
tfs,2.06366900400111e-06
pun,2.06366900400111e-06
minimi,2.06366900400111e-06
plific,2.06366900400111e-06
yer,2.06366900400111e-06
frorn,2.06366900400111e-06
rim,2.06366900400111e-06
goldenrul,2.06366900400111e-06
icanc,2.06366900400111e-06
elb,2.06366900400111e-06
vineyard,2.06366900400111e-06
ema,2.06366900400111e-06
iiiiii,2.06366900400111e-06
frl,2.06366900400111e-06
proto,2.06366900400111e-06
strauss,2.06366900400111e-06
brochur,2.06366900400111e-06
unassist,2.06366900400111e-06
intercon,2.06366900400111e-06
terminol,2.06366900400111e-06
addison,2.06366900400111e-06
hildreth,2.06366900400111e-06
aviv,2.06366900400111e-06
softer,2.06366900400111e-06
nonint,2.06366900400111e-06
recap,2.06366900400111e-06
fand,2.06366900400111e-06
stockout,2.06366900400111e-06
indig,2.06366900400111e-06
evo,2.06366900400111e-06
frazer,2.06366900400111e-06
williamstown,2.06366900400111e-06
straus,2.06366900400111e-06
collabora,2.06366900400111e-06
binomi,2.06366900400111e-06
alejandro,2.06366900400111e-06
ayb,2.06366900400111e-06
malfeas,2.06366900400111e-06
selfesteem,2.06366900400111e-06
inalien,2.06366900400111e-06
shepard,2.06366900400111e-06
accumulat,2.06366900400111e-06
supplypric,2.06366900400111e-06
girshick,2.06366900400111e-06
uncondi,2.06366900400111e-06
alyt,2.06366900400111e-06
bandit,2.06366900400111e-06
policeman,2.06366900400111e-06
destabiliz,2.06366900400111e-06
mosaic,2.06366900400111e-06
cooley,2.06366900400111e-06
gill,2.06366900400111e-06
simler,2.06366900400111e-06
guishabl,2.06366900400111e-06
caseload,2.06366900400111e-06
hancock,2.06366900400111e-06
suppo,2.06366900400111e-06
iog,2.06366900400111e-06
godfrey,2.06366900400111e-06
fda,2.06366900400111e-06
opoli,2.06366900400111e-06
bairoch,2.06366900400111e-06
belmont,2.06366900400111e-06
coordinat,2.06366900400111e-06
igl,2.06366900400111e-06
invali,2.06366900400111e-06
dcr,2.06366900400111e-06
lrs,2.06366900400111e-06
aac,2.06366900400111e-06
kean,2.06366900400111e-06
wan,2.06366900400111e-06
gambia,2.06366900400111e-06
rust,2.06366900400111e-06
ste,2.06366900400111e-06
bcl,2.06366900400111e-06
dissatisfac,2.06366900400111e-06
cde,2.06366900400111e-06
reuter,2.06366900400111e-06
abt,2.06366900400111e-06
senger,2.06366900400111e-06
scru,2.06366900400111e-06
uncontest,2.06366900400111e-06
visor,2.06366900400111e-06
problemn,2.06366900400111e-06
greedi,2.06366900400111e-06
sven,2.06366900400111e-06
outperform,2.06366900400111e-06
truistic,2.06366900400111e-06
nora,2.06366900400111e-06
taa,2.06366900400111e-06
steve,2.06366900400111e-06
unconsum,2.06366900400111e-06
capitalabund,2.06366900400111e-06
nea,2.06366900400111e-06
ivb,2.06366900400111e-06
cloudi,2.06366900400111e-06
ole,2.06366900400111e-06
tito,2.06366900400111e-06
lsee,2.06366900400111e-06
mandel,2.06366900400111e-06
laborinput,2.06366900400111e-06
riorat,2.06366900400111e-06
pricea,2.06366900400111e-06
gus,2.06366900400111e-06
parn,2.06366900400111e-06
alog,2.06366900400111e-06
hansson,2.06366900400111e-06
wirtschaftlich,2.06366900400111e-06
hyperinfla,2.06366900400111e-06
accredit,2.06366900400111e-06
shinkai,2.06366900400111e-06
lowrent,2.06366900400111e-06
gibbon,2.06366900400111e-06
jig,2.06366900400111e-06
pru,2.06366900400111e-06
frt,2.06366900400111e-06
versat,2.06366900400111e-06
lnx,2.06366900400111e-06
multilat,2.06366900400111e-06
candidaci,2.06366900400111e-06
lenienc,2.06366900400111e-06
statesa,2.06366900400111e-06
giornal,2.06366900400111e-06
commercial,2.06366900400111e-06
sial,2.06366900400111e-06
adelaid,2.06366900400111e-06
anthro,2.06366900400111e-06
reme,2.06366900400111e-06
ypn,2.06366900400111e-06
wellisz,2.06366900400111e-06
inattent,2.06366900400111e-06
rithmic,2.06366900400111e-06
iay,2.06366900400111e-06
mcnamara,2.06366900400111e-06
effectth,2.06366900400111e-06
endo,2.06366900400111e-06
blackman,2.06366900400111e-06
ssd,2.06366900400111e-06
apj,2.06366900400111e-06
thinner,2.06366900400111e-06
equil,2.06366900400111e-06
sutch,2.06366900400111e-06
econonmi,2.06366900400111e-06
newark,2.06366900400111e-06
igg,2.06366900400111e-06
chalk,2.06366900400111e-06
cambodia,2.06366900400111e-06
dicken,2.06366900400111e-06
unlearn,2.06366900400111e-06
ligious,2.06366900400111e-06
octan,2.06366900400111e-06
dejong,2.06366900400111e-06
twa,2.06366900400111e-06
lod,2.06366900400111e-06
schiller,2.06366900400111e-06
carolin,2.06366900400111e-06
springfield,2.06366900400111e-06
nugent,2.06366900400111e-06
sot,2.06366900400111e-06
hui,2.06366900400111e-06
perioda,2.06366900400111e-06
rosett,2.06366900400111e-06
fiji,2.06366900400111e-06
gical,2.06366900400111e-06
microdata,2.06366900400111e-06
hanov,2.06366900400111e-06
thisjourn,2.06366900400111e-06
billboard,2.06366900400111e-06
hsieh,2.06366900400111e-06
masson,2.06366900400111e-06
ict,2.06366900400111e-06
birch,2.06366900400111e-06
rodger,2.06366900400111e-06
croom,2.06366900400111e-06
alenc,2.06366900400111e-06
gass,2.06366900400111e-06
unmea,2.06366900400111e-06
terra,2.06366900400111e-06
incomedistribut,2.06366900400111e-06
unc,2.06366900400111e-06
orchestra,2.06366900400111e-06
laffer,2.06366900400111e-06
twoquart,2.06366900400111e-06
sankhya,2.06366900400111e-06
lld,2.06366900400111e-06
diamet,2.06366900400111e-06
pbi,2.06366900400111e-06
prema,2.06366900400111e-06
spade,2.06366900400111e-06
eko,2.06366900400111e-06
trun,2.06366900400111e-06
ull,2.06366900400111e-06
emanuel,2.06366900400111e-06
vali,2.06366900400111e-06
frm,2.06366900400111e-06
scend,2.06366900400111e-06
ecx,2.06366900400111e-06
wei,2.06366900400111e-06
bak,2.06366900400111e-06
turf,2.06366900400111e-06
versifi,2.06366900400111e-06
wea,2.06366900400111e-06
sul,2.06366900400111e-06
thaler,2.06366900400111e-06
wav,2.06366900400111e-06
infini,2.06366900400111e-06
papel,2.06366900400111e-06
schweizerisch,2.06366900400111e-06
dealership,2.06366900400111e-06
omn,2.06366900400111e-06
problema,2.06366900400111e-06
kornhaus,2.06366900400111e-06
prefix,2.06366900400111e-06
dishwash,2.06366900400111e-06
sera,2.06366900400111e-06
denver,2.06366900400111e-06
clearinghous,2.06366900400111e-06
freiburg,2.06366900400111e-06
gth,2.06366900400111e-06
benedict,2.06366900400111e-06
militarili,2.06366900400111e-06
hispan,2.06366900400111e-06
sii,2.06366900400111e-06
nonbind,2.06366900400111e-06
oqo,2.06366900400111e-06
mys,2.06366900400111e-06
checker,2.06366900400111e-06
sisi,2.06366900400111e-06
poem,2.06366900400111e-06
smell,2.06366900400111e-06
environmentalist,2.06366900400111e-06
pki,2.06366900400111e-06
eyi,2.06366900400111e-06
sna,2.06366900400111e-06
ooe,2.06366900400111e-06
nadiri,2.06366900400111e-06
mckenna,2.06366900400111e-06
misspecif,2.06366900400111e-06
wat,2.06366900400111e-06
ivvi,2.06366900400111e-06
iou,2.06366900400111e-06
farewel,2.06366900400111e-06
ingo,2.06366900400111e-06
perva,2.06366900400111e-06
archetyp,2.06366900400111e-06
bordo,2.06366900400111e-06
ust,2.06366900400111e-06
frictionless,2.06366900400111e-06
thal,2.06366900400111e-06
greenwald,2.06366900400111e-06
weidenfeld,2.06366900400111e-06
multiplica,2.06366900400111e-06
spous,2.06366900400111e-06
nonconsum,2.06366900400111e-06
nonag,2.06366900400111e-06
overaccumul,2.06366900400111e-06
nonschool,2.06366900400111e-06
xni,2.06366900400111e-06
blanch,2.06366900400111e-06
taxicab,2.06366900400111e-06
hpt,2.06366900400111e-06
vibrat,2.06366900400111e-06
underus,2.06366900400111e-06
amh,2.06366900400111e-06
qes,2.06366900400111e-06
commonlaw,2.06366900400111e-06
omaha,2.06366900400111e-06
incorporat,2.06366900400111e-06
milner,2.06366900400111e-06
nenc,2.06366900400111e-06
noneco,2.06366900400111e-06
dermin,2.06366900400111e-06
crosstabul,2.06366900400111e-06
foci,2.06366900400111e-06
humblot,2.06366900400111e-06
kathryn,2.06366900400111e-06
consumptionloan,2.06366900400111e-06
donaldson,2.06366900400111e-06
steepest,2.06366900400111e-06
yij,2.06366900400111e-06
lyle,2.06366900400111e-06
bevan,2.06366900400111e-06
eigh,2.06366900400111e-06
vin,2.06366900400111e-06
multipleregress,2.06366900400111e-06
biometrika,2.06366900400111e-06
mpcs,2.06366900400111e-06
oix,2.06366900400111e-06
ney,2.06366900400111e-06
malic,2.06366900400111e-06
moreskil,2.06366900400111e-06
nometrica,2.06366900400111e-06
hoe,2.06366900400111e-06
aih,2.06366900400111e-06
intratempor,2.06366900400111e-06
speedier,2.06366900400111e-06
nestor,2.06366900400111e-06
oversubscrib,2.06366900400111e-06
agk,2.06366900400111e-06
pdq,2.06366900400111e-06
rjk,2.06366900400111e-06
rak,2.06366900400111e-06
priceincom,2.06366900400111e-06
rdi,2.06366900400111e-06
cisco,2.06366900400111e-06
nen,2.06366900400111e-06
firn,2.06366900400111e-06
nyse,2.06366900400111e-06
welch,2.06366900400111e-06
lear,2.06366900400111e-06
counterrevolut,2.06366900400111e-06
mcmanus,2.06366900400111e-06
dantzig,2.06366900400111e-06
unmodifi,2.06366900400111e-06
ded,2.06366900400111e-06
flp,2.06366900400111e-06
gore,2.06366900400111e-06
vix,2.06366900400111e-06
privatiza,2.06366900400111e-06
rok,2.06366900400111e-06
tariti,2.06366900400111e-06
reliant,2.06366900400111e-06
recrea,2.06366900400111e-06
didat,2.06366900400111e-06
referenc,2.06366900400111e-06
ipt,2.06366900400111e-06
qnp,2.06366900400111e-06
eot,2.06366900400111e-06
moyen,2.06366900400111e-06
ching,2.06366900400111e-06
gere,2.06366900400111e-06
burdett,2.06366900400111e-06
repons,2.06366900400111e-06
facetofac,2.06366900400111e-06
roma,2.06366900400111e-06
fbl,2.06366900400111e-06
urbanis,2.06366900400111e-06
janitor,2.06366900400111e-06
numrair,2.06366900400111e-06
apoli,2.06366900400111e-06
costcut,2.06366900400111e-06
minneapolisst,2.06366900400111e-06
hoffmann,2.06366900400111e-06
clhang,2.06366900400111e-06
dup,2.06366900400111e-06
shakeout,2.06366900400111e-06
dpt,2.06366900400111e-06
libr,2.06366900400111e-06
aaf,2.06366900400111e-06
stab,2.06366900400111e-06
koster,2.06366900400111e-06
schoolag,2.06366900400111e-06
fourperson,2.06366900400111e-06
clari,2.06366900400111e-06
sala,2.06366900400111e-06
dled,2.06366900400111e-06
ost,2.06366900400111e-06
politic,2.06366900400111e-06
trump,2.06366900400111e-06
unperturb,2.06366900400111e-06
gant,2.06366900400111e-06
lmc,2.06366900400111e-06
eel,2.06366900400111e-06
dollarfordollar,2.06366900400111e-06
disser,2.06366900400111e-06
zum,2.06366900400111e-06
spiegelman,2.06366900400111e-06
ceptiv,2.06366900400111e-06
yfl,2.06366900400111e-06
orr,2.06366900400111e-06
bien,2.06366900400111e-06
caliti,2.06366900400111e-06
viat,2.06366900400111e-06
zti,2.06366900400111e-06
verac,2.06366900400111e-06
labourcapit,2.06366900400111e-06
louisvill,2.06366900400111e-06
aki,2.06366900400111e-06
overrepresent,2.06366900400111e-06
marsden,2.06366900400111e-06
jounal,2.06366900400111e-06
bourn,2.06366900400111e-06
selffulfil,2.06366900400111e-06
edmond,2.06366900400111e-06
schol,2.06366900400111e-06
mancur,2.06366900400111e-06
nonmeasur,2.06366900400111e-06
onetwelfth,2.06366900400111e-06
lise,2.06366900400111e-06
rithm,2.06366900400111e-06
prem,2.06366900400111e-06
starr,2.06366900400111e-06
mmo,2.06366900400111e-06
guesstim,2.06366900400111e-06
interpola,2.06366900400111e-06
croatia,2.06366900400111e-06
alb,2.06366900400111e-06
countrypair,2.06366900400111e-06
figment,2.06366900400111e-06
onal,2.06366900400111e-06
refocus,2.06366900400111e-06
openeconomi,2.06366900400111e-06
ocrat,2.06366900400111e-06
acl,2.06366900400111e-06
misint,2.06366900400111e-06
okonomi,2.06366900400111e-06
olt,2.06366900400111e-06
relia,2.06366900400111e-06
bla,2.06366900400111e-06
starter,2.06366900400111e-06
vac,2.06366900400111e-06
hue,2.06366900400111e-06
enzler,2.06366900400111e-06
bolton,2.06366900400111e-06
transcontinent,2.06366900400111e-06
boredom,2.06366900400111e-06
scranton,2.06366900400111e-06
tuc,2.06366900400111e-06
oneproduct,2.06366900400111e-06
elinor,2.06366900400111e-06
codif,2.06366900400111e-06
multifacet,2.06366900400111e-06
inr,2.06366900400111e-06
armslength,2.06366900400111e-06
fccs,2.06366900400111e-06
whomev,2.06366900400111e-06
sergei,2.06366900400111e-06
carp,2.06366900400111e-06
qtpt,2.06366900400111e-06
usown,2.06366900400111e-06
marketwid,2.06366900400111e-06
tize,2.06366900400111e-06
thrill,2.06366900400111e-06
leven,2.06366900400111e-06
hutchinson,2.06366900400111e-06
rateb,2.06366900400111e-06
precon,2.06366900400111e-06
vit,2.06366900400111e-06
apa,2.06366900400111e-06
tof,2.06366900400111e-06
cand,2.06366900400111e-06
pail,2.06366900400111e-06
bri,2.06366900400111e-06
terize,2.06366900400111e-06
usitc,2.06366900400111e-06
clockwis,2.06366900400111e-06
ithi,2.06366900400111e-06
bik,2.06366900400111e-06
bonini,2.06366900400111e-06
dev,2.06366900400111e-06
nonseason,2.06366900400111e-06
mlo,2.06366900400111e-06
sodium,2.06366900400111e-06
giveaway,2.06366900400111e-06
supt,2.06366900400111e-06
photocopi,2.06366900400111e-06
intrilig,2.06366900400111e-06
aio,2.06366900400111e-06
theorv,2.06366900400111e-06
coni,2.06366900400111e-06
lrt,2.06366900400111e-06
boiteux,2.06366900400111e-06
anticipat,2.06366900400111e-06
nonposit,2.06366900400111e-06
wirtschaftsforschung,2.06366900400111e-06
harmondsworth,2.06366900400111e-06
shap,2.06366900400111e-06
aco,2.06366900400111e-06
laband,2.06366900400111e-06
retalia,2.06366900400111e-06
ideo,1.7197241700009252e-06
tia,1.7197241700009252e-06
brighton,1.7197241700009252e-06
urat,1.7197241700009252e-06
heaton,1.7197241700009252e-06
rite,1.7197241700009252e-06
nonclear,1.7197241700009252e-06
camill,1.7197241700009252e-06
kak,1.7197241700009252e-06
pesquisa,1.7197241700009252e-06
halflif,1.7197241700009252e-06
amster,1.7197241700009252e-06
mcr,1.7197241700009252e-06
cyi,1.7197241700009252e-06
qxt,1.7197241700009252e-06
fragmen,1.7197241700009252e-06
ergebniss,1.7197241700009252e-06
indispen,1.7197241700009252e-06
orp,1.7197241700009252e-06
overbid,1.7197241700009252e-06
ericson,1.7197241700009252e-06
underclass,1.7197241700009252e-06
rdt,1.7197241700009252e-06
eut,1.7197241700009252e-06
betterqu,1.7197241700009252e-06
mativ,1.7197241700009252e-06
pashigian,1.7197241700009252e-06
wien,1.7197241700009252e-06
iao,1.7197241700009252e-06
egoist,1.7197241700009252e-06
urbaniza,1.7197241700009252e-06
larceni,1.7197241700009252e-06
jag,1.7197241700009252e-06
pee,1.7197241700009252e-06
susten,1.7197241700009252e-06
leur,1.7197241700009252e-06
pineappl,1.7197241700009252e-06
corri,1.7197241700009252e-06
repur,1.7197241700009252e-06
diminu,1.7197241700009252e-06
supposi,1.7197241700009252e-06
stl,1.7197241700009252e-06
counterintuit,1.7197241700009252e-06
ald,1.7197241700009252e-06
unheard,1.7197241700009252e-06
eightfold,1.7197241700009252e-06
irri,1.7197241700009252e-06
multiregion,1.7197241700009252e-06
sciencebas,1.7197241700009252e-06
asb,1.7197241700009252e-06
factorsuppli,1.7197241700009252e-06
conom,1.7197241700009252e-06
outdoor,1.7197241700009252e-06
awb,1.7197241700009252e-06
clara,1.7197241700009252e-06
dicksmireaux,1.7197241700009252e-06
autor,1.7197241700009252e-06
ffi,1.7197241700009252e-06
tionth,1.7197241700009252e-06
ocl,1.7197241700009252e-06
belknap,1.7197241700009252e-06
indetermi,1.7197241700009252e-06
casey,1.7197241700009252e-06
costlier,1.7197241700009252e-06
glamour,1.7197241700009252e-06
molina,1.7197241700009252e-06
rut,1.7197241700009252e-06
timor,1.7197241700009252e-06
metropol,1.7197241700009252e-06
preda,1.7197241700009252e-06
vshape,1.7197241700009252e-06
alberto,1.7197241700009252e-06
selfprotect,1.7197241700009252e-06
notax,1.7197241700009252e-06
premi,1.7197241700009252e-06
retest,1.7197241700009252e-06
slowmov,1.7197241700009252e-06
klarman,1.7197241700009252e-06
ninemonth,1.7197241700009252e-06
vaccin,1.7197241700009252e-06
datath,1.7197241700009252e-06
taxtransf,1.7197241700009252e-06
terenc,1.7197241700009252e-06
twostep,1.7197241700009252e-06
wishart,1.7197241700009252e-06
matu,1.7197241700009252e-06
repetiti,1.7197241700009252e-06
xln,1.7197241700009252e-06
colunm,1.7197241700009252e-06
nnt,1.7197241700009252e-06
betteroff,1.7197241700009252e-06
shigeru,1.7197241700009252e-06
papb,1.7197241700009252e-06
preg,1.7197241700009252e-06
apit,1.7197241700009252e-06
exper,1.7197241700009252e-06
learningbydo,1.7197241700009252e-06
goss,1.7197241700009252e-06
sbt,1.7197241700009252e-06
piq,1.7197241700009252e-06
centil,1.7197241700009252e-06
ruptur,1.7197241700009252e-06
xss,1.7197241700009252e-06
displeas,1.7197241700009252e-06
recenc,1.7197241700009252e-06
easton,1.7197241700009252e-06
policyinduc,1.7197241700009252e-06
iiic,1.7197241700009252e-06
ullman,1.7197241700009252e-06
econiomi,1.7197241700009252e-06
prociti,1.7197241700009252e-06
jora,1.7197241700009252e-06
doomsday,1.7197241700009252e-06
fletcher,1.7197241700009252e-06
octobernovemb,1.7197241700009252e-06
sous,1.7197241700009252e-06
allegheni,1.7197241700009252e-06
hawk,1.7197241700009252e-06
russ,1.7197241700009252e-06
oxt,1.7197241700009252e-06
countryj,1.7197241700009252e-06
obsta,1.7197241700009252e-06
dinarili,1.7197241700009252e-06
lowestpaid,1.7197241700009252e-06
arl,1.7197241700009252e-06
meredith,1.7197241700009252e-06
gallup,1.7197241700009252e-06
dee,1.7197241700009252e-06
pice,1.7197241700009252e-06
overcorrect,1.7197241700009252e-06
cthe,1.7197241700009252e-06
infam,1.7197241700009252e-06
italist,1.7197241700009252e-06
lth,1.7197241700009252e-06
ike,1.7197241700009252e-06
antipoverti,1.7197241700009252e-06
xtr,1.7197241700009252e-06
whig,1.7197241700009252e-06
steamelectr,1.7197241700009252e-06
cleanup,1.7197241700009252e-06
burlington,1.7197241700009252e-06
ipi,1.7197241700009252e-06
aka,1.7197241700009252e-06
rfp,1.7197241700009252e-06
dowd,1.7197241700009252e-06
insurrect,1.7197241700009252e-06
wong,1.7197241700009252e-06
stole,1.7197241700009252e-06
ginia,1.7197241700009252e-06
maximisa,1.7197241700009252e-06
elk,1.7197241700009252e-06
nissan,1.7197241700009252e-06
wri,1.7197241700009252e-06
weal,1.7197241700009252e-06
occident,1.7197241700009252e-06
higherord,1.7197241700009252e-06
feig,1.7197241700009252e-06
belowaverag,1.7197241700009252e-06
bulow,1.7197241700009252e-06
noncaus,1.7197241700009252e-06
trembl,1.7197241700009252e-06
uncent,1.7197241700009252e-06
lex,1.7197241700009252e-06
sind,1.7197241700009252e-06
consecu,1.7197241700009252e-06
dilapid,1.7197241700009252e-06
jamin,1.7197241700009252e-06
proctor,1.7197241700009252e-06
neater,1.7197241700009252e-06
functionth,1.7197241700009252e-06
mall,1.7197241700009252e-06
rachel,1.7197241700009252e-06
rateand,1.7197241700009252e-06
lina,1.7197241700009252e-06
samn,1.7197241700009252e-06
raleigh,1.7197241700009252e-06
outputi,1.7197241700009252e-06
probabili,1.7197241700009252e-06
civ,1.7197241700009252e-06
noncentr,1.7197241700009252e-06
supplydetermin,1.7197241700009252e-06
ccl,1.7197241700009252e-06
assem,1.7197241700009252e-06
multiperson,1.7197241700009252e-06
fisherman,1.7197241700009252e-06
quack,1.7197241700009252e-06
costincreas,1.7197241700009252e-06
tij,1.7197241700009252e-06
threeday,1.7197241700009252e-06
inequali,1.7197241700009252e-06
blith,1.7197241700009252e-06
incomemaxim,1.7197241700009252e-06
paw,1.7197241700009252e-06
cid,1.7197241700009252e-06
dient,1.7197241700009252e-06
elitist,1.7197241700009252e-06
vita,1.7197241700009252e-06
cityst,1.7197241700009252e-06
baili,1.7197241700009252e-06
andhra,1.7197241700009252e-06
spu,1.7197241700009252e-06
lili,1.7197241700009252e-06
ertdt,1.7197241700009252e-06
tca,1.7197241700009252e-06
jac,1.7197241700009252e-06
nco,1.7197241700009252e-06
ead,1.7197241700009252e-06
bayesian,1.7197241700009252e-06
ijj,1.7197241700009252e-06
tik,1.7197241700009252e-06
mimic,1.7197241700009252e-06
ytp,1.7197241700009252e-06
opm,1.7197241700009252e-06
misappl,1.7197241700009252e-06
ahf,1.7197241700009252e-06
mathewson,1.7197241700009252e-06
burrow,1.7197241700009252e-06
mackay,1.7197241700009252e-06
wrinkl,1.7197241700009252e-06
onz,1.7197241700009252e-06
duel,1.7197241700009252e-06
sylvia,1.7197241700009252e-06
concessionari,1.7197241700009252e-06
monoxid,1.7197241700009252e-06
neocla,1.7197241700009252e-06
jorgen,1.7197241700009252e-06
whittak,1.7197241700009252e-06
curiosum,1.7197241700009252e-06
timeto,1.7197241700009252e-06
pra,1.7197241700009252e-06
tlh,1.7197241700009252e-06
dpj,1.7197241700009252e-06
epb,1.7197241700009252e-06
inb,1.7197241700009252e-06
kazuo,1.7197241700009252e-06
familyown,1.7197241700009252e-06
affirma,1.7197241700009252e-06
ypt,1.7197241700009252e-06
nonr,1.7197241700009252e-06
bya,1.7197241700009252e-06
minimand,1.7197241700009252e-06
rci,1.7197241700009252e-06
afri,1.7197241700009252e-06
gershon,1.7197241700009252e-06
mcfadden,1.7197241700009252e-06
rta,1.7197241700009252e-06
satieti,1.7197241700009252e-06
nalysi,1.7197241700009252e-06
fugit,1.7197241700009252e-06
africanamerican,1.7197241700009252e-06
hone,1.7197241700009252e-06
programmat,1.7197241700009252e-06
lifestyl,1.7197241700009252e-06
logl,1.7197241700009252e-06
odor,1.7197241700009252e-06
lope,1.7197241700009252e-06
eject,1.7197241700009252e-06
quip,1.7197241700009252e-06
onehour,1.7197241700009252e-06
ign,1.7197241700009252e-06
norg,1.7197241700009252e-06
aoy,1.7197241700009252e-06
barth,1.7197241700009252e-06
jrgen,1.7197241700009252e-06
selfcon,1.7197241700009252e-06
timi,1.7197241700009252e-06
jouirnal,1.7197241700009252e-06
twoday,1.7197241700009252e-06
noncolleg,1.7197241700009252e-06
tli,1.7197241700009252e-06
arbeit,1.7197241700009252e-06
malin,1.7197241700009252e-06
markoff,1.7197241700009252e-06
leif,1.7197241700009252e-06
suffix,1.7197241700009252e-06
floatingr,1.7197241700009252e-06
alma,1.7197241700009252e-06
irriga,1.7197241700009252e-06
riversid,1.7197241700009252e-06
qsi,1.7197241700009252e-06
ancien,1.7197241700009252e-06
ratea,1.7197241700009252e-06
anoni,1.7197241700009252e-06
disc,1.7197241700009252e-06
prologu,1.7197241700009252e-06
charleston,1.7197241700009252e-06
commodit,1.7197241700009252e-06
qli,1.7197241700009252e-06
palo,1.7197241700009252e-06
abe,1.7197241700009252e-06
deremploy,1.7197241700009252e-06
inse,1.7197241700009252e-06
tene,1.7197241700009252e-06
guangdong,1.7197241700009252e-06
mannwhitney,1.7197241700009252e-06
disaffect,1.7197241700009252e-06
mclaughlin,1.7197241700009252e-06
qiq,1.7197241700009252e-06
lastminut,1.7197241700009252e-06
wellpaid,1.7197241700009252e-06
rsa,1.7197241700009252e-06
reappoint,1.7197241700009252e-06
revela,1.7197241700009252e-06
asr,1.7197241700009252e-06
uma,1.7197241700009252e-06
visi,1.7197241700009252e-06
eie,1.7197241700009252e-06
zine,1.7197241700009252e-06
egoism,1.7197241700009252e-06
dataa,1.7197241700009252e-06
canadaunit,1.7197241700009252e-06
yip,1.7197241700009252e-06
wachter,1.7197241700009252e-06
miscarriag,1.7197241700009252e-06
nonstat,1.7197241700009252e-06
crossproduct,1.7197241700009252e-06
backcast,1.7197241700009252e-06
hdh,1.7197241700009252e-06
goodnessoffit,1.7197241700009252e-06
henceforward,1.7197241700009252e-06
perez,1.7197241700009252e-06
andp,1.7197241700009252e-06
spector,1.7197241700009252e-06
etl,1.7197241700009252e-06
productioni,1.7197241700009252e-06
sevenfold,1.7197241700009252e-06
rma,1.7197241700009252e-06
droit,1.7197241700009252e-06
suiss,1.7197241700009252e-06
gian,1.7197241700009252e-06
lessskil,1.7197241700009252e-06
terminus,1.7197241700009252e-06
modig,1.7197241700009252e-06
reentri,1.7197241700009252e-06
heidelberg,1.7197241700009252e-06
oakland,1.7197241700009252e-06
konrad,1.7197241700009252e-06
nesia,1.7197241700009252e-06
bettereduc,1.7197241700009252e-06
detat,1.7197241700009252e-06
experimenta,1.7197241700009252e-06
fen,1.7197241700009252e-06
valent,1.7197241700009252e-06
anda,1.7197241700009252e-06
carn,1.7197241700009252e-06
chatter,1.7197241700009252e-06
publicpolici,1.7197241700009252e-06
png,1.7197241700009252e-06
idealis,1.7197241700009252e-06
gerri,1.7197241700009252e-06
ddr,1.7197241700009252e-06
kxi,1.7197241700009252e-06
undiversifi,1.7197241700009252e-06
nikolai,1.7197241700009252e-06
hil,1.7197241700009252e-06
rni,1.7197241700009252e-06
yoa,1.7197241700009252e-06
mara,1.7197241700009252e-06
aic,1.7197241700009252e-06
trauma,1.7197241700009252e-06
peterian,1.7197241700009252e-06
lyt,1.7197241700009252e-06
venu,1.7197241700009252e-06
foreignproduc,1.7197241700009252e-06
julio,1.7197241700009252e-06
anand,1.7197241700009252e-06
weil,1.7197241700009252e-06
tandem,1.7197241700009252e-06
trition,1.7197241700009252e-06
fowl,1.7197241700009252e-06
sco,1.7197241700009252e-06
dyy,1.7197241700009252e-06
cll,1.7197241700009252e-06
blain,1.7197241700009252e-06
doubleedg,1.7197241700009252e-06
georgetown,1.7197241700009252e-06
oui,1.7197241700009252e-06
sutherland,1.7197241700009252e-06
welldesign,1.7197241700009252e-06
cin,1.7197241700009252e-06
intercontinent,1.7197241700009252e-06
atl,1.7197241700009252e-06
tgo,1.7197241700009252e-06
blem,1.7197241700009252e-06
jpt,1.7197241700009252e-06
walt,1.7197241700009252e-06
iof,1.7197241700009252e-06
pqt,1.7197241700009252e-06
oll,1.7197241700009252e-06
mcpherson,1.7197241700009252e-06
rtb,1.7197241700009252e-06
mjt,1.7197241700009252e-06
luci,1.7197241700009252e-06
footprint,1.7197241700009252e-06
kitt,1.7197241700009252e-06
lockedin,1.7197241700009252e-06
tiativ,1.7197241700009252e-06
rmin,1.7197241700009252e-06
rpm,1.7197241700009252e-06
changein,1.7197241700009252e-06
pled,1.7197241700009252e-06
groningen,1.7197241700009252e-06
mathematiqu,1.7197241700009252e-06
crosseffect,1.7197241700009252e-06
vig,1.7197241700009252e-06
paterson,1.7197241700009252e-06
logpi,1.7197241700009252e-06
sshape,1.7197241700009252e-06
altman,1.7197241700009252e-06
nys,1.7197241700009252e-06
chartist,1.7197241700009252e-06
aggregat,1.7197241700009252e-06
blanchflow,1.7197241700009252e-06
jib,1.7197241700009252e-06
daedalus,1.7197241700009252e-06
pricesth,1.7197241700009252e-06
kjt,1.7197241700009252e-06
searl,1.7197241700009252e-06
mmt,1.7197241700009252e-06
mobi,1.7197241700009252e-06
fromt,1.7197241700009252e-06
uabl,1.7197241700009252e-06
bock,1.7197241700009252e-06
islam,1.7197241700009252e-06
homeland,1.7197241700009252e-06
pantheon,1.7197241700009252e-06
belowcost,1.7197241700009252e-06
qxp,1.7197241700009252e-06
derek,1.7197241700009252e-06
metrician,1.7197241700009252e-06
titrust,1.7197241700009252e-06
metroeconomica,1.7197241700009252e-06
aip,1.7197241700009252e-06
alai,1.7197241700009252e-06
localcurr,1.7197241700009252e-06
gabriel,1.7197241700009252e-06
loantovalu,1.7197241700009252e-06
ocd,1.7197241700009252e-06
largenumb,1.7197241700009252e-06
lowearn,1.7197241700009252e-06
plantlevel,1.7197241700009252e-06
stabilisa,1.7197241700009252e-06
tarist,1.7197241700009252e-06
harsher,1.7197241700009252e-06
aso,1.7197241700009252e-06
presentvalu,1.7197241700009252e-06
fiftynin,1.7197241700009252e-06
una,1.7197241700009252e-06
sweeney,1.7197241700009252e-06
vacan,1.7197241700009252e-06
cameroon,1.7197241700009252e-06
firmn,1.7197241700009252e-06
solac,1.7197241700009252e-06
firstround,1.7197241700009252e-06
sokoloff,1.7197241700009252e-06
haw,1.7197241700009252e-06
nds,1.7197241700009252e-06
oom,1.7197241700009252e-06
wlhere,1.7197241700009252e-06
tendanc,1.7197241700009252e-06
dane,1.7197241700009252e-06
fora,1.7197241700009252e-06
avant,1.7197241700009252e-06
mtn,1.7197241700009252e-06
novic,1.7197241700009252e-06
goric,1.7197241700009252e-06
cativ,1.7197241700009252e-06
midnight,1.7197241700009252e-06
vay,1.7197241700009252e-06
geografia,1.7197241700009252e-06
mellow,1.7197241700009252e-06
reinsur,1.7197241700009252e-06
memphi,1.7197241700009252e-06
tpt,1.7197241700009252e-06
insect,1.7197241700009252e-06
auburn,1.7197241700009252e-06
doublelogarithm,1.7197241700009252e-06
langelern,1.7197241700009252e-06
gad,1.7197241700009252e-06
roch,1.7197241700009252e-06
vancement,1.7197241700009252e-06
bancroft,1.7197241700009252e-06
bifurc,1.7197241700009252e-06
lup,1.7197241700009252e-06
adm,1.7197241700009252e-06
constantelast,1.7197241700009252e-06
caucasian,1.7197241700009252e-06
ceterisparibus,1.7197241700009252e-06
aqq,1.7197241700009252e-06
armenia,1.7197241700009252e-06
nin,1.7197241700009252e-06
nonviabl,1.7197241700009252e-06
cecil,1.7197241700009252e-06
inanc,1.7197241700009252e-06
sik,1.7197241700009252e-06
nonsoci,1.7197241700009252e-06
naomi,1.7197241700009252e-06
frastructur,1.7197241700009252e-06
rodney,1.7197241700009252e-06
equaliz,1.7197241700009252e-06
sting,1.7197241700009252e-06
economl,1.7197241700009252e-06
dessert,1.7197241700009252e-06
bled,1.7197241700009252e-06
fpp,1.7197241700009252e-06
puf,1.7197241700009252e-06
ccx,1.7197241700009252e-06
moun,1.7197241700009252e-06
ensembl,1.7197241700009252e-06
maliz,1.7197241700009252e-06
aborigin,1.7197241700009252e-06
cdt,1.7197241700009252e-06
crow,1.7197241700009252e-06
cumvent,1.7197241700009252e-06
extrap,1.7197241700009252e-06
tiser,1.7197241700009252e-06
productiona,1.7197241700009252e-06
xkt,1.7197241700009252e-06
lantic,1.7197241700009252e-06
charisma,1.7197241700009252e-06
alp,1.7197241700009252e-06
olat,1.7197241700009252e-06
paragon,1.7197241700009252e-06
suspi,1.7197241700009252e-06
ext,1.7197241700009252e-06
shiller,1.7197241700009252e-06
ehrlich,1.7197241700009252e-06
ths,1.7197241700009252e-06
topograph,1.7197241700009252e-06
allpurpos,1.7197241700009252e-06
gilli,1.7197241700009252e-06
bermuda,1.7197241700009252e-06
readership,1.7197241700009252e-06
immiser,1.7197241700009252e-06
culus,1.7197241700009252e-06
darbi,1.7197241700009252e-06
quasiequilibrium,1.7197241700009252e-06
mock,1.7197241700009252e-06
bpt,1.7197241700009252e-06
planck,1.7197241700009252e-06
eci,1.7197241700009252e-06
effluent,1.7197241700009252e-06
nto,1.7197241700009252e-06
buch,1.7197241700009252e-06
avoir,1.7197241700009252e-06
publ,1.7197241700009252e-06
cfi,1.7197241700009252e-06
fieldwork,1.7197241700009252e-06
bev,1.7197241700009252e-06
marti,1.7197241700009252e-06
vivor,1.7197241700009252e-06
dichot,1.7197241700009252e-06
hack,1.7197241700009252e-06
hanoch,1.7197241700009252e-06
cof,1.7197241700009252e-06
frequen,1.7197241700009252e-06
republica,1.7197241700009252e-06
borcherd,1.7197241700009252e-06
uousli,1.7197241700009252e-06
detent,1.7197241700009252e-06
cff,1.7197241700009252e-06
uch,1.7197241700009252e-06
monthend,1.7197241700009252e-06
pipo,1.7197241700009252e-06
kalachek,1.7197241700009252e-06
rivalr,1.7197241700009252e-06
dyna,1.7197241700009252e-06
ihr,1.7197241700009252e-06
norfolk,1.7197241700009252e-06
ult,1.7197241700009252e-06
dpk,1.7197241700009252e-06
theyr,1.7197241700009252e-06
unlev,1.7197241700009252e-06
chastic,1.7197241700009252e-06
fxt,1.7197241700009252e-06
acd,1.7197241700009252e-06
myr,1.7197241700009252e-06
tto,1.7197241700009252e-06
baton,1.7197241700009252e-06
kierzkowski,1.7197241700009252e-06
hyperin,1.7197241700009252e-06
vani,1.7197241700009252e-06
mystifi,1.7197241700009252e-06
gdr,1.7197241700009252e-06
multimarket,1.7197241700009252e-06
nicolson,1.7197241700009252e-06
roug,1.7197241700009252e-06
timeth,1.7197241700009252e-06
acheson,1.7197241700009252e-06
detud,1.7197241700009252e-06
hob,1.7197241700009252e-06
modelth,1.7197241700009252e-06
tang,1.7197241700009252e-06
soccer,1.7197241700009252e-06
difer,1.7197241700009252e-06
datacollect,1.7197241700009252e-06
delega,1.7197241700009252e-06
warwick,1.7197241700009252e-06
mst,1.7197241700009252e-06
rend,1.7197241700009252e-06
sane,1.7197241700009252e-06
rendu,1.7197241700009252e-06
clq,1.7197241700009252e-06
nepal,1.7197241700009252e-06
rmpr,1.7197241700009252e-06
lusiv,1.7197241700009252e-06
cst,1.7197241700009252e-06
kimbal,1.7197241700009252e-06
sommer,1.7197241700009252e-06
patricia,1.7197241700009252e-06
phoenix,1.7197241700009252e-06
maris,1.7197241700009252e-06
nobay,1.7197241700009252e-06
mairess,1.7197241700009252e-06
cetera,1.7197241700009252e-06
fray,1.7197241700009252e-06
tll,1.7197241700009252e-06
mnemon,1.7197241700009252e-06
wij,1.7197241700009252e-06
kni,1.7197241700009252e-06
typo,1.7197241700009252e-06
wageproduct,1.7197241700009252e-06
muchdiscuss,1.7197241700009252e-06
militia,1.7197241700009252e-06
nts,1.7197241700009252e-06
straction,1.7197241700009252e-06
withl,1.7197241700009252e-06
mcfarland,1.7197241700009252e-06
historiographi,1.7197241700009252e-06
implemen,1.7197241700009252e-06
maximumlikelihood,1.7197241700009252e-06
iqo,1.7197241700009252e-06
multidivision,1.7197241700009252e-06
rxi,1.7197241700009252e-06
sectorspecif,1.7197241700009252e-06
noti,1.7197241700009252e-06
parenthood,1.7197241700009252e-06
hertz,1.7197241700009252e-06
tanci,1.7197241700009252e-06
gilchrist,1.7197241700009252e-06
prere,1.7197241700009252e-06
overadjust,1.7197241700009252e-06
freud,1.7197241700009252e-06
topolog,1.7197241700009252e-06
selfcontrol,1.7197241700009252e-06
scarf,1.7197241700009252e-06
extrac,1.7197241700009252e-06
coventri,1.7197241700009252e-06
ncome,1.7197241700009252e-06
kala,1.7197241700009252e-06
grammar,1.7197241700009252e-06
rmse,1.7197241700009252e-06
viscer,1.7197241700009252e-06
nouvell,1.7197241700009252e-06
uip,1.7197241700009252e-06
reviezv,1.7197241700009252e-06
elo,1.7197241700009252e-06
dernburg,1.7197241700009252e-06
affilia,1.7197241700009252e-06
cbd,1.7197241700009252e-06
weiner,1.7197241700009252e-06
productionfunct,1.7197241700009252e-06
rli,1.7197241700009252e-06
wco,1.7197241700009252e-06
ratesth,1.7197241700009252e-06
polaris,1.7197241700009252e-06
yal,1.7197241700009252e-06
uij,1.7197241700009252e-06
attiyeh,1.7197241700009252e-06
ixa,1.7197241700009252e-06
yendollar,1.7197241700009252e-06
higherqu,1.7197241700009252e-06
asi,1.7197241700009252e-06
waterborn,1.7197241700009252e-06
cci,1.7197241700009252e-06
edin,1.7197241700009252e-06
cernibl,1.7197241700009252e-06
wlhen,1.7197241700009252e-06
admi,1.7197241700009252e-06
ixi,1.7197241700009252e-06
nonnat,1.7197241700009252e-06
trop,1.7197241700009252e-06
pher,1.7197241700009252e-06
beacon,1.7197241700009252e-06
erro,1.7197241700009252e-06
chiswick,1.7197241700009252e-06
nicat,1.7197241700009252e-06
oif,1.7197241700009252e-06
iyi,1.7197241700009252e-06
mba,1.7197241700009252e-06
encapsul,1.7197241700009252e-06
scotia,1.7197241700009252e-06
lifet,1.7197241700009252e-06
policv,1.7197241700009252e-06
gid,1.7197241700009252e-06
reo,1.7197241700009252e-06
garcia,1.7197241700009252e-06
numnber,1.7197241700009252e-06
idg,1.7197241700009252e-06
fiom,1.7197241700009252e-06
enrico,1.7197241700009252e-06
geopolit,1.7197241700009252e-06
nonhousehold,1.7197241700009252e-06
gradua,1.7197241700009252e-06
nci,1.7197241700009252e-06
ppb,1.7197241700009252e-06
superposit,1.7197241700009252e-06
cay,1.7197241700009252e-06
previs,1.7197241700009252e-06
collegi,1.7197241700009252e-06
slv,1.7197241700009252e-06
disjunct,1.7197241700009252e-06
microeco,1.7197241700009252e-06
categoris,1.7197241700009252e-06
guin,1.7197241700009252e-06
erent,1.7197241700009252e-06
punjab,1.7197241700009252e-06
trash,1.7197241700009252e-06
lambert,1.7197241700009252e-06
linz,1.7197241700009252e-06
tient,1.7197241700009252e-06
misin,1.7197241700009252e-06
studv,1.7197241700009252e-06
magn,1.7197241700009252e-06
ank,1.7197241700009252e-06
psychiatrist,1.7197241700009252e-06
analysisth,1.7197241700009252e-06
tolley,1.7197241700009252e-06
tni,1.7197241700009252e-06
ignat,1.7197241700009252e-06
outbound,1.7197241700009252e-06
moneydemand,1.7197241700009252e-06
pier,1.7197241700009252e-06
mare,1.7197241700009252e-06
weightedaverag,1.7197241700009252e-06
priceratio,1.7197241700009252e-06
sai,1.7197241700009252e-06
determini,1.7197241700009252e-06
singleperiod,1.7197241700009252e-06
axx,1.7197241700009252e-06
wellesley,1.7197241700009252e-06
bandwagon,1.7197241700009252e-06
forebear,1.7197241700009252e-06
tinat,1.7197241700009252e-06
deleeuw,1.7197241700009252e-06
lanka,1.7197241700009252e-06
mckee,1.7197241700009252e-06
liamson,1.7197241700009252e-06
mim,1.7197241700009252e-06
ooio,1.7197241700009252e-06
katherin,1.7197241700009252e-06
droz,1.7197241700009252e-06
hawley,1.7197241700009252e-06
babyboom,1.7197241700009252e-06
discriminat,1.7197241700009252e-06
joshua,1.7197241700009252e-06
sherwin,1.7197241700009252e-06
branko,1.7197241700009252e-06
jano,1.7197241700009252e-06
imprimeri,1.7197241700009252e-06
jureen,1.7197241700009252e-06
skate,1.7197241700009252e-06
isfactori,1.7197241700009252e-06
ttk,1.7197241700009252e-06
yik,1.7197241700009252e-06
wes,1.7197241700009252e-06
manip,1.7197241700009252e-06
refil,1.7197241700009252e-06
subj,1.7197241700009252e-06
socialwelfar,1.7197241700009252e-06
problemth,1.7197241700009252e-06
cup,1.7197241700009252e-06
dixit,1.7197241700009252e-06
terdepend,1.7197241700009252e-06
mohsin,1.7197241700009252e-06
restart,1.7197241700009252e-06
ild,1.7197241700009252e-06
necessar,1.7197241700009252e-06
nephew,1.7197241700009252e-06
vmt,1.7197241700009252e-06
immediaci,1.7197241700009252e-06
ereign,1.7197241700009252e-06
iversen,1.7197241700009252e-06
vore,1.7197241700009252e-06
pervis,1.7197241700009252e-06
neumannmorgenstern,1.7197241700009252e-06
lengthier,1.7197241700009252e-06
caviti,1.7197241700009252e-06
ocq,1.7197241700009252e-06
sunshin,1.7197241700009252e-06
ductibl,1.7197241700009252e-06
burt,1.7197241700009252e-06
statebyst,1.7197241700009252e-06
sar,1.7197241700009252e-06
fluent,1.7197241700009252e-06
tair,1.7197241700009252e-06
realtor,1.7197241700009252e-06
weve,1.7197241700009252e-06
stateoftheart,1.7197241700009252e-06
granger,1.7197241700009252e-06
centro,1.7197241700009252e-06
aax,1.7197241700009252e-06
slovenia,1.7197241700009252e-06
loci,1.7197241700009252e-06
lawn,1.7197241700009252e-06
rateth,1.7197241700009252e-06
prometheus,1.7197241700009252e-06
dlm,1.7197241700009252e-06
wher,1.7197241700009252e-06
progressiv,1.7197241700009252e-06
baggag,1.7197241700009252e-06
llo,1.7197241700009252e-06
allel,1.7197241700009252e-06
chong,1.7197241700009252e-06
cyo,1.7197241700009252e-06
yoram,1.7197241700009252e-06
miron,1.7197241700009252e-06
dayton,1.7197241700009252e-06
gog,1.7197241700009252e-06
surinam,1.7197241700009252e-06
drunk,1.7197241700009252e-06
seep,1.7197241700009252e-06
temp,1.7197241700009252e-06
lessthan,1.7197241700009252e-06
epistem,1.7197241700009252e-06
leiden,1.7197241700009252e-06
kennan,1.7197241700009252e-06
imiz,1.7197241700009252e-06
boldfac,1.7197241700009252e-06
ary,1.7197241700009252e-06
yay,1.7197241700009252e-06
cix,1.7197241700009252e-06
budgetbalanc,1.7197241700009252e-06
westview,1.7197241700009252e-06
edp,1.7197241700009252e-06
fatten,1.7197241700009252e-06
roundtabl,1.7197241700009252e-06
factorsav,1.7197241700009252e-06
coa,1.7197241700009252e-06
crt,1.7197241700009252e-06
sewerag,1.7197241700009252e-06
sheriff,1.7197241700009252e-06
accelerationist,1.7197241700009252e-06
selfless,1.7197241700009252e-06
youngster,1.7197241700009252e-06
substituta,1.7197241700009252e-06
bisect,1.7197241700009252e-06
transposit,1.7197241700009252e-06
pqn,1.7197241700009252e-06
nonadjust,1.7197241700009252e-06
ductori,1.7197241700009252e-06
vidualist,1.7197241700009252e-06
oldstyl,1.7197241700009252e-06
lowgrowth,1.7197241700009252e-06
landri,1.7197241700009252e-06
dxp,1.3757793360007401e-06
fiur,1.3757793360007401e-06
hoo,1.3757793360007401e-06
economyand,1.3757793360007401e-06
talize,1.3757793360007401e-06
foral,1.3757793360007401e-06
jacquemin,1.3757793360007401e-06
raff,1.3757793360007401e-06
sectorj,1.3757793360007401e-06
nearzero,1.3757793360007401e-06
vij,1.3757793360007401e-06
insol,1.3757793360007401e-06
feminin,1.3757793360007401e-06
xdt,1.3757793360007401e-06
pristin,1.3757793360007401e-06
sawtooth,1.3757793360007401e-06
overrepres,1.3757793360007401e-06
nnn,1.3757793360007401e-06
usjapan,1.3757793360007401e-06
amnerican,1.3757793360007401e-06
lfor,1.3757793360007401e-06
xpm,1.3757793360007401e-06
jou,1.3757793360007401e-06
minimiz,1.3757793360007401e-06
janapr,1.3757793360007401e-06
dac,1.3757793360007401e-06
bim,1.3757793360007401e-06
nighttim,1.3757793360007401e-06
wig,1.3757793360007401e-06
oracl,1.3757793360007401e-06
classen,1.3757793360007401e-06
landlabor,1.3757793360007401e-06
itera,1.3757793360007401e-06
toi,1.3757793360007401e-06
exz,1.3757793360007401e-06
tqt,1.3757793360007401e-06
hartmann,1.3757793360007401e-06
wellord,1.3757793360007401e-06
krishna,1.3757793360007401e-06
misbehav,1.3757793360007401e-06
schroeder,1.3757793360007401e-06
emigra,1.3757793360007401e-06
dtdt,1.3757793360007401e-06
pcs,1.3757793360007401e-06
intertem,1.3757793360007401e-06
isin,1.3757793360007401e-06
xyz,1.3757793360007401e-06
bih,1.3757793360007401e-06
ofk,1.3757793360007401e-06
zerosum,1.3757793360007401e-06
ttp,1.3757793360007401e-06
dai,1.3757793360007401e-06
apostol,1.3757793360007401e-06
noxious,1.3757793360007401e-06
clan,1.3757793360007401e-06
cush,1.3757793360007401e-06
subcas,1.3757793360007401e-06
greenhut,1.3757793360007401e-06
dmdt,1.3757793360007401e-06
aforemen,1.3757793360007401e-06
ewe,1.3757793360007401e-06
conser,1.3757793360007401e-06
yap,1.3757793360007401e-06
hershey,1.3757793360007401e-06
aro,1.3757793360007401e-06
bun,1.3757793360007401e-06
node,1.3757793360007401e-06
bilbao,1.3757793360007401e-06
oca,1.3757793360007401e-06
ziz,1.3757793360007401e-06
sip,1.3757793360007401e-06
surabl,1.3757793360007401e-06
sulla,1.3757793360007401e-06
forceabl,1.3757793360007401e-06
thicket,1.3757793360007401e-06
fractur,1.3757793360007401e-06
poisson,1.3757793360007401e-06
wrn,1.3757793360007401e-06
inaccu,1.3757793360007401e-06
asti,1.3757793360007401e-06
tinuum,1.3757793360007401e-06
abler,1.3757793360007401e-06
illyria,1.3757793360007401e-06
tradeth,1.3757793360007401e-06
kalt,1.3757793360007401e-06
nonmon,1.3757793360007401e-06
pest,1.3757793360007401e-06
etet,1.3757793360007401e-06
marquett,1.3757793360007401e-06
lshape,1.3757793360007401e-06
vow,1.3757793360007401e-06
bbc,1.3757793360007401e-06
duc,1.3757793360007401e-06
cip,1.3757793360007401e-06
brl,1.3757793360007401e-06
convolut,1.3757793360007401e-06
corridor,1.3757793360007401e-06
fanni,1.3757793360007401e-06
incum,1.3757793360007401e-06
pvn,1.3757793360007401e-06
tpp,1.3757793360007401e-06
epc,1.3757793360007401e-06
gri,1.3757793360007401e-06
hain,1.3757793360007401e-06
danalys,1.3757793360007401e-06
reforma,1.3757793360007401e-06
crisp,1.3757793360007401e-06
energyintens,1.3757793360007401e-06
paperwork,1.3757793360007401e-06
schmitt,1.3757793360007401e-06
rrj,1.3757793360007401e-06
imiti,1.3757793360007401e-06
elu,1.3757793360007401e-06
tco,1.3757793360007401e-06
naughton,1.3757793360007401e-06
revenueneutr,1.3757793360007401e-06
cooki,1.3757793360007401e-06
wallet,1.3757793360007401e-06
orgin,1.3757793360007401e-06
californian,1.3757793360007401e-06
mpm,1.3757793360007401e-06
hollywood,1.3757793360007401e-06
smug,1.3757793360007401e-06
dka,1.3757793360007401e-06
pejor,1.3757793360007401e-06
dipak,1.3757793360007401e-06
fcr,1.3757793360007401e-06
borda,1.3757793360007401e-06
ceutic,1.3757793360007401e-06
cunha,1.3757793360007401e-06
pratiqu,1.3757793360007401e-06
sno,1.3757793360007401e-06
stackelberg,1.3757793360007401e-06
paa,1.3757793360007401e-06
laborsurplus,1.3757793360007401e-06
cig,1.3757793360007401e-06
jli,1.3757793360007401e-06
mundellflem,1.3757793360007401e-06
wkt,1.3757793360007401e-06
ura,1.3757793360007401e-06
xwe,1.3757793360007401e-06
marshalllern,1.3757793360007401e-06
wagerent,1.3757793360007401e-06
unambig,1.3757793360007401e-06
dpu,1.3757793360007401e-06
ciga,1.3757793360007401e-06
icat,1.3757793360007401e-06
westerfield,1.3757793360007401e-06
welldetermin,1.3757793360007401e-06
cita,1.3757793360007401e-06
otl,1.3757793360007401e-06
showcas,1.3757793360007401e-06
sdi,1.3757793360007401e-06
fsi,1.3757793360007401e-06
aitchison,1.3757793360007401e-06
blb,1.3757793360007401e-06
freshman,1.3757793360007401e-06
yearlong,1.3757793360007401e-06
mander,1.3757793360007401e-06
osmosi,1.3757793360007401e-06
autocorrela,1.3757793360007401e-06
pharma,1.3757793360007401e-06
secondstag,1.3757793360007401e-06
trix,1.3757793360007401e-06
denser,1.3757793360007401e-06
paki,1.3757793360007401e-06
sdp,1.3757793360007401e-06
fom,1.3757793360007401e-06
likemind,1.3757793360007401e-06
skillintens,1.3757793360007401e-06
alw,1.3757793360007401e-06
erick,1.3757793360007401e-06
endpoint,1.3757793360007401e-06
womb,1.3757793360007401e-06
saxon,1.3757793360007401e-06
paroush,1.3757793360007401e-06
gdps,1.3757793360007401e-06
idiosyncraci,1.3757793360007401e-06
unhedg,1.3757793360007401e-06
kinder,1.3757793360007401e-06
jii,1.3757793360007401e-06
thleori,1.3757793360007401e-06
comma,1.3757793360007401e-06
lxxxvi,1.3757793360007401e-06
lauren,1.3757793360007401e-06
joiner,1.3757793360007401e-06
checkabl,1.3757793360007401e-06
ped,1.3757793360007401e-06
indoor,1.3757793360007401e-06
ventil,1.3757793360007401e-06
aol,1.3757793360007401e-06
misclassifi,1.3757793360007401e-06
belowmarket,1.3757793360007401e-06
posur,1.3757793360007401e-06
jurgen,1.3757793360007401e-06
rco,1.3757793360007401e-06
ciy,1.3757793360007401e-06
retire,1.3757793360007401e-06
capitalinten,1.3757793360007401e-06
ofl,1.3757793360007401e-06
devereux,1.3757793360007401e-06
turnbul,1.3757793360007401e-06
bhm,1.3757793360007401e-06
wtr,1.3757793360007401e-06
censor,1.3757793360007401e-06
vba,1.3757793360007401e-06
nondecreas,1.3757793360007401e-06
glover,1.3757793360007401e-06
pisi,1.3757793360007401e-06
thurston,1.3757793360007401e-06
dinal,1.3757793360007401e-06
multivalu,1.3757793360007401e-06
barlow,1.3757793360007401e-06
qoi,1.3757793360007401e-06
vacuous,1.3757793360007401e-06
bib,1.3757793360007401e-06
pablo,1.3757793360007401e-06
strati,1.3757793360007401e-06
idenc,1.3757793360007401e-06
doug,1.3757793360007401e-06
nonrevers,1.3757793360007401e-06
refor,1.3757793360007401e-06
anneal,1.3757793360007401e-06
ineleg,1.3757793360007401e-06
misspecifi,1.3757793360007401e-06
gupta,1.3757793360007401e-06
paliti,1.3757793360007401e-06
judd,1.3757793360007401e-06
nonconst,1.3757793360007401e-06
constantin,1.3757793360007401e-06
shs,1.3757793360007401e-06
nential,1.3757793360007401e-06
nior,1.3757793360007401e-06
doll,1.3757793360007401e-06
sll,1.3757793360007401e-06
eariti,1.3757793360007401e-06
noncompeti,1.3757793360007401e-06
undon,1.3757793360007401e-06
backwardlook,1.3757793360007401e-06
industria,1.3757793360007401e-06
etx,1.3757793360007401e-06
logx,1.3757793360007401e-06
garbl,1.3757793360007401e-06
warrior,1.3757793360007401e-06
tpj,1.3757793360007401e-06
uneas,1.3757793360007401e-06
fernandez,1.3757793360007401e-06
aik,1.3757793360007401e-06
sss,1.3757793360007401e-06
pxb,1.3757793360007401e-06
kia,1.3757793360007401e-06
jenni,1.3757793360007401e-06
ancd,1.3757793360007401e-06
laurent,1.3757793360007401e-06
bmt,1.3757793360007401e-06
ooa,1.3757793360007401e-06
twolevel,1.3757793360007401e-06
pmax,1.3757793360007401e-06
adem,1.3757793360007401e-06
vjk,1.3757793360007401e-06
geogra,1.3757793360007401e-06
mht,1.3757793360007401e-06
dtr,1.3757793360007401e-06
concentrationprofit,1.3757793360007401e-06
canadianus,1.3757793360007401e-06
prt,1.3757793360007401e-06
menlo,1.3757793360007401e-06
plaza,1.3757793360007401e-06
fanat,1.3757793360007401e-06
ddj,1.3757793360007401e-06
anita,1.3757793360007401e-06
tooth,1.3757793360007401e-06
vouch,1.3757793360007401e-06
nonsampl,1.3757793360007401e-06
pler,1.3757793360007401e-06
noncollus,1.3757793360007401e-06
phar,1.3757793360007401e-06
kas,1.3757793360007401e-06
quintessenti,1.3757793360007401e-06
ool,1.3757793360007401e-06
driscol,1.3757793360007401e-06
panci,1.3757793360007401e-06
lihood,1.3757793360007401e-06
youll,1.3757793360007401e-06
extem,1.3757793360007401e-06
eni,1.3757793360007401e-06
yyt,1.3757793360007401e-06
unkind,1.3757793360007401e-06
centraal,1.3757793360007401e-06
abramson,1.3757793360007401e-06
icon,1.3757793360007401e-06
urnal,1.3757793360007401e-06
patrol,1.3757793360007401e-06
penetra,1.3757793360007401e-06
iyt,1.3757793360007401e-06
fst,1.3757793360007401e-06
dae,1.3757793360007401e-06
restau,1.3757793360007401e-06
dmm,1.3757793360007401e-06
dms,1.3757793360007401e-06
recuper,1.3757793360007401e-06
arteri,1.3757793360007401e-06
utor,1.3757793360007401e-06
fraumeni,1.3757793360007401e-06
onesector,1.3757793360007401e-06
yam,1.3757793360007401e-06
nas,1.3757793360007401e-06
constantreturnstoscal,1.3757793360007401e-06
pmn,1.3757793360007401e-06
betterinform,1.3757793360007401e-06
milbank,1.3757793360007401e-06
coalfir,1.3757793360007401e-06
nonmetropolitan,1.3757793360007401e-06
tihi,1.3757793360007401e-06
halpern,1.3757793360007401e-06
counterexampl,1.3757793360007401e-06
bitrarili,1.3757793360007401e-06
rett,1.3757793360007401e-06
champagn,1.3757793360007401e-06
overconsumpt,1.3757793360007401e-06
sdo,1.3757793360007401e-06
downwardbias,1.3757793360007401e-06
cing,1.3757793360007401e-06
poran,1.3757793360007401e-06
toprank,1.3757793360007401e-06
lacroix,1.3757793360007401e-06
miy,1.3757793360007401e-06
faut,1.3757793360007401e-06
nondemocrat,1.3757793360007401e-06
soit,1.3757793360007401e-06
hab,1.3757793360007401e-06
modela,1.3757793360007401e-06
birnbaum,1.3757793360007401e-06
sophistica,1.3757793360007401e-06
poach,1.3757793360007401e-06
arbitrageur,1.3757793360007401e-06
thirdord,1.3757793360007401e-06
ajk,1.3757793360007401e-06
coland,1.3757793360007401e-06
intui,1.3757793360007401e-06
nce,1.3757793360007401e-06
aza,1.3757793360007401e-06
txa,1.3757793360007401e-06
daf,1.3757793360007401e-06
toni,1.3757793360007401e-06
timei,1.3757793360007401e-06
inz,1.3757793360007401e-06
yci,1.3757793360007401e-06
feenstra,1.3757793360007401e-06
cuniari,1.3757793360007401e-06
randmcnal,1.3757793360007401e-06
harrington,1.3757793360007401e-06
profi,1.3757793360007401e-06
theni,1.3757793360007401e-06
malden,1.3757793360007401e-06
wili,1.3757793360007401e-06
idiot,1.3757793360007401e-06
mvi,1.3757793360007401e-06
hua,1.3757793360007401e-06
dap,1.3757793360007401e-06
unilat,1.3757793360007401e-06
premultipli,1.3757793360007401e-06
jot,1.3757793360007401e-06
rader,1.3757793360007401e-06
brun,1.3757793360007401e-06
eldest,1.3757793360007401e-06
fluenci,1.3757793360007401e-06
tsk,1.3757793360007401e-06
quelqu,1.3757793360007401e-06
wooldridg,1.3757793360007401e-06
neiti,1.3757793360007401e-06
migratori,1.3757793360007401e-06
mpt,1.3757793360007401e-06
nonaffili,1.3757793360007401e-06
infi,1.3757793360007401e-06
landgrant,1.3757793360007401e-06
keynesiantyp,1.3757793360007401e-06
elong,1.3757793360007401e-06
bologna,1.3757793360007401e-06
ciu,1.3757793360007401e-06
inhospit,1.3757793360007401e-06
consumptiona,1.3757793360007401e-06
piqi,1.3757793360007401e-06
atempor,1.3757793360007401e-06
welfaremaxim,1.3757793360007401e-06
hendrick,1.3757793360007401e-06
fjt,1.3757793360007401e-06
waterman,1.3757793360007401e-06
carpentri,1.3757793360007401e-06
theoiy,1.3757793360007401e-06
exec,1.3757793360007401e-06
nonsalari,1.3757793360007401e-06
ferri,1.3757793360007401e-06
pag,1.3757793360007401e-06
fap,1.3757793360007401e-06
rigidi,1.3757793360007401e-06
donna,1.3757793360007401e-06
versif,1.3757793360007401e-06
bkt,1.3757793360007401e-06
nunmber,1.3757793360007401e-06
bjk,1.3757793360007401e-06
autoregr,1.3757793360007401e-06
stocha,1.3757793360007401e-06
tint,1.3757793360007401e-06
blaisdel,1.3757793360007401e-06
orien,1.3757793360007401e-06
rit,1.3757793360007401e-06
oneweek,1.3757793360007401e-06
iqi,1.3757793360007401e-06
averi,1.3757793360007401e-06
otal,1.3757793360007401e-06
tme,1.3757793360007401e-06
psych,1.3757793360007401e-06
doa,1.3757793360007401e-06
srt,1.3757793360007401e-06
universidad,1.3757793360007401e-06
marketbas,1.3757793360007401e-06
llb,1.3757793360007401e-06
subsaharan,1.3757793360007401e-06
dydi,1.3757793360007401e-06
underproduc,1.3757793360007401e-06
enl,1.3757793360007401e-06
siev,1.3757793360007401e-06
unidimension,1.3757793360007401e-06
louder,1.3757793360007401e-06
reaucraci,1.3757793360007401e-06
hartman,1.3757793360007401e-06
acerb,1.3757793360007401e-06
tlheori,1.3757793360007401e-06
dui,1.3757793360007401e-06
mvt,1.3757793360007401e-06
eda,1.3757793360007401e-06
vst,1.3757793360007401e-06
fof,1.3757793360007401e-06
pil,1.3757793360007401e-06
mne,1.3757793360007401e-06
labl,1.3757793360007401e-06
mispric,1.3757793360007401e-06
rmi,1.3757793360007401e-06
rpl,1.3757793360007401e-06
terpol,1.3757793360007401e-06
intraclass,1.3757793360007401e-06
undershoot,1.3757793360007401e-06
highearn,1.3757793360007401e-06
oxen,1.3757793360007401e-06
ditalia,1.3757793360007401e-06
extracurricular,1.3757793360007401e-06
edl,1.3757793360007401e-06
canzoneri,1.3757793360007401e-06
tyde,1.3757793360007401e-06
statea,1.3757793360007401e-06
clt,1.3757793360007401e-06
cmp,1.3757793360007401e-06
sso,1.3757793360007401e-06
djk,1.3757793360007401e-06
incometh,1.3757793360007401e-06
reh,1.3757793360007401e-06
dentistri,1.3757793360007401e-06
ubi,1.3757793360007401e-06
urn,1.3757793360007401e-06
rutherford,1.3757793360007401e-06
eon,1.3757793360007401e-06
pindyck,1.3757793360007401e-06
upperclass,1.3757793360007401e-06
nonconstruct,1.3757793360007401e-06
mni,1.3757793360007401e-06
nag,1.3757793360007401e-06
volvement,1.3757793360007401e-06
capabili,1.3757793360007401e-06
alimoni,1.3757793360007401e-06
increasingreturn,1.3757793360007401e-06
roi,1.3757793360007401e-06
itv,1.3757793360007401e-06
quon,1.3757793360007401e-06
dissi,1.3757793360007401e-06
rik,1.3757793360007401e-06
dana,1.3757793360007401e-06
selfassess,1.3757793360007401e-06
onehundredth,1.3757793360007401e-06
shan,1.3757793360007401e-06
sfa,1.3757793360007401e-06
rrl,1.3757793360007401e-06
developp,1.3757793360007401e-06
overthecount,1.3757793360007401e-06
psycholo,1.3757793360007401e-06
autr,1.3757793360007401e-06
fewest,1.3757793360007401e-06
edelman,1.3757793360007401e-06
wpr,1.3757793360007401e-06
refit,1.3757793360007401e-06
bolic,1.3757793360007401e-06
ylt,1.3757793360007401e-06
macavoy,1.3757793360007401e-06
variabil,1.3757793360007401e-06
eastward,1.3757793360007401e-06
waiter,1.3757793360007401e-06
beggarthyneighbor,1.3757793360007401e-06
ete,1.3757793360007401e-06
universita,1.3757793360007401e-06
statistica,1.3757793360007401e-06
reel,1.3757793360007401e-06
oneth,1.3757793360007401e-06
giveni,1.3757793360007401e-06
colloquium,1.3757793360007401e-06
comparabil,1.3757793360007401e-06
mieux,1.3757793360007401e-06
quil,1.3757793360007401e-06
upris,1.3757793360007401e-06
hauser,1.3757793360007401e-06
vjj,1.3757793360007401e-06
crossnat,1.3757793360007401e-06
jos,1.3757793360007401e-06
coq,1.3757793360007401e-06
consumptioninvest,1.3757793360007401e-06
waud,1.3757793360007401e-06
pabil,1.3757793360007401e-06
baba,1.3757793360007401e-06
cxi,1.3757793360007401e-06
harwood,1.3757793360007401e-06
ibi,1.3757793360007401e-06
airway,1.3757793360007401e-06
unam,1.3757793360007401e-06
tariffinclus,1.3757793360007401e-06
tutabl,1.3757793360007401e-06
jer,1.3757793360007401e-06
fixedproport,1.3757793360007401e-06
dite,1.3757793360007401e-06
xthe,1.3757793360007401e-06
awt,1.3757793360007401e-06
vibrant,1.3757793360007401e-06
thicker,1.3757793360007401e-06
tuesday,1.3757793360007401e-06
owl,1.3757793360007401e-06
mel,1.3757793360007401e-06
ayo,1.3757793360007401e-06
ottoman,1.3757793360007401e-06
awi,1.3757793360007401e-06
bele,1.3757793360007401e-06
asl,1.3757793360007401e-06
winsten,1.3757793360007401e-06
sociol,1.3757793360007401e-06
backstop,1.3757793360007401e-06
savant,1.3757793360007401e-06
ramaswami,1.3757793360007401e-06
pfs,1.3757793360007401e-06
yyi,1.3757793360007401e-06
lamont,1.3757793360007401e-06
elia,1.3757793360007401e-06
mnodel,1.3757793360007401e-06
lant,1.3757793360007401e-06
flip,1.3757793360007401e-06
overlay,1.3757793360007401e-06
avia,1.3757793360007401e-06
duncker,1.3757793360007401e-06
childbirth,1.3757793360007401e-06
mccallum,1.3757793360007401e-06
sinha,1.3757793360007401e-06
pix,1.3757793360007401e-06
joumal,1.3757793360007401e-06
overoptim,1.3757793360007401e-06
skepti,1.3757793360007401e-06
multiperiod,1.3757793360007401e-06
disobedi,1.3757793360007401e-06
kaa,1.3757793360007401e-06
rivat,1.3757793360007401e-06
lessthanful,1.3757793360007401e-06
elsevi,1.3757793360007401e-06
estinm,1.3757793360007401e-06
iui,1.3757793360007401e-06
bxi,1.3757793360007401e-06
periodo,1.3757793360007401e-06
pencavel,1.3757793360007401e-06
allai,1.3757793360007401e-06
unstructur,1.3757793360007401e-06
jare,1.3757793360007401e-06
dewald,1.3757793360007401e-06
debtdefl,1.3757793360007401e-06
ccd,1.3757793360007401e-06
venkatesh,1.3757793360007401e-06
slater,1.3757793360007401e-06
thu,1.3757793360007401e-06
iam,1.3757793360007401e-06
counterpropos,1.3757793360007401e-06
voy,1.3757793360007401e-06
phaseout,1.3757793360007401e-06
trd,1.3757793360007401e-06
lowervalu,1.3757793360007401e-06
counterpoint,1.3757793360007401e-06
neri,1.3757793360007401e-06
nonlabour,1.3757793360007401e-06
sourcebook,1.3757793360007401e-06
nur,1.3757793360007401e-06
costli,1.3757793360007401e-06
hostag,1.3757793360007401e-06
iip,1.3757793360007401e-06
supplv,1.3757793360007401e-06
gollop,1.3757793360007401e-06
triplett,1.3757793360007401e-06
monplac,1.3757793360007401e-06
arlington,1.3757793360007401e-06
angular,1.3757793360007401e-06
timesav,1.3757793360007401e-06
passport,1.3757793360007401e-06
disaggrega,1.3757793360007401e-06
rebas,1.3757793360007401e-06
ynt,1.3757793360007401e-06
probabil,1.3757793360007401e-06
iwi,1.3757793360007401e-06
diss,1.3757793360007401e-06
mii,1.3757793360007401e-06
nonexempt,1.3757793360007401e-06
subtler,1.3757793360007401e-06
pno,1.3757793360007401e-06
neari,1.3757793360007401e-06
iill,1.3757793360007401e-06
puz,1.3757793360007401e-06
indepth,1.3757793360007401e-06
iro,1.3757793360007401e-06
drt,1.3757793360007401e-06
workhors,1.3757793360007401e-06
bds,1.3757793360007401e-06
qlq,1.3757793360007401e-06
azt,1.3757793360007401e-06
kao,1.3757793360007401e-06
footag,1.3757793360007401e-06
minerva,1.3757793360007401e-06
haifa,1.3757793360007401e-06
bicamer,1.3757793360007401e-06
moroney,1.3757793360007401e-06
cla,1.3757793360007401e-06
pricesensit,1.3757793360007401e-06
stuidi,1.3757793360007401e-06
greg,1.3757793360007401e-06
aai,1.3757793360007401e-06
comeback,1.3757793360007401e-06
whos,1.3757793360007401e-06
kumar,1.3757793360007401e-06
inflationunemploy,1.3757793360007401e-06
atnd,1.3757793360007401e-06
flore,1.3757793360007401e-06
chevali,1.3757793360007401e-06
ifn,1.3757793360007401e-06
apo,1.3757793360007401e-06
valuesa,1.3757793360007401e-06
xtx,1.3757793360007401e-06
dij,1.3757793360007401e-06
vulnera,1.3757793360007401e-06
agglomera,1.3757793360007401e-06
malici,1.3757793360007401e-06
paradigmat,1.3757793360007401e-06
recapit,1.3757793360007401e-06
hered,1.3757793360007401e-06
sos,1.3757793360007401e-06
wae,1.3757793360007401e-06
fiv,1.3757793360007401e-06
metcalf,1.3757793360007401e-06
welleduc,1.3757793360007401e-06
steckel,1.3757793360007401e-06
oit,1.3757793360007401e-06
colston,1.3757793360007401e-06
aoo,1.3757793360007401e-06
iqt,1.3757793360007401e-06
abili,1.3757793360007401e-06
setasid,1.3757793360007401e-06
ranch,1.3757793360007401e-06
handout,1.3757793360007401e-06
fco,1.3757793360007401e-06
pricesett,1.3757793360007401e-06
wol,1.3757793360007401e-06
vel,1.3757793360007401e-06
exac,1.3757793360007401e-06
halifax,1.3757793360007401e-06
designa,1.3757793360007401e-06
aab,1.3757793360007401e-06
roderick,1.3757793360007401e-06
costsa,1.3757793360007401e-06
avner,1.3757793360007401e-06
aronson,1.3757793360007401e-06
debthold,1.3757793360007401e-06
corrup,1.3757793360007401e-06
dpx,1.3757793360007401e-06
probationari,1.3757793360007401e-06
ngood,1.3757793360007401e-06
rpt,1.3757793360007401e-06
laboraug,1.3757793360007401e-06
dcp,1.3757793360007401e-06
dani,1.3757793360007401e-06
bgt,1.3757793360007401e-06
laird,1.3757793360007401e-06
oddnumb,1.3757793360007401e-06
xmt,1.3757793360007401e-06
renumb,1.3757793360007401e-06
disincen,1.3757793360007401e-06
mut,1.3757793360007401e-06
nienc,1.3757793360007401e-06
toothpast,1.3757793360007401e-06
singleperson,1.3757793360007401e-06
jessica,1.3757793360007401e-06
determnin,1.3757793360007401e-06
logt,1.3757793360007401e-06
sonia,1.3757793360007401e-06
qap,1.3757793360007401e-06
thei,1.3757793360007401e-06
zin,1.3757793360007401e-06
maga,1.3757793360007401e-06
rar,1.3757793360007401e-06
jagannathan,1.3757793360007401e-06
interquartil,1.3757793360007401e-06
bii,1.3757793360007401e-06
temporan,1.3757793360007401e-06
wer,1.3757793360007401e-06
ishment,1.3757793360007401e-06
twoinput,1.3757793360007401e-06
klt,1.3757793360007401e-06
matt,1.3757793360007401e-06
rlt,1.3757793360007401e-06
pmm,1.3757793360007401e-06
emu,1.3757793360007401e-06
mainlin,1.3757793360007401e-06
mij,1.3757793360007401e-06
carnegierochest,1.3757793360007401e-06
roadblock,1.3757793360007401e-06
tht,1.3757793360007401e-06
zil,1.3757793360007401e-06
unaf,1.3757793360007401e-06
courtney,1.3757793360007401e-06
mna,1.3757793360007401e-06
stereo,1.3757793360007401e-06
proflig,1.3757793360007401e-06
muriel,1.3757793360007401e-06
precrisi,1.3757793360007401e-06
skt,1.3757793360007401e-06
repuls,1.3757793360007401e-06
mortim,1.3757793360007401e-06
torsten,1.3757793360007401e-06
postreform,1.3757793360007401e-06
marketvalu,1.3757793360007401e-06
newel,1.3757793360007401e-06
atj,1.3757793360007401e-06
duma,1.3757793360007401e-06
higherlevel,1.3757793360007401e-06
bloomberg,1.3757793360007401e-06
urr,1.3757793360007401e-06
shleifer,1.3757793360007401e-06
nonblack,1.3757793360007401e-06
persson,1.3757793360007401e-06
dutton,1.3757793360007401e-06
decomposi,1.3757793360007401e-06
decom,1.3757793360007401e-06
oyt,1.3757793360007401e-06
stig,1.3757793360007401e-06
festiv,1.3757793360007401e-06
fourthquart,1.3757793360007401e-06
extrins,1.3757793360007401e-06
yao,1.3757793360007401e-06
estonia,1.3757793360007401e-06
mathematischen,1.3757793360007401e-06
yjj,1.3757793360007401e-06
xxm,1.3757793360007401e-06
shea,1.3757793360007401e-06
merced,1.3757793360007401e-06
miln,1.3757793360007401e-06
bestfit,1.3757793360007401e-06
claud,1.3757793360007401e-06
herzog,1.3757793360007401e-06
bll,1.3757793360007401e-06
ppc,1.3757793360007401e-06
unregu,1.3757793360007401e-06
profitmaximiz,1.3757793360007401e-06
ifa,1.3757793360007401e-06
childbear,1.3757793360007401e-06
newyork,1.3757793360007401e-06
interestth,1.3757793360007401e-06
lucien,1.3757793360007401e-06
lafayett,1.3757793360007401e-06
haz,1.3757793360007401e-06
holdout,1.3757793360007401e-06
inabil,1.3757793360007401e-06
riskavoid,1.3757793360007401e-06
qfr,1.3757793360007401e-06
byj,1.3757793360007401e-06
unimod,1.3757793360007401e-06
sitori,1.3757793360007401e-06
zling,1.3757793360007401e-06
efc,1.3757793360007401e-06
ddp,1.3757793360007401e-06
conjug,1.3757793360007401e-06
karin,1.3757793360007401e-06
curricula,1.3757793360007401e-06
fernando,1.3757793360007401e-06
pike,1.3757793360007401e-06
clifton,1.3757793360007401e-06
freddi,1.3757793360007401e-06
traumat,1.3757793360007401e-06
ement,1.3757793360007401e-06
aoc,1.3757793360007401e-06
andra,1.3757793360007401e-06
estudio,1.3757793360007401e-06
ivd,1.3757793360007401e-06
jones,1.3757793360007401e-06
marjori,1.3757793360007401e-06
decreasingcost,1.3757793360007401e-06
hightech,1.3757793360007401e-06
pecu,1.3757793360007401e-06
unregist,1.3757793360007401e-06
qpi,1.3757793360007401e-06
knoxvill,1.3757793360007401e-06
microanalysi,1.3757793360007401e-06
gillian,1.3757793360007401e-06
mart,1.3757793360007401e-06
clv,1.3757793360007401e-06
agglom,1.3757793360007401e-06
localis,1.3757793360007401e-06
nap,1.3757793360007401e-06
clus,1.3757793360007401e-06
lati,1.3757793360007401e-06
laci,1.3757793360007401e-06
nicer,1.3757793360007401e-06
eta,1.3757793360007401e-06
aga,1.3757793360007401e-06
stanislaw,1.3757793360007401e-06
cilit,1.3757793360007401e-06
mcgill,1.3757793360007401e-06
paolo,1.3757793360007401e-06
jakob,1.3757793360007401e-06
connolli,1.3757793360007401e-06
tao,1.3757793360007401e-06
nostic,1.3757793360007401e-06
icb,1.3757793360007401e-06
aut,1.3757793360007401e-06
overreport,1.3757793360007401e-06
incompati,1.3757793360007401e-06
mcclelland,1.3757793360007401e-06
dobel,1.3757793360007401e-06
pyatt,1.3757793360007401e-06
produ,1.3757793360007401e-06
coca,1.3757793360007401e-06
tpf,1.3757793360007401e-06
slovak,1.3757793360007401e-06
dove,1.3757793360007401e-06
ccs,1.3757793360007401e-06
vironment,1.3757793360007401e-06
xpx,1.3757793360007401e-06
cruis,1.3757793360007401e-06
nul,1.3757793360007401e-06
compustat,1.3757793360007401e-06
ivar,1.3757793360007401e-06
ution,1.3757793360007401e-06
productioncost,1.3757793360007401e-06
rogoff,1.3757793360007401e-06
doer,1.3757793360007401e-06
leiderman,1.3757793360007401e-06
hobart,1.3757793360007401e-06
fav,1.3757793360007401e-06
landau,1.3757793360007401e-06
laboursuppli,1.3757793360007401e-06
impu,1.3757793360007401e-06
ctct,1.3757793360007401e-06
cruit,1.3757793360007401e-06
martha,1.3757793360007401e-06
cne,1.3757793360007401e-06
lindsey,1.3757793360007401e-06
sise,1.3757793360007401e-06
dona,1.3757793360007401e-06
stephan,1.3757793360007401e-06
periph,1.3757793360007401e-06
tled,1.3757793360007401e-06
wlr,1.3757793360007401e-06
forprofit,1.3757793360007401e-06
fdo,1.3757793360007401e-06
aie,1.3757793360007401e-06
psychol,1.3757793360007401e-06
muse,1.3757793360007401e-06
nipul,1.3757793360007401e-06
rian,1.3757793360007401e-06
dall,1.3757793360007401e-06
beal,1.3757793360007401e-06
leffler,1.3757793360007401e-06
thati,1.3757793360007401e-06
rul,1.3757793360007401e-06
assigne,1.3757793360007401e-06
millet,1.3757793360007401e-06
xxxx,1.3757793360007401e-06
itari,1.3757793360007401e-06
gla,1.3757793360007401e-06
annett,1.3757793360007401e-06
decker,1.3757793360007401e-06
moin,1.3757793360007401e-06
geon,1.3757793360007401e-06
regimen,1.3757793360007401e-06
sli,1.3757793360007401e-06
iih,1.3757793360007401e-06
nious,1.3757793360007401e-06
itn,1.3757793360007401e-06
gpi,1.3757793360007401e-06
lemat,1.3757793360007401e-06
behaviorist,1.3757793360007401e-06
gallant,1.3757793360007401e-06
microelectron,1.3757793360007401e-06
qmi,1.3757793360007401e-06
orchestr,1.3757793360007401e-06
macpherson,1.3757793360007401e-06
dsc,1.3757793360007401e-06
threesector,1.3757793360007401e-06
craven,1.3757793360007401e-06
costum,1.3757793360007401e-06
vbt,1.3757793360007401e-06
interviewe,1.3757793360007401e-06
passbook,1.3757793360007401e-06
documen,1.3757793360007401e-06
twoindustri,1.3757793360007401e-06
pjj,1.3757793360007401e-06
kerala,1.3757793360007401e-06
woodrow,1.3757793360007401e-06
deregula,1.3757793360007401e-06
svn,1.3757793360007401e-06
kiyoshi,1.3757793360007401e-06
crj,1.3757793360007401e-06
cleanli,1.3757793360007401e-06
rape,1.3757793360007401e-06
addingup,1.3757793360007401e-06
enumera,1.3757793360007401e-06
deb,1.3757793360007401e-06
unreali,1.3757793360007401e-06
bernardino,1.3757793360007401e-06
selfselect,1.3757793360007401e-06
farr,1.3757793360007401e-06
bai,1.3757793360007401e-06
priceconsumpt,1.3757793360007401e-06
vatur,1.3757793360007401e-06
fti,1.3757793360007401e-06
nonpro,1.3757793360007401e-06
laplac,1.3757793360007401e-06
indistin,1.3757793360007401e-06
tifiabl,1.3757793360007401e-06
xtxt,1.3757793360007401e-06
arora,1.3757793360007401e-06
atd,1.3757793360007401e-06
relabel,1.3757793360007401e-06
lml,1.3757793360007401e-06
ird,1.3757793360007401e-06
aui,1.3757793360007401e-06
mice,1.3757793360007401e-06
mmi,1.3757793360007401e-06
terindustri,1.3757793360007401e-06
stockpric,1.3757793360007401e-06
eiu,1.3757793360007401e-06
firmsa,1.3757793360007401e-06
lto,1.3757793360007401e-06
stare,1.3757793360007401e-06
publicpriv,1.3757793360007401e-06
secondround,1.3757793360007401e-06
dors,1.3757793360007401e-06
zeroprofit,1.3757793360007401e-06
spuri,1.3757793360007401e-06
tenu,1.3757793360007401e-06
gaza,1.3757793360007401e-06
veterinari,1.3757793360007401e-06
emphasiz,1.3757793360007401e-06
villa,1.3757793360007401e-06
compri,1.3757793360007401e-06
xcvii,1.3757793360007401e-06
warmth,1.3757793360007401e-06
tdistribut,1.3757793360007401e-06
growthori,1.3757793360007401e-06
expatri,1.3757793360007401e-06
mace,1.3757793360007401e-06
vickeri,1.3757793360007401e-06
intermediaterun,1.3757793360007401e-06
econornetrica,1.3757793360007401e-06
wilbert,1.3757793360007401e-06
provabl,1.3757793360007401e-06
xtj,1.3757793360007401e-06
oao,1.3757793360007401e-06
cradl,1.3757793360007401e-06
noncoop,1.3757793360007401e-06
dimensionless,1.3757793360007401e-06
haddad,1.3757793360007401e-06
wen,1.3757793360007401e-06
tonic,1.3757793360007401e-06
percenta,1.3757793360007401e-06
dramati,1.3757793360007401e-06
pesaran,1.3757793360007401e-06
elf,1.3757793360007401e-06
soe,1.3757793360007401e-06
mrp,1.3757793360007401e-06
mathew,1.3757793360007401e-06
noe,1.3757793360007401e-06
fii,1.3757793360007401e-06
shar,1.3757793360007401e-06
disarray,1.3757793360007401e-06
stockbrok,1.3757793360007401e-06
bondag,1.3757793360007401e-06
cabil,1.3757793360007401e-06
lqt,1.3757793360007401e-06
nonemploy,1.3757793360007401e-06
amj,1.3757793360007401e-06
jeanpierr,1.3757793360007401e-06
vaca,1.3757793360007401e-06
workersa,1.3757793360007401e-06
danzig,1.3757793360007401e-06
pab,1.3757793360007401e-06
lightn,1.3757793360007401e-06
gam,1.3757793360007401e-06
sox,1.3757793360007401e-06
prohib,1.3757793360007401e-06
bloodi,1.3757793360007401e-06
adag,1.3757793360007401e-06
ioral,1.3757793360007401e-06
emo,1.3757793360007401e-06
bellj,1.3757793360007401e-06
fgr,1.3757793360007401e-06
andc,1.3757793360007401e-06
swann,1.3757793360007401e-06
firmwid,1.3757793360007401e-06
tcx,1.3757793360007401e-06
reexpress,1.3757793360007401e-06
nonphys,1.3757793360007401e-06
ctl,1.3757793360007401e-06
liani,1.3757793360007401e-06
rhs,1.3757793360007401e-06
laa,1.3757793360007401e-06
reconfirm,1.3757793360007401e-06
zon,1.3757793360007401e-06
xax,1.3757793360007401e-06
cist,1.3757793360007401e-06
naylor,1.3757793360007401e-06
cxiv,1.3757793360007401e-06
dar,1.3757793360007401e-06
pagan,1.3757793360007401e-06
lxxxiv,1.3757793360007401e-06
diploma,1.3757793360007401e-06
taxfavor,1.031834502000555e-06
pattem,1.031834502000555e-06
toda,1.031834502000555e-06
xac,1.031834502000555e-06
laborleisur,1.031834502000555e-06
odonoghu,1.031834502000555e-06
qin,1.031834502000555e-06
ftr,1.031834502000555e-06
phic,1.031834502000555e-06
crim,1.031834502000555e-06
caj,1.031834502000555e-06
spo,1.031834502000555e-06
thes,1.031834502000555e-06
jobchang,1.031834502000555e-06
cccc,1.031834502000555e-06
wtw,1.031834502000555e-06
lowreturn,1.031834502000555e-06
icl,1.031834502000555e-06
gab,1.031834502000555e-06
pus,1.031834502000555e-06
rcs,1.031834502000555e-06
conidit,1.031834502000555e-06
evanc,1.031834502000555e-06
reinhard,1.031834502000555e-06
nonpubl,1.031834502000555e-06
nian,1.031834502000555e-06
flt,1.031834502000555e-06
pxc,1.031834502000555e-06
binghamton,1.031834502000555e-06
xciv,1.031834502000555e-06
unsta,1.031834502000555e-06
checkout,1.031834502000555e-06
complier,1.031834502000555e-06
willem,1.031834502000555e-06
psf,1.031834502000555e-06
mcn,1.031834502000555e-06
homothet,1.031834502000555e-06
debut,1.031834502000555e-06
ekx,1.031834502000555e-06
michalopoulo,1.031834502000555e-06
pharmaci,1.031834502000555e-06
highschool,1.031834502000555e-06
isabel,1.031834502000555e-06
ccn,1.031834502000555e-06
sensitiv,1.031834502000555e-06
jls,1.031834502000555e-06
edelstein,1.031834502000555e-06
ibrium,1.031834502000555e-06
plb,1.031834502000555e-06
premodern,1.031834502000555e-06
terrestri,1.031834502000555e-06
pul,1.031834502000555e-06
unido,1.031834502000555e-06
czi,1.031834502000555e-06
hypersurfac,1.031834502000555e-06
cad,1.031834502000555e-06
ifest,1.031834502000555e-06
markus,1.031834502000555e-06
demean,1.031834502000555e-06
fulllength,1.031834502000555e-06
theta,1.031834502000555e-06
oan,1.031834502000555e-06
barzel,1.031834502000555e-06
vdp,1.031834502000555e-06
minimumcost,1.031834502000555e-06
rtm,1.031834502000555e-06
sympo,1.031834502000555e-06
fcf,1.031834502000555e-06
zhou,1.031834502000555e-06
nale,1.031834502000555e-06
crosscultur,1.031834502000555e-06
guo,1.031834502000555e-06
regat,1.031834502000555e-06
cosh,1.031834502000555e-06
tiplic,1.031834502000555e-06
dinardo,1.031834502000555e-06
dasgupta,1.031834502000555e-06
jobseek,1.031834502000555e-06
git,1.031834502000555e-06
otn,1.031834502000555e-06
daugh,1.031834502000555e-06
cxix,1.031834502000555e-06
nwt,1.031834502000555e-06
vlv,1.031834502000555e-06
pauli,1.031834502000555e-06
wio,1.031834502000555e-06
downsiz,1.031834502000555e-06
errorcorrect,1.031834502000555e-06
looo,1.031834502000555e-06
tok,1.031834502000555e-06
shah,1.031834502000555e-06
roundtrip,1.031834502000555e-06
noncommon,1.031834502000555e-06
beginningofyear,1.031834502000555e-06
highestpaid,1.031834502000555e-06
ntnt,1.031834502000555e-06
boomer,1.031834502000555e-06
aixi,1.031834502000555e-06
methodolo,1.031834502000555e-06
fak,1.031834502000555e-06
nick,1.031834502000555e-06
ulcer,1.031834502000555e-06
lucass,1.031834502000555e-06
ajp,1.031834502000555e-06
ltc,1.031834502000555e-06
cube,1.031834502000555e-06
croissanc,1.031834502000555e-06
assunmpt,1.031834502000555e-06
lowerbound,1.031834502000555e-06
sof,1.031834502000555e-06
movingaverag,1.031834502000555e-06
lao,1.031834502000555e-06
ninetieth,1.031834502000555e-06
unshad,1.031834502000555e-06
multiestablish,1.031834502000555e-06
pavlov,1.031834502000555e-06
quasicompetit,1.031834502000555e-06
noncommit,1.031834502000555e-06
sunlight,1.031834502000555e-06
instit,1.031834502000555e-06
anoma,1.031834502000555e-06
icymak,1.031834502000555e-06
bja,1.031834502000555e-06
vield,1.031834502000555e-06
willig,1.031834502000555e-06
fqr,1.031834502000555e-06
frp,1.031834502000555e-06
chad,1.031834502000555e-06
conformist,1.031834502000555e-06
iiz,1.031834502000555e-06
tai,1.031834502000555e-06
lysi,1.031834502000555e-06
binswang,1.031834502000555e-06
parenth,1.031834502000555e-06
kurtosi,1.031834502000555e-06
anatol,1.031834502000555e-06
blo,1.031834502000555e-06
cashflow,1.031834502000555e-06
nlo,1.031834502000555e-06
averchjohnson,1.031834502000555e-06
tiguous,1.031834502000555e-06
collard,1.031834502000555e-06
pml,1.031834502000555e-06
diabet,1.031834502000555e-06
ddd,1.031834502000555e-06
mxi,1.031834502000555e-06
expx,1.031834502000555e-06
assam,1.031834502000555e-06
agh,1.031834502000555e-06
ocx,1.031834502000555e-06
ovo,1.031834502000555e-06
tlk,1.031834502000555e-06
inefficien,1.031834502000555e-06
tig,1.031834502000555e-06
ctn,1.031834502000555e-06
iari,1.031834502000555e-06
cte,1.031834502000555e-06
rmr,1.031834502000555e-06
rmo,1.031834502000555e-06
helpwant,1.031834502000555e-06
governmentimpos,1.031834502000555e-06
greenhous,1.031834502000555e-06
countriesand,1.031834502000555e-06
onm,1.031834502000555e-06
ome,1.031834502000555e-06
oso,1.031834502000555e-06
diy,1.031834502000555e-06
trickier,1.031834502000555e-06
exr,1.031834502000555e-06
clar,1.031834502000555e-06
xti,1.031834502000555e-06
brendan,1.031834502000555e-06
syo,1.031834502000555e-06
ivo,1.031834502000555e-06
ier,1.031834502000555e-06
tdr,1.031834502000555e-06
departamento,1.031834502000555e-06
ivc,1.031834502000555e-06
sheepskin,1.031834502000555e-06
differents,1.031834502000555e-06
intermarket,1.031834502000555e-06
mervyn,1.031834502000555e-06
sib,1.031834502000555e-06
kee,1.031834502000555e-06
tester,1.031834502000555e-06
subindic,1.031834502000555e-06
estell,1.031834502000555e-06
ocr,1.031834502000555e-06
igb,1.031834502000555e-06
nte,1.031834502000555e-06
oip,1.031834502000555e-06
akp,1.031834502000555e-06
izi,1.031834502000555e-06
lude,1.031834502000555e-06
zis,1.031834502000555e-06
singlestag,1.031834502000555e-06
welloff,1.031834502000555e-06
ibli,1.031834502000555e-06
rhee,1.031834502000555e-06
dzo,1.031834502000555e-06
wha,1.031834502000555e-06
cowan,1.031834502000555e-06
fourmonth,1.031834502000555e-06
nolan,1.031834502000555e-06
ligenc,1.031834502000555e-06
tttt,1.031834502000555e-06
diagramat,1.031834502000555e-06
ang,1.031834502000555e-06
beit,1.031834502000555e-06
overborrow,1.031834502000555e-06
majori,1.031834502000555e-06
ayp,1.031834502000555e-06
benoit,1.031834502000555e-06
overin,1.031834502000555e-06
superieur,1.031834502000555e-06
equilibriumth,1.031834502000555e-06
misbehavior,1.031834502000555e-06
filtrat,1.031834502000555e-06
epo,1.031834502000555e-06
cmo,1.031834502000555e-06
tooo,1.031834502000555e-06
qth,1.031834502000555e-06
iht,1.031834502000555e-06
ooq,1.031834502000555e-06
oho,1.031834502000555e-06
angola,1.031834502000555e-06
algo,1.031834502000555e-06
cipi,1.031834502000555e-06
qta,1.031834502000555e-06
labourmarket,1.031834502000555e-06
bthe,1.031834502000555e-06
ara,1.031834502000555e-06
orley,1.031834502000555e-06
ipit,1.031834502000555e-06
gallagh,1.031834502000555e-06
tlr,1.031834502000555e-06
ooh,1.031834502000555e-06
uif,1.031834502000555e-06
epp,1.031834502000555e-06
cara,1.031834502000555e-06
haltiwang,1.031834502000555e-06
maya,1.031834502000555e-06
microdynam,1.031834502000555e-06
exhib,1.031834502000555e-06
enti,1.031834502000555e-06
gag,1.031834502000555e-06
ctyt,1.031834502000555e-06
sok,1.031834502000555e-06
xll,1.031834502000555e-06
syrquin,1.031834502000555e-06
hausman,1.031834502000555e-06
resurfac,1.031834502000555e-06
tcn,1.031834502000555e-06
knudsen,1.031834502000555e-06
multicollin,1.031834502000555e-06
casino,1.031834502000555e-06
gametheoret,1.031834502000555e-06
ijc,1.031834502000555e-06
pion,1.031834502000555e-06
lnt,1.031834502000555e-06
usbas,1.031834502000555e-06
pater,1.031834502000555e-06
suzann,1.031834502000555e-06
wap,1.031834502000555e-06
csl,1.031834502000555e-06
nimiti,1.031834502000555e-06
oal,1.031834502000555e-06
bahama,1.031834502000555e-06
yie,1.031834502000555e-06
headquar,1.031834502000555e-06
ajl,1.031834502000555e-06
ender,1.031834502000555e-06
uht,1.031834502000555e-06
fqt,1.031834502000555e-06
gral,1.031834502000555e-06
cafeteria,1.031834502000555e-06
counterparti,1.031834502000555e-06
antoinett,1.031834502000555e-06
dynami,1.031834502000555e-06
formulari,1.031834502000555e-06
guiti,1.031834502000555e-06
fidenti,1.031834502000555e-06
adulthood,1.031834502000555e-06
twochild,1.031834502000555e-06
noncov,1.031834502000555e-06
sean,1.031834502000555e-06
syl,1.031834502000555e-06
tsai,1.031834502000555e-06
sung,1.031834502000555e-06
mukerji,1.031834502000555e-06
desirabil,1.031834502000555e-06
integrat,1.031834502000555e-06
retrospec,1.031834502000555e-06
cra,1.031834502000555e-06
cfj,1.031834502000555e-06
reer,1.031834502000555e-06
workingag,1.031834502000555e-06
jason,1.031834502000555e-06
ucat,1.031834502000555e-06
dfr,1.031834502000555e-06
logit,1.031834502000555e-06
tmp,1.031834502000555e-06
nonex,1.031834502000555e-06
tertempor,1.031834502000555e-06
nir,1.031834502000555e-06
enr,1.031834502000555e-06
sidebysid,1.031834502000555e-06
rasch,1.031834502000555e-06
mozambiqu,1.031834502000555e-06
hardcor,1.031834502000555e-06
liml,1.031834502000555e-06
differencesin,1.031834502000555e-06
cummin,1.031834502000555e-06
lice,1.031834502000555e-06
jurg,1.031834502000555e-06
fatter,1.031834502000555e-06
loy,1.031834502000555e-06
journa,1.031834502000555e-06
christin,1.031834502000555e-06
kelejian,1.031834502000555e-06
kci,1.031834502000555e-06
itx,1.031834502000555e-06
oob,1.031834502000555e-06
qci,1.031834502000555e-06
pba,1.031834502000555e-06
offtheshelf,1.031834502000555e-06
instanta,1.031834502000555e-06
accomod,1.031834502000555e-06
kasper,1.031834502000555e-06
aspi,1.031834502000555e-06
higherpay,1.031834502000555e-06
rahman,1.031834502000555e-06
saf,1.031834502000555e-06
kmt,1.031834502000555e-06
edo,1.031834502000555e-06
trnqvist,1.031834502000555e-06
brazer,1.031834502000555e-06
cadel,1.031834502000555e-06
inhomogen,1.031834502000555e-06
carnegiemellon,1.031834502000555e-06
dtd,1.031834502000555e-06
consumptioni,1.031834502000555e-06
extrapo,1.031834502000555e-06
blog,1.031834502000555e-06
utu,1.031834502000555e-06
lct,1.031834502000555e-06
orf,1.031834502000555e-06
kidnap,1.031834502000555e-06
yni,1.031834502000555e-06
modulus,1.031834502000555e-06
wsi,1.031834502000555e-06
dws,1.031834502000555e-06
countercyc,1.031834502000555e-06
prescient,1.031834502000555e-06
uum,1.031834502000555e-06
nonhomo,1.031834502000555e-06
esrc,1.031834502000555e-06
rac,1.031834502000555e-06
redistrib,1.031834502000555e-06
alit,1.031834502000555e-06
atn,1.031834502000555e-06
qnt,1.031834502000555e-06
cragg,1.031834502000555e-06
upo,1.031834502000555e-06
nondepreci,1.031834502000555e-06
brecher,1.031834502000555e-06
corporat,1.031834502000555e-06
keyword,1.031834502000555e-06
flk,1.031834502000555e-06
himmelberg,1.031834502000555e-06
lbl,1.031834502000555e-06
kli,1.031834502000555e-06
costofcapit,1.031834502000555e-06
nonact,1.031834502000555e-06
isg,1.031834502000555e-06
gre,1.031834502000555e-06
plu,1.031834502000555e-06
tam,1.031834502000555e-06
schmitz,1.031834502000555e-06
approximat,1.031834502000555e-06
reinhold,1.031834502000555e-06
logk,1.031834502000555e-06
taxdeduct,1.031834502000555e-06
notrad,1.031834502000555e-06
tox,1.031834502000555e-06
huyck,1.031834502000555e-06
majorityown,1.031834502000555e-06
datori,1.031834502000555e-06
chuck,1.031834502000555e-06
wlt,1.031834502000555e-06
economii,1.031834502000555e-06
jcs,1.031834502000555e-06
undercount,1.031834502000555e-06
iratio,1.031834502000555e-06
leach,1.031834502000555e-06
onom,1.031834502000555e-06
sah,1.031834502000555e-06
loin,1.031834502000555e-06
externali,1.031834502000555e-06
msj,1.031834502000555e-06
offit,1.031834502000555e-06
majorityrul,1.031834502000555e-06
lynch,1.031834502000555e-06
aay,1.031834502000555e-06
facilitat,1.031834502000555e-06
pak,1.031834502000555e-06
snob,1.031834502000555e-06
ryder,1.031834502000555e-06
liy,1.031834502000555e-06
pyr,1.031834502000555e-06
caratheodori,1.031834502000555e-06
inet,1.031834502000555e-06
bation,1.031834502000555e-06
varn,1.031834502000555e-06
prorata,1.031834502000555e-06
agreedon,1.031834502000555e-06
ipant,1.031834502000555e-06
ocj,1.031834502000555e-06
cartesian,1.031834502000555e-06
ofjoint,1.031834502000555e-06
ned,1.031834502000555e-06
cdo,1.031834502000555e-06
baird,1.031834502000555e-06
nthe,1.031834502000555e-06
mkt,1.031834502000555e-06
hewlett,1.031834502000555e-06
rubenstein,1.031834502000555e-06
mgt,1.031834502000555e-06
goran,1.031834502000555e-06
mud,1.031834502000555e-06
pcc,1.031834502000555e-06
sid,1.031834502000555e-06
eia,1.031834502000555e-06
tcs,1.031834502000555e-06
icm,1.031834502000555e-06
afdc,1.031834502000555e-06
gruen,1.031834502000555e-06
smallpox,1.031834502000555e-06
dyer,1.031834502000555e-06
reinhardt,1.031834502000555e-06
moham,1.031834502000555e-06
jai,1.031834502000555e-06
homebuy,1.031834502000555e-06
pili,1.031834502000555e-06
ugt,1.031834502000555e-06
hdi,1.031834502000555e-06
pollard,1.031834502000555e-06
cola,1.031834502000555e-06
merl,1.031834502000555e-06
waltham,1.031834502000555e-06
dier,1.031834502000555e-06
riskneutr,1.031834502000555e-06
pbx,1.031834502000555e-06
greenwich,1.031834502000555e-06
carrington,1.031834502000555e-06
hurst,1.031834502000555e-06
nunn,1.031834502000555e-06
topki,1.031834502000555e-06
leaderfollow,1.031834502000555e-06
asymptoti,1.031834502000555e-06
dga,1.031834502000555e-06
ktkt,1.031834502000555e-06
tsi,1.031834502000555e-06
tria,1.031834502000555e-06
schlaifer,1.031834502000555e-06
norwich,1.031834502000555e-06
volta,1.031834502000555e-06
xxo,1.031834502000555e-06
cxv,1.031834502000555e-06
valui,1.031834502000555e-06
bria,1.031834502000555e-06
septembernovemb,1.031834502000555e-06
sca,1.031834502000555e-06
crd,1.031834502000555e-06
twoproduct,1.031834502000555e-06
zle,1.031834502000555e-06
gall,1.031834502000555e-06
kno,1.031834502000555e-06
ductor,1.031834502000555e-06
ayx,1.031834502000555e-06
ancestr,1.031834502000555e-06
lad,1.031834502000555e-06
iep,1.031834502000555e-06
aei,1.031834502000555e-06
ezra,1.031834502000555e-06
lhe,1.031834502000555e-06
prostitut,1.031834502000555e-06
dxj,1.031834502000555e-06
dyf,1.031834502000555e-06
anon,1.031834502000555e-06
soughtaft,1.031834502000555e-06
nonstationari,1.031834502000555e-06
brownian,1.031834502000555e-06
cadillac,1.031834502000555e-06
msc,1.031834502000555e-06
wealthincom,1.031834502000555e-06
cpc,1.031834502000555e-06
sinai,1.031834502000555e-06
greenberg,1.031834502000555e-06
cumbi,1.031834502000555e-06
qii,1.031834502000555e-06
eql,1.031834502000555e-06
vsi,1.031834502000555e-06
crossov,1.031834502000555e-06
demanid,1.031834502000555e-06
healthcar,1.031834502000555e-06
gik,1.031834502000555e-06
ezi,1.031834502000555e-06
qik,1.031834502000555e-06
skilledunskil,1.031834502000555e-06
noel,1.031834502000555e-06
xak,1.031834502000555e-06
ykp,1.031834502000555e-06
antoin,1.031834502000555e-06
upperbound,1.031834502000555e-06
peaktotrough,1.031834502000555e-06
dundant,1.031834502000555e-06
bef,1.031834502000555e-06
dlp,1.031834502000555e-06
tae,1.031834502000555e-06
ryt,1.031834502000555e-06
udc,1.031834502000555e-06
qri,1.031834502000555e-06
koichi,1.031834502000555e-06
demog,1.031834502000555e-06
firma,1.031834502000555e-06
noah,1.031834502000555e-06
aop,1.031834502000555e-06
zeroord,1.031834502000555e-06
allornon,1.031834502000555e-06
ucc,1.031834502000555e-06
ppx,1.031834502000555e-06
hamiltonian,1.031834502000555e-06
oce,1.031834502000555e-06
unschedul,1.031834502000555e-06
nicolini,1.031834502000555e-06
eno,1.031834502000555e-06
climatolog,1.031834502000555e-06
rrr,1.031834502000555e-06
recod,1.031834502000555e-06
vincial,1.031834502000555e-06
tlf,1.031834502000555e-06
boadway,1.031834502000555e-06
monkey,1.031834502000555e-06
flexiblepric,1.031834502000555e-06
wlp,1.031834502000555e-06
filipino,1.031834502000555e-06
workth,1.031834502000555e-06
xin,1.031834502000555e-06
bernank,1.031834502000555e-06
nak,1.031834502000555e-06
gentina,1.031834502000555e-06
ephraim,1.031834502000555e-06
rota,1.031834502000555e-06
viv,1.031834502000555e-06
besoin,1.031834502000555e-06
nonrepres,1.031834502000555e-06
disk,1.031834502000555e-06
kroszner,1.031834502000555e-06
plinari,1.031834502000555e-06
dcl,1.031834502000555e-06
thata,1.031834502000555e-06
analag,1.031834502000555e-06
variablea,1.031834502000555e-06
minimalist,1.031834502000555e-06
riddel,1.031834502000555e-06
econoinetrica,1.031834502000555e-06
asker,1.031834502000555e-06
distributioni,1.031834502000555e-06
blejer,1.031834502000555e-06
ndi,1.031834502000555e-06
nonclass,1.031834502000555e-06
iag,1.031834502000555e-06
grammat,1.031834502000555e-06
dxi,1.031834502000555e-06
airborn,1.031834502000555e-06
paq,1.031834502000555e-06
vjo,1.031834502000555e-06
abor,1.031834502000555e-06
wellaccept,1.031834502000555e-06
xci,1.031834502000555e-06
inj,1.031834502000555e-06
mll,1.031834502000555e-06
vola,1.031834502000555e-06
oligarch,1.031834502000555e-06
moreorless,1.031834502000555e-06
oilexport,1.031834502000555e-06
rati,1.031834502000555e-06
inflexion,1.031834502000555e-06
trivedi,1.031834502000555e-06
rulebas,1.031834502000555e-06
manuelli,1.031834502000555e-06
zer,1.031834502000555e-06
nonperform,1.031834502000555e-06
tegral,1.031834502000555e-06
rockoff,1.031834502000555e-06
disecono,1.031834502000555e-06
deri,1.031834502000555e-06
nutri,1.031834502000555e-06
sudhir,1.031834502000555e-06
cifi,1.031834502000555e-06
sergio,1.031834502000555e-06
coastlin,1.031834502000555e-06
effortless,1.031834502000555e-06
wtwt,1.031834502000555e-06
combinatori,1.031834502000555e-06
errant,1.031834502000555e-06
twt,1.031834502000555e-06
macrotheori,1.031834502000555e-06
dqi,1.031834502000555e-06
winnow,1.031834502000555e-06
rulemak,1.031834502000555e-06
nlt,1.031834502000555e-06
piggott,1.031834502000555e-06
miodel,1.031834502000555e-06
gdi,1.031834502000555e-06
dov,1.031834502000555e-06
xrx,1.031834502000555e-06
aerial,1.031834502000555e-06
workermanag,1.031834502000555e-06
consen,1.031834502000555e-06
etho,1.031834502000555e-06
uncount,1.031834502000555e-06
datta,1.031834502000555e-06
econt,1.031834502000555e-06
orn,1.031834502000555e-06
degen,1.031834502000555e-06
dio,1.031834502000555e-06
mml,1.031834502000555e-06
byjohn,1.031834502000555e-06
marapr,1.031834502000555e-06
makin,1.031834502000555e-06
sps,1.031834502000555e-06
homeless,1.031834502000555e-06
sfor,1.031834502000555e-06
priceexpect,1.031834502000555e-06
panagariya,1.031834502000555e-06
fthe,1.031834502000555e-06
coefficientsa,1.031834502000555e-06
kpi,1.031834502000555e-06
aoa,1.031834502000555e-06
reu,1.031834502000555e-06
zxx,1.031834502000555e-06
terrorist,1.031834502000555e-06
tick,1.031834502000555e-06
garland,1.031834502000555e-06
nab,1.031834502000555e-06
nave,1.031834502000555e-06
henryk,1.031834502000555e-06
vra,1.031834502000555e-06
youv,1.031834502000555e-06
cpe,1.031834502000555e-06
wbi,1.031834502000555e-06
admitt,1.031834502000555e-06
cjk,1.031834502000555e-06
simplex,1.031834502000555e-06
cnn,1.031834502000555e-06
grt,1.031834502000555e-06
polyhedron,1.031834502000555e-06
trickledown,1.031834502000555e-06
abj,1.031834502000555e-06
vishni,1.031834502000555e-06
kalman,1.031834502000555e-06
pyp,1.031834502000555e-06
salienc,1.031834502000555e-06
jacobsen,1.031834502000555e-06
miranda,1.031834502000555e-06
tyran,1.031834502000555e-06
yoy,1.031834502000555e-06
xay,1.031834502000555e-06
xjt,1.031834502000555e-06
rebalanc,1.031834502000555e-06
lexicograph,1.031834502000555e-06
undet,1.031834502000555e-06
withingroup,1.031834502000555e-06
oss,1.031834502000555e-06
mcaleer,1.031834502000555e-06
shep,1.031834502000555e-06
gln,1.031834502000555e-06
piketti,1.031834502000555e-06
lentli,1.031834502000555e-06
vyo,1.031834502000555e-06
phen,1.031834502000555e-06
malaysian,1.031834502000555e-06
uto,1.031834502000555e-06
sociodemograph,1.031834502000555e-06
mathia,1.031834502000555e-06
oyo,1.031834502000555e-06
pqo,1.031834502000555e-06
malevol,1.031834502000555e-06
simss,1.031834502000555e-06
mtmt,1.031834502000555e-06
charli,1.031834502000555e-06
monetarv,1.031834502000555e-06
litiga,1.031834502000555e-06
ysl,1.031834502000555e-06
lxxxix,1.031834502000555e-06
itic,1.031834502000555e-06
beaudri,1.031834502000555e-06
hobbi,1.031834502000555e-06
xri,1.031834502000555e-06
midmonth,1.031834502000555e-06
abovemarket,1.031834502000555e-06
nonavail,1.031834502000555e-06
deforest,1.031834502000555e-06
fullinform,1.031834502000555e-06
pto,1.031834502000555e-06
boland,1.031834502000555e-06
decod,1.031834502000555e-06
caldwel,1.031834502000555e-06
uhf,1.031834502000555e-06
taxinclus,1.031834502000555e-06
differentiat,1.031834502000555e-06
greer,1.031834502000555e-06
rip,1.031834502000555e-06
perrin,1.031834502000555e-06
nondistort,1.031834502000555e-06
trt,1.031834502000555e-06
kolloquium,1.031834502000555e-06
fishelson,1.031834502000555e-06
portmanteau,1.031834502000555e-06
dili,1.031834502000555e-06
mccarthi,1.031834502000555e-06
fpk,1.031834502000555e-06
ifp,1.031834502000555e-06
reviewt,1.031834502000555e-06
figu,1.031834502000555e-06
stoni,1.031834502000555e-06
xst,1.031834502000555e-06
rce,1.031834502000555e-06
gyt,1.031834502000555e-06
nonsymmetr,1.031834502000555e-06
dowri,1.031834502000555e-06
bluf,1.031834502000555e-06
rei,1.031834502000555e-06
barrow,1.031834502000555e-06
tideman,1.031834502000555e-06
gto,1.031834502000555e-06
frc,1.031834502000555e-06
braical,1.031834502000555e-06
acf,1.031834502000555e-06
kohler,1.031834502000555e-06
cpn,1.031834502000555e-06
asquith,1.031834502000555e-06
ach,1.031834502000555e-06
iot,1.031834502000555e-06
ipo,1.031834502000555e-06
manser,1.031834502000555e-06
icf,1.031834502000555e-06
preannounc,1.031834502000555e-06
huber,1.031834502000555e-06
itan,1.031834502000555e-06
gebiet,1.031834502000555e-06
killingsworth,1.031834502000555e-06
cher,1.031834502000555e-06
cheshir,1.031834502000555e-06
alh,1.031834502000555e-06
sota,1.031834502000555e-06
characteriza,1.031834502000555e-06
ahluwalia,1.031834502000555e-06
rehir,1.031834502000555e-06
butterworth,1.031834502000555e-06
iiq,1.031834502000555e-06
twofirm,1.031834502000555e-06
ginsburg,1.031834502000555e-06
enquet,1.031834502000555e-06
sobolev,1.031834502000555e-06
meng,1.031834502000555e-06
nonselect,1.031834502000555e-06
ryuzo,1.031834502000555e-06
cih,1.031834502000555e-06
eav,1.031834502000555e-06
ckr,1.031834502000555e-06
nondifferenti,1.031834502000555e-06
genev,1.031834502000555e-06
troductori,1.031834502000555e-06
productivityenhanc,1.031834502000555e-06
sinica,1.031834502000555e-06
augustin,1.031834502000555e-06
sami,1.031834502000555e-06
northhol,1.031834502000555e-06
ftj,1.031834502000555e-06
occam,1.031834502000555e-06
broner,1.031834502000555e-06
perimet,1.031834502000555e-06
calvo,1.031834502000555e-06
welldiversifi,1.031834502000555e-06
microwav,1.031834502000555e-06
pql,1.031834502000555e-06
newborn,1.031834502000555e-06
sierra,1.031834502000555e-06
apx,1.031834502000555e-06
lexi,1.031834502000555e-06
axa,1.031834502000555e-06
radian,1.031834502000555e-06
trent,1.031834502000555e-06
dhryme,1.031834502000555e-06
bailout,1.031834502000555e-06
weekday,1.031834502000555e-06
fbr,1.031834502000555e-06
hirofumi,1.031834502000555e-06
igor,1.031834502000555e-06
rer,1.031834502000555e-06
thl,1.031834502000555e-06
lung,1.031834502000555e-06
perm,1.031834502000555e-06
nina,1.031834502000555e-06
sjk,1.031834502000555e-06
vjt,1.031834502000555e-06
schaller,1.031834502000555e-06
manda,1.031834502000555e-06
lehmann,1.031834502000555e-06
aiv,1.031834502000555e-06
onedimension,1.031834502000555e-06
higherproduct,1.031834502000555e-06
tau,1.031834502000555e-06
fia,1.031834502000555e-06
traderel,1.031834502000555e-06
vpn,1.031834502000555e-06
frederik,1.031834502000555e-06
xoo,1.031834502000555e-06
chelsea,1.031834502000555e-06
semiarid,1.031834502000555e-06
sunset,1.031834502000555e-06
aeo,1.031834502000555e-06
pia,1.031834502000555e-06
ramon,1.031834502000555e-06
nijhoff,1.031834502000555e-06
appliqu,1.031834502000555e-06
leighton,1.031834502000555e-06
rir,1.031834502000555e-06
deli,1.031834502000555e-06
lithuania,1.031834502000555e-06
nonrespond,1.031834502000555e-06
tyson,1.031834502000555e-06
akj,1.031834502000555e-06
lowercas,1.031834502000555e-06
notr,1.031834502000555e-06
laidoff,1.031834502000555e-06
greenfield,1.031834502000555e-06
kei,1.031834502000555e-06
agl,1.031834502000555e-06
fip,1.031834502000555e-06
cano,1.031834502000555e-06
constantutil,1.031834502000555e-06
acycl,1.031834502000555e-06
easter,1.031834502000555e-06
preassign,1.031834502000555e-06
vittorio,1.031834502000555e-06
exem,1.031834502000555e-06
eigenvalu,1.031834502000555e-06
nonregul,1.031834502000555e-06
poker,1.031834502000555e-06
pae,1.031834502000555e-06
ltlt,1.031834502000555e-06
kolmogorovsmirnov,1.031834502000555e-06
roadway,1.031834502000555e-06
jdt,1.031834502000555e-06
colgat,1.031834502000555e-06
emb,1.031834502000555e-06
canadianj,1.031834502000555e-06
pla,1.031834502000555e-06
laden,1.031834502000555e-06
adl,1.031834502000555e-06
fromii,1.031834502000555e-06
bordeaux,1.031834502000555e-06
iga,1.031834502000555e-06
thefirst,1.031834502000555e-06
typ,1.031834502000555e-06
unsurpris,1.031834502000555e-06
ohara,1.031834502000555e-06
alj,1.031834502000555e-06
bie,1.031834502000555e-06
adhoc,1.031834502000555e-06
colder,1.031834502000555e-06
tix,1.031834502000555e-06
loeb,1.031834502000555e-06
hwt,1.031834502000555e-06
ladd,1.031834502000555e-06
urb,1.031834502000555e-06
amiti,1.031834502000555e-06
nank,1.031834502000555e-06
brow,1.031834502000555e-06
cxvi,1.031834502000555e-06
ahk,1.031834502000555e-06
infest,1.031834502000555e-06
benporath,1.031834502000555e-06
prowess,1.031834502000555e-06
rth,1.031834502000555e-06
aar,1.031834502000555e-06
firmsiz,1.031834502000555e-06
nonpoor,1.031834502000555e-06
nousli,1.031834502000555e-06
demandsid,1.031834502000555e-06
ooooooo,1.031834502000555e-06
xbi,1.031834502000555e-06
probabi,1.031834502000555e-06
tti,1.031834502000555e-06
rmax,1.031834502000555e-06
ipal,1.031834502000555e-06
pmt,1.031834502000555e-06
lew,1.031834502000555e-06
kobayashi,1.031834502000555e-06
fuinction,1.031834502000555e-06
aint,1.031834502000555e-06
investiss,1.031834502000555e-06
fourperiod,1.031834502000555e-06
felic,1.031834502000555e-06
belli,1.031834502000555e-06
cram,1.031834502000555e-06
eij,1.031834502000555e-06
wik,1.031834502000555e-06
tid,1.031834502000555e-06
rst,1.031834502000555e-06
disengag,1.031834502000555e-06
undernourish,1.031834502000555e-06
kunreuth,1.031834502000555e-06
structor,1.031834502000555e-06
lichtenstein,1.031834502000555e-06
ivii,1.031834502000555e-06
fractil,1.031834502000555e-06
marker,1.031834502000555e-06
rnc,1.031834502000555e-06
fiftyon,1.031834502000555e-06
hamada,1.031834502000555e-06
ticehal,1.031834502000555e-06
ageadjust,1.031834502000555e-06
ingest,1.031834502000555e-06
welfareimprov,1.031834502000555e-06
atat,1.031834502000555e-06
raj,1.031834502000555e-06
exxon,1.031834502000555e-06
onili,1.031834502000555e-06
stun,1.031834502000555e-06
utat,1.031834502000555e-06
roux,1.031834502000555e-06
yehuda,1.031834502000555e-06
unremark,1.031834502000555e-06
famill,1.031834502000555e-06
voi,1.031834502000555e-06
triplet,1.031834502000555e-06
byrn,1.031834502000555e-06
cns,1.031834502000555e-06
wia,1.031834502000555e-06
pfp,1.031834502000555e-06
vativ,1.031834502000555e-06
asumpt,1.031834502000555e-06
sjaastad,1.031834502000555e-06
modelsth,1.031834502000555e-06
synchro,1.031834502000555e-06
effet,1.031834502000555e-06
lci,1.031834502000555e-06
lln,1.031834502000555e-06
ifl,1.031834502000555e-06
ainsi,1.031834502000555e-06
iei,1.031834502000555e-06
cere,1.031834502000555e-06
dereg,1.031834502000555e-06
sowel,1.031834502000555e-06
meme,1.031834502000555e-06
pratt,1.031834502000555e-06
tong,1.031834502000555e-06
rue,1.031834502000555e-06
leaki,1.031834502000555e-06
miscella,1.031834502000555e-06
riskadjust,1.031834502000555e-06
paulin,1.031834502000555e-06
armin,1.031834502000555e-06
fiml,1.031834502000555e-06
nli,1.031834502000555e-06
guillermo,1.031834502000555e-06
glish,1.031834502000555e-06
minimiza,1.031834502000555e-06
auckland,1.031834502000555e-06
firth,1.031834502000555e-06
pwi,1.031834502000555e-06
nox,1.031834502000555e-06
decanio,1.031834502000555e-06
gli,1.031834502000555e-06
ciolog,1.031834502000555e-06
inson,1.031834502000555e-06
ixx,1.031834502000555e-06
reexamina,1.031834502000555e-06
lilien,1.031834502000555e-06
substitutabil,1.031834502000555e-06
iim,1.031834502000555e-06
cout,1.031834502000555e-06
clj,1.031834502000555e-06
iner,1.031834502000555e-06
ktt,1.031834502000555e-06
alonso,1.031834502000555e-06
sahara,1.031834502000555e-06
fstatist,1.031834502000555e-06
erl,1.031834502000555e-06
cqc,1.031834502000555e-06
hla,1.031834502000555e-06
manor,1.031834502000555e-06
anf,1.031834502000555e-06
qjt,1.031834502000555e-06
mft,1.031834502000555e-06
taux,1.031834502000555e-06
undersampl,1.031834502000555e-06
wih,1.031834502000555e-06
postdoctor,1.031834502000555e-06
clp,1.031834502000555e-06
blackwhit,1.031834502000555e-06
mle,1.031834502000555e-06
avt,1.031834502000555e-06
hoyt,1.031834502000555e-06
theoy,1.031834502000555e-06
aao,1.031834502000555e-06
calen,1.031834502000555e-06
unpric,1.031834502000555e-06
nomad,1.031834502000555e-06
earhart,1.031834502000555e-06
fll,1.031834502000555e-06
zambia,1.031834502000555e-06
assumn,1.031834502000555e-06
particul,1.031834502000555e-06
qio,1.031834502000555e-06
yeoman,1.031834502000555e-06
nonstationar,1.031834502000555e-06
ichimura,1.031834502000555e-06
cjc,1.031834502000555e-06
cheung,1.031834502000555e-06
xixi,1.031834502000555e-06
reneg,1.031834502000555e-06
xns,1.031834502000555e-06
erica,1.031834502000555e-06
pneumonia,1.031834502000555e-06
didt,1.031834502000555e-06
wom,1.031834502000555e-06
sonnenschein,1.031834502000555e-06
toth,1.031834502000555e-06
alaskan,1.031834502000555e-06
burmeist,1.031834502000555e-06
sojourn,1.031834502000555e-06
iax,1.031834502000555e-06
dpn,1.031834502000555e-06
dyi,1.031834502000555e-06
rdl,1.031834502000555e-06
oar,1.031834502000555e-06
tep,1.031834502000555e-06
aif,1.031834502000555e-06
gottschalk,1.031834502000555e-06
stamford,1.031834502000555e-06
dapr,1.031834502000555e-06
probit,1.031834502000555e-06
joyc,1.031834502000555e-06
kyi,1.031834502000555e-06
xif,1.031834502000555e-06
lall,1.031834502000555e-06
xio,1.031834502000555e-06
avon,1.031834502000555e-06
wmin,1.031834502000555e-06
ddl,1.031834502000555e-06
lynd,1.031834502000555e-06
fisc,1.031834502000555e-06
rcl,1.031834502000555e-06
genberg,1.031834502000555e-06
ponenti,1.031834502000555e-06
gele,1.031834502000555e-06
upcom,1.031834502000555e-06
axr,1.031834502000555e-06
amil,1.031834502000555e-06
realvalu,1.031834502000555e-06
comport,1.031834502000555e-06
clx,1.031834502000555e-06
twos,1.031834502000555e-06
bourg,1.031834502000555e-06
glob,1.031834502000555e-06
uncorr,1.031834502000555e-06
placebo,1.031834502000555e-06
eightquart,1.031834502000555e-06
txt,1.031834502000555e-06
xcvi,1.031834502000555e-06
kip,1.031834502000555e-06
trav,1.031834502000555e-06
jin,1.031834502000555e-06
outputpric,1.031834502000555e-06
emmett,1.031834502000555e-06
lif,1.031834502000555e-06
sharecropp,1.031834502000555e-06
cnx,1.031834502000555e-06
moo,1.031834502000555e-06
lagrangian,1.031834502000555e-06
falcon,1.031834502000555e-06
fft,1.031834502000555e-06
anymor,1.031834502000555e-06
aitken,1.031834502000555e-06
largesampl,1.031834502000555e-06
goetz,1.031834502000555e-06
maceut,1.031834502000555e-06
selfdecept,1.031834502000555e-06
teas,1.031834502000555e-06
triennial,1.031834502000555e-06
usi,1.031834502000555e-06
kmenta,1.031834502000555e-06
cooler,1.031834502000555e-06
eoo,1.031834502000555e-06
nient,1.031834502000555e-06
repertoir,1.031834502000555e-06
aml,1.031834502000555e-06
cob,1.031834502000555e-06
whichi,1.031834502000555e-06
iiit,1.031834502000555e-06
sectori,1.031834502000555e-06
xis,1.031834502000555e-06
nonaddit,1.031834502000555e-06
electro,1.031834502000555e-06
req,1.031834502000555e-06
erogen,1.031834502000555e-06
puri,1.031834502000555e-06
madden,1.031834502000555e-06
betwen,1.031834502000555e-06
oog,1.031834502000555e-06
notefor,1.031834502000555e-06
cni,1.031834502000555e-06
bleed,1.031834502000555e-06
yil,1.031834502000555e-06
kqi,1.031834502000555e-06
yid,1.031834502000555e-06
guerr,1.031834502000555e-06
mismeasur,1.031834502000555e-06
reelec,1.031834502000555e-06
investigat,1.031834502000555e-06
awl,1.031834502000555e-06
timehorizon,1.031834502000555e-06
fio,1.031834502000555e-06
stymi,1.031834502000555e-06
eyr,1.031834502000555e-06
overprovis,1.031834502000555e-06
hawthorn,1.031834502000555e-06
cys,1.031834502000555e-06
ppl,1.031834502000555e-06
locali,1.031834502000555e-06
mcclellan,1.031834502000555e-06
apd,1.031834502000555e-06
inconclu,1.031834502000555e-06
steinberg,1.031834502000555e-06
sara,1.031834502000555e-06
kki,1.031834502000555e-06
costi,1.031834502000555e-06
unsolicit,1.031834502000555e-06
laurit,1.031834502000555e-06
vau,1.031834502000555e-06
dli,1.031834502000555e-06
industryj,1.031834502000555e-06
xxl,1.031834502000555e-06
uncor,1.031834502000555e-06
mott,1.031834502000555e-06
allur,1.031834502000555e-06
franoi,1.031834502000555e-06
vyp,1.031834502000555e-06
lnm,1.031834502000555e-06
alessi,1.031834502000555e-06
uco,1.031834502000555e-06
sant,1.031834502000555e-06
syi,1.031834502000555e-06
americain,1.031834502000555e-06
citywid,1.031834502000555e-06
bushnel,1.031834502000555e-06
kerri,1.031834502000555e-06
rnl,1.031834502000555e-06
oci,1.031834502000555e-06
dydx,1.031834502000555e-06
thomp,1.031834502000555e-06
multistag,1.031834502000555e-06
nonequ,1.031834502000555e-06
karel,1.031834502000555e-06
sarah,1.031834502000555e-06
ifor,1.031834502000555e-06
cologn,1.031834502000555e-06
restruc,1.031834502000555e-06
ninetyf,1.031834502000555e-06
humani,1.031834502000555e-06
upton,1.031834502000555e-06
tos,1.031834502000555e-06
vick,1.031834502000555e-06
sanderson,1.031834502000555e-06
immo,1.031834502000555e-06
graphi,1.031834502000555e-06
klr,1.031834502000555e-06
hospi,1.031834502000555e-06
deliver,1.031834502000555e-06
apl,1.031834502000555e-06
tait,1.031834502000555e-06
higherrisk,1.031834502000555e-06
louis,1.031834502000555e-06
fnr,1.031834502000555e-06
dad,1.031834502000555e-06
plq,1.031834502000555e-06
pren,1.031834502000555e-06
maital,1.031834502000555e-06
oconnel,1.031834502000555e-06
ageearn,1.031834502000555e-06
kie,1.031834502000555e-06
hai,1.031834502000555e-06
macroecono,1.031834502000555e-06
xcix,1.031834502000555e-06
auo,1.031834502000555e-06
phipp,1.031834502000555e-06
tob,1.031834502000555e-06
compatriot,1.031834502000555e-06
rex,1.031834502000555e-06
infecti,1.031834502000555e-06
msm,1.031834502000555e-06
gumbel,1.031834502000555e-06
unmet,1.031834502000555e-06
axelrod,1.031834502000555e-06
ifc,1.031834502000555e-06
apb,1.031834502000555e-06
dynasti,1.031834502000555e-06
chef,1.031834502000555e-06
gokhal,1.031834502000555e-06
nonexperiment,1.031834502000555e-06
carsten,1.031834502000555e-06
francesco,1.031834502000555e-06
otc,1.031834502000555e-06
galor,1.031834502000555e-06
unimprov,1.031834502000555e-06
scientifiqu,1.031834502000555e-06
klevorick,1.031834502000555e-06
nnl,1.031834502000555e-06
wvi,1.031834502000555e-06
sae,1.031834502000555e-06
cqi,1.031834502000555e-06
apn,1.031834502000555e-06
yearonyear,1.031834502000555e-06
afr,1.031834502000555e-06
conglom,1.031834502000555e-06
dtj,1.031834502000555e-06
idiosyn,1.031834502000555e-06
mira,1.031834502000555e-06
aussi,1.031834502000555e-06
kaminski,1.031834502000555e-06
oki,1.031834502000555e-06
nonuniqu,1.031834502000555e-06
childrear,1.031834502000555e-06
yii,1.031834502000555e-06
expi,1.031834502000555e-06
ition,1.031834502000555e-06
hmo,1.031834502000555e-06
termn,1.031834502000555e-06
sacramento,1.031834502000555e-06
anm,1.031834502000555e-06
dil,1.031834502000555e-06
periodon,1.031834502000555e-06
iiid,1.031834502000555e-06
mexi,1.031834502000555e-06
driv,1.031834502000555e-06
chakravarti,1.031834502000555e-06
broadway,1.031834502000555e-06
voir,1.031834502000555e-06
implausi,1.031834502000555e-06
egr,1.031834502000555e-06
humboldt,1.031834502000555e-06
nrp,1.031834502000555e-06
outpati,1.031834502000555e-06
psychiatr,1.031834502000555e-06
hyperplan,1.031834502000555e-06
mikhail,1.031834502000555e-06
minc,1.031834502000555e-06
demanda,1.031834502000555e-06
reswitch,1.031834502000555e-06
talbot,1.031834502000555e-06
longhorizon,1.031834502000555e-06
areawid,1.031834502000555e-06
breast,1.031834502000555e-06
dqd,1.031834502000555e-06
sheridan,1.031834502000555e-06
mushkin,1.031834502000555e-06
cqo,6.878896680003701e-07
rej,6.878896680003701e-07
pwp,6.878896680003701e-07
leaveit,6.878896680003701e-07
itarian,6.878896680003701e-07
ozon,6.878896680003701e-07
geneticist,6.878896680003701e-07
jacksonvill,6.878896680003701e-07
johansen,6.878896680003701e-07
sirey,6.878896680003701e-07
logq,6.878896680003701e-07
plat,6.878896680003701e-07
upperlevel,6.878896680003701e-07
pqs,6.878896680003701e-07
aen,6.878896680003701e-07
auer,6.878896680003701e-07
plql,6.878896680003701e-07
exemplar,6.878896680003701e-07
duit,6.878896680003701e-07
nonindepend,6.878896680003701e-07
amit,6.878896680003701e-07
aqa,6.878896680003701e-07
costminim,6.878896680003701e-07
ppu,6.878896680003701e-07
hector,6.878896680003701e-07
rajasthan,6.878896680003701e-07
xxc,6.878896680003701e-07
eyx,6.878896680003701e-07
niger,6.878896680003701e-07
arrowdebreu,6.878896680003701e-07
czc,6.878896680003701e-07
speciali,6.878896680003701e-07
chise,6.878896680003701e-07
dodo,6.878896680003701e-07
mathematica,6.878896680003701e-07
inforn,6.878896680003701e-07
lyy,6.878896680003701e-07
ashok,6.878896680003701e-07
athanasio,6.878896680003701e-07
ime,6.878896680003701e-07
nonfat,6.878896680003701e-07
dmr,6.878896680003701e-07
threestag,6.878896680003701e-07
rodriguez,6.878896680003701e-07
kkl,6.878896680003701e-07
frey,6.878896680003701e-07
crr,6.878896680003701e-07
wad,6.878896680003701e-07
kleiman,6.878896680003701e-07
audrey,6.878896680003701e-07
intracountri,6.878896680003701e-07
nonexclud,6.878896680003701e-07
firefight,6.878896680003701e-07
lol,6.878896680003701e-07
equationi,6.878896680003701e-07
ntt,6.878896680003701e-07
ibb,6.878896680003701e-07
leontieftyp,6.878896680003701e-07
californiaberkeley,6.878896680003701e-07
ftl,6.878896680003701e-07
noisi,6.878896680003701e-07
bergla,6.878896680003701e-07
irg,6.878896680003701e-07
ieee,6.878896680003701e-07
mccoy,6.878896680003701e-07
kdk,6.878896680003701e-07
schmalense,6.878896680003701e-07
lecol,6.878896680003701e-07
rfr,6.878896680003701e-07
backlash,6.878896680003701e-07
jung,6.878896680003701e-07
eus,6.878896680003701e-07
larson,6.878896680003701e-07
bft,6.878896680003701e-07
ppf,6.878896680003701e-07
centroid,6.878896680003701e-07
utn,6.878896680003701e-07
fep,6.878896680003701e-07
xor,6.878896680003701e-07
axn,6.878896680003701e-07
gir,6.878896680003701e-07
vao,6.878896680003701e-07
daj,6.878896680003701e-07
transactioncost,6.878896680003701e-07
alis,6.878896680003701e-07
beginningofperiod,6.878896680003701e-07
wwo,6.878896680003701e-07
aix,6.878896680003701e-07
knightian,6.878896680003701e-07
sient,6.878896680003701e-07
posterior,6.878896680003701e-07
marilyn,6.878896680003701e-07
pci,6.878896680003701e-07
detec,6.878896680003701e-07
programa,6.878896680003701e-07
thejob,6.878896680003701e-07
ozo,6.878896680003701e-07
racist,6.878896680003701e-07
energyus,6.878896680003701e-07
augustseptemb,6.878896680003701e-07
lrn,6.878896680003701e-07
qwi,6.878896680003701e-07
macarthur,6.878896680003701e-07
onefor,6.878896680003701e-07
intersec,6.878896680003701e-07
nonoverlap,6.878896680003701e-07
tir,6.878896680003701e-07
mtt,6.878896680003701e-07
resultsa,6.878896680003701e-07
thatx,6.878896680003701e-07
coeditor,6.878896680003701e-07
fourthord,6.878896680003701e-07
diagno,6.878896680003701e-07
univari,6.878896680003701e-07
figuir,6.878896680003701e-07
eft,6.878896680003701e-07
dct,6.878896680003701e-07
municipali,6.878896680003701e-07
highpaid,6.878896680003701e-07
bab,6.878896680003701e-07
antoni,6.878896680003701e-07
glb,6.878896680003701e-07
undirect,6.878896680003701e-07
valueweight,6.878896680003701e-07
xtyt,6.878896680003701e-07
priestley,6.878896680003701e-07
variablesth,6.878896680003701e-07
scanlon,6.878896680003701e-07
cxviii,6.878896680003701e-07
paperth,6.878896680003701e-07
lave,6.878896680003701e-07
athi,6.878896680003701e-07
keim,6.878896680003701e-07
birkhoff,6.878896680003701e-07
calv,6.878896680003701e-07
trr,6.878896680003701e-07
meanstest,6.878896680003701e-07
nda,6.878896680003701e-07
leverhulm,6.878896680003701e-07
fixedwag,6.878896680003701e-07
husbandwif,6.878896680003701e-07
prd,6.878896680003701e-07
sns,6.878896680003701e-07
savvi,6.878896680003701e-07
jfl,6.878896680003701e-07
udi,6.878896680003701e-07
bose,6.878896680003701e-07
rys,6.878896680003701e-07
iea,6.878896680003701e-07
nason,6.878896680003701e-07
kunz,6.878896680003701e-07
sart,6.878896680003701e-07
nondiversifi,6.878896680003701e-07
cnd,6.878896680003701e-07
firmi,6.878896680003701e-07
norsworthi,6.878896680003701e-07
markowitz,6.878896680003701e-07
url,6.878896680003701e-07
rdintens,6.878896680003701e-07
orc,6.878896680003701e-07
xpl,6.878896680003701e-07
meanrevers,6.878896680003701e-07
spa,6.878896680003701e-07
motherhood,6.878896680003701e-07
jain,6.878896680003701e-07
americani,6.878896680003701e-07
funk,6.878896680003701e-07
fuell,6.878896680003701e-07
salkev,6.878896680003701e-07
smallsampl,6.878896680003701e-07
taneiti,6.878896680003701e-07
leipnik,6.878896680003701e-07
imb,6.878896680003701e-07
wrigley,6.878896680003701e-07
witl,6.878896680003701e-07
notforprofit,6.878896680003701e-07
agg,6.878896680003701e-07
sce,6.878896680003701e-07
vab,6.878896680003701e-07
nextbest,6.878896680003701e-07
dpr,6.878896680003701e-07
trs,6.878896680003701e-07
aib,6.878896680003701e-07
takayama,6.878896680003701e-07
hiroshi,6.878896680003701e-07
jani,6.878896680003701e-07
tcc,6.878896680003701e-07
alo,6.878896680003701e-07
offth,6.878896680003701e-07
eyo,6.878896680003701e-07
allj,6.878896680003701e-07
bbb,6.878896680003701e-07
ivv,6.878896680003701e-07
abbr,6.878896680003701e-07
doit,6.878896680003701e-07
vue,6.878896680003701e-07
treadway,6.878896680003701e-07
contraint,6.878896680003701e-07
optimiza,6.878896680003701e-07
reanalysi,6.878896680003701e-07
duboi,6.878896680003701e-07
geoff,6.878896680003701e-07
ghent,6.878896680003701e-07
pdz,6.878896680003701e-07
sandra,6.878896680003701e-07
ssg,6.878896680003701e-07
deti,6.878896680003701e-07
alx,6.878896680003701e-07
empirebuild,6.878896680003701e-07
npt,6.878896680003701e-07
learner,6.878896680003701e-07
mispercept,6.878896680003701e-07
uql,6.878896680003701e-07
nonident,6.878896680003701e-07
suprema,6.878896680003701e-07
multicol,6.878896680003701e-07
gkl,6.878896680003701e-07
equilibriumn,6.878896680003701e-07
overweigh,6.878896680003701e-07
lwi,6.878896680003701e-07
stirl,6.878896680003701e-07
beri,6.878896680003701e-07
manovskii,6.878896680003701e-07
calo,6.878896680003701e-07
needham,6.878896680003701e-07
gujarat,6.878896680003701e-07
reformu,6.878896680003701e-07
vla,6.878896680003701e-07
esa,6.878896680003701e-07
cvii,6.878896680003701e-07
yor,6.878896680003701e-07
feiwel,6.878896680003701e-07
kirbi,6.878896680003701e-07
adol,6.878896680003701e-07
lxxxviii,6.878896680003701e-07
sutton,6.878896680003701e-07
typist,6.878896680003701e-07
hayward,6.878896680003701e-07
deadend,6.878896680003701e-07
logarith,6.878896680003701e-07
nonincreas,6.878896680003701e-07
fcl,6.878896680003701e-07
qwl,6.878896680003701e-07
hara,6.878896680003701e-07
counteroff,6.878896680003701e-07
woeful,6.878896680003701e-07
circumfer,6.878896680003701e-07
capitalscarc,6.878896680003701e-07
mori,6.878896680003701e-07
wpo,6.878896680003701e-07
bergman,6.878896680003701e-07
compan,6.878896680003701e-07
ccj,6.878896680003701e-07
pfout,6.878896680003701e-07
lazarsfeld,6.878896680003701e-07
oji,6.878896680003701e-07
overidentifi,6.878896680003701e-07
rda,6.878896680003701e-07
ippolito,6.878896680003701e-07
isomorph,6.878896680003701e-07
tand,6.878896680003701e-07
indexa,6.878896680003701e-07
rosenth,6.878896680003701e-07
maastricht,6.878896680003701e-07
homemak,6.878896680003701e-07
ptp,6.878896680003701e-07
gular,6.878896680003701e-07
mouton,6.878896680003701e-07
resourcebas,6.878896680003701e-07
rightmost,6.878896680003701e-07
twoterm,6.878896680003701e-07
basingstok,6.878896680003701e-07
dorn,6.878896680003701e-07
ahi,6.878896680003701e-07
addisonwesley,6.878896680003701e-07
piecewis,6.878896680003701e-07
titiv,6.878896680003701e-07
rtd,6.878896680003701e-07
demogra,6.878896680003701e-07
nmodel,6.878896680003701e-07
uio,6.878896680003701e-07
schnabel,6.878896680003701e-07
kathleen,6.878896680003701e-07
secut,6.878896680003701e-07
lanalys,6.878896680003701e-07
ioannid,6.878896680003701e-07
ifh,6.878896680003701e-07
sang,6.878896680003701e-07
homecountri,6.878896680003701e-07
uarter,6.878896680003701e-07
sili,6.878896680003701e-07
sinn,6.878896680003701e-07
groundwat,6.878896680003701e-07
stoneman,6.878896680003701e-07
xtpt,6.878896680003701e-07
xjo,6.878896680003701e-07
imize,6.878896680003701e-07
jthe,6.878896680003701e-07
bentley,6.878896680003701e-07
lyi,6.878896680003701e-07
esiz,6.878896680003701e-07
axj,6.878896680003701e-07
pdt,6.878896680003701e-07
asymp,6.878896680003701e-07
curva,6.878896680003701e-07
epr,6.878896680003701e-07
chic,6.878896680003701e-07
entiabl,6.878896680003701e-07
ofjob,6.878896680003701e-07
pwa,6.878896680003701e-07
terrenc,6.878896680003701e-07
foa,6.878896680003701e-07
maki,6.878896680003701e-07
interestgroup,6.878896680003701e-07
hpo,6.878896680003701e-07
presup,6.878896680003701e-07
modelfor,6.878896680003701e-07
sewel,6.878896680003701e-07
gee,6.878896680003701e-07
unlist,6.878896680003701e-07
fiz,6.878896680003701e-07
sixdigit,6.878896680003701e-07
pxt,6.878896680003701e-07
nondomin,6.878896680003701e-07
siegfri,6.878896680003701e-07
bellman,6.878896680003701e-07
smallcountri,6.878896680003701e-07
odo,6.878896680003701e-07
illa,6.878896680003701e-07
barrag,6.878896680003701e-07
yir,6.878896680003701e-07
stripe,6.878896680003701e-07
vvo,6.878896680003701e-07
knee,6.878896680003701e-07
purer,6.878896680003701e-07
cxiii,6.878896680003701e-07
lox,6.878896680003701e-07
nonmarri,6.878896680003701e-07
fong,6.878896680003701e-07
equals,6.878896680003701e-07
unitelast,6.878896680003701e-07
svensson,6.878896680003701e-07
ijiri,6.878896680003701e-07
genr,6.878896680003701e-07
tres,6.878896680003701e-07
rabil,6.878896680003701e-07
referenda,6.878896680003701e-07
ajt,6.878896680003701e-07
ifm,6.878896680003701e-07
serf,6.878896680003701e-07
nerat,6.878896680003701e-07
yyl,6.878896680003701e-07
witn,6.878896680003701e-07
quel,6.878896680003701e-07
ewi,6.878896680003701e-07
xoy,6.878896680003701e-07
hyslop,6.878896680003701e-07
lca,6.878896680003701e-07
oeo,6.878896680003701e-07
fds,6.878896680003701e-07
timein,6.878896680003701e-07
rvl,6.878896680003701e-07
sexton,6.878896680003701e-07
ograph,6.878896680003701e-07
rks,6.878896680003701e-07
cett,6.878896680003701e-07
gkt,6.878896680003701e-07
mia,6.878896680003701e-07
seul,6.878896680003701e-07
bix,6.878896680003701e-07
satisfic,6.878896680003701e-07
rami,6.878896680003701e-07
consomm,6.878896680003701e-07
ajm,6.878896680003701e-07
wwi,6.878896680003701e-07
naliz,6.878896680003701e-07
carvalho,6.878896680003701e-07
xbx,6.878896680003701e-07
democra,6.878896680003701e-07
unat,6.878896680003701e-07
paretosuperior,6.878896680003701e-07
fundamentalist,6.878896680003701e-07
inq,6.878896680003701e-07
hardwork,6.878896680003701e-07
kpp,6.878896680003701e-07
eal,6.878896680003701e-07
pretest,6.878896680003701e-07
marqu,6.878896680003701e-07
inid,6.878896680003701e-07
rnk,6.878896680003701e-07
bsignific,6.878896680003701e-07
preselect,6.878896680003701e-07
avc,6.878896680003701e-07
msa,6.878896680003701e-07
outof,6.878896680003701e-07
submatric,6.878896680003701e-07
dib,6.878896680003701e-07
kilometr,6.878896680003701e-07
gul,6.878896680003701e-07
infrastruc,6.878896680003701e-07
obes,6.878896680003701e-07
equilibriuma,6.878896680003701e-07
uttar,6.878896680003701e-07
afriat,6.878896680003701e-07
sfs,6.878896680003701e-07
yvi,6.878896680003701e-07
eip,6.878896680003701e-07
jpi,6.878896680003701e-07
archaeolog,6.878896680003701e-07
ffl,6.878896680003701e-07
sji,6.878896680003701e-07
shortsel,6.878896680003701e-07
influenza,6.878896680003701e-07
hort,6.878896680003701e-07
yrt,6.878896680003701e-07
irp,6.878896680003701e-07
ukt,6.878896680003701e-07
uil,6.878896680003701e-07
fonction,6.878896680003701e-07
proced,6.878896680003701e-07
andfor,6.878896680003701e-07
otr,6.878896680003701e-07
regulari,6.878896680003701e-07
zzo,6.878896680003701e-07
twoclass,6.878896680003701e-07
cda,6.878896680003701e-07
logyi,6.878896680003701e-07
lxxxv,6.878896680003701e-07
crimi,6.878896680003701e-07
dft,6.878896680003701e-07
interhousehold,6.878896680003701e-07
donner,6.878896680003701e-07
preelect,6.878896680003701e-07
totic,6.878896680003701e-07
ljj,6.878896680003701e-07
rrt,6.878896680003701e-07
dtl,6.878896680003701e-07
rse,6.878896680003701e-07
pissarid,6.878896680003701e-07
yand,6.878896680003701e-07
apti,6.878896680003701e-07
tfn,6.878896680003701e-07
ech,6.878896680003701e-07
asu,6.878896680003701e-07
andes,6.878896680003701e-07
yln,6.878896680003701e-07
lle,6.878896680003701e-07
cqr,6.878896680003701e-07
stillman,6.878896680003701e-07
krannert,6.878896680003701e-07
lom,6.878896680003701e-07
istanbul,6.878896680003701e-07
ife,6.878896680003701e-07
atf,6.878896680003701e-07
ofc,6.878896680003701e-07
selfinsur,6.878896680003701e-07
archer,6.878896680003701e-07
pretrial,6.878896680003701e-07
xol,6.878896680003701e-07
cashinadv,6.878896680003701e-07
lthis,6.878896680003701e-07
uxk,6.878896680003701e-07
childcar,6.878896680003701e-07
harshest,6.878896680003701e-07
apap,6.878896680003701e-07
tsp,6.878896680003701e-07
lott,6.878896680003701e-07
alok,6.878896680003701e-07
ducibl,6.878896680003701e-07
pedigre,6.878896680003701e-07
akr,6.878896680003701e-07
wiv,6.878896680003701e-07
inari,6.878896680003701e-07
geomet,6.878896680003701e-07
joshi,6.878896680003701e-07
nla,6.878896680003701e-07
postindustri,6.878896680003701e-07
econiometrica,6.878896680003701e-07
clr,6.878896680003701e-07
fyo,6.878896680003701e-07
ssi,6.878896680003701e-07
psr,6.878896680003701e-07
axo,6.878896680003701e-07
yanni,6.878896680003701e-07
giovanna,6.878896680003701e-07
interprovinci,6.878896680003701e-07
qqq,6.878896680003701e-07
outofwork,6.878896680003701e-07
pxe,6.878896680003701e-07
ero,6.878896680003701e-07
dud,6.878896680003701e-07
gii,6.878896680003701e-07
nmp,6.878896680003701e-07
tst,6.878896680003701e-07
maa,6.878896680003701e-07
wji,6.878896680003701e-07
fhe,6.878896680003701e-07
xyj,6.878896680003701e-07
hilbert,6.878896680003701e-07
nid,6.878896680003701e-07
ltl,6.878896680003701e-07
tna,6.878896680003701e-07
hth,6.878896680003701e-07
tietz,6.878896680003701e-07
trom,6.878896680003701e-07
raaj,6.878896680003701e-07
mfl,6.878896680003701e-07
clarida,6.878896680003701e-07
nonwelfar,6.878896680003701e-07
akf,6.878896680003701e-07
oko,6.878896680003701e-07
bfa,6.878896680003701e-07
bsa,6.878896680003701e-07
dmitri,6.878896680003701e-07
psychometrika,6.878896680003701e-07
raider,6.878896680003701e-07
infl,6.878896680003701e-07
laborabund,6.878896680003701e-07
mccain,6.878896680003701e-07
brigham,6.878896680003701e-07
blk,6.878896680003701e-07
wyplosz,6.878896680003701e-07
debreus,6.878896680003701e-07
bernhard,6.878896680003701e-07
pta,6.878896680003701e-07
untransform,6.878896680003701e-07
aan,6.878896680003701e-07
blx,6.878896680003701e-07
dql,6.878896680003701e-07
niel,6.878896680003701e-07
ferson,6.878896680003701e-07
iad,6.878896680003701e-07
llf,6.878896680003701e-07
capitalincom,6.878896680003701e-07
nmi,6.878896680003701e-07
meehan,6.878896680003701e-07
felip,6.878896680003701e-07
ayn,6.878896680003701e-07
secondgener,6.878896680003701e-07
aisl,6.878896680003701e-07
untruth,6.878896680003701e-07
gyp,6.878896680003701e-07
matri,6.878896680003701e-07
wiseman,6.878896680003701e-07
mustard,6.878896680003701e-07
obc,6.878896680003701e-07
idt,6.878896680003701e-07
quarterlyjourn,6.878896680003701e-07
hirsh,6.878896680003701e-07
qlo,6.878896680003701e-07
lyst,6.878896680003701e-07
jef,6.878896680003701e-07
oneunit,6.878896680003701e-07
telecommunica,6.878896680003701e-07
tyt,6.878896680003701e-07
mcgowan,6.878896680003701e-07
holist,6.878896680003701e-07
gousli,6.878896680003701e-07
macrodata,6.878896680003701e-07
abovedescrib,6.878896680003701e-07
mpl,6.878896680003701e-07
tdi,6.878896680003701e-07
igt,6.878896680003701e-07
garsington,6.878896680003701e-07
hicksallen,6.878896680003701e-07
tabi,6.878896680003701e-07
cogni,6.878896680003701e-07
rtt,6.878896680003701e-07
daytim,6.878896680003701e-07
cpm,6.878896680003701e-07
boj,6.878896680003701e-07
eoi,6.878896680003701e-07
tce,6.878896680003701e-07
overcon,6.878896680003701e-07
heckman,6.878896680003701e-07
firstdegre,6.878896680003701e-07
etal,6.878896680003701e-07
mnt,6.878896680003701e-07
whop,6.878896680003701e-07
ameni,6.878896680003701e-07
vogelsang,6.878896680003701e-07
oreilli,6.878896680003701e-07
metrika,6.878896680003701e-07
subop,6.878896680003701e-07
oyl,6.878896680003701e-07
tul,6.878896680003701e-07
higherthanaverag,6.878896680003701e-07
luggag,6.878896680003701e-07
dyt,6.878896680003701e-07
mte,6.878896680003701e-07
dnk,6.878896680003701e-07
naci,6.878896680003701e-07
colinear,6.878896680003701e-07
unantici,6.878896680003701e-07
noo,6.878896680003701e-07
oneto,6.878896680003701e-07
underidentifi,6.878896680003701e-07
mattila,6.878896680003701e-07
sqi,6.878896680003701e-07
taq,6.878896680003701e-07
rosenzweig,6.878896680003701e-07
pnl,6.878896680003701e-07
purvi,6.878896680003701e-07
jennrich,6.878896680003701e-07
rtv,6.878896680003701e-07
prat,6.878896680003701e-07
enriqu,6.878896680003701e-07
atp,6.878896680003701e-07
yew,6.878896680003701e-07
qyt,6.878896680003701e-07
hamermesh,6.878896680003701e-07
cantor,6.878896680003701e-07
salem,6.878896680003701e-07
esc,6.878896680003701e-07
kruse,6.878896680003701e-07
fpt,6.878896680003701e-07
enm,6.878896680003701e-07
qatar,6.878896680003701e-07
bpo,6.878896680003701e-07
daley,6.878896680003701e-07
sussman,6.878896680003701e-07
lieberman,6.878896680003701e-07
ieb,6.878896680003701e-07
sanchez,6.878896680003701e-07
bler,6.878896680003701e-07
igan,6.878896680003701e-07
dwdt,6.878896680003701e-07
cdf,6.878896680003701e-07
ulu,6.878896680003701e-07
banize,6.878896680003701e-07
ftf,6.878896680003701e-07
ppj,6.878896680003701e-07
phillipscurv,6.878896680003701e-07
lemieux,6.878896680003701e-07
oyer,6.878896680003701e-07
pnt,6.878896680003701e-07
ntl,6.878896680003701e-07
uniformpric,6.878896680003701e-07
tpo,6.878896680003701e-07
mrm,6.878896680003701e-07
usl,6.878896680003701e-07
nondiscretionari,6.878896680003701e-07
masao,6.878896680003701e-07
nagar,6.878896680003701e-07
kyo,6.878896680003701e-07
levinsohn,6.878896680003701e-07
aul,6.878896680003701e-07
ebt,6.878896680003701e-07
zii,6.878896680003701e-07
mok,6.878896680003701e-07
yyp,6.878896680003701e-07
cec,6.878896680003701e-07
awo,6.878896680003701e-07
lbo,6.878896680003701e-07
averch,6.878896680003701e-07
wellsuit,6.878896680003701e-07
voo,6.878896680003701e-07
astandard,6.878896680003701e-07
contingen,6.878896680003701e-07
italia,6.878896680003701e-07
barberi,6.878896680003701e-07
timeintens,6.878896680003701e-07
bhatia,6.878896680003701e-07
nonstockhold,6.878896680003701e-07
aunt,6.878896680003701e-07
mccleari,6.878896680003701e-07
env,6.878896680003701e-07
bwi,6.878896680003701e-07
putti,6.878896680003701e-07
mathema,6.878896680003701e-07
bldg,6.878896680003701e-07
alni,6.878896680003701e-07
hannan,6.878896680003701e-07
fant,6.878896680003701e-07
kpl,6.878896680003701e-07
itp,6.878896680003701e-07
scc,6.878896680003701e-07
rkr,6.878896680003701e-07
bjrn,6.878896680003701e-07
calhoun,6.878896680003701e-07
contr,6.878896680003701e-07
fto,6.878896680003701e-07
olm,6.878896680003701e-07
onboard,6.878896680003701e-07
gop,6.878896680003701e-07
strippeddown,6.878896680003701e-07
cjl,6.878896680003701e-07
syrian,6.878896680003701e-07
todaro,6.878896680003701e-07
kjx,6.878896680003701e-07
expropria,6.878896680003701e-07
bcr,6.878896680003701e-07
nullhypothesi,6.878896680003701e-07
newberi,6.878896680003701e-07
baccalaur,6.878896680003701e-07
pharmaceuti,6.878896680003701e-07
randi,6.878896680003701e-07
vco,6.878896680003701e-07
evj,6.878896680003701e-07
sensori,6.878896680003701e-07
xpt,6.878896680003701e-07
xoc,6.878896680003701e-07
bki,6.878896680003701e-07
runway,6.878896680003701e-07
nlr,6.878896680003701e-07
bergsonsamuelson,6.878896680003701e-07
cpt,6.878896680003701e-07
litan,6.878896680003701e-07
bacharach,6.878896680003701e-07
abdul,6.878896680003701e-07
cln,6.878896680003701e-07
hco,6.878896680003701e-07
preorder,6.878896680003701e-07
cursiv,6.878896680003701e-07
christina,6.878896680003701e-07
tiff,6.878896680003701e-07
guyana,6.878896680003701e-07
nonviol,6.878896680003701e-07
jtl,6.878896680003701e-07
killer,6.878896680003701e-07
somalia,6.878896680003701e-07
thew,6.878896680003701e-07
pso,6.878896680003701e-07
hxo,6.878896680003701e-07
lal,6.878896680003701e-07
santomero,6.878896680003701e-07
qeq,6.878896680003701e-07
ona,6.878896680003701e-07
miqu,6.878896680003701e-07
politicaleconomi,6.878896680003701e-07
mosh,6.878896680003701e-07
npi,6.878896680003701e-07
salop,6.878896680003701e-07
cfs,6.878896680003701e-07
industrylevel,6.878896680003701e-07
feloni,6.878896680003701e-07
ridder,6.878896680003701e-07
toj,6.878896680003701e-07
februarymarch,6.878896680003701e-07
heien,6.878896680003701e-07
statetost,6.878896680003701e-07
aqx,6.878896680003701e-07
wardslop,6.878896680003701e-07
iiu,6.878896680003701e-07
pza,6.878896680003701e-07
airi,6.878896680003701e-07
llll,6.878896680003701e-07
pid,6.878896680003701e-07
eid,6.878896680003701e-07
hip,6.878896680003701e-07
bewley,6.878896680003701e-07
cxo,6.878896680003701e-07
dropoff,6.878896680003701e-07
reappli,6.878896680003701e-07
hyun,6.878896680003701e-07
bxj,6.878896680003701e-07
jorg,6.878896680003701e-07
economich,6.878896680003701e-07
ecent,6.878896680003701e-07
flm,6.878896680003701e-07
leftov,6.878896680003701e-07
ofeconom,6.878896680003701e-07
trainer,6.878896680003701e-07
cargil,6.878896680003701e-07
weizsack,6.878896680003701e-07
tsa,6.878896680003701e-07
kyle,6.878896680003701e-07
kab,6.878896680003701e-07
pma,6.878896680003701e-07
devin,6.878896680003701e-07
afh,6.878896680003701e-07
usercost,6.878896680003701e-07
equationsa,6.878896680003701e-07
cvt,6.878896680003701e-07
welfareincreas,6.878896680003701e-07
twi,6.878896680003701e-07
californiasanta,6.878896680003701e-07
crn,6.878896680003701e-07
ymn,6.878896680003701e-07
kok,6.878896680003701e-07
tiq,6.878896680003701e-07
venci,6.878896680003701e-07
twodimen,6.878896680003701e-07
ixb,6.878896680003701e-07
jjj,6.878896680003701e-07
pkc,6.878896680003701e-07
ipj,6.878896680003701e-07
insu,6.878896680003701e-07
hibb,6.878896680003701e-07
hitoshi,6.878896680003701e-07
diation,6.878896680003701e-07
bod,6.878896680003701e-07
rno,6.878896680003701e-07
dsa,6.878896680003701e-07
spp,6.878896680003701e-07
yno,6.878896680003701e-07
kpx,6.878896680003701e-07
procyc,6.878896680003701e-07
drandaki,6.878896680003701e-07
kqt,6.878896680003701e-07
inar,6.878896680003701e-07
logc,6.878896680003701e-07
xyt,6.878896680003701e-07
iyo,6.878896680003701e-07
unction,6.878896680003701e-07
highdens,6.878896680003701e-07
backload,6.878896680003701e-07
dxt,6.878896680003701e-07
lowtax,6.878896680003701e-07
epm,6.878896680003701e-07
matzkin,6.878896680003701e-07
olp,6.878896680003701e-07
hester,6.878896680003701e-07
slo,6.878896680003701e-07
anytim,6.878896680003701e-07
nonenergi,6.878896680003701e-07
nishimura,6.878896680003701e-07
kam,6.878896680003701e-07
nun,6.878896680003701e-07
ofd,6.878896680003701e-07
pth,6.878896680003701e-07
tja,6.878896680003701e-07
zak,6.878896680003701e-07
piri,6.878896680003701e-07
lpt,6.878896680003701e-07
xcv,6.878896680003701e-07
jere,6.878896680003701e-07
nrl,6.878896680003701e-07
intergenera,6.878896680003701e-07
certi,6.878896680003701e-07
pfc,6.878896680003701e-07
pamela,6.878896680003701e-07
koc,6.878896680003701e-07
marsh,6.878896680003701e-07
kmi,6.878896680003701e-07
confiden,6.878896680003701e-07
billi,6.878896680003701e-07
atheneum,6.878896680003701e-07
vand,6.878896680003701e-07
pricedividend,6.878896680003701e-07
trn,6.878896680003701e-07
dividendpric,6.878896680003701e-07
zzz,6.878896680003701e-07
benz,6.878896680003701e-07
pugel,6.878896680003701e-07
tiv,6.878896680003701e-07
resultthat,6.878896680003701e-07
facial,6.878896680003701e-07
monk,6.878896680003701e-07
ctb,6.878896680003701e-07
comov,6.878896680003701e-07
exa,6.878896680003701e-07
californiadavi,6.878896680003701e-07
epj,6.878896680003701e-07
franck,6.878896680003701e-07
cici,6.878896680003701e-07
backoftheenvelop,6.878896680003701e-07
aal,6.878896680003701e-07
pasadena,6.878896680003701e-07
pup,6.878896680003701e-07
oulton,6.878896680003701e-07
rtq,6.878896680003701e-07
plog,6.878896680003701e-07
peq,6.878896680003701e-07
nonacceler,6.878896680003701e-07
yis,6.878896680003701e-07
ballpark,6.878896680003701e-07
eligibil,6.878896680003701e-07
selfimag,6.878896680003701e-07
dki,6.878896680003701e-07
gai,6.878896680003701e-07
oneon,6.878896680003701e-07
pectanc,6.878896680003701e-07
uci,6.878896680003701e-07
jkl,6.878896680003701e-07
insampl,6.878896680003701e-07
dji,6.878896680003701e-07
ilia,6.878896680003701e-07
lowerpay,6.878896680003701e-07
oee,6.878896680003701e-07
ayd,6.878896680003701e-07
helpman,6.878896680003701e-07
eitan,6.878896680003701e-07
keat,6.878896680003701e-07
inp,6.878896680003701e-07
pqi,6.878896680003701e-07
ien,6.878896680003701e-07
wolfram,6.878896680003701e-07
rlr,6.878896680003701e-07
nit,6.878896680003701e-07
frequentist,6.878896680003701e-07
ilog,6.878896680003701e-07
insideroutsid,6.878896680003701e-07
asignific,6.878896680003701e-07
intergen,6.878896680003701e-07
osl,6.878896680003701e-07
effectsth,6.878896680003701e-07
staffan,6.878896680003701e-07
prism,6.878896680003701e-07
bidask,6.878896680003701e-07
skaperda,6.878896680003701e-07
axc,6.878896680003701e-07
dora,6.878896680003701e-07
raf,6.878896680003701e-07
cma,6.878896680003701e-07
sle,6.878896680003701e-07
swi,6.878896680003701e-07
ylx,6.878896680003701e-07
amp,6.878896680003701e-07
veg,6.878896680003701e-07
plicant,6.878896680003701e-07
xmn,6.878896680003701e-07
blip,6.878896680003701e-07
hurrican,6.878896680003701e-07
samplea,6.878896680003701e-07
mln,6.878896680003701e-07
xim,6.878896680003701e-07
xsj,6.878896680003701e-07
blume,6.878896680003701e-07
obi,6.878896680003701e-07
mnn,6.878896680003701e-07
houthak,6.878896680003701e-07
wie,6.878896680003701e-07
underin,6.878896680003701e-07
prasad,6.878896680003701e-07
keyboard,6.878896680003701e-07
tla,6.878896680003701e-07
bian,6.878896680003701e-07
vlp,6.878896680003701e-07
bpi,6.878896680003701e-07
recr,6.878896680003701e-07
vicki,6.878896680003701e-07
parsi,6.878896680003701e-07
dkl,6.878896680003701e-07
zli,6.878896680003701e-07
dzt,6.878896680003701e-07
grout,6.878896680003701e-07
derson,6.878896680003701e-07
mator,6.878896680003701e-07
strom,6.878896680003701e-07
ayay,6.878896680003701e-07
ornstein,6.878896680003701e-07
boc,6.878896680003701e-07
xso,6.878896680003701e-07
etj,6.878896680003701e-07
rml,6.878896680003701e-07
zao,6.878896680003701e-07
pxp,6.878896680003701e-07
intransit,6.878896680003701e-07
mian,6.878896680003701e-07
lik,6.878896680003701e-07
mcq,6.878896680003701e-07
doiaer,6.878896680003701e-07
bop,6.878896680003701e-07
tropi,6.878896680003701e-07
factbook,6.878896680003701e-07
lini,6.878896680003701e-07
willet,6.878896680003701e-07
melani,6.878896680003701e-07
dollarpound,6.878896680003701e-07
drj,6.878896680003701e-07
reunion,6.878896680003701e-07
timevari,6.878896680003701e-07
brad,6.878896680003701e-07
aestim,6.878896680003701e-07
mug,6.878896680003701e-07
fnl,6.878896680003701e-07
erin,6.878896680003701e-07
compliant,6.878896680003701e-07
tci,6.878896680003701e-07
collegeeduc,6.878896680003701e-07
rwi,6.878896680003701e-07
underdetermin,6.878896680003701e-07
informationprocess,6.878896680003701e-07
iai,6.878896680003701e-07
anom,6.878896680003701e-07
krs,6.878896680003701e-07
luckett,6.878896680003701e-07
kuk,6.878896680003701e-07
eai,6.878896680003701e-07
christiansen,6.878896680003701e-07
coj,6.878896680003701e-07
inca,6.878896680003701e-07
posttrad,6.878896680003701e-07
januaryapril,6.878896680003701e-07
noc,6.878896680003701e-07
mannheim,6.878896680003701e-07
zhao,6.878896680003701e-07
breakpoint,6.878896680003701e-07
sevendigit,6.878896680003701e-07
highestcost,6.878896680003701e-07
iss,6.878896680003701e-07
criminolog,6.878896680003701e-07
tib,6.878896680003701e-07
otf,6.878896680003701e-07
ift,6.878896680003701e-07
signedrank,6.878896680003701e-07
mol,6.878896680003701e-07
forsyth,6.878896680003701e-07
intangi,6.878896680003701e-07
hel,6.878896680003701e-07
gol,6.878896680003701e-07
yol,6.878896680003701e-07
pox,6.878896680003701e-07
lowerrank,6.878896680003701e-07
aon,6.878896680003701e-07
ujk,6.878896680003701e-07
pft,6.878896680003701e-07
qsp,6.878896680003701e-07
michell,6.878896680003701e-07
kurz,6.878896680003701e-07
aox,6.878896680003701e-07
aiii,6.878896680003701e-07
moweri,6.878896680003701e-07
xlk,6.878896680003701e-07
trk,6.878896680003701e-07
riq,6.878896680003701e-07
revealedprefer,6.878896680003701e-07
bhargava,6.878896680003701e-07
pdp,6.878896680003701e-07
oij,6.878896680003701e-07
dong,6.878896680003701e-07
rrc,6.878896680003701e-07
lill,6.878896680003701e-07
psh,6.878896680003701e-07
hirschleif,6.878896680003701e-07
hayashi,6.878896680003701e-07
anat,6.878896680003701e-07
vae,6.878896680003701e-07
pnpn,6.878896680003701e-07
minaci,6.878896680003701e-07
bdt,6.878896680003701e-07
qti,6.878896680003701e-07
hyperinflationari,6.878896680003701e-07
greif,6.878896680003701e-07
kish,6.878896680003701e-07
lti,6.878896680003701e-07
underpric,6.878896680003701e-07
etri,6.878896680003701e-07
hightax,6.878896680003701e-07
autocor,6.878896680003701e-07
costshar,6.878896680003701e-07
burger,6.878896680003701e-07
rtz,6.878896680003701e-07
dyn,6.878896680003701e-07
consensu,6.878896680003701e-07
stokey,6.878896680003701e-07
wheni,6.878896680003701e-07
bsi,6.878896680003701e-07
salesperson,6.878896680003701e-07
firstdifferenc,6.878896680003701e-07
rdp,6.878896680003701e-07
abstractth,6.878896680003701e-07
dural,6.878896680003701e-07
rtr,6.878896680003701e-07
kla,6.878896680003701e-07
kain,6.878896680003701e-07
mro,6.878896680003701e-07
ferreira,6.878896680003701e-07
isd,6.878896680003701e-07
tabellini,6.878896680003701e-07
isfact,6.878896680003701e-07
interconnected,6.878896680003701e-07
vdt,6.878896680003701e-07
orl,6.878896680003701e-07
ijt,6.878896680003701e-07
mrl,6.878896680003701e-07
yri,6.878896680003701e-07
sucker,6.878896680003701e-07
manov,6.878896680003701e-07
sedentari,6.878896680003701e-07
springerverlag,6.878896680003701e-07
oftencit,6.878896680003701e-07
deaton,6.878896680003701e-07
kagel,6.878896680003701e-07
perturba,6.878896680003701e-07
cxii,6.878896680003701e-07
orourk,6.878896680003701e-07
battalio,6.878896680003701e-07
iew,6.878896680003701e-07
logf,6.878896680003701e-07
odt,6.878896680003701e-07
tds,6.878896680003701e-07
tensor,6.878896680003701e-07
sundaram,6.878896680003701e-07
mcmahon,6.878896680003701e-07
zair,6.878896680003701e-07
remarri,6.878896680003701e-07
antidiscrimin,6.878896680003701e-07
misestim,6.878896680003701e-07
pem,6.878896680003701e-07
cleanest,6.878896680003701e-07
fks,6.878896680003701e-07
julia,6.878896680003701e-07
rochell,6.878896680003701e-07
breyer,6.878896680003701e-07
periodbyperiod,6.878896680003701e-07
gott,6.878896680003701e-07
abf,6.878896680003701e-07
kotlikoff,6.878896680003701e-07
rwl,6.878896680003701e-07
jct,6.878896680003701e-07
unmar,6.878896680003701e-07
diana,6.878896680003701e-07
selfreport,6.878896680003701e-07
zivot,6.878896680003701e-07
ioe,6.878896680003701e-07
rdc,6.878896680003701e-07
tercept,6.878896680003701e-07
gmc,6.878896680003701e-07
tvs,6.878896680003701e-07
ecosystem,6.878896680003701e-07
crowdout,6.878896680003701e-07
sethi,6.878896680003701e-07
zni,6.878896680003701e-07
carmichael,6.878896680003701e-07
iik,6.878896680003701e-07
unw,6.878896680003701e-07
apartheid,6.878896680003701e-07
uournal,6.878896680003701e-07
brs,6.878896680003701e-07
choudhri,6.878896680003701e-07
olo,6.878896680003701e-07
millman,6.878896680003701e-07
multidisciplinari,6.878896680003701e-07
apriori,6.878896680003701e-07
oreopoulo,6.878896680003701e-07
nonoecd,6.878896680003701e-07
thn,6.878896680003701e-07
condorcet,6.878896680003701e-07
upjohn,6.878896680003701e-07
frobenius,6.878896680003701e-07
lcl,6.878896680003701e-07
overprovid,6.878896680003701e-07
tyy,6.878896680003701e-07
appren,6.878896680003701e-07
arnott,6.878896680003701e-07
aaj,6.878896680003701e-07
aad,6.878896680003701e-07
dst,6.878896680003701e-07
suh,6.878896680003701e-07
eab,6.878896680003701e-07
ruback,6.878896680003701e-07
thirddegre,6.878896680003701e-07
ysi,6.878896680003701e-07
unant,6.878896680003701e-07
kts,6.878896680003701e-07
notenumb,6.878896680003701e-07
fci,6.878896680003701e-07
nri,6.878896680003701e-07
ija,6.878896680003701e-07
jit,6.878896680003701e-07
qtqt,6.878896680003701e-07
coursey,6.878896680003701e-07
nonindex,6.878896680003701e-07
sargan,6.878896680003701e-07
bsb,6.878896680003701e-07
csa,6.878896680003701e-07
casestudi,6.878896680003701e-07
paretoineffici,6.878896680003701e-07
capitalaccount,6.878896680003701e-07
zoi,6.878896680003701e-07
mmn,6.878896680003701e-07
nonexpect,6.878896680003701e-07
expli,6.878896680003701e-07
dll,6.878896680003701e-07
arturo,6.878896680003701e-07
tworegion,6.878896680003701e-07
artifi,6.878896680003701e-07
nyu,6.878896680003701e-07
izz,6.878896680003701e-07
mrn,6.878896680003701e-07
portiv,6.878896680003701e-07
enn,6.878896680003701e-07
raa,6.878896680003701e-07
ibe,6.878896680003701e-07
lnd,6.878896680003701e-07
boyc,6.878896680003701e-07
floud,6.878896680003701e-07
aqe,6.878896680003701e-07
crucini,6.878896680003701e-07
cko,6.878896680003701e-07
vbi,6.878896680003701e-07
amf,6.878896680003701e-07
avalu,6.878896680003701e-07
timmer,6.878896680003701e-07
orthant,6.878896680003701e-07
vji,6.878896680003701e-07
uzbekistan,6.878896680003701e-07
erickson,6.878896680003701e-07
ecl,6.878896680003701e-07
haan,6.878896680003701e-07
qqi,6.878896680003701e-07
babcock,6.878896680003701e-07
notein,6.878896680003701e-07
sachusett,6.878896680003701e-07
kff,6.878896680003701e-07
xoi,6.878896680003701e-07
falloff,6.878896680003701e-07
fehr,6.878896680003701e-07
mrt,6.878896680003701e-07
hll,6.878896680003701e-07
martial,6.878896680003701e-07
indivisi,6.878896680003701e-07
elx,6.878896680003701e-07
betancourt,6.878896680003701e-07
oversampl,6.878896680003701e-07
quizz,6.878896680003701e-07
chaudhuri,6.878896680003701e-07
vend,6.878896680003701e-07
contempora,6.878896680003701e-07
gile,6.878896680003701e-07
sei,6.878896680003701e-07
arvind,6.878896680003701e-07
pascal,6.878896680003701e-07
asc,6.878896680003701e-07
symm,6.878896680003701e-07
consu,6.878896680003701e-07
qwt,6.878896680003701e-07
dedi,6.878896680003701e-07
ivf,6.878896680003701e-07
ooz,6.878896680003701e-07
dover,6.878896680003701e-07
valeri,6.878896680003701e-07
croix,6.878896680003701e-07
parimutuel,6.878896680003701e-07
timescal,6.878896680003701e-07
svs,6.878896680003701e-07
yar,6.878896680003701e-07
securit,6.878896680003701e-07
igat,6.878896680003701e-07
rsn,6.878896680003701e-07
fls,6.878896680003701e-07
lae,6.878896680003701e-07
gpt,6.878896680003701e-07
monetarypolici,6.878896680003701e-07
pek,6.878896680003701e-07
dryden,6.878896680003701e-07
caa,6.878896680003701e-07
plott,6.878896680003701e-07
gustafson,6.878896680003701e-07
alexandria,6.878896680003701e-07
economa,6.878896680003701e-07
dmd,6.878896680003701e-07
pcq,6.878896680003701e-07
kidney,6.878896680003701e-07
video,6.878896680003701e-07
hasan,6.878896680003701e-07
forn,6.878896680003701e-07
nonco,6.878896680003701e-07
stx,6.878896680003701e-07
axit,6.878896680003701e-07
xiu,6.878896680003701e-07
cardi,6.878896680003701e-07
tnd,6.878896680003701e-07
spheric,6.878896680003701e-07
gxt,6.878896680003701e-07
flavio,6.878896680003701e-07
giora,6.878896680003701e-07
ruben,6.878896680003701e-07
wxt,6.878896680003701e-07
lgl,6.878896680003701e-07
pyk,6.878896680003701e-07
nonlin,6.878896680003701e-07
shelbi,6.878896680003701e-07
hitt,6.878896680003701e-07
redux,6.878896680003701e-07
christiano,6.878896680003701e-07
rafael,6.878896680003701e-07
leifer,6.878896680003701e-07
wdl,6.878896680003701e-07
helena,6.878896680003701e-07
kac,6.878896680003701e-07
fru,6.878896680003701e-07
hic,6.878896680003701e-07
desti,6.878896680003701e-07
disclo,6.878896680003701e-07
plest,6.878896680003701e-07
aiti,6.878896680003701e-07
fjl,6.878896680003701e-07
obo,6.878896680003701e-07
jpn,6.878896680003701e-07
mick,6.878896680003701e-07
trv,6.878896680003701e-07
cesar,6.878896680003701e-07
lisa,6.878896680003701e-07
dyp,6.878896680003701e-07
crossmarket,6.878896680003701e-07
pyy,6.878896680003701e-07
ratebas,6.878896680003701e-07
zweig,6.878896680003701e-07
xnm,6.878896680003701e-07
singu,6.878896680003701e-07
portfoliobal,6.878896680003701e-07
ving,6.878896680003701e-07
loren,6.878896680003701e-07
simonsen,6.878896680003701e-07
yacht,6.878896680003701e-07
ktj,6.878896680003701e-07
blackburn,6.878896680003701e-07
haider,6.878896680003701e-07
harlow,6.878896680003701e-07
efk,6.878896680003701e-07
brandenburg,6.878896680003701e-07
andth,6.878896680003701e-07
dte,6.878896680003701e-07
nim,6.878896680003701e-07
chat,6.878896680003701e-07
quadratur,6.878896680003701e-07
printout,6.878896680003701e-07
mla,6.878896680003701e-07
matician,6.878896680003701e-07
mirer,6.878896680003701e-07
gateway,6.878896680003701e-07
fot,6.878896680003701e-07
eqe,6.878896680003701e-07
tso,6.878896680003701e-07
pln,6.878896680003701e-07
sms,6.878896680003701e-07
marko,6.878896680003701e-07
eber,6.878896680003701e-07
nix,6.878896680003701e-07
jic,6.878896680003701e-07
rowman,6.878896680003701e-07
dqa,6.878896680003701e-07
jenck,6.878896680003701e-07
gild,6.878896680003701e-07
annualis,6.878896680003701e-07
pik,6.878896680003701e-07
rte,6.878896680003701e-07
ttm,6.878896680003701e-07
iak,6.878896680003701e-07
zir,6.878896680003701e-07
xir,6.878896680003701e-07
nonfamili,6.878896680003701e-07
mutant,6.878896680003701e-07
varian,6.878896680003701e-07
mex,6.878896680003701e-07
tjr,6.878896680003701e-07
segrega,6.878896680003701e-07
lxj,6.878896680003701e-07
vertex,6.878896680003701e-07
asj,6.878896680003701e-07
ajoint,6.878896680003701e-07
generaliz,6.878896680003701e-07
mta,6.878896680003701e-07
ytt,6.878896680003701e-07
xjk,6.878896680003701e-07
cristina,6.878896680003701e-07
pkt,6.878896680003701e-07
equiprob,6.878896680003701e-07
realisti,6.878896680003701e-07
structureperform,6.878896680003701e-07
mcgregor,6.878896680003701e-07
stratifica,6.878896680003701e-07
multiequ,6.878896680003701e-07
schmid,6.878896680003701e-07
nus,6.878896680003701e-07
curt,6.878896680003701e-07
uoo,6.878896680003701e-07
phelan,6.878896680003701e-07
woodford,6.878896680003701e-07
rasian,6.878896680003701e-07
orem,6.878896680003701e-07
middleburi,6.878896680003701e-07
adrian,6.878896680003701e-07
truckload,6.878896680003701e-07
nau,6.878896680003701e-07
stearn,6.878896680003701e-07
duffi,6.878896680003701e-07
racin,6.878896680003701e-07
seconddegre,6.878896680003701e-07
dbo,6.878896680003701e-07
mclaren,6.878896680003701e-07
hamish,6.878896680003701e-07
ramp,6.878896680003701e-07
foy,6.878896680003701e-07
windsor,6.878896680003701e-07
altonji,6.878896680003701e-07
kern,6.878896680003701e-07
luce,6.878896680003701e-07
insen,6.878896680003701e-07
ryl,6.878896680003701e-07
iir,6.878896680003701e-07
moe,6.878896680003701e-07
jansen,6.878896680003701e-07
gunter,6.878896680003701e-07
iixi,6.878896680003701e-07
bowdoin,6.878896680003701e-07
holthausen,6.878896680003701e-07
qsq,6.878896680003701e-07
shafer,6.878896680003701e-07
withi,6.878896680003701e-07
tnat,6.878896680003701e-07
hagedorn,6.878896680003701e-07
bns,6.878896680003701e-07
httpwwwaeaweborgarticlesphp,6.878896680003701e-07
xavier,6.878896680003701e-07
goldfeld,6.878896680003701e-07
conditon,6.878896680003701e-07
trepreneurship,6.878896680003701e-07
pnr,6.878896680003701e-07
feinberg,6.878896680003701e-07
wfp,6.878896680003701e-07
rpr,6.878896680003701e-07
iji,6.878896680003701e-07
aibi,6.878896680003701e-07
aiai,6.878896680003701e-07
emolu,6.878896680003701e-07
nomial,6.878896680003701e-07
ikl,6.878896680003701e-07
sorghum,6.878896680003701e-07
flj,6.878896680003701e-07
uii,6.878896680003701e-07
trig,6.878896680003701e-07
atack,6.878896680003701e-07
scp,6.878896680003701e-07
fpn,6.878896680003701e-07
sak,6.878896680003701e-07
nij,6.878896680003701e-07
californiasan,6.878896680003701e-07
etm,6.878896680003701e-07
twosampl,6.878896680003701e-07
predefin,6.878896680003701e-07
highperform,6.878896680003701e-07
timerel,6.878896680003701e-07
treasurybil,6.878896680003701e-07
shaikh,6.878896680003701e-07
nadu,6.878896680003701e-07
eso,6.878896680003701e-07
impa,6.878896680003701e-07
tienc,6.878896680003701e-07
eph,6.878896680003701e-07
estimatesa,6.878896680003701e-07
justin,6.878896680003701e-07
flinn,6.878896680003701e-07
readymix,6.878896680003701e-07
emma,6.878896680003701e-07
thayer,6.878896680003701e-07
config,6.878896680003701e-07
sas,6.878896680003701e-07
lican,6.878896680003701e-07
ige,6.878896680003701e-07
toyota,6.878896680003701e-07
noncontinu,6.878896680003701e-07
bct,6.878896680003701e-07
dvt,6.878896680003701e-07
flynn,6.878896680003701e-07
spiller,6.878896680003701e-07
ael,6.878896680003701e-07
nonsepar,6.878896680003701e-07
rodolfo,6.878896680003701e-07
hadamard,6.878896680003701e-07
kio,6.878896680003701e-07
tut,6.878896680003701e-07
angelo,6.878896680003701e-07
tcl,6.878896680003701e-07
tnc,6.878896680003701e-07
polo,6.878896680003701e-07
pnm,6.878896680003701e-07
anton,6.878896680003701e-07
gower,6.878896680003701e-07
cruz,6.878896680003701e-07
harl,6.878896680003701e-07
congenit,6.878896680003701e-07
mmr,6.878896680003701e-07
kobe,6.878896680003701e-07
donovan,6.878896680003701e-07
mco,6.878896680003701e-07
istituto,6.878896680003701e-07
aou,6.878896680003701e-07
basu,6.878896680003701e-07
cxx,6.878896680003701e-07
dci,6.878896680003701e-07
hthe,6.878896680003701e-07
databas,6.878896680003701e-07
ioj,6.878896680003701e-07
gia,6.878896680003701e-07
iffi,6.878896680003701e-07
rivista,6.878896680003701e-07
rro,6.878896680003701e-07
henrik,6.878896680003701e-07
variet,6.878896680003701e-07
flog,6.878896680003701e-07
downplay,6.878896680003701e-07
qql,6.878896680003701e-07
vhf,6.878896680003701e-07
pinter,6.878896680003701e-07
qal,6.878896680003701e-07
bps,6.878896680003701e-07
qia,6.878896680003701e-07
ostrom,6.878896680003701e-07
ihn,6.878896680003701e-07
arnd,6.878896680003701e-07
rede,6.878896680003701e-07
grang,6.878896680003701e-07
gaskin,6.878896680003701e-07
ponzi,6.878896680003701e-07
inman,6.878896680003701e-07
wte,6.878896680003701e-07
kitamura,6.878896680003701e-07
paz,6.878896680003701e-07
iom,6.878896680003701e-07
chooser,6.878896680003701e-07
lyn,6.878896680003701e-07
giannini,6.878896680003701e-07
ixj,6.878896680003701e-07
ljubljana,6.878896680003701e-07
ferrara,6.878896680003701e-07
singlefactor,6.878896680003701e-07
ipd,6.878896680003701e-07
tvj,6.878896680003701e-07
corrado,6.878896680003701e-07
ichiro,6.878896680003701e-07
ropolitan,6.878896680003701e-07
poc,6.878896680003701e-07
snell,6.878896680003701e-07
resultat,6.878896680003701e-07
equatori,6.878896680003701e-07
equityeffici,6.878896680003701e-07
mlt,6.878896680003701e-07
ytn,6.878896680003701e-07
rationalexpect,6.878896680003701e-07
czt,6.878896680003701e-07
ddm,6.878896680003701e-07
yia,6.878896680003701e-07
ecol,6.878896680003701e-07
poser,6.878896680003701e-07
interfac,6.878896680003701e-07
outr,6.878896680003701e-07
lindgren,6.878896680003701e-07
ordr,6.878896680003701e-07
icn,6.878896680003701e-07
marius,6.878896680003701e-07
ppk,6.878896680003701e-07
dab,6.878896680003701e-07
quasiconcav,6.878896680003701e-07
untrustworthi,6.878896680003701e-07
frechet,6.878896680003701e-07
puu,6.878896680003701e-07
modelin,6.878896680003701e-07
freshmen,6.878896680003701e-07
dabord,6.878896680003701e-07
ramn,6.878896680003701e-07
dco,6.878896680003701e-07
cho,6.878896680003701e-07
idr,6.878896680003701e-07
ggo,6.878896680003701e-07
ilk,6.878896680003701e-07
cymak,6.878896680003701e-07
unannounc,6.878896680003701e-07
lnp,6.878896680003701e-07
onh,6.878896680003701e-07
ravallion,6.878896680003701e-07
hogg,6.878896680003701e-07
lnz,6.878896680003701e-07
linden,6.878896680003701e-07
omar,6.878896680003701e-07
etienn,6.878896680003701e-07
fey,6.878896680003701e-07
wolter,6.878896680003701e-07
sternberg,6.878896680003701e-07
slutzki,6.878896680003701e-07
edgeworthbowley,6.878896680003701e-07
subdistrict,6.878896680003701e-07
adja,6.878896680003701e-07
halftim,6.878896680003701e-07
thea,6.878896680003701e-07
souza,6.878896680003701e-07
salespeopl,6.878896680003701e-07
loyola,6.878896680003701e-07
mandelbrot,6.878896680003701e-07
qll,6.878896680003701e-07
alicant,6.878896680003701e-07
temic,6.878896680003701e-07
limn,6.878896680003701e-07
fxk,6.878896680003701e-07
orlando,6.878896680003701e-07
intan,6.878896680003701e-07
gym,6.878896680003701e-07
chu,6.878896680003701e-07
nochang,6.878896680003701e-07
tlo,6.878896680003701e-07
kel,6.878896680003701e-07
nonexperi,6.878896680003701e-07
idp,6.878896680003701e-07
ctit,6.878896680003701e-07
pgt,6.878896680003701e-07
ester,6.878896680003701e-07
lut,6.878896680003701e-07
ohn,6.878896680003701e-07
winn,6.878896680003701e-07
vorc,6.878896680003701e-07
qlt,6.878896680003701e-07
quarterl,6.878896680003701e-07
withinyear,6.878896680003701e-07
industryyear,6.878896680003701e-07
vhi,6.878896680003701e-07
lsj,6.878896680003701e-07
qft,6.878896680003701e-07
dynast,6.878896680003701e-07
plt,6.878896680003701e-07
wst,6.878896680003701e-07
poi,6.878896680003701e-07
kls,6.878896680003701e-07
ipk,6.878896680003701e-07
ninetyninth,6.878896680003701e-07
diz,6.878896680003701e-07
mre,6.878896680003701e-07
wilton,6.878896680003701e-07
qet,6.878896680003701e-07
activit,6.878896680003701e-07
tulsa,6.878896680003701e-07
sft,6.878896680003701e-07
oyi,6.878896680003701e-07
efici,6.878896680003701e-07
uscanada,6.878896680003701e-07
bfl,6.878896680003701e-07
selectiv,6.878896680003701e-07
pue,6.878896680003701e-07
ack,6.878896680003701e-07
brightest,6.878896680003701e-07
papua,6.878896680003701e-07
respecif,6.878896680003701e-07
ddb,6.878896680003701e-07
iox,6.878896680003701e-07
cyrus,6.878896680003701e-07
ldi,6.878896680003701e-07
rendit,6.878896680003701e-07
midrang,6.878896680003701e-07
fourweek,6.878896680003701e-07
superi,6.878896680003701e-07
ksk,6.878896680003701e-07
fdr,6.878896680003701e-07
indifferencecurv,6.878896680003701e-07
xcx,6.878896680003701e-07
thrall,6.878896680003701e-07
etd,6.878896680003701e-07
lnf,6.878896680003701e-07
uncontamin,6.878896680003701e-07
pte,6.878896680003701e-07
ostroy,6.878896680003701e-07
threeperiod,6.878896680003701e-07
lawler,6.878896680003701e-07
banerje,6.878896680003701e-07
fueleffici,6.878896680003701e-07
flora,6.878896680003701e-07
usb,6.878896680003701e-07
alba,6.878896680003701e-07
gnn,6.878896680003701e-07
widelyus,6.878896680003701e-07
juj,6.878896680003701e-07
ifo,6.878896680003701e-07
yeo,6.878896680003701e-07
disson,6.878896680003701e-07
mcs,6.878896680003701e-07
goldfarb,6.878896680003701e-07
chl,6.878896680003701e-07
subproblem,6.878896680003701e-07
cxj,6.878896680003701e-07
vas,6.878896680003701e-07
interraci,6.878896680003701e-07
subeconomi,6.878896680003701e-07
zth,6.878896680003701e-07
giz,6.878896680003701e-07
wellspecifi,6.878896680003701e-07
twoasset,6.878896680003701e-07
federico,6.878896680003701e-07
duress,6.878896680003701e-07
dietz,6.878896680003701e-07
mckelvey,6.878896680003701e-07
wymer,6.878896680003701e-07
mcm,6.878896680003701e-07
yon,6.878896680003701e-07
gat,6.878896680003701e-07
grader,6.878896680003701e-07
cgi,6.878896680003701e-07
trm,6.878896680003701e-07
oneoff,6.878896680003701e-07
subopti,6.878896680003701e-07
jacobian,6.878896680003701e-07
aidi,6.878896680003701e-07
pya,6.878896680003701e-07
festing,6.878896680003701e-07
slot,6.878896680003701e-07
freeway,6.878896680003701e-07
beaulieu,6.878896680003701e-07
silva,6.878896680003701e-07
rau,6.878896680003701e-07
itr,6.878896680003701e-07
psychometr,6.878896680003701e-07
mki,6.878896680003701e-07
erc,6.878896680003701e-07
xmx,6.878896680003701e-07
journzal,6.878896680003701e-07
partha,6.878896680003701e-07
stefano,6.878896680003701e-07
trabajo,6.878896680003701e-07
iyer,6.878896680003701e-07
pau,6.878896680003701e-07
ddx,6.878896680003701e-07
ooii,6.878896680003701e-07
kij,6.878896680003701e-07
mokyr,6.878896680003701e-07
riskavert,6.878896680003701e-07
menil,6.878896680003701e-07
marquardt,6.878896680003701e-07
bex,6.878896680003701e-07
nxn,6.878896680003701e-07
rashid,6.878896680003701e-07
mller,6.878896680003701e-07
gros,6.878896680003701e-07
assassin,6.878896680003701e-07
eqq,6.878896680003701e-07
dea,6.878896680003701e-07
longhaul,6.878896680003701e-07
errata,6.878896680003701e-07
bto,6.878896680003701e-07
landi,6.878896680003701e-07
yoo,6.878896680003701e-07
proofread,6.878896680003701e-07
xnt,6.878896680003701e-07
dav,6.878896680003701e-07
backwardbend,6.878896680003701e-07
autocorr,6.878896680003701e-07
ulm,6.878896680003701e-07
taller,6.878896680003701e-07
yas,6.878896680003701e-07
ydx,6.878896680003701e-07
imbalanc,6.878896680003701e-07
opr,6.878896680003701e-07
stf,6.878896680003701e-07
eto,6.878896680003701e-07
shorthaul,6.878896680003701e-07
numera,6.878896680003701e-07
arx,6.878896680003701e-07
ranksum,6.878896680003701e-07
sonin,6.878896680003701e-07
disen,6.878896680003701e-07
rna,6.878896680003701e-07
osn,6.878896680003701e-07
onegood,6.878896680003701e-07
zipf,6.878896680003701e-07
intraurban,6.878896680003701e-07
xas,6.878896680003701e-07
mdp,6.878896680003701e-07
ovi,6.878896680003701e-07
decompo,6.878896680003701e-07
zig,6.878896680003701e-07
cyril,6.878896680003701e-07
erb,6.878896680003701e-07
cuf,6.878896680003701e-07
inconsisten,6.878896680003701e-07
przeworski,6.878896680003701e-07
pixi,6.878896680003701e-07
modelthat,6.878896680003701e-07
saxonhous,6.878896680003701e-07
journial,6.878896680003701e-07
firstbest,6.878896680003701e-07
uer,6.878896680003701e-07
stanton,6.878896680003701e-07
precommit,6.878896680003701e-07
ingersol,6.878896680003701e-07
xik,6.878896680003701e-07
fib,6.878896680003701e-07
mograph,6.878896680003701e-07
harlem,6.878896680003701e-07
internalis,6.878896680003701e-07
kramer,6.878896680003701e-07
misrepr,6.878896680003701e-07
andrzej,6.878896680003701e-07
cumbent,6.878896680003701e-07
ulatori,6.878896680003701e-07
xox,6.878896680003701e-07
bosch,6.878896680003701e-07
bride,6.878896680003701e-07
firmspecif,6.878896680003701e-07
utl,6.878896680003701e-07
emilio,6.878896680003701e-07
twoweek,6.878896680003701e-07
olympia,6.878896680003701e-07
apv,6.878896680003701e-07
cath,6.878896680003701e-07
newburi,6.878896680003701e-07
pars,6.878896680003701e-07
jij,6.878896680003701e-07
stigmat,6.878896680003701e-07
jti,6.878896680003701e-07
lxxxvii,6.878896680003701e-07
milgrom,6.878896680003701e-07
pois,6.878896680003701e-07
sequen,6.878896680003701e-07
iol,6.878896680003701e-07
acj,6.878896680003701e-07
nistic,6.878896680003701e-07
awa,6.878896680003701e-07
champaign,6.878896680003701e-07
zxi,6.878896680003701e-07
biii,6.878896680003701e-07
wre,6.878896680003701e-07
paso,6.878896680003701e-07
lmt,6.878896680003701e-07
ythe,6.878896680003701e-07
newspa,6.878896680003701e-07
meir,6.878896680003701e-07
sorbonn,6.878896680003701e-07
pof,6.878896680003701e-07
txi,6.878896680003701e-07
ijk,6.878896680003701e-07
rjj,6.878896680003701e-07
incremen,6.878896680003701e-07
telecom,6.878896680003701e-07
fori,6.878896680003701e-07
lma,6.878896680003701e-07
fij,6.878896680003701e-07
namur,6.878896680003701e-07
indent,6.878896680003701e-07
glt,6.878896680003701e-07
shelton,6.878896680003701e-07
lhs,6.878896680003701e-07
uru,6.878896680003701e-07
bielefeld,6.878896680003701e-07
logan,6.878896680003701e-07
loword,6.878896680003701e-07
cooo,6.878896680003701e-07
ditiv,6.878896680003701e-07
crosshatch,6.878896680003701e-07
wherej,6.878896680003701e-07
rzt,6.878896680003701e-07
smarter,6.878896680003701e-07
riskiest,6.878896680003701e-07
kermit,6.878896680003701e-07
reanalyz,6.878896680003701e-07
dthe,6.878896680003701e-07
threeequat,6.878896680003701e-07
guay,6.878896680003701e-07
volker,6.878896680003701e-07
currentperiod,6.878896680003701e-07
vehi,6.878896680003701e-07
frn,6.878896680003701e-07
uiti,6.878896680003701e-07
dichoto,6.878896680003701e-07
macrovari,6.878896680003701e-07
fop,6.878896680003701e-07
afm,6.878896680003701e-07
pni,6.878896680003701e-07
click,6.878896680003701e-07
groom,6.878896680003701e-07
thej,6.878896680003701e-07
sufi,6.878896680003701e-07
penner,6.878896680003701e-07
gei,6.878896680003701e-07
brandnam,6.878896680003701e-07
bsc,6.878896680003701e-07
courchen,6.878896680003701e-07
dpdp,6.878896680003701e-07
acx,6.878896680003701e-07
noh,3.4394483400018503e-07
rnj,3.4394483400018503e-07
jeanjacqu,3.4394483400018503e-07
triv,3.4394483400018503e-07
nearrat,3.4394483400018503e-07
blinder,3.4394483400018503e-07
workout,3.4394483400018503e-07
kyl,3.4394483400018503e-07
eytan,3.4394483400018503e-07
pqe,3.4394483400018503e-07
afix,3.4394483400018503e-07
iml,3.4394483400018503e-07
wee,3.4394483400018503e-07
mnk,3.4394483400018503e-07
qlp,3.4394483400018503e-07
qni,3.4394483400018503e-07
asiapacif,3.4394483400018503e-07
biol,3.4394483400018503e-07
delgado,3.4394483400018503e-07
woi,3.4394483400018503e-07
dictor,3.4394483400018503e-07
cfr,3.4394483400018503e-07
toh,3.4394483400018503e-07
bara,3.4394483400018503e-07
wul,3.4394483400018503e-07
llm,3.4394483400018503e-07
zto,3.4394483400018503e-07
iur,3.4394483400018503e-07
singlepeak,3.4394483400018503e-07
popt,3.4394483400018503e-07
vlr,3.4394483400018503e-07
worklif,3.4394483400018503e-07
thf,3.4394483400018503e-07
nondeterminist,3.4394483400018503e-07
vicent,3.4394483400018503e-07
dpo,3.4394483400018503e-07
nol,3.4394483400018503e-07
oie,3.4394483400018503e-07
pitchford,3.4394483400018503e-07
turnout,3.4394483400018503e-07
vzi,3.4394483400018503e-07
starker,3.4394483400018503e-07
gxi,3.4394483400018503e-07
buyout,3.4394483400018503e-07
deo,3.4394483400018503e-07
ayc,3.4394483400018503e-07
wijnbergen,3.4394483400018503e-07
dore,3.4394483400018503e-07
ptu,3.4394483400018503e-07
qqt,3.4394483400018503e-07
expenditurebas,3.4394483400018503e-07
bci,3.4394483400018503e-07
lpi,3.4394483400018503e-07
qaa,3.4394483400018503e-07
dombusch,3.4394483400018503e-07
sanjay,3.4394483400018503e-07
tcp,3.4394483400018503e-07
xet,3.4394483400018503e-07
azz,3.4394483400018503e-07
olk,3.4394483400018503e-07
vfl,3.4394483400018503e-07
nvt,3.4394483400018503e-07
tpl,3.4394483400018503e-07
ignacio,3.4394483400018503e-07
stadium,3.4394483400018503e-07
neve,3.4394483400018503e-07
psm,3.4394483400018503e-07
deborah,3.4394483400018503e-07
alvarez,3.4394483400018503e-07
joao,3.4394483400018503e-07
dpz,3.4394483400018503e-07
chandra,3.4394483400018503e-07
hideo,3.4394483400018503e-07
karsten,3.4394483400018503e-07
adz,3.4394483400018503e-07
eji,3.4394483400018503e-07
lata,3.4394483400018503e-07
jennif,3.4394483400018503e-07
grauw,3.4394483400018503e-07
degreesoffreedom,3.4394483400018503e-07
aah,3.4394483400018503e-07
hillel,3.4394483400018503e-07
finiti,3.4394483400018503e-07
cva,3.4394483400018503e-07
trl,3.4394483400018503e-07
ljk,3.4394483400018503e-07
ivg,3.4394483400018503e-07
fixedpoint,3.4394483400018503e-07
zurcher,3.4394483400018503e-07
chebyshev,3.4394483400018503e-07
zoltan,3.4394483400018503e-07
xmax,3.4394483400018503e-07
malnourish,3.4394483400018503e-07
similari,3.4394483400018503e-07
argentinean,3.4394483400018503e-07
credibil,3.4394483400018503e-07
pdi,3.4394483400018503e-07
egat,3.4394483400018503e-07
oel,3.4394483400018503e-07
rsp,3.4394483400018503e-07
nee,3.4394483400018503e-07
vjv,3.4394483400018503e-07
equlibrium,3.4394483400018503e-07
njo,3.4394483400018503e-07
meissner,3.4394483400018503e-07
euv,3.4394483400018503e-07
modiglianimil,3.4394483400018503e-07
rib,3.4394483400018503e-07
iaf,3.4394483400018503e-07
bau,3.4394483400018503e-07
martinus,3.4394483400018503e-07
blt,3.4394483400018503e-07
fxi,3.4394483400018503e-07
hypertens,3.4394483400018503e-07
xec,3.4394483400018503e-07
olymp,3.4394483400018503e-07
yyn,3.4394483400018503e-07
psl,3.4394483400018503e-07
nonsouthern,3.4394483400018503e-07
iiw,3.4394483400018503e-07
randomeffect,3.4394483400018503e-07
dff,3.4394483400018503e-07
qna,3.4394483400018503e-07
rdk,3.4394483400018503e-07
locust,3.4394483400018503e-07
frk,3.4394483400018503e-07
msn,3.4394483400018503e-07
scandina,3.4394483400018503e-07
lpp,3.4394483400018503e-07
lowestpr,3.4394483400018503e-07
sigmund,3.4394483400018503e-07
tyi,3.4394483400018503e-07
sef,3.4394483400018503e-07
logr,3.4394483400018503e-07
troi,3.4394483400018503e-07
dergradu,3.4394483400018503e-07
finanzarchiv,3.4394483400018503e-07
lorn,3.4394483400018503e-07
ibn,3.4394483400018503e-07
tonga,3.4394483400018503e-07
aguiar,3.4394483400018503e-07
xlp,3.4394483400018503e-07
affir,3.4394483400018503e-07
atv,3.4394483400018503e-07
lafontain,3.4394483400018503e-07
abut,3.4394483400018503e-07
cfa,3.4394483400018503e-07
piw,3.4394483400018503e-07
avar,3.4394483400018503e-07
rsquar,3.4394483400018503e-07
jee,3.4394483400018503e-07
qfl,3.4394483400018503e-07
uim,3.4394483400018503e-07
assetback,3.4394483400018503e-07
laf,3.4394483400018503e-07
glk,3.4394483400018503e-07
evennumb,3.4394483400018503e-07
kaj,3.4394483400018503e-07
ruhl,3.4394483400018503e-07
singleton,3.4394483400018503e-07
inlaw,3.4394483400018503e-07
vls,3.4394483400018503e-07
rix,3.4394483400018503e-07
chologist,3.4394483400018503e-07
sturm,3.4394483400018503e-07
rrp,3.4394483400018503e-07
tpi,3.4394483400018503e-07
sxt,3.4394483400018503e-07
gcc,3.4394483400018503e-07
fryer,3.4394483400018503e-07
bnn,3.4394483400018503e-07
yeung,3.4394483400018503e-07
amd,3.4394483400018503e-07
alc,3.4394483400018503e-07
dhi,3.4394483400018503e-07
ujj,3.4394483400018503e-07
hussain,3.4394483400018503e-07
repo,3.4394483400018503e-07
takeshi,3.4394483400018503e-07
avr,3.4394483400018503e-07
redon,3.4394483400018503e-07
ztx,3.4394483400018503e-07
vart,3.4394483400018503e-07
iop,3.4394483400018503e-07
optimiz,3.4394483400018503e-07
euo,3.4394483400018503e-07
ggg,3.4394483400018503e-07
eaf,3.4394483400018503e-07
uff,3.4394483400018503e-07
heckscherohlinsamuelson,3.4394483400018503e-07
easterbrook,3.4394483400018503e-07
jco,3.4394483400018503e-07
roulett,3.4394483400018503e-07
agt,3.4394483400018503e-07
intermediar,3.4394483400018503e-07
sdf,3.4394483400018503e-07
vei,3.4394483400018503e-07
wrx,3.4394483400018503e-07
dds,3.4394483400018503e-07
eduardo,3.4394483400018503e-07
wzt,3.4394483400018503e-07
newsstand,3.4394483400018503e-07
dpl,3.4394483400018503e-07
cyy,3.4394483400018503e-07
oand,3.4394483400018503e-07
avari,3.4394483400018503e-07
deu,3.4394483400018503e-07
dfk,3.4394483400018503e-07
unsmooth,3.4394483400018503e-07
fqq,3.4394483400018503e-07
rxl,3.4394483400018503e-07
fow,3.4394483400018503e-07
minm,3.4394483400018503e-07
paretoinferior,3.4394483400018503e-07
mcmillan,3.4394483400018503e-07
filli,3.4394483400018503e-07
aek,3.4394483400018503e-07
rln,3.4394483400018503e-07
quantityconstrain,3.4394483400018503e-07
hjj,3.4394483400018503e-07
subfamili,3.4394483400018503e-07
creditmarket,3.4394483400018503e-07
eek,3.4394483400018503e-07
erx,3.4394483400018503e-07
dak,3.4394483400018503e-07
onfarm,3.4394483400018503e-07
postsecondari,3.4394483400018503e-07
dvj,3.4394483400018503e-07
pbl,3.4394483400018503e-07
aae,3.4394483400018503e-07
bpb,3.4394483400018503e-07
bfb,3.4394483400018503e-07
ztf,3.4394483400018503e-07
longitud,3.4394483400018503e-07
kato,3.4394483400018503e-07
itf,3.4394483400018503e-07
malawi,3.4394483400018503e-07
vexiti,3.4394483400018503e-07
yogo,3.4394483400018503e-07
hlt,3.4394483400018503e-07
fpi,3.4394483400018503e-07
rkt,3.4394483400018503e-07
jiirgen,3.4394483400018503e-07
wpf,3.4394483400018503e-07
lsc,3.4394483400018503e-07
postwwii,3.4394483400018503e-07
basketbal,3.4394483400018503e-07
eii,3.4394483400018503e-07
xdx,3.4394483400018503e-07
utilityfunct,3.4394483400018503e-07
wxx,3.4394483400018503e-07
threeperson,3.4394483400018503e-07
shelley,3.4394483400018503e-07
vpk,3.4394483400018503e-07
aall,3.4394483400018503e-07
ska,3.4394483400018503e-07
lrp,3.4394483400018503e-07
cpj,3.4394483400018503e-07
ldp,3.4394483400018503e-07
fjz,3.4394483400018503e-07
rre,3.4394483400018503e-07
rsi,3.4394483400018503e-07
belton,3.4394483400018503e-07
cyj,3.4394483400018503e-07
lpl,3.4394483400018503e-07
seychell,3.4394483400018503e-07
xbb,3.4394483400018503e-07
tki,3.4394483400018503e-07
ramirez,3.4394483400018503e-07
lago,3.4394483400018503e-07
nontatonn,3.4394483400018503e-07
xbt,3.4394483400018503e-07
bioscienc,3.4394483400018503e-07
htl,3.4394483400018503e-07
kate,3.4394483400018503e-07
swenson,3.4394483400018503e-07
xkxk,3.4394483400018503e-07
wyo,3.4394483400018503e-07
lfx,3.4394483400018503e-07
cja,3.4394483400018503e-07
trf,3.4394483400018503e-07
gfl,3.4394483400018503e-07
maier,3.4394483400018503e-07
xut,3.4394483400018503e-07
psn,3.4394483400018503e-07
singlepric,3.4394483400018503e-07
sellekaert,3.4394483400018503e-07
intersci,3.4394483400018503e-07
jik,3.4394483400018503e-07
etyt,3.4394483400018503e-07
industryoccup,3.4394483400018503e-07
qdq,3.4394483400018503e-07
prepost,3.4394483400018503e-07
schole,3.4394483400018503e-07
avo,3.4394483400018503e-07
upp,3.4394483400018503e-07
qtt,3.4394483400018503e-07
fut,3.4394483400018503e-07
irl,3.4394483400018503e-07
ijo,3.4394483400018503e-07
joural,3.4394483400018503e-07
sard,3.4394483400018503e-07
leftwich,3.4394483400018503e-07
gaffney,3.4394483400018503e-07
genealog,3.4394483400018503e-07
ptpti,3.4394483400018503e-07
blanchard,3.4394483400018503e-07
rhl,3.4394483400018503e-07
dvo,3.4394483400018503e-07
xcr,3.4394483400018503e-07
tdt,3.4394483400018503e-07
iac,3.4394483400018503e-07
growthaccount,3.4394483400018503e-07
fulton,3.4394483400018503e-07
nontest,3.4394483400018503e-07
oic,3.4394483400018503e-07
vns,3.4394483400018503e-07
ordinaryleastsquar,3.4394483400018503e-07
xvx,3.4394483400018503e-07
bif,3.4394483400018503e-07
mtx,3.4394483400018503e-07
nonreject,3.4394483400018503e-07
awx,3.4394483400018503e-07
outofequilibrium,3.4394483400018503e-07
sexspecif,3.4394483400018503e-07
kiefer,3.4394483400018503e-07
nzi,3.4394483400018503e-07
nonretir,3.4394483400018503e-07
qpl,3.4394483400018503e-07
heterosceda,3.4394483400018503e-07
ventura,3.4394483400018503e-07
ihl,3.4394483400018503e-07
lass,3.4394483400018503e-07
kkt,3.4394483400018503e-07
kemeni,3.4394483400018503e-07
mino,3.4394483400018503e-07
rrn,3.4394483400018503e-07
sene,3.4394483400018503e-07
tec,3.4394483400018503e-07
bemank,3.4394483400018503e-07
kocher,3.4394483400018503e-07
aww,3.4394483400018503e-07
ymous,3.4394483400018503e-07
ckt,3.4394483400018503e-07
alston,3.4394483400018503e-07
sabot,3.4394483400018503e-07
mdt,3.4394483400018503e-07
johanna,3.4394483400018503e-07
kiy,3.4394483400018503e-07
cjs,3.4394483400018503e-07
xto,3.4394483400018503e-07
microstructur,3.4394483400018503e-07
bnl,3.4394483400018503e-07
tote,3.4394483400018503e-07
plv,3.4394483400018503e-07
maccini,3.4394483400018503e-07
densi,3.4394483400018503e-07
minx,3.4394483400018503e-07
kjs,3.4394483400018503e-07
ytk,3.4394483400018503e-07
atit,3.4394483400018503e-07
qki,3.4394483400018503e-07
yaa,3.4394483400018503e-07
cyr,3.4394483400018503e-07
tno,3.4394483400018503e-07
plausibil,3.4394483400018503e-07
karla,3.4394483400018503e-07
xma,3.4394483400018503e-07
anot,3.4394483400018503e-07
ddo,3.4394483400018503e-07
aktuarietidskrift,3.4394483400018503e-07
dtp,3.4394483400018503e-07
smallgroup,3.4394483400018503e-07
rpp,3.4394483400018503e-07
inadv,3.4394483400018503e-07
shapley,3.4394483400018503e-07
cem,3.4394483400018503e-07
inh,3.4394483400018503e-07
meltdown,3.4394483400018503e-07
cxt,3.4394483400018503e-07
ahj,3.4394483400018503e-07
lnpi,3.4394483400018503e-07
ofpolit,3.4394483400018503e-07
rsr,3.4394483400018503e-07
ltx,3.4394483400018503e-07
trica,3.4394483400018503e-07
vare,3.4394483400018503e-07
zdi,3.4394483400018503e-07
kxt,3.4394483400018503e-07
izen,3.4394483400018503e-07
ishaq,3.4394483400018503e-07
intraperiod,3.4394483400018503e-07
eax,3.4394483400018503e-07
eqt,3.4394483400018503e-07
mwt,3.4394483400018503e-07
varv,3.4394483400018503e-07
fbb,3.4394483400018503e-07
evoc,3.4394483400018503e-07
salair,3.4394483400018503e-07
rxr,3.4394483400018503e-07
ucberkeley,3.4394483400018503e-07
generalist,3.4394483400018503e-07
saposnik,3.4394483400018503e-07
cww,3.4394483400018503e-07
iex,3.4394483400018503e-07
ofb,3.4394483400018503e-07
wca,3.4394483400018503e-07
colchest,3.4394483400018503e-07
fiveminut,3.4394483400018503e-07
gui,3.4394483400018503e-07
ducedform,3.4394483400018503e-07
xco,3.4394483400018503e-07
lorenzo,3.4394483400018503e-07
pfz,3.4394483400018503e-07
bonin,3.4394483400018503e-07
untarili,3.4394483400018503e-07
marseill,3.4394483400018503e-07
multiparti,3.4394483400018503e-07
serg,3.4394483400018503e-07
goett,3.4394483400018503e-07
ujnivers,3.4394483400018503e-07
bqi,3.4394483400018503e-07
aue,3.4394483400018503e-07
qxq,3.4394483400018503e-07
sjp,3.4394483400018503e-07
eqo,3.4394483400018503e-07
mccann,3.4394483400018503e-07
secondyear,3.4394483400018503e-07
dof,3.4394483400018503e-07
rts,3.4394483400018503e-07
teo,3.4394483400018503e-07
summand,3.4394483400018503e-07
wvs,3.4394483400018503e-07
yxt,3.4394483400018503e-07
aam,3.4394483400018503e-07
cnl,3.4394483400018503e-07
bard,3.4394483400018503e-07
jaeger,3.4394483400018503e-07
rps,3.4394483400018503e-07
ryj,3.4394483400018503e-07
bogu,3.4394483400018503e-07
cmi,3.4394483400018503e-07
yus,3.4394483400018503e-07
waverman,3.4394483400018503e-07
bjs,3.4394483400018503e-07
gainesvill,3.4394483400018503e-07
xlog,3.4394483400018503e-07
timeus,3.4394483400018503e-07
nfold,3.4394483400018503e-07
vcm,3.4394483400018503e-07
pfr,3.4394483400018503e-07
efr,3.4394483400018503e-07
kenney,3.4394483400018503e-07
pmp,3.4394483400018503e-07
incentivecompat,3.4394483400018503e-07
pse,3.4394483400018503e-07
threestat,3.4394483400018503e-07
nonutil,3.4394483400018503e-07
aag,3.4394483400018503e-07
idb,3.4394483400018503e-07
factorendow,3.4394483400018503e-07
bac,3.4394483400018503e-07
atal,3.4394483400018503e-07
timize,3.4394483400018503e-07
tjs,3.4394483400018503e-07
wendi,3.4394483400018503e-07
riv,3.4394483400018503e-07
dni,3.4394483400018503e-07
efficiencyenhanc,3.4394483400018503e-07
fkf,3.4394483400018503e-07
respecifi,3.4394483400018503e-07
qib,3.4394483400018503e-07
nonconverg,3.4394483400018503e-07
sieper,3.4394483400018503e-07
gvi,3.4394483400018503e-07
tcj,3.4394483400018503e-07
sawa,3.4394483400018503e-07
ssc,3.4394483400018503e-07
siu,3.4394483400018503e-07
csm,3.4394483400018503e-07
rrd,3.4394483400018503e-07
automak,3.4394483400018503e-07
ipe,3.4394483400018503e-07
wll,3.4394483400018503e-07
qut,3.4394483400018503e-07
dissemi,3.4394483400018503e-07
ndn,3.4394483400018503e-07
elisabeth,3.4394483400018503e-07
mccall,3.4394483400018503e-07
oman,3.4394483400018503e-07
rick,3.4394483400018503e-07
trout,3.4394483400018503e-07
bendavid,3.4394483400018503e-07
crossindustri,3.4394483400018503e-07
chakraborti,3.4394483400018503e-07
angela,3.4394483400018503e-07
izabl,3.4394483400018503e-07
pmf,3.4394483400018503e-07
ddc,3.4394483400018503e-07
gamma,3.4394483400018503e-07
ogo,3.4394483400018503e-07
birkbeck,3.4394483400018503e-07
nmm,3.4394483400018503e-07
milligan,3.4394483400018503e-07
php,3.4394483400018503e-07
latino,3.4394483400018503e-07
ncl,3.4394483400018503e-07
enj,3.4394483400018503e-07
cep,3.4394483400018503e-07
nih,3.4394483400018503e-07
allt,3.4394483400018503e-07
rmm,3.4394483400018503e-07
oxa,3.4394483400018503e-07
loannid,3.4394483400018503e-07
threeparamet,3.4394483400018503e-07
flyer,3.4394483400018503e-07
renteroccupi,3.4394483400018503e-07
rkx,3.4394483400018503e-07
miv,3.4394483400018503e-07
ptv,3.4394483400018503e-07
svar,3.4394483400018503e-07
dvl,3.4394483400018503e-07
akb,3.4394483400018503e-07
bzi,3.4394483400018503e-07
jci,3.4394483400018503e-07
bjp,3.4394483400018503e-07
mostel,3.4394483400018503e-07
teger,3.4394483400018503e-07
yaari,3.4394483400018503e-07
dba,3.4394483400018503e-07
xjf,3.4394483400018503e-07
izj,3.4394483400018503e-07
emm,3.4394483400018503e-07
crandal,3.4394483400018503e-07
ptg,3.4394483400018503e-07
tfo,3.4394483400018503e-07
saharan,3.4394483400018503e-07
kfi,3.4394483400018503e-07
creditr,3.4394483400018503e-07
hein,3.4394483400018503e-07
qic,3.4394483400018503e-07
htn,3.4394483400018503e-07
lnu,3.4394483400018503e-07
hst,3.4394483400018503e-07
worseoff,3.4394483400018503e-07
pzt,3.4394483400018503e-07
morgen,3.4394483400018503e-07
kqk,3.4394483400018503e-07
permuta,3.4394483400018503e-07
kst,3.4394483400018503e-07
ixp,3.4394483400018503e-07
psu,3.4394483400018503e-07
aniy,3.4394483400018503e-07
lockstep,3.4394483400018503e-07
fsf,3.4394483400018503e-07
kluwer,3.4394483400018503e-07
siii,3.4394483400018503e-07
lxt,3.4394483400018503e-07
ajit,3.4394483400018503e-07
otu,3.4394483400018503e-07
resampl,3.4394483400018503e-07
incentivebas,3.4394483400018503e-07
malefemal,3.4394483400018503e-07
ftv,3.4394483400018503e-07
oax,3.4394483400018503e-07
tergener,3.4394483400018503e-07
wln,3.4394483400018503e-07
zoom,3.4394483400018503e-07
fnf,3.4394483400018503e-07
flagship,3.4394483400018503e-07
claremont,3.4394483400018503e-07
cki,3.4394483400018503e-07
axq,3.4394483400018503e-07
cim,3.4394483400018503e-07
greenland,3.4394483400018503e-07
lye,3.4394483400018503e-07
fsk,3.4394483400018503e-07
etut,3.4394483400018503e-07
anec,3.4394483400018503e-07
bourhood,3.4394483400018503e-07
axk,3.4394483400018503e-07
lso,3.4394483400018503e-07
taurant,3.4394483400018503e-07
mortenson,3.4394483400018503e-07
alnl,3.4394483400018503e-07
vsp,3.4394483400018503e-07
njl,3.4394483400018503e-07
ilr,3.4394483400018503e-07
pvo,3.4394483400018503e-07
ede,3.4394483400018503e-07
inegalit,3.4394483400018503e-07
multiag,3.4394483400018503e-07
wic,3.4394483400018503e-07
quarterlv,3.4394483400018503e-07
nondura,3.4394483400018503e-07
ifj,3.4394483400018503e-07
ofr,3.4394483400018503e-07
hif,3.4394483400018503e-07
ltu,3.4394483400018503e-07
porta,3.4394483400018503e-07
yab,3.4394483400018503e-07
abstractthi,3.4394483400018503e-07
gunther,3.4394483400018503e-07
fff,3.4394483400018503e-07
eiw,3.4394483400018503e-07
dnd,3.4394483400018503e-07
poy,3.4394483400018503e-07
raiffa,3.4394483400018503e-07
drc,3.4394483400018503e-07
beckman,3.4394483400018503e-07
legendr,3.4394483400018503e-07
pqx,3.4394483400018503e-07
denumer,3.4394483400018503e-07
sbr,3.4394483400018503e-07
flw,3.4394483400018503e-07
garbad,3.4394483400018503e-07
aiz,3.4394483400018503e-07
tgi,3.4394483400018503e-07
coz,3.4394483400018503e-07
cxf,3.4394483400018503e-07
gis,3.4394483400018503e-07
ttg,3.4394483400018503e-07
forj,3.4394483400018503e-07
lig,3.4394483400018503e-07
ctj,3.4394483400018503e-07
aod,3.4394483400018503e-07
ncommod,3.4394483400018503e-07
ojt,3.4394483400018503e-07
cjx,3.4394483400018503e-07
nonunitari,3.4394483400018503e-07
iiti,3.4394483400018503e-07
tsj,3.4394483400018503e-07
txl,3.4394483400018503e-07
cth,3.4394483400018503e-07
timmin,3.4394483400018503e-07
aqj,3.4394483400018503e-07
pxpi,3.4394483400018503e-07
rls,3.4394483400018503e-07
jis,3.4394483400018503e-07
ean,3.4394483400018503e-07
ufa,3.4394483400018503e-07
tbr,3.4394483400018503e-07
lls,3.4394483400018503e-07
csignific,3.4394483400018503e-07
orissa,3.4394483400018503e-07
eah,3.4394483400018503e-07
djl,3.4394483400018503e-07
sif,3.4394483400018503e-07
ageeduc,3.4394483400018503e-07
andw,3.4394483400018503e-07
acn,3.4394483400018503e-07
adair,3.4394483400018503e-07
ncr,3.4394483400018503e-07
jpj,3.4394483400018503e-07
fdc,3.4394483400018503e-07
zzi,3.4394483400018503e-07
garey,3.4394483400018503e-07
nardi,3.4394483400018503e-07
fkt,3.4394483400018503e-07
ikt,3.4394483400018503e-07
ryn,3.4394483400018503e-07
rct,3.4394483400018503e-07
monoto,3.4394483400018503e-07
pentti,3.4394483400018503e-07
baht,3.4394483400018503e-07
bestsel,3.4394483400018503e-07
oir,3.4394483400018503e-07
adn,3.4394483400018503e-07
olf,3.4394483400018503e-07
specificfactor,3.4394483400018503e-07
polachek,3.4394483400018503e-07
dunod,3.4394483400018503e-07
bba,3.4394483400018503e-07
fernand,3.4394483400018503e-07
romano,3.4394483400018503e-07
tmi,3.4394483400018503e-07
ajr,3.4394483400018503e-07
ument,3.4394483400018503e-07
privateinform,3.4394483400018503e-07
xtv,3.4394483400018503e-07
classmat,3.4394483400018503e-07
ump,3.4394483400018503e-07
dumb,3.4394483400018503e-07
halfhour,3.4394483400018503e-07
firesal,3.4394483400018503e-07
polygon,3.4394483400018503e-07
heter,3.4394483400018503e-07
agronom,3.4394483400018503e-07
xea,3.4394483400018503e-07
flanneri,3.4394483400018503e-07
employmentpopul,3.4394483400018503e-07
tisi,3.4394483400018503e-07
lpo,3.4394483400018503e-07
nonimmigr,3.4394483400018503e-07
cough,3.4394483400018503e-07
ilil,3.4394483400018503e-07
pcp,3.4394483400018503e-07
qxi,3.4394483400018503e-07
crossparti,3.4394483400018503e-07
economnica,3.4394483400018503e-07
jeanfrancoi,3.4394483400018503e-07
unlock,3.4394483400018503e-07
dvd,3.4394483400018503e-07
coeffic,3.4394483400018503e-07
aob,3.4394483400018503e-07
feu,3.4394483400018503e-07
zimmer,3.4394483400018503e-07
mto,3.4394483400018503e-07
lorin,3.4394483400018503e-07
tld,3.4394483400018503e-07
huck,3.4394483400018503e-07
mariann,3.4394483400018503e-07
wealthmaxim,3.4394483400018503e-07
zip,3.4394483400018503e-07
dkx,3.4394483400018503e-07
threestep,3.4394483400018503e-07
okt,3.4394483400018503e-07
cno,3.4394483400018503e-07
trw,3.4394483400018503e-07
aoki,3.4394483400018503e-07
vib,3.4394483400018503e-07
bestim,3.4394483400018503e-07
mcbride,3.4394483400018503e-07
ebert,3.4394483400018503e-07
vrr,3.4394483400018503e-07
lehman,3.4394483400018503e-07
ofz,3.4394483400018503e-07
tamer,3.4394483400018503e-07
tvv,3.4394483400018503e-07
bcc,3.4394483400018503e-07
mester,3.4394483400018503e-07
langer,3.4394483400018503e-07
qnl,3.4394483400018503e-07
loglikelihood,3.4394483400018503e-07
peabodi,3.4394483400018503e-07
gaj,3.4394483400018503e-07
tnt,3.4394483400018503e-07
fmn,3.4394483400018503e-07
konstanz,3.4394483400018503e-07
csf,3.4394483400018503e-07
tss,3.4394483400018503e-07
isf,3.4394483400018503e-07
dietrich,3.4394483400018503e-07
gpl,3.4394483400018503e-07
ppe,3.4394483400018503e-07
jtn,3.4394483400018503e-07
asg,3.4394483400018503e-07
riw,3.4394483400018503e-07
yix,3.4394483400018503e-07
scr,3.4394483400018503e-07
jei,3.4394483400018503e-07
lfo,3.4394483400018503e-07
theeconomicjourn,3.4394483400018503e-07
rbs,3.4394483400018503e-07
noisili,3.4394483400018503e-07
tumn,3.4394483400018503e-07
oxn,3.4394483400018503e-07
plr,3.4394483400018503e-07
hpi,3.4394483400018503e-07
myrick,3.4394483400018503e-07
alv,3.4394483400018503e-07
eje,3.4394483400018503e-07
afj,3.4394483400018503e-07
wdt,3.4394483400018503e-07
wtl,3.4394483400018503e-07
kenyan,3.4394483400018503e-07
tamin,3.4394483400018503e-07
xjl,3.4394483400018503e-07
vcr,3.4394483400018503e-07
rpk,3.4394483400018503e-07
xrl,3.4394483400018503e-07
rollment,3.4394483400018503e-07
incentiv,3.4394483400018503e-07
nonpurchas,3.4394483400018503e-07
tms,3.4394483400018503e-07
agea,3.4394483400018503e-07
cnj,3.4394483400018503e-07
dqk,3.4394483400018503e-07
fjs,3.4394483400018503e-07
bellshap,3.4394483400018503e-07
jdj,3.4394483400018503e-07
jtt,3.4394483400018503e-07
pji,3.4394483400018503e-07
llx,3.4394483400018503e-07
admissi,3.4394483400018503e-07
urm,3.4394483400018503e-07
stockman,3.4394483400018503e-07
ncn,3.4394483400018503e-07
ceu,3.4394483400018503e-07
feng,3.4394483400018503e-07
cjt,3.4394483400018503e-07
fuu,3.4394483400018503e-07
fiercer,3.4394483400018503e-07
takeitorleaveit,3.4394483400018503e-07
gtt,3.4394483400018503e-07
conlisk,3.4394483400018503e-07
ffs,3.4394483400018503e-07
fstat,3.4394483400018503e-07
lng,3.4394483400018503e-07
csd,3.4394483400018503e-07
ctq,3.4394483400018503e-07
raneous,3.4394483400018503e-07
xmm,3.4394483400018503e-07
iant,3.4394483400018503e-07
superstar,3.4394483400018503e-07
yyj,3.4394483400018503e-07
terdam,3.4394483400018503e-07
nmt,3.4394483400018503e-07
dqp,3.4394483400018503e-07
spitzer,3.4394483400018503e-07
qtj,3.4394483400018503e-07
synergist,3.4394483400018503e-07
upperright,3.4394483400018503e-07
pouvoir,3.4394483400018503e-07
domenico,3.4394483400018503e-07
ttz,3.4394483400018503e-07
taj,3.4394483400018503e-07
bala,3.4394483400018503e-07
reec,3.4394483400018503e-07
eru,3.4394483400018503e-07
standalon,3.4394483400018503e-07
royer,3.4394483400018503e-07
leibniz,3.4394483400018503e-07
sha,3.4394483400018503e-07
hostcountri,3.4394483400018503e-07
suni,3.4394483400018503e-07
berndt,3.4394483400018503e-07
secondlargest,3.4394483400018503e-07
rlj,3.4394483400018503e-07
begg,3.4394483400018503e-07
ujc,3.4394483400018503e-07
atil,3.4394483400018503e-07
sclerosi,3.4394483400018503e-07
stayer,3.4394483400018503e-07
wolfer,3.4394483400018503e-07
pathdepend,3.4394483400018503e-07
kix,3.4394483400018503e-07
dld,3.4394483400018503e-07
oop,3.4394483400018503e-07
connected,3.4394483400018503e-07
abp,3.4394483400018503e-07
ofa,3.4394483400018503e-07
mentabl,3.4394483400018503e-07
pnq,3.4394483400018503e-07
ixf,3.4394483400018503e-07
frontend,3.4394483400018503e-07
netter,3.4394483400018503e-07
nanda,3.4394483400018503e-07
bergin,3.4394483400018503e-07
jrn,3.4394483400018503e-07
melo,3.4394483400018503e-07
lanham,3.4394483400018503e-07
oooooooooo,3.4394483400018503e-07
qjn,3.4394483400018503e-07
dgps,3.4394483400018503e-07
tfl,3.4394483400018503e-07
ccq,3.4394483400018503e-07
lra,3.4394483400018503e-07
rtn,3.4394483400018503e-07
ftn,3.4394483400018503e-07
oqt,3.4394483400018503e-07
evc,3.4394483400018503e-07
papk,3.4394483400018503e-07
alln,3.4394483400018503e-07
lzt,3.4394483400018503e-07
sharecrop,3.4394483400018503e-07
drd,3.4394483400018503e-07
tomor,3.4394483400018503e-07
nonexhaust,3.4394483400018503e-07
lcd,3.4394483400018503e-07
selfpercept,3.4394483400018503e-07
tcd,3.4394483400018503e-07
aigner,3.4394483400018503e-07
fmp,3.4394483400018503e-07
gert,3.4394483400018503e-07
ijh,3.4394483400018503e-07
firststep,3.4394483400018503e-07
superfund,3.4394483400018503e-07
fmi,3.4394483400018503e-07
swit,3.4394483400018503e-07
txo,3.4394483400018503e-07
tdz,3.4394483400018503e-07
fmm,3.4394483400018503e-07
uut,3.4394483400018503e-07
tbi,3.4394483400018503e-07
tns,3.4394483400018503e-07
rjf,3.4394483400018503e-07
wht,3.4394483400018503e-07
cwi,3.4394483400018503e-07
unb,3.4394483400018503e-07
automaton,3.4394483400018503e-07
pok,3.4394483400018503e-07
sdt,3.4394483400018503e-07
borch,3.4394483400018503e-07
ciz,3.4394483400018503e-07
offirm,3.4394483400018503e-07
interfamili,3.4394483400018503e-07
hoa,3.4394483400018503e-07
ferral,3.4394483400018503e-07
fifi,3.4394483400018503e-07
rra,3.4394483400018503e-07
standin,3.4394483400018503e-07
jlr,3.4394483400018503e-07
gabriella,3.4394483400018503e-07
cqn,3.4394483400018503e-07
sjo,3.4394483400018503e-07
underfund,3.4394483400018503e-07
linearis,3.4394483400018503e-07
bookstor,3.4394483400018503e-07
zhang,3.4394483400018503e-07
zabel,3.4394483400018503e-07
amazon,3.4394483400018503e-07
barski,3.4394483400018503e-07
overinsur,3.4394483400018503e-07
sheshinski,3.4394483400018503e-07
irw,3.4394483400018503e-07
utj,3.4394483400018503e-07
eux,3.4394483400018503e-07
eqr,3.4394483400018503e-07
flq,3.4394483400018503e-07
ytr,3.4394483400018503e-07
vni,3.4394483400018503e-07
utut,3.4394483400018503e-07
ifq,3.4394483400018503e-07
misspeci,3.4394483400018503e-07
lbt,3.4394483400018503e-07
basispoint,3.4394483400018503e-07
acv,3.4394483400018503e-07
mizer,3.4394483400018503e-07
dvs,3.4394483400018503e-07
brunei,3.4394483400018503e-07
jpa,3.4394483400018503e-07
ikk,3.4394483400018503e-07
evt,3.4394483400018503e-07
tionar,3.4394483400018503e-07
huffman,3.4394483400018503e-07
citibank,3.4394483400018503e-07
istatist,3.4394483400018503e-07
effecta,3.4394483400018503e-07
ucr,3.4394483400018503e-07
uay,3.4394483400018503e-07
bax,3.4394483400018503e-07
hov,3.4394483400018503e-07
barr,3.4394483400018503e-07
tiw,3.4394483400018503e-07
ymi,3.4394483400018503e-07
jimenez,3.4394483400018503e-07
vak,3.4394483400018503e-07
tcf,3.4394483400018503e-07
trp,3.4394483400018503e-07
preferencebas,3.4394483400018503e-07
ulph,3.4394483400018503e-07
contextu,3.4394483400018503e-07
psychiatri,3.4394483400018503e-07
adda,3.4394483400018503e-07
madhya,3.4394483400018503e-07
byp,3.4394483400018503e-07
andrei,3.4394483400018503e-07
nonexplos,3.4394483400018503e-07
cheltenham,3.4394483400018503e-07
yei,3.4394483400018503e-07
apz,3.4394483400018503e-07
arima,3.4394483400018503e-07
zot,3.4394483400018503e-07
bmi,3.4394483400018503e-07
nyt,3.4394483400018503e-07
lyj,3.4394483400018503e-07
exdividend,3.4394483400018503e-07
thij,3.4394483400018503e-07
figurf,3.4394483400018503e-07
rtx,3.4394483400018503e-07
macroecon,3.4394483400018503e-07
pdl,3.4394483400018503e-07
hashimoto,3.4394483400018503e-07
lys,3.4394483400018503e-07
olivetti,3.4394483400018503e-07
eik,3.4394483400018503e-07
lederman,3.4394483400018503e-07
heu,3.4394483400018503e-07
yfi,3.4394483400018503e-07
oer,3.4394483400018503e-07
pcx,3.4394483400018503e-07
unu,3.4394483400018503e-07
reesti,3.4394483400018503e-07
pym,3.4394483400018503e-07
rji,3.4394483400018503e-07
ilj,3.4394483400018503e-07
sizeadjust,3.4394483400018503e-07
ffv,3.4394483400018503e-07
rnp,3.4394483400018503e-07
kessler,3.4394483400018503e-07
crx,3.4394483400018503e-07
limitpr,3.4394483400018503e-07
xjxj,3.4394483400018503e-07
abstracta,3.4394483400018503e-07
rater,3.4394483400018503e-07
kri,3.4394483400018503e-07
cui,3.4394483400018503e-07
doortodoor,3.4394483400018503e-07
cxvii,3.4394483400018503e-07
xcii,3.4394483400018503e-07
groupspecif,3.4394483400018503e-07
maddala,3.4394483400018503e-07
bathroom,3.4394483400018503e-07
hud,3.4394483400018503e-07
craw,3.4394483400018503e-07
rtf,3.4394483400018503e-07
icd,3.4394483400018503e-07
premarket,3.4394483400018503e-07
teresa,3.4394483400018503e-07
millimet,3.4394483400018503e-07
timetobuild,3.4394483400018503e-07
premultipl,3.4394483400018503e-07
imo,3.4394483400018503e-07
djs,3.4394483400018503e-07
wpj,3.4394483400018503e-07
modelbas,3.4394483400018503e-07
pwr,3.4394483400018503e-07
imsss,3.4394483400018503e-07
sni,3.4394483400018503e-07
wah,3.4394483400018503e-07
vignett,3.4394483400018503e-07
omywid,3.4394483400018503e-07
dyl,3.4394483400018503e-07
clw,3.4394483400018503e-07
ellips,3.4394483400018503e-07
ofm,3.4394483400018503e-07
iqa,3.4394483400018503e-07
interpo,3.4394483400018503e-07
ofn,3.4394483400018503e-07
kkk,3.4394483400018503e-07
hou,3.4394483400018503e-07
smi,3.4394483400018503e-07
cml,3.4394483400018503e-07
dpb,3.4394483400018503e-07
syncrat,3.4394483400018503e-07
noneu,3.4394483400018503e-07
overpredict,3.4394483400018503e-07
pnj,3.4394483400018503e-07
terfactu,3.4394483400018503e-07
icr,3.4394483400018503e-07
lvj,3.4394483400018503e-07
wts,3.4394483400018503e-07
nhi,3.4394483400018503e-07
rawlsian,3.4394483400018503e-07
cfc,3.4394483400018503e-07
yfk,3.4394483400018503e-07
salomon,3.4394483400018503e-07
ytd,3.4394483400018503e-07
deardorff,3.4394483400018503e-07
dobson,3.4394483400018503e-07
prl,3.4394483400018503e-07
ridker,3.4394483400018503e-07
incomebas,3.4394483400018503e-07
supercomput,3.4394483400018503e-07
saa,3.4394483400018503e-07
yle,3.4394483400018503e-07
flo,3.4394483400018503e-07
pricebas,3.4394483400018503e-07
mcneil,3.4394483400018503e-07
bui,3.4394483400018503e-07
benin,3.4394483400018503e-07
iob,3.4394483400018503e-07
weldon,3.4394483400018503e-07
epx,3.4394483400018503e-07
shlomo,3.4394483400018503e-07
uptak,3.4394483400018503e-07
tkt,3.4394483400018503e-07
rfx,3.4394483400018503e-07
hormon,3.4394483400018503e-07
onr,3.4394483400018503e-07
brt,3.4394483400018503e-07
littlefield,3.4394483400018503e-07
clone,3.4394483400018503e-07
okla,3.4394483400018503e-07
wchter,3.4394483400018503e-07
asit,3.4394483400018503e-07
yji,3.4394483400018503e-07
kft,3.4394483400018503e-07
mickey,3.4394483400018503e-07
gabor,3.4394483400018503e-07
sunder,3.4394483400018503e-07
alin,3.4394483400018503e-07
ntp,3.4394483400018503e-07
yuichi,3.4394483400018503e-07
navarro,3.4394483400018503e-07
qxx,3.4394483400018503e-07
ppps,3.4394483400018503e-07
koj,3.4394483400018503e-07
nhn,3.4394483400018503e-07
qcc,3.4394483400018503e-07
frg,3.4394483400018503e-07
ptq,3.4394483400018503e-07
wyt,3.4394483400018503e-07
preset,3.4394483400018503e-07
wrongsign,3.4394483400018503e-07
oaf,3.4394483400018503e-07
jyj,3.4394483400018503e-07
riskpremium,3.4394483400018503e-07
grail,3.4394483400018503e-07
mqi,3.4394483400018503e-07
yzt,3.4394483400018503e-07
wordofmouth,3.4394483400018503e-07
relo,3.4394483400018503e-07
smet,3.4394483400018503e-07
gail,3.4394483400018503e-07
ibrat,3.4394483400018503e-07
doubledigit,3.4394483400018503e-07
ilf,3.4394483400018503e-07
popo,3.4394483400018503e-07
uuu,3.4394483400018503e-07
iest,3.4394483400018503e-07
ayw,3.4394483400018503e-07
pyi,3.4394483400018503e-07
lnr,3.4394483400018503e-07
eio,3.4394483400018503e-07
hig,3.4394483400018503e-07
btus,3.4394483400018503e-07
lnv,3.4394483400018503e-07
anu,3.4394483400018503e-07
fundrais,3.4394483400018503e-07
pontryagin,3.4394483400018503e-07
wouter,3.4394483400018503e-07
araujo,3.4394483400018503e-07
qfo,3.4394483400018503e-07
isc,3.4394483400018503e-07
crp,3.4394483400018503e-07
aytl,3.4394483400018503e-07
limitedli,3.4394483400018503e-07
kis,3.4394483400018503e-07
parallelogram,3.4394483400018503e-07
qkl,3.4394483400018503e-07
pog,3.4394483400018503e-07
bxx,3.4394483400018503e-07
wilfrid,3.4394483400018503e-07
goodj,3.4394483400018503e-07
beatti,3.4394483400018503e-07
hardin,3.4394483400018503e-07
prr,3.4394483400018503e-07
olj,3.4394483400018503e-07
seema,3.4394483400018503e-07
matsusaka,3.4394483400018503e-07
sixi,3.4394483400018503e-07
rtat,3.4394483400018503e-07
orb,3.4394483400018503e-07
squatter,3.4394483400018503e-07
byyear,3.4394483400018503e-07
iffor,3.4394483400018503e-07
insignif,3.4394483400018503e-07
lattic,3.4394483400018503e-07
abk,3.4394483400018503e-07
marchmay,3.4394483400018503e-07
shane,3.4394483400018503e-07
ktf,3.4394483400018503e-07
artur,3.4394483400018503e-07
yjp,3.4394483400018503e-07
pfa,3.4394483400018503e-07
wti,3.4394483400018503e-07
misreport,3.4394483400018503e-07
postbretton,3.4394483400018503e-07
osp,3.4394483400018503e-07
ixl,3.4394483400018503e-07
jqj,3.4394483400018503e-07
histogram,3.4394483400018503e-07
thefirm,3.4394483400018503e-07
paretodomin,3.4394483400018503e-07
ylo,3.4394483400018503e-07
croeconom,3.4394483400018503e-07
dubey,3.4394483400018503e-07
sidepay,3.4394483400018503e-07
nfl,3.4394483400018503e-07
gorithm,3.4394483400018503e-07
ynl,3.4394483400018503e-07
pqj,3.4394483400018503e-07
plo,3.4394483400018503e-07
econonietrica,3.4394483400018503e-07
nex,3.4394483400018503e-07
ingroup,3.4394483400018503e-07
witz,3.4394483400018503e-07
ctx,3.4394483400018503e-07
fxl,3.4394483400018503e-07
irrev,3.4394483400018503e-07
rbi,3.4394483400018503e-07
icx,3.4394483400018503e-07
atot,3.4394483400018503e-07
epk,3.4394483400018503e-07
nrn,3.4394483400018503e-07
fang,3.4394483400018503e-07
mdi,3.4394483400018503e-07
ijl,3.4394483400018503e-07
ojc,3.4394483400018503e-07
dnb,3.4394483400018503e-07
seventyfifth,3.4394483400018503e-07
blc,3.4394483400018503e-07
intrafamili,3.4394483400018503e-07
ctc,3.4394483400018503e-07
shorthorizon,3.4394483400018503e-07
ogt,3.4394483400018503e-07
beforeandaft,3.4394483400018503e-07
luniversit,3.4394483400018503e-07
hln,3.4394483400018503e-07
bip,3.4394483400018503e-07
riskreturn,3.4394483400018503e-07
vnl,3.4394483400018503e-07
blss,3.4394483400018503e-07
qjs,3.4394483400018503e-07
anil,3.4394483400018503e-07
ijx,3.4394483400018503e-07
dej,3.4394483400018503e-07
ilya,3.4394483400018503e-07
gloria,3.4394483400018503e-07
xnj,3.4394483400018503e-07
iun,3.4394483400018503e-07
landlock,3.4394483400018503e-07
fier,3.4394483400018503e-07
sculli,3.4394483400018503e-07
multist,3.4394483400018503e-07
isr,3.4394483400018503e-07
pisa,3.4394483400018503e-07
xji,3.4394483400018503e-07
tlt,3.4394483400018503e-07
storey,3.4394483400018503e-07
stephenson,3.4394483400018503e-07
fiy,3.4394483400018503e-07
enth,3.4394483400018503e-07
tqi,3.4394483400018503e-07
tko,3.4394483400018503e-07
tql,3.4394483400018503e-07
ssri,3.4394483400018503e-07
sut,3.4394483400018503e-07
mink,3.4394483400018503e-07
diu,3.4394483400018503e-07
gillett,3.4394483400018503e-07
lowerthanaverag,3.4394483400018503e-07
dfz,3.4394483400018503e-07
laj,3.4394483400018503e-07
efn,3.4394483400018503e-07
skilledlabor,3.4394483400018503e-07
intraday,3.4394483400018503e-07
atu,3.4394483400018503e-07
paola,3.4394483400018503e-07
bailli,3.4394483400018503e-07
golub,3.4394483400018503e-07
laboratoir,3.4394483400018503e-07
jej,3.4394483400018503e-07
fsc,3.4394483400018503e-07
akm,3.4394483400018503e-07
bsl,3.4394483400018503e-07
uqo,3.4394483400018503e-07
qss,3.4394483400018503e-07
interjurisdict,3.4394483400018503e-07
ctu,3.4394483400018503e-07
cax,3.4394483400018503e-07
cel,3.4394483400018503e-07
wtp,3.4394483400018503e-07
rubinstein,3.4394483400018503e-07
tcr,3.4394483400018503e-07
tunist,3.4394483400018503e-07
netzer,3.4394483400018503e-07
gpp,3.4394483400018503e-07
eflect,3.4394483400018503e-07
iwe,3.4394483400018503e-07
avk,3.4394483400018503e-07
saddlepoint,3.4394483400018503e-07
psw,3.4394483400018503e-07
oneperson,3.4394483400018503e-07
yul,3.4394483400018503e-07
drdt,3.4394483400018503e-07
nperson,3.4394483400018503e-07
winkler,3.4394483400018503e-07
ffo,3.4394483400018503e-07
wct,3.4394483400018503e-07
tsinghua,3.4394483400018503e-07
winer,3.4394483400018503e-07
wheref,3.4394483400018503e-07
locationspecif,3.4394483400018503e-07
atk,3.4394483400018503e-07
iciti,3.4394483400018503e-07
pkx,3.4394483400018503e-07
ngos,3.4394483400018503e-07
ceci,3.4394483400018503e-07
vior,3.4394483400018503e-07
frr,3.4394483400018503e-07
permett,3.4394483400018503e-07
ppa,3.4394483400018503e-07
overarch,3.4394483400018503e-07
reimer,3.4394483400018503e-07
httpwww,3.4394483400018503e-07
abstractw,3.4394483400018503e-07
colom,3.4394483400018503e-07
vtn,3.4394483400018503e-07
ptat,3.4394483400018503e-07
bjorn,3.4394483400018503e-07
yhl,3.4394483400018503e-07
vli,3.4394483400018503e-07
stj,3.4394483400018503e-07
adriana,3.4394483400018503e-07
threecountri,3.4394483400018503e-07
gkk,3.4394483400018503e-07
npn,3.4394483400018503e-07
sks,3.4394483400018503e-07
ragan,3.4394483400018503e-07
heuri,3.4394483400018503e-07
holmstrom,3.4394483400018503e-07
soto,3.4394483400018503e-07
informationth,3.4394483400018503e-07
disenfranchis,3.4394483400018503e-07
xrn,3.4394483400018503e-07
dss,3.4394483400018503e-07
aey,3.4394483400018503e-07
qif,3.4394483400018503e-07
rya,3.4394483400018503e-07
piy,3.4394483400018503e-07
qlr,3.4394483400018503e-07
xnn,3.4394483400018503e-07
wlj,3.4394483400018503e-07
orgarticlesphp,3.4394483400018503e-07
nonmanageri,3.4394483400018503e-07
cvc,3.4394483400018503e-07
participatori,3.4394483400018503e-07
neapoli,3.4394483400018503e-07
siv,3.4394483400018503e-07
ptd,3.4394483400018503e-07
mercosur,3.4394483400018503e-07
xwt,3.4394483400018503e-07
lowdens,3.4394483400018503e-07
pjx,3.4394483400018503e-07
finalgood,3.4394483400018503e-07
urp,3.4394483400018503e-07
ynn,3.4394483400018503e-07
imageri,3.4394483400018503e-07
horney,3.4394483400018503e-07
jui,3.4394483400018503e-07
forf,3.4394483400018503e-07
lwl,3.4394483400018503e-07
epv,3.4394483400018503e-07
kbi,3.4394483400018503e-07
multiasset,3.4394483400018503e-07
epn,3.4394483400018503e-07
nrr,3.4394483400018503e-07
ipf,3.4394483400018503e-07
leibowitz,3.4394483400018503e-07
idio,3.4394483400018503e-07
dja,3.4394483400018503e-07
pfm,3.4394483400018503e-07
poq,3.4394483400018503e-07
pondenc,3.4394483400018503e-07
iviv,3.4394483400018503e-07
npp,3.4394483400018503e-07
ima,3.4394483400018503e-07
aeaweb,3.4394483400018503e-07
vrt,3.4394483400018503e-07
forp,3.4394483400018503e-07
thefollow,3.4394483400018503e-07
xcl,3.4394483400018503e-07
upwardbias,3.4394483400018503e-07
boca,3.4394483400018503e-07
oid,3.4394483400018503e-07
burman,3.4394483400018503e-07
ecu,3.4394483400018503e-07
asq,3.4394483400018503e-07
oliveira,3.4394483400018503e-07
ayj,3.4394483400018503e-07
cosin,3.4394483400018503e-07
arec,3.4394483400018503e-07
eef,3.4394483400018503e-07
layard,3.4394483400018503e-07
supn,3.4394483400018503e-07
itii,3.4394483400018503e-07
etant,3.4394483400018503e-07
imax,3.4394483400018503e-07
zoz,3.4394483400018503e-07
amemiya,3.4394483400018503e-07
mpr,3.4394483400018503e-07
oof,3.4394483400018503e-07
tegi,3.4394483400018503e-07
subp,3.4394483400018503e-07
olw,3.4394483400018503e-07
osha,3.4394483400018503e-07
pui,3.4394483400018503e-07
lpa,3.4394483400018503e-07
hochman,3.4394483400018503e-07
dcc,3.4394483400018503e-07
wynn,3.4394483400018503e-07
yohe,3.4394483400018503e-07
eix,3.4394483400018503e-07
strathclyd,3.4394483400018503e-07
squareroot,3.4394483400018503e-07
kut,3.4394483400018503e-07
enx,3.4394483400018503e-07
jio,3.4394483400018503e-07
nitiv,3.4394483400018503e-07
boolean,3.4394483400018503e-07
gax,3.4394483400018503e-07
adg,3.4394483400018503e-07
goodby,3.4394483400018503e-07
ooj,3.4394483400018503e-07
cfx,3.4394483400018503e-07
nki,3.4394483400018503e-07
mls,3.4394483400018503e-07
nxt,3.4394483400018503e-07
ohi,3.4394483400018503e-07
hib,3.4394483400018503e-07
wps,3.4394483400018503e-07
experimentalist,3.4394483400018503e-07
contrair,3.4394483400018503e-07
zij,3.4394483400018503e-07
frchet,3.4394483400018503e-07
ordinalist,3.4394483400018503e-07
zxt,3.4394483400018503e-07
azj,3.4394483400018503e-07
cdx,3.4394483400018503e-07
anw,3.4394483400018503e-07
sandwich,3.4394483400018503e-07
upl,3.4394483400018503e-07
ulc,3.4394483400018503e-07
pll,3.4394483400018503e-07
cck,3.4394483400018503e-07
cxb,3.4394483400018503e-07
wiw,3.4394483400018503e-07
rfl,3.4394483400018503e-07
rtpt,3.4394483400018503e-07
kpt,3.4394483400018503e-07
gga,3.4394483400018503e-07
dkj,3.4394483400018503e-07
kos,3.4394483400018503e-07
sff,3.4394483400018503e-07
crf,3.4394483400018503e-07
uel,3.4394483400018503e-07
evr,3.4394483400018503e-07
ged,3.4394483400018503e-07
susann,3.4394483400018503e-07
crl,3.4394483400018503e-07
ujt,3.4394483400018503e-07
lambda,3.4394483400018503e-07
ttdt,3.4394483400018503e-07
altru,3.4394483400018503e-07
wisconsinmadison,3.4394483400018503e-07
staiger,3.4394483400018503e-07
texasaustin,3.4394483400018503e-07
ilian,3.4394483400018503e-07
harvardmit,3.4394483400018503e-07
cta,3.4394483400018503e-07
assumnpt,3.4394483400018503e-07
goodi,3.4394483400018503e-07
witi,3.4394483400018503e-07
thatfor,3.4394483400018503e-07
dfn,3.4394483400018503e-07
xjx,3.4394483400018503e-07
usj,3.4394483400018503e-07
nipa,3.4394483400018503e-07
ajf,3.4394483400018503e-07
oet,3.4394483400018503e-07
yte,3.4394483400018503e-07
rugged,3.4394483400018503e-07
xgt,3.4394483400018503e-07
understudi,3.4394483400018503e-07
valuea,3.4394483400018503e-07
jcj,3.4394483400018503e-07
xip,3.4394483400018503e-07
pmi,3.4394483400018503e-07
multidimen,3.4394483400018503e-07
acontinu,3.4394483400018503e-07
daycar,3.4394483400018503e-07
tet,3.4394483400018503e-07
flawless,3.4394483400018503e-07
gco,3.4394483400018503e-07
nmo,3.4394483400018503e-07
frbmit,3.4394483400018503e-07
xae,3.4394483400018503e-07
axf,3.4394483400018503e-07
wherep,3.4394483400018503e-07
toma,3.4394483400018503e-07
qfj,3.4394483400018503e-07
annalen,3.4394483400018503e-07
dts,3.4394483400018503e-07
clotfelt,3.4394483400018503e-07
holtzeakin,3.4394483400018503e-07
sgt,3.4394483400018503e-07
wlm,3.4394483400018503e-07
dzi,3.4394483400018503e-07
illb,3.4394483400018503e-07
gauss,3.4394483400018503e-07
ssp,3.4394483400018503e-07
niv,3.4394483400018503e-07
topleft,3.4394483400018503e-07
sund,3.4394483400018503e-07
trigonometr,3.4394483400018503e-07
pws,3.4394483400018503e-07
swt,3.4394483400018503e-07
rdx,3.4394483400018503e-07
cnp,3.4394483400018503e-07
xtest,3.4394483400018503e-07
publicfin,3.4394483400018503e-07
postcrisi,3.4394483400018503e-07
exv,3.4394483400018503e-07
ifw,3.4394483400018503e-07
nhs,3.4394483400018503e-07
yna,3.4394483400018503e-07
tzi,3.4394483400018503e-07
extrema,3.4394483400018503e-07
normaliza,3.4394483400018503e-07
qol,3.4394483400018503e-07
bridget,3.4394483400018503e-07
nont,3.4394483400018503e-07
qpo,3.4394483400018503e-07
dfinit,3.4394483400018503e-07
clio,3.4394483400018503e-07
jamison,3.4394483400018503e-07
jlt,3.4394483400018503e-07
larsen,3.4394483400018503e-07
didi,3.4394483400018503e-07
sopher,3.4394483400018503e-07
torcuato,3.4394483400018503e-07
vap,3.4394483400018503e-07
berdecemb,3.4394483400018503e-07
klj,3.4394483400018503e-07
unob,3.4394483400018503e-07
mimi,3.4394483400018503e-07
ofor,3.4394483400018503e-07
valri,3.4394483400018503e-07
urbanachampaign,3.4394483400018503e-07
dfj,3.4394483400018503e-07
vvj,3.4394483400018503e-07
hoi,3.4394483400018503e-07
takashi,3.4394483400018503e-07
heroin,3.4394483400018503e-07
flit,3.4394483400018503e-07
sweder,3.4394483400018503e-07
schwartzman,3.4394483400018503e-07
ptn,3.4394483400018503e-07
opo,3.4394483400018503e-07
fixi,3.4394483400018503e-07
ligon,3.4394483400018503e-07
tracta,3.4394483400018503e-07
thirdbest,3.4394483400018503e-07
bbl,3.4394483400018503e-07
takeitor,3.4394483400018503e-07
qot,3.4394483400018503e-07
precom,3.4394483400018503e-07
knetsch,3.4394483400018503e-07
uie,3.4394483400018503e-07
dyx,3.4394483400018503e-07
xxr,3.4394483400018503e-07
txs,3.4394483400018503e-07
hft,3.4394483400018503e-07
viktor,3.4394483400018503e-07
grandmoth,3.4394483400018503e-07
highprob,3.4394483400018503e-07
graw,3.4394483400018503e-07
xoa,3.4394483400018503e-07
biannual,3.4394483400018503e-07
horstmann,3.4394483400018503e-07
capitalaug,3.4394483400018503e-07
fpl,3.4394483400018503e-07
oor,3.4394483400018503e-07
dih,3.4394483400018503e-07
homi,3.4394483400018503e-07
lowerqu,3.4394483400018503e-07
cpis,3.4394483400018503e-07
roc,3.4394483400018503e-07
hta,3.4394483400018503e-07
eficiari,3.4394483400018503e-07
lavi,3.4394483400018503e-07
vial,3.4394483400018503e-07
jji,3.4394483400018503e-07
sau,3.4394483400018503e-07
boxjenkin,3.4394483400018503e-07
ofx,3.4394483400018503e-07
yipi,3.4394483400018503e-07
ork,3.4394483400018503e-07
dfe,3.4394483400018503e-07
poa,3.4394483400018503e-07
yic,3.4394483400018503e-07
avu,3.4394483400018503e-07
nct,3.4394483400018503e-07
integrand,3.4394483400018503e-07
informn,3.4394483400018503e-07
hockey,3.4394483400018503e-07
bran,3.4394483400018503e-07
dlt,3.4394483400018503e-07
bernd,3.4394483400018503e-07
hci,3.4394483400018503e-07
kdt,3.4394483400018503e-07
acronym,3.4394483400018503e-07
hpx,3.4394483400018503e-07
jni,3.4394483400018503e-07
grr,3.4394483400018503e-07
rapoport,3.4394483400018503e-07
dieter,3.4394483400018503e-07
willpow,3.4394483400018503e-07
rgi,3.4394483400018503e-07
ieo,3.4394483400018503e-07
cathi,3.4394483400018503e-07
tlx,3.4394483400018503e-07
copay,3.4394483400018503e-07
nik,3.4394483400018503e-07
braun,3.4394483400018503e-07
sax,3.4394483400018503e-07
adu,3.4394483400018503e-07
dgp,3.4394483400018503e-07
plc,3.4394483400018503e-07
dlx,3.4394483400018503e-07
sealedbid,3.4394483400018503e-07
uld,3.4394483400018503e-07
knn,3.4394483400018503e-07
rybczynski,3.4394483400018503e-07
gilman,3.4394483400018503e-07
syr,3.4394483400018503e-07
ilg,3.4394483400018503e-07
aand,3.4394483400018503e-07
possibi,3.4394483400018503e-07
krizan,3.4394483400018503e-07
xiai,3.4394483400018503e-07
bart,3.4394483400018503e-07
rtl,3.4394483400018503e-07
zll,3.4394483400018503e-07
kimber,3.4394483400018503e-07
mcx,3.4394483400018503e-07
gyl,3.4394483400018503e-07
performancebas,3.4394483400018503e-07
yqt,3.4394483400018503e-07
maloney,3.4394483400018503e-07
molli,3.4394483400018503e-07
ggi,3.4394483400018503e-07
switcher,3.4394483400018503e-07
fiyi,3.4394483400018503e-07
peratur,3.4394483400018503e-07
concordia,3.4394483400018503e-07
tpr,3.4394483400018503e-07
joo,3.4394483400018503e-07
cha,3.4394483400018503e-07
axax,3.4394483400018503e-07
sicker,3.4394483400018503e-07
characteriz,3.4394483400018503e-07
gustibus,3.4394483400018503e-07
ajj,3.4394483400018503e-07
fko,3.4394483400018503e-07
ecp,3.4394483400018503e-07
pyn,3.4394483400018503e-07
atheoret,3.4394483400018503e-07
xbl,3.4394483400018503e-07
xof,3.4394483400018503e-07
ayit,3.4394483400018503e-07
zlz,3.4394483400018503e-07
nalize,3.4394483400018503e-07
firstgener,3.4394483400018503e-07
xxk,3.4394483400018503e-07
garrett,3.4394483400018503e-07
fwl,3.4394483400018503e-07
wki,3.4394483400018503e-07
dkd,3.4394483400018503e-07
yamashita,3.4394483400018503e-07
aoe,3.4394483400018503e-07
pfq,3.4394483400018503e-07
sono,3.4394483400018503e-07
aph,3.4394483400018503e-07
fitt,3.4394483400018503e-07
boardman,3.4394483400018503e-07
zlt,3.4394483400018503e-07
kpo,3.4394483400018503e-07
xct,3.4394483400018503e-07
nofault,3.4394483400018503e-07
pedagogi,3.4394483400018503e-07
sest,3.4394483400018503e-07
qualityquant,3.4394483400018503e-07
ramat,3.4394483400018503e-07
mossin,3.4394483400018503e-07
kelso,3.4394483400018503e-07
untreat,3.4394483400018503e-07
camer,3.4394483400018503e-07
wwt,3.4394483400018503e-07
calmfor,3.4394483400018503e-07
kta,3.4394483400018503e-07
fpr,3.4394483400018503e-07
fitzgerald,3.4394483400018503e-07
bpe,3.4394483400018503e-07
yves,3.4394483400018503e-07
vye,3.4394483400018503e-07
parag,3.4394483400018503e-07
rical,3.4394483400018503e-07
vlt,3.4394483400018503e-07
noge,3.4394483400018503e-07
twobytwo,3.4394483400018503e-07
takatoshi,3.4394483400018503e-07
yixi,3.4394483400018503e-07
guitton,3.4394483400018503e-07
royden,3.4394483400018503e-07
nac,3.4394483400018503e-07
sall,3.4394483400018503e-07
qtheori,3.4394483400018503e-07
analisi,3.4394483400018503e-07
masahiro,3.4394483400018503e-07
qis,3.4394483400018503e-07
laq,3.4394483400018503e-07
incomeleisur,3.4394483400018503e-07
dqo,3.4394483400018503e-07
pointtopoint,3.4394483400018503e-07
kte,3.4394483400018503e-07
wpw,3.4394483400018503e-07
orszag,3.4394483400018503e-07
liran,3.4394483400018503e-07
scf,3.4394483400018503e-07
vik,3.4394483400018503e-07
berkowitz,3.4394483400018503e-07
bfor,3.4394483400018503e-07
gru,3.4394483400018503e-07
ambient,3.4394483400018503e-07
ril,3.4394483400018503e-07
lition,3.4394483400018503e-07
cqx,3.4394483400018503e-07
lxl,3.4394483400018503e-07
uzt,3.4394483400018503e-07
nonatom,3.4394483400018503e-07
zhong,3.4394483400018503e-07
henrich,3.4394483400018503e-07
avw,3.4394483400018503e-07
governmentprovid,3.4394483400018503e-07
riy,3.4394483400018503e-07
antonelli,3.4394483400018503e-07
kro,3.4394483400018503e-07
irk,3.4394483400018503e-07
stubblebin,3.4394483400018503e-07
borel,3.4394483400018503e-07
leduc,3.4394483400018503e-07
timecost,3.4394483400018503e-07
arp,3.4394483400018503e-07
mip,3.4394483400018503e-07
agar,3.4394483400018503e-07
stm,3.4394483400018503e-07
fzz,3.4394483400018503e-07
americanj,3.4394483400018503e-07
aud,3.4394483400018503e-07
gustavo,3.4394483400018503e-07
giovanni,3.4394483400018503e-07
ccm,3.4394483400018503e-07
mackenzi,3.4394483400018503e-07
ehl,3.4394483400018503e-07
vle,3.4394483400018503e-07
lak,3.4394483400018503e-07
stickypric,3.4394483400018503e-07
toon,3.4394483400018503e-07
mncs,3.4394483400018503e-07
paperthat,3.4394483400018503e-07
crh,3.4394483400018503e-07
yiyi,3.4394483400018503e-07
geanakoplo,3.4394483400018503e-07
arno,3.4394483400018503e-07
minl,3.4394483400018503e-07
luj,3.4394483400018503e-07
ijv,3.4394483400018503e-07
incapacit,3.4394483400018503e-07
attractor,3.4394483400018503e-07
usx,3.4394483400018503e-07
poo,3.4394483400018503e-07
cori,3.4394483400018503e-07
postnat,3.4394483400018503e-07
xfx,3.4394483400018503e-07
uvt,3.4394483400018503e-07
hsi,3.4394483400018503e-07
roberta,3.4394483400018503e-07
lss,3.4394483400018503e-07
pxx,3.4394483400018503e-07
ght,3.4394483400018503e-07
eoc,3.4394483400018503e-07
condom,3.4394483400018503e-07
xrs,3.4394483400018503e-07
triopoli,3.4394483400018503e-07
blundel,3.4394483400018503e-07
oxl,3.4394483400018503e-07
aho,3.4394483400018503e-07
prenat,3.4394483400018503e-07
uxi,3.4394483400018503e-07
fane,3.4394483400018503e-07
cuni,3.4394483400018503e-07
levitan,3.4394483400018503e-07
beginningof,3.4394483400018503e-07
polyhedr,3.4394483400018503e-07
gxl,3.4394483400018503e-07
kone,3.4394483400018503e-07
emori,3.4394483400018503e-07
stn,3.4394483400018503e-07
cpr,3.4394483400018503e-07
yxi,3.4394483400018503e-07
totowa,3.4394483400018503e-07
otw,3.4394483400018503e-07
pdv,3.4394483400018503e-07
iif,3.4394483400018503e-07
prespecifi,3.4394483400018503e-07
ashgat,3.4394483400018503e-07
maharashtra,3.4394483400018503e-07
ocp,3.4394483400018503e-07
pcl,3.4394483400018503e-07
preprint,3.4394483400018503e-07
pwe,3.4394483400018503e-07
vsa,3.4394483400018503e-07
eyeglass,3.4394483400018503e-07
lfk,3.4394483400018503e-07
tourna,3.4394483400018503e-07
galli,3.4394483400018503e-07
ytc,3.4394483400018503e-07
pko,3.4394483400018503e-07
uji,3.4394483400018503e-07
fpx,3.4394483400018503e-07
yujiro,3.4394483400018503e-07
policyrel,3.4394483400018503e-07
wagesett,3.4394483400018503e-07
harsanyi,3.4394483400018503e-07
bixi,3.4394483400018503e-07
fxb,3.4394483400018503e-07
masahiko,3.4394483400018503e-07
reto,3.4394483400018503e-07
ngn,3.4394483400018503e-07
ajay,3.4394483400018503e-07
dada,3.4394483400018503e-07
pifi,3.4394483400018503e-07
syy,3.4394483400018503e-07
edt,3.4394483400018503e-07
neiman,3.4394483400018503e-07
fcs,3.4394483400018503e-07
lowestqu,3.4394483400018503e-07
threefactor,3.4394483400018503e-07
abramowitz,3.4394483400018503e-07
fpo,3.4394483400018503e-07
rne,3.4394483400018503e-07
sxo,3.4394483400018503e-07
padova,3.4394483400018503e-07
ifornia,3.4394483400018503e-07
boulevard,3.4394483400018503e-07
lowperform,3.4394483400018503e-07
marquez,3.4394483400018503e-07
roemer,3.4394483400018503e-07
aaaa,3.4394483400018503e-07
retrofit,3.4394483400018503e-07
nesota,3.4394483400018503e-07
rkl,3.4394483400018503e-07
lok,3.4394483400018503e-07
xkx,3.4394483400018503e-07
postsampl,3.4394483400018503e-07
ceo,3.4394483400018503e-07
pritchett,3.4394483400018503e-07
brent,3.4394483400018503e-07
lauma,3.4394483400018503e-07
vandal,3.4394483400018503e-07
xpa,3.4394483400018503e-07
reducedpric,3.4394483400018503e-07
sda,3.4394483400018503e-07
dwn,3.4394483400018503e-07
adq,3.4394483400018503e-07
uet,3.4394483400018503e-07
firsttim,3.4394483400018503e-07
tersect,3.4394483400018503e-07
eil,3.4394483400018503e-07
cioeconom,3.4394483400018503e-07
cfo,3.4394483400018503e-07
nbs,3.4394483400018503e-07
pps,3.4394483400018503e-07
vih,3.4394483400018503e-07
autonoma,3.4394483400018503e-07
ake,3.4394483400018503e-07
eeo,3.4394483400018503e-07
harvardedu,3.4394483400018503e-07
magil,3.4394483400018503e-07
rtdt,3.4394483400018503e-07
caballero,3.4394483400018503e-07
epsilon,3.4394483400018503e-07
preshock,3.4394483400018503e-07
terranc,3.4394483400018503e-07
rzi,3.4394483400018503e-07
vdv,3.4394483400018503e-07
molinari,3.4394483400018503e-07
ancecovari,3.4394483400018503e-07
tml,3.4394483400018503e-07
edf,3.4394483400018503e-07
certaintyequival,3.4394483400018503e-07
ftdt,3.4394483400018503e-07
jand,3.4394483400018503e-07
meg,3.4394483400018503e-07
itb,3.4394483400018503e-07
etit,3.4394483400018503e-07
reinvent,3.4394483400018503e-07
mcmaster,3.4394483400018503e-07
rodrigo,3.4394483400018503e-07
equilibriumi,3.4394483400018503e-07
greensboro,3.4394483400018503e-07
bxl,3.4394483400018503e-07
bocconi,3.4394483400018503e-07
equ,3.4394483400018503e-07
scrappag,3.4394483400018503e-07
pxi,3.4394483400018503e-07
goodsmarket,3.4394483400018503e-07
gibil,3.4394483400018503e-07
marchand,3.4394483400018503e-07
btb,3.4394483400018503e-07
iee,3.4394483400018503e-07
riordan,3.4394483400018503e-07
yst,3.4394483400018503e-07
irq,3.4394483400018503e-07
alfonso,3.4394483400018503e-07
coursework,3.4394483400018503e-07
demandfunct,3.4394483400018503e-07
yct,3.4394483400018503e-07
fujita,3.4394483400018503e-07
xmp,3.4394483400018503e-07
xfi,3.4394483400018503e-07
ameasur,3.4394483400018503e-07
xrt,3.4394483400018503e-07
shearer,3.4394483400018503e-07
rvo,3.4394483400018503e-07
vlo,3.4394483400018503e-07
descriptor,3.4394483400018503e-07
xkl,3.4394483400018503e-07
xed,3.4394483400018503e-07
iment,3.4394483400018503e-07
lue,3.4394483400018503e-07
ilan,3.4394483400018503e-07
vts,3.4394483400018503e-07
xes,3.4394483400018503e-07
peergroup,3.4394483400018503e-07
nonfil,3.4394483400018503e-07
friedberg,3.4394483400018503e-07
flll,3.4394483400018503e-07
xna,3.4394483400018503e-07
heathcot,3.4394483400018503e-07
xqt,3.4394483400018503e-07
pif,3.4394483400018503e-07
pvalu,3.4394483400018503e-07
crk,3.4394483400018503e-07
vyy,3.4394483400018503e-07
groshen,3.4394483400018503e-07
nsector,3.4394483400018503e-07
egger,3.4394483400018503e-07
counterfac,3.4394483400018503e-07
ethan,3.4394483400018503e-07
ficti,3.4394483400018503e-07
cyn,3.4394483400018503e-07
wjt,3.4394483400018503e-07
ybi,3.4394483400018503e-07
wqi,3.4394483400018503e-07
wtt,3.4394483400018503e-07
infonn,3.4394483400018503e-07
tisement,3.4394483400018503e-07
luo,3.4394483400018503e-07
idat,3.4394483400018503e-07
xyo,3.4394483400018503e-07
ehess,3.4394483400018503e-07
cya,3.4394483400018503e-07
uix,3.4394483400018503e-07
dgt,3.4394483400018503e-07
qpr,3.4394483400018503e-07
australasian,3.4394483400018503e-07
bco,3.4394483400018503e-07
regina,3.4394483400018503e-07
oiy,3.4394483400018503e-07
beha,3.4394483400018503e-07
barten,3.4394483400018503e-07
dconomi,3.4394483400018503e-07
lre,3.4394483400018503e-07
crs,3.4394483400018503e-07
facult,3.4394483400018503e-07
dtc,3.4394483400018503e-07
erk,3.4394483400018503e-07
yif,3.4394483400018503e-07
reilli,3.4394483400018503e-07
notestandard,3.4394483400018503e-07
nall,3.4394483400018503e-07
bedroom,3.4394483400018503e-07
kic,3.4394483400018503e-07
ryr,3.4394483400018503e-07
iwa,3.4394483400018503e-07
savin,3.4394483400018503e-07
timespecif,3.4394483400018503e-07
ifr,3.4394483400018503e-07
sarnat,3.4394483400018503e-07
mahoney,3.4394483400018503e-07
utt,3.4394483400018503e-07
bti,3.4394483400018503e-07
download,3.4394483400018503e-07
ezj,3.4394483400018503e-07
machineread,3.4394483400018503e-07
spline,3.4394483400018503e-07
fyi,3.4394483400018503e-07
soso,3.4394483400018503e-07
adata,3.4394483400018503e-07
timedepend,3.4394483400018503e-07
nini,3.4394483400018503e-07
kco,3.4394483400018503e-07
undergrad,3.4394483400018503e-07
horioka,3.4394483400018503e-07
micromacro,3.4394483400018503e-07
lih,3.4394483400018503e-07
hur,3.4394483400018503e-07
xtf,3.4394483400018503e-07
rosenbaum,3.4394483400018503e-07
qir,3.4394483400018503e-07
vcg,3.4394483400018503e-07
ctlt,3.4394483400018503e-07
yun,3.4394483400018503e-07
afc,3.4394483400018503e-07
abas,3.4394483400018503e-07
nonmonoton,3.4394483400018503e-07
utilit,3.4394483400018503e-07
jel,3.4394483400018503e-07
ejt,3.4394483400018503e-07
hfh,3.4394483400018503e-07
twoparamet,3.4394483400018503e-07
msl,3.4394483400018503e-07
jeux,3.4394483400018503e-07
betsi,3.4394483400018503e-07
rjt,3.4394483400018503e-07
rrw,3.4394483400018503e-07
ynj,3.4394483400018503e-07
ertl,3.4394483400018503e-07
lns,3.4394483400018503e-07
bmw,3.4394483400018503e-07
beb,3.4394483400018503e-07
ravi,3.4394483400018503e-07
rbl,3.4394483400018503e-07
xfl,3.4394483400018503e-07
goeth,3.4394483400018503e-07
cei,3.4394483400018503e-07
vjp,3.4394483400018503e-07
gdt,3.4394483400018503e-07
martingal,3.4394483400018503e-07
glossari,3.4394483400018503e-07
hei,3.4394483400018503e-07
qte,3.4394483400018503e-07
ntk,3.4394483400018503e-07
bst,3.4394483400018503e-07
invol,3.4394483400018503e-07
aqr,3.4394483400018503e-07
freeentri,3.4394483400018503e-07
interlinkag,3.4394483400018503e-07
gil,3.4394483400018503e-07
putate,3.4394483400018503e-07
moreira,3.4394483400018503e-07
sidrauski,3.4394483400018503e-07
mme,3.4394483400018503e-07
mortensen,3.4394483400018503e-07
crq,3.4394483400018503e-07
mtp,3.4394483400018503e-07
gillingham,3.4394483400018503e-07
uso,3.4394483400018503e-07
cpp,3.4394483400018503e-07
bce,3.4394483400018503e-07
uhc,3.4394483400018503e-07
veb,3.4394483400018503e-07
blacksburg,3.4394483400018503e-07
playground,3.4394483400018503e-07
remarqu,3.4394483400018503e-07
donc,3.4394483400018503e-07
cah,3.4394483400018503e-07
lifesav,3.4394483400018503e-07
ptr,3.4394483400018503e-07
lcp,3.4394483400018503e-07
quun,3.4394483400018503e-07
djt,3.4394483400018503e-07
luc,3.4394483400018503e-07
qjo,3.4394483400018503e-07
logiqu,3.4394483400018503e-07
cepend,3.4394483400018503e-07
montr,3.4394483400018503e-07
eliana,3.4394483400018503e-07
wno,3.4394483400018503e-07
underprovis,3.4394483400018503e-07
euclidian,3.4394483400018503e-07
innsbruck,3.4394483400018503e-07
palisad,3.4394483400018503e-07
fairfax,3.4394483400018503e-07
cela,3.4394483400018503e-07
mca,3.4394483400018503e-07
jakarta,3.4394483400018503e-07
ixt,3.4394483400018503e-07
perwork,3.4394483400018503e-07
weisberg,3.4394483400018503e-07
pcb,3.4394483400018503e-07
crw,3.4394483400018503e-07
hajim,3.4394483400018503e-07
mrr,3.4394483400018503e-07
arial,3.4394483400018503e-07
trapezoid,3.4394483400018503e-07
corbo,3.4394483400018503e-07
anj,3.4394483400018503e-07
xee,3.4394483400018503e-07
peek,3.4394483400018503e-07
cnt,3.4394483400018503e-07
interp,3.4394483400018503e-07
eay,3.4394483400018503e-07
pew,3.4394483400018503e-07
ilz,3.4394483400018503e-07
mlm,3.4394483400018503e-07
yxo,3.4394483400018503e-07
andg,3.4394483400018503e-07
fcp,3.4394483400018503e-07
tif,3.4394483400018503e-07
cjf,3.4394483400018503e-07
yox,3.4394483400018503e-07
pbs,3.4394483400018503e-07
threefirm,3.4394483400018503e-07
hts,3.4394483400018503e-07
phs,3.4394483400018503e-07
iel,3.4394483400018503e-07
ipq,3.4394483400018503e-07
iyj,3.4394483400018503e-07
aqn,3.4394483400018503e-07
enger,3.4394483400018503e-07
proactiv,3.4394483400018503e-07
mial,3.4394483400018503e-07
highreturn,3.4394483400018503e-07
vec,3.4394483400018503e-07
ixk,3.4394483400018503e-07
bekker,3.4394483400018503e-07
bao,3.4394483400018503e-07
zie,3.4394483400018503e-07
alasdair,3.4394483400018503e-07
ianc,3.4394483400018503e-07
aiu,3.4394483400018503e-07
universitat,3.4394483400018503e-07
bln,3.4394483400018503e-07
ltp,3.4394483400018503e-07
valle,3.4394483400018503e-07
necessair,3.4394483400018503e-07
fes,3.4394483400018503e-07
marci,3.4394483400018503e-07
twoperiod,3.4394483400018503e-07
vmax,3.4394483400018503e-07
interet,3.4394483400018503e-07
vixi,3.4394483400018503e-07
kami,3.4394483400018503e-07
snack,3.4394483400018503e-07
mvp,3.4394483400018503e-07
sherri,3.4394483400018503e-07
multiplechoic,3.4394483400018503e-07
dirtier,3.4394483400018503e-07
cpd,3.4394483400018503e-07
donne,3.4394483400018503e-07
dsdt,3.4394483400018503e-07
xlm,3.4394483400018503e-07
stateconting,3.4394483400018503e-07
rendement,3.4394483400018503e-07
cycleperman,3.4394483400018503e-07
siebeck,3.4394483400018503e-07
hyderabad,3.4394483400018503e-07
nielsen,3.4394483400018503e-07
capabil,3.4394483400018503e-07
prn,3.4394483400018503e-07
overlappinggener,3.4394483400018503e-07
hyt,3.4394483400018503e-07
steadygrowth,3.4394483400018503e-07
tya,3.4394483400018503e-07
xaa,3.4394483400018503e-07
hsiao,3.4394483400018503e-07
adriano,3.4394483400018503e-07
qla,3.4394483400018503e-07
correlogram,3.4394483400018503e-07
gerber,3.4394483400018503e-07
qvt,3.4394483400018503e-07
spn,3.4394483400018503e-07
unl,3.4394483400018503e-07
headtohead,3.4394483400018503e-07
messier,3.4394483400018503e-07
rhoad,3.4394483400018503e-07
dixi,3.4394483400018503e-07
hmi,3.4394483400018503e-07
crackdown,3.4394483400018503e-07
uxo,3.4394483400018503e-07
vxt,3.4394483400018503e-07
pyl,3.4394483400018503e-07
jfi,3.4394483400018503e-07
qoq,3.4394483400018503e-07
vxj,3.4394483400018503e-07
selfreferenti,3.4394483400018503e-07
hki,3.4394483400018503e-07
alxt,3.4394483400018503e-07
madsen,3.4394483400018503e-07
ykt,3.4394483400018503e-07
jts,3.4394483400018503e-07
aju,3.4394483400018503e-07
hafner,3.4394483400018503e-07
shmuel,3.4394483400018503e-07
noisier,3.4394483400018503e-07
tpk,3.4394483400018503e-07
primat,3.4394483400018503e-07
firmj,3.4394483400018503e-07
vvl,3.4394483400018503e-07
csi,3.4394483400018503e-07
ebi,3.4394483400018503e-07
tyl,3.4394483400018503e-07
highinfl,3.4394483400018503e-07
notefigur,3.4394483400018503e-07
ghi,3.4394483400018503e-07
cdd,3.4394483400018503e-07
nonconvex,3.4394483400018503e-07
facteur,3.4394483400018503e-07
centimet,3.4394483400018503e-07
cusp,3.4394483400018503e-07
upt,3.4394483400018503e-07
mtj,3.4394483400018503e-07
dautr,3.4394483400018503e-07
fvi,3.4394483400018503e-07
dratic,3.4394483400018503e-07
messner,3.4394483400018503e-07
earni,3.4394483400018503e-07
cestadir,3.4394483400018503e-07
lorsqu,3.4394483400018503e-07
venti,3.4394483400018503e-07
particuli,3.4394483400018503e-07
darg,3.4394483400018503e-07
lcc,3.4394483400018503e-07
llt,3.4394483400018503e-07
twoequat,3.4394483400018503e-07
assaf,3.4394483400018503e-07
xig,3.4394483400018503e-07
pnces,3.4394483400018503e-07
surnam,3.4394483400018503e-07
cib,3.4394483400018503e-07
mclure,3.4394483400018503e-07
sche,3.4394483400018503e-07
nyi,3.4394483400018503e-07
yyo,3.4394483400018503e-07
aqo,3.4394483400018503e-07
mckinney,3.4394483400018503e-07
meo,3.4394483400018503e-07
corcoran,3.4394483400018503e-07
byb,3.4394483400018503e-07
factormarket,3.4394483400018503e-07
minneapo,3.4394483400018503e-07
rns,3.4394483400018503e-07
rur,3.4394483400018503e-07
hilari,3.4394483400018503e-07
cje,3.4394483400018503e-07
yep,3.4394483400018503e-07
ojo,3.4394483400018503e-07
nonlineari,3.4394483400018503e-07
olga,3.4394483400018503e-07
ifx,3.4394483400018503e-07
bjt,3.4394483400018503e-07
andx,3.4394483400018503e-07
teris,3.4394483400018503e-07
propriet,3.4394483400018503e-07
albrecht,3.4394483400018503e-07
fth,3.4394483400018503e-07
tobit,3.4394483400018503e-07
uiz,3.4394483400018503e-07
lequilibr,3.4394483400018503e-07
undp,3.4394483400018503e-07
ageincom,3.4394483400018503e-07
holdenday,3.4394483400018503e-07
underperform,3.4394483400018503e-07
dca,3.4394483400018503e-07
dernier,3.4394483400018503e-07
revew,3.4394483400018503e-07
bts,3.4394483400018503e-07
waterson,3.4394483400018503e-07
ergod,3.4394483400018503e-07
dso,3.4394483400018503e-07
egal,3.4394483400018503e-07
encor,3.4394483400018503e-07
infertil,3.4394483400018503e-07
font,3.4394483400018503e-07
mom,3.4394483400018503e-07
theoriqu,3.4394483400018503e-07
qqo,3.4394483400018503e-07
suivant,3.4394483400018503e-07
dvelopp,3.4394483400018503e-07
genson,3.4394483400018503e-07
alison,3.4394483400018503e-07
ptst,3.4394483400018503e-07
tappan,3.4394483400018503e-07
physiqu,3.4394483400018503e-07
marek,3.4394483400018503e-07
mosquito,3.4394483400018503e-07
jie,3.4394483400018503e-07
nkt,3.4394483400018503e-07
westport,3.4394483400018503e-07
kjl,3.4394483400018503e-07
vej,3.4394483400018503e-07
arj,3.4394483400018503e-07
aucun,3.4394483400018503e-07
adx,3.4394483400018503e-07
equalweight,3.4394483400018503e-07
trice,3.4394483400018503e-07
boun,3.4394483400018503e-07
kotaro,3.4394483400018503e-07
chernoff,3.4394483400018503e-07
lign,3.4394483400018503e-07
dpq,3.4394483400018503e-07
kji,3.4394483400018503e-07
fuhrer,3.4394483400018503e-07
selector,3.4394483400018503e-07
uth,3.4394483400018503e-07
semicon,3.4394483400018503e-07
mae,3.4394483400018503e-07
jeann,3.4394483400018503e-07
ucd,3.4394483400018503e-07
xjr,3.4394483400018503e-07
hellman,3.4394483400018503e-07
brienn,3.4394483400018503e-07
sulli,3.4394483400018503e-07
ktr,3.4394483400018503e-07
houghtonmifflin,3.4394483400018503e-07
sob,3.4394483400018503e-07
eoy,3.4394483400018503e-07
dickey,3.4394483400018503e-07
crossstat,3.4394483400018503e-07
pipj,3.4394483400018503e-07
murdock,3.4394483400018503e-07
bandpass,3.4394483400018503e-07
tukey,3.4394483400018503e-07
tinsley,3.4394483400018503e-07
tiy,3.4394483400018503e-07
eua,3.4394483400018503e-07
mathematik,3.4394483400018503e-07
mcdermott,3.4394483400018503e-07
axz,3.4394483400018503e-07
sparsiti,3.4394483400018503e-07
forschungsgemeinschaft,3.4394483400018503e-07
bjo,3.4394483400018503e-07
timo,3.4394483400018503e-07
lna,3.4394483400018503e-07
sylvest,3.4394483400018503e-07
leti,3.4394483400018503e-07
opp,3.4394483400018503e-07
millenni,3.4394483400018503e-07
ivt,3.4394483400018503e-07
xyx,3.4394483400018503e-07
disputandum,3.4394483400018503e-07
survi,3.4394483400018503e-07
byi,3.4394483400018503e-07
preschool,3.4394483400018503e-07
tampa,3.4394483400018503e-07
eif,3.4394483400018503e-07
tbt,3.4394483400018503e-07
physicaverlag,3.4394483400018503e-07
ytx,3.4394483400018503e-07
dxdt,3.4394483400018503e-07
dyd,3.4394483400018503e-07
ceux,3.4394483400018503e-07
decentraliz,3.4394483400018503e-07
endofperiod,3.4394483400018503e-07
scholz,3.4394483400018503e-07
shelli,3.4394483400018503e-07
mishkin,3.4394483400018503e-07
fvl,3.4394483400018503e-07
bvi,3.4394483400018503e-07
dwa,3.4394483400018503e-07
ctz,3.4394483400018503e-07
toujour,3.4394483400018503e-07
turnovski,3.4394483400018503e-07
nonsingular,3.4394483400018503e-07
vwt,3.4394483400018503e-07
hummel,3.4394483400018503e-07
pictori,3.4394483400018503e-07
employmentrel,3.4394483400018503e-07
janusz,3.4394483400018503e-07
secondperiod,3.4394483400018503e-07
jeanmichel,3.4394483400018503e-07
rjn,3.4394483400018503e-07
laser,3.4394483400018503e-07
klm,3.4394483400018503e-07
toolkit,3.4394483400018503e-07
xav,3.4394483400018503e-07
fleisher,3.4394483400018503e-07
fon,3.4394483400018503e-07
employmentr,3.4394483400018503e-07
macculloch,3.4394483400018503e-07
jolla,3.4394483400018503e-07
crocker,3.4394483400018503e-07
riskreduc,3.4394483400018503e-07
barrio,3.4394483400018503e-07
gruyter,3.4394483400018503e-07
redo,3.4394483400018503e-07
misallo,3.4394483400018503e-07
ssn,3.4394483400018503e-07
calgari,3.4394483400018503e-07
kaldorhick,3.4394483400018503e-07
subnat,3.4394483400018503e-07
gaussnewton,3.4394483400018503e-07
lrm,3.4394483400018503e-07
isk,3.4394483400018503e-07
conservationist,3.4394483400018503e-07
ashworth,3.4394483400018503e-07
dxx,3.4394483400018503e-07
kjj,3.4394483400018503e-07
joulrnal,3.4394483400018503e-07
ypl,3.4394483400018503e-07
drp,3.4394483400018503e-07
aici,3.4394483400018503e-07
ove,3.4394483400018503e-07
fourdimension,3.4394483400018503e-07
misspec,3.4394483400018503e-07
chord,3.4394483400018503e-07
viu,3.4394483400018503e-07
noncor,3.4394483400018503e-07
raton,3.4394483400018503e-07
asean,3.4394483400018503e-07
krt,3.4394483400018503e-07
bernheim,3.4394483400018503e-07
atherton,3.4394483400018503e-07
tulan,3.4394483400018503e-07
wellendow,3.4394483400018503e-07
labourleisur,3.4394483400018503e-07
warr,3.4394483400018503e-07
zri,3.4394483400018503e-07
jal,3.4394483400018503e-07
akn,3.4394483400018503e-07
lef,3.4394483400018503e-07
westphal,3.4394483400018503e-07
mph,3.4394483400018503e-07
smoker,3.4394483400018503e-07
cardiac,3.4394483400018503e-07
kang,3.4394483400018503e-07
symposia,3.4394483400018503e-07
cdl,3.4394483400018503e-07
readytoeat,3.4394483400018503e-07
ijth,3.4394483400018503e-07
harristodaro,3.4394483400018503e-07
logv,3.4394483400018503e-07
goldschmid,3.4394483400018503e-07
bingo,3.4394483400018503e-07
wohl,3.4394483400018503e-07
neher,3.4394483400018503e-07
aha,3.4394483400018503e-07
fdt,3.4394483400018503e-07
ulk,3.4394483400018503e-07
vqi,3.4394483400018503e-07
cdn,3.4394483400018503e-07
rbb,3.4394483400018503e-07
xfj,3.4394483400018503e-07
pib,3.4394483400018503e-07
cxa,3.4394483400018503e-07
dpf,3.4394483400018503e-07
wadhwani,3.4394483400018503e-07
gtg,3.4394483400018503e-07
noncontract,3.4394483400018503e-07
hrh,3.4394483400018503e-07
vara,3.4394483400018503e-07
universit,3.4394483400018503e-07
tys,3.4394483400018503e-07
redwood,3.4394483400018503e-07
ruhm,3.4394483400018503e-07
incomecompens,3.4394483400018503e-07
orx,3.4394483400018503e-07
gautier,3.4394483400018503e-07
roback,3.4394483400018503e-07
jlo,3.4394483400018503e-07
pcm,3.4394483400018503e-07
ltv,3.4394483400018503e-07
domino,3.4394483400018503e-07
discontin,3.4394483400018503e-07
nonstrateg,3.4394483400018503e-07
xiz,3.4394483400018503e-07
iow,3.4394483400018503e-07
xmi,3.4394483400018503e-07
hillhous,3.4394483400018503e-07
pav,3.4394483400018503e-07
ntr,3.4394483400018503e-07
pertur,3.4394483400018503e-07
jgi,3.4394483400018503e-07
trouv,3.4394483400018503e-07
weill,3.4394483400018503e-07
niari,3.4394483400018503e-07
lnq,3.4394483400018503e-07
pmin,3.4394483400018503e-07
recalibr,3.4394483400018503e-07
permanenttransitori,3.4394483400018503e-07
jill,3.4394483400018503e-07
xiy,3.4394483400018503e-07
patti,3.4394483400018503e-07
bayer,3.4394483400018503e-07
hoursweek,3.4394483400018503e-07
xili,3.4394483400018503e-07
bdi,3.4394483400018503e-07
georgi,3.4394483400018503e-07
yrj,3.4394483400018503e-07
schein,3.4394483400018503e-07
noninstitution,3.4394483400018503e-07
breastfeed,3.4394483400018503e-07
itit,3.4394483400018503e-07
newbold,3.4394483400018503e-07
phx,3.4394483400018503e-07
samuelsonian,3.4394483400018503e-07
eiti,3.4394483400018503e-07
bdm,3.4394483400018503e-07
owi,3.4394483400018503e-07
cato,3.4394483400018503e-07
spr,3.4394483400018503e-07
mth,3.4394483400018503e-07
nno,3.4394483400018503e-07
rki,3.4394483400018503e-07
wus,3.4394483400018503e-07
zei,3.4394483400018503e-07
slr,3.4394483400018503e-07
iyengar,3.4394483400018503e-07
partyear,3.4394483400018503e-07
navin,3.4394483400018503e-07
cik,3.4394483400018503e-07
aaronson,3.4394483400018503e-07
xpi,3.4394483400018503e-07
qax,3.4394483400018503e-07
cdz,3.4394483400018503e-07
taf,3.4394483400018503e-07
firstborn,3.4394483400018503e-07
pfk,3.4394483400018503e-07
tercentenari,3.4394483400018503e-07
vpt,3.4394483400018503e-07
buyback,3.4394483400018503e-07
amodel,3.4394483400018503e-07
apq,3.4394483400018503e-07
mlk,3.4394483400018503e-07
ujn,3.4394483400018503e-07
fink,3.4394483400018503e-07
qac,3.4394483400018503e-07
yls,3.4394483400018503e-07
ajd,3.4394483400018503e-07
itj,3.4394483400018503e-07
ctd,3.4394483400018503e-07
eixi,3.4394483400018503e-07
dynan,3.4394483400018503e-07
idx,3.4394483400018503e-07
asf,3.4394483400018503e-07
tts,3.4394483400018503e-07
vso,3.4394483400018503e-07
tps,3.4394483400018503e-07
resourcerich,3.4394483400018503e-07
cyp,3.4394483400018503e-07
kih,3.4394483400018503e-07
llc,3.4394483400018503e-07
kishor,3.4394483400018503e-07
quasiord,3.4394483400018503e-07
faa,3.4394483400018503e-07
nonstop,3.4394483400018503e-07
riskshar,3.4394483400018503e-07
eppl,3.4394483400018503e-07
iggo,3.4394483400018503e-07
piedmont,3.4394483400018503e-07
frf,3.4394483400018503e-07
stromberg,3.4394483400018503e-07
trajtenberg,3.4394483400018503e-07
uck,3.4394483400018503e-07
dto,3.4394483400018503e-07
heteroskedast,3.4394483400018503e-07
mtm,3.4394483400018503e-07
nonvanish,3.4394483400018503e-07
srensen,3.4394483400018503e-07
forschung,3.4394483400018503e-07
foc,3.4394483400018503e-07
selfint,3.4394483400018503e-07
fundacin,3.4394483400018503e-07
deregu,3.4394483400018503e-07
ftft,3.4394483400018503e-07
justiniano,3.4394483400018503e-07
dorsey,3.4394483400018503e-07
rtw,3.4394483400018503e-07
crossspectr,3.4394483400018503e-07
ypo,3.4394483400018503e-07
cournottyp,3.4394483400018503e-07
dul,3.4394483400018503e-07
blp,3.4394483400018503e-07
lxo,3.4394483400018503e-07
zwick,3.4394483400018503e-07
nakamura,3.4394483400018503e-07
riat,3.4394483400018503e-07
ftu,3.4394483400018503e-07
fno,3.4394483400018503e-07
dixitstiglitz,3.4394483400018503e-07
dlb,3.4394483400018503e-07
surveybas,3.4394483400018503e-07
tobia,3.4394483400018503e-07
highunemploy,3.4394483400018503e-07
thm,3.4394483400018503e-07
nft,3.4394483400018503e-07
wascher,3.4394483400018503e-07
pjf,3.4394483400018503e-07
bhalla,3.4394483400018503e-07
eryon,3.4394483400018503e-07
ptct,3.4394483400018503e-07
spreadsheet,3.4394483400018503e-07
ejm,3.4394483400018503e-07
epe,3.4394483400018503e-07
checkup,3.4394483400018503e-07
coumot,3.4394483400018503e-07
macra,3.4394483400018503e-07
rui,3.4394483400018503e-07
synth,3.4394483400018503e-07
dgx,3.4394483400018503e-07
dfi,3.4394483400018503e-07
nonsmooth,3.4394483400018503e-07
bilingu,3.4394483400018503e-07
lfa,3.4394483400018503e-07
fiki,3.4394483400018503e-07
mcl,3.4394483400018503e-07
intrac,3.4394483400018503e-07
populationweight,3.4394483400018503e-07
tye,3.4394483400018503e-07
ohl,3.4394483400018503e-07
acq,3.4394483400018503e-07
vav,3.4394483400018503e-07
lht,3.4394483400018503e-07
fte,3.4394483400018503e-07
lcs,3.4394483400018503e-07
pwl,3.4394483400018503e-07
whitmor,3.4394483400018503e-07
regionspecif,3.4394483400018503e-07
starrett,3.4394483400018503e-07
fid,3.4394483400018503e-07
bettor,3.4394483400018503e-07
epidemiolog,3.4394483400018503e-07
sunni,3.4394483400018503e-07
yjs,3.4394483400018503e-07
knt,3.4394483400018503e-07
ellsberg,3.4394483400018503e-07
elp,3.4394483400018503e-07
subsam,3.4394483400018503e-07
rosenfeld,3.4394483400018503e-07
ldx,3.4394483400018503e-07
ipc,3.4394483400018503e-07
nevi,3.4394483400018503e-07
fql,3.4394483400018503e-07
vho,3.4394483400018503e-07
yos,3.4394483400018503e-07
lousi,3.4394483400018503e-07
cok,3.4394483400018503e-07
dgl,3.4394483400018503e-07
xcp,3.4394483400018503e-07
mfp,3.4394483400018503e-07
ahe,3.4394483400018503e-07
duo,3.4394483400018503e-07
rri,3.4394483400018503e-07
gss,3.4394483400018503e-07
eae,3.4394483400018503e-07
talintens,3.4394483400018503e-07
jes,3.4394483400018503e-07
tdp,3.4394483400018503e-07
primogenitur,3.4394483400018503e-07
expro,3.4394483400018503e-07
leptokurt,3.4394483400018503e-07
btj,3.4394483400018503e-07
ipn,3.4394483400018503e-07
rescal,3.4394483400018503e-07
pthe,3.4394483400018503e-07
reno,3.4394483400018503e-07
utz,3.4394483400018503e-07
ainsli,3.4394483400018503e-07
highestvalu,3.4394483400018503e-07
fifthord,3.4394483400018503e-07
hust,3.4394483400018503e-07
ffa,3.4394483400018503e-07
oxo,3.4394483400018503e-07
shark,3.4394483400018503e-07
ooooooooo,3.4394483400018503e-07
naa,3.4394483400018503e-07
reni,3.4394483400018503e-07
dls,3.4394483400018503e-07
effectsa,3.4394483400018503e-07
olx,3.4394483400018503e-07
khanna,3.4394483400018503e-07
antl,3.4394483400018503e-07
vist,3.4394483400018503e-07
lne,3.4394483400018503e-07
josh,3.4394483400018503e-07
vtj,3.4394483400018503e-07
uir,3.4394483400018503e-07
lri,3.4394483400018503e-07
eiei,3.4394483400018503e-07
aja,3.4394483400018503e-07
cbc,3.4394483400018503e-07
afin,3.4394483400018503e-07
schaefer,3.4394483400018503e-07
nces,3.4394483400018503e-07
technion,3.4394483400018503e-07
tfx,3.4394483400018503e-07
hss,3.4394483400018503e-07
birdsal,3.4394483400018503e-07
tlu,3.4394483400018503e-07
confirmatori,3.4394483400018503e-07
vivi,3.4394483400018503e-07
mns,3.4394483400018503e-07
priva,3.4394483400018503e-07
replant,3.4394483400018503e-07
oei,3.4394483400018503e-07
fitch,3.4394483400018503e-07
clu,3.4394483400018503e-07
yuy,3.4394483400018503e-07
ssee,3.4394483400018503e-07
yyx,3.4394483400018503e-07
noncitizen,3.4394483400018503e-07
cropshar,3.4394483400018503e-07
alicia,3.4394483400018503e-07
vci,3.4394483400018503e-07
izont,3.4394483400018503e-07
iqr,3.4394483400018503e-07
xel,3.4394483400018503e-07
ydi,3.4394483400018503e-07
mitra,3.4394483400018503e-07
flc,3.4394483400018503e-07
chestnut,3.4394483400018503e-07
nonverifi,3.4394483400018503e-07
netic,3.4394483400018503e-07
spl,3.4394483400018503e-07
piu,3.4394483400018503e-07
mormon,3.4394483400018503e-07
lxm,3.4394483400018503e-07
gua,3.4394483400018503e-07
lai,3.4394483400018503e-07
edd,3.4394483400018503e-07
twoelement,3.4394483400018503e-07
menahem,3.4394483400018503e-07
infec,3.4394483400018503e-07
dda,3.4394483400018503e-07
yax,3.4394483400018503e-07
nonland,3.4394483400018503e-07
iho,3.4394483400018503e-07
linton,3.4394483400018503e-07
highfrequ,3.4394483400018503e-07
franais,3.4394483400018503e-07
foley,3.4394483400018503e-07
nold,3.4394483400018503e-07
esl,3.4394483400018503e-07
pcr,3.4394483400018503e-07
mukherje,3.4394483400018503e-07
forr,3.4394483400018503e-07
bhi,3.4394483400018503e-07
oda,3.4394483400018503e-07
luft,3.4394483400018503e-07
dpw,3.4394483400018503e-07
wif,3.4394483400018503e-07
lql,3.4394483400018503e-07
canci,3.4394483400018503e-07
carrillo,3.4394483400018503e-07
qip,3.4394483400018503e-07
dsi,3.4394483400018503e-07
ppr,3.4394483400018503e-07
nma,3.4394483400018503e-07
efl,3.4394483400018503e-07
blu,3.4394483400018503e-07
afa,3.4394483400018503e-07
eof,3.4394483400018503e-07
economtrica,3.4394483400018503e-07
osa,3.4394483400018503e-07
addic,3.4394483400018503e-07
atw,3.4394483400018503e-07
suresh,3.4394483400018503e-07
zhi,3.4394483400018503e-07
xjj,3.4394483400018503e-07
qie,3.4394483400018503e-07
periodt,3.4394483400018503e-07
iya,3.4394483400018503e-07
yki,3.4394483400018503e-07
txn,3.4394483400018503e-07
yrn,3.4394483400018503e-07
outsourc,3.4394483400018503e-07
ellickson,3.4394483400018503e-07
hli,3.4394483400018503e-07
mrj,3.4394483400018503e-07
bbi,3.4394483400018503e-07
astic,3.4394483400018503e-07
nonneu,3.4394483400018503e-07
asch,3.4394483400018503e-07
yla,3.4394483400018503e-07
mji,3.4394483400018503e-07
staterun,3.4394483400018503e-07
dtn,3.4394483400018503e-07
eeoc,3.4394483400018503e-07
moffitt,3.4394483400018503e-07
pander,3.4394483400018503e-07
carlsson,3.4394483400018503e-07
blackschol,3.4394483400018503e-07
gow,3.4394483400018503e-07
kris,3.4394483400018503e-07
qts,3.4394483400018503e-07
clk,3.4394483400018503e-07
apk,3.4394483400018503e-07
mesur,3.4394483400018503e-07
rxj,3.4394483400018503e-07
chc,3.4394483400018503e-07
aeb,3.4394483400018503e-07
postulat,3.4394483400018503e-07
lpr,3.4394483400018503e-07
soderstrom,3.4394483400018503e-07
physio,3.4394483400018503e-07
woodruff,3.4394483400018503e-07
funcrion,3.4394483400018503e-07
devant,3.4394483400018503e-07
houseman,3.4394483400018503e-07
kremer,3.4394483400018503e-07
elisha,3.4394483400018503e-07
garp,3.4394483400018503e-07
ilc,3.4394483400018503e-07
neuro,3.4394483400018503e-07
fastestgrow,3.4394483400018503e-07
subroutin,3.4394483400018503e-07
tnr,3.4394483400018503e-07
luw,3.4394483400018503e-07
deconometri,3.4394483400018503e-07
disconti,3.4394483400018503e-07
jrj,3.4394483400018503e-07
informationgath,3.4394483400018503e-07
wolfowitz,3.4394483400018503e-07
fki,3.4394483400018503e-07
peaked,3.4394483400018503e-07
risqu,3.4394483400018503e-07
inatten,3.4394483400018503e-07
pcd,3.4394483400018503e-07
oooooooo,3.4394483400018503e-07
ctm,3.4394483400018503e-07
romeo,3.4394483400018503e-07
haim,3.4394483400018503e-07
skelet,3.4394483400018503e-07
utm,3.4394483400018503e-07
employerprovid,3.4394483400018503e-07
functiona,3.4394483400018503e-07
ipl,3.4394483400018503e-07
yta,3.4394483400018503e-07
roni,3.4394483400018503e-07
staatswissenschaft,3.4394483400018503e-07
thom,3.4394483400018503e-07
itz,3.4394483400018503e-07
itest,3.4394483400018503e-07
ipa,3.4394483400018503e-07
qipi,3.4394483400018503e-07
subfield,3.4394483400018503e-07
kuo,3.4394483400018503e-07
artefact,3.4394483400018503e-07
lila,3.4394483400018503e-07
zio,3.4394483400018503e-07
gillespi,3.4394483400018503e-07
stackel,3.4394483400018503e-07
nonsteadi,3.4394483400018503e-07
eei,3.4394483400018503e-07
lowend,3.4394483400018503e-07
ibx,3.4394483400018503e-07
dsp,3.4394483400018503e-07
uscript,3.4394483400018503e-07
kii,3.4394483400018503e-07
parenc,3.4394483400018503e-07
mib,3.4394483400018503e-07
shefrin,3.4394483400018503e-07
solowswan,3.4394483400018503e-07
nnm,3.4394483400018503e-07
viiia,3.4394483400018503e-07
pathway,3.4394483400018503e-07
xts,3.4394483400018503e-07
counterclockwis,3.4394483400018503e-07
yvt,3.4394483400018503e-07
iec,3.4394483400018503e-07
saliti,3.4394483400018503e-07
qco,3.4394483400018503e-07
deconstruct,3.4394483400018503e-07
salon,3.4394483400018503e-07
chaim,3.4394483400018503e-07
xpq,3.4394483400018503e-07
variancecovari,3.4394483400018503e-07
awit,3.4394483400018503e-07
txx,3.4394483400018503e-07
sds,3.4394483400018503e-07
aym,3.4394483400018503e-07
forni,3.4394483400018503e-07
nondu,3.4394483400018503e-07
clapp,3.4394483400018503e-07
apg,3.4394483400018503e-07
jkk,3.4394483400018503e-07
xil,3.4394483400018503e-07
ilb,3.4394483400018503e-07
afe,3.4394483400018503e-07
iaa,3.4394483400018503e-07
alco,3.4394483400018503e-07
yiv,3.4394483400018503e-07
ysr,3.4394483400018503e-07
dermot,3.4394483400018503e-07
steen,3.4394483400018503e-07
gorton,3.4394483400018503e-07
orthog,3.4394483400018503e-07
obstetr,3.4394483400018503e-07
erasmus,3.4394483400018503e-07
moro,3.4394483400018503e-07
porto,3.4394483400018503e-07
tji,3.4394483400018503e-07
educt,3.4394483400018503e-07
topher,3.4394483400018503e-07
vider,3.4394483400018503e-07
wiu,3.4394483400018503e-07
iql,3.4394483400018503e-07
mcp,3.4394483400018503e-07
alderman,3.4394483400018503e-07
learningbi,3.4394483400018503e-07
avj,3.4394483400018503e-07
biv,3.4394483400018503e-07
mtl,3.4394483400018503e-07
xxt,3.4394483400018503e-07
pbe,3.4394483400018503e-07
qji,3.4394483400018503e-07
untrunc,3.4394483400018503e-07
investigacion,3.4394483400018503e-07
jaim,3.4394483400018503e-07
differentiatedproduct,3.4394483400018503e-07
moskowitz,3.4394483400018503e-07
rlf,3.4394483400018503e-07
etmt,3.4394483400018503e-07
captial,3.4394483400018503e-07
cls,3.4394483400018503e-07
dominiqu,3.4394483400018503e-07
anglia,3.4394483400018503e-07
pfe,3.4394483400018503e-07
vkt,3.4394483400018503e-07
hih,3.4394483400018503e-07
lagrangean,3.4394483400018503e-07
wrk,3.4394483400018503e-07
swl,3.4394483400018503e-07
kvt,3.4394483400018503e-07
owt,3.4394483400018503e-07
dyj,3.4394483400018503e-07
iem,3.4394483400018503e-07
dzl,3.4394483400018503e-07
zix,3.4394483400018503e-07
twoearner,3.4394483400018503e-07
jao,3.4394483400018503e-07
stephani,3.4394483400018503e-07
anb,3.4394483400018503e-07
xsi,3.4394483400018503e-07
aberdeen,3.4394483400018503e-07
melvyn,3.4394483400018503e-07
lwe,3.4394483400018503e-07
isocost,3.4394483400018503e-07
theoti,3.4394483400018503e-07
ilx,3.4394483400018503e-07
environmen,3.4394483400018503e-07
qoo,3.4394483400018503e-07
nonredund,3.4394483400018503e-07
jeff,3.4394483400018503e-07
pvi,3.4394483400018503e-07
homm,3.4394483400018503e-07
ofh,3.4394483400018503e-07
epd,3.4394483400018503e-07
remi,3.4394483400018503e-07
strahan,3.4394483400018503e-07
trendstationari,3.4394483400018503e-07
tyne,3.4394483400018503e-07
tanaka,3.4394483400018503e-07
ajh,3.4394483400018503e-07
tachment,3.4394483400018503e-07
razin,3.4394483400018503e-07
bohn,3.4394483400018503e-07
pricequ,3.4394483400018503e-07
amx,3.4394483400018503e-07
acg,3.4394483400018503e-07
groot,3.4394483400018503e-07
healthrel,3.4394483400018503e-07
condominium,3.4394483400018503e-07
helmut,3.4394483400018503e-07
hom,3.4394483400018503e-07
perinat,3.4394483400018503e-07
plk,3.4394483400018503e-07
zih,3.4394483400018503e-07
robertj,3.4394483400018503e-07
sbc,3.4394483400018503e-07
dro,3.4394483400018503e-07
wjr,3.4394483400018503e-07
assa,3.4394483400018503e-07
rqq,3.4394483400018503e-07
uyt,3.4394483400018503e-07
wedlock,3.4394483400018503e-07
upu,3.4394483400018503e-07
eder,3.4394483400018503e-07
joep,3.4394483400018503e-07
beaucoup,3.4394483400018503e-07
lsi,3.4394483400018503e-07
ccf,3.4394483400018503e-07
eraci,3.4394483400018503e-07
ika,3.4394483400018503e-07
hypothesistest,3.4394483400018503e-07
multimod,3.4394483400018503e-07
qiu,3.4394483400018503e-07
rpf,3.4394483400018503e-07
overconsum,3.4394483400018503e-07
fua,3.4394483400018503e-07
bullard,3.4394483400018503e-07
lesseduc,3.4394483400018503e-07
dpc,3.4394483400018503e-07
afk,3.4394483400018503e-07
californialo,3.4394483400018503e-07
aof,3.4394483400018503e-07
qjk,3.4394483400018503e-07
emir,3.4394483400018503e-07
bottomright,3.4394483400018503e-07
bidirect,3.4394483400018503e-07
liw,3.4394483400018503e-07
cristian,3.4394483400018503e-07
mixedstrategi,0.0
homoskedast,0.0
singlegood,0.0
lewbel,0.0
peranson,0.0
nondictatori,0.0
scotchmer,0.0
alipranti,0.0
schanzenbach,0.0
fuqua,0.0
snower,0.0
yacin,0.0
highdimension,0.0
goyal,0.0
chesher,0.0
tibshirani,0.0
gse,0.0
jeanmarc,0.0
dewatripont,0.0
bera,0.0
worstoff,0.0
pxs,0.0
walrasbowley,0.0
anjan,0.0
teststatist,0.0
doubleauct,0.0
morimun,0.0
burnin,0.0
limc,0.0
cbr,0.0
ajq,0.0
intercohort,0.0
unmodel,0.0
pattanaik,0.0
heteroscedasticityconsist,0.0
lechen,0.0
wolpin,0.0
magnac,0.0
euy,0.0
searchbas,0.0
megan,0.0
hiroyuki,0.0
greenston,0.0
dobkin,0.0
zrx,0.0
withinperiod,0.0
kariv,0.0
provincelevel,0.0
nongaussian,0.0
irreflex,0.0
pjpj,0.0
batra,0.0
leuven,0.0
demang,0.0
andolfatto,0.0
iwj,0.0
featherman,0.0
schorfheid,0.0
monika,0.0
quasitransit,0.0
salani,0.0
ghz,0.0
esem,0.0
schkade,0.0
ktlt,0.0
ploberg,0.0
grodal,0.0
andreoni,0.0
kocherlakota,0.0
workingpap,0.0
xfk,0.0
patentsrd,0.0
bollerslev,0.0
teckhua,0.0
tstat,0.0
bansal,0.0
ekeland,0.0
atila,0.0
payoffrelev,0.0
rrf,0.0
indon,0.0
benabou,0.0
valletta,0.0
bhaskar,0.0
agendaset,0.0
dartboard,0.0
ottaviano,0.0
kranton,0.0
consumptionbas,0.0
nechyba,0.0
herhi,0.0
negishi,0.0
superset,0.0
sociobiolog,0.0
aitsahalia,0.0
pesendorf,0.0
jeanphilipp,0.0
mcgrattan,0.0
tqj,0.0
setvalu,0.0
somanathan,0.0
lutkepohl,0.0
httpdx,0.0
commodityspecif,0.0
zwiebel,0.0
bourguignon,0.0
nashbargain,0.0
httpwwweconometricsocieti,0.0
countryindustri,0.0
warmglow,0.0
noteal,0.0
nonparamet,0.0
usf,0.0
webpag,0.0
finiteord,0.0
alessandra,0.0
wwww,0.0
luttmer,0.0
majoritarian,0.0
pka,0.0
ennio,0.0
ouliari,0.0
erzo,0.0
supergametheoret,0.0
hopenhayn,0.0
higherdimension,0.0
melitz,0.0
bartik,0.0
chiappori,0.0
piazzesi,0.0
stacchetti,0.0
sjostrom,0.0
yatchew,0.0
nonmatch,0.0
costagom,0.0
arbitragefre,0.0
multiway,0.0
galasso,0.0
measuretheoret,0.0
mimick,0.0
karatza,0.0
uici,0.0
burkina,0.0
zame,0.0
lacea,0.0
elhanan,0.0
yotopoulo,0.0
suzumura,0.0
ackerberg,0.0
neudeck,0.0
ttq,0.0
yagan,0.0
pnz,0.0
ppw,0.0
oxk,0.0
oyj,0.0
multinorm,0.0
vlh,0.0
nashequilibrium,0.0
rjm,0.0
pme,0.0
silvey,0.0
viour,0.0
teammat,0.0
euw,0.0
redistrict,0.0
nearunivers,0.0
menez,0.0
farhi,0.0
spx,0.0
internship,0.0
zeroon,0.0
fke,0.0
rochet,0.0
irti,0.0
twoagent,0.0
halmo,0.0
fse,0.0
flfl,0.0
ldv,0.0
yfa,0.0
dxc,0.0
xtm,0.0
hausdorff,0.0
limno,0.0
fpm,0.0
hpl,0.0
wpt,0.0
yra,0.0
raveendra,0.0
stromsdorf,0.0
wjj,0.0
nagatani,0.0
celsius,0.0
vtc,0.0
qtdt,0.0
wtpt,0.0
wrw,0.0
wjl,0.0
ubt,0.0
vxv,0.0
aze,0.0
kaestner,0.0
avf,0.0
addilog,0.0
ucm,0.0
ashcraft,0.0
uww,0.0
beliefbas,0.0
eitc,0.0
hartigan,0.0
gollier,0.0
pavoni,0.0
uft,0.0
gma,0.0
scad,0.0
pxh,0.0
rlx,0.0
crossbord,0.0
gonal,0.0
axu,0.0
rvb,0.0
mda,0.0
wherey,0.0
pvp,0.0
niciti,0.0
saez,0.0
vmp,0.0
neudc,0.0
wuhausman,0.0
demin,0.0
slt,0.0
awf,0.0
kaneko,0.0
ekk,0.0
adw,0.0
btx,0.0
jjk,0.0
elj,0.0
welsch,0.0
kand,0.0
xlz,0.0
wwl,0.0
joann,0.0
schupp,0.0
lmax,0.0
uea,0.0
smale,0.0
icaid,0.0
monthyear,0.0
umu,0.0
uppersemicontinu,0.0
wpl,0.0
klu,0.0
yso,0.0
stst,0.0
vtxt,0.0
limnoo,0.0
dtv,0.0
minb,0.0
upperleft,0.0
viyi,0.0
lalond,0.0
uec,0.0
littlewood,0.0
yinger,0.0
ojx,0.0
labouraug,0.0
timehomogen,0.0
arellano,0.0
argi,0.0
estrella,0.0
efraim,0.0
nairobi,0.0
wkl,0.0
collateraliz,0.0
vwj,0.0
gjt,0.0
costat,0.0
rizon,0.0
hornstein,0.0
domize,0.0
gnx,0.0
prewhiten,0.0
maurin,0.0
mattia,0.0
nozick,0.0
cnk,0.0
showup,0.0
choleski,0.0
orthonorm,0.0
preretir,0.0
vjl,0.0
gjj,0.0
schmukler,0.0
idei,0.0
erceg,0.0
ntu,0.0
goetzmann,0.0
bahrain,0.0
leonal,0.0
shimer,0.0
hirano,0.0
dfq,0.0
eya,0.0
dube,0.0
startz,0.0
jamal,0.0
csic,0.0
vigdor,0.0
vtm,0.0
withf,0.0
limko,0.0
lbd,0.0
minford,0.0
viai,0.0
cks,0.0
etv,0.0
tff,0.0
sba,0.0
iru,0.0
etxt,0.0
zew,0.0
thursbi,0.0
afu,0.0
tuce,0.0
dha,0.0
agf,0.0
uwl,0.0
yak,0.0
stoy,0.0
eldar,0.0
agp,0.0
suv,0.0
eyebal,0.0
wcl,0.0
dfo,0.0
errorsin,0.0
ztj,0.0
timeconst,0.0
crosssubstitut,0.0
ttit,0.0
villaverd,0.0
ifb,0.0
eaw,0.0
iain,0.0
ucl,0.0
uax,0.0
englegrang,0.0
nondefault,0.0
ninetyfifth,0.0
prennushi,0.0
gwilym,0.0
azit,0.0
rjr,0.0
yfs,0.0
ojl,0.0
multipart,0.0
gsb,0.0
logyt,0.0
addon,0.0
configu,0.0
sga,0.0
rkj,0.0
eho,0.0
vtw,0.0
nigel,0.0
fvv,0.0
mtpt,0.0
polariza,0.0
kgk,0.0
zstatist,0.0
fnj,0.0
yitt,0.0
jtr,0.0
tjp,0.0
hashem,0.0
slb,0.0
statespac,0.0
ypw,0.0
dudt,0.0
soest,0.0
stutzer,0.0
dww,0.0
hjp,0.0
edlin,0.0
barebon,0.0
pjz,0.0
risklov,0.0
pyo,0.0
jrl,0.0
jpl,0.0
somej,0.0
pgi,0.0
minz,0.0
jewitt,0.0
ucf,0.0
preferr,0.0
xifi,0.0
gadi,0.0
elmendorf,0.0
chichest,0.0
irh,0.0
hni,0.0
ewj,0.0
invertedu,0.0
eurosclerosi,0.0
schwodiauer,0.0
yej,0.0
viss,0.0
oba,0.0
wew,0.0
endogenis,0.0
bpj,0.0
braga,0.0
samet,0.0
pds,0.0
iph,0.0
pef,0.0
qak,0.0
pseudor,0.0
barrogrossman,0.0
okl,0.0
xba,0.0
offirst,0.0
oaxaca,0.0
hoxbi,0.0
susanna,0.0
ylz,0.0
hmt,0.0
ylm,0.0
lms,0.0
zdt,0.0
ktk,0.0
perotti,0.0
secondmo,0.0
gixi,0.0
noam,0.0
pja,0.0
authorsjourn,0.0
dempster,0.0
soren,0.0
sfe,0.0
lzi,0.0
nls,0.0
ytm,0.0
xxf,0.0
nongener,0.0
wtf,0.0
zerocost,0.0
rayo,0.0
dya,0.0
mlp,0.0
normaliz,0.0
ftd,0.0
rdimension,0.0
ffk,0.0
expectedvalu,0.0
cashin,0.0
ehj,0.0
xlc,0.0
ifg,0.0
scx,0.0
ukand,0.0
ecca,0.0
ezz,0.0
faq,0.0
enh,0.0
iah,0.0
mtupl,0.0
smax,0.0
jovanov,0.0
dyad,0.0
vks,0.0
pvs,0.0
knk,0.0
vhs,0.0
sincef,0.0
equationbyequ,0.0
abn,0.0
wff,0.0
noninfinitesim,0.0
jcf,0.0
bxb,0.0
hrm,0.0
quasiequilibria,0.0
fabra,0.0
dalia,0.0
mcafe,0.0
sqt,0.0
jia,0.0
szs,0.0
bcb,0.0
tgl,0.0
kht,0.0
ixit,0.0
pwc,0.0
kpk,0.0
nonmarketclear,0.0
ygi,0.0
qfp,0.0
ytf,0.0
wiz,0.0
postretir,0.0
cashless,0.0
ltb,0.0
qrn,0.0
supf,0.0
giuliano,0.0
gabon,0.0
pph,0.0
myy,0.0
maesta,0.0
reza,0.0
chava,0.0
dfw,0.0
vnm,0.0
logw,0.0
intentiontotreat,0.0
ikn,0.0
kvector,0.0
mvector,0.0
wle,0.0
varu,0.0
mmin,0.0
jectori,0.0
ynk,0.0
postschool,0.0
bilist,0.0
fej,0.0
variablesa,0.0
idd,0.0
tfm,0.0
ypr,0.0
arbitrar,0.0
bjorklund,0.0
rawlss,0.0
trejo,0.0
gtc,0.0
vvt,0.0
lvt,0.0
caillaud,0.0
eue,0.0
jss,0.0
crde,0.0
eeh,0.0
drf,0.0
balanced,0.0
quasiconvex,0.0
uyu,0.0
vyl,0.0
mrss,0.0
ezx,0.0
ikx,0.0
oru,0.0
progresa,0.0
uei,0.0
edr,0.0
drg,0.0
ptlt,0.0
catchment,0.0
maxu,0.0
zeromean,0.0
fiu,0.0
ftg,0.0
morten,0.0
nsi,0.0
semiord,0.0
roell,0.0
xwx,0.0
lahiri,0.0
subperi,0.0
ctdt,0.0
cecilia,0.0
mles,0.0
vrj,0.0
uqt,0.0
prakasa,0.0
morduch,0.0
ssrn,0.0
imran,0.0
rasul,0.0
mtd,0.0
nondemocraci,0.0
permissionsoupcom,0.0
pascalin,0.0
microenterpris,0.0
preintervent,0.0
pmo,0.0
abhijit,0.0
hoeffler,0.0
udri,0.0
dupa,0.0
tivari,0.0
randomis,0.0
fafchamp,0.0
pgl,0.0
microfin,0.0
rainf,0.0
intenttotreat,0.0
zinman,0.0
duflo,0.0
karlan,0.0
differencesindiffer,0.0
tfk,0.0
verhoogen,0.0
urquiola,0.0
rohini,0.0
yijt,0.0
mobarak,0.0
communitybas,0.0
treatmentcontrol,0.0
fjr,0.0
vhl,0.0
guilherm,0.0
nichd,0.0
zlx,0.0
downsian,0.0
oriana,0.0
glennerst,0.0
jayachandran,0.0
femalemal,0.0
tionbas,0.0
betweenindustri,0.0
orazio,0.0
ckj,0.0
bangladeshi,0.0
mushfiq,0.0
doiqjeqjt,0.0
microcredit,0.0
selfselec,0.0
yff,0.0
maledomin,0.0
singleag,0.0
seabright,0.0
cheaptalk,0.0
okunofujiwara,0.0
individuallevel,0.0
psid,0.0
heteroskedasticityconsist,0.0
datagener,0.0
uwr,0.0
munnel,0.0
pollakowski,0.0
daron,0.0
dellavigna,0.0
angrist,0.0
regressionbas,0.0
unconfounded,0.0
biomed,0.0
referencedepend,0.0
schwartzstein,0.0
partialadjust,0.0
internet,0.0
nonbinari,0.0
pischk,0.0
tauman,0.0
paretoimprov,0.0
nonrobust,0.0
googl,0.0
topcod,0.0
chattopadhyay,0.0
bandiera,0.0
xing,0.0
zeira,0.0
binmor,0.0
yuval,0.0
bazerman,0.0
kalai,0.0
atomless,0.0
extensiveform,0.0
subgam,0.0
zamir,0.0
prasnikar,0.0
mascolel,0.0
fershtman,0.0
incompleteinform,0.0
eyal,0.0
noninform,0.0
preplay,0.0
normalform,0.0
bestrepli,0.0
ggl,0.0
qjeoxfordjournalsorg,0.0
tavneet,0.0
logincom,0.0
pistaferri,0.0
postelvinay,0.0
modelimpli,0.0
envir,0.0
spousal,0.0
hildenbrand,0.0
huggett,0.0
jobtojob,0.0
menzio,0.0
overbar,0.0
gerk,0.0
afqt,0.0
twolimit,0.0
cesifo,0.0
lowwealth,0.0
storesletten,0.0
nlsi,0.0
hodrick,0.0
seru,0.0
famafrench,0.0
kashyap,0.0
httpdxdoiorgaerp,0.0
admati,0.0
eeckhout,0.0
palmquist,0.0
pizza,0.0
rightskew,0.0
pudney,0.0
plosser,0.0
crossvalid,0.0
andersonrubin,0.0
biascorrect,0.0
reparameter,0.0
capandtrad,0.0
sipp,0.0
logearn,0.0
rket,0.0
riosrul,0.0
withinst,0.0
highwealth,0.0
wagetenur,0.0
offthejob,0.0
ucsb,0.0
monfort,0.0
farquharson,0.0
violant,0.0
yaron,0.0
gourieroux,0.0
koert,0.0
hamid,0.0
scharfstein,0.0
abdulkadiroglu,0.0
crsp,0.0
cahuc,0.0
arcidiacono,0.0
fuhito,0.0
cpss,0.0
tayfun,0.0
benhabib,0.0
tiebreak,0.0
lemmata,0.0
ostrovski,0.0
ecta,0.0
saet,0.0
manytoon,0.0
snmez,0.0
unival,0.0
galeshapley,0.0
sotomayor,0.0
spcific,0.0
kouri,0.0
strategyproof,0.0
echeniqu,0.0
lnc,0.0
pgg,0.0
ailsa,0.0
rutstrom,0.0
tradedgood,0.0
gradstein,0.0
krusel,0.0
wurgler,0.0
riskbas,0.0
prefilt,0.0
epanechnikov,0.0
gennaioli,0.0
convexif,0.0
jta,0.0
bangbang,0.0
winterebm,0.0
hercowitz,0.0
investmentspecif,0.0
jacklin,0.0
kiminori,0.0
maxl,0.0
nobuhiro,0.0
caselli,0.0
pcj,0.0
durlauf,0.0
crei,0.0
bergstrand,0.0
slottj,0.0
akaik,0.0
einav,0.0
aggregatelevel,0.0
fullrank,0.0
kullbackleibl,0.0
vql,0.0
nonaltruist,0.0
cepr,0.0
herrendorf,0.0
meanzero,0.0
mankiw,0.0
nwo,0.0
cobbdoug,0.0
rubinfeld,0.0
bemdt,0.0
incomerel,0.0
fih,0.0
nxi,0.0
intermediategood,0.0
crosssubsidi,0.0
mansur,0.0
lopezdesilan,0.0
debttogdp,0.0
differenceindiffer,0.0
attanasio,0.0
lowerright,0.0
gentzkow,0.0
meghir,0.0
joreskog,0.0
plotnick,0.0
flypap,0.0
cedex,0.0
privategood,0.0
firmlevel,0.0
minimumdist,0.0
ravenscraft,0.0
skedast,0.0
computerassist,0.0
tsukuba,0.0
kiyotaki,0.0
gremaq,0.0
rustichini,0.0
malehead,0.0
propoor,0.0
quinzii,0.0
wooder,0.0
rebelo,0.0
lumsdain,0.0
besley,0.0
wolak,0.0
microbas,0.0
stinchcomb,0.0
dekel,0.0
raquel,0.0
worstcas,0.0
cse,0.0
acemoglu,0.0
eutut,0.0
pandem,0.0
dwo,0.0
httpwwwaeaweborgarticlesphpdoiaerl,0.0
porath,0.0
calibra,0.0
wgi,0.0
ebr,0.0
psz,0.0
jpp,0.0
nondecrea,0.0
fxu,0.0
fjv,0.0
nonmanipul,0.0
fgi,0.0
tensen,0.0
sjs,0.0
jtx,0.0
galeotti,0.0
fexp,0.0
yts,0.0
fwf,0.0
rkn,0.0
utk,0.0
verdier,0.0
prattarrow,0.0
aczel,0.0
birthweight,0.0
positivevalu,0.0
ygt,0.0
vgt,0.0
bisin,0.0
jfj,0.0
hsl,0.0
beil,0.0
grom,0.0
maimonid,0.0
saj,0.0
cawley,0.0
highabl,0.0
unbi,0.0
selfdual,0.0
uiai,0.0
mirko,0.0
cramton,0.0
technometr,0.0
cera,0.0
nonriv,0.0
cwo,0.0
bierwag,0.0
covariancestationari,0.0
meza,0.0
athey,0.0
baltagi,0.0
mismea,0.0
vectorvalu,0.0
schennach,0.0
misspecifica,0.0
logtot,0.0
imben,0.0
hardl,0.0
hjl,0.0
villagelevel,0.0
allingham,0.0
phj,0.0
rotemberg,0.0
schivardi,0.0
alesina,0.0
korenman,0.0
jagadeesh,0.0
styl,0.0
lka,0.0
puw,0.0
scfs,0.0
subcov,0.0
goldfeldquandt,0.0
prucha,0.0
vaart,0.0
eexp,0.0
yjc,0.0
nonsteadyst,0.0
poterba,0.0
liapunov,0.0
mullainathan,0.0
zheng,0.0
nearestneighbor,0.0
microsoft,0.0
withinc,0.0
mestim,0.0
ipum,0.0
pompeu,0.0
varet,0.0
fixedeffect,0.0
appelbaum,0.0
eliakim,0.0
serena,0.0
hidehiko,0.0
nonmiss,0.0
aprajit,0.0
vatize,0.0
expv,0.0
yco,0.0
muellbauer,0.0
dhd,0.0
trognon,0.0
yig,0.0
dastic,0.0
marciano,0.0
maxf,0.0
subgameperfect,0.0
kjo,0.0
maxn,0.0
agedepend,0.0
computeraid,0.0
asymmetricinform,0.0
lizzeri,0.0
qkj,0.0
typedepend,0.0
bestrespond,0.0
limao,0.0
fosd,0.0
singlecross,0.0
inequalityavers,0.0
thakor,0.0
pfann,0.0
yjf,0.0
welfareenhanc,0.0
moralhazard,0.0
mookherje,0.0
besanko,0.0
infinitehorizon,0.0
matlab,0.0
vnt,0.0
nsl,0.0
breusch,0.0
lluch,0.0
yss,0.0
marketspecif,0.0
mechanismdesign,0.0
ownwag,0.0
kohlberg,0.0
maxg,0.0
maxw,0.0
yjr,0.0
rlh,0.0
http,0.0
journalsorgdoisupplresta,0.0
paretorank,0.0
txk,0.0
marimon,0.0
completeinform,0.0
ajz,0.0
assumprion,0.0
infa,0.0
websit,0.0
historydepend,0.0
meanindepend,0.0
quang,0.0
imrohoroglu,0.0
reuven,0.0
statementsvisit,0.0
nationallevel,0.0
nonobvi,0.0
eijt,0.0
regressiondiscontinu,0.0
lanjouw,0.0
glomm,0.0
posttest,0.0
maxv,0.0
prdation,0.0
microprocessor,0.0
vfr,0.0
voth,0.0
noniid,0.0
breiman,0.0
nisbett,0.0
breeden,0.0
gchter,0.0
limsup,0.0
ludvigson,0.0
sheena,0.0
lucrezia,0.0
nezih,0.0
madrian,0.0
vroman,0.0
brilling,0.0
brigitt,0.0
xle,0.0
vya,0.0
broadband,0.0
ecommerc,0.0
sundaresan,0.0
duranton,0.0
fgo,0.0
rampini,0.0
etst,0.0
monder,0.0
wittman,0.0
vcv,0.0
winnertakeal,0.0
vijay,0.0
huntergather,0.0
sfbtr,0.0
buiter,0.0
modelsj,0.0
denzau,0.0
medianvot,0.0
changepoint,0.0
wtnt,0.0
dickhaut,0.0
outcomebas,0.0
linneman,0.0
withincountri,0.0
mihir,0.0
wileyblackwel,0.0
jarqu,0.0
etpt,0.0
zhuravskaya,0.0
saddlepath,0.0
gpx,0.0
rocheteau,0.0
betsey,0.0
modelj,0.0
frber,0.0
betweencountri,0.0
ulw,0.0
josseybass,0.0
gyourko,0.0
gdpt,0.0
stefania,0.0
ortalomagn,0.0
holmlund,0.0
beresteanu,0.0
aoyagi,0.0
twopar,0.0
unintuit,0.0
xfs,0.0
hutchen,0.0
hlk,0.0
jakubson,0.0
borschsupan,0.0
davanzo,0.0
selfidentifi,0.0
cosslett,0.0
vfp,0.0
crossequ,0.0
nonhispan,0.0
gareth,0.0
gretchen,0.0
shouyong,0.0
stepfunct,0.0
companyspecif,0.0
abstractus,0.0
nanak,0.0
betweengroup,0.0
kuga,0.0
gastwirth,0.0
shorrock,0.0
kakwani,0.0
sbordon,0.0
hlp,0.0
weilb,0.0
graybil,0.0
defector,0.0
macrofin,0.0
sannikov,0.0
tnk,0.0
eightdigit,0.0
webbas,0.0
loayza,0.0
papageorgiou,0.0
cxs,0.0
meghan,0.0
brueckner,0.0
ckk,0.0
cxn,0.0
sebnem,0.0
bayesnash,0.0
edlund,0.0
milesiferretti,0.0
gottardi,0.0
xiang,0.0
tarki,0.0
sprenger,0.0
rka,0.0
rootnconsist,0.0
skk,0.0
creditconstrain,0.0
desktop,0.0
shawn,0.0
ekj,0.0
philippon,0.0
lkk,0.0
fiona,0.0
farmlevel,0.0
cavallo,0.0
shafir,0.0
agarw,0.0
jha,0.0
semipara,0.0
qmle,0.0
dyadic,0.0
bayoumi,0.0
higherfrequ,0.0
forsom,0.0
datadepend,0.0
varp,0.0
aav,0.0
fww,0.0
shogren,0.0
plf,0.0
twogroup,0.0
quasicon,0.0
crossgroup,0.0
lnpt,0.0
pashard,0.0
gxs,0.0
afv,0.0
bmp,0.0
eht,0.0
toscal,0.0
bep,0.0
leeper,0.0
swf,0.0
gabaix,0.0
lettau,0.0
idempot,0.0
superneutr,0.0
loev,0.0
laptop,0.0
garleanu,0.0
onequarterahead,0.0
nonergod,0.0
informationbas,0.0
assetspecif,0.0
httpdxdoiorgecta,0.0
zsi,0.0
utxt,0.0
onestepahead,0.0
fcx,0.0
coasian,0.0
ibragimov,0.0
zijt,0.0
vegaredondo,0.0
nonwalrasian,0.0
shareweight,0.0
nonnash,0.0
nonstrict,0.0
zht,0.0
uppermiddl,0.0
eurostat,0.0
underidentif,0.0
iosyncrat,0.0
laliv,0.0
ftz,0.0
plantspecif,0.0
parameteriza,0.0
bossaert,0.0
statisticalassoci,0.0
freixa,0.0
threeplay,0.0
realtim,0.0
fvf,0.0
jvj,0.0
uninforma,0.0
ixh,0.0
walstad,0.0
ztk,0.0
valimaki,0.0
etct,0.0
kvi,0.0
lxk,0.0
oneperiodahead,0.0
phillipsperron,0.0
smorodinski,0.0
seater,0.0
varf,0.0
eswaran,0.0
brynjolfsson,0.0
prti,0.0
coalitionproof,0.0
tulken,0.0
xey,0.0
stavin,0.0
arik,0.0
pricingtomarket,0.0
componentwis,0.0
pauzner,0.0
mackinlay,0.0
pfo,0.0
ildot,0.0
gagnon,0.0
pijt,0.0
uiwi,0.0
kallal,0.0
danthin,0.0
hyperparamet,0.0
varx,0.0
skorohod,0.0
pvector,0.0
pppp,0.0
garch,0.0
jorion,0.0
tixi,0.0
swinkel,0.0
darrough,0.0
uiui,0.0
regressionadjust,0.0
ssdi,0.0
siepr,0.0
terlizzes,0.0
diba,0.0
bhandari,0.0
booktomarket,0.0
technologyskil,0.0
eeckhoudt,0.0
prelec,0.0
sadun,0.0
oneonon,0.0
wageeffort,0.0
betweensubject,0.0
mnes,0.0
comonoton,0.0
computerbas,0.0
mukesh,0.0
microcomput,0.0
msp,0.0
gilroy,0.0
aizenman,0.0
dercon,0.0
elisabet,0.0
equicontinu,0.0
starmer,0.0
kernelbas,0.0
tgeq,0.0
tsoungchao,0.0
multiprod,0.0
ravikumar,0.0
emergingmarket,0.0
restudrd,0.0
rutstrm,0.0
multiattribut,0.0
nonextrem,0.0
guasch,0.0
melinda,0.0
quiggin,0.0
noussair,0.0
numeraci,0.0
diwan,0.0
vfa,0.0
collegehigh,0.0
oncelag,0.0
khwaja,0.0
wantchekon,0.0
thoenig,0.0
nonanonym,0.0
kotwal,0.0
trebbi,0.0
cindi,0.0
ijaz,0.0
baneije,0.0
asim,0.0
baland,0.0
kaivan,0.0
schoar,0.0
familyspecif,0.0
londregan,0.0
abrahams,0.0
caress,0.0
joumnal,0.0
timeaverag,0.0
broseta,0.0
upenn,0.0
overfit,0.0
uxux,0.0
previousperiod,0.0
lossavers,0.0
puga,0.0
normann,0.0
lerman,0.0
highstak,0.0
rakesh,0.0
riskdomin,0.0
kirman,0.0
benigno,0.0
montecarlo,0.0
biject,0.0
eissa,0.0
postperiod,0.0
brookingswharton,0.0
changtai,0.0
doiqjeqj,0.0
studentlevel,0.0
backofth,0.0
samesex,0.0
fxw,0.0
rubioramirez,0.0
barankay,0.0
gijbel,0.0
selloff,0.0
overeduc,0.0
cohortbas,0.0
secondstep,0.0
ucx,0.0
gki,0.0
keimu,0.0
justidentifi,0.0
grayham,0.0
varz,0.0
yuriy,0.0
ytv,0.0
restudrdq,0.0
idend,0.0
satyajit,0.0
yyk,0.0
modelfre,0.0
gtm,0.0
commonknowledg,0.0
titfortat,0.0
yht,0.0
sarin,0.0
sonderforschungsbereich,0.0
oechssler,0.0
primiceri,0.0
quadrini,0.0
vcj,0.0
gauti,0.0
eggertsson,0.0
gerzense,0.0
gilligan,0.0
battistin,0.0
carlstrom,0.0
baliga,0.0
wulf,0.0
quasimaximum,0.0
sandeep,0.0
fombi,0.0
herrero,0.0
minj,0.0
deleverag,0.0
austensmith,0.0
fwo,0.0
falvey,0.0
cuddington,0.0
liminf,0.0
ajv,0.0
xlb,0.0
tufano,0.0
stagegam,0.0
rostagno,0.0
fpq,0.0
herrnstein,0.0
persico,0.0
ghh,0.0
gxo,0.0
gourio,0.0
eliaz,0.0
kooreman,0.0
erev,0.0
orgarticlesphpdoia,0.0
atlt,0.0
giannoni,0.0
rosenblat,0.0
chainweight,0.0
alogoskoufi,0.0
dotsey,0.0
eurozon,0.0
parsimo,0.0
bacchetta,0.0
etqt,0.0
datastream,0.0
rameter,0.0
amnon,0.0
rgt,0.0
rudebusch,0.0
zln,0.0
sonmez,0.0
zitzewitz,0.0
vohra,0.0
gsoep,0.0
kfir,0.0
eyster,0.0
branstett,0.0
yewkwang,0.0
kramarz,0.0
arleen,0.0
uninteract,0.0
cityspecif,0.0
inderst,0.0
oberholzerge,0.0
rysman,0.0
guiso,0.0
overid,0.0
ucuc,0.0
limv,0.0
noncognit,0.0
withinsubject,0.0
perrign,0.0
rasmusen,0.0
perand,0.0
agroclimat,0.0
lowess,0.0
bsp,0.0
ifpri,0.0
phpdoi,0.0
orgarticl,0.0
lowinfl,0.0
metropolishast,0.0
fjc,0.0
fhh,0.0
ntx,0.0
xlr,0.0
shakotko,0.0
ertt,0.0
mcguckin,0.0
levchenko,0.0
withinschool,0.0
klaauw,0.0
creamskim,0.0
crosssector,0.0
postprogram,0.0
dehejia,0.0
pointintim,0.0
preprogram,0.0
wahba,0.0
longitu,0.0
lowtech,0.0
sveikauska,0.0
gitudin,0.0
pseudolikelihood,0.0
kaiman,0.0
feg,0.0
supermartingal,0.0
eyk,0.0
konishi,0.0
hersh,0.0
stiroh,0.0
bartelsman,0.0
chwe,0.0
rwe,0.0
silvia,0.0
yuliy,0.0
driftless,0.0
enron,0.0
overreject,0.0
sja,0.0
submartingal,0.0
ostri,0.0
postcommunist,0.0
fvt,0.0
pcf,0.0
srl,0.0
betting,0.0
fischhoff,0.0
halfliv,0.0
residualbas,0.0
xtc,0.0
httpwwwaeaweborgarticlesphpdoi,0.0
egorov,0.0
assetreturn,0.0
fazzari,0.0
impulserespons,0.0
strmberg,0.0
twicelag,0.0
bebchuk,0.0
yist,0.0
schoolbas,0.0
perpupil,0.0
trunca,0.0
propensityscor,0.0
njs,0.0
alternatingoff,0.0
nperiod,0.0
werlang,0.0
acceptreject,0.0
finitehorizon,0.0
lepper,0.0
zeroprob,0.0
ffq,0.0
obama,0.0
qht,0.0
lps,0.0
highachiev,0.0
bestcas,0.0
virgiliu,0.0
predisplac,0.0
dynarski,0.0
vesterlund,0.0
maenhout,0.0
euz,0.0
kuziemko,0.0
ilyana,0.0
cointegrat,0.0
lotter,0.0
klundert,0.0
spilimbergo,0.0
pretreat,0.0
microsimul,0.0
amihai,0.0
discretecontinu,0.0
louvainlaneuv,0.0
privatevalu,0.0
burkhaus,0.0
eicher,0.0
klibanoff,0.0
randj,0.0
performancerel,0.0
kirchsteig,0.0
sheffrin,0.0
fishback,0.0
chinhui,0.0
sturzenegg,0.0
mathstrutmboxboldmath,0.0
nlls,0.0
agesquar,0.0
rtst,0.0
gaag,0.0
breuschpagan,0.0
bydo,0.0
shanken,0.0
superconsist,0.0
midcar,0.0
zingal,0.0
jiang,0.0
flavin,0.0
wjf,0.0
juhn,0.0
afz,0.0
qlk,0.0
cogley,0.0
buyandhold,0.0
slj,0.0
revenga,0.0
aten,0.0
lnwage,0.0
shulamit,0.0
anant,0.0
metaanalyt,0.0
welfaretowork,0.0
debbi,0.0
yahoo,0.0
maksimov,0.0
petrongolo,0.0
teul,0.0
oosterbeek,0.0
alistair,0.0
ozdenoren,0.0
bover,0.0
pck,0.0
krishnan,0.0
errorcompon,0.0
dohmen,0.0
fgls,0.0
mincerian,0.0
raghuram,0.0
uptick,0.0
benmelech,0.0
leftcensor,0.0
rightcensor,0.0
ljungqvist,0.0
narayanan,0.0
incompletemarket,0.0
diffeomorph,0.0
yair,0.0
qzt,0.0
radonnikodym,0.0
hylland,0.0
assetmarket,0.0
renorm,0.0
gqi,0.0
beckerian,0.0
typespecif,0.0
postintervent,0.0
searchtheoret,0.0
bovenberg,0.0
uncongest,0.0
rhd,0.0
pmj,0.0
oilpric,0.0
sshrc,0.0
rematch,0.0
safra,0.0
maccrimmon,0.0
heterogeneousag,0.0
withinsector,0.0
reidel,0.0
beneficia,0.0
schleifer,0.0
evermarri,0.0
moglu,0.0
yib,0.0
coresid,0.0
pommerehn,0.0
fma,0.0
gerardvaret,0.0
vrn,0.0
fatous,0.0
geroski,0.0
riesz,0.0
dhp,0.0
syx,0.0
vfs,0.0
doraszelski,0.0
skj,0.0
payoffirrelev,0.0
rhp,0.0
multiplay,0.0
debra,0.0
parthasarathi,0.0
litterman,0.0
upperhemicontinu,0.0
lbn,0.0
woessmann,0.0
smm,0.0
enrica,0.0
reparametr,0.0
zjz,0.0
murnighan,0.0
laeven,0.0
subjectspecif,0.0
httpdxdoiorgaerl,0.0
winden,0.0
acharya,0.0
simulationbas,0.0
cef,0.0
sonneman,0.0
shachar,0.0
detragiach,0.0
bekaert,0.0
pentium,0.0
diskett,0.0
shyam,0.0
sadoulet,0.0
multitask,0.0
topright,0.0
employmentweight,0.0
forali,0.0
bottomleft,0.0
takeaway,0.0
levich,0.0
ief,0.0
janvri,0.0
supnorm,0.0
fcj,0.0
giftexchang,0.0
simsek,0.0
sudipto,0.0
dufwenberg,0.0
vigna,0.0
banklevel,0.0
maschler,0.0
guinnan,0.0
ansolabeher,0.0
deschen,0.0
rockafellar,0.0
ewr,0.0
skrzypacz,0.0
hrner,0.0
toikka,0.0
cdfs,0.0
kniesner,0.0
prasanta,0.0
convexvalu,0.0
xht,0.0
zettelmey,0.0
senderreceiv,0.0
polytop,0.0
eriksson,0.0
franchise,0.0
rajan,0.0
gsg,0.0
allpay,0.0
ritov,0.0
pixel,0.0
vpr,0.0
jonathon,0.0
offpath,0.0
vml,0.0
timeindepend,0.0
olley,0.0
vje,0.0
thirdworld,0.0
ajc,0.0
nonmarit,0.0
nonminor,0.0
pretransf,0.0
roommat,0.0
lakdawalla,0.0
montmarquett,0.0
unitroot,0.0
collegego,0.0
onechild,0.0
httpssrncomabstract,0.0
stinebrickn,0.0
caregiv,0.0
withinfamili,0.0
offtheequilibrium,0.0
schoeni,0.0
tercil,0.0
chor,0.0
underreject,0.0
nonsingleton,0.0
randomcoeffici,0.0
eveiy,0.0
cagetti,0.0
wernerfelt,0.0
gbp,0.0
rvc,0.0
homeomorph,0.0
exk,0.0
realbusinesscycl,0.0
gautam,0.0
guvenen,0.0
gustman,0.0
debtgdp,0.0
genderbas,0.0
steinmeier,0.0
taxsim,0.0
withinmarket,0.0
posttransf,0.0
separabil,0.0
utero,0.0
fetal,0.0
piccion,0.0
countyspecif,0.0
varl,0.0
expz,0.0
jarmin,0.0
geert,0.0
gianmarco,0.0
solnik,0.0
ghg,0.0
entrylevel,0.0
joram,0.0
differencein,0.0
boserup,0.0
mikael,0.0
kopczuk,0.0
choquet,0.0
limoo,0.0
rjc,0.0
ssf,0.0
ldot,0.0
igier,0.0
wildasin,0.0
betweenfirm,0.0
champsaur,0.0
yann,0.0
gwartney,0.0
uporout,0.0
boeri,0.0
soskic,0.0
kamenica,0.0
monocentr,0.0
capitalskil,0.0
ymt,0.0
jip,0.0
bhutan,0.0
moav,0.0
dotcom,0.0
ggt,0.0
hajivassiliou,0.0
doubleblind,0.0
smetter,0.0
investmentgdp,0.0
vft,0.0
payforperform,0.0
hakkio,0.0
completemarket,0.0
probabilityweight,0.0
manoli,0.0
nonnumerair,0.0
gattwto,0.0
psx,0.0
fattail,0.0
semistrong,0.0
countylevel,0.0
singlepar,0.0
daniela,0.0
qjx,0.0
minw,0.0
hiw,0.0
fwx,0.0
withinsampl,0.0
ucg,0.0
taxbenefit,0.0
icrisat,0.0
ctg,0.0
pff,0.0
intragener,0.0
roley,0.0
altig,0.0
tortionari,0.0
ichino,0.0
cavallisforza,0.0
deta,0.0
varj,0.0
singledimension,0.0
zzj,0.0
egj,0.0
empower,0.0
rdj,0.0
cmsem,0.0
hausch,0.0
boija,0.0
sjx,0.0
citylevel,0.0
ejc,0.0
rmses,0.0
oalgebra,0.0
uoc,0.0
hlo,0.0
deangelo,0.0
rightcontinu,0.0
handcollect,0.0
ljung,0.0
infinitelyliv,0.0
frydman,0.0
logpric,0.0
pfh,0.0
jegadeesh,0.0
tiz,0.0
hosio,0.0
sdfs,0.0
ghysel,0.0
bertaut,0.0
pga,0.0
varc,0.0
vwo,0.0
semimartingal,0.0
nonbayesian,0.0
plugin,0.0
varan,0.0
covu,0.0
diermeier,0.0
lfc,0.0
wagebas,0.0
datasei,0.0
httpwwwaeaweborgarticlesphpdoia,0.0
noarbitrag,0.0
kletzer,0.0
ucdavi,0.0
fuden,0.0
mothet,0.0
regimeswitch,0.0
bino,0.0
mahwah,0.0
codebook,0.0
districtlevel,0.0
tryspecif,0.0
postindepend,0.0
zha,0.0
qstatist,0.0
cpu,0.0
zci,0.0
bertseka,0.0
earningsrel,0.0
lakshmi,0.0
pestieau,0.0
petia,0.0
highereduc,0.0
dlj,0.0
topalova,0.0
uwu,0.0
zenou,0.0
ujo,0.0
sergiu,0.0
jobrel,0.0
varw,0.0
brunnermei,0.0
hassl,0.0
menucost,0.0
ybt,0.0
supx,0.0
informationtheoret,0.0
timediscret,0.0
haliasso,0.0
yux,0.0
chay,0.0
expj,0.0
barndorffnielsen,0.0
eief,0.0
kyriazidou,0.0
ecf,0.0
inschool,0.0
giith,0.0
httpwwwaeaweborgarticl,0.0
jonesle,0.0
eiq,0.0
econometnca,0.0
rrx,0.0
phpdoiaer,0.0
ockenfel,0.0
cholesterol,0.0
swidinski,0.0
stacey,0.0
pupilteach,0.0
christofid,0.0
choicespecif,0.0
skiba,0.0
studentteach,0.0
mroz,0.0
ucb,0.0
ytu,0.0
ljungbox,0.0
disamen,0.0
pseudomaximum,0.0
physica,0.0
richerson,0.0
croson,0.0
elic,0.0
eqa,0.0
schargrodski,0.0
glosten,0.0
bohnet,0.0
hinich,0.0
kmax,0.0
dsd,0.0
vech,0.0
salvan,0.0
sandroni,0.0
calzolari,0.0
engelbrechtwiggan,0.0
workrel,0.0
fredriksson,0.0
vff,0.0
xqq,0.0
yfj,0.0
workfar,0.0
qian,0.0
datadriven,0.0
bandyopadhyay,0.0
skiada,0.0
cointegra,0.0
dwayn,0.0
tanya,0.0
blockdiagon,0.0
tsay,0.0
seminonparametr,0.0
constrainedeffici,0.0
itskhoki,0.0
vjr,0.0
goodspecif,0.0
lefgren,0.0
klepper,0.0
bfx,0.0
agentspecif,0.0
trosk,0.0
ssss,0.0
fixpric,0.0
yingyi,0.0
xks,0.0
eib,0.0
ucp,0.0
macroprudenti,0.0
minq,0.0
audretsch,0.0
sizewag,0.0
botticini,0.0
lowdemand,0.0
pms,0.0
taskspecif,0.0
jcr,0.0
jeroen,0.0
palacioshuerta,0.0
titman,0.0
pranab,0.0
bardhan,0.0
chaloupka,0.0
eisfeldt,0.0
kwon,0.0
ludger,0.0
veracierto,0.0
pointidentifi,0.0
iexp,0.0
jnt,0.0
multino,0.0
portier,0.0
dedola,0.0
fisherschultz,0.0
ornsteinuhlenbeck,0.0
sanjeev,0.0
espen,0.0
gps,0.0
ptc,0.0
singleindex,0.0
nconsist,0.0
parameteris,0.0
meanrevert,0.0
nsn,0.0
inwork,0.0
underassumpt,0.0
rajeev,0.0
chib,0.0
lowerskil,0.0
colel,0.0
battig,0.0
tractlevel,0.0
valuebas,0.0
xiong,0.0
surject,0.0
zal,0.0
jourmal,0.0
olszewski,0.0
markovswitch,0.0
guggenberg,0.0
yeonkoo,0.0
carrasco,0.0
bootstrapbas,0.0
wojciech,0.0
udel,0.0
handsid,0.0
maarten,0.0
jem,0.0
vwl,0.0
quasilikelihood,0.0
rvalu,0.0
vlw,0.0
gaussmarkov,0.0
httpwwweconometricsocietyorgectasupmatdata,0.0
orphanid,0.0
tocorrel,0.0
flxi,0.0
dominantstrategi,0.0
likelihoodbas,0.0
pathwis,0.0
borei,0.0
shiryaev,0.0
ruppert,0.0
moorepenros,0.0
zilcha,0.0
dierker,0.0
insead,0.0
roodman,0.0
mishra,0.0
dolado,0.0
wzb,0.0
marketmak,0.0
longmemori,0.0
masahisa,0.0
videotap,0.0
ellingsen,0.0
neeman,0.0
gleww,0.0
selfconfirm,0.0
noncred,0.0
financialmarket,0.0
ebj,0.0
nonmono,0.0
klett,0.0
pkn,0.0
hjb,0.0
reichelstein,0.0
pppadjust,0.0
ucz,0.0
weo,0.0
gollin,0.0
kfor,0.0
wtc,0.0
nrj,0.0
moldova,0.0
tajikistan,0.0
djankov,0.0
pavcnik,0.0
hamiltonjacobibellman,0.0
fkn,0.0
scarpetta,0.0
ravn,0.0
wissenschaftszentrum,0.0
eslava,0.0
mortensenpissarid,0.0
vnk,0.0
vea,0.0
themodel,0.0
vanderkamp,0.0
tldot,0.0
fiorina,0.0
statusquo,0.0
rosrul,0.0
leftright,0.0
wtht,0.0
boycko,0.0
knittel,0.0
leeat,0.0
aalgebra,0.0
bronar,0.0
cheryl,0.0
brooksgunn,0.0
zfl,0.0
klerman,0.0
racespecif,0.0
biotech,0.0
graddi,0.0
salih,0.0
outofwedlock,0.0
nonmyop,0.0
ueo,0.0
spletzer,0.0
hqt,0.0
longitudi,0.0
dranov,0.0
crosscohort,0.0
yariv,0.0
jcm,0.0
ucit,0.0
lch,0.0
himher,0.0
stonegeari,0.0
infti,0.0
paarsch,0.0
ustatist,0.0
xiao,0.0
markovperfect,0.0
jlp,0.0
nocommit,0.0
lastperiod,0.0
kennickel,0.0
hardwir,0.0
milbourn,0.0
secondtolast,0.0
selectivitycorrect,0.0
niko,0.0
szent,0.0
myatt,0.0
juuso,0.0
debraj,0.0
pierreolivi,0.0
restuccia,0.0
muhamet,0.0
fisman,0.0
vayano,0.0
erosa,0.0
maitreesh,0.0
kadan,0.0
benvenist,0.0
demarzo,0.0
portfo,0.0
stijn,0.0
bergemann,0.0
ottaviani,0.0
sedlacek,0.0
humpshap,0.0
lrf,0.0
undersmooth,0.0
jaimovich,0.0
supplydriven,0.0
fujiwara,0.0
pierreandr,0.0
ghatak,0.0
annika,0.0
vlimki,0.0
zilibotti,0.0
battaglini,0.0
silvana,0.0
garicano,0.0
goodfriend,0.0
jerold,0.0
pennacchi,0.0
erf,0.0
yitzhaki,0.0
maxc,0.0
californiairvin,0.0
occupationspecif,0.0
notowidigdo,0.0
inperson,0.0
growthenhanc,0.0
notese,0.0
wijt,0.0
drazen,0.0
limz,0.0
swagel,0.0
higheduc,0.0
caprio,0.0
constantqu,0.0
scaledup,0.0
relationshipspecif,0.0
gzi,0.0
loweduc,0.0
noneld,0.0
samwick,0.0
ulh,0.0
barilan,0.0
feenberg,0.0
finiteliv,0.0
femalehead,0.0
tjh,0.0
lexp,0.0
abowd,0.0
cpiu,0.0
spivak,0.0
whitenois,0.0
ghironi,0.0
matouschek,0.0
posttreat,0.0
ctw,0.0
matsushima,0.0
mackiemason,0.0
crmer,0.0
keisuk,0.0
tingal,0.0
marilda,0.0
ythier,0.0
tvb,0.0
anscombeaumann,0.0
doiqjeqjv,0.0
qjeoxfordjournalorg,0.0
euf,0.0
ergin,0.0
dfg,0.0
ghirardato,0.0
stiglitzj,0.0
kuran,0.0
nabil,0.0
globaliza,0.0
pfor,0.0
countrylevel,0.0
romali,0.0
sendhil,0.0
microevid,0.0
sectorlevel,0.0
timur,0.0
cemfi,0.0
ehud,0.0
alnajjar,0.0
sentana,0.0
repullo,0.0
sascha,0.0
telia,0.0
enceindiffer,0.0
vfe,0.0
ifv,0.0
michihiro,0.0
jinyong,0.0
crestinse,0.0
jushan,0.0
anova,0.0
icerd,0.0
bimatrix,0.0
covf,0.0
wxo,0.0
kandori,0.0
etz,0.0
moldovanu,0.0
loglevel,0.0
amador,0.0
modelgener,0.0
benni,0.0
atsushi,0.0
vaf,0.0
expn,0.0
httpwwweconometricsocietyorgectasupmat,0.0
exf,0.0
modulo,0.0
tkl,0.0
marinacci,0.0
uninfor,0.0
gneezi,0.0
kajii,0.0
itzhak,0.0
neq,0.0
georgemario,0.0
ruc,0.0
gilboa,0.0
faruk,0.0
spolaor,0.0
vkx,0.0
ozler,0.0
roubini,0.0
neweywest,0.0
dfdx,0.0
barlevi,0.0
lopezsalido,0.0
zct,0.0
technologydriven,0.0
hpfilter,0.0
mohamad,0.0
varb,0.0
honkapohja,0.0
wlh,0.0
gourincha,0.0
lowfrequ,0.0
mbas,0.0
hobijn,0.0
seppo,0.0
susanto,0.0
hammour,0.0
squareintegr,0.0
kogut,0.0
beforeaft,0.0
tesar,0.0
gorodnichenko,0.0
quasirandom,0.0
domowitz,0.0
maghribi,0.0
luenberg,0.0
renegotiationproof,0.0
hanemann,0.0
policyrelev,0.0
twostandarddevi,0.0
andreu,0.0
ymptotic,0.0
rotem,0.0
chael,0.0
lwt,0.0
garfinkel,0.0
cecchetti,0.0
zang,0.0
kristin,0.0
jaum,0.0
iek,0.0
poksang,0.0
offerman,0.0
kwk,0.0
gachter,0.0
mathrmexp,0.0
genesov,0.0
luckingreiley,0.0
ffj,0.0
cohortspecif,0.0
anthropogen,0.0
semiparamet,0.0
hodrickprescott,0.0
slemrod,0.0
sicherman,0.0
proci,0.0
liquidityconstrain,0.0
outofthemoney,0.0
primeag,0.0
raceethn,0.0
joulfaian,0.0
rjv,0.0
lyx,0.0
tyx,0.0
benkard,0.0
vww,0.0
vytlacil,0.0
nesheim,0.0
psps,0.0
pendakur,0.0
madanski,0.0
grossoftax,0.0
baqir,0.0
jongwha,0.0
libecap,0.0
limiteddepend,0.0
pkk,0.0
gianluca,0.0
fkj,0.0
burundi,0.0
xiaohong,0.0
aleh,0.0
koujianou,0.0
tsyvinski,0.0
wisconsinmilwauke,0.0
pesando,0.0
zaf,0.0
deepak,0.0
gilat,0.0
redid,0.0
zjl,0.0
ethnolinguist,0.0
silan,0.0
ipcc,0.0
zmb,0.0
districtspecif,0.0
nouriel,0.0
kiley,0.0
aschauer,0.0
renelt,0.0
botswana,0.0
tornel,0.0
factoraug,0.0
zwe,0.0
golosov,0.0
deining,0.0
barrogordon,0.0
raffaella,0.0
woglom,0.0
farga,0.0
finitesampl,0.0
ylj,0.0
euroarea,0.0
waldtyp,0.0
bankspecif,0.0
cemmap,0.0
ecb,0.0
frijter,0.0
theorybas,0.0
arkolaki,0.0
erlbaum,0.0
datcher,0.0
cusum,0.0
bjx,0.0
pinelopi,0.0
pustat,0.0
pseudotru,0.0
lambson,0.0
outofsampl,0.0
francesconi,0.0
paserman,0.0
cge,0.0
uyo,0.0
alevel,0.0
fernndez,0.0
tsta,0.0
hhl,0.0
fullsampl,0.0
vuong,0.0
dsge,0.0
kalina,0.0
manova,0.0
vfx,0.0
lovallo,0.0
nevo,0.0
klenow,0.0
crossregion,0.0
zeroinfl,0.0
khandelw,0.0
withinproduct,0.0
maskus,0.0
tendigit,0.0
tenreyro,0.0
pgx,0.0
nonrivalri,0.0
nonpartici,0.0
blonigen,0.0
acrossproduct,0.0
wheatsheaf,0.0
hallak,0.0
multidi,0.0
cifar,0.0
bemheim,0.0
metaanalysi,0.0
productlevel,0.0
uuj,0.0
pureexchang,0.0
uizi,0.0
fernandezvillaverd,0.0
ananth,0.0
eeu,0.0
constantelasticityofsubstitut,0.0
ylk,0.0
ewp,0.0
wtu,0.0
mangasarian,0.0
tmax,0.0
dys,0.0
yeapl,0.0
natalia,0.0
twoperiodliv,0.0
bjrklund,0.0
putterman,0.0
quasinewton,0.0
inkoo,0.0
ztn,0.0
wrj,0.0
baumoltobin,0.0
sticerd,0.0
frontload,0.0
iourii,0.0
makoto,0.0
loungani,0.0
jft,0.0
inada,0.0
nario,0.0
malouf,0.0
testb,0.0
gsl,0.0
loglik,0.0
piger,0.0
hmmel,0.0
establishmentlevel,0.0
demanddriven,0.0
restudrdu,0.0
comtrad,0.0
lpezsalido,0.0
withinregion,0.0
psd,0.0
yxit,0.0
tlb,0.0
svejnar,0.0
mathstrutbbb,0.0
strobl,0.0
ethier,0.0
vcs,0.0
yex,0.0
psacharopoulo,0.0
jermann,0.0
sonsteli,0.0
ahp,0.0
phr,0.0
gromb,0.0
manelli,0.0
kjetil,0.0
marcelo,0.0
shangjin,0.0
qijt,0.0
orgaer,0.0
metrick,0.0
ogaki,0.0
dupor,0.0
doepk,0.0
slesnick,0.0
bassetto,0.0
coloc,0.0
racesex,0.0
maxm,0.0
jobmatch,0.0
ays,0.0
kaboski,0.0
ohanian,0.0
ziliak,0.0
josevictor,0.0
rossihansberg,0.0
heckscherohlinvanek,0.0
corba,0.0
kannai,0.0
sondermann,0.0
hoshi,0.0
hoddinott,0.0
dionn,0.0
hzt,0.0
biodivers,0.0
wrenlewi,0.0
rodriguezclar,0.0
gopinath,0.0
biomass,0.0
dqdt,0.0
lnb,0.0
caliendo,0.0
lpj,0.0
httpdxdoi,0.0
countryspecif,0.0
cepii,0.0
kortum,0.0
plos,0.0
tilman,0.0
costinot,0.0
intrahous,0.0
genderspecif,0.0
pravin,0.0
extremevalu,0.0
consumptionsmooth,0.0
deolalikar,0.0
otk,0.0
yearspecif,0.0
salaimartin,0.0
zhu,0.0
salai,0.0
bentolila,0.0
bnabou,0.0
djj,0.0
hoj,0.0
rodrguezclar,0.0
gilovich,0.0
ofield,0.0
bms,0.0
cauchyschwarz,0.0
angeleto,0.0
rankdepend,0.0
fgt,0.0
plimt,0.0
veldkamp,0.0
earlylif,0.0
vissingjorgensen,0.0
logutil,0.0
lusardi,0.0
httpwwweconometricsocietyorgecta,0.0
iwai,0.0
nchs,0.0
martimort,0.0
odean,0.0
squintani,0.0
nieuwerburgh,0.0
malmendi,0.0
haubrich,0.0
trefler,0.0
overrepr,0.0
tastebas,0.0
ciccon,0.0
yildiz,0.0
mazumd,0.0
employmentbas,0.0
darren,0.0
gsx,0.0
wincoop,0.0
itamar,0.0
vinay,0.0
hxx,0.0
thesmar,0.0
fxit,0.0
grinblatt,0.0
pavan,0.0
botond,0.0
ondord,0.0
koszegi,0.0
dasheddot,0.0
annamaria,0.0
laibson,0.0
huberwhit,0.0
postcolleg,0.0
xpk,0.0
scenar,0.0
lesotho,0.0
topel,0.0
combinator,0.0
twocandid,0.0
javorcik,0.0
historyindepend,0.0
crg,0.0
dawid,0.0
vijt,0.0
warshawski,0.0
quasihyperbol,0.0
optimizationbas,0.0
definedbenefit,0.0
tiaacref,0.0
higherskil,0.0
nonpens,0.0
definedcontribut,0.0
burtless,0.0
rightarrow,0.0
tobacman,0.0
repetto,0.0
sadek,0.0
reran,0.0
zeld,0.0
regionyear,0.0
eichen,0.0
kofi,0.0
chernozhukov,0.0
ucsd,0.0
gowrisankaran,0.0
semiparametr,0.0
expm,0.0
lnj,0.0
programszip,0.0
argmin,0.0
pseudorandom,0.0
submodular,0.0
maxd,0.0
coordinatewis,0.0
nonnest,0.0
autocovari,0.0
modelpredict,0.0
pinks,0.0
cbp,0.0
vnx,0.0
counterf,0.0
quasidifferenc,0.0
neuroeconom,0.0
timeaggreg,0.0
descen,0.0
walmart,0.0
infx,0.0
yossi,0.0
seim,0.0
ciliberto,0.0
discretechoic,0.0
viiib,0.0
mazzeo,0.0
bajari,0.0
supermodular,0.0
firstmov,0.0
privatis,0.0
yih,0.0
lexisnexi,0.0
pretrend,0.0
desegreg,0.0
hinkley,0.0
stateyear,0.0
htk,0.0
supj,0.0
higherrank,0.0
bkk,0.0
nitzan,0.0
zemski,0.0
abovemedian,0.0
guryan,0.0
courtord,0.0
countyyear,0.0
shum,0.0
majluf,0.0
logj,0.0
postshock,0.0
ylr,0.0
egor,0.0
limdep,0.0
httpdxdoiorgaer,0.0
rootn,0.0
gxk,0.0
moreeduc,0.0
httpdxdoiorg,0.0
syverson,0.0
hortasu,0.0
rebitz,0.0
micklewright,0.0
secondpric,0.0
dataset,0.0
sabelhaus,0.0
rtbt,0.0
goere,0.0
collardwexl,0.0
azerbaijan,0.0
namibia,0.0
windmeij,0.0
ploeg,0.0
jjo,0.0
zimbabw,0.0
belarus,0.0
expu,0.0
corsetti,0.0
jht,0.0
unbounded,0.0
lsl,0.0
neven,0.0
rwanda,0.0
barrole,0.0
monacelli,0.0
hvt,0.0
trost,0.0
comoro,0.0
evw,0.0
thadden,0.0
uul,0.0
tfj,0.0
xej,0.0
tanf,0.0
nondis,0.0
expectationsaug,0.0
jeong,0.0
logdevi,0.0
garen,0.0
kiviet,0.0
knetter,0.0
guineabissau,0.0
mihov,0.0
benassi,0.0
tpm,0.0
hiz,0.0
rightsid,0.0
vxe,0.0
tsiddon,0.0
payoffmaxim,0.0
rdbase,0.0
consumptionleisur,0.0
segerstrom,0.0
gersovitz,0.0
endogenousgrowth,0.0
berkovec,0.0
rausser,0.0
walland,0.0
fsd,0.0
nonteach,0.0
ondperiod,0.0
ghez,0.0
gibbard,0.0
matut,0.0
mauritania,0.0
seidmann,0.0
twotyp,0.0
unreach,0.0
multiarm,0.0
expp,0.0
ihh,0.0
menchik,0.0
foj,0.0
kaplow,0.0
tjf,0.0
tremblinghand,0.0
agebas,0.0
hstatist,0.0
doiqjeqju,0.0
lael,0.0
householdlevel,0.0
hemicontinu,0.0
noaa,0.0
perfectforesight,0.0
journalspermissionsoupcom,0.0
albanesi,0.0
ytst,0.0
mocan,0.0
restudrdt,0.0
hnt,0.0
altug,0.0
restudrdr,0.0
hesh,0.0
yorukoglu,0.0
postlewait,0.0
yrl,0.0
finitest,0.0
verboven,0.0
portney,0.0
delink,0.0
kroft,0.0
miravet,0.0
villasboa,0.0
aguirregabiria,0.0
jjp,0.0
waldfogel,0.0
revenuemaxim,0.0
tirl,0.0
salesweight,0.0
storelevel,0.0
katja,0.0
herfindahlhirschman,0.0
bertrandnash,0.0
starkest,0.0
grubert,0.0
sexism,0.0
crra,0.0
buchinski,0.0
nonincrea,0.0
selectioncorrect,0.0
vpe,0.0
decoupl,0.0
xeo,0.0
serfl,0.0
hhs,0.0
ofek,0.0
longshort,0.0
underreact,0.0
figlewski,0.0
miscod,0.0
verrecchia,0.0
denecker,0.0
loecker,0.0
choicebas,0.0
dominitz,0.0
paretopref,0.0
citibas,0.0
makowski,0.0
personyear,0.0
withincounti,0.0
slivinski,0.0
melino,0.0
transactionlevel,0.0
msalevel,0.0
rollout,0.0
kormendi,0.0
meguir,0.0
quasiexperi,0.0
lowachiev,0.0
subprim,0.0
yona,0.0
cvj,0.0
hxj,0.0
dinopoulo,0.0
hermalin,0.0
limtoo,0.0
qcl,0.0
balasko,0.0
pitchik,0.0
xhl,0.0
vsx,0.0
constantreturn,0.0
twicecontinu,0.0
vjc,0.0
neftci,0.0
sfk,0.0
ofperiod,0.0
blackbox,0.0
kleidon,0.0
vja,0.0
straszheim,0.0
behzad,0.0
fatih,0.0
rentshar,0.0
smeed,0.0
asynchron,0.0
fienberg,0.0
semielast,0.0
cpf,0.0
nonmarkovian,0.0
cointegr,0.0
sren,0.0
muendler,0.0
juselius,0.0
crosscoun,0.0
ptw,0.0
dowrick,0.0
jarquebera,0.0
memoryless,0.0
pradeep,0.0
goeken,0.0
miscoordin,0.0
bencivenga,0.0
ptkt,0.0
wso,0.0
slk,0.0
ortmann,0.0
communitylevel,0.0
payoffequival,0.0
growthjp,0.0
cirano,0.0
rmb,0.0
knez,0.0
supermajor,0.0
testtak,0.0
attende,0.0
protter,0.0
eew,0.0
logwag,0.0
kaplanmei,0.0
compactvalu,0.0
wileyintersci,0.0
pfj,0.0
fallback,0.0
lubotski,0.0
sobek,0.0
jcaxi,0.0
kalbfleisch,0.0
wellstudi,0.0
leftcontinu,0.0
uih,0.0
twl,0.0
limx,0.0
maxb,0.0
singlepeaked,0.0
risktoler,0.0
cdot,0.0
bieren,0.0
hjt,0.0
lubik,0.0
newkeynesian,0.0
energysav,0.0
xsl,0.0
stepahead,0.0
itoh,0.0
anderlini,0.0
peleg,0.0
cepremap,0.0
mainfram,0.0
covp,0.0
topa,0.0
skoufia,0.0
rwo,0.0
landfil,0.0
noldek,0.0
headcount,0.0
doiqjeqjr,0.0
heidi,0.0
tarun,0.0
sampleselect,0.0
racialethn,0.0
overparameter,0.0
multiobject,0.0
lagunoff,0.0
bne,0.0
mathrmln,0.0
ribar,0.0
energyeffici,0.0
biw,0.0
shepsl,0.0
bezalel,0.0
databank,0.0
neurosci,0.0
restudrdv,0.0
wahrscheinlichkeitstheori,0.0
gjc,0.0
cergeei,0.0
hfx,0.0
downweight,0.0
pdfs,0.0
outputinfl,0.0
scanner,0.0
encod,0.0
midrigan,0.0
xer,0.0
withincohort,0.0
nonmar,0.0
jeancharl,0.0
rvaluat,0.0
icpsr,0.0
egx,0.0
michaelid,0.0
qiz,0.0
ylf,0.0
agnar,0.0
narendranathan,0.0
xpf,0.0
myanmar,0.0
yoon,0.0
wyi,0.0
jyi,0.0
satyanath,0.0
ponzetto,0.0
scatterplot,0.0
qtkt,0.0
heavytail,0.0
modelspecif,0.0
schmittgroh,0.0
minivan,0.0
guesneri,0.0
epsteinzin,0.0
liebowitz,0.0
wvv,0.0
viceira,0.0
abstractin,0.0
timesepar,0.0
mehra,0.0
overinterpret,0.0
measurementerror,0.0
eroskedast,0.0
heterosk,0.0
noninteg,0.0
soulel,0.0
jappelli,0.0
abrevaya,0.0
kuerstein,0.0
ambrus,0.0
rajnish,0.0
froot,0.0
benartzi,0.0
optout,0.0
hortacsu,0.0
offequilibrium,0.0
repackag,0.0
efficientmarket,0.0
genadek,0.0
heidhu,0.0
tks,0.0
kleibergen,0.0
heteroskedasticityrobust,0.0
kclass,0.0
motohiro,0.0
constantinid,0.0
wwii,0.0
yxl,0.0
jornsteffen,0.0
jwi,0.0
fumio,0.0
chirinko,0.0
taylorseri,0.0
adjustmentcost,0.0
instrumentalvari,0.0
kperiod,0.0
subpopula,0.0
unconting,0.0
contrarian,0.0
orthogo,0.0
schiantarelli,0.0
assetpr,0.0
texp,0.0
rsx,0.0
etrt,0.0
morck,0.0
covt,0.0
caret,0.0
cfm,0.0
coval,0.0
zerocoupon,0.0
alna,0.0
endgam,0.0
presampl,0.0
twicedifferenti,0.0
chiappoli,0.0
representativeag,0.0
jjn,0.0
grangercaus,0.0
cova,0.0
tej,0.0
nevermarri,0.0
riskpool,0.0
platteau,0.0
asymmet,0.0
dwd,0.0
harstad,0.0
nondegen,0.0
pzl,0.0
jtpa,0.0
tstati,0.0
schoollevel,0.0
coevolut,0.0
overidenti,0.0
heteroskedasticconsist,0.0
maldiv,0.0
omittedvari,0.0
grogger,0.0
xist,0.0
heteroskeda,0.0
yearofbirth,0.0
pham,0.0
geocod,0.0
gita,0.0
yosha,0.0
nonhealth,0.0
predictabil,0.0
reenen,0.0
tertilt,0.0
papaioannou,0.0
eventstudi,0.0
telmer,0.0
buera,0.0
kszegi,0.0
monahan,0.0
szeidl,0.0
centiped,0.0
uijt,0.0
schoolspecif,0.0
skillbias,0.0
bikhchandani,0.0
jacquesfrancoi,0.0
siow,0.0
integervalu,0.0
uxa,0.0
economid,0.0
maccheroni,0.0
capozza,0.0
melumad,0.0
vxo,0.0
sushil,0.0
minf,0.0
kovenock,0.0
nalebuff,0.0
yjn,0.0
yoj,0.0
searchmatch,0.0
glx,0.0
fallick,0.0
giroux,0.0
moscarini,0.0
termstructur,0.0
ajob,0.0
jobsearch,0.0
unnorm,0.0
satting,0.0
offtheequilibriumpath,0.0
secondhighest,0.0
wox,0.0
workerfirm,0.0
ewx,0.0
burda,0.0
eyf,0.0
iuj,0.0
eroscedast,0.0
mesquita,0.0
infp,0.0
aerp,0.0
montral,0.0
bhps,0.0
jrnsteffen,0.0
aerl,0.0
gelbach,0.0
mclanahan,0.0
granovett,0.0
ejk,0.0
hillclimb,0.0
splitsampl,0.0
srba,0.0
austan,0.0
goolsbe,0.0
chotom,0.0
zjj,0.0
logconcav,0.0
compatibil,0.0
torvik,0.0
balduzzi,0.0
nonran,0.0
driffil,0.0
heski,0.0
guerrieri,0.0
harpercollin,0.0
biesebroeck,0.0
rajiv,0.0
bagnoli,0.0
kartik,0.0
ulrik,0.0
barisaac,0.0
dustmann,0.0
steinsson,0.0
chassang,0.0
yelowitz,0.0
wja,0.0
mpe,0.0
intertempo,0.0
pjn,0.0
lowdimension,0.0
crosswalk,0.0
kaushik,0.0
marijuana,0.0
lessthanperfect,0.0
brugiavini,0.0
wjp,0.0
ssas,0.0
employersponsor,0.0
slonim,0.0
otherregard,0.0
boombust,0.0
seak,0.0
saiz,0.0
obstfeld,0.0
simultaneousmov,0.0
highprofil,0.0
zupan,0.0
jzj,0.0
uspto,0.0
atrisk,0.0
noponzi,0.0
biotechnolog,0.0
melissa,0.0
nonstan,0.0
perezquiro,0.0
smb,0.0
ofsampl,0.0
krishnaiah,0.0
veall,0.0
szego,0.0
inflationtarget,0.0
armap,0.0
bilson,0.0
onepercentagepoint,0.0
statebyyear,0.0
belowmedian,0.0
unicef,0.0
devarajan,0.0
geq,0.0
viral,0.0
llerasmuney,0.0
nyarko,0.0
highend,0.0
monozygot,0.0
mathstrutc,0.0
leq,0.0
preperiod,0.0
kalemliozcan,0.0
hivaid,0.0
jolurn,0.0
methodofmo,0.0
knowledgebas,0.0
ztree,0.0
multigood,0.0
bronwyn,0.0
probt,0.0
httpwwwmitpress,0.0
infarct,0.0
yaw,0.0
amitabh,0.0
myocardi,0.0
baicker,0.0
comorbid,0.0
crossciti,0.0
culyer,0.0
journalsorgdoisuppl,0.0
arellanobond,0.0
wacziarg,0.0
shachat,0.0
wls,0.0
weymark,0.0
riezman,0.0
manygood,0.0
semiposit,0.0
fastfood,0.0
athan,0.0
grouplevel,0.0
sandler,0.0
paneldata,0.0
leftout,0.0
clusterrobust,0.0
schmittberg,0.0
presentbias,0.0
areaspecif,0.0
kraay,0.0
childspecif,0.0
vlc,0.0
kurlat,0.0
asli,0.0
ktp,0.0
wjs,0.0
daugheti,0.0
gertner,0.0
demirguckunt,0.0
countryyear,0.0
cdrom,0.0
diw,0.0
katrina,0.0
serven,0.0
overdispers,0.0
yilmaz,0.0
devleeschauw,0.0
eoj,0.0
cauchyschwartz,0.0
wcr,0.0
ypf,0.0
lep,0.0
twopoint,0.0
fxdx,0.0
upi,0.0
yey,0.0
nonpolici,0.0
sandmo,0.0
sho,0.0
puc,0.0
meanpreserv,0.0
yya,0.0
vta,0.0
yyy,0.0
ppq,0.0
nst,0.0
ose,0.0
letud,0.0
manier,0.0
skandinavisk,0.0
lequel,0.0
dre,0.0
polya,0.0
drl,0.0
assez,0.0
dob,0.0
exprim,0.0
quand,0.0
soient,0.0
plusieur,0.0
lensembl,0.0
processus,0.0
yee,0.0
semidefinit,0.0
xft,0.0
uaj,0.0
header,0.0
purif,0.0
subinterv,0.0
recidiv,0.0
qct,0.0
closedloop,0.0
qmt,0.0
multioutput,0.0
imj,0.0
epq,0.0
popp,0.0
dqt,0.0
tuo,0.0
nashcournot,0.0
passengermil,0.0
eem,0.0
abu,0.0
crts,0.0
yll,0.0
utr,0.0
logdiffer,0.0
aiyi,0.0
wci,0.0
logchang,0.0
phl,0.0
tfc,0.0
fiti,0.0
esd,0.0
fyy,0.0
prq,0.0
boxcox,0.0
aiy,0.0
spj,0.0
kir,0.0
casper,0.0
axp,0.0
dey,0.0
wzi,0.0
katharin,0.0
pir,0.0
tractibl,0.0
kerwin,0.0
implau,0.0
farber,0.0
sdc,0.0
zyt,0.0
xps,0.0
rla,0.0
sxl,0.0
idn,0.0
courb,0.0
ved,0.0
lyse,0.0
scheff,0.0
verwandt,0.0
fredrik,0.0
monogam,0.0
xdp,0.0
pzo,0.0
pzi,0.0
biz,0.0
reber,0.0
kwt,0.0
lav,0.0
zdz,0.0
dominguez,0.0
uyx,0.0
fsn,0.0
sln,0.0
fyl,0.0
ytpt,0.0
xmin,0.0
fik,0.0
hji,0.0
npj,0.0
gressor,0.0
snp,0.0
hkk,0.0
xic,0.0
xxe,0.0
gerd,0.0
rxx,0.0
pjr,0.0
qoa,0.0
qkk,0.0
rpq,0.0
wern,0.0
ishii,0.0
pqk,0.0
morelli,0.0
rsl,0.0
thiss,0.0
archic,0.0
olivia,0.0
chamley,0.0
laffont,0.0
nif,0.0
auerbach,0.0
kanbur,0.0
hermit,0.0
mpo,0.0
louri,0.0
mcleish,0.0
amerik,0.0
xux,0.0
ryx,0.0
lrx,0.0
rqj,0.0
matteo,0.0
pura,0.0
bett,0.0
ngo,0.0
pricemargin,0.0
lehrer,0.0
romain,0.0
lohmann,0.0
faj,0.0
elena,0.0
anthropometr,0.0
uiw,0.0
aiw,0.0
dzj,0.0
grandpar,0.0
aur,0.0
pah,0.0
eileen,0.0
paulson,0.0
xdi,0.0
fwj,0.0
bagwel,0.0
ruiz,0.0
yxx,0.0
valuemaxim,0.0
pjk,0.0
tro,0.0
filer,0.0
glo,0.0
xat,0.0
gzt,0.0
esm,0.0
cauchi,0.0
greenstein,0.0
bessel,0.0
jkj,0.0
determinant,0.0
trajec,0.0
hio,0.0
fkp,0.0
rss,0.0
kfk,0.0
fkr,0.0
adjoint,0.0
dive,0.0
intermarriag,0.0
inheri,0.0
rpi,0.0
rixi,0.0
sjc,0.0
qiv,0.0
testscor,0.0
undomin,0.0
gbi,0.0
lemk,0.0
pagano,0.0
degeneraci,0.0
fmax,0.0
itay,0.0
hoy,0.0
gatti,0.0
stefani,0.0
ujl,0.0
timeaddit,0.0
irx,0.0
wlo,0.0
vaj,0.0
hsh,0.0
uac,0.0
uuo,0.0
aau,0.0
tlj,0.0
puo,0.0
zic,0.0
ojj,0.0
srj,0.0
ttc,0.0
hhh,0.0
opj,0.0
kek,0.0
uun,0.0
hho,0.0
olr,0.0
ttf,0.0
uwt,0.0
leam,0.0
rudin,0.0
periodtwo,0.0
qtx,0.0
pqp,0.0
cocco,0.0
chn,0.0
caltech,0.0
qtq,0.0
kamien,0.0
biometrica,0.0
boldrin,0.0
prp,0.0
freq,0.0
sab,0.0
jeffri,0.0
ong,0.0
closedform,0.0
frw,0.0
fxfx,0.0
pfleider,0.0
iqq,0.0
bachmann,0.0
furman,0.0
masten,0.0
blvd,0.0
crossley,0.0
klo,0.0
bcs,0.0
braverman,0.0
fernald,0.0
rfk,0.0
bogota,0.0
sipat,0.0
ekl,0.0
schulz,0.0
bassett,0.0
winsor,0.0
catholiqu,0.0
waller,0.0
herrmann,0.0
nwe,0.0
gaynor,0.0
ormerod,0.0
wtlt,0.0
bondt,0.0
mammen,0.0
nvn,0.0
cardiovascular,0.0
dwi,0.0
nonjoint,0.0
crc,0.0
iivi,0.0
dwj,0.0
ibrahim,0.0
capm,0.0
avraham,0.0
mest,0.0
fvalu,0.0
tore,0.0
moffit,0.0
fux,0.0
amir,0.0
xxa,0.0
errorsinvari,0.0
tyj,0.0
benakiva,0.0
brealey,0.0
btt,0.0
bjj,0.0
qid,0.0
subaddit,0.0
wxi,0.0
rmt,0.0
firmyear,0.0
cicchetti,0.0
mui,0.0
bacteri,0.0
isj,0.0
mcj,0.0
oab,0.0
choicetheoret,0.0
fim,0.0
moritz,0.0
harald,0.0
miquel,0.0
giusepp,0.0
karoli,0.0
operation,0.0
erj,0.0
giacomo,0.0
julien,0.0
raviv,0.0
creedi,0.0
fjx,0.0
polytechniqu,0.0
pieter,0.0
alessandro,0.0
cxk,0.0
vermeulen,0.0
iab,0.0
balestra,0.0
venezia,0.0
frieden,0.0
murat,0.0
chateli,0.0
marta,0.0
tbill,0.0
coeff,0.0
auw,0.0
dilip,0.0
uwo,0.0
friedmansavag,0.0
varr,0.0
hurd,0.0
eui,0.0
psp,0.0
fishburn,0.0
xixj,0.0
hagerti,0.0
pou,0.0
amw,0.0
ewa,0.0
pmk,0.0
erer,0.0
rogerson,0.0
baumeist,0.0
xdfx,0.0
ljo,0.0
elster,0.0
sgn,0.0
outreach,0.0
atb,0.0
hansmann,0.0
dybvig,0.0
swo,0.0
azo,0.0
tux,0.0
lowpow,0.0
infimum,0.0
wro,0.0
fhp,0.0
glp,0.0
spatt,0.0
lfp,0.0
novshek,0.0
karni,0.0
nld,0.0
anh,0.0
aghion,0.0
prh,0.0
pcn,0.0
unn,0.0
prendergast,0.0
ifu,0.0
riskseek,0.0
shaffer,0.0
fjh,0.0
probx,0.0
flr,0.0
uoi,0.0
mio,0.0
atx,0.0
axap,0.0
nbernsf,0.0
mif,0.0
cordoba,0.0
rauch,0.0
firstperiod,0.0
vax,0.0
dfl,0.0
tperiod,0.0
oia,0.0
xml,0.0
zla,0.0
xla,0.0
ofg,0.0
dxl,0.0
dnn,0.0
balch,0.0
dxa,0.0
argmax,0.0
sxx,0.0
rrk,0.0
dfx,0.0
vos,0.0
aeq,0.0
preentri,0.0
econometriqu,0.0
fourequ,0.0
kik,0.0
bender,0.0
butz,0.0
emploi,0.0
stabilit,0.0
citypair,0.0
uai,0.0
vega,0.0
onlin,0.0
revankar,0.0
multipleunit,0.0
vella,0.0
mooney,0.0
capitaltolabor,0.0
nfactor,0.0
pgp,0.0
ttx,0.0
ripoff,0.0
tta,0.0
huston,0.0
hwang,0.0
dill,0.0
lipman,0.0
goulder,0.0
hatton,0.0
kreb,0.0
comin,0.0
hoboken,0.0
marron,0.0
evolutionarili,0.0
afg,0.0
nonsati,0.0
grard,0.0
intrillig,0.0
espac,0.0
basmann,0.0
genicot,0.0
postexperi,0.0
andm,0.0
faust,0.0
drexel,0.0
rnr,0.0
riskshift,0.0
cheater,0.0
azariadi,0.0
ode,0.0
workerspecif,0.0
omega,0.0
fagan,0.0
oniki,0.0
holger,0.0
dfa,0.0
annali,0.0
tipi,0.0
strobel,0.0
uam,0.0
snl,0.0
yiu,0.0
klp,0.0
engelhardt,0.0
finetti,0.0
dqj,0.0
jami,0.0
nll,0.0
kircher,0.0
ballard,0.0
mullen,0.0
koren,0.0
narayana,0.0
trussel,0.0
tucson,0.0
dqdp,0.0
ypj,0.0
alfredo,0.0
wjw,0.0
javier,0.0
seitz,0.0
degroot,0.0
guilford,0.0
matematica,0.0
vogt,0.0
ciencia,0.0
elv,0.0
prx,0.0
eqp,0.0
koenig,0.0
denton,0.0
somm,0.0
mathmatiqu,0.0
pxq,0.0
cxq,0.0
riccardo,0.0
jourdan,0.0
pietro,0.0
fenchel,0.0
guttman,0.0
pierpaolo,0.0
kristian,0.0
guglielmo,0.0
hrr,0.0
kose,0.0
amar,0.0
almeida,0.0
jir,0.0
bethesda,0.0
lanier,0.0
eau,0.0
hasbrouck,0.0
kelsey,0.0
tamura,0.0
keeley,0.0
runkl,0.0
burnsid,0.0
advertisingsal,0.0
clf,0.0
prj,0.0
hiu,0.0
clh,0.0
cofactor,0.0
arun,0.0
slutskyhick,0.0
missi,0.0
pricep,0.0
personspecif,0.0
sippi,0.0
prm,0.0
thatj,0.0
vpi,0.0
tod,0.0
charn,0.0
cqq,0.0
nuno,0.0
lippman,0.0
vald,0.0
sizea,0.0
colloqu,0.0
opb,0.0
krk,0.0
ysx,0.0
gmm,0.0
gwi,0.0
ghs,0.0
fuerst,0.0
fpa,0.0
trimest,0.0
damien,0.0
aria,0.0
fourvari,0.0
statedepend,0.0
inerti,0.0
esquivel,0.0
demski,0.0
ycx,0.0
sxi,0.0
fiw,0.0
maxz,0.0
nav,0.0
aijxj,0.0
tvo,0.0
awn,0.0
tyo,0.0
sro,0.0
aaw,0.0
wnp,0.0
waw,0.0
aak,0.0
wmn,0.0
wmt,0.0
prelim,0.0
steinar,0.0
dauphin,0.0
gauthier,0.0
errorfre,0.0
dwx,0.0
dpdq,0.0
uta,0.0
rell,0.0
sgr,0.0
aman,0.0
micromodel,0.0
qyi,0.0
malmquist,0.0
kdimension,0.0
priorit,0.0
ikp,0.0
ldimension,0.0
sampler,0.0
snj,0.0
alxl,0.0
awp,0.0
bwt,0.0
alii,0.0
xiq,0.0
pjc,0.0
mullin,0.0
randomwalk,0.0
sgs,0.0
ezn,0.0
stieltj,0.0
unx,0.0
xds,0.0
meanvari,0.0
kapur,0.0
yqi,0.0
neymanpearson,0.0
inx,0.0
tarr,0.0
eee,0.0
heiner,0.0
lustig,0.0
murnan,0.0
gerlach,0.0
moy,0.0
cixi,0.0
tfor,0.0
utilitv,0.0
bem,0.0
delia,0.0
lutilit,0.0
behr,0.0
stambaugh,0.0
iha,0.0
billingsley,0.0
imai,0.0
spiegler,0.0
suen,0.0
danni,0.0
manfr,0.0
merz,0.0
connor,0.0
onx,0.0
resultsth,0.0
ultimatum,0.0
misperceiv,0.0
rebal,0.0
gerardi,0.0
wos,0.0
vrs,0.0
sibert,0.0
lno,0.0
secondaryschool,0.0
misperc,0.0
hernando,0.0
precolleg,0.0
threevari,0.0
eme,0.0
sleet,0.0
gix,0.0
xef,0.0
fbo,0.0
bbt,0.0
fsx,0.0
rtrt,0.0
pjo,0.0
fnx,0.0
rvt,0.0
vpa,0.0
efron,0.0
commonvalu,0.0
monti,0.0
fae,0.0
djp,0.0
smuggler,0.0
contami,0.0
gravell,0.0
eigen,0.0
rfs,0.0
bgd,0.0
bbo,0.0
seo,0.0
xye,0.0
unders,0.0
nonem,0.0
newhous,0.0
kearl,0.0
mendelsohn,0.0
fns,0.0
yrx,0.0
xiiy,0.0
yrz,0.0
auj,0.0
xiji,0.0
ukk,0.0
aldo,0.0
aiit,0.0
gio,0.0
obst,0.0
lixi,0.0
wim,0.0
arv,0.0
imal,0.0
fxs,0.0
xpiy,0.0
xrz,0.0
siy,0.0
xriy,0.0
tiu,0.0
zik,0.0
ipx,0.0
tlc,0.0
knack,0.0
cremer,0.0
aloysius,0.0
ulo,0.0
uxp,0.0
pkp,0.0
xrr,0.0
usr,0.0
mno,0.0
udt,0.0
cukierman,0.0
aov,0.0
giorgi,0.0
menzi,0.0
lrd,0.0
spadi,0.0
frech,0.0
ryy,0.0
xqi,0.0
lfr,0.0
nax,0.0
nfa,0.0
xon,0.0
ebe,0.0
mccrari,0.0
atkeson,0.0
wpx,0.0
rpx,0.0
gxp,0.0
tve,0.0
litzenberg,0.0
drm,0.0
guillaum,0.0
satterthwait,0.0
rlo,0.0
tani,0.0
wcs,0.0
eki,0.0
andt,0.0
tls,0.0
elr,0.0
vew,0.0
tsr,0.0
uui,0.0
pici,0.0
pizi,0.0
mellor,0.0
etq,0.0
ijr,0.0
timmermann,0.0
kor,0.0
damm,0.0
koh,0.0
tgt,0.0
ixr,0.0
aala,0.0
hersch,0.0
iua,0.0
axd,0.0
rja,0.0
jsi,0.0
nba,0.0
uli,0.0
terl,0.0
kdi,0.0
auu,0.0
ppd,0.0
tnx,0.0
yto,0.0
rqr,0.0
signaltonois,0.0
scalabl,0.0
qor,0.0
lowerord,0.0
subrahmanyam,0.0
miyazaki,0.0
sappington,0.0
archimedean,0.0
shinichi,0.0
mpg,0.0
ricerch,0.0
lara,0.0
xro,0.0
uln,0.0
uki,0.0
plx,0.0
uol,0.0
ukl,0.0
nui,0.0
pna,0.0
dxs,0.0
vier,0.0
nml,0.0
mostpref,0.0
yfor,0.0
rothstein,0.0
pha,0.0
merair,0.0
piness,0.0
eqi,0.0
pettit,0.0
eckel,0.0
kwan,0.0
etic,0.0
yat,0.0
lefort,0.0
werden,0.0
pyle,0.0
schwert,0.0
ernesto,0.0
wich,0.0
duggan,0.0
weibul,0.0
nonadopt,0.0
quantal,0.0
jbi,0.0
rox,0.0
ndimension,0.0
fle,0.0
pne,0.0
aiji,0.0
rvr,0.0
ofo,0.0
llq,0.0
lul,0.0
iyn,0.0
vki,0.0
vbl,0.0
aje,0.0
poj,0.0
kll,0.0
qkt,0.0
ppo,0.0
paglin,0.0
megginson,0.0
finkelstein,0.0
presal,0.0
parol,0.0
firstpric,0.0
imsl,0.0
backus,0.0
dekker,0.0
glick,0.0
prg,0.0
bni,0.0
dut,0.0
sawhil,0.0
qjj,0.0
auk,0.0
linn,0.0
bernhardt,0.0
niehaus,0.0
zuckerman,0.0
amihud,0.0
warnock,0.0
webber,0.0
garth,0.0
lucian,0.0
vkj,0.0
ches,0.0
mcgarri,0.0
rasmus,0.0
cba,0.0
gradi,0.0
haworth,0.0
birger,0.0
dunford,0.0
elsi,0.0
peyton,0.0
unemp,0.0
woodlawn,0.0
gsi,0.0
gilson,0.0
rockvill,0.0
poh,0.0
alvaro,0.0
myle,0.0
lou,0.0
teu,0.0
polyno,0.0
xkk,0.0
pivi,0.0
darrel,0.0
aili,0.0
consortia,0.0
origindestin,0.0
uzi,0.0
jfx,0.0
mep,0.0
wok,0.0
dpg,0.0
domencich,0.0
rcj,0.0
gallen,0.0
homicid,0.0
zas,0.0
ettt,0.0
bec,0.0
zona,0.0
mso,0.0
dpdx,0.0
xyi,0.0
zarembka,0.0
dolbear,0.0
mra,0.0
torr,0.0
vcl,0.0
cvs,0.0
cij,0.0
hik,0.0
withinhousehold,0.0
jnj,0.0
wyckoff,0.0
pej,0.0
bvt,0.0
egl,0.0
upa,0.0
xno,0.0
eritrea,0.0
postel,0.0
nada,0.0
fca,0.0
verd,0.0
dold,0.0
upfront,0.0
prs,0.0
wyy,0.0
byy,0.0
pxz,0.0
pzz,0.0
rothkopf,0.0
ufu,0.0
dougherti,0.0
tano,0.0
fortran,0.0
nonregular,0.0
fzj,0.0
albuquerqu,0.0
dolton,0.0
nelli,0.0
dbl,0.0
rpo,0.0
riz,0.0
xtz,0.0
qiy,0.0
iyk,0.0
xzi,0.0
auz,0.0
xyl,0.0
xie,0.0
pzj,0.0
householdspecif,0.0
ortega,0.0
taber,0.0
reoptim,0.0
imin,0.0
conomi,0.0
niveau,0.0
xfp,0.0
wrl,0.0
fdx,0.0
nlp,0.0
fui,0.0
uncompen,0.0
tfi,0.0
erit,0.0
tui,0.0
seu,0.0
lowabl,0.0
minr,0.0
ltk,0.0
rosenblatt,0.0
dirac,0.0
finitedimension,0.0
kruskal,0.0
doob,0.0
mannmorgenstern,0.0
pxr,0.0
overidentif,0.0
xipi,0.0
ecc,0.0
zucker,0.0
munshi,0.0
lft,0.0
ptxt,0.0
hbs,0.0
exti,0.0
tpe,0.0
conley,0.0
lapham,0.0
mwh,0.0
bitler,0.0
fjk,0.0
curricular,0.0
engelmann,0.0
righthandsid,0.0
lefthandsid,0.0
hartwick,0.0
fogarti,0.0
eic,0.0
multinomi,0.0
hanushek,0.0
namepl,0.0
busch,0.0
siena,0.0
nava,0.0
aor,0.0
pjv,0.0
ayf,0.0
nonsequenti,0.0
qtm,0.0
spc,0.0
tog,0.0
vtt,0.0
ptet,0.0
xls,0.0
hto,0.0
sjt,0.0
dth,0.0
plw,0.0
parameter,0.0
icq,0.0
ttn,0.0
herv,0.0
audio,0.0
menter,0.0
ciii,0.0
pua,0.0
aill,0.0
psychophys,0.0
lowprob,0.0
uik,0.0
ndt,0.0
traffick,0.0
gnl,0.0
wfl,0.0
wtn,0.0
lebesgu,0.0
hfl,0.0
psa,0.0
blan,0.0
chard,0.0
pom,0.0
krieger,0.0
fsj,0.0
schmeidler,0.0
heyd,0.0
jozef,0.0
kuhntuck,0.0
yjk,0.0
greenle,0.0
halbert,0.0
quall,0.0
tmn,0.0
garman,0.0
schlagenhauf,0.0
nwn,0.0
ajn,0.0
gcn,0.0
crain,0.0
qtn,0.0
rodrigu,0.0
elasticit,0.0
budgetair,0.0
ugi,0.0
moser,0.0
clm,0.0
iwo,0.0
oig,0.0
labi,0.0
ijp,0.0
literatureth,0.0
eww,0.0
nonrel,0.0
ofpocket,0.0
geg,0.0
emt,0.0
itw,0.0
wni,0.0
twn,0.0
qrt,0.0
pqm,0.0
nro,0.0
rfj,0.0
ppn,0.0
nonempti,0.0
dnl,0.0
wla,0.0
rjo,0.0
jaj,0.0
pxl,0.0
drx,0.0
qtc,0.0
kaufmann,0.0
rabin,0.0
kyk,0.0
entryexit,0.0
eiii,0.0
rif,0.0
xqx,0.0
rpj,0.0
pbc,0.0
kfl,0.0
testa,0.0
frj,0.0
ledyard,0.0
klemper,0.0
scheffman,0.0
sjj,0.0
barbera,0.0
newey,0.0
uwe,0.0
hartog,0.0
longi,0.0
uwx,0.0
utdt,0.0
gft,0.0
wut,0.0
agel,0.0
vvx,0.0
exl,0.0
tlq,0.0
tjn,0.0
eyl,0.0
ktn,0.0
markusen,0.0
llog,0.0
xlj,0.0
brito,0.0
sender,0.0
bergmann,0.0
jxj,0.0
fpj,0.0
pdf,0.0
pnf,0.0
pih,0.0
ipp,0.0
torino,0.0
stockton,0.0
pnn,0.0
lpn,0.0
stoll,0.0
benci,0.0
noninteract,0.0
jxi,0.0
fini,0.0
posthigh,0.0
wks,0.0
rtp,0.0
hillsdal,0.0
qpx,0.0
ztt,0.0
gbr,0.0
takeo,0.0
erg,0.0
ftt,0.0
rjp,0.0
gtn,0.0
sdn,0.0
ftm,0.0
wxl,0.0
vnj,0.0
wlk,0.0
btp,0.0
aub,0.0
triest,0.0
lxp,0.0
riverabatiz,0.0
eao,0.0
hhi,0.0
jtp,0.0
udp,0.0
dirichlet,0.0
tka,0.0
jri,0.0
awh,0.0
vht,0.0
opk,0.0
ahx,0.0
nonnega,0.0
vbb,0.0
foro,0.0
randomiza,0.0
dcj,0.0
vpl,0.0
adp,0.0
convexifi,0.0
pda,0.0
ffp,0.0
rstatist,0.0
fjp,0.0
firstchoic,0.0
rnn,0.0
cxr,0.0
qvi,0.0
axh,0.0
ayk,0.0
pyj,0.0
ajaj,0.0
darius,0.0
dus,0.0
twostat,0.0
atpt,0.0
daspremont,0.0
repeatedgam,0.0
purestrategi,0.0
edz,0.0
nondegeneraci,0.0
tdx,0.0
lhopit,0.0
jyt,0.0
perfirm,0.0
boyan,0.0
ordeshook,0.0
minp,0.0
oxx,0.0
qps,0.0
sutter,0.0
rbo,0.0
doo,0.0
aoal,0.0
maxp,0.0
ztl,0.0
ejl,0.0
anumb,0.0
rax,0.0
feeforservic,0.0
coughlin,0.0
rfi,0.0
vjn,0.0
jsj,0.0
belsley,0.0
ssl,0.0
variableth,0.0
rvi,0.0
irf,0.0
dxr,0.0
trj,0.0
zim,0.0
hendershott,0.0
decisiontheoret,0.0
cbs,0.0
ocf,0.0
abr,0.0
etb,0.0
hbi,0.0
oren,0.0
rqt,0.0
sheehan,0.0
xao,0.0
utx,0.0
peu,0.0
gqt,0.0
pux,0.0
remarriag,0.0
logodd,0.0
agerel,0.0
leah,0.0
wmax,0.0
vln,0.0
vwi,0.0
fai,0.0
pwj,0.0
pfb,0.0
riedl,0.0
topay,0.0
gantmach,0.0
limk,0.0
silberberg,0.0
maximin,0.0
vpp,0.0
sadka,0.0
rqi,0.0
petri,0.0
maxa,0.0
ewt,0.0
minv,0.0
thatp,0.0
maxq,0.0
semicontinu,0.0
emax,0.0
bjd,0.0
lippi,0.0
qls,0.0
superaddit,0.0
ytdt,0.0
rrq,0.0
faulhab,0.0
katzner,0.0
qrq,0.0
aql,0.0
uiq,0.0
ellwood,0.0
sead,0.0
pjqj,0.0
zap,0.0
ilu,0.0
vdi,0.0
gronau,0.0
irj,0.0
omer,0.0
ivn,0.0
limj,0.0
vxp,0.0
xjp,0.0
fxj,0.0
rcx,0.0
xxp,0.0
pjxj,0.0
pxn,0.0
erv,0.0
hellwig,0.0
gls,0.0
sitespecif,0.0
ptz,0.0
epf,0.0
cogan,0.0
rivkin,0.0
tade,0.0
robb,0.0
dtx,0.0
riculum,0.0
periodspecif,0.0
voc,0.0
tsn,0.0
inflationadjust,0.0
gij,0.0
wilk,0.0
vnn,0.0
vmn,0.0
xpn,0.0
tkj,0.0
gox,0.0
joj,0.0
expf,0.0
lnh,0.0
yvl,0.0
hoch,0.0
fwi,0.0
longstaff,0.0
rwn,0.0
sfb,0.0
wjc,0.0
vwp,0.0
cqs,0.0
kislev,0.0
evenson,0.0
pake,0.0
rrs,0.0
withinfirm,0.0
highskil,0.0
withinindustri,0.0
ariel,0.0
lnw,0.0
mundlak,0.0
wrt,0.0
ringstad,0.0
benzion,0.0
hann,0.0
dimitri,0.0
wrr,0.0
quantityqu,0.0
waldman,0.0
bqt,0.0
pbr,0.0
premarit,0.0
qxl,0.0
multistep,0.0
nondistortionari,0.0
nonmed,0.0
pxu,0.0
ajg,0.0
samaritan,0.0
shortsal,0.0
fxa,0.0
synergi,0.0
rappoport,0.0
telecommuni,0.0
timeinvari,0.0
wtj,0.0
lir,0.0
nonconting,0.0
iwv,0.0
jodi,0.0
uwi,0.0
fni,0.0
brb,0.0
singlesector,0.0
cbl,0.0
vim,0.0
bfi,0.0
ahm,0.0
efi,0.0
azl,0.0
phh,0.0
fiq,0.0
ufx,0.0
lzl,0.0
xlh,0.0
xih,0.0
jobspecif,0.0
configura,0.0
bartel,0.0
wageoff,0.0
wvl,0.0
gynecolog,0.0
ambulatori,0.0
xaz,0.0
xjs,0.0
arthriti,0.0
microeconometr,0.0
manyperson,0.0
renal,0.0
damon,0.0
fourfactor,0.0
underinsur,0.0
nasdaq,0.0
zscore,0.0
aspen,0.0
selfrat,0.0
coronari,0.0
fetus,0.0
zjs,0.0
hzi,0.0
subutil,0.0
npx,0.0
pxo,0.0
xui,0.0
hatta,0.0
yrjo,0.0
nso,0.0
jahnsson,0.0
dbi,0.0
stigum,0.0
ixe,0.0
lnn,0.0
ueu,0.0
mmc,0.0
xdf,0.0
matchspecif,0.0
xiyi,0.0
rft,0.0
ucj,0.0
zst,0.0
ezt,0.0
uxt,0.0
koi,0.0
eln,0.0
tft,0.0
andb,0.0
perceptu,0.0
eylx,0.0
expt,0.0
flg,0.0
jrt,0.0
continuoustim,0.0
covx,0.0
gyy,0.0
utct,0.0
utc,0.0
jzt,0.0
frx,0.0
discretetim,0.0
ohta,0.0
tdl,0.0
rnx,0.0
wolinski,0.0
yfp,0.0
rdr,0.0
eed,0.0
retrad,0.0
edj,0.0
pdr,0.0
gti,0.0
xexp,0.0
expl,0.0
pkr,0.0
exitvoic,0.0
borja,0.0
cjo,0.0
noncoopera,0.0
fxo,0.0
akx,0.0
yli,0.0
aej,0.0
dsj,0.0
chetti,0.0
chf,0.0
fjo,0.0
mhi,0.0
yje,0.0
jix,0.0
flx,0.0
iqn,0.0
ahb,0.0
kkj,0.0
dqq,0.0
toulous,0.0
entrydeterr,0.0
ahl,0.0
lakonishok,0.0
grier,0.0
rcr,0.0
strickland,0.0
yfx,0.0
fmt,0.0
uxj,0.0
neurolog,0.0
delist,0.0
ttu,0.0
cfl,0.0
feo,0.0
dpe,0.0
dnp,0.0
npo,0.0
emf,0.0
chaney,0.0
timiz,0.0
roseackerman,0.0
domiz,0.0
debrief,0.0
firstserv,0.0
firstcom,0.0
lnl,0.0
arh,0.0
ineq,0.0
tpn,0.0
coral,0.0
ucn,0.0
efe,0.0
aee,0.0
vfc,0.0
fcn,0.0
jfc,0.0
varlog,0.0
kotz,0.0
gte,0.0
msi,0.0
poirier,0.0
ptm,0.0
rpn,0.0
rotter,0.0
esk,0.0
ferejohn,0.0
gelman,0.0
unbundl,0.0
qpp,0.0
fxr,0.0
kwoka,0.0
dxdx,0.0
distributionfre,0.0
arq,0.0
doj,0.0
ypix,0.0
erd,0.0
allison,0.0
hadar,0.0
hypergeometr,0.0
cdp,0.0
cpl,0.0
disney,0.0
awr,0.0
dzz,0.0
srr,0.0
stoker,0.0
wrp,0.0
kathi,0.0
olmstead,0.0
rwp,0.0
welfarereduc,0.0
xnp,0.0
fhs,0.0
blalock,0.0
hnl,0.0
nln,0.0
dns,0.0
pld,0.0
qpn,0.0
nbn,0.0
mnm,0.0
probi,0.0
uiu,0.0
ubu,0.0
mees,0.0
gewek,0.0
doserespons,0.0
quasiexperiment,0.0
yoi,0.0
xap,0.0
uju,0.0
statelevel,0.0
ixo,0.0
bub,0.0
statespecif,0.0
veiy,0.0
cdr,0.0
salemi,0.0
guilkey,0.0
toregress,0.0
wjk,0.0
foerder,0.0
xca,0.0
krr,0.0
lji,0.0
pnk,0.0
kadiyala,0.0
seriescross,0.0
koenker,0.0
lillard,0.0
lauri,0.0
gip,0.0
rdsale,0.0
tnn,0.0
tauchen,0.0
xpo,0.0
ypp,0.0
bno,0.0
mcadam,0.0
amean,0.0
yxp,0.0
mispredict,0.0
ypx,0.0
kroneck,0.0
welfaretheoret,0.0
apw,0.0
aoj,0.0
ykk,0.0
dwp,0.0
tou,0.0
scedast,0.0
onestandard,0.0
uhh,0.0
bridger,0.0
uaa,0.0
onestandarddevi,0.0
lpx,0.0
xxb,0.0
hxh,0.0
wlw,0.0
pkj,0.0
reddi,0.0
khi,0.0
tjj,0.0
wuw,0.0
vfv,0.0
reiss,0.0
rua,0.0
prb,0.0
ido,0.0
maxo,0.0
graff,0.0
holloway,0.0
futia,0.0
ivat,0.0
sten,0.0
doherti,0.0
repartit,0.0
dau,0.0
nextperiod,0.0
oiu,0.0
donn,0.0
partir,0.0
peuvent,0.0
seulement,0.0
mora,0.0
whittington,0.0
hyl,0.0
uyl,0.0
ptyt,0.0
fzl,0.0
cyl,0.0
dml,0.0
zzl,0.0
cji,0.0
ilh,0.0
pyh,0.0
ubc,0.0
observatori,0.0
viq,0.0
vxx,0.0
qdt,0.0
chacun,0.0
choix,0.0
itk,0.0
ftk,0.0
ailn,0.0
ciw,0.0
blackorbi,0.0
olc,0.0
illl,0.0
hls,0.0
ijn,0.0
siq,0.0
roa,0.0
ejp,0.0
vtr,0.0
fts,0.0
subgradi,0.0
piecewiselinear,0.0
qai,0.0
shephard,0.0
qln,0.0
primont,0.0
nonhomothet,0.0
vincenzo,0.0
allenuzawa,0.0
lemploi,0.0
exempl,0.0
possibilit,0.0
alor,0.0
different,0.0
crossfirm,0.0
empl,0.0
chaqu,0.0
celui,0.0
meilleur,0.0
fudenberg,0.0
perfectinform,0.0
tirol,0.0
kauffman,0.0
cote,0.0
backup,0.0
visser,0.0
fkk,0.0
journlal,0.0
ich,0.0
passen,0.0
xpp,0.0
amex,0.0
yut,0.0
postsec,0.0
upland,0.0
boxpierc,0.0
autoregressivemov,0.0
nondevi,0.0
bji,0.0
halvorsen,0.0
pss,0.0
polemarchaki,0.0
nfirm,0.0
banach,0.0
rainer,0.0
nonzerosum,0.0
nplayer,0.0
uppercas,0.0
jil,0.0
glg,0.0
gig,0.0
aumann,0.0
linearquadrat,0.0
jiy,0.0
itq,0.0
amet,0.0
esr,0.0
vee,0.0
vqt,0.0
fxx,0.0
gxx,0.0
xpr,0.0
dtf,0.0
jjl,0.0
ambig,0.0
slovic,0.0
willingnesstopay,0.0
threepoint,0.0
subpopul,0.0
lte,0.0
xxj,0.0
tjx,0.0
cqt,0.0
etk,0.0
entrydet,0.0
forx,0.0
adr,0.0
dcx,0.0
nxx,0.0
vvs,0.0
fcar,0.0
hdt,0.0
thanksgiv,0.0
nhl,0.0
ltr,0.0
lgt,0.0
qat,0.0
xtk,0.0
scl,0.0
tnl,0.0
gaa,0.0
xot,0.0
yjl,0.0
serait,0.0
lyo,0.0
stp,0.0
eev,0.0
xlo,0.0
fax,0.0
quitter,0.0
vte,0.0
ntj,0.0
kar,0.0
gsia,0.0
yoav,0.0
wdw,0.0
eyj,0.0
dph,0.0
mercier,0.0
beller,0.0
basecas,0.0
oih,0.0
neonat,0.0
pediatr,0.0
hmos,0.0
widowhood,0.0
mcclure,0.0
coinsur,0.0
respiratori,0.0
cna,0.0
saling,0.0
lasall,0.0
lowri,0.0
riskspread,0.0
doan,0.0
exh,0.0
aru,0.0
piz,0.0
piv,0.0
tild,0.0
ncj,0.0
bml,0.0
mckinsey,0.0
erratum,0.0
smt,0.0
naic,0.0
evl,0.0
eul,0.0
pvv,0.0
euu,0.0
polinski,0.0
nonsynchron,0.0
glazer,0.0
uncensor,0.0
quiz,0.0
fxf,0.0
hml,0.0
cxxi,0.0
fkx,0.0
merten,0.0
xja,0.0
moll,0.0
rjx,0.0
mcdowel,0.0
rxp,0.0
johnsen,0.0
ndc,0.0
rje,0.0
fxn,0.0
qim,0.0
abigail,0.0
nombr,0.0
mayshar,0.0
eld,0.0
probabilit,0.0
jeu,0.0
evp,0.0
lineair,0.0
enfin,0.0
ethnograph,0.0
eup,0.0
fresno,0.0
aaq,0.0
sumit,0.0
pca,0.0
graciela,0.0
pfn,0.0
dxdp,0.0
ilp,0.0
ylp,0.0
macurdi,0.0
expectedutil,0.0
gtr,0.0
necticut,0.0
rll,0.0
limr,0.0
dynamiqu,0.0
eor,0.0
lun,0.0
permet,0.0
wanger,0.0
plxl,0.0
atxt,0.0
chichilniski,0.0
qrr,0.0
rql,0.0
umt,0.0
umm,0.0
ffx,0.0
uox,0.0
marketlevel,0.0
esther,0.0
dxn,0.0
umi,0.0
igx,0.0
ymm,0.0
gabszewicz,0.0
lrb,0.0
ipr,0.0
joanna,0.0
maxj,0.0
pmx,0.0
venabl,0.0
tupl,0.0
bestrespons,0.0
ntupl,0.0
quantityset,0.0
uxx,0.0
pfx,0.0
wixi,0.0
hkl,0.0
gxj,0.0
rlk,0.0
postentri,0.0
haller,0.0
avinash,0.0
cql,0.0
paf,0.0
masanori,0.0
oaa,0.0
pankaj,0.0
amax,0.0
isp,0.0
npl,0.0
rnf,0.0
pns,0.0
scn,0.0
yel,0.0
rlc,0.0
reindex,0.0
tandon,0.0
ossa,0.0
reinganum,0.0
xal,0.0
propertyright,0.0
emj,0.0
ldt,0.0
pulmonari,0.0
pbp,0.0
qnn,0.0
ulj,0.0
dno,0.0
caq,0.0
yef,0.0
qno,0.0
xvalu,0.0
extremum,0.0
nzl,0.0
fnk,0.0
herb,0.0
nonvacu,0.0
ifz,0.0
thatf,0.0
vmi,0.0
experienceearn,0.0
pdo,0.0
stavro,0.0
kxl,0.0
ceq,0.0
gfi,0.0
jxt,0.0
npv,0.0
pfi,0.0
jkt,0.0
pvl,0.0
vnp,0.0
vyn,0.0
nyn,0.0
vtp,0.0
nhh,0.0
eiv,0.0
yarrow,0.0
dwyer,0.0
laitner,0.0
palfrey,0.0
eichenbaum,0.0
kydland,0.0
stateindepend,0.0
timeconsist,0.0
kline,0.0
aiyagari,0.0
timeinconsist,0.0
rih,0.0
warmer,0.0
fct,0.0
preemp,0.0
sandi,0.0
unfilt,0.0
multilevel,0.0
ukx,0.0
ptb,0.0
adf,0.0
gravita,0.0
maxx,0.0
evx,0.0
exn,0.0
rothschildstiglitz,0.0
euc,0.0
jrr,0.0
hierar,0.0
jackman,0.0
arrowpratt,0.0
woj,0.0
orj,0.0
letp,0.0
rrb,0.0
maxr,0.0
iul,0.0
maxt,0.0
aijt,0.0
bilinear,0.0
fahrenheit,0.0
wui,0.0
nonconcav,0.0
lognor,0.0
ulr,0.0
xjn,0.0
dxdi,0.0
vox,0.0
nxl,0.0
aup,0.0
tarski,0.0
qpq,0.0
paxson,0.0
htp,0.0
afb,0.0
irz,0.0
pdd,0.0
evv,0.0
lazear,0.0
champ,0.0
apf,0.0
defaultfre,0.0
beata,0.0
eyd,0.0
izl,0.0
dfp,0.0
ffe,0.0
ilv,0.0
xand,0.0
trx,0.0
popi,0.0
ecr,0.0
letf,0.0
kappa,0.0
trc,0.0
hakansson,0.0
zfz,0.0
oneparamet,0.0
pqa,0.0
lhpital,0.0
vpo,0.0
htj,0.0
ucq,0.0
allp,0.0
usborn,0.0
nht,0.0
zmi,0.0
maureen,0.0
ytz,0.0
hps,0.0
oxj,0.0
amb,0.0
prz,0.0
yml,0.0
uyi,0.0
transvers,0.0
ptj,0.0
rawl,0.0
maxmin,0.0
investmentcapit,0.0
rud,0.0
omt,0.0
eoa,0.0
dvx,0.0
dsl,0.0
zar,0.0
costfunct,0.0
oaj,0.0
pkpk,0.0
plpl,0.0
mjl,0.0
oai,0.0
ckl,0.0
boylan,0.0
seth,0.0
ibbotson,0.0
ypi,0.0
xpz,0.0
highvari,0.0
vth,0.0
xai,0.0
gete,0.0
cqj,0.0
eet,0.0
uic,0.0
uib,0.0
cove,0.0
aem,0.0
ula,0.0
thr,0.0
hurwitz,0.0
herstein,0.0
fournal,0.0
lhomm,0.0
rationnel,0.0
murdoch,0.0
laval,0.0
meanstandard,0.0
cqp,0.0
fjj,0.0
undercapit,0.0
andfi,0.0
byl,0.0
lhl,0.0
plz,0.0
fydi,0.0
yaj,0.0
pazner,0.0
mnp,0.0
varq,0.0
qml,0.0
emitt,0.0
mauro,0.0
qjp,0.0
nosal,0.0
rietz,0.0
zif,0.0
productspecif,0.0
expa,0.0
aep,0.0
dwl,0.0
ptk,0.0
tih,0.0
tjk,0.0
cxp,0.0
vyx,0.0
wib,0.0
fkc,0.0
bpl,0.0
rjl,0.0
wtk,0.0
pjl,0.0
traf,0.0
xfo,0.0
ytj,0.0
cft,0.0
nta,0.0
markettobook,0.0
eyit,0.0
haldan,0.0
xex,0.0
pex,0.0
easley,0.0
truthtel,0.0
onestep,0.0
myerson,0.0
adverseselect,0.0
holmstrm,0.0
bayesiannash,0.0
xpj,0.0
omo,0.0
picard,0.0
arf,0.0
nrm,0.0
rmn,0.0
amix,0.0
taxdef,0.0
nmn,0.0
vxl,0.0
mdimension,0.0
aeu,0.0
ssj,0.0
niemi,0.0
ographi,0.0
woodland,0.0
qmax,0.0
laz,0.0
afq,0.0
iwl,0.0
raven,0.0
ltt,0.0
poe,0.0
faf,0.0
badi,0.0
mct,0.0
etat,0.0
lapplic,0.0
typej,0.0
viw,0.0
intrin,0.0
fef,0.0
worral,0.0
kearney,0.0
conditioni,0.0
thorsten,0.0
gel,0.0
xfa,0.0
narasimhan,0.0
lumsden,0.0
elw,0.0
hak,0.0
wtv,0.0
tkk,0.0
xka,0.0
constantsum,0.0
jonah,0.0
nongradu,0.0
velasco,0.0
nonseri,0.0
orh,0.0
uan,0.0
gustafsson,0.0
pereira,0.0
iza,0.0
upc,0.0
bwo,0.0
mccurdi,0.0
sorin,0.0
aldi,0.0
felter,0.0
kre,0.0
eand,0.0
csx,0.0
xgx,0.0
elog,0.0
jtest,0.0
uhi,0.0
olkin,0.0
lebow,0.0
rfa,0.0
bettina,0.0
francesca,0.0
qaq,0.0
jdi,0.0
hvi,0.0
xzz,0.0
nontransit,0.0
pje,0.0
vvv,0.0
ykx,0.0
eja,0.0
yye,0.0
vct,0.0
lungfei,0.0
iila,0.0
pdj,0.0
denis,0.0
tkx,0.0
bottomup,0.0
pdn,0.0
kenkel,0.0
xei,0.0
ujp,0.0
mura,0.0
ntc,0.0
supi,0.0
wfi,0.0
xsn,0.0
wot,0.0
dijk,0.0
matia,0.0
carneiro,0.0
kogan,0.0
sgi,0.0
fmx,0.0
jlx,0.0
jesper,0.0
hah,0.0
tmm,0.0
eba,0.0
kmn,0.0
nib,0.0
logz,0.0
zkt,0.0
fbp,0.0
ccz,0.0
acz,0.0
vkv,0.0
granular,0.0
ellipsoid,0.0
xko,0.0
yth,0.0
typea,0.0
rff,0.0
unempl,0.0
dhs,0.0
bsj,0.0
francin,0.0
yeart,0.0
pbo,0.0
ivalu,0.0
limf,0.0
lej,0.0
mlh,0.0
eigenvector,0.0
ytxt,0.0
scj,0.0
permu,0.0
ykj,0.0
aoao,0.0
dlo,0.0
jarrel,0.0
kenichi,0.0
akira,0.0
jst,0.0
aqp,0.0
pjp,0.0
hausmann,0.0
nondiagon,0.0
pbk,0.0
iyl,0.0
nga,0.0
piet,0.0
tln,0.0
nongroup,0.0
ifxi,0.0
lecam,0.0
browser,0.0
ermisch,0.0
gtl,0.0
rfe,0.0
wegg,0.0
xnk,0.0
dbt,0.0
xxs,0.0
nbi,0.0
ajb,0.0
vux,0.0
jehiel,0.0
abilist,0.0
ctf,0.0
mlrp,0.0
vus,0.0
ywt,0.0
maxh,0.0
piyi,0.0
uscanadian,0.0
mahlon,0.0
ibt,0.0
fja,0.0
closed,0.0
waj,0.0
contraposit,0.0
xsx,0.0
hlx,0.0
fbx,0.0
gyi,0.0
faz,0.0
ynx,0.0
supo,0.0
mjj,0.0
subcoalit,0.0
mxm,0.0
parentchild,0.0
mendoza,0.0
ashen,0.0
dht,0.0
palumbo,0.0
vfo,0.0
hellerstein,0.0
tobi,0.0
akc,0.0
ttb,0.0
ytb,0.0
cjp,0.0
pbj,0.0
kpj,0.0
upx,0.0
hjx,0.0
patric,0.0
ufo,0.0
effecr,0.0
goa,0.0
mig,0.0
itam,0.0
wao,0.0
lentz,0.0
ies,0.0
dgj,0.0
xiw,0.0
ycl,0.0
qfx,0.0
cfp,0.0
firststag,0.0
wnk,0.0
uxn,0.0
duj,0.0
rbc,0.0
abab,0.0
vlk,0.0
fgx,0.0
hxi,0.0
feasibil,0.0
hti,0.0
propaga,0.0
maggi,0.0
fna,0.0
fjn,0.0
pnx,0.0
hessel,0.0
costeffici,0.0
awj,0.0
xtb,0.0
firmwork,0.0
ocm,0.0
vov,0.0
fqo,0.0
llp,0.0
sugden,0.0
giavazzi,0.0
pnv,0.0
ibj,0.0
pkxk,0.0
mzi,0.0
zji,0.0
cpk,0.0
ujr,0.0
allf,0.0
kjk,0.0
xwl,0.0
yxz,0.0
topol,0.0
ypz,0.0
yiz,0.0
djx,0.0
ziy,0.0
fwr,0.0
riu,0.0
wellidentifi,0.0
highestrank,0.0
lowestrank,0.0
voln,0.0
rpe,0.0
ofv,0.0
califomia,0.0
lena,0.0
lnk,0.0
xhx,0.0
twoarm,0.0
brn,0.0
vlb,0.0
onj,0.0
lrj,0.0
cuc,0.0
glenview,0.0
avl,0.0
hwi,0.0
plg,0.0
gib,0.0
wsl,0.0
felli,0.0
vsk,0.0
hanno,0.0
loh,0.0
aaz,0.0
embod,0.0
mehmet,0.0
nament,0.0
afp,0.0
nqi,0.0
flh,0.0
gjk,0.0
ghk,0.0
aqk,0.0
notate,0.0
xfor,0.0
sijt,0.0
jeanmari,0.0
weisbach,0.0
ramey,0.0
einhorn,0.0
psj,0.0
llh,0.0
ahh,0.0
logg,0.0
emx,0.0
nontarget,0.0
sunstein,0.0
mxn,0.0
esf,0.0
nvector,0.0
rjs,0.0
woa,0.0
ivj,0.0
prosoci,0.0
csj,0.0
jacquelin,0.0
hph,0.0
cohabit,0.0
ocu,0.0
milnor,0.0
bmm,0.0
dko,0.0
cmm,0.0
spier,0.0
myo,0.0
weigelt,0.0
rpa,0.0
gome,0.0
zpi,0.0
zta,0.0
mohammad,0.0
mpa,0.0
kara,0.0
rosengren,0.0
burbidg,0.0
ffc,0.0
opc,0.0
palma,0.0
vps,0.0
tzl,0.0
ctp,0.0
neurobiolog,0.0
supergam,0.0
srivastava,0.0
uhlig,0.0
wlog,0.0
alaa,0.0
rsk,0.0
naturalr,0.0
dertouzo,0.0
emerald,0.0
flz,0.0
delong,0.0
uro,0.0
gts,0.0
gomm,0.0
xlu,0.0
ifd,0.0
sra,0.0
gali,0.0
laborincom,0.0
moulin,0.0
similars,0.0
utilityposs,0.0
willen,0.0
mbius,0.0
cpq,0.0
timelin,0.0
bjb,0.0
lail,0.0
vof,0.0
uiy,0.0
nonintersect,0.0
oph,0.0
izt,0.0
otx,0.0
otb,0.0
lochner,0.0
pappa,0.0
aiq,0.0
functionalform,0.0
hisher,0.0
plj,0.0
arit,0.0
jjr,0.0
wfw,0.0
ntf,0.0
ivl,0.0
ozt,0.0
jhi,0.0
ttv,0.0
oql,0.0
ovt,0.0
klem,0.0
vcx,0.0
jae,0.0
bbs,0.0
llz,0.0
openloop,0.0
pjq,0.0
pqr,0.0
lgi,0.0
dlk,0.0
daz,0.0
ije,0.0
wnl,0.0
ypa,0.0
amam,0.0
subjectto,0.0
eha,0.0
fqx,0.0
fabrizio,0.0
vop,0.0
tbl,0.0
hanm,0.0
rlm,0.0
ifk,0.0
matthia,0.0
jfk,0.0
elz,0.0
nwi,0.0
ofe,0.0
ijm,0.0
qfn,0.0
diener,0.0
ajai,0.0
vkl,0.0
moa,0.0
qbt,0.0
qhi,0.0
nkn,0.0
minkowski,0.0
tua,0.0
gartner,0.0
clementi,0.0
fearon,0.0
alpt,0.0
rgr,0.0
innerc,0.0
alwyn,0.0
etu,0.0
shirker,0.0
nnj,0.0
nca,0.0
ucw,0.0
jlk,0.0
rwa,0.0
njk,0.0
cjj,0.0
voj,0.0
nlm,0.0
whl,0.0
dnj,0.0
nfi,0.0
njj,0.0
rbt,0.0
mbs,0.0
olg,0.0
eox,0.0
ocb,0.0
iap,0.0
mailath,0.0
jordi,0.0
jaap,0.0
aart,0.0
uxu,0.0
dhx,0.0
markovian,0.0
isx,0.0
dfu,0.0
hao,0.0
singlecountri,0.0
lipschitz,0.0
html,0.0
afn,0.0
hidalgo,0.0
reichlin,0.0
huff,0.0
grosskopf,0.0
bram,0.0
ikr,0.0
donic,0.0
wetland,0.0
rwr,0.0
gurion,0.0
erikson,0.0
tzz,0.0
ehi,0.0
fsp,0.0
klog,0.0
fpf,0.0
unord,0.0
rtj,0.0
zlb,0.0
eyix,0.0
lkt,0.0
yro,0.0
kax,0.0
cortex,0.0
groupwis,0.0
habitform,0.0
antr,0.0
genotyp,0.0
lpk,0.0
lrl,0.0
rga,0.0
vna,0.0
srk,0.0
brr,0.0
jian,0.0
pharmacolog,0.0
kyd,0.0
kreiner,0.0
nonpara,0.0
ffn,0.0
uiditi,0.0
nbc,0.0
iliari,0.0
torben,0.0
coint,0.0
ingrid,0.0
sylvain,0.0
cockburn,0.0
covar,0.0
klx,0.0
paj,0.0
mpn,0.0
cej,0.0
matti,0.0
trb,0.0
veronica,0.0
babbl,0.0
aev,0.0
rtkt,0.0
zpz,0.0
duf,0.0
broca,0.0
fex,0.0
oioi,0.0
orderpreserv,0.0
eap,0.0
iae,0.0
efx,0.0
iliti,0.0
zizi,0.0
viy,0.0
aig,0.0
xoj,0.0
varo,0.0
wakker,0.0
puj,0.0
zpt,0.0
aeit,0.0
etwt,0.0
lowtyp,0.0
wsj,0.0
sjl,0.0
esj,0.0
ivx,0.0
exj,0.0
pjs,0.0
xjc,0.0
xkj,0.0
ulp,0.0
xrj,0.0
onon,0.0
cocain,0.0
nna,0.0
symmet,0.0
hyi,0.0
rcp,0.0
formbi,0.0
sefton,0.0
holzer,0.0
oht,0.0
caw,0.0
waggon,0.0
bic,0.0
vlx,0.0
kati,0.0
urt,0.0
whin,0.0
legro,0.0
flf,0.0
otp,0.0
vva,0.0
nrs,0.0
izn,0.0
aeh,0.0
awm,0.0
fung,0.0
handshak,0.0
diarrhea,0.0
giancarlo,0.0
ruud,0.0
dwm,0.0
rcc,0.0
efg,0.0
asymm,0.0
nlf,0.0
mortgageback,0.0
gwt,0.0
gmi,0.0
wvt,0.0
fjf,0.0
ilit,0.0
nnx,0.0
kna,0.0
viic,0.0
qrl,0.0
etdt,0.0
pbt,0.0
groupbas,0.0
dwr,0.0
diago,0.0
ejr,0.0
eih,0.0
landier,0.0
unforecast,0.0
underprovid,0.0
ijb,0.0
tradeinduc,0.0
individualspecif,0.0
sichel,0.0
suchthat,0.0
baier,0.0
noa,0.0
uja,0.0
slm,0.0
zkl,0.0
bth,0.0
abadi,0.0
baj,0.0
gonzalo,0.0
wiederholt,0.0
cabral,0.0
modular,0.0
dqn,0.0
wellner,0.0
ullah,0.0
ptit,0.0
jtf,0.0
mccubbin,0.0
hendri,0.0
ycr,0.0
idc,0.0
duca,0.0
quah,0.0
gabriell,0.0
marcia,0.0
henriqu,0.0
xki,0.0
vjx,0.0
gjl,0.0
afinit,0.0
mfi,0.0
vyj,0.0
vlj,0.0
kck,0.0
axw,0.0
encuesta,0.0
xcc,0.0
ycc,0.0
bayess,0.0
nlj,0.0
eol,0.0
limto,0.0
jvi,0.0
ebay,0.0
errorridden,0.0
stata,0.0
atz,0.0
fipi,0.0
rkk,0.0
mhz,0.0
bma,0.0
lilil,0.0
fvx,0.0
vxa,0.0
kristen,0.0
opx,0.0
iej,0.0
jmi,0.0
gcl,0.0
ocn,0.0
owo,0.0
vfi,0.0
gatekeep,0.0
antisymmetr,0.0
centrist,0.0
knl,0.0
gmo,0.0
birkhaus,0.0
ntm,0.0
slc,0.0
ecj,0.0
blj,0.0
flv,0.0
vko,0.0
cramerrao,0.0
bkj,0.0
wss,0.0
nns,0.0
jxx,0.0
jjx,0.0
smn,0.0
asv,0.0
niederl,0.0
srp,0.0
kau,0.0
blumstein,0.0
tjt,0.0
trh,0.0
poz,0.0
jjs,0.0
sws,0.0
perperiod,0.0
yaf,0.0
secondlowest,0.0
mab,0.0
maxk,0.0
yitl,0.0
ipv,0.0
yim,0.0
vtu,0.0
cht,0.0
leftsid,0.0
ktx,0.0
commonproperti,0.0
gever,0.0
intu,0.0
majumdar,0.0
jol,0.0
nondegener,0.0
noninvert,0.0
eiz,0.0
vtvt,0.0
xzt,0.0
alessandria,0.0
urzua,0.0
lechner,0.0
rtest,0.0
atg,0.0
ofthat,0.0
lach,0.0
rcn,0.0
infiniteliv,0.0
fhx,0.0
gkx,0.0
unpack,0.0
singlemarket,0.0
robyn,0.0
johannesson,0.0
tsl,0.0
djo,0.0
zez,0.0
caplin,0.0
ftw,0.0
wft,0.0
bleakley,0.0
cason,0.0
vam,0.0
alz,0.0
wtx,0.0
llk,0.0
lds,0.0
canova,0.0
youn,0.0
uae,0.0
ipb,0.0
nbt,0.0
onment,0.0
acit,0.0
mzt,0.0
zat,0.0
utilitymaximis,0.0
udu,0.0
fuc,0.0
supa,0.0
uga,0.0
dtz,0.0
iqk,0.0
wjo,0.0
dlf,0.0
dma,0.0
rxa,0.0
bzt,0.0
nok,0.0
ltj,0.0
kiw,0.0
lcr,0.0
tecnologia,0.0
uxl,0.0
wml,0.0
kubler,0.0
jto,0.0
znn,0.0
pvx,0.0
vkn,0.0
yop,0.0
fxz,0.0
ttj,0.0
pyx,0.0
zaz,0.0
chur,0.0
frederico,0.0
tatiana,0.0
ayti,0.0
xtu,0.0
hxt,0.0
welfarist,0.0
mcmc,0.0
uao,0.0
iaj,0.0
antra,0.0
ftq,0.0
xar,0.0
kzi,0.0
ltn,0.0
pkl,0.0
jmt,0.0
wpp,0.0
nonadjac,0.0
ralf,0.0
mizon,0.0
lebaron,0.0
astreint,0.0
mxt,0.0
mlx,0.0
qtp,0.0
gfx,0.0
finitevalu,0.0
yxj,0.0
dfv,0.0
hxl,0.0
kif,0.0
inft,0.0
supremum,0.0
uyj,0.0
htx,0.0
xlxl,0.0
rtu,0.0
frechett,0.0
kori,0.0
dxf,0.0
idimension,0.0
pledgeabl,0.0
xjm,0.0
tlog,0.0
tijt,0.0
cpv,0.0
nonmov,0.0
rxs,0.0
kkn,0.0
vev,0.0
rema,0.0
uoa,0.0
fdf,0.0
jackknif,0.0
estmat,0.0
conta,0.0
vma,0.0
ulb,0.0
cpx,0.0
circumflex,0.0
chinn,0.0
byf,0.0
jll,0.0
preex,0.0
icj,0.0
greenhalgh,0.0
ontim,0.0
mlj,0.0
jakub,0.0
xyy,0.0
afx,0.0
functionf,0.0
coarsen,0.0
cwp,0.0
iux,0.0
unscal,0.0
bartl,0.0
noninferior,0.0
farka,0.0
jlj,0.0
uvi,0.0
dwe,0.0
uca,0.0
postelect,0.0
ingemar,0.0
lbb,0.0
summabl,0.0
uab,0.0
crv,0.0
eyp,0.0
astatist,0.0
feddersen,0.0
ausubel,0.0
fyn,0.0
avp,0.0
hch,0.0
msas,0.0
jvt,0.0
eyn,0.0
ecoj,0.0
boursier,0.0
chiara,0.0
intrahousehold,0.0
okk,0.0
yiw,0.0
hlh,0.0
ulx,0.0
xrp,0.0
dgr,0.0
zfi,0.0
fivepoint,0.0
taxpric,0.0
qlx,0.0
fce,0.0
gci,0.0
harbaugh,0.0
mauricio,0.0
hassett,0.0
feigenbaum,0.0
rva,0.0
cmr,0.0
fxe,0.0
xaj,0.0
xaf,0.0
eqj,0.0
hnd,0.0
kakutani,0.0
likelihoodratio,0.0
endofquart,0.0
psk,0.0
guner,0.0
qel,0.0
miao,0.0
plantyear,0.0
eaa,0.0
dta,0.0
lxa,0.0
reachabl,0.0
policyj,0.0
viswanathan,0.0
eist,0.0
hul,0.0
vvn,0.0
gtx,0.0
tvi,0.0
aow,0.0
qcq,0.0
disabil,0.0
keogh,0.0
gta,0.0
hbt,0.0
sht,0.0
quartic,0.0
meanvalu,0.0
vkk,0.0
ueda,0.0
pxk,0.0
wce,0.0
efj,0.0
dashdot,0.0
scientiarum,0.0
bkl,0.0
jln,0.0
nao,0.0
xijt,0.0
plim,0.0
ejx,0.0
plimn,0.0
xtp,0.0
etn,0.0
nzn,0.0
eeit,0.0
vut,0.0
assetpric,0.0
lpm,0.0
xte,0.0
brookshir,0.0
parsley,0.0
receptor,0.0
atq,0.0
tilli,0.0
enrolle,0.0
bnt,0.0
ejn,0.0
vrp,0.0
fnt,0.0
pwo,0.0
uia,0.0
jwj,0.0
blyt,0.0
equilbrium,0.0
huizinga,0.0
tuct,0.0
vzt,0.0
efp,0.0
vca,0.0
noland,0.0
funder,0.0
vtk,0.0
vrx,0.0
rsj,0.0
infiniteord,0.0
vsj,0.0
hanan,0.0
fyf,0.0
svt,0.0
pys,0.0
corrigendum,0.0
eun,0.0
elq,0.0
pzx,0.0
whitenonwhit,0.0
sbi,0.0
takeup,0.0
onf,0.0
lsa,0.0
montalvo,0.0
anan,0.0
zzzz,0.0
veronesi,0.0
umr,0.0
beran,0.0
ljx,0.0
publicus,0.0
ikj,0.0
gainloss,0.0
cnr,0.0
motta,0.0
ega,0.0
nontrend,0.0
nonsta,0.0
winkelmann,0.0
nonstud,0.0
pfl,0.0
satchel,0.0
djibouti,0.0
avv,0.0
tomasz,0.0
laroqu,0.0
stron,0.0
murakami,0.0
libor,0.0
burkart,0.0
vcc,0.0
yxa,0.0
sse,0.0
ojn,0.0
ufc,0.0
empathi,0.0
wiq,0.0
kko,0.0
yemen,0.0
lya,0.0
zet,0.0
pjb,0.0
mpk,0.0
opl,0.0
esteban,0.0
gha,0.0
highord,0.0
quasilinear,0.0
alastair,0.0
wmi,0.0
ashraf,0.0
tlm,0.0
crm,0.0
azk,0.0
iko,0.0
cijt,0.0
wko,0.0
eml,0.0
erw,0.0
ajxj,0.0
llv,0.0
wnn,0.0
overiden,0.0
dlc,0.0
vjs,0.0
flb,0.0
snt,0.0
dearden,0.0
znl,0.0
mwi,0.0
reentrant,0.0
nonsouth,0.0
ssw,0.0
hox,0.0
laitin,0.0
pxa,0.0
sapienza,0.0
znt,0.0
jobfind,0.0
nontreat,0.0
bickel,0.0
wdi,0.0
ieq,0.0
eaz,0.0
florencio,0.0
allx,0.0
jax,0.0
laboreconom,0.0
dfc,0.0
dmt,0.0
gmt,0.0
terminist,0.0
gsj,0.0
jeanpaul,0.0
uex,0.0
emnment,0.0
lapan,0.0
busto,0.0
voa,0.0
howitt,0.0
anscomb,0.0
fsu,0.0
vrl,0.0
hfi,0.0
rch,0.0
clb,0.0
vtx,0.0
zzt,0.0
wiwi,0.0
metriz,0.0
vsl,0.0
pitl,0.0
utb,0.0
wtm,0.0
prw,0.0
agx,0.0
atm,0.0
mantel,0.0
fertig,0.0
lowenstein,0.0
gerardo,0.0
kle,0.0
tepper,0.0
bianchi,0.0
harrigan,0.0
dce,0.0
heather,0.0
leung,0.0
gomez,0.0
hoel,0.0
tsf,0.0
rangel,0.0
vila,0.0
riker,0.0
schur,0.0
universiteit,0.0
manski,0.0
arw,0.0
zorn,0.0
schaffer,0.0
correia,0.0
siegelman,0.0
upr,0.0
guelph,0.0
info,0.0
rrm,0.0
bertola,0.0
fec,0.0
eisenberg,0.0
fso,0.0
sharma,0.0
gif,0.0
samoa,0.0
wrs,0.0
dordrecht,0.0
praag,0.0
mariano,0.0
rav,0.0
dza,0.0
hau,0.0
puy,0.0
taub,0.0
micromot,0.0
fem,0.0
moreno,0.0
bosnia,0.0
ubo,0.0
gervai,0.0
kln,0.0
zoe,0.0
aex,0.0
lxn,0.0
aku,0.0
axv,0.0
ksi,0.0
schramm,0.0
looney,0.0
rivera,0.0
kleven,0.0
olken,0.0
gertler,0.0
pob,0.0
karp,0.0
abreu,0.0
kugler,0.0
voe,0.0
brouwer,0.0
klaassen,0.0
petrin,0.0
alet,0.0
vtf,0.0
gpa,0.0
pey,0.0
otj,0.0
oml,0.0
iuo,0.0
sass,0.0
mdm,0.0
poussin,0.0
fxp,0.0
topdown,0.0
radii,0.0
bht,0.0
kleindorf,0.0
vian,0.0
threegood,0.0
bca,0.0
yzi,0.0
aok,0.0
theres,0.0
nrt,0.0
gtj,0.0
coh,0.0
fourpoint,0.0
dcd,0.0
ufl,0.0
marino,0.0
twe,0.0
leining,0.0
fubini,0.0
mtr,0.0
zeroth,0.0
pxj,0.0
rso,0.0
alexandra,0.0
nob,0.0
seminair,0.0
pec,0.0
ilm,0.0
iki,0.0
kzt,0.0
fzt,0.0
squir,0.0
andersson,0.0
muench,0.0
cxc,0.0
lfl,0.0
xce,0.0
mses,0.0
pvj,0.0
borger,0.0
eijk,0.0
pollack,0.0
sct,0.0
drze,0.0
cnrs,0.0
kolm,0.0
resta,0.0
urib,0.0
wahlbeck,0.0
munro,0.0
hawkinssimon,0.0
littlechild,0.0
avx,0.0
swaziland,0.0
dina,0.0
campa,0.0
akak,0.0
fnn,0.0
otq,0.0
llw,0.0
fbt,0.0
sankar,0.0
uqi,0.0
dmo,0.0
abd,0.0
ddimension,0.0
xfr,0.0
xtd,0.0
ozi,0.0
yare,0.0
qpa,0.0
cournotnash,0.0
agraw,0.0
utilitybas,0.0
vto,0.0
mse,0.0
iaii,0.0
ncs,0.0
ordov,0.0
pjm,0.0
oay,0.0
usp,0.0
tzt,0.0
nxo,0.0
matricul,0.0
cfk,0.0
whe,0.0
tommaso,0.0
tmin,0.0
skl,0.0
cattaneo,0.0
wnt,0.0
alq,0.0
xan,0.0
jla,0.0
lfs,0.0
aqf,0.0
gvt,0.0
evn,0.0
qre,0.0
riemann,0.0
enp,0.0
yrr,0.0
ptdt,0.0
eaj,0.0
cce,0.0
loj,0.0
jaa,0.0
christo,0.0
hea,0.0
moretti,0.0
rudd,0.0
merlo,0.0
jwt,0.0
exu,0.0
tvt,0.0
wra,0.0
sxs,0.0
pwt,0.0
logm,0.0
iwt,0.0
vtz,0.0
pdimension,0.0
fata,0.0
aperiod,0.0
dnt,0.0
ymin,0.0
igal,0.0
sician,0.0
chica,0.0
yoe,0.0
kej,0.0
ymax,0.0
nonreligi,0.0
dnr,0.0
bss,0.0
hassler,0.0
dux,0.0
resp,0.0
sbs,0.0
mlb,0.0
glu,0.0
epw,0.0
aef,0.0
pnce,0.0
sfr,0.0
pqc,0.0
ilib,0.0
spq,0.0
nsa,0.0
tza,0.0
mbi,0.0
qix,0.0
jullien,0.0
lva,0.0
kilian,0.0
floren,0.0
saintpaul,0.0
nock,0.0
qnj,0.0
logn,0.0
vasco,0.0
caf,0.0
twoplay,0.0
drk,0.0
wlc,0.0
dtk,0.0
clcl,0.0
dax,0.0
selten,0.0
usd,0.0
chappel,0.0
carrel,0.0
plm,0.0
naf,0.0
iut,0.0
vigo,0.0
hossain,0.0
hyne,0.0
pharmacist,0.0
hernandez,0.0
simoni,0.0
ptx,0.0
gtk,0.0
ctk,0.0
pita,0.0
halfspac,0.0
epz,0.0
limt,0.0
halflin,0.0
btl,0.0
jat,0.0
grilli,0.0
fez,0.0
ltf,0.0
ying,0.0
yong,0.0
brandon,0.0
surplusmaxim,0.0
hendel,0.0
constrast,0.0
menus,0.0
matsui,0.0
nguyen,0.0
mulligan,0.0
amanda,0.0
elon,0.0
rucker,0.0
prakash,0.0
lkj,0.0
propper,0.0
cavanagh,0.0
kul,0.0
liz,0.0
fortin,0.0
whinston,0.0
pke,0.0
blanco,0.0
joon,0.0
giovannini,0.0
berthold,0.0
lorenzoni,0.0
fuster,0.0
bingley,0.0
sfl,0.0
ipz,0.0
twomemb,0.0
xmj,0.0
lfi,0.0
ndp,0.0
dxk,0.0
mariotti,0.0
enz,0.0
kihlstrom,0.0
fdistribut,0.0
ezl,0.0
xkp,0.0
rht,0.0
nonnul,0.0
rhh,0.0
dgo,0.0
petra,0.0
ipw,0.0
elain,0.0
pvt,0.0
pye,0.0
tiabil,0.0
xid,0.0
vui,0.0
nagi,0.0
rebecca,0.0
natali,0.0
singa,0.0
keeney,0.0
crosscorrel,0.0
carruth,0.0
etlt,0.0
sibley,0.0
aini,0.0
wieland,0.0
serra,0.0
schofield,0.0
offlin,0.0
vno,0.0
dmn,0.0
yja,0.0
eej,0.0
rfo,0.0
vogel,0.0
pzp,0.0
xlf,0.0
afo,0.0
hix,0.0
ackerman,0.0
qff,0.0
lossmak,0.0
yjo,0.0
mik,0.0
dfs,0.0
ofu,0.0
nonidentifi,0.0
dxo,0.0
trivari,0.0
fzf,0.0
evf,0.0
ahr,0.0
wlf,0.0
kcl,0.0
aoh,0.0
ejf,0.0
ojk,0.0
postmultipli,0.0
alal,0.0
cka,0.0
pxf,0.0
www,0.0
dissembl,0.0
uap,0.0
yui,0.0
xwi,0.0
bahadur,0.0
ziemba,0.0
slx,0.0
drr,0.0
cooter,0.0
hogarth,0.0
wta,0.0
jca,0.0
perron,0.0
michl,0.0
pgs,0.0
visscher,0.0
stapleton,0.0
biy,0.0
sengupta,0.0
hiv,0.0
qtk,0.0
brett,0.0
bonferroni,0.0
rull,0.0
hoh,0.0
sml,0.0
hri,0.0
zeckhaus,0.0
mackinnon,0.0
nikaido,0.0
kopp,0.0
neilson,0.0
ebl,0.0
cak,0.0
maskin,0.0
sauer,0.0
panzar,0.0
wessel,0.0
zandt,0.0
kristensen,0.0
nonmigr,0.0
zts,0.0
nonidentif,0.0
quigley,0.0
magat,0.0
hightyp,0.0
osk,0.0
kuttner,0.0
perl,0.0
schuh,0.0
pls,0.0
osc,0.0
siniscalchi,0.0
mmm,0.0
viscusi,0.0
nonexi,0.0
ignatius,0.0
kolstad,0.0
tmt,0.0
jstatist,0.0
cae,0.0
dalgaard,0.0
malcomson,0.0
goff,0.0
macbeth,0.0
demandformoney,0.0
drn,0.0
tschirhart,0.0
tilburg,0.0
accra,0.0
donohu,0.0
broda,0.0
fama,0.0
etp,0.0
uixi,0.0
aixt,0.0
ujx,0.0
rhi,0.0
xhi,0.0
aipi,0.0
ajx,0.0
motti,0.0
bounded,0.0
sej,0.0
yfn,0.0
yhi,0.0
eequilibrium,0.0
limm,0.0
eighthgrad,0.0
fischel,0.0
moen,0.0
slop,0.0
zki,0.0
sek,0.0
xtq,0.0
rlp,0.0
pev,0.0
vou,0.0
guth,0.0
simonson,0.0
philipson,0.0
pdx,0.0
mirrorimag,0.0
asthma,0.0
oqi,0.0
dolan,0.0
alexei,0.0
iour,0.0
miiller,0.0
yue,0.0
siebert,0.0
chatterje,0.0
mahajan,0.0
hornbeck,0.0
hno,0.0
fji,0.0
vinod,0.0
grg,0.0
bdb,0.0
qfa,0.0
ldl,0.0
kullback,0.0
sacerdot,0.0
onp,0.0
xgi,0.0
huw,0.0
galf,0.0
lvl,0.0
obl,0.0
mnl,0.0
ceta,0.0
laurier,0.0
nondictatorship,0.0
avn,0.0
typei,0.0
budish,0.0
joachim,0.0
lhi,0.0
dessein,0.0
puisqu,0.0
schankerman,0.0
rocco,0.0
heh,0.0
vka,0.0
symon,0.0
jansson,0.0
serrano,0.0
wheaton,0.0
canic,0.0
ulrich,0.0
lmo,0.0
limo,0.0
svi,0.0
refram,0.0
suzuki,0.0
amano,0.0
emmerson,0.0
nkl,0.0
lff,0.0
steffen,0.0
rms,0.0
monterey,0.0
sebastian,0.0
kling,0.0
finitesim,0.0
qiqi,0.0
ejj,0.0
crossderiv,0.0
magnus,0.0
stk,0.0
neural,0.0
yiti,0.0
lki,0.0
automata,0.0
txj,0.0
tiao,0.0
rfor,0.0
sticker,0.0
qbi,0.0
dao,0.0
waldmann,0.0
lts,0.0
iiif,0.0
flam,0.0
hussein,0.0
ljt,0.0
feyrer,0.0
basqu,0.0
xsa,0.0
xra,0.0
utp,0.0
axm,0.0
qao,0.0
econometnica,0.0
hax,0.0
vmm,0.0
outper,0.0
stakehold,0.0
noneduc,0.0
fah,0.0
huberman,0.0
vtv,0.0
plh,0.0
spf,0.0
quantityweight,0.0
qjq,0.0
rlog,0.0
wow,0.0
arlen,0.0
tpa,0.0
cdm,0.0
vind,0.0
norwel,0.0
zaa,0.0
kun,0.0
nehr,0.0
onestag,0.0
pch,0.0
fondazion,0.0
taw,0.0
grc,0.0
krantz,0.0
scheinkman,0.0
gct,0.0
ncc,0.0
ayh,0.0
dwt,0.0
sdx,0.0
xnx,0.0
uee,0.0
mxl,0.0
wmw,0.0
curtin,0.0
faso,0.0
idw,0.0
atif,0.0
choi,0.0
oka,0.0
standarddevi,0.0
eari,0.0
hiy,0.0
sih,0.0
agei,0.0
hjs,0.0
kapteyn,0.0
opn,0.0
copula,0.0
fvs,0.0
helli,0.0
prv,0.0
neumey,0.0
sevenpoint,0.0
thierri,0.0
ztr,0.0
tjl,0.0
bap,0.0
lkl,0.0
pva,0.0
dkk,0.0
florian,0.0
jtj,0.0
biai,0.0
prf,0.0
fya,0.0
ejo,0.0
universitt,0.0
aum,0.0
spes,0.0
fabio,0.0
rigobon,0.0
egocentr,0.0
elc,0.0
tonn,0.0
oae,0.0
jed,0.0
asd,0.0
adrien,0.0
lqi,0.0
jrs,0.0
njn,0.0
pricediscrimin,0.0
liebman,0.0
covi,0.0
gothenburg,0.0
koa,0.0
styt,0.0
jcl,0.0
gubernatori,0.0
jfo,0.0
gtp,0.0
okj,0.0
gosl,0.0
urx,0.0
otm,0.0
pxpx,0.0
mkl,0.0
tvc,0.0
tara,0.0
severin,0.0
highestqu,0.0
estimand,0.0
mclennan,0.0
perk,0.0
nagin,0.0
reuiew,0.0
sfi,0.0
sfp,0.0
blr,0.0
sgp,0.0
gunderson,0.0
inou,0.0
bonni,0.0
seshadri,0.0
piai,0.0
schechtman,0.0
aua,0.0
auy,0.0
ttd,0.0
fyx,0.0
rxt,0.0
padilla,0.0
hac,0.0
kss,0.0
stb,0.0
jjt,0.0
rationaliz,0.0
eex,0.0
nsc,0.0
ccb,0.0
oik,0.0
xvt,0.0
cmt,0.0
yft,0.0
zft,0.0
racetrack,0.0
kjell,0.0
ljl,0.0
tnj,0.0
isit,0.0
tmr,0.0
bration,0.0
nonsmok,0.0
kes,0.0
firstterm,0.0
qja,0.0
joi,0.0
dua,0.0
hoyn,0.0
ciqi,0.0
tei,0.0
vrv,0.0
outgroup,0.0
bjl,0.0
nspace,0.0
stationaryst,0.0
naj,0.0
biq,0.0
qjl,0.0
qih,0.0
pho,0.0
nakajima,0.0
okuno,0.0
matsuyama,0.0
deng,0.0
pathak,0.0
krishnamurthi,0.0
samnpl,0.0
bta,0.0
mjc,0.0
andd,0.0
eichhorn,0.0
nonrecurs,0.0
ctr,0.0
agj,0.0
dks,0.0
nonrecipi,0.0
wfa,0.0
vaa,0.0
pum,0.0
gjx,0.0
aun,0.0
fcq,0.0
lyl,0.0
barnow,0.0
nico,0.0
boivin,0.0
qas,0.0
xta,0.0
ffu,0.0
vgi,0.0
uux,0.0
bgi,0.0
pju,0.0
dmp,0.0
fys,0.0
wiy,0.0
afw,0.0
euq,0.0
vpv,0.0
dwu,0.0
fka,0.0
hqi,0.0
nand,0.0
thogon,0.0
fht,0.0
tdimension,0.0
turbat,0.0
eak,0.0
ecar,0.0
ylog,0.0
cpo,0.0
fico,0.0
xxu,0.0
uhl,0.0
norc,0.0
kandel,0.0
pesenti,0.0
biostatist,0.0
ufi,0.0
qqqq,0.0
xxn,0.0
massimo,0.0
lhospit,0.0
eey,0.0
cowel,0.0
arnaud,0.0
coarsest,0.0
leftmost,0.0
psychosoci,0.0
malize,0.0
apu,0.0
oim,0.0
imhof,0.0
filip,0.0
uot,0.0
ihx,0.0
bresnahan,0.0
pointwis,0.0
midterm,0.0
bester,0.0
chowdhuri,0.0
fln,0.0
qdi,0.0
fyj,0.0
axii,0.0
jki,0.0
bwa,0.0
whiteman,0.0
nxk,0.0
jif,0.0
anemia,0.0
nqn,0.0
mayhew,0.0
schipper,0.0
dlr,0.0
vif,0.0
tfa,0.0
ptbt,0.0
btr,0.0
nof,0.0
fhl,0.0
thh,0.0
etf,0.0
njt,0.0
htt,0.0
fqs,0.0
hht,0.0
hnn,0.0
hct,0.0
tjo,0.0
neuron,0.0
ycs,0.0
claessen,0.0
xfn,0.0
munch,0.0
highervalu,0.0
togo,0.0
gelb,0.0
pyti,0.0
aog,0.0
xtn,0.0
zpx,0.0
lco,0.0
ciq,0.0
fld,0.0
affil,0.0
sureth,0.0
inw,0.0
tov,0.0
supr,0.0
yjx,0.0
rxo,0.0
stochasti,0.0
ztzt,0.0
dresher,0.0
minmax,0.0
euj,0.0
vse,0.0
crz,0.0
nvi,0.0
ericsson,0.0
unj,0.0
smok,0.0
dddd,0.0
tietenberg,0.0
yjt,0.0
euit,0.0
mxx,0.0
pnp,0.0
szt,0.0
zjt,0.0
ptf,0.0
nonfundament,0.0
onn,0.0
mcnee,0.0
blomquist,0.0
constantino,0.0
ginsburgh,0.0
nsw,0.0
tfr,0.0
isabell,0.0
ctv,0.0
bhattacharya,0.0
measl,0.0
lancet,0.0
gregorio,0.0
lmm,0.0
ftb,0.0
fiii,0.0
intraperson,0.0
dufour,0.0
jaffe,0.0
mcelroy,0.0
sydnor,0.0
daa,0.0
pele,0.0
gjs,0.0
schotter,0.0
xtt,0.0
weierstrass,0.0
adk,0.0
fms,0.0
fml,0.0
collegio,0.0
axti,0.0
ztz,0.0
eep,0.0
ehx,0.0
uxf,0.0
kct,0.0
macedonia,0.0
mnc,0.0
smiley,0.0
neumannmorgen,0.0
xab,0.0
dxd,0.0
aiaj,0.0
vzz,0.0
shreve,0.0
sinden,0.0
fsl,0.0
hotz,0.0
foresman,0.0
nai,0.0
brickley,0.0
fba,0.0
ntn,0.0
eetet,0.0
rnm,0.0
fiai,0.0
fdi,0.0
vpx,0.0
snn,0.0
aait,0.0
oja,0.0
asw,0.0
ltz,0.0
fhi,0.0
afd,0.0
fdl,0.0
mpx,0.0
dfd,0.0
asx,0.0
mobius,0.0
bonhomm,0.0
keeler,0.0
uig,0.0
hali,0.0
frd,0.0
valenc,0.0
loewenstein,0.0
figlio,0.0
ftx,0.0
unapp,0.0
spotmarket,0.0
dhl,0.0
jtk,0.0
qzi,0.0
ftp,0.0
upf,0.0
cfor,0.0
myi,0.0
moynihan,0.0
uiyi,0.0
atdt,0.0
infinitedimension,0.0
qst,0.0
positivedefinit,0.0
kot,0.0
uiv,0.0
pht,0.0
iqj,0.0
uninterpret,0.0
jut,0.0
nig,0.0
fwt,0.0
hrt,0.0
hkt,0.0
gns,0.0
inu,0.0
jarrow,0.0
ttw,0.0
gst,0.0
boozer,0.0
tpc,0.0
courti,0.0
qsl,0.0
prk,0.0
vpj,0.0
uau,0.0
igur,0.0
rtc,0.0
itd,0.0
scal,0.0
standarderror,0.0
rvs,0.0
pco,0.0
ekt,0.0
kruger,0.0
dara,0.0
fzi,0.0
qfi,0.0
qfq,0.0
lyapunov,0.0
gallini,0.0
rbr,0.0
kenni,0.0
nfn,0.0
fqf,0.0
clz,0.0
szi,0.0
tuj,0.0
threecommod,0.0
gll,0.0
sjr,0.0
reunif,0.0
fischbach,0.0
divoir,0.0
pontificia,0.0
reinhart,0.0
cabdriv,0.0
religios,0.0
ufe,0.0
salvator,0.0
ixc,0.0
sagi,0.0
fabien,0.0
hillier,0.0
keefer,0.0
janic,0.0
mirman,0.0
groseclos,0.0
sme,0.0
gim,0.0
hee,0.0
tbb,0.0
tba,0.0
lba,0.0
hallock,0.0
pjd,0.0
tnm,0.0
ucu,0.0
loughran,0.0
amk,0.0
tullio,0.0
pxm,0.0
ajo,0.0
idj,0.0
eig,0.0
nlog,0.0
fnd,0.0
kalyan,0.0
vro,0.0
irb,0.0
unchosen,0.0
kxk,0.0
fqi,0.0
nard,0.0
ykl,0.0
highdemand,0.0
ernanc,0.0
porteus,0.0
ofw,0.0
unionfirm,0.0
yai,0.0
attila,0.0
casella,0.0
vss,0.0
cellular,0.0
incarcer,0.0
fica,0.0
zyi,0.0
yiq,0.0
giy,0.0
fck,0.0
iyx,0.0
gji,0.0
nji,0.0
mjs,0.0
isn,0.0
solver,0.0
esn,0.0
tjc,0.0
jrg,0.0
olof,0.0
ulf,0.0
parzen,0.0
hassan,0.0
grenand,0.0
manuscriptreceiv,0.0
