word,freq
gnp,0.9750755717789311
weisskopf,0.011521131580448297
backcast,0.008669366337763076
quartertoquart,0.004733930302857469
