word,freq
player,0.9777777777777777
twoplay,0.0074035930884540566
preplay,0.004622954571461266
stagegam,0.0035816454971964755
nplayer,0.0017965442270282642
sorin,0.0016821146584277376
threeplay,0.001636342830987527
offpath,0.0014990273486668955
