word,freq
asymptot,0.019448193859351436
matrix,0.01384235787024161
lemma,0.008289254673018416
moment,0.00787674815584071
likelihood,0.007775535216574427
covari,0.007317100138721264
converg,0.00724820729770808
densiti,0.0067846690464465325
instrument,0.006151025014905519
finit,0.005213742165565657
identif,0.004887989596330478
uniform,0.0046736563131783496
nonparametr,0.00453331904444779
simul,0.004472931492448579
null,0.004396383891322819
root,0.004171844261353923
sequenc,0.004135271518593837
nonlinear,0.0037916578424293146
bootstrap,0.003581577203784173
regressor,0.003565417154657624
sup,0.0034165745969130905
stochast,0.0033689449784348397
rank,0.00330515531083004
residu,0.003285593146097901
confid,0.003086569383170925
transform,0.002966644808073901
parametr,0.00290625725607469
panel,0.0028875456202439487
unknown,0.002850972877483863
disturb,0.0028390654728643007
quantil,0.0027242440711756606
expans,0.002659603874669463
kernel,0.0026553512301624766
discret,0.0026349385365289405
semiparametr,0.002590711033656279
score,0.0025813552157409087
carlo,0.0025583909354031805
mont,0.0025099107880235325
matric,0.0024622811695452817
stationari,0.0023236449586175162
unobserv,0.002224133077154028
autoregress,0.002223282548252631
row,0.002196065623407916
lim,0.0021543897072394467
smooth,0.0021305748980003213
cointegr,0.002103357973155607
andrew,0.00209910532864862
phillip,0.0020650841725927266
notat,0.00206083152808574
iter,0.0020591304702829456
newey,0.002058279941381548
qed,0.0020514757101703696
algorithm,0.0020234082564242572
iid,0.0019170921437495906
match,0.0018881741611020814
hypothes,0.0018788183431867106
gmm,0.0018754162275811212
wald,0.001864359351862956
serial,0.001798018097553964
formula,0.0017903633374413879
sls,0.0017869612218357985
regular,0.0017682495860050571
exp,0.0017665485282022625
corollari,0.001762295883695276
multivari,0.0017367800166533558
polynomi,0.001724022083132396
annal,0.0017197694386254091
subset,0.0017172178519212172
heterogen,0.0017163673230198198
criterion,0.0017146662652170253
mathemat,0.0017078620340058466
var,0.0016236596727675105
robust,0.0016074996236409612
invers,0.0015904890456130145
invari,0.0015607205340641079
gaussian,0.0015369057248249825
max,0.0015241477913040223
white,0.0015011835109662944
heckman,0.0014833224040369504
bandwidth,0.0014663118260090037
symmetr,0.0014561054791922357
diagon,0.0014348422566573024
forecast,0.0014169811497279584
posterior,0.0014025221584042036
frequenc,0.001393166340488833
block,0.0013744547046580916
quadrat,0.001372753646855297
compact,0.0013565935977287477
scalar,0.0013378819618980063
opl,0.0013327787884896223
dimens,0.0013285261439826355
represent,0.0013225724416728543
plim,0.0013183197971658677
orthogon,0.001301309219137921
hansen,0.0012791954677015902
upper,0.0012519785428568755
bayesian,0.001247725898349889
imben,0.001247725898349889
mix,0.0012162563289981876
manuscript,0.001204348924378625
monoton,0.0012034983954772275
binari,0.0012017973376744328
nonsingular,0.0011915909908576648
household,0.0011915909908576648
break,0.0011788330573367048
classic,0.0011754309417311155
truncat,0.001171178297224129
propens,0.001160971950407361
freedom,0.001156719305900374
arbitrari,0.001156719305900374
map,0.0011524666613933875
metric,0.00115161613249199
verifi,0.0011439613723794142
autocorrel,0.0011218476209430834
dimension,0.0011099402163235207
eigenvalu,0.0010963317539011634
spectral,0.0010818727625774088
subsampl,0.0010733674735634354
wiley,0.0010623105978452702
cross,0.0010555063666340915
partit,0.0010521042510285021
unbias,0.0010521042510285021
neighborhood,0.00104955266432431
mse,0.001044449490915926
modifi,0.00103679473080335
robinson,0.0010333926151977607
tail,0.00101127886376143
nonzero,0.0010019230458460594
straightforward,0.0009968198724376754
esti,0.0009925672279306886
heteroskedast,0.00098576299671951
censor,0.0009721545342971527
min,0.0009619481874803846
unrestrict,0.00096024712967759
nuisanc,0.0009585460718747953
median,0.0009568450140720006
powel,0.000950040782860822
ordinari,0.0009415354938468487
liml,0.0009389839071426567
taylor,0.0009364323204384647
hall,0.0009313291470300807
infinit,0.0009262259736216966
latent,0.000924524915818902
replic,0.0009236743869175046
distanc,0.000919421742410518
mle,0.0009185712135091206
hausman,0.000916870155706326
firstord,0.0009151690979035313
explanatori,0.0009126175111993393
integ,0.0009092153955937499
feasibl,0.000899009048776982
analyt,0.000886251115256022
markov,0.0008854005863546246
nomin,0.0008819984707490353
boundari,0.0008777458262420486
locat,0.0008726426528336646
norm,0.0008683900083266779
sargan,0.0008675394794252806
pair,0.0008675394794252806
manski,0.0008632868349182939
chen,0.000853080488101526
anderson,0.0008462762568903473
ith,0.0008420236123833606
inconsist,0.0008394720256791686
suitabl,0.0008360699100735793
causal,0.0008335183233693873
logit,0.0008326677944679899
convex,0.0008318172655665926
siev,0.0008182088031442352
inf,0.0008173582742428379
via,0.0008148066875386459
determinist,0.0008097035141302619
misspecif,0.0008097035141302619
righthand,0.0008088529852288645
crosssect,0.0008088529852288645
dgp,0.0008046003407218779
shock,0.0008020487540176859
mcfadden,0.0008020487540176859
chisquar,0.0008003476962148913
infin,0.0007960950517079046
probit,0.0007943939939051099
slope,0.0007926929361023152
supplement,0.0007858887048911366
vec,0.0007850381759897392
nonneg,0.0007697286557645872
criteria,0.0007654760112576005
exponenti,0.0007612233667506138
length,0.0007603728378492165
lee,0.0007603728378492165
global,0.0007569707222436272
xit,0.0007527180777366406
adapt,0.0007484654332296539
nonstationari,0.0007442127887226672
priori,0.0007374085575114885
uncorrel,0.0007331559130045018
coverag,0.0007314548552017072
estima,0.0007297537973989125
notic,0.0007272022106947205
path,0.0007263516817933232
chernozhukov,0.0007195474505821445
horowitz,0.0007144442771737605
twostag,0.0007144442771737605
fiml,0.0007127432193709658
mixtur,0.0007016863436528005
triangular,0.0006982842280472112
invert,0.0006948821124416218
dummi,0.0006889284101318405
tor,0.0006889284101318405
predetermin,0.0006863768234276485
yit,0.0006770210055122778
singular,0.0006770210055122778
intercept,0.0006719178321038938
suffic,0.0006710673032024964
smallest,0.0006659641297941124
student,0.0006659641297941124
fourth,0.0006625620141885231
repeat,0.0006591598985829338
chamberlain,0.0006574588407801392
amemiya,0.0006557577829773445
opn,0.0006549072540759472
amsterdam,0.0006549072540759472
twostep,0.0006532061962731525
uniti,0.0006472524939633711
largest,0.0006472524939633711
noncentr,0.0006472524939633711
cumul,0.0006464019650619738
edgeworth,0.0006447009072591791
game,0.0006447009072591791
brown,0.0006438503783577818
assump,0.0006438503783577818
uncondit,0.0006421493205549871
cluster,0.0006412987916535898
simplic,0.0006378966760480005
gls,0.0006353450893438084
proper,0.0006336440315410138
threshold,0.0006327935026396164
condi,0.0006251387425270404
distribu,0.0006242882136256431
brownian,0.0006234376847242457
ate,0.0006183345113158617
theil,0.0006183345113158617
guarante,0.0006174839824144644
transit,0.0006166334535130671
zellner,0.0006055765777949018
budget,0.0006047260488935045
martingal,0.0006021744621893125
arbitrarili,0.0006013239332879151
violat,0.0006004734043865178
watson,0.0005996228754851204
det,0.0005996228754851204
func,0.0005945197020767364
trim,0.0005928186442739418
fisher,0.0005894165286683524
van,0.0005894165286683524
hannan,0.0005860144130627631
leastsquar,0.0005834628263585711
heteroscedast,0.0005826122974571737
cdf,0.0005809112396543791
recurs,0.000578359652950187
durbin,0.0005766585951473924
biometrika,0.000575808066245995
smith,0.0005749575373445977
donald,0.0005749575373445977
accur,0.000573256479541803
rao,0.0005715554217390084
logarithm,0.0005715554217390084
belong,0.0005698543639362137
homogen,0.0005698543639362137
hahn,0.0005698543639362137
cox,0.0005664522483306244
blundel,0.000565601719429227
unpublish,0.0005604985460208431
motion,0.0005570964304152538
rubin,0.0005553953726124591
univari,0.0005545448437110618
miss,0.0005502921992040751
remaind,0.0005494416703026777
attain,0.0005494416703026777
loglikelihood,0.0005477406124998831
overidentifi,0.0005477406124998831
nest,0.0005468900835984857
engl,0.0005460395546970884
exploit,0.0005443384968942937
accuraci,0.0005426374390914991
scheme,0.0005392353234859097
educ,0.0005341321500775257
jth,0.0005315805633733337
innov,0.0005307300344719364
variancecovari,0.0005290289766691417
constrain,0.0005256268610635523
domain,0.000524776332162155
entri,0.000522224745457963
volatil,0.000522224745457963
tsls,0.0005205236876551683
sharp,0.0005188226298523737
angrist,0.0005179721009509763
modif,0.000517121572049579
sequenti,0.0005094668119370031
son,0.0005086162830356057
der,0.0005052141674300164
flexibl,0.000504363638528619
durat,0.0005035131096272217
exclus,0.0005009615229230297
lagrang,0.0005009615229230297
plot,0.0004950078206132484
fourier,0.000491605705007659
finitesampl,0.000491605705007659
symmetri,0.000491605705007659
preliminari,0.0004907551761062617
hong,0.0004907551761062617
whenev,0.00048480147379648033
engel,0.00048480147379648033
hendri,0.0004822498870922883
pool,0.0004822498870922883
bay,0.0004822498870922883
goe,0.0004822498870922883
stronger,0.0004754456558811097
decomposit,0.00047459512697971235
bivari,0.00047459512697971235
predictor,0.0004728940691769177
param,0.00047204354027552035
nois,0.00047204354027552035
granger,0.00047204354027552035
gallant,0.000471193011374123
parameter,0.000468641424669931
connect,0.000468641424669931
vanish,0.000468641424669931
prob,0.00046694036686713633
counterfactu,0.00046694036686713633
longrun,0.00046694036686713633
asymp,0.000466089837965739
remov,0.000463538251261547
nonstochast,0.0004618371934587523
sim,0.000460986664557355
totic,0.000460986664557355
auxiliari,0.00045758454895176564
realize,0.0004567340200503683
season,0.0004567340200503683
usa,0.0004567340200503683
shape,0.00045588349114897097
realiz,0.0004541824333461763
nonnest,0.0004541824333461763
regim,0.00045333190444477896
relax,0.0004524813755433817
span,0.00044907925993779233
princeton,0.000448228731036395
kclass,0.000448228731036395
coincid,0.000448228731036395
deduc,0.000443125557628011
pollard,0.00044227502872661365
micro,0.0004414244998252163
readili,0.000440573970923819
vii,0.000440573970923819
twice,0.00043972344202242164
dept,0.0004388729131210243
methodolog,0.0004388729131210243
conduct,0.00043802238421962697
cov,0.00043802238421962697
dition,0.00043717185531822963
tamer,0.0004363213264168323
matzkin,0.00043547079751543496
denomin,0.00043547079751543496
semidefinit,0.00043291921081124295
pake,0.0004320686819098456
royal,0.0004320686819098456
cowl,0.0004295170952056536
handbook,0.00042866656630425633
outlin,0.00042696550850146166
klein,0.0004261149796000643
diffus,0.0004261149796000643
pvalu,0.000422712863994475
experiment,0.00042186233509307764
misspecifi,0.00042186233509307764
park,0.0004210118061916803
hazard,0.0004184602194874883
systemat,0.00041505810388189896
interior,0.0004142075749805016
eit,0.0004133570460791043
princip,0.0004133570460791043
exhibit,0.00041250651717770695
california,0.0004108054593749123
tribut,0.00040995493047351494
weaker,0.00040995493047351494
chapter,0.0004091044015721176
faster,0.0004091044015721176
odd,0.0004065528148679256
player,0.00040570228596652826
pesaran,0.0004048517570651309
tobit,0.00040400122816373364
nagar,0.00040400122816373364
simpler,0.00040400122816373364
canon,0.00040400122816373364
incomplet,0.0004031506992623363
sometim,0.00040230017036093897
trivial,0.00040144964145954164
andor,0.00040144964145954164
trace,0.00040144964145954164
onesid,0.0004005991125581443
algebra,0.0004005991125581443
equilibria,0.00039889805475534963
regr,0.0003980475258539523
berkeley,0.0003980475258539523
econometrician,0.00039719699695255496
walk,0.00039464541024836295
yale,0.0003937948813469656
lebesgu,0.0003937948813469656
garch,0.0003929443524455683
diverg,0.00039209382354417094
text,0.00038954223683997894
subscript,0.00038954223683997894
setup,0.0003886917079385816
automat,0.00038784117903718426
mation,0.00038699065013578693
augment,0.00038699065013578693
hood,0.0003861401212343896
mass,0.00038528959233299226
euclidean,0.00038528959233299226
union,0.0003835885345301976
stoker,0.0003835885345301976
mit,0.00038273800562880025
arma,0.00038273800562880025
savin,0.0003818874767274029
secondord,0.0003810369478260056
said,0.00038018641892460824
band,0.00037933589002321096
multinomi,0.00037933589002321096
fuller,0.0003784853611218136
manner,0.0003776348322204163
nonnorm,0.0003776348322204163
admiss,0.00037678430331901895
twosid,0.0003750832455162243
northholland,0.0003750832455162243
cell,0.00037423271661482694
anc,0.00037423271661482694
rewrit,0.0003733821877134296
behav,0.00037168112991063494
pointwis,0.0003708306010092376
romano,0.0003708306010092376
stationar,0.0003708306010092376
rmse,0.00036912954320644293
nonsepar,0.0003682790143050456
generic,0.00036742848540364826
switch,0.00036742848540364826
discontinu,0.0003665779565022509
econo,0.0003665779565022509
ses,0.0003665779565022509
bai,0.0003657274276008536
lewbel,0.0003657274276008536
mator,0.00036487689869945625
koopman,0.00036487689869945625
behaviour,0.0003640263697980589
neglig,0.0003640263697980589
spline,0.00036232531199526424
chesher,0.00036062425419246957
analogu,0.00036062425419246957
grilich,0.00036062425419246957
familiar,0.0003563716096854829
jacobian,0.0003563716096854829
honor,0.00035552108078408556
ayt,0.0003546705518826883
perron,0.00035382002298129094
oxford,0.00035382002298129094
forthcom,0.0003529694940798936
goldberg,0.00035211896517849627
macroeconom,0.00035211896517849627
coordin,0.0003487168495729069
ichimura,0.0003487168495729069
drift,0.0003478663206715096
detect,0.0003478663206715096
keyword,0.00034701579177011225
memori,0.0003461652628687149
grid,0.0003461652628687149
ter,0.0003453147339673176
davidson,0.0003453147339673176
recov,0.0003427631472631256
qlr,0.00034191261836172824
incorrect,0.00034191261836172824
sawa,0.0003410620894603309
preced,0.00034021156055893357
uit,0.00034021156055893357
recommend,0.0003385105027561389
rothenberg,0.0003385105027561389
intersect,0.00033765997385474156
tight,0.00033765997385474156
geometr,0.0003359589160519469
attract,0.00033510838715054955
payoff,0.0003334073293477549
versus,0.00033255680044635754
handl,0.00033255680044635754
enabl,0.0003317062715449602
vytlacil,0.0003317062715449602
possess,0.00033085574264356287
briefli,0.0003283041559393709
maddala,0.0003274536270379736
peter,0.00032660309813657625
superior,0.00032660309813657625
unemploy,0.00032660309813657625
counterpart,0.0003257525692351789
conjectur,0.00032405151143238424
everywher,0.00032405151143238424
chow,0.0003232009825309869
gradient,0.0003232009825309869
nelson,0.00032235045362958957
pdf,0.00032235045362958957
display,0.0003189483380240002
static,0.0003189483380240002
para,0.0003180978091226029
perman,0.0003180978091226029
fan,0.00031724728022120555
linton,0.0003163967513198082
envelop,0.0003163967513198082
pseudo,0.0003163967513198082
floren,0.0003163967513198082
confirm,0.0003155462224184109
gourieroux,0.00031469569351701355
wooldridg,0.00031469569351701355
reader,0.0003129946357142189
johansen,0.0003129946357142189
ric,0.00031214410681282154
novemb,0.00031214410681282154
graph,0.00031214410681282154
dufour,0.00031214410681282154
opt,0.0003112935779114242
hessian,0.00031044304901002687
eigenvector,0.00030959252010862953
axi,0.0003087419912072322
moder,0.0003087419912072322
learn,0.00030789146230583486
nonrandom,0.00030789146230583486
closer,0.00030789146230583486
spectrum,0.0003070409334044375
qualit,0.00030619040450304024
array,0.00030448934670024557
higherord,0.00030448934670024557
diagnost,0.00030363881779884824
gamma,0.0003027882888974509
distri,0.0003027882888974509
distort,0.00030108723109465623
box,0.00030108723109465623
percentil,0.00030108723109465623
sec,0.00030108723109465623
unfortun,0.00030108723109465623
bution,0.00029938617329186156
record,0.00029938617329186156
mode,0.0002976851154890669
unbound,0.0002976851154890669
jackknif,0.0002976851154890669
koenker,0.00029683458658766955
lorenz,0.00029683458658766955
north,0.0002934324709820802
notion,0.0002934324709820802
equa,0.0002934324709820802
ergod,0.00029258194208068287
delet,0.0002908808842778882
nonstandard,0.0002908808842778882
rewritten,0.00029003035537649086
rearrang,0.00029003035537649086
crucial,0.00029003035537649086
academ,0.00029003035537649086
tabul,0.00029003035537649086
stanford,0.0002891798264750935
skew,0.0002883292975736962
exposit,0.0002883292975736962
refin,0.0002883292975736962
slowli,0.0002883292975736962
schmidt,0.0002883292975736962
sumption,0.00028747876867229885
pose,0.00028747876867229885
wellknown,0.0002866282397709015
arch,0.0002866282397709015
durbinwatson,0.0002866282397709015
mutual,0.00028492718196810685
volum,0.00028492718196810685
homoskedast,0.00028492718196810685
ineffici,0.0002840766530667095
abadi,0.0002840766530667095
fals,0.0002832261241653122
ploberg,0.0002832261241653122
noncaus,0.0002798240085597229
timat,0.0002781229507569282
summat,0.0002781229507569282
onto,0.0002772724218555309
mimeo,0.0002772724218555309
timeseri,0.00027642189295413354
springerverlag,0.0002755713640527362
instabl,0.0002755713640527362
circl,0.0002755713640527362
tast,0.0002755713640527362
approxi,0.0002755713640527362
calli,0.0002755713640527362
doubl,0.00027472083515133887
slower,0.00027472083515133887
train,0.00027387030624994154
six,0.00027387030624994154
octob,0.0002730197773485442
poisson,0.00027216924844714686
instru,0.00027131871954574953
imposs,0.00027131871954574953
viz,0.0002704681906443522
cis,0.0002704681906443522
gms,0.0002704681906443522
npl,0.00026961766174295486
cation,0.0002687671328415575
penalti,0.0002687671328415575
retain,0.0002679166039401602
regardless,0.0002679166039401602
decompos,0.0002679166039401602
vaart,0.00026706607503876285
subspac,0.00026706607503876285
jump,0.0002662155461373655
logist,0.0002662155461373655
insight,0.0002653650172359682
overlap,0.0002653650172359682
infeas,0.00026451448833457084
hour,0.0002636639594331735
differenc,0.00026281343053177617
boxcox,0.00026281343053177617
appeal,0.00026196290163037883
lognorm,0.00026196290163037883
finitedimension,0.0002611123727289815
berri,0.0002611123727289815
lefthand,0.00026026184382758416
rust,0.00026026184382758416
testabl,0.0002594113149261868
resampl,0.0002594113149261868
poverti,0.0002594113149261868
equicontinu,0.0002594113149261868
departur,0.0002594113149261868
ridder,0.0002585607860247895
clt,0.0002585607860247895
tic,0.0002585607860247895
surfac,0.00025771025712339216
vit,0.00025771025712339216
admit,0.00025771025712339216
fast,0.00025771025712339216
conserv,0.00025771025712339216
option,0.0002568597282219949
reliabl,0.0002568597282219949
noo,0.00025600919932059754
ple,0.00025600919932059754
diag,0.00025600919932059754
sort,0.00025600919932059754
bracket,0.0002551586704192002
read,0.0002551586704192002
minimax,0.0002551586704192002
mod,0.00025430814151780287
subsect,0.00025345761261640553
incident,0.0002526070837150082
variant,0.0002526070837150082
basmann,0.00025175655481361086
expon,0.00025175655481361086
beta,0.0002509060259122135
confer,0.0002509060259122135
cos,0.0002509060259122135
arellano,0.0002509060259122135
letter,0.0002500554970108162
coeditor,0.0002483544392080215
delta,0.0002483544392080215
extra,0.0002483544392080215
seminar,0.0002475039103066242
cient,0.0002475039103066242
apart,0.0002475039103066242
mild,0.00024665338140522684
lipschitz,0.00024665338140522684
primit,0.00024665338140522684
evan,0.00024665338140522684
mte,0.00024665338140522684
axt,0.00024665338140522684
reducedform,0.00024495232360243217
submatrix,0.00024410179470103484
persist,0.00024410179470103484
monfort,0.0002432512657996375
subtract,0.0002432512657996375
assert,0.0002432512657996375
proxi,0.0002432512657996375
corr,0.0002432512657996375
discrep,0.0002432512657996375
kth,0.0002432512657996375
popular,0.0002432512657996375
rosen,0.0002432512657996375
bartlett,0.0002432512657996375
segment,0.0002432512657996375
convers,0.0002432512657996375
sin,0.00024240073689824016
tth,0.0002406996790954455
cor,0.0002406996790954455
macro,0.0002406996790954455
nerlov,0.00023984915019404816
deaton,0.00023984915019404816
onestep,0.00023899862129265082
threestag,0.00023899862129265082
adequ,0.0002381480923912535
spatial,0.0002381480923912535
arg,0.00023729756348985618
encompass,0.00023729756348985618
format,0.00023729756348985618
han,0.00023644703458845884
conform,0.00023644703458845884
count,0.0002355965056870615
renault,0.0002355965056870615
tractabl,0.0002355965056870615
maximumlikelihood,0.0002355965056870615
routin,0.00023474597678566417
plugin,0.00023474597678566417
mackinnon,0.00023474597678566417
tool,0.00023474597678566417
judg,0.00023389544788426683
springer,0.00023389544788426683
benchmark,0.0002330449189828695
updat,0.0002330449189828695
complement,0.00023219439008147216
ixi,0.00023219439008147216
quandt,0.00023219439008147216
exercis,0.00023219439008147216
firststag,0.00023219439008147216
dickey,0.00023219439008147216
cal,0.00023219439008147216
deliv,0.00023134386118007483
economet,0.0002304933322786775
miller,0.00022964280337728015
indepen,0.00022879227447588282
circumst,0.00022879227447588282
status,0.00022879227447588282
chain,0.00022794174557448548
repetit,0.00022794174557448548
pml,0.00022709121667308815
nonempti,0.00022709121667308815
moreira,0.00022624068777169084
estimand,0.00022624068777169084
job,0.00022624068777169084
spurious,0.00022624068777169084
uni,0.00022624068777169084
dent,0.00022624068777169084
restric,0.00022624068777169084
unconstrain,0.0002253901588702935
pass,0.00022453962996889617
parenthes,0.00022453962996889617
west,0.00022453962996889617
neglect,0.00022368910106749883
bickel,0.00022368910106749883
therebi,0.0002228385721661015
speed,0.00022198804326470416
accommod,0.00022198804326470416
biascorrect,0.00022198804326470416
discrimin,0.00022198804326470416
phd,0.00022198804326470416
iden,0.00022198804326470416
concav,0.00022113751436330682
yti,0.00022113751436330682
pagan,0.0002202869854619095
qmle,0.0002202869854619095
filter,0.00021943645656051215
nontrivi,0.00021943645656051215
simplest,0.00021943645656051215
elsewher,0.00021943645656051215
simplif,0.00021858592765911482
baselin,0.00021773539875771748
iff,0.00021773539875771748
godfrey,0.00021773539875771748
san,0.00021773539875771748
hedon,0.00021773539875771748
shrink,0.00021773539875771748
cycl,0.00021688486985632014
forward,0.00021688486985632014
asymmetr,0.00021688486985632014
lar,0.00021688486985632014
day,0.0002160343409549228
hsiao,0.0002160343409549228
horizon,0.0002160343409549228
wellner,0.0002160343409549228
translat,0.00021518381205352547
maxi,0.00021518381205352547
footnot,0.00021433328315212816
dhryme,0.00021433328315212816
food,0.00021433328315212816
degener,0.00021433328315212816
easier,0.00021433328315212816
intermedi,0.00021433328315212816
empti,0.00021433328315212816
msm,0.00021348275425073083
children,0.00021348275425073083
candid,0.0002126322253493335
robin,0.0002126322253493335
hirano,0.0002126322253493335
edit,0.0002126322253493335
eas,0.0002126322253493335
ideal,0.0002126322253493335
johnson,0.0002126322253493335
contradict,0.00021178169644793616
meansquar,0.00021178169644793616
eter,0.00021178169644793616
label,0.00021178169644793616
toler,0.00021093116754653882
hardl,0.00021008063864514149
dgps,0.00020923010974374415
request,0.00020923010974374415
lin,0.00020837958084234681
led,0.00020837958084234681
unrel,0.00020837958084234681
aii,0.00020837958084234681
contamin,0.00020837958084234681
lancast,0.00020837958084234681
irrelev,0.00020752905194094948
joumal,0.00020752905194094948
viii,0.00020752905194094948
entail,0.00020752905194094948
bieren,0.00020667852303955214
justif,0.00020667852303955214
interpol,0.00020667852303955214
inclus,0.00020667852303955214
speak,0.0002058279941381548
downward,0.0002058279941381548
gel,0.00020497746523675747
symbol,0.00020497746523675747
suppress,0.00020412693633536013
gewek,0.00020412693633536013
entropi,0.00020412693633536013
encount,0.0002032764074339628
supremum,0.0002032764074339628
neighbor,0.0002032764074339628
inc,0.00020242587853256546
stack,0.00020242587853256546
submodel,0.00020242587853256546
gxi,0.00020242587853256546
load,0.00020242587853256546
holland,0.00020242587853256546
unidentifi,0.00020157534963116815
ten,0.00020157534963116815
whitney,0.00020157534963116815
nsf,0.00020072482072977082
breusch,0.00020072482072977082
lehmann,0.00020072482072977082
triangl,0.00020072482072977082
timevari,0.00020072482072977082
flat,0.00019987429182837348
field,0.00019987429182837348
artifici,0.00019987429182837348
int,0.00019902376292697615
goal,0.00019902376292697615
hope,0.00019902376292697615
perturb,0.0001981732340255788
minus,0.0001981732340255788
heurist,0.0001981732340255788
autocovari,0.00019732270512418148
perspect,0.00019732270512418148
minor,0.00019647217622278414
split,0.00019647217622278414
tain,0.00019647217622278414
hotz,0.00019647217622278414
inflat,0.0001956216473213868
todd,0.0001956216473213868
fashion,0.0001956216473213868
ind,0.0001956216473213868
sam,0.00019477111841998947
subvector,0.00019477111841998947
head,0.00019477111841998947
invok,0.00019477111841998947
belief,0.00019477111841998947
moon,0.00019392058951859213
deflat,0.00019392058951859213
billingsley,0.00019392058951859213
kink,0.00019392058951859213
dispers,0.0001930700606171948
detrend,0.0001930700606171948
exi,0.0001930700606171948
conflict,0.0001930700606171948
facilit,0.00019221953171579746
idempot,0.00019221953171579746
satisfactori,0.00019221953171579746
census,0.00019221953171579746
bounded,0.00019221953171579746
wors,0.00019221953171579746
massachusett,0.00019136900281440012
pri,0.00019136900281440012
parallel,0.00019136900281440012
unstabl,0.00019136900281440012
cobbdougla,0.00019136900281440012
profil,0.0001905184739130028
aim,0.00018966794501160548
orthonorm,0.00018966794501160548
sider,0.00018966794501160548
leamer,0.00018881741611020814
bellman,0.00018881741611020814
februari,0.00018881741611020814
guggenberg,0.00018711635830741347
rescal,0.00018626582940601614
kendal,0.00018626582940601614
extremum,0.0001854153005046188
compani,0.0001854153005046188
topic,0.0001854153005046188
scope,0.0001854153005046188
observa,0.0001854153005046188
denc,0.0001854153005046188
brief,0.00018456477160322147
zit,0.00018456477160322147
likewis,0.00018456477160322147
card,0.00018456477160322147
curs,0.00018456477160322147
fxt,0.00018456477160322147
suffer,0.00018456477160322147
loglinear,0.00018371424270182413
inner,0.00018371424270182413
ant,0.00018371424270182413
largesampl,0.00018371424270182413
dif,0.00018371424270182413
aitken,0.0001828637138004268
target,0.0001828637138004268
obey,0.0001828637138004268
mller,0.0001828637138004268
almon,0.0001828637138004268
lem,0.00018201318489902946
fyx,0.00018201318489902946
breviti,0.00018201318489902946
elliott,0.00018201318489902946
gini,0.00018116265599763212
std,0.00018116265599763212
king,0.00018116265599763212
cauchi,0.00018031212709623479
professor,0.00018031212709623479
scenario,0.00018031212709623479
siti,0.00017946159819483745
aid,0.00017946159819483745
pick,0.00017946159819483745
surplus,0.00017946159819483745
pli,0.00017946159819483745
engin,0.00017946159819483745
top,0.00017861106929344011
fol,0.00017861106929344011
thoma,0.00017861106929344011
richardson,0.00017861106929344011
symposium,0.00017861106929344011
crossvalid,0.00017776054039204278
programm,0.00017776054039204278
noth,0.00017776054039204278
expens,0.00017776054039204278
mine,0.00017776054039204278
stone,0.00017776054039204278
hous,0.00017776054039204278
presum,0.00017691001149064547
curvatur,0.00017691001149064547
sit,0.00017691001149064547
huber,0.00017605948258924813
wiener,0.00017605948258924813
mizon,0.00017605948258924813
ramet,0.00017605948258924813
sole,0.0001752089536878508
xxx,0.0001752089536878508
manipul,0.0001752089536878508
signal,0.0001752089536878508
stop,0.00017435842478645346
kim,0.00017435842478645346
coeffi,0.00017435842478645346
burden,0.00017435842478645346
homoscedast,0.00017350789588505613
tangent,0.00017350789588505613
quantit,0.00017350789588505613
seek,0.00017350789588505613
biliti,0.00017350789588505613
mestim,0.00017350789588505613
fifth,0.0001726573669836588
optimum,0.0001726573669836588
termin,0.00017180683808226145
nonstationar,0.00017180683808226145
gen,0.00017180683808226145
rth,0.00017180683808226145
mariano,0.00017180683808226145
nondegener,0.00017095630918086412
valuabl,0.00017095630918086412
clr,0.00017095630918086412
css,0.00017095630918086412
fie,0.00017095630918086412
nber,0.00017010578027946678
solid,0.00017010578027946678
spars,0.00016925525137806945
insur,0.00016925525137806945
reparameter,0.00016925525137806945
draft,0.00016925525137806945
alterna,0.0001684047224766721
unchang,0.0001684047224766721
nls,0.0001684047224766721
indebt,0.0001684047224766721
wold,0.0001684047224766721
insid,0.0001684047224766721
const,0.0001684047224766721
ical,0.0001684047224766721
decay,0.00016755419357527478
editor,0.00016755419357527478
breakdown,0.00016755419357527478
multicollinear,0.00016755419357527478
manifold,0.00016755419357527478
tempor,0.00016755419357527478
mae,0.00016755419357527478
kitamura,0.00016755419357527478
width,0.00016755419357527478
davi,0.00016670366467387744
kiefer,0.00016670366467387744
errorsinvari,0.00016670366467387744
singleton,0.00016670366467387744
transitori,0.0001658531357724801
devic,0.0001658531357724801
user,0.0001658531357724801
gave,0.0001658531357724801
outlier,0.0001658531357724801
charl,0.0001658531357724801
wright,0.0001658531357724801
preserv,0.0001658531357724801
compet,0.0001658531357724801
ylt,0.0001650026068710828
tran,0.0001650026068710828
european,0.0001650026068710828
guid,0.0001650026068710828
xti,0.0001650026068710828
signifi,0.0001650026068710828
contemporan,0.0001650026068710828
michael,0.00016415207796968546
dens,0.00016415207796968546
approxima,0.00016415207796968546
week,0.00016415207796968546
hilbert,0.00016415207796968546
blp,0.00016415207796968546
coupl,0.00016330154906828812
trial,0.00016330154906828812
bonferroni,0.00016330154906828812
doubt,0.00016330154906828812
constitut,0.00016330154906828812
understood,0.00016330154906828812
outer,0.00016330154906828812
wolf,0.00016330154906828812
shaikh,0.00016330154906828812
idiosyncrat,0.0001624510201668908
bridg,0.0001624510201668908
socal,0.0001624510201668908
william,0.0001624510201668908
polar,0.0001624510201668908
dickeyful,0.0001624510201668908
lrt,0.0001624510201668908
realli,0.00016160049126549345
subpopul,0.00016160049126549345
eli,0.00016160049126549345
pretest,0.00016160049126549345
intens,0.00016074996236409612
elementari,0.00016074996236409612
compens,0.00016074996236409612
task,0.00016074996236409612
yjt,0.00015989943346269878
tratio,0.00015989943346269878
outperform,0.00015989943346269878
porter,0.00015989943346269878
fixedeffect,0.00015989943346269878
tation,0.00015989943346269878
dash,0.00015904890456130144
content,0.00015904890456130144
tradeoff,0.00015904890456130144
slow,0.00015904890456130144
exit,0.0001581983756599041
ray,0.0001581983756599041
imhof,0.0001581983756599041
bic,0.0001581983756599041
elsevi,0.0001581983756599041
wishart,0.0001581983756599041
smallsampl,0.00015734784675850677
fine,0.00015734784675850677
ous,0.00015734784675850677
cramer,0.00015734784675850677
reweight,0.00015734784675850677
bhargava,0.00015649731785710944
bind,0.00015649731785710944
boot,0.00015649731785710944
summabl,0.00015649731785710944
joel,0.00015649731785710944
disaggreg,0.0001556467889557121
henceforth,0.0001556467889557121
theo,0.0001556467889557121
onetoon,0.0001556467889557121
eyi,0.0001556467889557121
gnp,0.0001556467889557121
daili,0.00015479626005431477
identi,0.00015479626005431477
axiom,0.00015479626005431477
consi,0.00015479626005431477
rosenbaum,0.00015394573115291743
cosslett,0.00015394573115291743
nondecreas,0.00015394573115291743
ecm,0.00015394573115291743
demograph,0.00015309520225152012
pivot,0.00015309520225152012
post,0.00015309520225152012
realvalu,0.00015309520225152012
ridg,0.00015309520225152012
malinvaud,0.00015309520225152012
wider,0.00015224467335012279
topolog,0.00015224467335012279
ground,0.00015224467335012279
binomi,0.00015224467335012279
datadepend,0.00015224467335012279
goldfeld,0.00015224467335012279
eylx,0.00015224467335012279
inspect,0.00015224467335012279
yes,0.00015224467335012279
pendent,0.00015224467335012279
datagener,0.00015224467335012279
val,0.00015139414444872545
adf,0.00015054361554732811
politi,0.00015054361554732811
insignific,0.00015054361554732811
wallac,0.00015054361554732811
sur,0.00015054361554732811
overidentif,0.00015054361554732811
wit,0.00014969308664593078
mislead,0.00014969308664593078
singer,0.00014969308664593078
quasi,0.00014969308664593078
proxim,0.00014969308664593078
canada,0.00014969308664593078
stati,0.00014969308664593078
nonpara,0.00014969308664593078
rem,0.00014884255774453344
invalid,0.00014884255774453344
upward,0.00014884255774453344
mind,0.0001479920288431361
unifi,0.0001479920288431361
analyst,0.0001479920288431361
krueger,0.0001479920288431361
continuoustim,0.0001479920288431361
thesi,0.0001479920288431361
borel,0.0001479920288431361
yli,0.0001479920288431361
strengthen,0.00014714149994173877
fore,0.00014714149994173877
yio,0.00014714149994173877
logic,0.00014714149994173877
spirit,0.00014629097104034143
cite,0.00014629097104034143
centr,0.00014629097104034143
strike,0.00014629097104034143
mundlak,0.00014629097104034143
challeng,0.0001454404421389441
birth,0.00014458991323754676
lad,0.00014458991323754676
kmenta,0.00014458991323754676
edward,0.00014458991323754676
bad,0.00014458991323754676
kleibergen,0.00014458991323754676
drive,0.00014458991323754676
doi,0.00014458991323754676
dol,0.00014458991323754676
jorgenson,0.00014373938433614943
exam,0.00014373938433614943
metrica,0.00014373938433614943
congress,0.00014373938433614943
spond,0.00014373938433614943
daniel,0.00014373938433614943
highlight,0.00014373938433614943
closur,0.00014373938433614943
supplementari,0.00014373938433614943
mammen,0.00014373938433614943
mental,0.00014373938433614943
sargent,0.0001428888554347521
struc,0.0001428888554347521
het,0.0001428888554347521
spadi,0.0001428888554347521
compat,0.0001428888554347521
conjug,0.0001428888554347521
pxi,0.0001428888554347521
meaning,0.00014203832653335476
sta,0.00014203832653335476
dim,0.00014203832653335476
realist,0.00014203832653335476
rvs,0.00014118779763195742
overcom,0.00014118779763195742
dissert,0.00014118779763195742
ase,0.00014118779763195742
gari,0.00014118779763195742
eyx,0.00014118779763195742
paragraph,0.00014118779763195742
comprehens,0.00014118779763195742
par,0.0001403372687305601
her,0.0001403372687305601
durabl,0.0001403372687305601
molinari,0.0001403372687305601
northwestern,0.0001403372687305601
ustatist,0.0001403372687305601
tobin,0.0001403372687305601
quenc,0.0001403372687305601
hill,0.0001403372687305601
lise,0.00013948673982916278
xjt,0.00013948673982916278
coher,0.00013948673982916278
asymptoti,0.00013948673982916278
feedback,0.00013948673982916278
von,0.00013863621092776544
labour,0.00013863621092776544
wisconsin,0.00013863621092776544
lectur,0.00013863621092776544
rare,0.00013863621092776544
laplac,0.00013863621092776544
disappear,0.00013863621092776544
integrand,0.0001377856820263681
michigan,0.0001377856820263681
anticip,0.0001377856820263681
agre,0.0001377856820263681
closest,0.0001377856820263681
imput,0.0001377856820263681
durlauf,0.0001377856820263681
semi,0.0001377856820263681
tstatist,0.00013693515312497077
geari,0.00013693515312497077
confin,0.00013693515312497077
met,0.00013693515312497077
henri,0.00013693515312497077
sun,0.00013608462422357343
worst,0.00013608462422357343
summer,0.00013608462422357343
paul,0.00013608462422357343
hypoth,0.00013608462422357343
altonji,0.00013608462422357343
man,0.00013608462422357343
postul,0.00013608462422357343
iiv,0.00013608462422357343
ellipsoid,0.00013608462422357343
underestim,0.00013608462422357343
kurtosi,0.00013608462422357343
drawback,0.0001352340953221761
den,0.0001352340953221761
respec,0.0001352340953221761
behind,0.0001352340953221761
narrow,0.0001352340953221761
proach,0.0001352340953221761
meter,0.0001352340953221761
ces,0.00013438356642077876
abstract,0.00013438356642077876
greatest,0.00013438356642077876
hac,0.00013438356642077876
automobil,0.00013438356642077876
neyman,0.00013438356642077876
penal,0.00013438356642077876
virtual,0.00013438356642077876
attend,0.00013353303751938142
parzen,0.00013353303751938142
morimun,0.00013353303751938142
driven,0.00013353303751938142
book,0.0001326825086179841
chernoff,0.0001326825086179841
ball,0.0001326825086179841
stress,0.0001326825086179841
limn,0.0001326825086179841
sistent,0.0001326825086179841
cue,0.0001326825086179841
constanc,0.0001326825086179841
eyt,0.0001326825086179841
strength,0.0001326825086179841
walli,0.0001326825086179841
arriv,0.0001326825086179841
hoc,0.00013183197971658675
lation,0.00013183197971658675
complier,0.00013183197971658675
kadan,0.00013183197971658675
aguirregabiria,0.00013183197971658675
premultipli,0.00013183197971658675
residualbas,0.00013183197971658675
explos,0.00013183197971658675
iia,0.00013183197971658675
bonhomm,0.00013183197971658675
virtu,0.00013183197971658675
gap,0.00013098145081518942
est,0.00013098145081518942
argmin,0.00013098145081518942
nielsen,0.00013098145081518942
hybrid,0.00013098145081518942
boston,0.00013098145081518942
classif,0.00013098145081518942
xii,0.00013098145081518942
transact,0.00013098145081518942
monograph,0.00013013092191379208
cam,0.00013013092191379208
xix,0.00013013092191379208
aij,0.00013013092191379208
embed,0.00013013092191379208
chapman,0.00013013092191379208
izi,0.00013013092191379208
wrong,0.00013013092191379208
charact,0.00013013092191379208
compris,0.00013013092191379208
page,0.00013013092191379208
peak,0.00013013092191379208
cancel,0.00012928039301239475
ruud,0.00012928039301239475
ent,0.00012928039301239475
unbiased,0.00012928039301239475
quick,0.00012928039301239475
kroneck,0.00012928039301239475
window,0.00012928039301239475
tet,0.00012928039301239475
rigor,0.00012928039301239475
pareto,0.00012928039301239475
overreject,0.00012928039301239475
ala,0.00012842986411099744
guido,0.00012842986411099744
extract,0.00012842986411099744
resp,0.00012842986411099744
hoch,0.00012842986411099744
schennach,0.00012842986411099744
eral,0.00012842986411099744
fluctuat,0.00012842986411099744
etr,0.00012842986411099744
nonetheless,0.00012842986411099744
magnac,0.00012842986411099744
reciproc,0.0001275793352096001
beresteanu,0.0001275793352096001
code,0.0001275793352096001
interdepend,0.0001275793352096001
mcgrawhil,0.00012672880630820277
ize,0.00012672880630820277
verif,0.00012672880630820277
tedious,0.00012672880630820277
tifi,0.00012672880630820277
agreement,0.00012672880630820277
ahn,0.00012672880630820277
informa,0.00012587827740680543
berlin,0.00012587827740680543
transport,0.00012587827740680543
xlt,0.00012587827740680543
oil,0.00012587827740680543
roy,0.00012587827740680543
genc,0.00012587827740680543
dataset,0.00012587827740680543
conceptu,0.00012587827740680543
welldefin,0.00012587827740680543
terminolog,0.00012587827740680543
phenomenon,0.00012587827740680543
commiss,0.00012587827740680543
neighbourhood,0.00012587827740680543
lit,0.0001250277485054081
stan,0.0001250277485054081
bit,0.0001250277485054081
australian,0.0001250277485054081
jeffrey,0.00012417721960401076
ble,0.00012417721960401076
station,0.00012417721960401076
gauss,0.00012417721960401076
yil,0.00012417721960401076
excel,0.00012417721960401076
xik,0.00012417721960401076
whittl,0.00012417721960401076
bekker,0.00012417721960401076
fewer,0.00012417721960401076
holli,0.00012417721960401076
distributionfre,0.00012332669070261342
ber,0.00012332669070261342
proba,0.00012332669070261342
conver,0.00012332669070261342
vertic,0.00012332669070261342
abbrevi,0.00012332669070261342
ear,0.00012332669070261342
weaken,0.00012247616180121609
sis,0.00012247616180121609
aaa,0.00012247616180121609
stratifi,0.00012247616180121609
mea,0.00012247616180121609
prescrib,0.00012162563289981875
sake,0.00012162563289981875
dard,0.00012162563289981875
aic,0.00012162563289981875
dom,0.00012162563289981875
modulus,0.00012162563289981875
enhanc,0.00012162563289981875
irregular,0.00012162563289981875
onlin,0.00012162563289981875
xil,0.00012162563289981875
mses,0.00012162563289981875
parsimoni,0.00012077510399842141
regret,0.00012077510399842141
interchang,0.00012077510399842141
intend,0.00012077510399842141
gox,0.00012077510399842141
bassett,0.00012077510399842141
compos,0.00012077510399842141
extrapol,0.00012077510399842141
seven,0.00011992457509702408
staiger,0.00011992457509702408
multidimension,0.00011992457509702408
hxi,0.00011992457509702408
jansson,0.00011992457509702408
portion,0.00011992457509702408
redund,0.00011992457509702408
aea,0.00011992457509702408
tell,0.00011992457509702408
chan,0.00011992457509702408
summand,0.00011907404619562676
individualspecif,0.00011907404619562676
nongaussian,0.00011907404619562676
harvey,0.00011907404619562676
auto,0.00011907404619562676
gas,0.00011907404619562676
nconsist,0.00011907404619562676
black,0.00011907404619562676
mal,0.00011907404619562676
shortrun,0.00011907404619562676
quartil,0.00011907404619562676
rhs,0.00011907404619562676
pari,0.00011822351729422942
onedimension,0.00011822351729422942
ari,0.00011822351729422942
prd,0.00011822351729422942
garp,0.00011822351729422942
att,0.00011822351729422942
round,0.00011822351729422942
mini,0.00011822351729422942
gibb,0.00011737298839283208
ation,0.00011737298839283208
deter,0.00011737298839283208
increment,0.00011737298839283208
rich,0.00011737298839283208
fox,0.00011737298839283208
propensityscor,0.00011737298839283208
wang,0.00011737298839283208
divis,0.00011737298839283208
ghk,0.00011737298839283208
superscript,0.00011737298839283208
fxi,0.00011737298839283208
male,0.00011737298839283208
men,0.00011737298839283208
stephen,0.00011737298839283208
appreci,0.00011737298839283208
inferenti,0.00011737298839283208
tit,0.00011652245949143475
primarili,0.00011652245949143475
santo,0.00011652245949143475
multi,0.00011652245949143475
capita,0.00011652245949143475
maker,0.00011652245949143475
contrari,0.00011652245949143475
gression,0.00011652245949143475
dit,0.00011567193059003741
infinitedimension,0.00011567193059003741
whatev,0.00011567193059003741
sult,0.00011567193059003741
aigner,0.00011567193059003741
inappropri,0.00011567193059003741
universit,0.00011567193059003741
saddlepoint,0.00011567193059003741
radius,0.00011567193059003741
graham,0.00011567193059003741
merit,0.00011567193059003741
bear,0.00011482140168864008
pursu,0.00011482140168864008
plug,0.00011482140168864008
heyd,0.00011482140168864008
cragg,0.00011482140168864008
ult,0.00011482140168864008
cauchyschwarz,0.00011482140168864008
berndt,0.00011482140168864008
manufactur,0.00011482140168864008
wise,0.00011482140168864008
histor,0.00011397087278724274
ficat,0.00011397087278724274
ath,0.00011397087278724274
unnecessari,0.00011397087278724274
naiv,0.00011397087278724274
ran,0.00011397087278724274
microeconom,0.00011397087278724274
edg,0.00011397087278724274
tendenc,0.00011397087278724274
accomplish,0.00011397087278724274
disequilibrium,0.00011397087278724274
tauchen,0.00011397087278724274
amt,0.00011397087278724274
fulfil,0.00011397087278724274
probabilist,0.00011397087278724274
hereaft,0.00011312034388584542
pairwis,0.00011312034388584542
unweight,0.00011312034388584542
portfolio,0.00011312034388584542
dev,0.00011312034388584542
raw,0.00011312034388584542
diego,0.00011312034388584542
intervent,0.00011312034388584542
countabl,0.00011312034388584542
mira,0.00011312034388584542
background,0.00011312034388584542
alli,0.00011312034388584542
holder,0.00011226981498444808
gdp,0.00011226981498444808
deriva,0.00011226981498444808
kristensen,0.00011226981498444808
vuong,0.00011226981498444808
truth,0.00011226981498444808
parent,0.00011141928608305075
eight,0.00011141928608305075
fullinform,0.00011141928608305075
subsystem,0.00011141928608305075
duce,0.00011141928608305075
unaffect,0.00011141928608305075
kolmogorov,0.00011141928608305075
sse,0.00011141928608305075
cone,0.00011141928608305075
textbook,0.00011141928608305075
cubic,0.00011141928608305075
rosa,0.00011141928608305075
femal,0.00011141928608305075
spend,0.00011141928608305075
necess,0.00011141928608305075
insert,0.00011141928608305075
jennrich,0.00011141928608305075
health,0.00011141928608305075
carrol,0.00011141928608305075
lln,0.00011141928608305075
hermit,0.00011141928608305075
neumann,0.00011056875718165341
eventu,0.00011056875718165341
clarifi,0.00011056875718165341
newton,0.00011056875718165341
guidanc,0.00011056875718165341
kyriazidou,0.00011056875718165341
ipi,0.00011056875718165341
heavili,0.00011056875718165341
cheng,0.00011056875718165341
suit,0.00011056875718165341
notabl,0.00011056875718165341
haven,0.00011056875718165341
ill,0.00010971822828025608
whenc,0.00010971822828025608
kingdom,0.00010971822828025608
hit,0.00010971822828025608
asf,0.00010971822828025608
valuat,0.00010971822828025608
num,0.00010971822828025608
closedform,0.00010971822828025608
ibragimov,0.00010971822828025608
applica,0.00010886769937885874
cube,0.00010886769937885874
stuart,0.00010886769937885874
nal,0.00010886769937885874
proven,0.00010886769937885874
bajari,0.00010886769937885874
timeinvari,0.00010886769937885874
columbia,0.00010886769937885874
forth,0.00010886769937885874
council,0.00010886769937885874
ell,0.00010886769937885874
fli,0.00010886769937885874
cusum,0.00010886769937885874
dot,0.00010886769937885874
silvey,0.0001080171704774614
patent,0.0001080171704774614
bottom,0.0001080171704774614
render,0.0001080171704774614
redefin,0.0001080171704774614
ramsey,0.0001080171704774614
practition,0.0001080171704774614
arrang,0.0001080171704774614
ecta,0.0001080171704774614
justidentifi,0.0001080171704774614
imperfect,0.0001080171704774614
cps,0.0001080171704774614
eet,0.00010716664157606408
wei,0.00010716664157606408
pit,0.00010716664157606408
ferenc,0.00010716664157606408
agricultur,0.00010716664157606408
aitsahalia,0.00010716664157606408
submatric,0.00010716664157606408
approx,0.00010716664157606408
xtt,0.00010716664157606408
bus,0.00010631611267466675
ficient,0.00010631611267466675
resolv,0.00010631611267466675
contigu,0.00010631611267466675
intrilig,0.00010631611267466675
ambigu,0.00010631611267466675
ymptotic,0.00010631611267466675
irrespect,0.00010631611267466675
straight,0.00010631611267466675
pseudotru,0.00010546558377326941
xli,0.00010546558377326941
misclassif,0.00010546558377326941
arithmet,0.00010546558377326941
fxx,0.00010546558377326941
frontier,0.00010546558377326941
lmt,0.00010461505487187207
ein,0.00010461505487187207
halbert,0.00010461505487187207
nonaddit,0.00010461505487187207
liu,0.00010461505487187207
sor,0.00010461505487187207
pxt,0.00010461505487187207
robb,0.00010461505487187207
strap,0.00010461505487187207
child,0.00010461505487187207
document,0.00010461505487187207
lowest,0.00010461505487187207
takeshi,0.00010376452597047474
bulletin,0.00010376452597047474
hypothet,0.00010376452597047474
arthur,0.00010376452597047474
montecarlo,0.00010376452597047474
qit,0.00010376452597047474
softwar,0.00010376452597047474
calibr,0.00010376452597047474
sphere,0.00010376452597047474
soar,0.00010376452597047474
women,0.00010376452597047474
knn,0.00010376452597047474
embodi,0.00010376452597047474
graduat,0.00010376452597047474
nearest,0.00010376452597047474
bhattacharya,0.00010376452597047474
specifica,0.00010376452597047474
singleequ,0.00010376452597047474
nent,0.0001029139970690774
bollerslev,0.0001029139970690774
tent,0.0001029139970690774
dual,0.0001029139970690774
sensibl,0.0001029139970690774
credibl,0.0001029139970690774
piecewis,0.0001029139970690774
campbel,0.0001029139970690774
shephard,0.0001029139970690774
franc,0.0001029139970690774
meyer,0.00010206346816768007
crawford,0.00010206346816768007
rootn,0.00010206346816768007
core,0.00010206346816768007
gasolin,0.00010206346816768007
rica,0.00010206346816768007
port,0.00010206346816768007
encourag,0.00010206346816768007
vation,0.00010206346816768007
calculus,0.00010206346816768007
ele,0.00010121293926628273
ordin,0.00010121293926628273
pyt,0.00010121293926628273
mcmc,0.00010121293926628273
esi,0.00010121293926628273
quan,0.00010121293926628273
ait,0.00010121293926628273
confus,0.00010121293926628273
million,0.00010121293926628273
elabor,0.00010121293926628273
longitudin,0.00010121293926628273
maxima,0.00010121293926628273
probabil,0.00010121293926628273
chi,0.00010121293926628273
andersen,0.00010121293926628273
smoke,0.00010121293926628273
vide,0.00010036241036488541
dealt,0.00010036241036488541
dfx,0.00010036241036488541
vice,0.00010036241036488541
wrt,0.00010036241036488541
sobolev,0.00010036241036488541
inher,0.00010036241036488541
proce,0.00010036241036488541
quasimaximum,0.00010036241036488541
argmax,0.00010036241036488541
cess,0.00010036241036488541
goodnessoffit,0.00010036241036488541
assur,0.00010036241036488541
demean,0.00010036241036488541
math,0.00010036241036488541
classifi,0.00010036241036488541
francisco,9.951188146348807e-05
kuerstein,9.951188146348807e-05
kdimension,9.951188146348807e-05
nativ,9.951188146348807e-05
dramat,9.951188146348807e-05
mother,9.951188146348807e-05
friedman,9.951188146348807e-05
british,9.951188146348807e-05
fuel,9.951188146348807e-05
apt,9.951188146348807e-05
zhang,9.951188146348807e-05
pearson,9.951188146348807e-05
gener,9.951188146348807e-05
packag,9.951188146348807e-05
visit,9.951188146348807e-05
synthet,9.951188146348807e-05
depen,9.951188146348807e-05
pointidentifi,9.951188146348807e-05
tural,9.866135256209074e-05
essay,9.866135256209074e-05
datadriven,9.866135256209074e-05
unusu,9.866135256209074e-05
tilt,9.866135256209074e-05
lal,9.866135256209074e-05
sketch,9.866135256209074e-05
atkinson,9.866135256209074e-05
disadvantag,9.866135256209074e-05
fect,9.866135256209074e-05
rosenblatt,9.866135256209074e-05
dyt,9.866135256209074e-05
imag,9.866135256209074e-05
eyix,9.866135256209074e-05
tween,9.866135256209074e-05
weibul,9.78108236606934e-05
endow,9.78108236606934e-05
postwar,9.78108236606934e-05
rho,9.78108236606934e-05
tinuous,9.78108236606934e-05
sel,9.78108236606934e-05
euu,9.78108236606934e-05
highdimension,9.78108236606934e-05
seminonparametr,9.78108236606934e-05
limt,9.78108236606934e-05
addi,9.78108236606934e-05
inid,9.78108236606934e-05
isol,9.78108236606934e-05
ext,9.78108236606934e-05
loos,9.78108236606934e-05
therein,9.78108236606934e-05
differenceindiffer,9.696029475929607e-05
attach,9.696029475929607e-05
sparsiti,9.696029475929607e-05
sherman,9.696029475929607e-05
ayi,9.696029475929607e-05
spectra,9.696029475929607e-05
graphic,9.696029475929607e-05
twenti,9.696029475929607e-05
col,9.696029475929607e-05
ness,9.610976585789873e-05
pls,9.610976585789873e-05
overestim,9.610976585789873e-05
pos,9.610976585789873e-05
verlag,9.610976585789873e-05
ili,9.610976585789873e-05
etal,9.610976585789873e-05
ullah,9.610976585789873e-05
induct,9.610976585789873e-05
infinitesim,9.610976585789873e-05
spell,9.52592369565014e-05
akaik,9.52592369565014e-05
certainti,9.52592369565014e-05
grs,9.52592369565014e-05
slutski,9.52592369565014e-05
collinear,9.52592369565014e-05
orthant,9.52592369565014e-05
nid,9.440870805510407e-05
oppos,9.440870805510407e-05
travel,9.440870805510407e-05
supo,9.440870805510407e-05
cochran,9.440870805510407e-05
bergstrom,9.440870805510407e-05
levin,9.440870805510407e-05
discard,9.440870805510407e-05
brilling,9.440870805510407e-05
ourselv,9.440870805510407e-05
carrasco,9.355817915370674e-05
oracl,9.355817915370674e-05
flo,9.355817915370674e-05
ere,9.355817915370674e-05
kean,9.355817915370674e-05
ftest,9.355817915370674e-05
shi,9.355817915370674e-05
barndorffnielsen,9.355817915370674e-05
resembl,9.355817915370674e-05
stepwis,9.355817915370674e-05
periodogram,9.355817915370674e-05
identifica,9.355817915370674e-05
prepar,9.355817915370674e-05
obser,9.355817915370674e-05
compo,9.355817915370674e-05
mimeograph,9.355817915370674e-05
permut,9.355817915370674e-05
pennsylvania,9.355817915370674e-05
conjunct,9.355817915370674e-05
tial,9.355817915370674e-05
kelejian,9.355817915370674e-05
striction,9.27076502523094e-05
cdfs,9.27076502523094e-05
qml,9.27076502523094e-05
distrib,9.27076502523094e-05
unconfounded,9.27076502523094e-05
viewpoint,9.27076502523094e-05
hajivassiliou,9.27076502523094e-05
georg,9.27076502523094e-05
rela,9.27076502523094e-05
vella,9.27076502523094e-05
indi,9.27076502523094e-05
substant,9.27076502523094e-05
ati,9.27076502523094e-05
nine,9.27076502523094e-05
evolut,9.27076502523094e-05
ito,9.27076502523094e-05
underassumpt,9.27076502523094e-05
middl,9.27076502523094e-05
axx,9.185712135091206e-05
har,9.185712135091206e-05
network,9.185712135091206e-05
join,9.185712135091206e-05
affin,9.185712135091206e-05
infimum,9.185712135091206e-05
arp,9.185712135091206e-05
wij,9.100659244951473e-05
mzi,9.100659244951473e-05
reproduc,9.100659244951473e-05
netherland,9.100659244951473e-05
sbr,9.100659244951473e-05
contour,9.100659244951473e-05
intract,9.100659244951473e-05
pictur,9.100659244951473e-05
devot,9.100659244951473e-05
kloek,9.100659244951473e-05
tra,9.100659244951473e-05
martin,9.100659244951473e-05
orem,9.100659244951473e-05
sume,9.100659244951473e-05
ytt,9.015606354811739e-05
iowa,9.015606354811739e-05
sandwich,9.015606354811739e-05
novel,9.015606354811739e-05
old,9.015606354811739e-05
tal,9.015606354811739e-05
vij,9.015606354811739e-05
modern,9.015606354811739e-05
occurr,9.015606354811739e-05
mnl,9.015606354811739e-05
mum,9.015606354811739e-05
stein,9.015606354811739e-05
tune,9.015606354811739e-05
backward,8.930553464672006e-05
gregori,8.930553464672006e-05
qte,8.930553464672006e-05
prucha,8.930553464672006e-05
olsen,8.930553464672006e-05
versa,8.930553464672006e-05
schwarz,8.930553464672006e-05
xnt,8.930553464672006e-05
yoi,8.930553464672006e-05
pute,8.930553464672006e-05
limitedinform,8.930553464672006e-05
nonsmooth,8.930553464672006e-05
ifi,8.845500574532273e-05
eti,8.845500574532273e-05
shifter,8.845500574532273e-05
souza,8.845500574532273e-05
hausdorff,8.845500574532273e-05
crude,8.845500574532273e-05
hail,8.845500574532273e-05
unimod,8.845500574532273e-05
buy,8.845500574532273e-05
hypergeometr,8.845500574532273e-05
offdiagon,8.845500574532273e-05
frank,8.845500574532273e-05
highlevel,8.845500574532273e-05
occup,8.845500574532273e-05
efron,8.845500574532273e-05
insensit,8.845500574532273e-05
aak,8.845500574532273e-05
skip,8.76044768439254e-05
bahadur,8.76044768439254e-05
imat,8.76044768439254e-05
dls,8.76044768439254e-05
problemat,8.76044768439254e-05
jensen,8.76044768439254e-05
univ,8.76044768439254e-05
withingroup,8.76044768439254e-05
els,8.76044768439254e-05
rotat,8.76044768439254e-05
zeromean,8.76044768439254e-05
hotel,8.76044768439254e-05
cumbersom,8.76044768439254e-05
tin,8.76044768439254e-05
lse,8.76044768439254e-05
ccs,8.76044768439254e-05
jan,8.76044768439254e-05
loop,8.76044768439254e-05
spread,8.76044768439254e-05
epi,8.76044768439254e-05
concret,8.76044768439254e-05
prime,8.675394794252806e-05
lemieux,8.675394794252806e-05
koert,8.675394794252806e-05
haavelmo,8.675394794252806e-05
mismeasur,8.675394794252806e-05
she,8.675394794252806e-05
lost,8.675394794252806e-05
pzi,8.675394794252806e-05
impuls,8.675394794252806e-05
varian,8.675394794252806e-05
workshop,8.675394794252806e-05
stay,8.675394794252806e-05
transpos,8.590341904113073e-05
mileag,8.590341904113073e-05
cedur,8.590341904113073e-05
effi,8.590341904113073e-05
joseph,8.590341904113073e-05
mth,8.590341904113073e-05
statistician,8.590341904113073e-05
bond,8.590341904113073e-05
thousand,8.590341904113073e-05
tific,8.590341904113073e-05
levi,8.590341904113073e-05
duncan,8.590341904113073e-05
extern,8.590341904113073e-05
chebyshev,8.590341904113073e-05
adequaci,8.590341904113073e-05
coeff,8.590341904113073e-05
pol,8.590341904113073e-05
bera,8.590341904113073e-05
chose,8.590341904113073e-05
cii,8.505289013973339e-05
xij,8.505289013973339e-05
choicebas,8.505289013973339e-05
young,8.505289013973339e-05
grenand,8.505289013973339e-05
sen,8.505289013973339e-05
cast,8.505289013973339e-05
bundl,8.505289013973339e-05
mann,8.505289013973339e-05
dlr,8.505289013973339e-05
access,8.505289013973339e-05
imprecis,8.505289013973339e-05
stant,8.505289013973339e-05
inferior,8.505289013973339e-05
computa,8.505289013973339e-05
fuzzi,8.505289013973339e-05
ali,8.420236123833606e-05
vinod,8.420236123833606e-05
fortun,8.420236123833606e-05
guess,8.420236123833606e-05
domowitz,8.420236123833606e-05
kenneth,8.420236123833606e-05
clude,8.420236123833606e-05
aiv,8.420236123833606e-05
cpd,8.420236123833606e-05
reestim,8.420236123833606e-05
cutoff,8.420236123833606e-05
hull,8.420236123833606e-05
edu,8.420236123833606e-05
meghir,8.420236123833606e-05
overview,8.420236123833606e-05
eigen,8.420236123833606e-05
convolut,8.335183233693872e-05
pth,8.335183233693872e-05
commut,8.335183233693872e-05
stoy,8.335183233693872e-05
monahan,8.335183233693872e-05
jerri,8.335183233693872e-05
erat,8.335183233693872e-05
alt,8.335183233693872e-05
iit,8.335183233693872e-05
defici,8.335183233693872e-05
ampl,8.335183233693872e-05
yii,8.335183233693872e-05
coo,8.335183233693872e-05
trivedi,8.335183233693872e-05
asi,8.335183233693872e-05
perperiod,8.335183233693872e-05
monitor,8.335183233693872e-05
ixt,8.335183233693872e-05
firststep,8.335183233693872e-05
war,8.335183233693872e-05
benkard,8.335183233693872e-05
xxi,8.25013034355414e-05
arnold,8.25013034355414e-05
suspect,8.25013034355414e-05
sent,8.25013034355414e-05
lai,8.25013034355414e-05
cit,8.25013034355414e-05
huang,8.25013034355414e-05
minut,8.25013034355414e-05
land,8.25013034355414e-05
crossproduct,8.25013034355414e-05
accumul,8.25013034355414e-05
johnston,8.25013034355414e-05
era,8.25013034355414e-05
configur,8.25013034355414e-05
knot,8.25013034355414e-05
lii,8.25013034355414e-05
tile,8.25013034355414e-05
tintner,8.25013034355414e-05
cramerrao,8.165077453414406e-05
struct,8.165077453414406e-05
awar,8.165077453414406e-05
cate,8.165077453414406e-05
kept,8.165077453414406e-05
absent,8.165077453414406e-05
poi,8.165077453414406e-05
devis,8.165077453414406e-05
scott,8.165077453414406e-05
hii,8.165077453414406e-05
advoc,8.165077453414406e-05
dreze,8.165077453414406e-05
dgx,8.165077453414406e-05
compound,8.165077453414406e-05
bodi,8.165077453414406e-05
lxt,8.165077453414406e-05
eut,8.165077453414406e-05
worthwhil,8.165077453414406e-05
ericsson,8.165077453414406e-05
ndimension,8.080024563274673e-05
hatanaka,8.080024563274673e-05
walker,8.080024563274673e-05
communic,8.080024563274673e-05
verg,8.080024563274673e-05
fur,8.080024563274673e-05
stringent,8.080024563274673e-05
jim,8.080024563274673e-05
equip,8.080024563274673e-05
ritov,8.080024563274673e-05
rand,8.080024563274673e-05
ian,8.080024563274673e-05
nonconst,8.080024563274673e-05
swami,7.994971673134939e-05
newtonraphson,7.994971673134939e-05
bii,7.994971673134939e-05
strument,7.994971673134939e-05
preclud,7.994971673134939e-05
mcdonald,7.994971673134939e-05
air,7.994971673134939e-05
git,7.994971673134939e-05
reformul,7.994971673134939e-05
prewhiten,7.994971673134939e-05
euler,7.994971673134939e-05
minnesota,7.994971673134939e-05
depict,7.994971673134939e-05
cut,7.909918782995205e-05
das,7.909918782995205e-05
hetero,7.909918782995205e-05
took,7.909918782995205e-05
efi,7.909918782995205e-05
nonmonoton,7.909918782995205e-05
nous,7.909918782995205e-05
unambigu,7.909918782995205e-05
exx,7.909918782995205e-05
markovian,7.909918782995205e-05
orcutt,7.909918782995205e-05
ini,7.909918782995205e-05
inconclus,7.909918782995205e-05
nash,7.909918782995205e-05
auction,7.909918782995205e-05
autor,7.909918782995205e-05
mimic,7.824865892855472e-05
carolina,7.824865892855472e-05
capabl,7.824865892855472e-05
wahba,7.824865892855472e-05
pathwis,7.824865892855472e-05
ytl,7.824865892855472e-05
hillier,7.824865892855472e-05
scheff,7.824865892855472e-05
leverag,7.824865892855472e-05
jenkin,7.824865892855472e-05
pertain,7.824865892855472e-05
tanaka,7.824865892855472e-05
sloan,7.824865892855472e-05
dxi,7.824865892855472e-05
des,7.739813002715738e-05
promis,7.739813002715738e-05
wicken,7.739813002715738e-05
jai,7.739813002715738e-05
secondstag,7.739813002715738e-05
avar,7.739813002715738e-05
unequ,7.739813002715738e-05
poirier,7.739813002715738e-05
nonposit,7.739813002715738e-05
someth,7.739813002715738e-05
pti,7.739813002715738e-05
amix,7.739813002715738e-05
urban,7.739813002715738e-05
stud,7.739813002715738e-05
nit,7.739813002715738e-05
fti,7.654760112576006e-05
sequel,7.654760112576006e-05
ver,7.654760112576006e-05
hamilton,7.654760112576006e-05
evi,7.654760112576006e-05
pii,7.654760112576006e-05
velasco,7.654760112576006e-05
cereal,7.654760112576006e-05
jone,7.654760112576006e-05
xtxt,7.654760112576006e-05
horizont,7.654760112576006e-05
oligopoli,7.654760112576006e-05
kotz,7.654760112576006e-05
attrit,7.569707222436272e-05
pij,7.569707222436272e-05
xtj,7.569707222436272e-05
wild,7.569707222436272e-05
straint,7.569707222436272e-05
asymmetri,7.569707222436272e-05
ser,7.569707222436272e-05
big,7.569707222436272e-05
itl,7.569707222436272e-05
pling,7.569707222436272e-05
generalis,7.569707222436272e-05
vectorvalu,7.569707222436272e-05
hnt,7.569707222436272e-05
unspecifi,7.569707222436272e-05
prespecifi,7.569707222436272e-05
discretechoic,7.569707222436272e-05
eyo,7.569707222436272e-05
spheric,7.569707222436272e-05
ibm,7.484654332296539e-05
mcaleer,7.484654332296539e-05
convert,7.484654332296539e-05
exhaust,7.484654332296539e-05
anyth,7.484654332296539e-05
qtt,7.484654332296539e-05
ytj,7.484654332296539e-05
ttt,7.484654332296539e-05
supx,7.484654332296539e-05
cic,7.484654332296539e-05
xki,7.484654332296539e-05
gram,7.484654332296539e-05
endpoint,7.484654332296539e-05
luca,7.484654332296539e-05
maurin,7.484654332296539e-05
smoother,7.484654332296539e-05
silverman,7.484654332296539e-05
buchinski,7.484654332296539e-05
rot,7.484654332296539e-05
counterexampl,7.484654332296539e-05
cemmap,7.399601442156805e-05
coef,7.399601442156805e-05
adjoint,7.399601442156805e-05
kvector,7.399601442156805e-05
titl,7.399601442156805e-05
laffont,7.399601442156805e-05
ccp,7.399601442156805e-05
ipw,7.399601442156805e-05
bell,7.399601442156805e-05
tan,7.399601442156805e-05
strateg,7.399601442156805e-05
nonoverlap,7.399601442156805e-05
expecta,7.399601442156805e-05
green,7.399601442156805e-05
canadian,7.399601442156805e-05
eyd,7.399601442156805e-05
supp,7.399601442156805e-05
trognon,7.399601442156805e-05
shen,7.399601442156805e-05
sgn,7.399601442156805e-05
dxt,7.399601442156805e-05
lish,7.399601442156805e-05
yao,7.399601442156805e-05
frame,7.314548552017072e-05
sibl,7.314548552017072e-05
mand,7.314548552017072e-05
marshallian,7.314548552017072e-05
lose,7.314548552017072e-05
logl,7.314548552017072e-05
citi,7.314548552017072e-05
tni,7.314548552017072e-05
histogram,7.314548552017072e-05
skill,7.314548552017072e-05
ponent,7.314548552017072e-05
kiviet,7.314548552017072e-05
christoph,7.314548552017072e-05
favour,7.314548552017072e-05
liv,7.314548552017072e-05
secondari,7.314548552017072e-05
indefinit,7.229495661877338e-05
xmm,7.229495661877338e-05
ship,7.229495661877338e-05
deterior,7.229495661877338e-05
spot,7.229495661877338e-05
xax,7.229495661877338e-05
psd,7.229495661877338e-05
charac,7.229495661877338e-05
feel,7.229495661877338e-05
chap,7.229495661877338e-05
egx,7.229495661877338e-05
street,7.229495661877338e-05
eil,7.229495661877338e-05
zzz,7.229495661877338e-05
fellow,7.229495661877338e-05
chiappori,7.229495661877338e-05
thick,7.229495661877338e-05
instantan,7.229495661877338e-05
cpu,7.229495661877338e-05
aitchison,7.229495661877338e-05
plimt,7.229495661877338e-05
koyck,7.229495661877338e-05
shorter,7.144442771737605e-05
roger,7.144442771737605e-05
xex,7.144442771737605e-05
you,7.144442771737605e-05
gcl,7.144442771737605e-05
startz,7.144442771737605e-05
acceler,7.144442771737605e-05
pan,7.144442771737605e-05
meth,7.144442771737605e-05
realiti,7.144442771737605e-05
ana,7.144442771737605e-05
tistic,7.144442771737605e-05
vogelsang,7.144442771737605e-05
xxxx,7.144442771737605e-05
vergenc,7.144442771737605e-05
neous,7.144442771737605e-05
inventori,7.144442771737605e-05
franklin,7.144442771737605e-05
hinkley,7.144442771737605e-05
hal,7.144442771737605e-05
feller,7.144442771737605e-05
pitman,7.144442771737605e-05
sml,7.144442771737605e-05
geneiti,7.144442771737605e-05
ror,7.144442771737605e-05
frisch,7.144442771737605e-05
zvi,7.144442771737605e-05
cornel,7.144442771737605e-05
tighter,7.144442771737605e-05
ackerberg,7.144442771737605e-05
unob,7.144442771737605e-05
subgroup,7.144442771737605e-05
electr,7.144442771737605e-05
spite,7.144442771737605e-05
xtx,7.144442771737605e-05
duke,7.059389881597871e-05
cons,7.059389881597871e-05
pierc,7.059389881597871e-05
tech,7.059389881597871e-05
yni,7.059389881597871e-05
hildreth,7.059389881597871e-05
mxi,7.059389881597871e-05
semimartingal,7.059389881597871e-05
aot,7.059389881597871e-05
expr,7.059389881597871e-05
quasilikelihood,7.059389881597871e-05
logn,7.059389881597871e-05
minima,7.059389881597871e-05
xlo,7.059389881597871e-05
txt,7.059389881597871e-05
ail,7.059389881597871e-05
esrc,7.059389881597871e-05
prop,7.059389881597871e-05
indiffer,7.059389881597871e-05
lxi,7.059389881597871e-05
continuum,7.059389881597871e-05
kolmogorovsmirnov,7.059389881597871e-05
sigma,7.059389881597871e-05
movingaverag,6.974336991458139e-05
athey,6.974336991458139e-05
olog,6.974336991458139e-05
chao,6.974336991458139e-05
aver,6.974336991458139e-05
circumv,6.974336991458139e-05
joo,6.974336991458139e-05
imposit,6.974336991458139e-05
restat,6.974336991458139e-05
mis,6.974336991458139e-05
reset,6.974336991458139e-05
lis,6.974336991458139e-05
hart,6.974336991458139e-05
dispos,6.974336991458139e-05
uninform,6.974336991458139e-05
vis,6.974336991458139e-05
mobil,6.974336991458139e-05
ual,6.974336991458139e-05
evolv,6.974336991458139e-05
machin,6.974336991458139e-05
gth,6.974336991458139e-05
quadratur,6.889284101318405e-05
mon,6.889284101318405e-05
brock,6.889284101318405e-05
uncorrect,6.889284101318405e-05
recurr,6.889284101318405e-05
pop,6.889284101318405e-05
stem,6.889284101318405e-05
quir,6.889284101318405e-05
nonparamet,6.889284101318405e-05
nth,6.889284101318405e-05
crossequ,6.889284101318405e-05
chanc,6.889284101318405e-05
aft,6.889284101318405e-05
emphasi,6.889284101318405e-05
ward,6.889284101318405e-05
elt,6.889284101318405e-05
pox,6.889284101318405e-05
rect,6.889284101318405e-05
supt,6.889284101318405e-05
simulationbas,6.889284101318405e-05
yth,6.804231211178672e-05
nonregular,6.804231211178672e-05
mise,6.804231211178672e-05
rotterdam,6.804231211178672e-05
scheinkman,6.804231211178672e-05
circul,6.804231211178672e-05
kramer,6.804231211178672e-05
mds,6.804231211178672e-05
zivot,6.804231211178672e-05
gastwirth,6.804231211178672e-05
capac,6.804231211178672e-05
elicit,6.804231211178672e-05
rational,6.804231211178672e-05
tti,6.804231211178672e-05
appendic,6.804231211178672e-05
forego,6.804231211178672e-05
opinion,6.804231211178672e-05
hadamard,6.804231211178672e-05
sixth,6.804231211178672e-05
fml,6.804231211178672e-05
noisi,6.804231211178672e-05
perfor,6.804231211178672e-05
lumsdain,6.719178321038938e-05
randomeffect,6.719178321038938e-05
trivari,6.719178321038938e-05
marri,6.719178321038938e-05
banc,6.719178321038938e-05
nice,6.719178321038938e-05
ldv,6.719178321038938e-05
iqr,6.719178321038938e-05
copi,6.719178321038938e-05
arbitrag,6.719178321038938e-05
distur,6.719178321038938e-05
neudeck,6.719178321038938e-05
tiao,6.719178321038938e-05
taper,6.719178321038938e-05
soo,6.719178321038938e-05
solow,6.719178321038938e-05
crime,6.719178321038938e-05
mles,6.719178321038938e-05
decim,6.719178321038938e-05
fstatist,6.719178321038938e-05
pronounc,6.719178321038938e-05
orn,6.719178321038938e-05
untreat,6.719178321038938e-05
dichotom,6.719178321038938e-05
afriat,6.719178321038938e-05
waldtyp,6.719178321038938e-05
pierr,6.719178321038938e-05
shrinkag,6.719178321038938e-05
sive,6.719178321038938e-05
albeit,6.719178321038938e-05
absorb,6.719178321038938e-05
manc,6.719178321038938e-05
ylx,6.719178321038938e-05
serfl,6.719178321038938e-05
kuh,6.719178321038938e-05
yyt,6.634125430899204e-05
abrevaya,6.634125430899204e-05
postmultipli,6.634125430899204e-05
xkt,6.634125430899204e-05
jinyong,6.634125430899204e-05
besid,6.634125430899204e-05
balestra,6.634125430899204e-05
geograph,6.634125430899204e-05
itt,6.634125430899204e-05
eia,6.634125430899204e-05
pyi,6.634125430899204e-05
plane,6.634125430899204e-05
muller,6.634125430899204e-05
ttest,6.634125430899204e-05
warp,6.634125430899204e-05
transforma,6.634125430899204e-05
lyt,6.634125430899204e-05
rectangular,6.634125430899204e-05
nonexperiment,6.634125430899204e-05
yis,6.634125430899204e-05
supe,6.634125430899204e-05
tensor,6.634125430899204e-05
subroutin,6.634125430899204e-05
race,6.549072540759471e-05
quantifi,6.549072540759471e-05
singh,6.549072540759471e-05
fortin,6.549072540759471e-05
yix,6.549072540759471e-05
plicat,6.549072540759471e-05
frequentist,6.549072540759471e-05
und,6.549072540759471e-05
barten,6.549072540759471e-05
xiaohong,6.549072540759471e-05
incumb,6.549072540759471e-05
caution,6.549072540759471e-05
meant,6.549072540759471e-05
uncensor,6.549072540759471e-05
yoo,6.549072540759471e-05
ipt,6.549072540759471e-05
iyi,6.549072540759471e-05
lecam,6.549072540759471e-05
byproduct,6.549072540759471e-05
piec,6.549072540759471e-05
changepoint,6.549072540759471e-05
sat,6.549072540759471e-05
lihood,6.549072540759471e-05
unabl,6.549072540759471e-05
trix,6.464019650619737e-05
positivedefinit,6.464019650619737e-05
lan,6.464019650619737e-05
med,6.464019650619737e-05
threestep,6.464019650619737e-05
versiti,6.464019650619737e-05
likelihoodbas,6.464019650619737e-05
lnn,6.464019650619737e-05
semipara,6.464019650619737e-05
walter,6.464019650619737e-05
hidalgo,6.464019650619737e-05
trigonometr,6.464019650619737e-05
dan,6.464019650619737e-05
truli,6.464019650619737e-05
bar,6.464019650619737e-05
vnt,6.464019650619737e-05
endog,6.464019650619737e-05
lerman,6.464019650619737e-05
erti,6.464019650619737e-05
sug,6.464019650619737e-05
russel,6.464019650619737e-05
simula,6.464019650619737e-05
snt,6.464019650619737e-05
scientif,6.464019650619737e-05
zarembka,6.464019650619737e-05
wao,6.464019650619737e-05
rochest,6.464019650619737e-05
fyt,6.464019650619737e-05
stratum,6.464019650619737e-05
monotoni,6.464019650619737e-05
rxi,6.378966760480005e-05
ann,6.378966760480005e-05
angel,6.378966760480005e-05
fin,6.378966760480005e-05
hyperplan,6.378966760480005e-05
vtt,6.378966760480005e-05
blackwel,6.378966760480005e-05
eui,6.378966760480005e-05
choi,6.378966760480005e-05
undersmooth,6.378966760480005e-05
til,6.378966760480005e-05
los,6.378966760480005e-05
ori,6.378966760480005e-05
optima,6.378966760480005e-05
erron,6.378966760480005e-05
rectangl,6.378966760480005e-05
mcleish,6.378966760480005e-05
ned,6.378966760480005e-05
oscil,6.378966760480005e-05
lml,6.378966760480005e-05
hopkin,6.378966760480005e-05
angl,6.378966760480005e-05
yogo,6.378966760480005e-05
repr,6.378966760480005e-05
iiii,6.378966760480005e-05
tml,6.378966760480005e-05
eao,6.293913870340271e-05
toronto,6.293913870340271e-05
montreal,6.293913870340271e-05
fyo,6.293913870340271e-05
rit,6.293913870340271e-05
ples,6.293913870340271e-05
bne,6.293913870340271e-05
thin,6.293913870340271e-05
corpor,6.293913870340271e-05
otk,6.293913870340271e-05
unadjust,6.293913870340271e-05
england,6.293913870340271e-05
physic,6.293913870340271e-05
advic,6.293913870340271e-05
quot,6.293913870340271e-05
abrahams,6.293913870340271e-05
kit,6.293913870340271e-05
wls,6.293913870340271e-05
dimen,6.293913870340271e-05
taneous,6.293913870340271e-05
undertaken,6.208860980200538e-05
geometri,6.208860980200538e-05
equiva,6.208860980200538e-05
unreli,6.208860980200538e-05
corner,6.208860980200538e-05
art,6.208860980200538e-05
improp,6.208860980200538e-05
microeconometr,6.208860980200538e-05
adjac,6.208860980200538e-05
hundr,6.208860980200538e-05
ond,6.208860980200538e-05
tenci,6.208860980200538e-05
nonrespons,6.208860980200538e-05
nevo,6.208860980200538e-05
hartley,6.208860980200538e-05
poo,6.208860980200538e-05
pend,6.208860980200538e-05
microdata,6.208860980200538e-05
sar,6.208860980200538e-05
simu,6.208860980200538e-05
eii,6.208860980200538e-05
wolpin,6.208860980200538e-05
eff,6.208860980200538e-05
yji,6.208860980200538e-05
poli,6.208860980200538e-05
pin,6.208860980200538e-05
tinbergen,6.208860980200538e-05
prospect,6.208860980200538e-05
sophist,6.123808090060804e-05
pdimension,6.123808090060804e-05
ouliari,6.123808090060804e-05
hildenbrand,6.123808090060804e-05
consecut,6.123808090060804e-05
germani,6.123808090060804e-05
rice,6.123808090060804e-05
fxk,6.123808090060804e-05
taker,6.123808090060804e-05
fto,6.123808090060804e-05
pmax,6.123808090060804e-05
byron,6.123808090060804e-05
usag,6.123808090060804e-05
resid,6.123808090060804e-05
xis,6.123808090060804e-05
leisur,6.123808090060804e-05
zli,6.123808090060804e-05
bin,6.123808090060804e-05
clc,6.123808090060804e-05
khan,6.123808090060804e-05
dix,6.123808090060804e-05
infor,6.123808090060804e-05
calzolari,6.123808090060804e-05
manifest,6.038755199921071e-05
iri,6.038755199921071e-05
mom,6.038755199921071e-05
asid,6.038755199921071e-05
christ,6.038755199921071e-05
learner,6.038755199921071e-05
fellowship,6.038755199921071e-05
fij,6.038755199921071e-05
bimod,6.038755199921071e-05
cuss,6.038755199921071e-05
bresnahan,6.038755199921071e-05
fyy,6.038755199921071e-05
byt,6.038755199921071e-05
mph,6.038755199921071e-05
nickel,6.038755199921071e-05
owe,6.038755199921071e-05
jong,6.038755199921071e-05
roll,6.038755199921071e-05
tsay,6.038755199921071e-05
dwt,6.038755199921071e-05
ulat,6.038755199921071e-05
ona,6.038755199921071e-05
ghosh,6.038755199921071e-05
goldfeldquandt,6.038755199921071e-05
lth,6.038755199921071e-05
pascal,6.038755199921071e-05
thompson,6.038755199921071e-05
ticular,6.038755199921071e-05
twosampl,6.038755199921071e-05
neymanpearson,6.038755199921071e-05
muellbauer,5.953702309781338e-05
cri,5.953702309781338e-05
chetti,5.953702309781338e-05
ewt,5.953702309781338e-05
modest,5.953702309781338e-05
fre,5.953702309781338e-05
omiss,5.953702309781338e-05
ist,5.953702309781338e-05
brook,5.953702309781338e-05
cia,5.953702309781338e-05
permiss,5.953702309781338e-05
foc,5.953702309781338e-05
hurwicz,5.953702309781338e-05
errorfre,5.953702309781338e-05
diebold,5.953702309781338e-05
hussain,5.953702309781338e-05
occasion,5.953702309781338e-05
magnus,5.953702309781338e-05
mss,5.953702309781338e-05
siam,5.953702309781338e-05
berger,5.953702309781338e-05
tical,5.953702309781338e-05
companion,5.953702309781338e-05
pix,5.953702309781338e-05
feldstein,5.953702309781338e-05
telser,5.953702309781338e-05
xib,5.953702309781338e-05
macmillan,5.953702309781338e-05
built,5.868649419641604e-05
tjl,5.868649419641604e-05
matic,5.868649419641604e-05
hox,5.868649419641604e-05
ronald,5.868649419641604e-05
lau,5.868649419641604e-05
xtl,5.868649419641604e-05
ticiti,5.868649419641604e-05
htt,5.868649419641604e-05
afield,5.868649419641604e-05
limsup,5.868649419641604e-05
lmn,5.868649419641604e-05
rent,5.868649419641604e-05
izat,5.868649419641604e-05
amin,5.868649419641604e-05
sth,5.868649419641604e-05
knight,5.868649419641604e-05
offic,5.868649419641604e-05
revisit,5.868649419641604e-05
macurdi,5.868649419641604e-05
moffitt,5.868649419641604e-05
leipnik,5.868649419641604e-05
spitzer,5.868649419641604e-05
iai,5.868649419641604e-05
correla,5.868649419641604e-05
nearestneighbor,5.868649419641604e-05
icl,5.868649419641604e-05
tst,5.868649419641604e-05
mikhail,5.868649419641604e-05
toulous,5.868649419641604e-05
rossi,5.868649419641604e-05
zti,5.868649419641604e-05
ffi,5.7835965295018707e-05
insuffici,5.7835965295018707e-05
pioneer,5.7835965295018707e-05
kalman,5.7835965295018707e-05
selector,5.7835965295018707e-05
readi,5.7835965295018707e-05
complementari,5.7835965295018707e-05
susann,5.7835965295018707e-05
opk,5.7835965295018707e-05
eax,5.7835965295018707e-05
multiperiod,5.7835965295018707e-05
uti,5.7835965295018707e-05
spec,5.7835965295018707e-05
unbalanc,5.7835965295018707e-05
sati,5.7835965295018707e-05
dpx,5.7835965295018707e-05
ferent,5.7835965295018707e-05
distant,5.7835965295018707e-05
afford,5.7835965295018707e-05
unitari,5.7835965295018707e-05
shed,5.7835965295018707e-05
cameron,5.7835965295018707e-05
outofsampl,5.7835965295018707e-05
acv,5.698543639362137e-05
plete,5.698543639362137e-05
confi,5.698543639362137e-05
supi,5.698543639362137e-05
lyi,5.698543639362137e-05
abort,5.698543639362137e-05
dudley,5.698543639362137e-05
reiss,5.698543639362137e-05
txx,5.698543639362137e-05
jeanmari,5.698543639362137e-05
yin,5.698543639362137e-05
lungfei,5.698543639362137e-05
ulrich,5.698543639362137e-05
ujt,5.698543639362137e-05
fdf,5.698543639362137e-05
instruct,5.698543639362137e-05
ruppert,5.698543639362137e-05
vxi,5.698543639362137e-05
ymi,5.698543639362137e-05
gaussmarkov,5.698543639362137e-05
clement,5.698543639362137e-05
pendakur,5.698543639362137e-05
lot,5.698543639362137e-05
joshua,5.698543639362137e-05
decad,5.698543639362137e-05
enjoy,5.698543639362137e-05
recreat,5.698543639362137e-05
banach,5.698543639362137e-05
heteroskedasticityconsist,5.698543639362137e-05
shiller,5.698543639362137e-05
discretetim,5.698543639362137e-05
promin,5.613490749222404e-05
storag,5.613490749222404e-05
etj,5.613490749222404e-05
ashenfelt,5.613490749222404e-05
expan,5.613490749222404e-05
differen,5.613490749222404e-05
ftx,5.613490749222404e-05
fir,5.613490749222404e-05
gest,5.613490749222404e-05
simon,5.613490749222404e-05
transfor,5.613490749222404e-05
illinoi,5.613490749222404e-05
aoo,5.613490749222404e-05
begun,5.613490749222404e-05
singleindex,5.613490749222404e-05
griffin,5.613490749222404e-05
dougla,5.613490749222404e-05
aoy,5.613490749222404e-05
zjs,5.613490749222404e-05
dehejia,5.613490749222404e-05
ial,5.613490749222404e-05
translog,5.613490749222404e-05
rithm,5.613490749222404e-05
ular,5.613490749222404e-05
mvector,5.613490749222404e-05
matlab,5.613490749222404e-05
def,5.613490749222404e-05
rbb,5.613490749222404e-05
tialli,5.613490749222404e-05
spectiv,5.613490749222404e-05
stratif,5.613490749222404e-05
diagram,5.613490749222404e-05
emx,5.613490749222404e-05
fixedpoint,5.613490749222404e-05
beran,5.613490749222404e-05
ziy,5.5284378590826706e-05
sii,5.5284378590826706e-05
qll,5.5284378590826706e-05
lix,5.5284378590826706e-05
reform,5.5284378590826706e-05
speci,5.5284378590826706e-05
axe,5.5284378590826706e-05
duffi,5.5284378590826706e-05
southern,5.5284378590826706e-05
apo,5.5284378590826706e-05
thirdord,5.5284378590826706e-05
cls,5.5284378590826706e-05
doubli,5.5284378590826706e-05
gxt,5.5284378590826706e-05
arima,5.5284378590826706e-05
databas,5.5284378590826706e-05
manual,5.5284378590826706e-05
intrins,5.5284378590826706e-05
cavanagh,5.5284378590826706e-05
hicksian,5.5284378590826706e-05
membership,5.5284378590826706e-05
mccallum,5.5284378590826706e-05
copula,5.5284378590826706e-05
qin,5.5284378590826706e-05
impor,5.5284378590826706e-05
neural,5.5284378590826706e-05
erp,5.5284378590826706e-05
ton,5.5284378590826706e-05
cnt,5.5284378590826706e-05
aao,5.5284378590826706e-05
sampler,5.5284378590826706e-05
cattaneo,5.443384968942937e-05
denni,5.443384968942937e-05
twodimension,5.443384968942937e-05
oll,5.443384968942937e-05
default,5.443384968942937e-05
broader,5.443384968942937e-05
rij,5.443384968942937e-05
south,5.443384968942937e-05
plimn,5.443384968942937e-05
ancillari,5.443384968942937e-05
spe,5.443384968942937e-05
dfi,5.443384968942937e-05
ezt,5.443384968942937e-05
welsch,5.443384968942937e-05
cloth,5.443384968942937e-05
semin,5.443384968942937e-05
pesendorf,5.443384968942937e-05
prx,5.443384968942937e-05
born,5.358332078803204e-05
likelihoodratio,5.358332078803204e-05
sto,5.358332078803204e-05
ezi,5.358332078803204e-05
bill,5.358332078803204e-05
collaps,5.358332078803204e-05
ultim,5.358332078803204e-05
ain,5.358332078803204e-05
xixi,5.358332078803204e-05
minmax,5.358332078803204e-05
solo,5.358332078803204e-05
dirichlet,5.358332078803204e-05
jour,5.358332078803204e-05
economica,5.358332078803204e-05
lalond,5.358332078803204e-05
holt,5.358332078803204e-05
steven,5.358332078803204e-05
eee,5.358332078803204e-05
twt,5.358332078803204e-05
weather,5.358332078803204e-05
discov,5.358332078803204e-05
algo,5.358332078803204e-05
pkn,5.358332078803204e-05
psid,5.358332078803204e-05
wtt,5.358332078803204e-05
fastest,5.358332078803204e-05
store,5.358332078803204e-05
influenti,5.358332078803204e-05
blue,5.358332078803204e-05
wilk,5.358332078803204e-05
commerci,5.358332078803204e-05
ftt,5.358332078803204e-05
alberto,5.358332078803204e-05
ptn,5.358332078803204e-05
intertempor,5.358332078803204e-05
xxt,5.358332078803204e-05
victor,5.358332078803204e-05
farm,5.358332078803204e-05
vev,5.358332078803204e-05
lagrangian,5.358332078803204e-05
eai,5.2732791886634705e-05
sae,5.2732791886634705e-05
ttl,5.2732791886634705e-05
cmt,5.2732791886634705e-05
grouplevel,5.2732791886634705e-05
undesir,5.2732791886634705e-05
diminish,5.2732791886634705e-05
ieee,5.2732791886634705e-05
oph,5.2732791886634705e-05
newbold,5.2732791886634705e-05
jaffe,5.2732791886634705e-05
andersonrubin,5.2732791886634705e-05
fill,5.2732791886634705e-05
instrumentalvari,5.2732791886634705e-05
sharpli,5.2732791886634705e-05
sti,5.2732791886634705e-05
cienci,5.2732791886634705e-05
fzi,5.2732791886634705e-05
drastic,5.2732791886634705e-05
planner,5.2732791886634705e-05
home,5.2732791886634705e-05
surviv,5.2732791886634705e-05
marcel,5.2732791886634705e-05
xts,5.2732791886634705e-05
ute,5.2732791886634705e-05
tim,5.2732791886634705e-05
berk,5.2732791886634705e-05
conceiv,5.2732791886634705e-05
nil,5.2732791886634705e-05
winter,5.2732791886634705e-05
overfit,5.2732791886634705e-05
fig,5.2732791886634705e-05
rival,5.2732791886634705e-05
ross,5.2732791886634705e-05
hos,5.188226298523737e-05
suffi,5.188226298523737e-05
xdx,5.188226298523737e-05
hij,5.188226298523737e-05
decil,5.188226298523737e-05
iji,5.188226298523737e-05
biometr,5.188226298523737e-05
qualif,5.188226298523737e-05
hospit,5.188226298523737e-05
disjoint,5.188226298523737e-05
judd,5.188226298523737e-05
oit,5.188226298523737e-05
sxx,5.188226298523737e-05
alien,5.188226298523737e-05
bruce,5.188226298523737e-05
rock,5.188226298523737e-05
zil,5.188226298523737e-05
uncontrol,5.188226298523737e-05
psycholog,5.188226298523737e-05
prw,5.188226298523737e-05
trt,5.188226298523737e-05
nonneglig,5.188226298523737e-05
eij,5.188226298523737e-05
stata,5.188226298523737e-05
zez,5.188226298523737e-05
anali,5.188226298523737e-05
edi,5.188226298523737e-05
wave,5.188226298523737e-05
yox,5.188226298523737e-05
ijth,5.188226298523737e-05
statistiqu,5.188226298523737e-05
exog,5.188226298523737e-05
copenhagen,5.188226298523737e-05
interquartil,5.188226298523737e-05
web,5.188226298523737e-05
heavi,5.188226298523737e-05
nvector,5.188226298523737e-05
barnett,5.188226298523737e-05
wegg,5.188226298523737e-05
unreason,5.188226298523737e-05
beach,5.188226298523737e-05
methodofmo,5.188226298523737e-05
tukey,5.188226298523737e-05
dec,5.1031734083840034e-05
sition,5.1031734083840034e-05
tang,5.1031734083840034e-05
ynt,5.1031734083840034e-05
jia,5.1031734083840034e-05
christensen,5.1031734083840034e-05
xlx,5.1031734083840034e-05
kullbackleibl,5.1031734083840034e-05
jci,5.1031734083840034e-05
timothi,5.1031734083840034e-05
underidentifi,5.1031734083840034e-05
bid,5.1031734083840034e-05
kernelbas,5.1031734083840034e-05
baltagi,5.1031734083840034e-05
pis,5.1031734083840034e-05
armap,5.1031734083840034e-05
pendenc,5.1031734083840034e-05
dpz,5.1031734083840034e-05
foo,5.1031734083840034e-05
strata,5.1031734083840034e-05
mill,5.1031734083840034e-05
aei,5.1031734083840034e-05
execut,5.1031734083840034e-05
rmses,5.1031734083840034e-05
prt,5.1031734083840034e-05
sankhya,5.1031734083840034e-05
sij,5.1031734083840034e-05
sweet,5.1031734083840034e-05
nin,5.1031734083840034e-05
unr,5.1031734083840034e-05
car,5.1031734083840034e-05
supn,5.1031734083840034e-05
ave,5.1031734083840034e-05
maxo,5.1031734083840034e-05
harri,5.1031734083840034e-05
gressor,5.1031734083840034e-05
gill,5.1031734083840034e-05
madison,5.1031734083840034e-05
unt,5.1031734083840034e-05
pyx,5.1031734083840034e-05
rnt,5.1031734083840034e-05
fxz,5.1031734083840034e-05
ett,5.1031734083840034e-05
ghysel,5.1031734083840034e-05
bernoulli,5.1031734083840034e-05
servat,5.1031734083840034e-05
hoeffd,5.0181205182442705e-05
ific,5.0181205182442705e-05
fll,5.0181205182442705e-05
dws,5.0181205182442705e-05
jin,5.0181205182442705e-05
pmx,5.0181205182442705e-05
richer,5.0181205182442705e-05
song,5.0181205182442705e-05
aix,5.0181205182442705e-05
sizeadjust,5.0181205182442705e-05
ution,5.0181205182442705e-05
bilinear,5.0181205182442705e-05
egi,5.0181205182442705e-05
thursbi,5.0181205182442705e-05
mmc,5.0181205182442705e-05
icm,5.0181205182442705e-05
ivi,5.0181205182442705e-05
char,5.0181205182442705e-05
vast,5.0181205182442705e-05
terrel,5.0181205182442705e-05
swanson,5.0181205182442705e-05
srba,5.0181205182442705e-05
presid,5.0181205182442705e-05
fyi,5.0181205182442705e-05
les,5.0181205182442705e-05
nate,5.0181205182442705e-05
nov,5.0181205182442705e-05
pare,5.0181205182442705e-05
harmon,5.0181205182442705e-05
harvardmit,5.0181205182442705e-05
tant,5.0181205182442705e-05
rhode,5.0181205182442705e-05
dft,5.0181205182442705e-05
pic,5.0181205182442705e-05
thorough,5.0181205182442705e-05
akl,5.0181205182442705e-05
digit,5.0181205182442705e-05
fnx,5.0181205182442705e-05
agt,5.0181205182442705e-05
wpl,5.0181205182442705e-05
isfi,5.0181205182442705e-05
ousli,5.0181205182442705e-05
japan,5.0181205182442705e-05
lent,5.0181205182442705e-05
iva,5.0181205182442705e-05
disregard,5.0181205182442705e-05
determinant,5.0181205182442705e-05
coin,4.933067628104537e-05
rural,4.933067628104537e-05
nondur,4.933067628104537e-05
attenu,4.933067628104537e-05
fii,4.933067628104537e-05
bryan,4.933067628104537e-05
nhn,4.933067628104537e-05
minkowski,4.933067628104537e-05
forj,4.933067628104537e-05
sional,4.933067628104537e-05
soon,4.933067628104537e-05
crete,4.933067628104537e-05
ucla,4.933067628104537e-05
ydi,4.933067628104537e-05
onl,4.933067628104537e-05
shortcom,4.933067628104537e-05
unsatisfactori,4.933067628104537e-05
chris,4.933067628104537e-05
autoregr,4.933067628104537e-05
dii,4.933067628104537e-05
gti,4.933067628104537e-05
roo,4.933067628104537e-05
qth,4.933067628104537e-05
meanvalu,4.933067628104537e-05
tot,4.933067628104537e-05
site,4.933067628104537e-05
fxo,4.933067628104537e-05
philosoph,4.933067628104537e-05
ame,4.933067628104537e-05
cot,4.933067628104537e-05
markup,4.933067628104537e-05
critiqu,4.933067628104537e-05
oxi,4.933067628104537e-05
selec,4.933067628104537e-05
nonexist,4.933067628104537e-05
ontario,4.933067628104537e-05
hat,4.933067628104537e-05
wolfowitz,4.933067628104537e-05
arcidiacono,4.933067628104537e-05
marc,4.933067628104537e-05
nonclass,4.933067628104537e-05
preprint,4.933067628104537e-05
anid,4.933067628104537e-05
fish,4.933067628104537e-05
iif,4.933067628104537e-05
righthandsid,4.933067628104537e-05
fff,4.933067628104537e-05
deserv,4.933067628104537e-05
simulta,4.933067628104537e-05
oliv,4.933067628104537e-05
pseudolikelihood,4.933067628104537e-05
vermeulen,4.933067628104537e-05
cept,4.933067628104537e-05
ztt,4.933067628104537e-05
mci,4.933067628104537e-05
ijk,4.848014737964803e-05
dualiti,4.848014737964803e-05
longmemori,4.848014737964803e-05
savag,4.848014737964803e-05
xqx,4.848014737964803e-05
xni,4.848014737964803e-05
selfselect,4.848014737964803e-05
sdf,4.848014737964803e-05
lawless,4.848014737964803e-05
rel,4.848014737964803e-05
waa,4.848014737964803e-05
pst,4.848014737964803e-05
dai,4.848014737964803e-05
cho,4.848014737964803e-05
lrs,4.848014737964803e-05
andr,4.848014737964803e-05
attack,4.848014737964803e-05
opti,4.848014737964803e-05
bxt,4.848014737964803e-05
gate,4.848014737964803e-05
schedul,4.848014737964803e-05
transmit,4.848014737964803e-05
koo,4.848014737964803e-05
nomial,4.848014737964803e-05
proposi,4.848014737964803e-05
sys,4.848014737964803e-05
ful,4.848014737964803e-05
lni,4.848014737964803e-05
ici,4.848014737964803e-05
holdenday,4.848014737964803e-05
iln,4.848014737964803e-05
impl,4.848014737964803e-05
zjt,4.848014737964803e-05
him,4.848014737964803e-05
erogen,4.848014737964803e-05
brand,4.848014737964803e-05
zone,4.848014737964803e-05
chipman,4.848014737964803e-05
yij,4.848014737964803e-05
inaccur,4.848014737964803e-05
houthakk,4.848014737964803e-05
titi,4.848014737964803e-05
rio,4.76296184782507e-05
etl,4.76296184782507e-05
oeo,4.76296184782507e-05
strotz,4.76296184782507e-05
scribe,4.76296184782507e-05
breakpoint,4.76296184782507e-05
akk,4.76296184782507e-05
reparametr,4.76296184782507e-05
tom,4.76296184782507e-05
yki,4.76296184782507e-05
tse,4.76296184782507e-05
pjt,4.76296184782507e-05
xxn,4.76296184782507e-05
aia,4.76296184782507e-05
soc,4.76296184782507e-05
efx,4.76296184782507e-05
txi,4.76296184782507e-05
bowden,4.76296184782507e-05
weiss,4.76296184782507e-05
brought,4.76296184782507e-05
harrison,4.76296184782507e-05
confound,4.76296184782507e-05
phenomena,4.76296184782507e-05
namic,4.76296184782507e-05
warrant,4.76296184782507e-05
phase,4.76296184782507e-05
inevit,4.76296184782507e-05
filtrat,4.76296184782507e-05
district,4.76296184782507e-05
oxt,4.76296184782507e-05
twoequat,4.76296184782507e-05
retail,4.76296184782507e-05
eri,4.76296184782507e-05
eni,4.76296184782507e-05
azi,4.76296184782507e-05
unrealist,4.76296184782507e-05
bock,4.677908957685337e-05
imaginari,4.677908957685337e-05
kao,4.677908957685337e-05
inadequ,4.677908957685337e-05
iyt,4.677908957685337e-05
theta,4.677908957685337e-05
klaassen,4.677908957685337e-05
economtrica,4.677908957685337e-05
jushan,4.677908957685337e-05
piric,4.677908957685337e-05
ato,4.677908957685337e-05
radonnikodym,4.677908957685337e-05
nonidentif,4.677908957685337e-05
pat,4.677908957685337e-05
shorthand,4.677908957685337e-05
fio,4.677908957685337e-05
clariti,4.677908957685337e-05
srivastava,4.677908957685337e-05
energi,4.677908957685337e-05
limoo,4.677908957685337e-05
utt,4.677908957685337e-05
fortran,4.677908957685337e-05
file,4.677908957685337e-05
eft,4.677908957685337e-05
lengthi,4.677908957685337e-05
levinsohn,4.677908957685337e-05
gijbel,4.677908957685337e-05
aio,4.677908957685337e-05
indistinguish,4.677908957685337e-05
iil,4.677908957685337e-05
murphi,4.677908957685337e-05
emi,4.677908957685337e-05
confluenc,4.677908957685337e-05
klepper,4.677908957685337e-05
extran,4.677908957685337e-05
macroeconometr,4.677908957685337e-05
ther,4.677908957685337e-05
secondstep,4.677908957685337e-05
zii,4.677908957685337e-05
export,4.677908957685337e-05
ofield,4.677908957685337e-05
iix,4.677908957685337e-05
blockdiagon,4.677908957685337e-05
azt,4.677908957685337e-05
lnl,4.677908957685337e-05
win,4.677908957685337e-05
representa,4.677908957685337e-05
ayj,4.677908957685337e-05
stern,4.592856067545603e-05
loo,4.592856067545603e-05
tyt,4.592856067545603e-05
intro,4.592856067545603e-05
bristol,4.592856067545603e-05
ternat,4.592856067545603e-05
feb,4.592856067545603e-05
tij,4.592856067545603e-05
experienc,4.592856067545603e-05
arrow,4.592856067545603e-05
ast,4.592856067545603e-05
ahead,4.592856067545603e-05
print,4.592856067545603e-05
gebiet,4.592856067545603e-05
eln,4.592856067545603e-05
pilot,4.592856067545603e-05
ingredi,4.592856067545603e-05
tnj,4.592856067545603e-05
xhx,4.592856067545603e-05
xfx,4.592856067545603e-05
pepper,4.592856067545603e-05
plosser,4.592856067545603e-05
fls,4.592856067545603e-05
gxj,4.592856067545603e-05
cardin,4.592856067545603e-05
ibi,4.592856067545603e-05
aat,4.592856067545603e-05
pothesi,4.592856067545603e-05
uij,4.592856067545603e-05
subclass,4.592856067545603e-05
ivt,4.592856067545603e-05
mize,4.592856067545603e-05
bli,4.592856067545603e-05
dictat,4.592856067545603e-05
wilson,4.592856067545603e-05
itj,4.592856067545603e-05
inject,4.592856067545603e-05
liter,4.592856067545603e-05
bsi,4.592856067545603e-05
hot,4.592856067545603e-05
liminf,4.592856067545603e-05
texa,4.592856067545603e-05
tlt,4.592856067545603e-05
zlt,4.592856067545603e-05
sistenc,4.592856067545603e-05
pseudorandom,4.592856067545603e-05
yay,4.592856067545603e-05
fruit,4.592856067545603e-05
ooo,4.592856067545603e-05
bab,4.592856067545603e-05
tighten,4.592856067545603e-05
heavytail,4.592856067545603e-05
istic,4.592856067545603e-05
marschak,4.592856067545603e-05
particu,4.592856067545603e-05
veloc,4.592856067545603e-05
jtpa,4.592856067545603e-05
impress,4.592856067545603e-05
fullsampl,4.592856067545603e-05
dogen,4.592856067545603e-05
administr,4.5078031774058696e-05
deadweight,4.5078031774058696e-05
charit,4.5078031774058696e-05
lay,4.5078031774058696e-05
pact,4.5078031774058696e-05
cwp,4.5078031774058696e-05
nonlin,4.5078031774058696e-05
predic,4.5078031774058696e-05
flt,4.5078031774058696e-05
uiy,4.5078031774058696e-05
taber,4.5078031774058696e-05
tibshirani,4.5078031774058696e-05
tori,4.5078031774058696e-05
yjs,4.5078031774058696e-05
aai,4.5078031774058696e-05
eqt,4.5078031774058696e-05
adult,4.5078031774058696e-05
liber,4.5078031774058696e-05
erf,4.5078031774058696e-05
qti,4.5078031774058696e-05
twelv,4.5078031774058696e-05
lto,4.5078031774058696e-05
nontreat,4.5078031774058696e-05
pdfs,4.5078031774058696e-05
bij,4.5078031774058696e-05
occas,4.5078031774058696e-05
itn,4.5078031774058696e-05
meanzero,4.5078031774058696e-05
degeneraci,4.5078031774058696e-05
aut,4.5078031774058696e-05
yxi,4.5078031774058696e-05
heaton,4.5078031774058696e-05
thereof,4.5078031774058696e-05
ativ,4.5078031774058696e-05
eyl,4.5078031774058696e-05
rememb,4.5078031774058696e-05
fri,4.5078031774058696e-05
oni,4.5078031774058696e-05
tps,4.5078031774058696e-05
priestley,4.5078031774058696e-05
star,4.5078031774058696e-05
eux,4.5078031774058696e-05
eix,4.5078031774058696e-05
aoa,4.5078031774058696e-05
litera,4.5078031774058696e-05
oij,4.5078031774058696e-05
iih,4.5078031774058696e-05
sym,4.5078031774058696e-05
roth,4.5078031774058696e-05
riesz,4.5078031774058696e-05
underreject,4.422750287266137e-05
fqx,4.422750287266137e-05
turbanc,4.422750287266137e-05
avenu,4.422750287266137e-05
hoo,4.422750287266137e-05
pkx,4.422750287266137e-05
shum,4.422750287266137e-05
cliff,4.422750287266137e-05
prz,4.422750287266137e-05
ferguson,4.422750287266137e-05
counti,4.422750287266137e-05
wherebi,4.422750287266137e-05
crash,4.422750287266137e-05
rep,4.422750287266137e-05
incur,4.422750287266137e-05
track,4.422750287266137e-05
aht,4.422750287266137e-05
thumb,4.422750287266137e-05
ssr,4.422750287266137e-05
wil,4.422750287266137e-05
estimat,4.422750287266137e-05
wii,4.422750287266137e-05
competitor,4.422750287266137e-05
pra,4.422750287266137e-05
qoo,4.422750287266137e-05
rni,4.422750287266137e-05
cial,4.422750287266137e-05
instrumen,4.422750287266137e-05
palm,4.422750287266137e-05
bigger,4.422750287266137e-05
unavail,4.422750287266137e-05
varia,4.422750287266137e-05
fac,4.422750287266137e-05
groupspecif,4.422750287266137e-05
hab,4.422750287266137e-05
innocu,4.422750287266137e-05
enlarg,4.422750287266137e-05
itali,4.422750287266137e-05
chamber,4.422750287266137e-05
isi,4.422750287266137e-05
fzt,4.422750287266137e-05
individ,4.422750287266137e-05
gonzalo,4.422750287266137e-05
adj,4.422750287266137e-05
choleski,4.422750287266137e-05
hxt,4.422750287266137e-05
evanston,4.422750287266137e-05
ila,4.422750287266137e-05
mad,4.422750287266137e-05
werner,4.422750287266137e-05
ziz,4.422750287266137e-05
deni,4.422750287266137e-05
pendix,4.422750287266137e-05
nonincreas,4.337697397126403e-05
madrid,4.337697397126403e-05
technometr,4.337697397126403e-05
grade,4.337697397126403e-05
ofor,4.337697397126403e-05
essenc,4.337697397126403e-05
plant,4.337697397126403e-05
rlt,4.337697397126403e-05
trick,4.337697397126403e-05
vidual,4.337697397126403e-05
defect,4.337697397126403e-05
kij,4.337697397126403e-05
laq,4.337697397126403e-05
herman,4.337697397126403e-05
liviatan,4.337697397126403e-05
widespread,4.337697397126403e-05
rootnconsist,4.337697397126403e-05
weber,4.337697397126403e-05
fifti,4.337697397126403e-05
ztl,4.337697397126403e-05
expec,4.337697397126403e-05
lang,4.337697397126403e-05
simultaneousequ,4.337697397126403e-05
rdr,4.337697397126403e-05
seo,4.337697397126403e-05
limno,4.337697397126403e-05
impract,4.337697397126403e-05
traine,4.337697397126403e-05
aal,4.337697397126403e-05
librari,4.337697397126403e-05
gressiv,4.337697397126403e-05
quadrant,4.337697397126403e-05
wjt,4.337697397126403e-05
entrant,4.337697397126403e-05
nesheim,4.337697397126403e-05
resort,4.337697397126403e-05
aol,4.337697397126403e-05
marron,4.337697397126403e-05
nro,4.337697397126403e-05
zonal,4.337697397126403e-05
awt,4.337697397126403e-05
wagner,4.337697397126403e-05
skorohod,4.337697397126403e-05
cooper,4.337697397126403e-05
estab,4.337697397126403e-05
refut,4.337697397126403e-05
cxt,4.337697397126403e-05
iiia,4.337697397126403e-05
succeed,4.337697397126403e-05
multifactor,4.337697397126403e-05
yiy,4.337697397126403e-05
western,4.337697397126403e-05
lewi,4.337697397126403e-05
laboratori,4.337697397126403e-05
quentli,4.2526445069866696e-05
ano,4.2526445069866696e-05
goodman,4.2526445069866696e-05
opi,4.2526445069866696e-05
tem,4.2526445069866696e-05
rii,4.2526445069866696e-05
inputoutput,4.2526445069866696e-05
stutzer,4.2526445069866696e-05
nsw,4.2526445069866696e-05
evt,4.2526445069866696e-05
self,4.2526445069866696e-05
tionari,4.2526445069866696e-05
joon,4.2526445069866696e-05
addingup,4.2526445069866696e-05
conven,4.2526445069866696e-05
nece,4.2526445069866696e-05
panic,4.2526445069866696e-05
gtt,4.2526445069866696e-05
vicin,4.2526445069866696e-05
iim,4.2526445069866696e-05
refresh,4.2526445069866696e-05
pru,4.2526445069866696e-05
neigh,4.2526445069866696e-05
tripl,4.2526445069866696e-05
lnx,4.2526445069866696e-05
err,4.2526445069866696e-05
proportion,4.2526445069866696e-05
madanski,4.2526445069866696e-05
epz,4.2526445069866696e-05
finish,4.2526445069866696e-05
afi,4.2526445069866696e-05
yor,4.2526445069866696e-05
imagin,4.2526445069866696e-05
board,4.2526445069866696e-05
propor,4.2526445069866696e-05
brace,4.2526445069866696e-05
kohn,4.2526445069866696e-05
nonident,4.2526445069866696e-05
ntx,4.2526445069866696e-05
moo,4.2526445069866696e-05
leontief,4.2526445069866696e-05
wong,4.2526445069866696e-05
xin,4.2526445069866696e-05
depreci,4.2526445069866696e-05
mdimension,4.2526445069866696e-05
unexpect,4.2526445069866696e-05
onetim,4.2526445069866696e-05
repli,4.2526445069866696e-05
ishii,4.2526445069866696e-05
mul,4.2526445069866696e-05
rea,4.2526445069866696e-05
ker,4.2526445069866696e-05
dwl,4.2526445069866696e-05
transpar,4.2526445069866696e-05
esj,4.2526445069866696e-05
reaction,4.2526445069866696e-05
queen,4.2526445069866696e-05
mxx,4.2526445069866696e-05
faculti,4.2526445069866696e-05
pnt,4.2526445069866696e-05
deem,4.2526445069866696e-05
yatchew,4.2526445069866696e-05
iyo,4.2526445069866696e-05
tnt,4.2526445069866696e-05
circular,4.2526445069866696e-05
purg,4.2526445069866696e-05
toda,4.2526445069866696e-05
delgado,4.2526445069866696e-05
priat,4.167591616846936e-05
nichol,4.167591616846936e-05
poy,4.167591616846936e-05
aoj,4.167591616846936e-05
nonidentifi,4.167591616846936e-05
gorman,4.167591616846936e-05
cochraneorcutt,4.167591616846936e-05
wast,4.167591616846936e-05
nan,4.167591616846936e-05
ucsd,4.167591616846936e-05
carneiro,4.167591616846936e-05
cij,4.167591616846936e-05
nite,4.167591616846936e-05
nondifferenti,4.167591616846936e-05
capm,4.167591616846936e-05
defini,4.167591616846936e-05
zhao,4.167591616846936e-05
maryland,4.167591616846936e-05
fiscal,4.167591616846936e-05
dud,4.167591616846936e-05
unif,4.167591616846936e-05
compu,4.167591616846936e-05
graybil,4.167591616846936e-05
vil,4.167591616846936e-05
worri,4.167591616846936e-05
xfi,4.167591616846936e-05
advis,4.167591616846936e-05
niqu,4.167591616846936e-05
sol,4.167591616846936e-05
ino,4.167591616846936e-05
wolak,4.167591616846936e-05
nfi,4.167591616846936e-05
terist,4.167591616846936e-05
freedman,4.167591616846936e-05
alfr,4.167591616846936e-05
fes,4.167591616846936e-05
xtn,4.167591616846936e-05
elog,4.167591616846936e-05
faa,4.167591616846936e-05
vfi,4.167591616846936e-05
pio,4.167591616846936e-05
cant,4.167591616846936e-05
nhl,4.167591616846936e-05
languag,4.167591616846936e-05
alia,4.167591616846936e-05
tiabl,4.167591616846936e-05
pil,4.167591616846936e-05
ornsteinuhlenbeck,4.167591616846936e-05
xpi,4.167591616846936e-05
jil,4.167591616846936e-05
dyi,4.167591616846936e-05
wale,4.167591616846936e-05
cli,4.167591616846936e-05
yxt,4.167591616846936e-05
illus,4.167591616846936e-05
oii,4.167591616846936e-05
prescott,4.167591616846936e-05
anal,4.167591616846936e-05
pjx,4.167591616846936e-05
mahajan,4.167591616846936e-05
kpp,4.167591616846936e-05
harold,4.167591616846936e-05
fww,4.167591616846936e-05
pretreat,4.167591616846936e-05
abus,4.167591616846936e-05
topcod,4.167591616846936e-05
clusterrobust,4.167591616846936e-05
item,4.167591616846936e-05
kmax,4.167591616846936e-05
coun,4.167591616846936e-05
riskfre,4.167591616846936e-05
aforement,4.082538726707203e-05
lmc,4.082538726707203e-05
mta,4.082538726707203e-05
diamet,4.082538726707203e-05
opm,4.082538726707203e-05
branch,4.082538726707203e-05
xtr,4.082538726707203e-05
aug,4.082538726707203e-05
xox,4.082538726707203e-05
homo,4.082538726707203e-05
lindsay,4.082538726707203e-05
rie,4.082538726707203e-05
bessel,4.082538726707203e-05
carrier,4.082538726707203e-05
fft,4.082538726707203e-05
alo,4.082538726707203e-05
tln,4.082538726707203e-05
lxl,4.082538726707203e-05
cen,4.082538726707203e-05
simplex,4.082538726707203e-05
uncertain,4.082538726707203e-05
recomput,4.082538726707203e-05
ayx,4.082538726707203e-05
conting,4.082538726707203e-05
explana,4.082538726707203e-05
slack,4.082538726707203e-05
eroskedast,4.082538726707203e-05
stocha,4.082538726707203e-05
axz,4.082538726707203e-05
imi,4.082538726707203e-05
esp,4.082538726707203e-05
cap,4.082538726707203e-05
api,4.082538726707203e-05
cer,4.082538726707203e-05
fourthord,4.082538726707203e-05
paribus,4.082538726707203e-05
ownpric,4.082538726707203e-05
nln,4.082538726707203e-05
mahalanobi,4.082538726707203e-05
tut,4.082538726707203e-05
minimand,4.082538726707203e-05
tnr,4.082538726707203e-05
onehalf,4.082538726707203e-05
pzt,4.082538726707203e-05
mari,4.082538726707203e-05
calcu,4.082538726707203e-05
neg,3.9974858365674695e-05
pvector,3.9974858365674695e-05
inr,3.9974858365674695e-05
credit,3.9974858365674695e-05
lattic,3.9974858365674695e-05
mehta,3.9974858365674695e-05
alvarez,3.9974858365674695e-05
qxx,3.9974858365674695e-05
picard,3.9974858365674695e-05
ryx,3.9974858365674695e-05
doob,3.9974858365674695e-05
equiv,3.9974858365674695e-05
conley,3.9974858365674695e-05
subperiod,3.9974858365674695e-05
tong,3.9974858365674695e-05
super,3.9974858365674695e-05
regul,3.9974858365674695e-05
wxx,3.9974858365674695e-05
xht,3.9974858365674695e-05
lahiri,3.9974858365674695e-05
amm,3.9974858365674695e-05
probabili,3.9974858365674695e-05
maliti,3.9974858365674695e-05
possi,3.9974858365674695e-05
commit,3.9974858365674695e-05
australia,3.9974858365674695e-05
expx,3.9974858365674695e-05
dwr,3.9974858365674695e-05
ppi,3.9974858365674695e-05
geert,3.9974858365674695e-05
sds,3.9974858365674695e-05
eleg,3.9974858365674695e-05
pinks,3.9974858365674695e-05
xif,3.9974858365674695e-05
chung,3.9974858365674695e-05
krishnaiah,3.9974858365674695e-05
zdz,3.9974858365674695e-05
pole,3.9974858365674695e-05
schorfheid,3.9974858365674695e-05
satchel,3.9974858365674695e-05
dinardo,3.9974858365674695e-05
whilst,3.9974858365674695e-05
equi,3.9974858365674695e-05
cti,3.9974858365674695e-05
nontrend,3.9974858365674695e-05
ted,3.9974858365674695e-05
straightfor,3.9974858365674695e-05
ascertain,3.9974858365674695e-05
christian,3.9974858365674695e-05
whom,3.9974858365674695e-05
serena,3.9974858365674695e-05
renew,3.912432946427736e-05
redistribut,3.912432946427736e-05
contin,3.912432946427736e-05
lnt,3.912432946427736e-05
inn,3.912432946427736e-05
egt,3.912432946427736e-05
amen,3.912432946427736e-05
ifj,3.912432946427736e-05
wherein,3.912432946427736e-05
sli,3.912432946427736e-05
axj,3.912432946427736e-05
dale,3.912432946427736e-05
lindley,3.912432946427736e-05
asl,3.912432946427736e-05
fax,3.912432946427736e-05
genuin,3.912432946427736e-05
ihi,3.912432946427736e-05
asterisk,3.912432946427736e-05
meat,3.912432946427736e-05
unclear,3.912432946427736e-05
ban,3.912432946427736e-05
xiy,3.912432946427736e-05
portmanteau,3.912432946427736e-05
aln,3.912432946427736e-05
allevi,3.912432946427736e-05
nakamura,3.912432946427736e-05
ifx,3.912432946427736e-05
statisticalassoci,3.912432946427736e-05
gather,3.912432946427736e-05
mic,3.912432946427736e-05
ppp,3.912432946427736e-05
grunfeld,3.912432946427736e-05
agi,3.912432946427736e-05
caveat,3.912432946427736e-05
iij,3.912432946427736e-05
woo,3.912432946427736e-05
wti,3.912432946427736e-05
categor,3.912432946427736e-05
logi,3.912432946427736e-05
rml,3.912432946427736e-05
legitim,3.912432946427736e-05
varx,3.912432946427736e-05
anl,3.912432946427736e-05
sowel,3.912432946427736e-05
barro,3.912432946427736e-05
itx,3.912432946427736e-05
cpi,3.912432946427736e-05
bik,3.827380056288003e-05
uct,3.827380056288003e-05
englewood,3.827380056288003e-05
ehi,3.827380056288003e-05
aik,3.827380056288003e-05
eyn,3.827380056288003e-05
lpr,3.827380056288003e-05
dolado,3.827380056288003e-05
oth,3.827380056288003e-05
tnl,3.827380056288003e-05
cfr,3.827380056288003e-05
tpl,3.827380056288003e-05
uot,3.827380056288003e-05
burdensom,3.827380056288003e-05
terest,3.827380056288003e-05
pitfal,3.827380056288003e-05
fold,3.827380056288003e-05
xxl,3.827380056288003e-05
lil,3.827380056288003e-05
compli,3.827380056288003e-05
dla,3.827380056288003e-05
putat,3.827380056288003e-05
maxj,3.827380056288003e-05
nonvanish,3.827380056288003e-05
reorder,3.827380056288003e-05
arguabl,3.827380056288003e-05
rdx,3.827380056288003e-05
coy,3.827380056288003e-05
gordon,3.827380056288003e-05
sme,3.827380056288003e-05
semiparamet,3.827380056288003e-05
tzt,3.827380056288003e-05
axb,3.827380056288003e-05
highfrequ,3.827380056288003e-05
inou,3.827380056288003e-05
stimul,3.827380056288003e-05
ellips,3.827380056288003e-05
kullback,3.827380056288003e-05
cct,3.827380056288003e-05
nonnul,3.827380056288003e-05
yitzhaki,3.827380056288003e-05
arx,3.827380056288003e-05
corrupt,3.827380056288003e-05
coint,3.827380056288003e-05
inherit,3.827380056288003e-05
xtk,3.827380056288003e-05
don,3.827380056288003e-05
ceteri,3.827380056288003e-05
ket,3.827380056288003e-05
atm,3.827380056288003e-05
popula,3.827380056288003e-05
mial,3.827380056288003e-05
survivor,3.827380056288003e-05
dpn,3.827380056288003e-05
mono,3.7423271661482694e-05
yik,3.7423271661482694e-05
standpoint,3.7423271661482694e-05
fil,3.7423271661482694e-05
ryan,3.7423271661482694e-05
fubini,3.7423271661482694e-05
tii,3.7423271661482694e-05
pap,3.7423271661482694e-05
atj,3.7423271661482694e-05
danger,3.7423271661482694e-05
paula,3.7423271661482694e-05
iip,3.7423271661482694e-05
beb,3.7423271661482694e-05
expos,3.7423271661482694e-05
visual,3.7423271661482694e-05
rne,3.7423271661482694e-05
cht,3.7423271661482694e-05
combina,3.7423271661482694e-05
supnorm,3.7423271661482694e-05
tao,3.7423271661482694e-05
rout,3.7423271661482694e-05
ferenti,3.7423271661482694e-05
fare,3.7423271661482694e-05
frs,3.7423271661482694e-05
convinc,3.7423271661482694e-05
ioo,3.7423271661482694e-05
spc,3.7423271661482694e-05
hog,3.7423271661482694e-05
yll,3.7423271661482694e-05
counter,3.7423271661482694e-05
stayer,3.7423271661482694e-05
utj,3.7423271661482694e-05
logr,3.7423271661482694e-05
sex,3.7423271661482694e-05
pect,3.7423271661482694e-05
singleag,3.7423271661482694e-05
kin,3.7423271661482694e-05
asso,3.7423271661482694e-05
wellbehav,3.7423271661482694e-05
irn,3.7423271661482694e-05
stinchcomb,3.7423271661482694e-05
cussion,3.7423271661482694e-05
smm,3.7423271661482694e-05
sig,3.7423271661482694e-05
vti,3.7423271661482694e-05
broken,3.7423271661482694e-05
oecd,3.7423271661482694e-05
cin,3.7423271661482694e-05
ariel,3.7423271661482694e-05
oto,3.7423271661482694e-05
oin,3.7423271661482694e-05
noninform,3.7423271661482694e-05
expa,3.7423271661482694e-05
duplic,3.7423271661482694e-05
cern,3.7423271661482694e-05
nos,3.7423271661482694e-05
undefin,3.7423271661482694e-05
tuition,3.7423271661482694e-05
xia,3.7423271661482694e-05
cla,3.7423271661482694e-05
debat,3.7423271661482694e-05
equilib,3.7423271661482694e-05
universidad,3.7423271661482694e-05
servabl,3.7423271661482694e-05
xir,3.7423271661482694e-05
ting,3.7423271661482694e-05
louvain,3.7423271661482694e-05
watt,3.657274276008536e-05
faci,3.657274276008536e-05
tdistribut,3.657274276008536e-05
ilt,3.657274276008536e-05
irl,3.657274276008536e-05
prl,3.657274276008536e-05
esteban,3.657274276008536e-05
cyclic,3.657274276008536e-05
unitroot,3.657274276008536e-05
moorepenros,3.657274276008536e-05
pji,3.657274276008536e-05
resnick,3.657274276008536e-05
baltimor,3.657274276008536e-05
trate,3.657274276008536e-05
accompani,3.657274276008536e-05
aet,3.657274276008536e-05
tentat,3.657274276008536e-05
dividend,3.657274276008536e-05
perlman,3.657274276008536e-05
yjo,3.657274276008536e-05
cxi,3.657274276008536e-05
selten,3.657274276008536e-05
bargain,3.657274276008536e-05
ita,3.657274276008536e-05
mitchel,3.657274276008536e-05
tio,3.657274276008536e-05
xiao,3.657274276008536e-05
reg,3.657274276008536e-05
schultz,3.657274276008536e-05
warn,3.657274276008536e-05
navarro,3.657274276008536e-05
spent,3.657274276008536e-05
owen,3.657274276008536e-05
kxi,3.657274276008536e-05
aiii,3.657274276008536e-05
boo,3.657274276008536e-05
altogeth,3.657274276008536e-05
inspir,3.657274276008536e-05
epanechnikov,3.657274276008536e-05
prn,3.657274276008536e-05
pqi,3.657274276008536e-05
reconcil,3.657274276008536e-05
zeitschrift,3.657274276008536e-05
increa,3.657274276008536e-05
bailli,3.657274276008536e-05
prima,3.657274276008536e-05
ajt,3.657274276008536e-05
ixl,3.657274276008536e-05
fxj,3.657274276008536e-05
ope,3.657274276008536e-05
civ,3.657274276008536e-05
pir,3.657274276008536e-05
statistica,3.657274276008536e-05
sumer,3.657274276008536e-05
hti,3.657274276008536e-05
dyx,3.657274276008536e-05
ciliberto,3.657274276008536e-05
cmr,3.657274276008536e-05
pearl,3.657274276008536e-05
steadi,3.657274276008536e-05
ess,3.657274276008536e-05
mirror,3.657274276008536e-05
eex,3.657274276008536e-05
wpa,3.657274276008536e-05
hzt,3.572221385868802e-05
ont,3.572221385868802e-05
compromis,3.572221385868802e-05
lzl,3.572221385868802e-05
demon,3.572221385868802e-05
ohio,3.572221385868802e-05
ytk,3.572221385868802e-05
dlt,3.572221385868802e-05
overlook,3.572221385868802e-05
aumann,3.572221385868802e-05
appro,3.572221385868802e-05
chib,3.572221385868802e-05
mistak,3.572221385868802e-05
salani,3.572221385868802e-05
avec,3.572221385868802e-05
alan,3.572221385868802e-05
adam,3.572221385868802e-05
cartesian,3.572221385868802e-05
discus,3.572221385868802e-05
imum,3.572221385868802e-05
dxj,3.572221385868802e-05
firstdiffer,3.572221385868802e-05
undoubt,3.572221385868802e-05
goo,3.572221385868802e-05
ftl,3.572221385868802e-05
prototyp,3.572221385868802e-05
subsam,3.572221385868802e-05
dxx,3.572221385868802e-05
statisti,3.572221385868802e-05
tza,3.572221385868802e-05
psi,3.572221385868802e-05
pxz,3.572221385868802e-05
confront,3.572221385868802e-05
becam,3.572221385868802e-05
rdimension,3.572221385868802e-05
pmk,3.572221385868802e-05
enorm,3.572221385868802e-05
modal,3.572221385868802e-05
gzi,3.572221385868802e-05
trip,3.572221385868802e-05
stt,3.572221385868802e-05
basil,3.572221385868802e-05
fidenc,3.572221385868802e-05
sociolog,3.572221385868802e-05
delay,3.572221385868802e-05
tionship,3.572221385868802e-05
aaaa,3.572221385868802e-05
ddp,3.572221385868802e-05
cur,3.572221385868802e-05
ryy,3.572221385868802e-05
edz,3.572221385868802e-05
riskless,3.572221385868802e-05
room,3.572221385868802e-05
chl,3.572221385868802e-05
imai,3.572221385868802e-05
enforc,3.572221385868802e-05
crit,3.572221385868802e-05
adi,3.572221385868802e-05
asp,3.572221385868802e-05
mandelbrot,3.572221385868802e-05
worstcas,3.572221385868802e-05
expi,3.572221385868802e-05
interview,3.572221385868802e-05
unimport,3.4871684957290694e-05
foral,3.4871684957290694e-05
shapiro,3.4871684957290694e-05
awi,3.4871684957290694e-05
infa,3.4871684957290694e-05
dutch,3.4871684957290694e-05
eeu,3.4871684957290694e-05
alevel,3.4871684957290694e-05
hooper,3.4871684957290694e-05
partic,3.4871684957290694e-05
dfa,3.4871684957290694e-05
medic,3.4871684957290694e-05
hick,3.4871684957290694e-05
austin,3.4871684957290694e-05
yang,3.4871684957290694e-05
lri,3.4871684957290694e-05
smp,3.4871684957290694e-05
hyt,3.4871684957290694e-05
uii,3.4871684957290694e-05
unord,3.4871684957290694e-05
prod,3.4871684957290694e-05
ekeland,3.4871684957290694e-05
ezz,3.4871684957290694e-05
writer,3.4871684957290694e-05
wahrscheinlichkeitstheori,3.4871684957290694e-05
xmx,3.4871684957290694e-05
eric,3.4871684957290694e-05
aca,3.4871684957290694e-05
nonrecurs,3.4871684957290694e-05
ift,3.4871684957290694e-05
hzi,3.4871684957290694e-05
sept,3.4871684957290694e-05
troubl,3.4871684957290694e-05
kakwani,3.4871684957290694e-05
idi,3.4871684957290694e-05
oct,3.4871684957290694e-05
monopoli,3.4871684957290694e-05
driver,3.4871684957290694e-05
averi,3.4871684957290694e-05
arl,3.4871684957290694e-05
tik,3.4871684957290694e-05
felt,3.4871684957290694e-05
qna,3.4871684957290694e-05
cemfi,3.4871684957290694e-05
fractil,3.4871684957290694e-05
ppl,3.4871684957290694e-05
epa,3.4871684957290694e-05
setvalu,3.4871684957290694e-05
pxx,3.4871684957290694e-05
entertain,3.4871684957290694e-05
prakasa,3.4871684957290694e-05
evv,3.4871684957290694e-05
etk,3.4871684957290694e-05
xiz,3.4871684957290694e-05
guy,3.4871684957290694e-05
sren,3.4871684957290694e-05
dube,3.4871684957290694e-05
llx,3.4871684957290694e-05
schwartz,3.4871684957290694e-05
jarqu,3.4871684957290694e-05
zation,3.4871684957290694e-05
xio,3.4871684957290694e-05
exo,3.4871684957290694e-05
fqt,3.4871684957290694e-05
ite,3.4871684957290694e-05
dxk,3.4871684957290694e-05
sharper,3.4871684957290694e-05
aci,3.4871684957290694e-05
compel,3.4871684957290694e-05
tji,3.4871684957290694e-05
etn,3.4871684957290694e-05
uxi,3.4871684957290694e-05
lzi,3.4871684957290694e-05
minneapoli,3.4871684957290694e-05
pot,3.4871684957290694e-05
borhood,3.4871684957290694e-05
nel,3.4871684957290694e-05
doctor,3.4871684957290694e-05
nonconvex,3.4871684957290694e-05
lex,3.4871684957290694e-05
qjt,3.4871684957290694e-05
lend,3.4871684957290694e-05
lyl,3.402115605589336e-05
verwandt,3.402115605589336e-05
hidehiko,3.402115605589336e-05
vech,3.402115605589336e-05
volv,3.402115605589336e-05
maxa,3.402115605589336e-05
sander,3.402115605589336e-05
frechet,3.402115605589336e-05
vat,3.402115605589336e-05
banerje,3.402115605589336e-05
oml,3.402115605589336e-05
rti,3.402115605589336e-05
xxxi,3.402115605589336e-05
ytx,3.402115605589336e-05
ltd,3.402115605589336e-05
yyi,3.402115605589336e-05
dqt,3.402115605589336e-05
hing,3.402115605589336e-05
die,3.402115605589336e-05
yaron,3.402115605589336e-05
pas,3.402115605589336e-05
incid,3.402115605589336e-05
retir,3.402115605589336e-05
thirti,3.402115605589336e-05
southampton,3.402115605589336e-05
gaussnewton,3.402115605589336e-05
lhs,3.402115605589336e-05
reh,3.402115605589336e-05
submit,3.402115605589336e-05
requisit,3.402115605589336e-05
ipl,3.402115605589336e-05
vart,3.402115605589336e-05
unn,3.402115605589336e-05
underidentif,3.402115605589336e-05
ppn,3.402115605589336e-05
irv,3.402115605589336e-05
tar,3.402115605589336e-05
suppl,3.402115605589336e-05
throw,3.402115605589336e-05
zzi,3.402115605589336e-05
holm,3.402115605589336e-05
dijk,3.402115605589336e-05
gzt,3.402115605589336e-05
lrn,3.402115605589336e-05
dti,3.402115605589336e-05
longrang,3.402115605589336e-05
noteworthi,3.402115605589336e-05
jain,3.402115605589336e-05
dpo,3.402115605589336e-05
avers,3.402115605589336e-05
tft,3.402115605589336e-05
perceiv,3.402115605589336e-05
yol,3.402115605589336e-05
quota,3.402115605589336e-05
overst,3.402115605589336e-05
iaj,3.402115605589336e-05
gin,3.402115605589336e-05
olley,3.402115605589336e-05
unmeasur,3.402115605589336e-05
vention,3.402115605589336e-05
forti,3.402115605589336e-05
dvx,3.402115605589336e-05
ttr,3.402115605589336e-05
buse,3.402115605589336e-05
oslo,3.402115605589336e-05
ipx,3.402115605589336e-05
wni,3.402115605589336e-05
borrow,3.402115605589336e-05
yildiz,3.402115605589336e-05
uncon,3.402115605589336e-05
xji,3.402115605589336e-05
worsen,3.402115605589336e-05
quenci,3.402115605589336e-05
fxn,3.402115605589336e-05
nei,3.402115605589336e-05
oneperiod,3.317062715449602e-05
pno,3.317062715449602e-05
zzzz,3.317062715449602e-05
academi,3.317062715449602e-05
dgi,3.317062715449602e-05
fxl,3.317062715449602e-05
vtj,3.317062715449602e-05
cohort,3.317062715449602e-05
prac,3.317062715449602e-05
thm,3.317062715449602e-05
concis,3.317062715449602e-05
bol,3.317062715449602e-05
theoiy,3.317062715449602e-05
pcp,3.317062715449602e-05
cosin,3.317062715449602e-05
resist,3.317062715449602e-05
nrp,3.317062715449602e-05
ard,3.317062715449602e-05
customari,3.317062715449602e-05
vni,3.317062715449602e-05
liquid,3.317062715449602e-05
english,3.317062715449602e-05
cooley,3.317062715449602e-05
heteroskeda,3.317062715449602e-05
unders,3.317062715449602e-05
inadmiss,3.317062715449602e-05
prai,3.317062715449602e-05
ntn,3.317062715449602e-05
mto,3.317062715449602e-05
isl,3.317062715449602e-05
lat,3.317062715449602e-05
squareintegr,3.317062715449602e-05
heh,3.317062715449602e-05
randomcoeffici,3.317062715449602e-05
pqj,3.317062715449602e-05
divers,3.317062715449602e-05
eot,3.317062715449602e-05
advers,3.317062715449602e-05
hoi,3.317062715449602e-05
yhi,3.317062715449602e-05
judgment,3.317062715449602e-05
nlog,3.317062715449602e-05
cst,3.317062715449602e-05
tegrat,3.317062715449602e-05
dempster,3.317062715449602e-05
minn,3.317062715449602e-05
florida,3.317062715449602e-05
revankar,3.317062715449602e-05
yzi,3.317062715449602e-05
gii,3.317062715449602e-05
multinorm,3.317062715449602e-05
sep,3.317062715449602e-05
posi,3.317062715449602e-05
lti,3.317062715449602e-05
misclassifi,3.317062715449602e-05
hin,3.317062715449602e-05
rll,3.317062715449602e-05
river,3.317062715449602e-05
ijt,3.317062715449602e-05
parti,3.317062715449602e-05
ajj,3.317062715449602e-05
eht,3.317062715449602e-05
ayl,3.317062715449602e-05
resent,3.317062715449602e-05
dekker,3.317062715449602e-05
ought,3.317062715449602e-05
remedi,3.317062715449602e-05
virginia,3.317062715449602e-05
horn,3.317062715449602e-05
mms,3.317062715449602e-05
tempt,3.317062715449602e-05
genous,3.317062715449602e-05
mnp,3.317062715449602e-05
manchest,3.317062715449602e-05
news,3.317062715449602e-05
barrett,3.317062715449602e-05
mpi,3.317062715449602e-05
convey,3.317062715449602e-05
hsieh,3.317062715449602e-05
laroqu,3.317062715449602e-05
plement,3.317062715449602e-05
lll,3.317062715449602e-05
dto,3.317062715449602e-05
rium,3.317062715449602e-05
pni,3.317062715449602e-05
alp,3.2320098253098686e-05
res,3.2320098253098686e-05
rrr,3.2320098253098686e-05
tage,3.2320098253098686e-05
rothschild,3.2320098253098686e-05
xta,3.2320098253098686e-05
kni,3.2320098253098686e-05
igl,3.2320098253098686e-05
sso,3.2320098253098686e-05
blomquist,3.2320098253098686e-05
xci,3.2320098253098686e-05
aex,3.2320098253098686e-05
email,3.2320098253098686e-05
eyit,3.2320098253098686e-05
armstrong,3.2320098253098686e-05
kato,3.2320098253098686e-05
eqi,3.2320098253098686e-05
nxi,3.2320098253098686e-05
ttj,3.2320098253098686e-05
homothet,3.2320098253098686e-05
atl,3.2320098253098686e-05
pki,3.2320098253098686e-05
ump,3.2320098253098686e-05
hiy,3.2320098253098686e-05
shreve,3.2320098253098686e-05
ynk,3.2320098253098686e-05
ami,3.2320098253098686e-05
erag,3.2320098253098686e-05
presampl,3.2320098253098686e-05
dzi,3.2320098253098686e-05
saw,3.2320098253098686e-05
subsum,3.2320098253098686e-05
eei,3.2320098253098686e-05
heck,3.2320098253098686e-05
supr,3.2320098253098686e-05
aja,3.2320098253098686e-05
expositori,3.2320098253098686e-05
screen,3.2320098253098686e-05
ginal,3.2320098253098686e-05
bonus,3.2320098253098686e-05
steadyst,3.2320098253098686e-05
turnovski,3.2320098253098686e-05
supf,3.2320098253098686e-05
nari,3.2320098253098686e-05
hierarch,3.2320098253098686e-05
maxt,3.2320098253098686e-05
amongst,3.2320098253098686e-05
keynesian,3.2320098253098686e-05
ftm,3.2320098253098686e-05
gautier,3.2320098253098686e-05
itr,3.2320098253098686e-05
anyway,3.2320098253098686e-05
suf,3.2320098253098686e-05
border,3.2320098253098686e-05
foster,3.2320098253098686e-05
gandhi,3.2320098253098686e-05
dhx,3.2320098253098686e-05
machineri,3.2320098253098686e-05
gender,3.2320098253098686e-05
iiy,3.2320098253098686e-05
tto,3.2320098253098686e-05
sjt,3.2320098253098686e-05
sni,3.2320098253098686e-05
reexamin,3.2320098253098686e-05
mitra,3.2320098253098686e-05
vlt,3.2320098253098686e-05
lambda,3.2320098253098686e-05
represen,3.2320098253098686e-05
wxi,3.2320098253098686e-05
herein,3.146956935170136e-05
ccr,3.146956935170136e-05
settl,3.146956935170136e-05
roberto,3.146956935170136e-05
auckland,3.146956935170136e-05
luce,3.146956935170136e-05
flx,3.146956935170136e-05
villag,3.146956935170136e-05
bdm,3.146956935170136e-05
laa,3.146956935170136e-05
pai,3.146956935170136e-05
transient,3.146956935170136e-05
finest,3.146956935170136e-05
dst,3.146956935170136e-05
kxk,3.146956935170136e-05
satisfactorili,3.146956935170136e-05
ixx,3.146956935170136e-05
bxi,3.146956935170136e-05
dex,3.146956935170136e-05
adl,3.146956935170136e-05
hodg,3.146956935170136e-05
ttx,3.146956935170136e-05
unaccept,3.146956935170136e-05
atx,3.146956935170136e-05
griffith,3.146956935170136e-05
tanc,3.146956935170136e-05
tnn,3.146956935170136e-05
minimis,3.146956935170136e-05
paarsch,3.146956935170136e-05
lij,3.146956935170136e-05
illumin,3.146956935170136e-05
info,3.146956935170136e-05
bnt,3.146956935170136e-05
ddimension,3.146956935170136e-05
vio,3.146956935170136e-05
prohibit,3.146956935170136e-05
xpx,3.146956935170136e-05
socioeconom,3.146956935170136e-05
yot,3.146956935170136e-05
fnt,3.146956935170136e-05
ine,3.146956935170136e-05
pip,3.146956935170136e-05
calendar,3.146956935170136e-05
petrin,3.146956935170136e-05
ploy,3.146956935170136e-05
aou,3.146956935170136e-05
pnn,3.146956935170136e-05
empiri,3.146956935170136e-05
applianc,3.146956935170136e-05
ilog,3.146956935170136e-05
efj,3.146956935170136e-05
osborn,3.146956935170136e-05
forni,3.146956935170136e-05
eki,3.146956935170136e-05
loev,3.146956935170136e-05
prenticehal,3.146956935170136e-05
leon,3.146956935170136e-05
fln,3.146956935170136e-05
longterm,3.146956935170136e-05
wio,3.146956935170136e-05
dawid,3.146956935170136e-05
cowel,3.146956935170136e-05
bloomfield,3.146956935170136e-05
liii,3.146956935170136e-05
styliz,3.146956935170136e-05
moor,3.146956935170136e-05
moy,3.146956935170136e-05
noniid,3.146956935170136e-05
cie,3.146956935170136e-05
asa,3.146956935170136e-05
restaur,3.146956935170136e-05
voo,3.146956935170136e-05
dpl,3.146956935170136e-05
implaus,3.146956935170136e-05
subsidi,3.146956935170136e-05
afx,3.146956935170136e-05
dnt,3.146956935170136e-05
ado,3.146956935170136e-05
conv,3.146956935170136e-05
recherch,3.146956935170136e-05
sought,3.146956935170136e-05
xjx,3.146956935170136e-05
cce,3.146956935170136e-05
tll,3.146956935170136e-05
quotient,3.146956935170136e-05
inl,3.146956935170136e-05
rji,3.146956935170136e-05
dms,3.146956935170136e-05
lanjouw,3.146956935170136e-05
subtl,3.146956935170136e-05
east,3.146956935170136e-05
ape,3.146956935170136e-05
merger,3.146956935170136e-05
spons,3.146956935170136e-05
ninth,3.146956935170136e-05
gale,3.146956935170136e-05
fama,3.146956935170136e-05
fat,3.146956935170136e-05
irt,3.146956935170136e-05
hyi,3.146956935170136e-05
messag,3.146956935170136e-05
iie,3.146956935170136e-05
safe,3.146956935170136e-05
tilburg,3.146956935170136e-05
constantin,3.146956935170136e-05
eexp,3.146956935170136e-05
pei,3.146956935170136e-05
constitu,3.146956935170136e-05
rive,3.146956935170136e-05
ajk,3.146956935170136e-05
vehicl,3.146956935170136e-05
kadiyala,3.146956935170136e-05
fot,3.146956935170136e-05
httpwww,3.146956935170136e-05
laid,3.146956935170136e-05
mmm,3.146956935170136e-05
divisor,3.061904045030402e-05
airlin,3.061904045030402e-05
jersey,3.061904045030402e-05
iib,3.061904045030402e-05
haan,3.061904045030402e-05
iza,3.061904045030402e-05
zts,3.061904045030402e-05
ajl,3.061904045030402e-05
ago,3.061904045030402e-05
iqi,3.061904045030402e-05
ilar,3.061904045030402e-05
devel,3.061904045030402e-05
devia,3.061904045030402e-05
eth,3.061904045030402e-05
firmspecif,3.061904045030402e-05
dover,3.061904045030402e-05
solver,3.061904045030402e-05
lip,3.061904045030402e-05
uli,3.061904045030402e-05
zhou,3.061904045030402e-05
economiqu,3.061904045030402e-05
karatza,3.061904045030402e-05
elr,3.061904045030402e-05
iwi,3.061904045030402e-05
moulin,3.061904045030402e-05
restor,3.061904045030402e-05
errorcorrect,3.061904045030402e-05
reid,3.061904045030402e-05
aox,3.061904045030402e-05
tat,3.061904045030402e-05
aaj,3.061904045030402e-05
wet,3.061904045030402e-05
neil,3.061904045030402e-05
necessit,3.061904045030402e-05
sickl,3.061904045030402e-05
lutkepohl,3.061904045030402e-05
muth,3.061904045030402e-05
vtx,3.061904045030402e-05
bernard,3.061904045030402e-05
easiest,3.061904045030402e-05
dri,3.061904045030402e-05
gular,3.061904045030402e-05
nag,3.061904045030402e-05
singlestag,3.061904045030402e-05
xxa,3.061904045030402e-05
piv,3.061904045030402e-05
lli,3.061904045030402e-05
hwang,3.061904045030402e-05
ofx,3.061904045030402e-05
knt,3.061904045030402e-05
quebec,3.061904045030402e-05
mcs,3.061904045030402e-05
pres,3.061904045030402e-05
lpm,3.061904045030402e-05
laird,3.061904045030402e-05
consult,3.061904045030402e-05
chines,3.061904045030402e-05
eyj,3.061904045030402e-05
supa,3.061904045030402e-05
cxx,3.061904045030402e-05
gil,3.061904045030402e-05
spain,3.061904045030402e-05
characteri,3.061904045030402e-05
ital,3.061904045030402e-05
oti,3.061904045030402e-05
coi,3.061904045030402e-05
rpl,3.061904045030402e-05
ntt,3.061904045030402e-05
rlr,3.061904045030402e-05
mayor,3.061904045030402e-05
arn,3.061904045030402e-05
akin,3.061904045030402e-05
ela,3.061904045030402e-05
predet,3.061904045030402e-05
tice,3.061904045030402e-05
dentli,3.061904045030402e-05
divorc,3.061904045030402e-05
philadelphia,3.061904045030402e-05
stanc,3.061904045030402e-05
igx,3.061904045030402e-05
hao,3.061904045030402e-05
xas,3.061904045030402e-05
eji,3.061904045030402e-05
hll,3.061904045030402e-05
dpu,3.061904045030402e-05
deposit,3.061904045030402e-05
alexand,3.061904045030402e-05
nnn,3.061904045030402e-05
qdp,3.061904045030402e-05
persson,3.061904045030402e-05
rps,3.061904045030402e-05
xmi,3.061904045030402e-05
popu,3.061904045030402e-05
lifetim,3.061904045030402e-05
anx,3.061904045030402e-05
hyperparamet,3.061904045030402e-05
ada,3.061904045030402e-05
microstructur,2.976851154890669e-05
bertrand,2.976851154890669e-05
jkl,2.976851154890669e-05
ata,2.976851154890669e-05
aka,2.976851154890669e-05
xll,2.976851154890669e-05
ril,2.976851154890669e-05
zzt,2.976851154890669e-05
nondiagon,2.976851154890669e-05
atr,2.976851154890669e-05
foreign,2.976851154890669e-05
xoo,2.976851154890669e-05
trust,2.976851154890669e-05
lro,2.976851154890669e-05
dof,2.976851154890669e-05
vta,2.976851154890669e-05
meanvari,2.976851154890669e-05
pds,2.976851154890669e-05
ijl,2.976851154890669e-05
prevail,2.976851154890669e-05
klaauw,2.976851154890669e-05
paradox,2.976851154890669e-05
hashem,2.976851154890669e-05
rli,2.976851154890669e-05
fzl,2.976851154890669e-05
ching,2.976851154890669e-05
flf,2.976851154890669e-05
qtx,2.976851154890669e-05
autocorrela,2.976851154890669e-05
gradual,2.976851154890669e-05
vnn,2.976851154890669e-05
fid,2.976851154890669e-05
emb,2.976851154890669e-05
schwert,2.976851154890669e-05
belgium,2.976851154890669e-05
dlog,2.976851154890669e-05
lawrenc,2.976851154890669e-05
advan,2.976851154890669e-05
bate,2.976851154890669e-05
ken,2.976851154890669e-05
fer,2.976851154890669e-05
markoff,2.976851154890669e-05
mls,2.976851154890669e-05
atn,2.976851154890669e-05
simi,2.976851154890669e-05
mwi,2.976851154890669e-05
vet,2.976851154890669e-05
orbit,2.976851154890669e-05
huizinga,2.976851154890669e-05
pear,2.976851154890669e-05
yts,2.976851154890669e-05
insampl,2.976851154890669e-05
rif,2.976851154890669e-05
kln,2.976851154890669e-05
abt,2.976851154890669e-05
neoclass,2.976851154890669e-05
biv,2.976851154890669e-05
protect,2.976851154890669e-05
rzi,2.976851154890669e-05
peculiar,2.976851154890669e-05
employe,2.976851154890669e-05
itk,2.976851154890669e-05
hine,2.976851154890669e-05
midpoint,2.976851154890669e-05
ecc,2.976851154890669e-05
expt,2.976851154890669e-05
epstein,2.976851154890669e-05
eta,2.976851154890669e-05
fro,2.976851154890669e-05
lechner,2.976851154890669e-05
shade,2.976851154890669e-05
uat,2.976851154890669e-05
billion,2.976851154890669e-05
pxl,2.976851154890669e-05
evx,2.976851154890669e-05
ejt,2.976851154890669e-05
lao,2.976851154890669e-05
nonautocorrel,2.976851154890669e-05
minimumdist,2.976851154890669e-05
electron,2.976851154890669e-05
chu,2.976851154890669e-05
qualifi,2.976851154890669e-05
afl,2.976851154890669e-05
pseudomaximum,2.976851154890669e-05
ogaki,2.976851154890669e-05
dpi,2.976851154890669e-05
fyl,2.976851154890669e-05
dfl,2.976851154890669e-05
igi,2.976851154890669e-05
react,2.976851154890669e-05
intim,2.976851154890669e-05
ytyt,2.976851154890669e-05
eto,2.8917982647509353e-05
ceed,2.8917982647509353e-05
andi,2.8917982647509353e-05
fratio,2.8917982647509353e-05
substan,2.8917982647509353e-05
iig,2.8917982647509353e-05
prete,2.8917982647509353e-05
pfn,2.8917982647509353e-05
dxl,2.8917982647509353e-05
clark,2.8917982647509353e-05
eval,2.8917982647509353e-05
yyo,2.8917982647509353e-05
mistaken,2.8917982647509353e-05
oco,2.8917982647509353e-05
fxw,2.8917982647509353e-05
ytp,2.8917982647509353e-05
richter,2.8917982647509353e-05
satur,2.8917982647509353e-05
ono,2.8917982647509353e-05
pla,2.8917982647509353e-05
diewert,2.8917982647509353e-05
communiti,2.8917982647509353e-05
passag,2.8917982647509353e-05
metrika,2.8917982647509353e-05
ogi,2.8917982647509353e-05
iel,2.8917982647509353e-05
cml,2.8917982647509353e-05
uous,2.8917982647509353e-05
vto,2.8917982647509353e-05
cll,2.8917982647509353e-05
nbn,2.8917982647509353e-05
zis,2.8917982647509353e-05
tvt,2.8917982647509353e-05
tam,2.8917982647509353e-05
remind,2.8917982647509353e-05
wnt,2.8917982647509353e-05
cpt,2.8917982647509353e-05
nonbayesian,2.8917982647509353e-05
voi,2.8917982647509353e-05
obstfeld,2.8917982647509353e-05
tai,2.8917982647509353e-05
logchang,2.8917982647509353e-05
icp,2.8917982647509353e-05
vix,2.8917982647509353e-05
kong,2.8917982647509353e-05
nii,2.8917982647509353e-05
ucl,2.8917982647509353e-05
bll,2.8917982647509353e-05
ifo,2.8917982647509353e-05
esm,2.8917982647509353e-05
grayham,2.8917982647509353e-05
bishop,2.8917982647509353e-05
zni,2.8917982647509353e-05
currenc,2.8917982647509353e-05
gine,2.8917982647509353e-05
vxt,2.8917982647509353e-05
autoregressivemov,2.8917982647509353e-05
iki,2.8917982647509353e-05
zij,2.8917982647509353e-05
aggr,2.8917982647509353e-05
xiu,2.8917982647509353e-05
dhi,2.8917982647509353e-05
analo,2.8917982647509353e-05
ern,2.8917982647509353e-05
cohen,2.8917982647509353e-05
vln,2.8917982647509353e-05
arm,2.8917982647509353e-05
cointegra,2.8917982647509353e-05
hardi,2.8917982647509353e-05
dij,2.8917982647509353e-05
etp,2.8917982647509353e-05
frx,2.8917982647509353e-05
glx,2.8917982647509353e-05
willing,2.8917982647509353e-05
uncount,2.8917982647509353e-05
ownership,2.8917982647509353e-05
vers,2.8917982647509353e-05
mexico,2.8917982647509353e-05
fed,2.8917982647509353e-05
aki,2.8917982647509353e-05
ahi,2.8917982647509353e-05
wtp,2.8917982647509353e-05
lna,2.8917982647509353e-05
dip,2.8917982647509353e-05
cil,2.8917982647509353e-05
ljung,2.8917982647509353e-05
hrs,2.8917982647509353e-05
mage,2.8917982647509353e-05
outlay,2.8917982647509353e-05
peer,2.8917982647509353e-05
qij,2.8917982647509353e-05
berg,2.8917982647509353e-05
annihil,2.8917982647509353e-05
jnt,2.8917982647509353e-05
velop,2.8917982647509353e-05
sight,2.8917982647509353e-05
theoti,2.8917982647509353e-05
exper,2.8917982647509353e-05
xnj,2.8917982647509353e-05
yzt,2.8917982647509353e-05
alent,2.8917982647509353e-05
thesmar,2.8917982647509353e-05
ewi,2.806745374611202e-05
yfi,2.806745374611202e-05
pzz,2.806745374611202e-05
ttk,2.806745374611202e-05
moran,2.806745374611202e-05
prescript,2.806745374611202e-05
semielast,2.806745374611202e-05
useless,2.806745374611202e-05
ior,2.806745374611202e-05
limo,2.806745374611202e-05
echeniqu,2.806745374611202e-05
reinterpret,2.806745374611202e-05
mat,2.806745374611202e-05
entryexit,2.806745374611202e-05
vvi,2.806745374611202e-05
costa,2.806745374611202e-05
ira,2.806745374611202e-05
fyf,2.806745374611202e-05
ftj,2.806745374611202e-05
maxwel,2.806745374611202e-05
samuelson,2.806745374611202e-05
vxx,2.806745374611202e-05
kapteyn,2.806745374611202e-05
ellipt,2.806745374611202e-05
fkx,2.806745374611202e-05
lotteri,2.806745374611202e-05
nll,2.806745374611202e-05
ming,2.806745374611202e-05
aan,2.806745374611202e-05
paradigm,2.806745374611202e-05
yxx,2.806745374611202e-05
ciat,2.806745374611202e-05
mannheim,2.806745374611202e-05
app,2.806745374611202e-05
red,2.806745374611202e-05
dox,2.806745374611202e-05
cigarett,2.806745374611202e-05
angus,2.806745374611202e-05
came,2.806745374611202e-05
deo,2.806745374611202e-05
hoh,2.806745374611202e-05
dut,2.806745374611202e-05
insofar,2.806745374611202e-05
interpreta,2.806745374611202e-05
integervalu,2.806745374611202e-05
oio,2.806745374611202e-05
tts,2.806745374611202e-05
flj,2.806745374611202e-05
qlq,2.806745374611202e-05
spect,2.806745374611202e-05
seldom,2.806745374611202e-05
premium,2.806745374611202e-05
xth,2.806745374611202e-05
disk,2.806745374611202e-05
everyon,2.806745374611202e-05
erenc,2.806745374611202e-05
defer,2.806745374611202e-05
memorandum,2.806745374611202e-05
cir,2.806745374611202e-05
uncov,2.806745374611202e-05
ztj,2.806745374611202e-05
aoi,2.806745374611202e-05
obscur,2.806745374611202e-05
slm,2.806745374611202e-05
hump,2.806745374611202e-05
fal,2.806745374611202e-05
gilbert,2.806745374611202e-05
tobacco,2.806745374611202e-05
baker,2.806745374611202e-05
eul,2.806745374611202e-05
yair,2.806745374611202e-05
ara,2.806745374611202e-05
nonunion,2.806745374611202e-05
terval,2.806745374611202e-05
ttn,2.806745374611202e-05
gni,2.806745374611202e-05
reconsid,2.806745374611202e-05
centuri,2.806745374611202e-05
hft,2.806745374611202e-05
demin,2.806745374611202e-05
xoi,2.806745374611202e-05
pertin,2.806745374611202e-05
myy,2.806745374611202e-05
izl,2.806745374611202e-05
stephan,2.806745374611202e-05
bover,2.806745374611202e-05
harder,2.806745374611202e-05
mcnalli,2.806745374611202e-05
trol,2.806745374611202e-05
pretat,2.806745374611202e-05
grether,2.806745374611202e-05
eya,2.806745374611202e-05
iut,2.806745374611202e-05
ifl,2.806745374611202e-05
investi,2.806745374611202e-05
salient,2.806745374611202e-05
ifz,2.806745374611202e-05
apprais,2.806745374611202e-05
session,2.806745374611202e-05
generous,2.806745374611202e-05
fci,2.806745374611202e-05
tro,2.806745374611202e-05
avg,2.806745374611202e-05
tlog,2.806745374611202e-05
tpn,2.806745374611202e-05
ando,2.806745374611202e-05
kleingoldberg,2.806745374611202e-05
logt,2.806745374611202e-05
esn,2.806745374611202e-05
xtyt,2.806745374611202e-05
nific,2.806745374611202e-05
rasch,2.806745374611202e-05
nkn,2.806745374611202e-05
eat,2.806745374611202e-05
regressand,2.806745374611202e-05
addisonwesley,2.806745374611202e-05
tpi,2.806745374611202e-05
eel,2.806745374611202e-05
xft,2.806745374611202e-05
ztzt,2.7216924844714685e-05
keisuk,2.7216924844714685e-05
euo,2.7216924844714685e-05
zaz,2.7216924844714685e-05
birthweight,2.7216924844714685e-05
otl,2.7216924844714685e-05
farmer,2.7216924844714685e-05
bls,2.7216924844714685e-05
preval,2.7216924844714685e-05
tsp,2.7216924844714685e-05
protter,2.7216924844714685e-05
wap,2.7216924844714685e-05
trp,2.7216924844714685e-05
alpha,2.7216924844714685e-05
aiz,2.7216924844714685e-05
parison,2.7216924844714685e-05
bewley,2.7216924844714685e-05
lnr,2.7216924844714685e-05
donohu,2.7216924844714685e-05
ebi,2.7216924844714685e-05
firstdifferenc,2.7216924844714685e-05
mascolel,2.7216924844714685e-05
inaccuraci,2.7216924844714685e-05
patient,2.7216924844714685e-05
endo,2.7216924844714685e-05
efl,2.7216924844714685e-05
pnz,2.7216924844714685e-05
theme,2.7216924844714685e-05
errat,2.7216924844714685e-05
fdistribut,2.7216924844714685e-05
alu,2.7216924844714685e-05
ptt,2.7216924844714685e-05
qnn,2.7216924844714685e-05
tbt,2.7216924844714685e-05
xwt,2.7216924844714685e-05
melo,2.7216924844714685e-05
ping,2.7216924844714685e-05
gse,2.7216924844714685e-05
propen,2.7216924844714685e-05
iment,2.7216924844714685e-05
greenwich,2.7216924844714685e-05
xri,2.7216924844714685e-05
heterog,2.7216924844714685e-05
guard,2.7216924844714685e-05
ioi,2.7216924844714685e-05
mcgraw,2.7216924844714685e-05
nui,2.7216924844714685e-05
eaa,2.7216924844714685e-05
mount,2.7216924844714685e-05
jii,2.7216924844714685e-05
acterist,2.7216924844714685e-05
pel,2.7216924844714685e-05
culat,2.7216924844714685e-05
trs,2.7216924844714685e-05
vare,2.7216924844714685e-05
aji,2.7216924844714685e-05
chart,2.7216924844714685e-05
rudin,2.7216924844714685e-05
pep,2.7216924844714685e-05
uncorr,2.7216924844714685e-05
renorm,2.7216924844714685e-05
logp,2.7216924844714685e-05
dispar,2.7216924844714685e-05
twofold,2.7216924844714685e-05
elig,2.7216924844714685e-05
unattract,2.7216924844714685e-05
dispens,2.7216924844714685e-05
flinn,2.7216924844714685e-05
xtp,2.7216924844714685e-05
rockafellar,2.7216924844714685e-05
tral,2.7216924844714685e-05
sht,2.7216924844714685e-05
aliz,2.7216924844714685e-05
ford,2.7216924844714685e-05
pyn,2.7216924844714685e-05
uix,2.7216924844714685e-05
fla,2.7216924844714685e-05
warwick,2.7216924844714685e-05
ccc,2.7216924844714685e-05
pet,2.7216924844714685e-05
tackl,2.7216924844714685e-05
alx,2.7216924844714685e-05
cef,2.7216924844714685e-05
gupta,2.7216924844714685e-05
sll,2.7216924844714685e-05
amend,2.7216924844714685e-05
nlls,2.7216924844714685e-05
decisionmak,2.7216924844714685e-05
breuschpagan,2.7216924844714685e-05
edn,2.7216924844714685e-05
ddc,2.7216924844714685e-05
mtt,2.7216924844714685e-05
yoy,2.7216924844714685e-05
ptl,2.7216924844714685e-05
foy,2.7216924844714685e-05
lax,2.7216924844714685e-05
fcp,2.7216924844714685e-05
fai,2.6366395943317353e-05
eiv,2.6366395943317353e-05
golub,2.6366395943317353e-05
inhomogen,2.6366395943317353e-05
kyoto,2.6366395943317353e-05
trader,2.6366395943317353e-05
wus,2.6366395943317353e-05
orthodox,2.6366395943317353e-05
zki,2.6366395943317353e-05
tis,2.6366395943317353e-05
cave,2.6366395943317353e-05
beaulieu,2.6366395943317353e-05
cope,2.6366395943317353e-05
exz,2.6366395943317353e-05
fexp,2.6366395943317353e-05
huge,2.6366395943317353e-05
stewart,2.6366395943317353e-05
glejser,2.6366395943317353e-05
vli,2.6366395943317353e-05
situa,2.6366395943317353e-05
iik,2.6366395943317353e-05
cash,2.6366395943317353e-05
scatter,2.6366395943317353e-05
receipt,2.6366395943317353e-05
sound,2.6366395943317353e-05
raiffa,2.6366395943317353e-05
rjt,2.6366395943317353e-05
fxp,2.6366395943317353e-05
covi,2.6366395943317353e-05
tentli,2.6366395943317353e-05
restraint,2.6366395943317353e-05
reprint,2.6366395943317353e-05
websit,2.6366395943317353e-05
environment,2.6366395943317353e-05
supernumerari,2.6366395943317353e-05
limto,2.6366395943317353e-05
xjn,2.6366395943317353e-05
itiv,2.6366395943317353e-05
trl,2.6366395943317353e-05
fao,2.6366395943317353e-05
stantial,2.6366395943317353e-05
src,2.6366395943317353e-05
damp,2.6366395943317353e-05
yule,2.6366395943317353e-05
gxl,2.6366395943317353e-05
antithet,2.6366395943317353e-05
ifr,2.6366395943317353e-05
anna,2.6366395943317353e-05
autocorr,2.6366395943317353e-05
exemplifi,2.6366395943317353e-05
gration,2.6366395943317353e-05
fik,2.6366395943317353e-05
mtn,2.6366395943317353e-05
nyu,2.6366395943317353e-05
wand,2.6366395943317353e-05
reichlin,2.6366395943317353e-05
tpt,2.6366395943317353e-05
vzi,2.6366395943317353e-05
copyright,2.6366395943317353e-05
onr,2.6366395943317353e-05
pyo,2.6366395943317353e-05
upperleft,2.6366395943317353e-05
axu,2.6366395943317353e-05
qto,2.6366395943317353e-05
onh,2.6366395943317353e-05
eighth,2.6366395943317353e-05
syy,2.6366395943317353e-05
dfo,2.6366395943317353e-05
entiabl,2.6366395943317353e-05
coc,2.6366395943317353e-05
zig,2.6366395943317353e-05
abli,2.6366395943317353e-05
ean,2.6366395943317353e-05
ztz,2.6366395943317353e-05
hni,2.6366395943317353e-05
corn,2.6366395943317353e-05
scandinavian,2.6366395943317353e-05
pariti,2.6366395943317353e-05
script,2.6366395943317353e-05
riskneutr,2.6366395943317353e-05
vvt,2.6366395943317353e-05
got,2.6366395943317353e-05
inapplic,2.6366395943317353e-05
cfs,2.6366395943317353e-05
ofi,2.6366395943317353e-05
fth,2.6366395943317353e-05
iui,2.6366395943317353e-05
pnk,2.6366395943317353e-05
autocor,2.6366395943317353e-05
hth,2.6366395943317353e-05
rxt,2.6366395943317353e-05
lpi,2.6366395943317353e-05
ypi,2.6366395943317353e-05
commerc,2.6366395943317353e-05
fif,2.6366395943317353e-05
havior,2.6366395943317353e-05
road,2.6366395943317353e-05
poll,2.6366395943317353e-05
stream,2.6366395943317353e-05
tdt,2.6366395943317353e-05
qxi,2.6366395943317353e-05
loga,2.6366395943317353e-05
norway,2.6366395943317353e-05
radio,2.6366395943317353e-05
crosscorrel,2.6366395943317353e-05
formanc,2.6366395943317353e-05
chastic,2.6366395943317353e-05
rir,2.6366395943317353e-05
nxx,2.6366395943317353e-05
bce,2.6366395943317353e-05
fee,2.6366395943317353e-05
resolut,2.6366395943317353e-05
everyth,2.6366395943317353e-05
poa,2.6366395943317353e-05
unpub,2.6366395943317353e-05
fni,2.6366395943317353e-05
btt,2.6366395943317353e-05
ivo,2.6366395943317353e-05
incon,2.6366395943317353e-05
ander,2.6366395943317353e-05
paretian,2.6366395943317353e-05
fpi,2.6366395943317353e-05
veall,2.6366395943317353e-05
jpt,2.6366395943317353e-05
corba,2.6366395943317353e-05
fertil,2.6366395943317353e-05
ced,2.6366395943317353e-05
gij,2.6366395943317353e-05
puzzl,2.6366395943317353e-05
whichev,2.6366395943317353e-05
jun,2.6366395943317353e-05
crs,2.6366395943317353e-05
ese,2.6366395943317353e-05
crc,2.6366395943317353e-05
carl,2.6366395943317353e-05
pxu,2.6366395943317353e-05
ssss,2.6366395943317353e-05
cna,2.6366395943317353e-05
apx,2.6366395943317353e-05
dxs,2.6366395943317353e-05
peri,2.5515867041920017e-05
albert,2.5515867041920017e-05
suboptim,2.5515867041920017e-05
heteroskedasticityrobust,2.5515867041920017e-05
axl,2.5515867041920017e-05
belsley,2.5515867041920017e-05
himself,2.5515867041920017e-05
tol,2.5515867041920017e-05
oln,2.5515867041920017e-05
ixn,2.5515867041920017e-05
thinner,2.5515867041920017e-05
zoo,2.5515867041920017e-05
fdi,2.5515867041920017e-05
focuss,2.5515867041920017e-05
erickson,2.5515867041920017e-05
denmark,2.5515867041920017e-05
xxj,2.5515867041920017e-05
overs,2.5515867041920017e-05
qfi,2.5515867041920017e-05
oop,2.5515867041920017e-05
periment,2.5515867041920017e-05
dli,2.5515867041920017e-05
underst,2.5515867041920017e-05
occupi,2.5515867041920017e-05
uxt,2.5515867041920017e-05
bix,2.5515867041920017e-05
llt,2.5515867041920017e-05
ben,2.5515867041920017e-05
nti,2.5515867041920017e-05
unalt,2.5515867041920017e-05
fiy,2.5515867041920017e-05
sss,2.5515867041920017e-05
gyi,2.5515867041920017e-05
inconsi,2.5515867041920017e-05
iio,2.5515867041920017e-05
ytb,2.5515867041920017e-05
dogmat,2.5515867041920017e-05
deep,2.5515867041920017e-05
recognit,2.5515867041920017e-05
gkx,2.5515867041920017e-05
gwi,2.5515867041920017e-05
suffix,2.5515867041920017e-05
calori,2.5515867041920017e-05
hypo,2.5515867041920017e-05
axk,2.5515867041920017e-05
hxj,2.5515867041920017e-05
fkl,2.5515867041920017e-05
semicontinu,2.5515867041920017e-05
rat,2.5515867041920017e-05
iiiv,2.5515867041920017e-05
lillard,2.5515867041920017e-05
yig,2.5515867041920017e-05
uoi,2.5515867041920017e-05
unnorm,2.5515867041920017e-05
wiy,2.5515867041920017e-05
saddl,2.5515867041920017e-05
xlz,2.5515867041920017e-05
costofliv,2.5515867041920017e-05
strate,2.5515867041920017e-05
rob,2.5515867041920017e-05
levitt,2.5515867041920017e-05
windmeij,2.5515867041920017e-05
ikl,2.5515867041920017e-05
lagrangean,2.5515867041920017e-05
lnp,2.5515867041920017e-05
construc,2.5515867041920017e-05
shorrock,2.5515867041920017e-05
steve,2.5515867041920017e-05
xpz,2.5515867041920017e-05
freeli,2.5515867041920017e-05
subinterv,2.5515867041920017e-05
pref,2.5515867041920017e-05
morri,2.5515867041920017e-05
surround,2.5515867041920017e-05
reconstruct,2.5515867041920017e-05
trn,2.5515867041920017e-05
sst,2.5515867041920017e-05
hli,2.5515867041920017e-05
gxx,2.5515867041920017e-05
jit,2.5515867041920017e-05
fombi,2.5515867041920017e-05
associa,2.5515867041920017e-05
aax,2.5515867041920017e-05
misspecifica,2.5515867041920017e-05
pac,2.5515867041920017e-05
knowl,2.5515867041920017e-05
epp,2.5515867041920017e-05
ylk,2.5515867041920017e-05
aqq,2.5515867041920017e-05
infi,2.5515867041920017e-05
pretend,2.5515867041920017e-05
pate,2.5515867041920017e-05
phoebus,2.5515867041920017e-05
abandon,2.5515867041920017e-05
eichenbaum,2.5515867041920017e-05
epx,2.5515867041920017e-05
loglog,2.5515867041920017e-05
spous,2.5515867041920017e-05
jjl,2.5515867041920017e-05
butterworth,2.5515867041920017e-05
norman,2.5515867041920017e-05
salari,2.5515867041920017e-05
siv,2.5515867041920017e-05
utu,2.5515867041920017e-05
fss,2.5515867041920017e-05
pln,2.5515867041920017e-05
equiti,2.5515867041920017e-05
iml,2.5515867041920017e-05
nonuniqu,2.5515867041920017e-05
fjx,2.5515867041920017e-05
cumbi,2.5515867041920017e-05
fresh,2.5515867041920017e-05
girshick,2.5515867041920017e-05
yjl,2.5515867041920017e-05
expo,2.5515867041920017e-05
steadili,2.5515867041920017e-05
wpi,2.5515867041920017e-05
father,2.5515867041920017e-05
frchet,2.5515867041920017e-05
soi,2.5515867041920017e-05
quartic,2.5515867041920017e-05
tree,2.5515867041920017e-05
subgradi,2.5515867041920017e-05
militari,2.4665338140522684e-05
alog,2.4665338140522684e-05
tere,2.4665338140522684e-05
fkt,2.4665338140522684e-05
grr,2.4665338140522684e-05
tenur,2.4665338140522684e-05
poorer,2.4665338140522684e-05
canc,2.4665338140522684e-05
korea,2.4665338140522684e-05
ipo,2.4665338140522684e-05
apr,2.4665338140522684e-05
aqi,2.4665338140522684e-05
multistag,2.4665338140522684e-05
sri,2.4665338140522684e-05
mathematica,2.4665338140522684e-05
klk,2.4665338140522684e-05
eik,2.4665338140522684e-05
prone,2.4665338140522684e-05
dln,2.4665338140522684e-05
cpn,2.4665338140522684e-05
nxl,2.4665338140522684e-05
gion,2.4665338140522684e-05
complianc,2.4665338140522684e-05
ktt,2.4665338140522684e-05
gibrat,2.4665338140522684e-05
tokyo,2.4665338140522684e-05
xao,2.4665338140522684e-05
sentat,2.4665338140522684e-05
lox,2.4665338140522684e-05
shannon,2.4665338140522684e-05
karlin,2.4665338140522684e-05
habit,2.4665338140522684e-05
expen,2.4665338140522684e-05
linearquadrat,2.4665338140522684e-05
youth,2.4665338140522684e-05
rri,2.4665338140522684e-05
cientli,2.4665338140522684e-05
mem,2.4665338140522684e-05
thermor,2.4665338140522684e-05
seoul,2.4665338140522684e-05
xzi,2.4665338140522684e-05
jaeger,2.4665338140522684e-05
medium,2.4665338140522684e-05
campo,2.4665338140522684e-05
reinforc,2.4665338140522684e-05
auu,2.4665338140522684e-05
ete,2.4665338140522684e-05
genet,2.4665338140522684e-05
vex,2.4665338140522684e-05
dat,2.4665338140522684e-05
french,2.4665338140522684e-05
suprema,2.4665338140522684e-05
needless,2.4665338140522684e-05
loan,2.4665338140522684e-05
nuffield,2.4665338140522684e-05
older,2.4665338140522684e-05
lesser,2.4665338140522684e-05
strat,2.4665338140522684e-05
yacin,2.4665338140522684e-05
cai,2.4665338140522684e-05
monopolist,2.4665338140522684e-05
pur,2.4665338140522684e-05
eay,2.4665338140522684e-05
tli,2.4665338140522684e-05
propo,2.4665338140522684e-05
democraci,2.4665338140522684e-05
bil,2.4665338140522684e-05
yoj,2.4665338140522684e-05
beverag,2.4665338140522684e-05
pik,2.4665338140522684e-05
rss,2.4665338140522684e-05
ltt,2.4665338140522684e-05
multimarket,2.4665338140522684e-05
kennedi,2.4665338140522684e-05
qii,2.4665338140522684e-05
cno,2.4665338140522684e-05
crest,2.4665338140522684e-05
akt,2.4665338140522684e-05
nota,2.4665338140522684e-05
steel,2.4665338140522684e-05
aqa,2.4665338140522684e-05
componentwis,2.4665338140522684e-05
vyx,2.4665338140522684e-05
aeit,2.4665338140522684e-05
schlaifer,2.4665338140522684e-05
enumer,2.4665338140522684e-05
rin,2.4665338140522684e-05
afo,2.4665338140522684e-05
wheat,2.4665338140522684e-05
maa,2.4665338140522684e-05
lima,2.4665338140522684e-05
xyi,2.4665338140522684e-05
pie,2.4665338140522684e-05
aga,2.4665338140522684e-05
polytop,2.4665338140522684e-05
wts,2.4665338140522684e-05
unanticip,2.4665338140522684e-05
bester,2.4665338140522684e-05
eqn,2.4665338140522684e-05
sentana,2.4665338140522684e-05
individuallevel,2.4665338140522684e-05
node,2.4665338140522684e-05
wolfgang,2.4665338140522684e-05
xdi,2.4665338140522684e-05
alv,2.4665338140522684e-05
rxx,2.4665338140522684e-05
yiz,2.4665338140522684e-05
epo,2.4665338140522684e-05
civil,2.4665338140522684e-05
deti,2.4665338140522684e-05
becker,2.4665338140522684e-05
destroy,2.4665338140522684e-05
din,2.4665338140522684e-05
xgx,2.4665338140522684e-05
hasti,2.4665338140522684e-05
ctt,2.4665338140522684e-05
edinburgh,2.4665338140522684e-05
controversi,2.4665338140522684e-05
alii,2.4665338140522684e-05
fgls,2.4665338140522684e-05
iaa,2.4665338140522684e-05
sequent,2.4665338140522684e-05
investor,2.4665338140522684e-05
ffl,2.4665338140522684e-05
infx,2.4665338140522684e-05
cobb,2.4665338140522684e-05
indetermin,2.4665338140522684e-05
regimeswitch,2.4665338140522684e-05
eue,2.4665338140522684e-05
cln,2.4665338140522684e-05
knew,2.4665338140522684e-05
zll,2.4665338140522684e-05
franco,2.4665338140522684e-05
uil,2.381480923912535e-05
complementar,2.381480923912535e-05
litterman,2.381480923912535e-05
rkx,2.381480923912535e-05
maxg,2.381480923912535e-05
shortterm,2.381480923912535e-05
solu,2.381480923912535e-05
utl,2.381480923912535e-05
gmt,2.381480923912535e-05
xfl,2.381480923912535e-05
unnecessarili,2.381480923912535e-05
yoa,2.381480923912535e-05
infrequ,2.381480923912535e-05
jovanov,2.381480923912535e-05
laurent,2.381480923912535e-05
domi,2.381480923912535e-05
anneal,2.381480923912535e-05
philip,2.381480923912535e-05
swedish,2.381480923912535e-05
abramowitz,2.381480923912535e-05
epoch,2.381480923912535e-05
lio,2.381480923912535e-05
ftu,2.381480923912535e-05
eratur,2.381480923912535e-05
frazer,2.381480923912535e-05
hayashi,2.381480923912535e-05
zji,2.381480923912535e-05
kansa,2.381480923912535e-05
sweden,2.381480923912535e-05
aiy,2.381480923912535e-05
cauchyschwartz,2.381480923912535e-05
regressiondiscontinu,2.381480923912535e-05
axo,2.381480923912535e-05
recast,2.381480923912535e-05
vih,2.381480923912535e-05
dal,2.381480923912535e-05
clusion,2.381480923912535e-05
bunch,2.381480923912535e-05
vjt,2.381480923912535e-05
champernown,2.381480923912535e-05
dyo,2.381480923912535e-05
mnt,2.381480923912535e-05
sacrific,2.381480923912535e-05
prr,2.381480923912535e-05
iro,2.381480923912535e-05
mizat,2.381480923912535e-05
noi,2.381480923912535e-05
aco,2.381480923912535e-05
vna,2.381480923912535e-05
vienna,2.381480923912535e-05
gnt,2.381480923912535e-05
ink,2.381480923912535e-05
strain,2.381480923912535e-05
nonstat,2.381480923912535e-05
ski,2.381480923912535e-05
joreskog,2.381480923912535e-05
gyt,2.381480923912535e-05
fei,2.381480923912535e-05
xjj,2.381480923912535e-05
tute,2.381480923912535e-05
ilk,2.381480923912535e-05
foot,2.381480923912535e-05
hartigan,2.381480923912535e-05
usc,2.381480923912535e-05
pfm,2.381480923912535e-05
lnj,2.381480923912535e-05
ison,2.381480923912535e-05
wisconsinmadison,2.381480923912535e-05
rior,2.381480923912535e-05
stitut,2.381480923912535e-05
sot,2.381480923912535e-05
intrillig,2.381480923912535e-05
amax,2.381480923912535e-05
axa,2.381480923912535e-05
awo,2.381480923912535e-05
wmax,2.381480923912535e-05
pratt,2.381480923912535e-05
xlk,2.381480923912535e-05
peril,2.381480923912535e-05
tonic,2.381480923912535e-05
crite,2.381480923912535e-05
trf,2.381480923912535e-05
nli,2.381480923912535e-05
tix,2.381480923912535e-05
houghton,2.381480923912535e-05
death,2.381480923912535e-05
dewatripont,2.381480923912535e-05
rms,2.381480923912535e-05
revert,2.381480923912535e-05
modigliani,2.381480923912535e-05
nonredund,2.381480923912535e-05
poten,2.381480923912535e-05
nat,2.381480923912535e-05
danish,2.381480923912535e-05
ijc,2.381480923912535e-05
ostrovski,2.381480923912535e-05
opera,2.381480923912535e-05
blackwhit,2.381480923912535e-05
maximis,2.381480923912535e-05
yos,2.381480923912535e-05
allen,2.381480923912535e-05
generaliza,2.381480923912535e-05
hank,2.381480923912535e-05
tlu,2.381480923912535e-05
pim,2.381480923912535e-05
lave,2.381480923912535e-05
pittsburgh,2.381480923912535e-05
mcelroy,2.381480923912535e-05
santa,2.381480923912535e-05
nonloc,2.381480923912535e-05
jcr,2.381480923912535e-05
plier,2.381480923912535e-05
multivalu,2.381480923912535e-05
stu,2.381480923912535e-05
tkl,2.381480923912535e-05
kluwer,2.381480923912535e-05
fhi,2.381480923912535e-05
oxx,2.381480923912535e-05
axiomat,2.2964280337728016e-05
rtt,2.2964280337728016e-05
domest,2.2964280337728016e-05
xhi,2.2964280337728016e-05
xip,2.2964280337728016e-05
pte,2.2964280337728016e-05
aalgebra,2.2964280337728016e-05
untest,2.2964280337728016e-05
boyd,2.2964280337728016e-05
sul,2.2964280337728016e-05
irj,2.2964280337728016e-05
expendi,2.2964280337728016e-05
prompt,2.2964280337728016e-05
tta,2.2964280337728016e-05
lrr,2.2964280337728016e-05
essen,2.2964280337728016e-05
steep,2.2964280337728016e-05
entiti,2.2964280337728016e-05
vnx,2.2964280337728016e-05
ijj,2.2964280337728016e-05
toni,2.2964280337728016e-05
delic,2.2964280337728016e-05
kkk,2.2964280337728016e-05
wih,2.2964280337728016e-05
sts,2.2964280337728016e-05
olkin,2.2964280337728016e-05
dtt,2.2964280337728016e-05
taa,2.2964280337728016e-05
twoparamet,2.2964280337728016e-05
gli,2.2964280337728016e-05
apz,2.2964280337728016e-05
wca,2.2964280337728016e-05
imt,2.2964280337728016e-05
conclu,2.2964280337728016e-05
pjv,2.2964280337728016e-05
bpt,2.2964280337728016e-05
audienc,2.2964280337728016e-05
zzl,2.2964280337728016e-05
nonoptim,2.2964280337728016e-05
yto,2.2964280337728016e-05
nxn,2.2964280337728016e-05
offici,2.2964280337728016e-05
farther,2.2964280337728016e-05
cook,2.2964280337728016e-05
dpt,2.2964280337728016e-05
supposit,2.2964280337728016e-05
prentic,2.2964280337728016e-05
eie,2.2964280337728016e-05
adx,2.2964280337728016e-05
hir,2.2964280337728016e-05
polyno,2.2964280337728016e-05
postpon,2.2964280337728016e-05
shea,2.2964280337728016e-05
ech,2.2964280337728016e-05
gix,2.2964280337728016e-05
otn,2.2964280337728016e-05
ljl,2.2964280337728016e-05
surement,2.2964280337728016e-05
eckstein,2.2964280337728016e-05
municip,2.2964280337728016e-05
dirac,2.2964280337728016e-05
gjx,2.2964280337728016e-05
semistrong,2.2964280337728016e-05
cosh,2.2964280337728016e-05
emt,2.2964280337728016e-05
hil,2.2964280337728016e-05
emm,2.2964280337728016e-05
neat,2.2964280337728016e-05
crp,2.2964280337728016e-05
fji,2.2964280337728016e-05
edf,2.2964280337728016e-05
somehow,2.2964280337728016e-05
liz,2.2964280337728016e-05
hlt,2.2964280337728016e-05
ject,2.2964280337728016e-05
flp,2.2964280337728016e-05
vno,2.2964280337728016e-05
lyapunov,2.2964280337728016e-05
penn,2.2964280337728016e-05
heart,2.2964280337728016e-05
eej,2.2964280337728016e-05
ecol,2.2964280337728016e-05
tjall,2.2964280337728016e-05
sjl,2.2964280337728016e-05
explod,2.2964280337728016e-05
mno,2.2964280337728016e-05
vara,2.2964280337728016e-05
implica,2.2964280337728016e-05
scientist,2.2964280337728016e-05
untransform,2.2964280337728016e-05
lpl,2.2964280337728016e-05
overwhelm,2.2964280337728016e-05
height,2.2964280337728016e-05
transposit,2.2964280337728016e-05
uth,2.2964280337728016e-05
wayn,2.2964280337728016e-05
tvi,2.2964280337728016e-05
iei,2.2964280337728016e-05
fzz,2.2964280337728016e-05
salmon,2.2964280337728016e-05
residenti,2.2964280337728016e-05
vkn,2.2964280337728016e-05
ysis,2.2964280337728016e-05
dyf,2.2964280337728016e-05
fiv,2.2964280337728016e-05
oko,2.2964280337728016e-05
mension,2.2964280337728016e-05
thicker,2.2964280337728016e-05
henderson,2.2964280337728016e-05
pto,2.2964280337728016e-05
underlin,2.2964280337728016e-05
gaug,2.2964280337728016e-05
custom,2.2964280337728016e-05
struction,2.2964280337728016e-05
hxx,2.2964280337728016e-05
linse,2.2964280337728016e-05
efk,2.2964280337728016e-05
eiy,2.2964280337728016e-05
today,2.2964280337728016e-05
oaxaca,2.2964280337728016e-05
projector,2.2964280337728016e-05
zia,2.2964280337728016e-05
doesnt,2.2964280337728016e-05
poe,2.2964280337728016e-05
ayti,2.2964280337728016e-05
gxk,2.2964280337728016e-05
lei,2.2964280337728016e-05
anda,2.2964280337728016e-05
xiyi,2.2964280337728016e-05
bio,2.2964280337728016e-05
moulton,2.2964280337728016e-05
lob,2.2964280337728016e-05
weakest,2.2964280337728016e-05
aml,2.2964280337728016e-05
murder,2.2964280337728016e-05
guilkey,2.2964280337728016e-05
ott,2.2964280337728016e-05
stimulus,2.2964280337728016e-05
outset,2.2113751436330684e-05
uht,2.2113751436330684e-05
sci,2.2113751436330684e-05
opb,2.2113751436330684e-05
tsl,2.2113751436330684e-05
trast,2.2113751436330684e-05
jaj,2.2113751436330684e-05
udu,2.2113751436330684e-05
vanderbilt,2.2113751436330684e-05
rfi,2.2113751436330684e-05
qzi,2.2113751436330684e-05
ftf,2.2113751436330684e-05
acquir,2.2113751436330684e-05
otr,2.2113751436330684e-05
limp,2.2113751436330684e-05
viv,2.2113751436330684e-05
exposur,2.2113751436330684e-05
vtk,2.2113751436330684e-05
rln,2.2113751436330684e-05
hay,2.2113751436330684e-05
catholiqu,2.2113751436330684e-05
groningen,2.2113751436330684e-05
msc,2.2113751436330684e-05
ria,2.2113751436330684e-05
pjn,2.2113751436330684e-05
metriz,2.2113751436330684e-05
tkt,2.2113751436330684e-05
crowder,2.2113751436330684e-05
hoy,2.2113751436330684e-05
portant,2.2113751436330684e-05
reiter,2.2113751436330684e-05
srinivasan,2.2113751436330684e-05
tape,2.2113751436330684e-05
vdv,2.2113751436330684e-05
carnegi,2.2113751436330684e-05
china,2.2113751436330684e-05
ddt,2.2113751436330684e-05
twofactor,2.2113751436330684e-05
zheng,2.2113751436330684e-05
inv,2.2113751436330684e-05
plain,2.2113751436330684e-05
ocl,2.2113751436330684e-05
ull,2.2113751436330684e-05
pui,2.2113751436330684e-05
petra,2.2113751436330684e-05
fab,2.2113751436330684e-05
abj,2.2113751436330684e-05
lsi,2.2113751436330684e-05
yixi,2.2113751436330684e-05
qtl,2.2113751436330684e-05
ayo,2.2113751436330684e-05
ade,2.2113751436330684e-05
nrn,2.2113751436330684e-05
advertis,2.2113751436330684e-05
terfactu,2.2113751436330684e-05
afqt,2.2113751436330684e-05
etq,2.2113751436330684e-05
jxi,2.2113751436330684e-05
welch,2.2113751436330684e-05
eif,2.2113751436330684e-05
zip,2.2113751436330684e-05
undertak,2.2113751436330684e-05
envisag,2.2113751436330684e-05
mccrari,2.2113751436330684e-05
xqi,2.2113751436330684e-05
wait,2.2113751436330684e-05
qla,2.2113751436330684e-05
wymer,2.2113751436330684e-05
vip,2.2113751436330684e-05
fvi,2.2113751436330684e-05
ddd,2.2113751436330684e-05
diy,2.2113751436330684e-05
vin,2.2113751436330684e-05
textil,2.2113751436330684e-05
jli,2.2113751436330684e-05
mdp,2.2113751436330684e-05
qtp,2.2113751436330684e-05
tip,2.2113751436330684e-05
flu,2.2113751436330684e-05
tual,2.2113751436330684e-05
nowher,2.2113751436330684e-05
marshal,2.2113751436330684e-05
rrf,2.2113751436330684e-05
axp,2.2113751436330684e-05
avi,2.2113751436330684e-05
mcculloch,2.2113751436330684e-05
lime,2.2113751436330684e-05
shop,2.2113751436330684e-05
galbraith,2.2113751436330684e-05
prenat,2.2113751436330684e-05
choicespecif,2.2113751436330684e-05
eiz,2.2113751436330684e-05
lesli,2.2113751436330684e-05
internet,2.2113751436330684e-05
nbs,2.2113751436330684e-05
vlk,2.2113751436330684e-05
teriz,2.2113751436330684e-05
comfort,2.2113751436330684e-05
objec,2.2113751436330684e-05
vts,2.2113751436330684e-05
xes,2.2113751436330684e-05
yta,2.2113751436330684e-05
waw,2.2113751436330684e-05
oyt,2.2113751436330684e-05
opa,2.2113751436330684e-05
unexplain,2.2113751436330684e-05
tho,2.2113751436330684e-05
xbx,2.2113751436330684e-05
ptp,2.2113751436330684e-05
cyt,2.2113751436330684e-05
deta,2.2113751436330684e-05
barcelona,2.2113751436330684e-05
lji,2.2113751436330684e-05
xyx,2.2113751436330684e-05
iiib,2.2113751436330684e-05
bjorklund,2.2113751436330684e-05
eppl,2.2113751436330684e-05
rid,2.2113751436330684e-05
ixo,2.2113751436330684e-05
logconcav,2.2113751436330684e-05
macra,2.2113751436330684e-05
agenc,2.2113751436330684e-05
ezx,2.2113751436330684e-05
ukt,2.2113751436330684e-05
ushap,2.2113751436330684e-05
oft,2.2113751436330684e-05
gerhard,2.2113751436330684e-05
bxx,2.2113751436330684e-05
marquardt,2.2113751436330684e-05
fnn,2.2113751436330684e-05
austria,2.2113751436330684e-05
mli,2.2113751436330684e-05
fienberg,2.2113751436330684e-05
pal,2.2113751436330684e-05
vantag,2.2113751436330684e-05
ysi,2.2113751436330684e-05
reminisc,2.2113751436330684e-05
exe,2.2113751436330684e-05
esl,2.2113751436330684e-05
cqq,2.2113751436330684e-05
fixpric,2.2113751436330684e-05
xrt,2.2113751436330684e-05
mln,2.2113751436330684e-05
diw,2.2113751436330684e-05
fel,2.2113751436330684e-05
costbenefit,2.2113751436330684e-05
ifa,2.2113751436330684e-05
ameri,2.2113751436330684e-05
lla,2.2113751436330684e-05
onward,2.2113751436330684e-05
jel,2.2113751436330684e-05
vote,2.2113751436330684e-05
grave,2.2113751436330684e-05
hedg,2.2113751436330684e-05
qli,2.2113751436330684e-05
widen,2.2113751436330684e-05
entitl,2.2113751436330684e-05
obstacl,2.2113751436330684e-05
snp,2.2113751436330684e-05
nonreject,2.2113751436330684e-05
troublesom,2.2113751436330684e-05
xpo,2.2113751436330684e-05
casual,2.2113751436330684e-05
shanken,2.2113751436330684e-05
enterpris,2.2113751436330684e-05
mina,2.2113751436330684e-05
cio,2.2113751436330684e-05
peterson,2.2113751436330684e-05
omnibus,2.1263222534933348e-05
xto,2.1263222534933348e-05
quintil,2.1263222534933348e-05
qni,2.1263222534933348e-05
xjl,2.1263222534933348e-05
lab,2.1263222534933348e-05
nno,2.1263222534933348e-05
fks,2.1263222534933348e-05
tfi,2.1263222534933348e-05
wisdom,2.1263222534933348e-05
reexpress,2.1263222534933348e-05
aro,2.1263222534933348e-05
earner,2.1263222534933348e-05
fmx,2.1263222534933348e-05
xid,2.1263222534933348e-05
nki,2.1263222534933348e-05
eugen,2.1263222534933348e-05
tqt,2.1263222534933348e-05
inj,2.1263222534933348e-05
tjn,2.1263222534933348e-05
numeri,2.1263222534933348e-05
veteran,2.1263222534933348e-05
ipz,2.1263222534933348e-05
jtn,2.1263222534933348e-05
lct,2.1263222534933348e-05
arr,2.1263222534933348e-05
exponen,2.1263222534933348e-05
nfn,2.1263222534933348e-05
qil,2.1263222534933348e-05
lippi,2.1263222534933348e-05
pectat,2.1263222534933348e-05
yey,2.1263222534933348e-05
wli,2.1263222534933348e-05
lta,2.1263222534933348e-05
diamond,2.1263222534933348e-05
ongo,2.1263222534933348e-05
bms,2.1263222534933348e-05
tiebreak,2.1263222534933348e-05
murray,2.1263222534933348e-05
yyx,2.1263222534933348e-05
guidelin,2.1263222534933348e-05
pih,2.1263222534933348e-05
oka,2.1263222534933348e-05
abi,2.1263222534933348e-05
pervas,2.1263222534933348e-05
nrr,2.1263222534933348e-05
dao,2.1263222534933348e-05
xlj,2.1263222534933348e-05
xtu,2.1263222534933348e-05
sxi,2.1263222534933348e-05
csn,2.1263222534933348e-05
vtv,2.1263222534933348e-05
visavi,2.1263222534933348e-05
wjk,2.1263222534933348e-05
timmermann,2.1263222534933348e-05
maxz,2.1263222534933348e-05
methuen,2.1263222534933348e-05
etx,2.1263222534933348e-05
llr,2.1263222534933348e-05
pothes,2.1263222534933348e-05
integra,2.1263222534933348e-05
tzi,2.1263222534933348e-05
lel,2.1263222534933348e-05
dividu,2.1263222534933348e-05
underli,2.1263222534933348e-05
nasdaq,2.1263222534933348e-05
yip,2.1263222534933348e-05
zht,2.1263222534933348e-05
indiana,2.1263222534933348e-05
rnk,2.1263222534933348e-05
inft,2.1263222534933348e-05
fgi,2.1263222534933348e-05
ral,2.1263222534933348e-05
mai,2.1263222534933348e-05
aar,2.1263222534933348e-05
dil,2.1263222534933348e-05
mwt,2.1263222534933348e-05
dropout,2.1263222534933348e-05
meanindepend,2.1263222534933348e-05
attitud,2.1263222534933348e-05
jjj,2.1263222534933348e-05
court,2.1263222534933348e-05
darl,2.1263222534933348e-05
lut,2.1263222534933348e-05
fst,2.1263222534933348e-05
ltl,2.1263222534933348e-05
marcelo,2.1263222534933348e-05
fea,2.1263222534933348e-05
nap,2.1263222534933348e-05
kendrick,2.1263222534933348e-05
alyt,2.1263222534933348e-05
folklor,2.1263222534933348e-05
downweight,2.1263222534933348e-05
lrb,2.1263222534933348e-05
sharpen,2.1263222534933348e-05
dll,2.1263222534933348e-05
lnf,2.1263222534933348e-05
pzx,2.1263222534933348e-05
rejec,2.1263222534933348e-05
bulk,2.1263222534933348e-05
pound,2.1263222534933348e-05
sari,2.1263222534933348e-05
exj,2.1263222534933348e-05
plp,2.1263222534933348e-05
ytn,2.1263222534933348e-05
vls,2.1263222534933348e-05
ebt,2.1263222534933348e-05
dei,2.1263222534933348e-05
imiz,2.1263222534933348e-05
lon,2.1263222534933348e-05
fjz,2.1263222534933348e-05
foi,2.1263222534933348e-05
formid,2.1263222534933348e-05
kax,2.1263222534933348e-05
ego,2.1263222534933348e-05
premultipl,2.1263222534933348e-05
semilog,2.1263222534933348e-05
splitsampl,2.1263222534933348e-05
sydney,2.1263222534933348e-05
orr,2.1263222534933348e-05
maliz,2.1263222534933348e-05
artifact,2.1263222534933348e-05
inat,2.1263222534933348e-05
wdw,2.1263222534933348e-05
dur,2.1263222534933348e-05
bles,2.1263222534933348e-05
limi,2.1263222534933348e-05
yeo,2.1263222534933348e-05
blb,2.1263222534933348e-05
mainten,2.1263222534933348e-05
ssw,2.1263222534933348e-05
optimiza,2.1263222534933348e-05
wtn,2.1263222534933348e-05
freq,2.1263222534933348e-05
lxx,2.1263222534933348e-05
nonsta,2.1263222534933348e-05
nia,2.1263222534933348e-05
dio,2.1263222534933348e-05
mir,2.1263222534933348e-05
dji,2.1263222534933348e-05
seed,2.1263222534933348e-05
zxx,2.1263222534933348e-05
appen,2.1263222534933348e-05
neutral,2.1263222534933348e-05
lsc,2.1263222534933348e-05
izt,2.1263222534933348e-05
tht,2.1263222534933348e-05
eim,2.1263222534933348e-05
dux,2.1263222534933348e-05
chase,2.1263222534933348e-05
cac,2.1263222534933348e-05
feed,2.1263222534933348e-05
sqi,2.1263222534933348e-05
birmingham,2.1263222534933348e-05
contemporari,2.1263222534933348e-05
pen,2.1263222534933348e-05
znt,2.1263222534933348e-05
acter,2.1263222534933348e-05
eww,2.1263222534933348e-05
duction,2.1263222534933348e-05
exten,2.1263222534933348e-05
specul,2.1263222534933348e-05
que,2.1263222534933348e-05
spiegelman,2.1263222534933348e-05
piz,2.1263222534933348e-05
neal,2.1263222534933348e-05
clearer,2.0412693633536015e-05
xfo,2.0412693633536015e-05
ordinarili,2.0412693633536015e-05
apa,2.0412693633536015e-05
onn,2.0412693633536015e-05
logm,2.0412693633536015e-05
lfl,2.0412693633536015e-05
noncompli,2.0412693633536015e-05
joe,2.0412693633536015e-05
finer,2.0412693633536015e-05
invit,2.0412693633536015e-05
interna,2.0412693633536015e-05
jaa,2.0412693633536015e-05
yax,2.0412693633536015e-05
ehx,2.0412693633536015e-05
pollak,2.0412693633536015e-05
iir,2.0412693633536015e-05
hix,2.0412693633536015e-05
www,2.0412693633536015e-05
incompat,2.0412693633536015e-05
pao,2.0412693633536015e-05
librium,2.0412693633536015e-05
drew,2.0412693633536015e-05
coal,2.0412693633536015e-05
fpo,2.0412693633536015e-05
lfi,2.0412693633536015e-05
limj,2.0412693633536015e-05
bkk,2.0412693633536015e-05
stori,2.0412693633536015e-05
summa,2.0412693633536015e-05
ptz,2.0412693633536015e-05
layout,2.0412693633536015e-05
disentangl,2.0412693633536015e-05
beat,2.0412693633536015e-05
milk,2.0412693633536015e-05
pxj,2.0412693633536015e-05
ftp,2.0412693633536015e-05
zfz,2.0412693633536015e-05
llf,2.0412693633536015e-05
bni,2.0412693633536015e-05
auc,2.0412693633536015e-05
fell,2.0412693633536015e-05
eng,2.0412693633536015e-05
ion,2.0412693633536015e-05
colleagu,2.0412693633536015e-05
kuhntuck,2.0412693633536015e-05
dfz,2.0412693633536015e-05
willi,2.0412693633536015e-05
ctj,2.0412693633536015e-05
tla,2.0412693633536015e-05
nnl,2.0412693633536015e-05
kak,2.0412693633536015e-05
premis,2.0412693633536015e-05
vwi,2.0412693633536015e-05
kaufman,2.0412693633536015e-05
jeff,2.0412693633536015e-05
cjk,2.0412693633536015e-05
cision,2.0412693633536015e-05
autonom,2.0412693633536015e-05
riemann,2.0412693633536015e-05
ioj,2.0412693633536015e-05
tension,2.0412693633536015e-05
cpq,2.0412693633536015e-05
loword,2.0412693633536015e-05
typespecif,2.0412693633536015e-05
kll,2.0412693633536015e-05
trendstationari,2.0412693633536015e-05
ppo,2.0412693633536015e-05
jej,2.0412693633536015e-05
marketspecif,2.0412693633536015e-05
jln,2.0412693633536015e-05
aui,2.0412693633536015e-05
whereupon,2.0412693633536015e-05
sir,2.0412693633536015e-05
peo,2.0412693633536015e-05
balk,2.0412693633536015e-05
lul,2.0412693633536015e-05
regu,2.0412693633536015e-05
vjj,2.0412693633536015e-05
append,2.0412693633536015e-05
economnetrica,2.0412693633536015e-05
tyi,2.0412693633536015e-05
searl,2.0412693633536015e-05
hawkin,2.0412693633536015e-05
fifteen,2.0412693633536015e-05
somewher,2.0412693633536015e-05
iol,2.0412693633536015e-05
nuiti,2.0412693633536015e-05
idl,2.0412693633536015e-05
affirm,2.0412693633536015e-05
haus,2.0412693633536015e-05
yfl,2.0412693633536015e-05
sanc,2.0412693633536015e-05
katz,2.0412693633536015e-05
universitat,2.0412693633536015e-05
fex,2.0412693633536015e-05
jlx,2.0412693633536015e-05
tild,2.0412693633536015e-05
gnn,2.0412693633536015e-05
tee,2.0412693633536015e-05
ojj,2.0412693633536015e-05
zpt,2.0412693633536015e-05
homeomorph,2.0412693633536015e-05
sian,2.0412693633536015e-05
kennan,2.0412693633536015e-05
triplet,2.0412693633536015e-05
ure,2.0412693633536015e-05
trajectori,2.0412693633536015e-05
anj,2.0412693633536015e-05
rnl,2.0412693633536015e-05
npo,2.0412693633536015e-05
ingeni,2.0412693633536015e-05
patrick,2.0412693633536015e-05
probabilit,2.0412693633536015e-05
jacqu,2.0412693633536015e-05
thejth,2.0412693633536015e-05
subsid,2.0412693633536015e-05
tnd,2.0412693633536015e-05
hor,2.0412693633536015e-05
arbi,2.0412693633536015e-05
float,2.0412693633536015e-05
azl,2.0412693633536015e-05
init,2.0412693633536015e-05
federico,2.0412693633536015e-05
viy,2.0412693633536015e-05
meaningless,2.0412693633536015e-05
cise,2.0412693633536015e-05
iiq,2.0412693633536015e-05
sine,2.0412693633536015e-05
wir,2.0412693633536015e-05
dydx,2.0412693633536015e-05
nostrand,2.0412693633536015e-05
ihx,2.0412693633536015e-05
childless,2.0412693633536015e-05
erk,2.0412693633536015e-05
claimant,2.0412693633536015e-05
loca,2.0412693633536015e-05
clarendon,2.0412693633536015e-05
ztk,2.0412693633536015e-05
wherev,2.0412693633536015e-05
sore,2.0412693633536015e-05
ptyt,2.0412693633536015e-05
sixteen,2.0412693633536015e-05
twopoint,2.0412693633536015e-05
lyo,2.0412693633536015e-05
microlevel,2.0412693633536015e-05
ppr,2.0412693633536015e-05
pyl,2.0412693633536015e-05
itest,2.0412693633536015e-05
zth,2.0412693633536015e-05
breiman,2.0412693633536015e-05
twoperiod,2.0412693633536015e-05
rik,2.0412693633536015e-05
fjt,2.0412693633536015e-05
pmi,2.0412693633536015e-05
judgement,2.0412693633536015e-05
xst,2.0412693633536015e-05
tel,2.0412693633536015e-05
ooi,2.0412693633536015e-05
lection,2.0412693633536015e-05
fletcher,2.0412693633536015e-05
oao,2.0412693633536015e-05
mti,2.0412693633536015e-05
logk,2.0412693633536015e-05
exl,2.0412693633536015e-05
isomorph,2.0412693633536015e-05
alxt,2.0412693633536015e-05
sacrif,2.0412693633536015e-05
pragmat,2.0412693633536015e-05
azz,2.0412693633536015e-05
pdt,2.0412693633536015e-05
bta,2.0412693633536015e-05
bonn,2.0412693633536015e-05
lst,2.0412693633536015e-05
ixj,2.0412693633536015e-05
afinit,2.0412693633536015e-05
mroz,2.0412693633536015e-05
richmond,2.0412693633536015e-05
afa,2.0412693633536015e-05
rpi,2.0412693633536015e-05
plx,2.0412693633536015e-05
ensu,2.0412693633536015e-05
pia,2.0412693633536015e-05
covx,2.0412693633536015e-05
lno,2.0412693633536015e-05
lrf,2.0412693633536015e-05
aaf,2.0412693633536015e-05
pcn,2.0412693633536015e-05
agx,2.0412693633536015e-05
ytxt,1.956216473213868e-05
pwi,1.956216473213868e-05
logf,1.956216473213868e-05
ass,1.956216473213868e-05
etet,1.956216473213868e-05
cummin,1.956216473213868e-05
earliest,1.956216473213868e-05
ybi,1.956216473213868e-05
sil,1.956216473213868e-05
disclaim,1.956216473213868e-05
ilx,1.956216473213868e-05
bti,1.956216473213868e-05
clean,1.956216473213868e-05
xim,1.956216473213868e-05
gig,1.956216473213868e-05
hasan,1.956216473213868e-05
apn,1.956216473213868e-05
utk,1.956216473213868e-05
kmi,1.956216473213868e-05
vji,1.956216473213868e-05
hyslop,1.956216473213868e-05
lvi,1.956216473213868e-05
lia,1.956216473213868e-05
eac,1.956216473213868e-05
dtn,1.956216473213868e-05
tei,1.956216473213868e-05
deliber,1.956216473213868e-05
kti,1.956216473213868e-05
del,1.956216473213868e-05
ygi,1.956216473213868e-05
ilv,1.956216473213868e-05
vyt,1.956216473213868e-05
regressionbas,1.956216473213868e-05
bine,1.956216473213868e-05
contact,1.956216473213868e-05
pco,1.956216473213868e-05
enrol,1.956216473213868e-05
asd,1.956216473213868e-05
sarili,1.956216473213868e-05
yuichi,1.956216473213868e-05
finiteord,1.956216473213868e-05
qtn,1.956216473213868e-05
vpv,1.956216473213868e-05
wtr,1.956216473213868e-05
typi,1.956216473213868e-05
tlx,1.956216473213868e-05
dqn,1.956216473213868e-05
bth,1.956216473213868e-05
npn,1.956216473213868e-05
maximiza,1.956216473213868e-05
econometnica,1.956216473213868e-05
stapleton,1.956216473213868e-05
rgi,1.956216473213868e-05
yim,1.956216473213868e-05
tenc,1.956216473213868e-05
kxt,1.956216473213868e-05
kahn,1.956216473213868e-05
hnn,1.956216473213868e-05
cik,1.956216473213868e-05
vyo,1.956216473213868e-05
relabel,1.956216473213868e-05
tlm,1.956216473213868e-05
intent,1.956216473213868e-05
symmet,1.956216473213868e-05
sate,1.956216473213868e-05
http,1.956216473213868e-05
superflu,1.956216473213868e-05
separa,1.956216473213868e-05
uhlig,1.956216473213868e-05
mii,1.956216473213868e-05
isn,1.956216473213868e-05
ykl,1.956216473213868e-05
itp,1.956216473213868e-05
jij,1.956216473213868e-05
ncn,1.956216473213868e-05
spanish,1.956216473213868e-05
vyn,1.956216473213868e-05
abstractthi,1.956216473213868e-05
postsampl,1.956216473213868e-05
htn,1.956216473213868e-05
commenc,1.956216473213868e-05
pansion,1.956216473213868e-05
aprajit,1.956216473213868e-05
dht,1.956216473213868e-05
ltp,1.956216473213868e-05
prs,1.956216473213868e-05
informationtheoret,1.956216473213868e-05
buffalo,1.956216473213868e-05
fori,1.956216473213868e-05
maxp,1.956216473213868e-05
mam,1.956216473213868e-05
eek,1.956216473213868e-05
ixk,1.956216473213868e-05
newli,1.956216473213868e-05
presumpt,1.956216473213868e-05
tox,1.956216473213868e-05
fet,1.956216473213868e-05
aay,1.956216473213868e-05
aop,1.956216473213868e-05
expz,1.956216473213868e-05
sjx,1.956216473213868e-05
xat,1.956216473213868e-05
eoo,1.956216473213868e-05
elf,1.956216473213868e-05
parenthesi,1.956216473213868e-05
efe,1.956216473213868e-05
vnl,1.956216473213868e-05
yte,1.956216473213868e-05
ttz,1.956216473213868e-05
connor,1.956216473213868e-05
elx,1.956216473213868e-05
spt,1.956216473213868e-05
vqt,1.956216473213868e-05
shin,1.956216473213868e-05
oan,1.956216473213868e-05
ool,1.956216473213868e-05
pfx,1.956216473213868e-05
nolan,1.956216473213868e-05
imn,1.956216473213868e-05
tailor,1.956216473213868e-05
supplier,1.956216473213868e-05
llo,1.956216473213868e-05
crde,1.956216473213868e-05
ynl,1.956216473213868e-05
vtn,1.956216473213868e-05
yat,1.956216473213868e-05
tgt,1.956216473213868e-05
bare,1.956216473213868e-05
wot,1.956216473213868e-05
fia,1.956216473213868e-05
eal,1.956216473213868e-05
tes,1.956216473213868e-05
cao,1.956216473213868e-05
cunha,1.956216473213868e-05
tre,1.956216473213868e-05
oyi,1.956216473213868e-05
atat,1.956216473213868e-05
michel,1.956216473213868e-05
lir,1.956216473213868e-05
evalua,1.956216473213868e-05
pll,1.956216473213868e-05
ftk,1.956216473213868e-05
lea,1.956216473213868e-05
tir,1.956216473213868e-05
yen,1.956216473213868e-05
ptj,1.956216473213868e-05
reemploy,1.956216473213868e-05
wrote,1.956216473213868e-05
zao,1.956216473213868e-05
supj,1.956216473213868e-05
pudney,1.956216473213868e-05
lari,1.956216473213868e-05
honour,1.956216473213868e-05
dist,1.956216473213868e-05
finland,1.956216473213868e-05
steepest,1.956216473213868e-05
cmd,1.956216473213868e-05
arisen,1.956216473213868e-05
kumar,1.956216473213868e-05
bal,1.956216473213868e-05
edx,1.956216473213868e-05
gow,1.956216473213868e-05
prj,1.956216473213868e-05
pleas,1.956216473213868e-05
essex,1.956216473213868e-05
yyy,1.956216473213868e-05
transcendent,1.956216473213868e-05
tct,1.956216473213868e-05
adrian,1.956216473213868e-05
introductori,1.956216473213868e-05
cofactor,1.956216473213868e-05
mackinlay,1.956216473213868e-05
expl,1.956216473213868e-05
debt,1.956216473213868e-05
strand,1.956216473213868e-05
gxo,1.956216473213868e-05
mathemati,1.956216473213868e-05
gdt,1.956216473213868e-05
mio,1.956216473213868e-05
egg,1.956216473213868e-05
heidelberg,1.956216473213868e-05
purdu,1.956216473213868e-05
xer,1.956216473213868e-05
prin,1.956216473213868e-05
posttreat,1.956216473213868e-05
tyx,1.956216473213868e-05
inexpens,1.956216473213868e-05
aok,1.956216473213868e-05
bernstein,1.956216473213868e-05
txl,1.956216473213868e-05
dod,1.956216473213868e-05
decomposi,1.956216473213868e-05
halfspac,1.956216473213868e-05
stj,1.956216473213868e-05
subs,1.956216473213868e-05
limm,1.956216473213868e-05
began,1.956216473213868e-05
aestim,1.956216473213868e-05
dax,1.956216473213868e-05
nfl,1.956216473213868e-05
crosscountri,1.956216473213868e-05
relianc,1.8711635830741347e-05
cvt,1.8711635830741347e-05
uut,1.8711635830741347e-05
rpr,1.8711635830741347e-05
iyn,1.8711635830741347e-05
wtj,1.8711635830741347e-05
ofo,1.8711635830741347e-05
peel,1.8711635830741347e-05
hia,1.8711635830741347e-05
uax,1.8711635830741347e-05
fip,1.8711635830741347e-05
xan,1.8711635830741347e-05
highord,1.8711635830741347e-05
ewx,1.8711635830741347e-05
kid,1.8711635830741347e-05
exk,1.8711635830741347e-05
dad,1.8711635830741347e-05
irx,1.8711635830741347e-05
trq,1.8711635830741347e-05
corrobor,1.8711635830741347e-05
aff,1.8711635830741347e-05
pdi,1.8711635830741347e-05
apriori,1.8711635830741347e-05
altem,1.8711635830741347e-05
qio,1.8711635830741347e-05
coj,1.8711635830741347e-05
singapor,1.8711635830741347e-05
hsu,1.8711635830741347e-05
elucid,1.8711635830741347e-05
ayn,1.8711635830741347e-05
pxa,1.8711635830741347e-05
jpj,1.8711635830741347e-05
aor,1.8711635830741347e-05
factori,1.8711635830741347e-05
raj,1.8711635830741347e-05
fernndez,1.8711635830741347e-05
lcd,1.8711635830741347e-05
arc,1.8711635830741347e-05
limnoo,1.8711635830741347e-05
nonparticip,1.8711635830741347e-05
sell,1.8711635830741347e-05
graddi,1.8711635830741347e-05
wll,1.8711635830741347e-05
irr,1.8711635830741347e-05
yyl,1.8711635830741347e-05
lwi,1.8711635830741347e-05
jco,1.8711635830741347e-05
rfr,1.8711635830741347e-05
nio,1.8711635830741347e-05
mpe,1.8711635830741347e-05
anova,1.8711635830741347e-05
anv,1.8711635830741347e-05
vital,1.8711635830741347e-05
vot,1.8711635830741347e-05
bidder,1.8711635830741347e-05
invalu,1.8711635830741347e-05
toi,1.8711635830741347e-05
vir,1.8711635830741347e-05
finetti,1.8711635830741347e-05
jtest,1.8711635830741347e-05
fernandez,1.8711635830741347e-05
silva,1.8711635830741347e-05
wis,1.8711635830741347e-05
jlj,1.8711635830741347e-05
dni,1.8711635830741347e-05
taxat,1.8711635830741347e-05
xzz,1.8711635830741347e-05
mas,1.8711635830741347e-05
exf,1.8711635830741347e-05
vey,1.8711635830741347e-05
lzt,1.8711635830741347e-05
hillhous,1.8711635830741347e-05
harper,1.8711635830741347e-05
deci,1.8711635830741347e-05
stigler,1.8711635830741347e-05
ykt,1.8711635830741347e-05
succinct,1.8711635830741347e-05
robertson,1.8711635830741347e-05
sinica,1.8711635830741347e-05
sist,1.8711635830741347e-05
oax,1.8711635830741347e-05
akn,1.8711635830741347e-05
gyy,1.8711635830741347e-05
jing,1.8711635830741347e-05
bnn,1.8711635830741347e-05
itf,1.8711635830741347e-05
plt,1.8711635830741347e-05
yjn,1.8711635830741347e-05
vll,1.8711635830741347e-05
jack,1.8711635830741347e-05
ecl,1.8711635830741347e-05
barrier,1.8711635830741347e-05
percept,1.8711635830741347e-05
gao,1.8711635830741347e-05
fiz,1.8711635830741347e-05
szego,1.8711635830741347e-05
lesson,1.8711635830741347e-05
ifn,1.8711635830741347e-05
tzz,1.8711635830741347e-05
dyn,1.8711635830741347e-05
processor,1.8711635830741347e-05
diction,1.8711635830741347e-05
varc,1.8711635830741347e-05
qfl,1.8711635830741347e-05
hah,1.8711635830741347e-05
sft,1.8711635830741347e-05
vjs,1.8711635830741347e-05
qfr,1.8711635830741347e-05
leonard,1.8711635830741347e-05
vkv,1.8711635830741347e-05
substi,1.8711635830741347e-05
zix,1.8711635830741347e-05
koop,1.8711635830741347e-05
bes,1.8711635830741347e-05
vtr,1.8711635830741347e-05
faj,1.8711635830741347e-05
ive,1.8711635830741347e-05
bjt,1.8711635830741347e-05
wal,1.8711635830741347e-05
robbin,1.8711635830741347e-05
dmn,1.8711635830741347e-05
yia,1.8711635830741347e-05
hodrick,1.8711635830741347e-05
mip,1.8711635830741347e-05
ssd,1.8711635830741347e-05
xnl,1.8711635830741347e-05
mij,1.8711635830741347e-05
mitig,1.8711635830741347e-05
minl,1.8711635830741347e-05
teacher,1.8711635830741347e-05
hoj,1.8711635830741347e-05
qaa,1.8711635830741347e-05
pleasur,1.8711635830741347e-05
laspeyr,1.8711635830741347e-05
maxl,1.8711635830741347e-05
buyer,1.8711635830741347e-05
lfx,1.8711635830741347e-05
iho,1.8711635830741347e-05
qst,1.8711635830741347e-05
arbor,1.8711635830741347e-05
aho,1.8711635830741347e-05
bzt,1.8711635830741347e-05
oli,1.8711635830741347e-05
startup,1.8711635830741347e-05
ptb,1.8711635830741347e-05
prf,1.8711635830741347e-05
deduct,1.8711635830741347e-05
indian,1.8711635830741347e-05
dam,1.8711635830741347e-05
thierri,1.8711635830741347e-05
switzerland,1.8711635830741347e-05
carnegiemellon,1.8711635830741347e-05
assumprion,1.8711635830741347e-05
pax,1.8711635830741347e-05
wix,1.8711635830741347e-05
mzt,1.8711635830741347e-05
betweengroup,1.8711635830741347e-05
innova,1.8711635830741347e-05
wff,1.8711635830741347e-05
flatter,1.8711635830741347e-05
trk,1.8711635830741347e-05
amer,1.8711635830741347e-05
miner,1.8711635830741347e-05
qno,1.8711635830741347e-05
crockett,1.8711635830741347e-05
yiyi,1.8711635830741347e-05
gto,1.8711635830741347e-05
varp,1.8711635830741347e-05
tno,1.8711635830741347e-05
aya,1.8711635830741347e-05
fiw,1.8711635830741347e-05
eleven,1.8711635830741347e-05
palmer,1.8711635830741347e-05
atur,1.8711635830741347e-05
asian,1.8711635830741347e-05
crossspectr,1.8711635830741347e-05
nla,1.8711635830741347e-05
ryo,1.8711635830741347e-05
satisfact,1.8711635830741347e-05
xmn,1.8711635830741347e-05
yqi,1.8711635830741347e-05
genberg,1.8711635830741347e-05
ylo,1.8711635830741347e-05
quo,1.8711635830741347e-05
aros,1.8711635830741347e-05
pkt,1.8711635830741347e-05
afor,1.8711635830741347e-05
breadwinn,1.8711635830741347e-05
tak,1.8711635830741347e-05
vri,1.8711635830741347e-05
ditur,1.8711635830741347e-05
rion,1.8711635830741347e-05
interrel,1.8711635830741347e-05
bjk,1.8711635830741347e-05
consump,1.8711635830741347e-05
quantal,1.8711635830741347e-05
signaltonois,1.8711635830741347e-05
cain,1.8711635830741347e-05
ddx,1.8711635830741347e-05
unreport,1.8711635830741347e-05
bnl,1.8711635830741347e-05
india,1.8711635830741347e-05
minist,1.8711635830741347e-05
uxx,1.8711635830741347e-05
xgi,1.8711635830741347e-05
ator,1.786110692934401e-05
qcq,1.786110692934401e-05
deconomi,1.786110692934401e-05
mab,1.786110692934401e-05
sio,1.786110692934401e-05
ifp,1.786110692934401e-05
qiz,1.786110692934401e-05
irf,1.786110692934401e-05
dahl,1.786110692934401e-05
flr,1.786110692934401e-05
previ,1.786110692934401e-05
rft,1.786110692934401e-05
bennett,1.786110692934401e-05
tau,1.786110692934401e-05
ylp,1.786110692934401e-05
iam,1.786110692934401e-05
epn,1.786110692934401e-05
considera,1.786110692934401e-05
courant,1.786110692934401e-05
nic,1.786110692934401e-05
vious,1.786110692934401e-05
tfl,1.786110692934401e-05
sullivan,1.786110692934401e-05
dnk,1.786110692934401e-05
irm,1.786110692934401e-05
releg,1.786110692934401e-05
multiproduct,1.786110692934401e-05
swiss,1.786110692934401e-05
axf,1.786110692934401e-05
varb,1.786110692934401e-05
hint,1.786110692934401e-05
dag,1.786110692934401e-05
whitenois,1.786110692934401e-05
intem,1.786110692934401e-05
msl,1.786110692934401e-05
ene,1.786110692934401e-05
aie,1.786110692934401e-05
polish,1.786110692934401e-05
arti,1.786110692934401e-05
binat,1.786110692934401e-05
tay,1.786110692934401e-05
blanchard,1.786110692934401e-05
poz,1.786110692934401e-05
tco,1.786110692934401e-05
ufo,1.786110692934401e-05
unidimension,1.786110692934401e-05
pcr,1.786110692934401e-05
ylj,1.786110692934401e-05
pregnanc,1.786110692934401e-05
horvath,1.786110692934401e-05
lrm,1.786110692934401e-05
pzo,1.786110692934401e-05
normalis,1.786110692934401e-05
fno,1.786110692934401e-05
conn,1.786110692934401e-05
orl,1.786110692934401e-05
emp,1.786110692934401e-05
qqq,1.786110692934401e-05
bos,1.786110692934401e-05
matur,1.786110692934401e-05
nen,1.786110692934401e-05
discriminatori,1.786110692934401e-05
timehomogen,1.786110692934401e-05
mak,1.786110692934401e-05
rix,1.786110692934401e-05
philipp,1.786110692934401e-05
hoa,1.786110692934401e-05
jzj,1.786110692934401e-05
wxo,1.786110692934401e-05
weal,1.786110692934401e-05
sln,1.786110692934401e-05
glt,1.786110692934401e-05
twotail,1.786110692934401e-05
uncommon,1.786110692934401e-05
ord,1.786110692934401e-05
fpt,1.786110692934401e-05
squareroot,1.786110692934401e-05
threeequat,1.786110692934401e-05
investiga,1.786110692934401e-05
scedast,1.786110692934401e-05
cointegrat,1.786110692934401e-05
neweywest,1.786110692934401e-05
shadow,1.786110692934401e-05
zlz,1.786110692934401e-05
dtr,1.786110692934401e-05
wtu,1.786110692934401e-05
ethier,1.786110692934401e-05
phrase,1.786110692934401e-05
tlr,1.786110692934401e-05
ron,1.786110692934401e-05
kki,1.786110692934401e-05
ien,1.786110692934401e-05
itb,1.786110692934401e-05
vff,1.786110692934401e-05
jji,1.786110692934401e-05
duflo,1.786110692934401e-05
numerair,1.786110692934401e-05
whitak,1.786110692934401e-05
rkl,1.786110692934401e-05
hhs,1.786110692934401e-05
xiti,1.786110692934401e-05
vlv,1.786110692934401e-05
brother,1.786110692934401e-05
vagu,1.786110692934401e-05
xkk,1.786110692934401e-05
borei,1.786110692934401e-05
pvi,1.786110692934401e-05
ydt,1.786110692934401e-05
fta,1.786110692934401e-05
jxt,1.786110692934401e-05
otx,1.786110692934401e-05
itera,1.786110692934401e-05
nri,1.786110692934401e-05
jerzi,1.786110692934401e-05
thereaft,1.786110692934401e-05
pow,1.786110692934401e-05
gous,1.786110692934401e-05
varv,1.786110692934401e-05
usabl,1.786110692934401e-05
oppon,1.786110692934401e-05
uri,1.786110692934401e-05
slowdown,1.786110692934401e-05
rtl,1.786110692934401e-05
esem,1.786110692934401e-05
elect,1.786110692934401e-05
gut,1.786110692934401e-05
xtq,1.786110692934401e-05
centrat,1.786110692934401e-05
izj,1.786110692934401e-05
jean,1.786110692934401e-05
alcohol,1.786110692934401e-05
awkward,1.786110692934401e-05
kol,1.786110692934401e-05
mortal,1.786110692934401e-05
cnc,1.786110692934401e-05
jureen,1.786110692934401e-05
trc,1.786110692934401e-05
tmt,1.786110692934401e-05
jut,1.786110692934401e-05
qta,1.786110692934401e-05
domencich,1.786110692934401e-05
ernst,1.786110692934401e-05
barbara,1.786110692934401e-05
stm,1.786110692934401e-05
chelsea,1.786110692934401e-05
uji,1.786110692934401e-05
hax,1.786110692934401e-05
kii,1.786110692934401e-05
qnt,1.786110692934401e-05
nlsi,1.786110692934401e-05
forsom,1.786110692934401e-05
ocx,1.786110692934401e-05
cnj,1.786110692934401e-05
dtx,1.786110692934401e-05
gosl,1.786110692934401e-05
iat,1.786110692934401e-05
malli,1.786110692934401e-05
brent,1.786110692934401e-05
dastic,1.786110692934401e-05
rjj,1.786110692934401e-05
rar,1.786110692934401e-05
ssrc,1.786110692934401e-05
ygt,1.786110692934401e-05
descend,1.786110692934401e-05
incoher,1.786110692934401e-05
tiz,1.786110692934401e-05
larsen,1.786110692934401e-05
intellig,1.786110692934401e-05
twoway,1.786110692934401e-05
assetpr,1.786110692934401e-05
retriev,1.786110692934401e-05
kang,1.786110692934401e-05
mint,1.786110692934401e-05
lichtenberg,1.786110692934401e-05
judici,1.786110692934401e-05
shiryaev,1.786110692934401e-05
qyt,1.786110692934401e-05
interven,1.786110692934401e-05
recur,1.786110692934401e-05
lovel,1.786110692934401e-05
mckenzi,1.786110692934401e-05
staff,1.786110692934401e-05
blk,1.786110692934401e-05
zal,1.786110692934401e-05
topel,1.786110692934401e-05
sas,1.786110692934401e-05
kik,1.786110692934401e-05
eutut,1.786110692934401e-05
flk,1.786110692934401e-05
synthesi,1.786110692934401e-05
terial,1.786110692934401e-05
rutger,1.786110692934401e-05
ota,1.786110692934401e-05
sato,1.786110692934401e-05
gower,1.786110692934401e-05
elizabeth,1.786110692934401e-05
exa,1.786110692934401e-05
nonintegr,1.786110692934401e-05
aqt,1.786110692934401e-05
ris,1.786110692934401e-05
bold,1.786110692934401e-05
obt,1.786110692934401e-05
sold,1.786110692934401e-05
programszip,1.786110692934401e-05
alb,1.786110692934401e-05
dqd,1.786110692934401e-05
sxo,1.786110692934401e-05
httpwwweconometricsocietyorgectasupmat,1.786110692934401e-05
wol,1.786110692934401e-05
quang,1.786110692934401e-05
posteriori,1.786110692934401e-05
petrov,1.786110692934401e-05
midrang,1.786110692934401e-05
pqp,1.786110692934401e-05
dfu,1.786110692934401e-05
corol,1.786110692934401e-05
akx,1.786110692934401e-05
compari,1.786110692934401e-05
diz,1.786110692934401e-05
sao,1.786110692934401e-05
squeez,1.786110692934401e-05
expn,1.701057802794668e-05
ngn,1.701057802794668e-05
nonuniform,1.701057802794668e-05
kaplanmei,1.701057802794668e-05
holtzeakin,1.701057802794668e-05
dmi,1.701057802794668e-05
ffx,1.701057802794668e-05
interpr,1.701057802794668e-05
ftz,1.701057802794668e-05
jor,1.701057802794668e-05
hafner,1.701057802794668e-05
csc,1.701057802794668e-05
ezj,1.701057802794668e-05
pzl,1.701057802794668e-05
emin,1.701057802794668e-05
hyl,1.701057802794668e-05
varl,1.701057802794668e-05
asym,1.701057802794668e-05
maxn,1.701057802794668e-05
fullrank,1.701057802794668e-05
pischk,1.701057802794668e-05
olt,1.701057802794668e-05
lowdimension,1.701057802794668e-05
nonrobust,1.701057802794668e-05
entrepreneur,1.701057802794668e-05
pms,1.701057802794668e-05
fxit,1.701057802794668e-05
overparameter,1.701057802794668e-05
town,1.701057802794668e-05
misspeci,1.701057802794668e-05
comov,1.701057802794668e-05
uqt,1.701057802794668e-05
covu,1.701057802794668e-05
tlb,1.701057802794668e-05
gorithm,1.701057802794668e-05
fwx,1.701057802794668e-05
shortest,1.701057802794668e-05
recover,1.701057802794668e-05
ivan,1.701057802794668e-05
policymak,1.701057802794668e-05
selfconsist,1.701057802794668e-05
oet,1.701057802794668e-05
uppsala,1.701057802794668e-05
xyt,1.701057802794668e-05
hji,1.701057802794668e-05
holden,1.701057802794668e-05
rno,1.701057802794668e-05
wiw,1.701057802794668e-05
iwt,1.701057802794668e-05
aap,1.701057802794668e-05
dbs,1.701057802794668e-05
fmi,1.701057802794668e-05
seventh,1.701057802794668e-05
fjo,1.701057802794668e-05
mula,1.701057802794668e-05
sizabl,1.701057802794668e-05
lif,1.701057802794668e-05
piy,1.701057802794668e-05
matri,1.701057802794668e-05
kilian,1.701057802794668e-05
praag,1.701057802794668e-05
racin,1.701057802794668e-05
chandra,1.701057802794668e-05
halv,1.701057802794668e-05
hol,1.701057802794668e-05
calcula,1.701057802794668e-05
prb,1.701057802794668e-05
gral,1.701057802794668e-05
jti,1.701057802794668e-05
probx,1.701057802794668e-05
hdh,1.701057802794668e-05
eyr,1.701057802794668e-05
ffo,1.701057802794668e-05
giy,1.701057802794668e-05
loa,1.701057802794668e-05
unu,1.701057802794668e-05
bas,1.701057802794668e-05
xyl,1.701057802794668e-05
jyj,1.701057802794668e-05
aoc,1.701057802794668e-05
mediat,1.701057802794668e-05
iht,1.701057802794668e-05
xml,1.701057802794668e-05
moi,1.701057802794668e-05
tionar,1.701057802794668e-05
rqi,1.701057802794668e-05
disutil,1.701057802794668e-05
eso,1.701057802794668e-05
janssen,1.701057802794668e-05
gument,1.701057802794668e-05
asx,1.701057802794668e-05
underscor,1.701057802794668e-05
husband,1.701057802794668e-05
festschrift,1.701057802794668e-05
swap,1.701057802794668e-05
aba,1.701057802794668e-05
zer,1.701057802794668e-05
sergio,1.701057802794668e-05
jxj,1.701057802794668e-05
ipa,1.701057802794668e-05
merg,1.701057802794668e-05
gul,1.701057802794668e-05
mll,1.701057802794668e-05
japanes,1.701057802794668e-05
xaa,1.701057802794668e-05
tia,1.701057802794668e-05
vnj,1.701057802794668e-05
kil,1.701057802794668e-05
grammar,1.701057802794668e-05
eci,1.701057802794668e-05
puri,1.701057802794668e-05
jyt,1.701057802794668e-05
prewar,1.701057802794668e-05
adt,1.701057802794668e-05
kac,1.701057802794668e-05
clo,1.701057802794668e-05
uncondi,1.701057802794668e-05
ack,1.701057802794668e-05
xie,1.701057802794668e-05
nol,1.701057802794668e-05
exagger,1.701057802794668e-05
ijx,1.701057802794668e-05
xiii,1.701057802794668e-05
kai,1.701057802794668e-05
grew,1.701057802794668e-05
ede,1.701057802794668e-05
uiu,1.701057802794668e-05
nonseason,1.701057802794668e-05
anu,1.701057802794668e-05
cae,1.701057802794668e-05
vor,1.701057802794668e-05
irrat,1.701057802794668e-05
nar,1.701057802794668e-05
ijo,1.701057802794668e-05
iet,1.701057802794668e-05
bna,1.701057802794668e-05
indonesia,1.701057802794668e-05
benoit,1.701057802794668e-05
rtr,1.701057802794668e-05
wta,1.701057802794668e-05
dzl,1.701057802794668e-05
hih,1.701057802794668e-05
dfs,1.701057802794668e-05
multimod,1.701057802794668e-05
reluct,1.701057802794668e-05
interac,1.701057802794668e-05
intercorrel,1.701057802794668e-05
ansley,1.701057802794668e-05
correc,1.701057802794668e-05
opc,1.701057802794668e-05
pdn,1.701057802794668e-05
xei,1.701057802794668e-05
xsn,1.701057802794668e-05
tobia,1.701057802794668e-05
gabriel,1.701057802794668e-05
uim,1.701057802794668e-05
factual,1.701057802794668e-05
pxp,1.701057802794668e-05
zkt,1.701057802794668e-05
smirnov,1.701057802794668e-05
accu,1.701057802794668e-05
potter,1.701057802794668e-05
criti,1.701057802794668e-05
subutil,1.701057802794668e-05
ibl,1.701057802794668e-05
bute,1.701057802794668e-05
administ,1.701057802794668e-05
xyo,1.701057802794668e-05
biolog,1.701057802794668e-05
diffi,1.701057802794668e-05
sev,1.701057802794668e-05
noc,1.701057802794668e-05
gar,1.701057802794668e-05
xai,1.701057802794668e-05
coars,1.701057802794668e-05
mhz,1.701057802794668e-05
dyj,1.701057802794668e-05
hjj,1.701057802794668e-05
cni,1.701057802794668e-05
quah,1.701057802794668e-05
schmalense,1.701057802794668e-05
yln,1.701057802794668e-05
aarhus,1.701057802794668e-05
multiequ,1.701057802794668e-05
oen,1.701057802794668e-05
notate,1.701057802794668e-05
loge,1.701057802794668e-05
npi,1.701057802794668e-05
immateri,1.701057802794668e-05
nih,1.701057802794668e-05
formu,1.701057802794668e-05
eve,1.701057802794668e-05
carter,1.701057802794668e-05
tdimension,1.701057802794668e-05
athen,1.701057802794668e-05
fire,1.701057802794668e-05
rosenberg,1.701057802794668e-05
linstitut,1.701057802794668e-05
iiz,1.701057802794668e-05
syx,1.701057802794668e-05
ijf,1.701057802794668e-05
agnost,1.701057802794668e-05
combi,1.701057802794668e-05
vic,1.701057802794668e-05
edmund,1.701057802794668e-05
marketlevel,1.701057802794668e-05
cva,1.701057802794668e-05
statespac,1.701057802794668e-05
ejo,1.701057802794668e-05
wji,1.701057802794668e-05
quasilinear,1.701057802794668e-05
climb,1.701057802794668e-05
mxt,1.701057802794668e-05
alj,1.701057802794668e-05
xbi,1.701057802794668e-05
mccabe,1.701057802794668e-05
eey,1.701057802794668e-05
vtl,1.701057802794668e-05
hidden,1.701057802794668e-05
ovt,1.701057802794668e-05
projec,1.701057802794668e-05
cvs,1.6160049126549343e-05
howrey,1.6160049126549343e-05
nnp,1.6160049126549343e-05
clog,1.6160049126549343e-05
tangenti,1.6160049126549343e-05
lid,1.6160049126549343e-05
fattail,1.6160049126549343e-05
skandinavisk,1.6160049126549343e-05
glo,1.6160049126549343e-05
thresh,1.6160049126549343e-05
xxo,1.6160049126549343e-05
fuu,1.6160049126549343e-05
clive,1.6160049126549343e-05
vft,1.6160049126549343e-05
rnn,1.6160049126549343e-05
conf,1.6160049126549343e-05
nonnega,1.6160049126549343e-05
jnj,1.6160049126549343e-05
woman,1.6160049126549343e-05
lmax,1.6160049126549343e-05
leo,1.6160049126549343e-05
gat,1.6160049126549343e-05
ama,1.6160049126549343e-05
tlo,1.6160049126549343e-05
ellison,1.6160049126549343e-05
mtd,1.6160049126549343e-05
peat,1.6160049126549343e-05
ivar,1.6160049126549343e-05
xcx,1.6160049126549343e-05
tun,1.6160049126549343e-05
troduc,1.6160049126549343e-05
superconsist,1.6160049126549343e-05
typ,1.6160049126549343e-05
ueu,1.6160049126549343e-05
ecp,1.6160049126549343e-05
fay,1.6160049126549343e-05
mccracken,1.6160049126549343e-05
elo,1.6160049126549343e-05
johann,1.6160049126549343e-05
ijn,1.6160049126549343e-05
fco,1.6160049126549343e-05
limtoo,1.6160049126549343e-05
kan,1.6160049126549343e-05
reflex,1.6160049126549343e-05
expp,1.6160049126549343e-05
irk,1.6160049126549343e-05
realis,1.6160049126549343e-05
mood,1.6160049126549343e-05
realiza,1.6160049126549343e-05
dys,1.6160049126549343e-05
polya,1.6160049126549343e-05
gile,1.6160049126549343e-05
shortcut,1.6160049126549343e-05
yih,1.6160049126549343e-05
anf,1.6160049126549343e-05
lae,1.6160049126549343e-05
bust,1.6160049126549343e-05
nmn,1.6160049126549343e-05
javier,1.6160049126549343e-05
toregress,1.6160049126549343e-05
bot,1.6160049126549343e-05
rjn,1.6160049126549343e-05
jolla,1.6160049126549343e-05
intraclass,1.6160049126549343e-05
forrest,1.6160049126549343e-05
runkl,1.6160049126549343e-05
vietnam,1.6160049126549343e-05
azo,1.6160049126549343e-05
jewitt,1.6160049126549343e-05
jig,1.6160049126549343e-05
uci,1.6160049126549343e-05
nalli,1.6160049126549343e-05
vrt,1.6160049126549343e-05
zpz,1.6160049126549343e-05
euro,1.6160049126549343e-05
dlk,1.6160049126549343e-05
ffr,1.6160049126549343e-05
kline,1.6160049126549343e-05
joi,1.6160049126549343e-05
tmi,1.6160049126549343e-05
boxpierc,1.6160049126549343e-05
direc,1.6160049126549343e-05
ept,1.6160049126549343e-05
indeterminaci,1.6160049126549343e-05
monash,1.6160049126549343e-05
wri,1.6160049126549343e-05
flog,1.6160049126549343e-05
jfi,1.6160049126549343e-05
reus,1.6160049126549343e-05
stx,1.6160049126549343e-05
terior,1.6160049126549343e-05
chair,1.6160049126549343e-05
ssi,1.6160049126549343e-05
jfo,1.6160049126549343e-05
kjl,1.6160049126549343e-05
fnk,1.6160049126549343e-05
malaysia,1.6160049126549343e-05
dfp,1.6160049126549343e-05
zin,1.6160049126549343e-05
pht,1.6160049126549343e-05
nzi,1.6160049126549343e-05
bypass,1.6160049126549343e-05
ypz,1.6160049126549343e-05
kta,1.6160049126549343e-05
ljk,1.6160049126549343e-05
xxf,1.6160049126549343e-05
zat,1.6160049126549343e-05
eho,1.6160049126549343e-05
ire,1.6160049126549343e-05
htx,1.6160049126549343e-05
minm,1.6160049126549343e-05
aon,1.6160049126549343e-05
pkl,1.6160049126549343e-05
wjl,1.6160049126549343e-05
wjj,1.6160049126549343e-05
mag,1.6160049126549343e-05
flv,1.6160049126549343e-05
fvx,1.6160049126549343e-05
kic,1.6160049126549343e-05
vzt,1.6160049126549343e-05
intergener,1.6160049126549343e-05
eaw,1.6160049126549343e-05
dmt,1.6160049126549343e-05
efo,1.6160049126549343e-05
clb,1.6160049126549343e-05
gjt,1.6160049126549343e-05
yvi,1.6160049126549343e-05
pdp,1.6160049126549343e-05
cnk,1.6160049126549343e-05
dgr,1.6160049126549343e-05
zfi,1.6160049126549343e-05
bloom,1.6160049126549343e-05
ctx,1.6160049126549343e-05
ajo,1.6160049126549343e-05
rox,1.6160049126549343e-05
propriat,1.6160049126549343e-05
pev,1.6160049126549343e-05
feig,1.6160049126549343e-05
gail,1.6160049126549343e-05
fvv,1.6160049126549343e-05
chaudhuri,1.6160049126549343e-05
stk,1.6160049126549343e-05
yiti,1.6160049126549343e-05
iyengar,1.6160049126549343e-05
twogood,1.6160049126549343e-05
pxn,1.6160049126549343e-05
liang,1.6160049126549343e-05
ilj,1.6160049126549343e-05
fvt,1.6160049126549343e-05
randal,1.6160049126549343e-05
crn,1.6160049126549343e-05
cji,1.6160049126549343e-05
qot,1.6160049126549343e-05
asn,1.6160049126549343e-05
unfeas,1.6160049126549343e-05
dubin,1.6160049126549343e-05
vik,1.6160049126549343e-05
nik,1.6160049126549343e-05
hayward,1.6160049126549343e-05
ijp,1.6160049126549343e-05
gpi,1.6160049126549343e-05
ajn,1.6160049126549343e-05
misspec,1.6160049126549343e-05
pope,1.6160049126549343e-05
dtj,1.6160049126549343e-05
ajp,1.6160049126549343e-05
ringstad,1.6160049126549343e-05
iao,1.6160049126549343e-05
unavoid,1.6160049126549343e-05
unj,1.6160049126549343e-05
thi,1.6160049126549343e-05
eio,1.6160049126549343e-05
ilf,1.6160049126549343e-05
tjo,1.6160049126549343e-05
pyti,1.6160049126549343e-05
evj,1.6160049126549343e-05
xff,1.6160049126549343e-05
jtt,1.6160049126549343e-05
tpp,1.6160049126549343e-05
bel,1.6160049126549343e-05
kat,1.6160049126549343e-05
dxd,1.6160049126549343e-05
limb,1.6160049126549343e-05
tyy,1.6160049126549343e-05
ner,1.6160049126549343e-05
pwt,1.6160049126549343e-05
lpt,1.6160049126549343e-05
bob,1.6160049126549343e-05
eoi,1.6160049126549343e-05
ptx,1.6160049126549343e-05
orthogo,1.6160049126549343e-05
eroscedast,1.6160049126549343e-05
qix,1.6160049126549343e-05
rsquar,1.6160049126549343e-05
aul,1.6160049126549343e-05
ntl,1.6160049126549343e-05
pey,1.6160049126549343e-05
glanc,1.6160049126549343e-05
manuscriptreceiv,1.6160049126549343e-05
durham,1.6160049126549343e-05
your,1.6160049126549343e-05
facil,1.6160049126549343e-05
djt,1.6160049126549343e-05
builder,1.6160049126549343e-05
retrospect,1.6160049126549343e-05
stick,1.6160049126549343e-05
fortiori,1.6160049126549343e-05
timeperiod,1.6160049126549343e-05
mil,1.6160049126549343e-05
twin,1.6160049126549343e-05
prioriti,1.6160049126549343e-05
sizeabl,1.6160049126549343e-05
ttm,1.6160049126549343e-05
preston,1.6160049126549343e-05
nld,1.6160049126549343e-05
qlt,1.6160049126549343e-05
timal,1.6160049126549343e-05
yxo,1.6160049126549343e-05
moral,1.6160049126549343e-05
bought,1.6160049126549343e-05
wellspecifi,1.6160049126549343e-05
mcguir,1.6160049126549343e-05
referenc,1.6160049126549343e-05
deeper,1.6160049126549343e-05
gene,1.6160049126549343e-05
morgan,1.6160049126549343e-05
lect,1.6160049126549343e-05
ddi,1.6160049126549343e-05
unduli,1.6160049126549343e-05
pab,1.6160049126549343e-05
penros,1.6160049126549343e-05
presuppos,1.6160049126549343e-05
superfici,1.6160049126549343e-05
terion,1.6160049126549343e-05
nec,1.6160049126549343e-05
telecommun,1.6160049126549343e-05
terize,1.6160049126549343e-05
pql,1.6160049126549343e-05
mml,1.6160049126549343e-05
wilcoxon,1.6160049126549343e-05
lqt,1.6160049126549343e-05
sji,1.6160049126549343e-05
chemic,1.6160049126549343e-05
viabl,1.6160049126549343e-05
ang,1.6160049126549343e-05
britain,1.6160049126549343e-05
spillov,1.6160049126549343e-05
fux,1.6160049126549343e-05
dublin,1.530952022515201e-05
sudden,1.530952022515201e-05
omi,1.530952022515201e-05
dutta,1.530952022515201e-05
xjxj,1.530952022515201e-05
leuven,1.530952022515201e-05
neighbour,1.530952022515201e-05
channel,1.530952022515201e-05
aey,1.530952022515201e-05
ztn,1.530952022515201e-05
strongest,1.530952022515201e-05
rnj,1.530952022515201e-05
sonabl,1.530952022515201e-05
oversampl,1.530952022515201e-05
stockholm,1.530952022515201e-05
flz,1.530952022515201e-05
euclidian,1.530952022515201e-05
pnl,1.530952022515201e-05
jik,1.530952022515201e-05
trb,1.530952022515201e-05
sfi,1.530952022515201e-05
cqi,1.530952022515201e-05
exert,1.530952022515201e-05
req,1.530952022515201e-05
blr,1.530952022515201e-05
aliti,1.530952022515201e-05
tale,1.530952022515201e-05
mairess,1.530952022515201e-05
nna,1.530952022515201e-05
counterfac,1.530952022515201e-05
hut,1.530952022515201e-05
cargil,1.530952022515201e-05
mts,1.530952022515201e-05
ocj,1.530952022515201e-05
lpp,1.530952022515201e-05
magni,1.530952022515201e-05
mentat,1.530952022515201e-05
utx,1.530952022515201e-05
atu,1.530952022515201e-05
famous,1.530952022515201e-05
rele,1.530952022515201e-05
atk,1.530952022515201e-05
descent,1.530952022515201e-05
ojx,1.530952022515201e-05
radic,1.530952022515201e-05
dejong,1.530952022515201e-05
tyl,1.530952022515201e-05
lariti,1.530952022515201e-05
provis,1.530952022515201e-05
penultim,1.530952022515201e-05
ruleofthumb,1.530952022515201e-05
dia,1.530952022515201e-05
award,1.530952022515201e-05
iic,1.530952022515201e-05
cnn,1.530952022515201e-05
duopoli,1.530952022515201e-05
hto,1.530952022515201e-05
governor,1.530952022515201e-05
kaiman,1.530952022515201e-05
gation,1.530952022515201e-05
hio,1.530952022515201e-05
multistep,1.530952022515201e-05
nnt,1.530952022515201e-05
inal,1.530952022515201e-05
marriag,1.530952022515201e-05
xux,1.530952022515201e-05
rwr,1.530952022515201e-05
liapunov,1.530952022515201e-05
aif,1.530952022515201e-05
mullainathan,1.530952022515201e-05
pci,1.530952022515201e-05
xaxi,1.530952022515201e-05
expv,1.530952022515201e-05
hispan,1.530952022515201e-05
hjl,1.530952022515201e-05
greenberg,1.530952022515201e-05
dzj,1.530952022515201e-05
instal,1.530952022515201e-05
xln,1.530952022515201e-05
rla,1.530952022515201e-05
alaa,1.530952022515201e-05
aoki,1.530952022515201e-05
kla,1.530952022515201e-05
iwj,1.530952022515201e-05
yft,1.530952022515201e-05
iixi,1.530952022515201e-05
string,1.530952022515201e-05
iss,1.530952022515201e-05
fpn,1.530952022515201e-05
unsurpris,1.530952022515201e-05
nikaido,1.530952022515201e-05
pression,1.530952022515201e-05
nhi,1.530952022515201e-05
predomin,1.530952022515201e-05
autom,1.530952022515201e-05
dxo,1.530952022515201e-05
narayanan,1.530952022515201e-05
salem,1.530952022515201e-05
pxf,1.530952022515201e-05
plicit,1.530952022515201e-05
skt,1.530952022515201e-05
mpx,1.530952022515201e-05
ajc,1.530952022515201e-05
eae,1.530952022515201e-05
neousli,1.530952022515201e-05
barnow,1.530952022515201e-05
tude,1.530952022515201e-05
zealand,1.530952022515201e-05
oee,1.530952022515201e-05
ldl,1.530952022515201e-05
eiu,1.530952022515201e-05
fxa,1.530952022515201e-05
benefici,1.530952022515201e-05
econornetrica,1.530952022515201e-05
lvl,1.530952022515201e-05
thurow,1.530952022515201e-05
pmp,1.530952022515201e-05
contradictori,1.530952022515201e-05
differencein,1.530952022515201e-05
ykk,1.530952022515201e-05
julyoctob,1.530952022515201e-05
fnl,1.530952022515201e-05
forali,1.530952022515201e-05
srs,1.530952022515201e-05
defi,1.530952022515201e-05
ezl,1.530952022515201e-05
xot,1.530952022515201e-05
okk,1.530952022515201e-05
ican,1.530952022515201e-05
etf,1.530952022515201e-05
cou,1.530952022515201e-05
xxix,1.530952022515201e-05
publica,1.530952022515201e-05
abovement,1.530952022515201e-05
gmc,1.530952022515201e-05
rection,1.530952022515201e-05
jpi,1.530952022515201e-05
duan,1.530952022515201e-05
caa,1.530952022515201e-05
jon,1.530952022515201e-05
bca,1.530952022515201e-05
kal,1.530952022515201e-05
tki,1.530952022515201e-05
lyn,1.530952022515201e-05
kok,1.530952022515201e-05
theorist,1.530952022515201e-05
cdt,1.530952022515201e-05
minimiza,1.530952022515201e-05
manuel,1.530952022515201e-05
ofa,1.530952022515201e-05
declar,1.530952022515201e-05
orm,1.530952022515201e-05
mdm,1.530952022515201e-05
biz,1.530952022515201e-05
entranc,1.530952022515201e-05
amp,1.530952022515201e-05
xig,1.530952022515201e-05
eme,1.530952022515201e-05
temporarili,1.530952022515201e-05
skeptic,1.530952022515201e-05
furnitur,1.530952022515201e-05
orient,1.530952022515201e-05
pdx,1.530952022515201e-05
lpo,1.530952022515201e-05
zik,1.530952022515201e-05
fki,1.530952022515201e-05
bootstrapbas,1.530952022515201e-05
mous,1.530952022515201e-05
rental,1.530952022515201e-05
hstatist,1.530952022515201e-05
degroot,1.530952022515201e-05
euit,1.530952022515201e-05
searcher,1.530952022515201e-05
cova,1.530952022515201e-05
interrelationship,1.530952022515201e-05
lyze,1.530952022515201e-05
modi,1.530952022515201e-05
eye,1.530952022515201e-05
dlx,1.530952022515201e-05
overdispers,1.530952022515201e-05
clas,1.530952022515201e-05
jjr,1.530952022515201e-05
mathstrutc,1.530952022515201e-05
ulu,1.530952022515201e-05
footwear,1.530952022515201e-05
uch,1.530952022515201e-05
yxz,1.530952022515201e-05
threedimension,1.530952022515201e-05
concen,1.530952022515201e-05
hlx,1.530952022515201e-05
fad,1.530952022515201e-05
xyz,1.530952022515201e-05
pnx,1.530952022515201e-05
replica,1.530952022515201e-05
ltj,1.530952022515201e-05
gelbach,1.530952022515201e-05
jordan,1.530952022515201e-05
ipj,1.530952022515201e-05
drd,1.530952022515201e-05
pzj,1.530952022515201e-05
jmi,1.530952022515201e-05
puu,1.530952022515201e-05
zoi,1.530952022515201e-05
ptr,1.530952022515201e-05
laf,1.530952022515201e-05
caj,1.530952022515201e-05
rmi,1.530952022515201e-05
rial,1.530952022515201e-05
oel,1.530952022515201e-05
erasmus,1.530952022515201e-05
ransom,1.530952022515201e-05
fsx,1.530952022515201e-05
dui,1.530952022515201e-05
mauric,1.530952022515201e-05
exv,1.530952022515201e-05
upi,1.530952022515201e-05
interim,1.530952022515201e-05
uau,1.530952022515201e-05
xtb,1.530952022515201e-05
dtz,1.530952022515201e-05
dgt,1.530952022515201e-05
jax,1.530952022515201e-05
ytr,1.530952022515201e-05
wtx,1.530952022515201e-05
wci,1.530952022515201e-05
xla,1.530952022515201e-05
wyy,1.530952022515201e-05
clever,1.530952022515201e-05
ofn,1.530952022515201e-05
itc,1.530952022515201e-05
dkl,1.530952022515201e-05
znl,1.530952022515201e-05
smi,1.530952022515201e-05
intrahousehold,1.530952022515201e-05
bolling,1.530952022515201e-05
okl,1.530952022515201e-05
ptk,1.530952022515201e-05
stefan,1.530952022515201e-05
krep,1.530952022515201e-05
daa,1.530952022515201e-05
extrema,1.530952022515201e-05
nlj,1.530952022515201e-05
hln,1.530952022515201e-05
kyt,1.530952022515201e-05
contribu,1.530952022515201e-05
sea,1.530952022515201e-05
pig,1.530952022515201e-05
outweigh,1.530952022515201e-05
txj,1.530952022515201e-05
kjt,1.530952022515201e-05
axit,1.530952022515201e-05
ggg,1.530952022515201e-05
ohl,1.530952022515201e-05
yon,1.530952022515201e-05
tigat,1.530952022515201e-05
rst,1.530952022515201e-05
mlm,1.530952022515201e-05
exploratori,1.530952022515201e-05
pham,1.530952022515201e-05
norwegian,1.530952022515201e-05
kjk,1.530952022515201e-05
trh,1.530952022515201e-05
wht,1.530952022515201e-05
ect,1.530952022515201e-05
compulsori,1.530952022515201e-05
christiano,1.530952022515201e-05
ndn,1.530952022515201e-05
beatti,1.530952022515201e-05
tjt,1.530952022515201e-05
vant,1.4458991323754677e-05
gallon,1.4458991323754677e-05
cxa,1.4458991323754677e-05
klt,1.4458991323754677e-05
tvalu,1.4458991323754677e-05
hhi,1.4458991323754677e-05
rpm,1.4458991323754677e-05
wia,1.4458991323754677e-05
ling,1.4458991323754677e-05
uzt,1.4458991323754677e-05
spo,1.4458991323754677e-05
cop,1.4458991323754677e-05
clx,1.4458991323754677e-05
nonwhit,1.4458991323754677e-05
hou,1.4458991323754677e-05
allan,1.4458991323754677e-05
stat,1.4458991323754677e-05
weigh,1.4458991323754677e-05
umn,1.4458991323754677e-05
dog,1.4458991323754677e-05
abowd,1.4458991323754677e-05
contend,1.4458991323754677e-05
cher,1.4458991323754677e-05
overcorrect,1.4458991323754677e-05
opo,1.4458991323754677e-05
approximat,1.4458991323754677e-05
montral,1.4458991323754677e-05
phi,1.4458991323754677e-05
booth,1.4458991323754677e-05
cide,1.4458991323754677e-05
dation,1.4458991323754677e-05
sic,1.4458991323754677e-05
yei,1.4458991323754677e-05
vea,1.4458991323754677e-05
txk,1.4458991323754677e-05
yjj,1.4458991323754677e-05
farrel,1.4458991323754677e-05
atv,1.4458991323754677e-05
iak,1.4458991323754677e-05
nim,1.4458991323754677e-05
kei,1.4458991323754677e-05
nhh,1.4458991323754677e-05
syt,1.4458991323754677e-05
decom,1.4458991323754677e-05
euj,1.4458991323754677e-05
pkk,1.4458991323754677e-05
heavier,1.4458991323754677e-05
cord,1.4458991323754677e-05
dwx,1.4458991323754677e-05
recipi,1.4458991323754677e-05
loui,1.4458991323754677e-05
littauer,1.4458991323754677e-05
xkx,1.4458991323754677e-05
zyt,1.4458991323754677e-05
matthew,1.4458991323754677e-05
fpp,1.4458991323754677e-05
maxx,1.4458991323754677e-05
cwt,1.4458991323754677e-05
hpi,1.4458991323754677e-05
ezn,1.4458991323754677e-05
cvc,1.4458991323754677e-05
itz,1.4458991323754677e-05
pmn,1.4458991323754677e-05
liy,1.4458991323754677e-05
aam,1.4458991323754677e-05
ppt,1.4458991323754677e-05
pah,1.4458991323754677e-05
eeo,1.4458991323754677e-05
jix,1.4458991323754677e-05
iqn,1.4458991323754677e-05
pxk,1.4458991323754677e-05
nqn,1.4458991323754677e-05
kco,1.4458991323754677e-05
wce,1.4458991323754677e-05
vai,1.4458991323754677e-05
nsn,1.4458991323754677e-05
aha,1.4458991323754677e-05
nearbi,1.4458991323754677e-05
vard,1.4458991323754677e-05
recours,1.4458991323754677e-05
yfx,1.4458991323754677e-05
tfo,1.4458991323754677e-05
mid,1.4458991323754677e-05
whiteman,1.4458991323754677e-05
planatori,1.4458991323754677e-05
xxb,1.4458991323754677e-05
shorten,1.4458991323754677e-05
vkk,1.4458991323754677e-05
pxo,1.4458991323754677e-05
hpx,1.4458991323754677e-05
lki,1.4458991323754677e-05
pursuit,1.4458991323754677e-05
len,1.4458991323754677e-05
yir,1.4458991323754677e-05
mellon,1.4458991323754677e-05
eveiy,1.4458991323754677e-05
fgt,1.4458991323754677e-05
ina,1.4458991323754677e-05
cix,1.4458991323754677e-05
demo,1.4458991323754677e-05
ployment,1.4458991323754677e-05
tne,1.4458991323754677e-05
yla,1.4458991323754677e-05
gtx,1.4458991323754677e-05
xih,1.4458991323754677e-05
enous,1.4458991323754677e-05
nkl,1.4458991323754677e-05
alik,1.4458991323754677e-05
ntj,1.4458991323754677e-05
rbr,1.4458991323754677e-05
nao,1.4458991323754677e-05
eqe,1.4458991323754677e-05
gle,1.4458991323754677e-05
lac,1.4458991323754677e-05
srl,1.4458991323754677e-05
disagr,1.4458991323754677e-05
nto,1.4458991323754677e-05
caltech,1.4458991323754677e-05
efficaci,1.4458991323754677e-05
tci,1.4458991323754677e-05
mxm,1.4458991323754677e-05
push,1.4458991323754677e-05
cpx,1.4458991323754677e-05
tcf,1.4458991323754677e-05
ljt,1.4458991323754677e-05
biject,1.4458991323754677e-05
pma,1.4458991323754677e-05
pea,1.4458991323754677e-05
ktl,1.4458991323754677e-05
aggrega,1.4458991323754677e-05
bpi,1.4458991323754677e-05
xsi,1.4458991323754677e-05
jll,1.4458991323754677e-05
lution,1.4458991323754677e-05
clus,1.4458991323754677e-05
cax,1.4458991323754677e-05
cylind,1.4458991323754677e-05
fgx,1.4458991323754677e-05
simpson,1.4458991323754677e-05
malize,1.4458991323754677e-05
sno,1.4458991323754677e-05
zzj,1.4458991323754677e-05
enrich,1.4458991323754677e-05
giv,1.4458991323754677e-05
greg,1.4458991323754677e-05
evo,1.4458991323754677e-05
arizona,1.4458991323754677e-05
vim,1.4458991323754677e-05
tlj,1.4458991323754677e-05
style,1.4458991323754677e-05
mayer,1.4458991323754677e-05
bao,1.4458991323754677e-05
thh,1.4458991323754677e-05
veal,1.4458991323754677e-05
axc,1.4458991323754677e-05
latin,1.4458991323754677e-05
ffa,1.4458991323754677e-05
cay,1.4458991323754677e-05
lyy,1.4458991323754677e-05
dzt,1.4458991323754677e-05
yyn,1.4458991323754677e-05
inabl,1.4458991323754677e-05
contempl,1.4458991323754677e-05
discretecontinu,1.4458991323754677e-05
abstractw,1.4458991323754677e-05
une,1.4458991323754677e-05
transmiss,1.4458991323754677e-05
underpin,1.4458991323754677e-05
igt,1.4458991323754677e-05
barnard,1.4458991323754677e-05
fca,1.4458991323754677e-05
infinitehorizon,1.4458991323754677e-05
nical,1.4458991323754677e-05
unten,1.4458991323754677e-05
wjc,1.4458991323754677e-05
polyhedron,1.4458991323754677e-05
chronolog,1.4458991323754677e-05
ryi,1.4458991323754677e-05
skedast,1.4458991323754677e-05
pereira,1.4458991323754677e-05
datta,1.4458991323754677e-05
forf,1.4458991323754677e-05
logodd,1.4458991323754677e-05
iax,1.4458991323754677e-05
ded,1.4458991323754677e-05
raleigh,1.4458991323754677e-05
opr,1.4458991323754677e-05
cru,1.4458991323754677e-05
duct,1.4458991323754677e-05
ordi,1.4458991323754677e-05
seak,1.4458991323754677e-05
furnish,1.4458991323754677e-05
expf,1.4458991323754677e-05
eox,1.4458991323754677e-05
sojourn,1.4458991323754677e-05
fpx,1.4458991323754677e-05
metropolishast,1.4458991323754677e-05
cfi,1.4458991323754677e-05
curious,1.4458991323754677e-05
vxo,1.4458991323754677e-05
tint,1.4458991323754677e-05
cialli,1.4458991323754677e-05
hebrew,1.4458991323754677e-05
nir,1.4458991323754677e-05
trun,1.4458991323754677e-05
ewj,1.4458991323754677e-05
fisk,1.4458991323754677e-05
fsd,1.4458991323754677e-05
narendranathan,1.4458991323754677e-05
oix,1.4458991323754677e-05
suscept,1.4458991323754677e-05
summaris,1.4458991323754677e-05
gronau,1.4458991323754677e-05
loglik,1.4458991323754677e-05
webb,1.4458991323754677e-05
determi,1.4458991323754677e-05
aiai,1.4458991323754677e-05
umu,1.4458991323754677e-05
thn,1.4458991323754677e-05
kji,1.4458991323754677e-05
emax,1.4458991323754677e-05
fxfx,1.4458991323754677e-05
limk,1.4458991323754677e-05
slt,1.4458991323754677e-05
ltx,1.4458991323754677e-05
xixj,1.4458991323754677e-05
taj,1.4458991323754677e-05
hoffman,1.4458991323754677e-05
hide,1.4458991323754677e-05
yoon,1.4458991323754677e-05
smax,1.4458991323754677e-05
xdfx,1.4458991323754677e-05
ciii,1.4458991323754677e-05
stead,1.4458991323754677e-05
hunt,1.4458991323754677e-05
ava,1.4458991323754677e-05
economywid,1.4458991323754677e-05
eeh,1.4458991323754677e-05
crosspric,1.4458991323754677e-05
enl,1.4458991323754677e-05
nichola,1.4458991323754677e-05
tpo,1.4458991323754677e-05
tnm,1.4458991323754677e-05
zurcher,1.4458991323754677e-05
bdt,1.4458991323754677e-05
wkl,1.4458991323754677e-05
evaluat,1.4458991323754677e-05
fwl,1.4458991323754677e-05
accid,1.4458991323754677e-05
aoao,1.4458991323754677e-05
ael,1.4458991323754677e-05
pem,1.4458991323754677e-05
gilman,1.4458991323754677e-05
cyy,1.4458991323754677e-05
iot,1.4458991323754677e-05
xmt,1.4458991323754677e-05
djj,1.4458991323754677e-05
vas,1.4458991323754677e-05
rim,1.4458991323754677e-05
poorest,1.4458991323754677e-05
yaxi,1.4458991323754677e-05
discern,1.4458991323754677e-05
kent,1.4458991323754677e-05
sociat,1.4458991323754677e-05
imsl,1.4458991323754677e-05
bench,1.4458991323754677e-05
lnk,1.4458991323754677e-05
srt,1.4458991323754677e-05
pub,1.4458991323754677e-05
vert,1.4458991323754677e-05
gantmach,1.4458991323754677e-05
andf,1.4458991323754677e-05
optimist,1.4458991323754677e-05
irish,1.4458991323754677e-05
tablish,1.4458991323754677e-05
sjj,1.4458991323754677e-05
dont,1.4458991323754677e-05
ssp,1.4458991323754677e-05
kelli,1.4458991323754677e-05
utut,1.4458991323754677e-05
nearer,1.4458991323754677e-05
cnx,1.4458991323754677e-05
vth,1.4458991323754677e-05
xtf,1.4458991323754677e-05
dbo,1.4458991323754677e-05
edwin,1.4458991323754677e-05
qai,1.4458991323754677e-05
amx,1.4458991323754677e-05
econometri,1.4458991323754677e-05
trd,1.4458991323754677e-05
logx,1.4458991323754677e-05
talk,1.4458991323754677e-05
xxr,1.4458991323754677e-05
ert,1.4458991323754677e-05
tkx,1.4458991323754677e-05
yno,1.4458991323754677e-05
evidenc,1.3608462422357343e-05
lmo,1.3608462422357343e-05
luenberg,1.3608462422357343e-05
atp,1.3608462422357343e-05
minj,1.3608462422357343e-05
jni,1.3608462422357343e-05
inessenti,1.3608462422357343e-05
cific,1.3608462422357343e-05
fond,1.3608462422357343e-05
sbs,1.3608462422357343e-05
discoveri,1.3608462422357343e-05
rnx,1.3608462422357343e-05
fez,1.3608462422357343e-05
normaliza,1.3608462422357343e-05
crl,1.3608462422357343e-05
lui,1.3608462422357343e-05
sia,1.3608462422357343e-05
recalcul,1.3608462422357343e-05
ntr,1.3608462422357343e-05
las,1.3608462422357343e-05
epl,1.3608462422357343e-05
lxp,1.3608462422357343e-05
ido,1.3608462422357343e-05
kane,1.3608462422357343e-05
trost,1.3608462422357343e-05
allj,1.3608462422357343e-05
gvi,1.3608462422357343e-05
frd,1.3608462422357343e-05
apl,1.3608462422357343e-05
tqi,1.3608462422357343e-05
miguel,1.3608462422357343e-05
treasuri,1.3608462422357343e-05
ejj,1.3608462422357343e-05
xol,1.3608462422357343e-05
fcl,1.3608462422357343e-05
psc,1.3608462422357343e-05
rosenth,1.3608462422357343e-05
misreport,1.3608462422357343e-05
doo,1.3608462422357343e-05
rih,1.3608462422357343e-05
iso,1.3608462422357343e-05
mincer,1.3608462422357343e-05
ayk,1.3608462422357343e-05
jri,1.3608462422357343e-05
nonergod,1.3608462422357343e-05
lester,1.3608462422357343e-05
onetail,1.3608462422357343e-05
lik,1.3608462422357343e-05
fxf,1.3608462422357343e-05
selfcontain,1.3608462422357343e-05
aej,1.3608462422357343e-05
ynj,1.3608462422357343e-05
afj,1.3608462422357343e-05
nyn,1.3608462422357343e-05
founda,1.3608462422357343e-05
sdi,1.3608462422357343e-05
sjk,1.3608462422357343e-05
qip,1.3608462422357343e-05
ibo,1.3608462422357343e-05
okt,1.3608462422357343e-05
cec,1.3608462422357343e-05
jlp,1.3608462422357343e-05
vfl,1.3608462422357343e-05
odt,1.3608462422357343e-05
zjz,1.3608462422357343e-05
rrd,1.3608462422357343e-05
dwj,1.3608462422357343e-05
spike,1.3608462422357343e-05
fjl,1.3608462422357343e-05
frl,1.3608462422357343e-05
hnl,1.3608462422357343e-05
qpi,1.3608462422357343e-05
dissimilar,1.3608462422357343e-05
avt,1.3608462422357343e-05
infp,1.3608462422357343e-05
nun,1.3608462422357343e-05
epd,1.3608462422357343e-05
eon,1.3608462422357343e-05
xpt,1.3608462422357343e-05
tfa,1.3608462422357343e-05
sem,1.3608462422357343e-05
venient,1.3608462422357343e-05
alr,1.3608462422357343e-05
yna,1.3608462422357343e-05
rnm,1.3608462422357343e-05
saa,1.3608462422357343e-05
outstand,1.3608462422357343e-05
bronar,1.3608462422357343e-05
crx,1.3608462422357343e-05
patholog,1.3608462422357343e-05
ciation,1.3608462422357343e-05
friend,1.3608462422357343e-05
dir,1.3608462422357343e-05
njn,1.3608462422357343e-05
segal,1.3608462422357343e-05
ipn,1.3608462422357343e-05
aac,1.3608462422357343e-05
pessimist,1.3608462422357343e-05
dmd,1.3608462422357343e-05
secondperiod,1.3608462422357343e-05
gtn,1.3608462422357343e-05
cat,1.3608462422357343e-05
rrx,1.3608462422357343e-05
fwi,1.3608462422357343e-05
piq,1.3608462422357343e-05
xtd,1.3608462422357343e-05
yht,1.3608462422357343e-05
crr,1.3608462422357343e-05
enu,1.3608462422357343e-05
aeu,1.3608462422357343e-05
aab,1.3608462422357343e-05
cpl,1.3608462422357343e-05
waugh,1.3608462422357343e-05
effec,1.3608462422357343e-05
osn,1.3608462422357343e-05
aixi,1.3608462422357343e-05
barri,1.3608462422357343e-05
ogen,1.3608462422357343e-05
oneway,1.3608462422357343e-05
jao,1.3608462422357343e-05
brt,1.3608462422357343e-05
kto,1.3608462422357343e-05
acm,1.3608462422357343e-05
ditiv,1.3608462422357343e-05
bet,1.3608462422357343e-05
faf,1.3608462422357343e-05
ftn,1.3608462422357343e-05
teo,1.3608462422357343e-05
gll,1.3608462422357343e-05
fqq,1.3608462422357343e-05
bns,1.3608462422357343e-05
pfp,1.3608462422357343e-05
reev,1.3608462422357343e-05
chapel,1.3608462422357343e-05
icr,1.3608462422357343e-05
howard,1.3608462422357343e-05
breed,1.3608462422357343e-05
ozt,1.3608462422357343e-05
wok,1.3608462422357343e-05
tnx,1.3608462422357343e-05
trm,1.3608462422357343e-05
foe,1.3608462422357343e-05
boxjenkin,1.3608462422357343e-05
ftv,1.3608462422357343e-05
fui,1.3608462422357343e-05
circum,1.3608462422357343e-05
functionalform,1.3608462422357343e-05
anomali,1.3608462422357343e-05
nyse,1.3608462422357343e-05
nondeterminist,1.3608462422357343e-05
pjj,1.3608462422357343e-05
quasifix,1.3608462422357343e-05
metroeconomica,1.3608462422357343e-05
cbt,1.3608462422357343e-05
bir,1.3608462422357343e-05
una,1.3608462422357343e-05
zjj,1.3608462422357343e-05
grand,1.3608462422357343e-05
vestig,1.3608462422357343e-05
pmm,1.3608462422357343e-05
uid,1.3608462422357343e-05
dey,1.3608462422357343e-05
ctn,1.3608462422357343e-05
metropolitan,1.3608462422357343e-05
onx,1.3608462422357343e-05
lausann,1.3608462422357343e-05
uih,1.3608462422357343e-05
upu,1.3608462422357343e-05
pnp,1.3608462422357343e-05
btb,1.3608462422357343e-05
oji,1.3608462422357343e-05
dvi,1.3608462422357343e-05
america,1.3608462422357343e-05
acx,1.3608462422357343e-05
vva,1.3608462422357343e-05
daz,1.3608462422357343e-05
jacob,1.3608462422357343e-05
acycl,1.3608462422357343e-05
evolutionari,1.3608462422357343e-05
comt,1.3608462422357343e-05
rnr,1.3608462422357343e-05
ctl,1.3608462422357343e-05
zto,1.3608462422357343e-05
garber,1.3608462422357343e-05
kaa,1.3608462422357343e-05
banana,1.3608462422357343e-05
maxm,1.3608462422357343e-05
riversid,1.3608462422357343e-05
minc,1.3608462422357343e-05
intraday,1.3608462422357343e-05
uox,1.3608462422357343e-05
allud,1.3608462422357343e-05
ndi,1.3608462422357343e-05
imm,1.3608462422357343e-05
cahier,1.3608462422357343e-05
polytechniqu,1.3608462422357343e-05
demic,1.3608462422357343e-05
largescal,1.3608462422357343e-05
vrs,1.3608462422357343e-05
zhu,1.3608462422357343e-05
pts,1.3608462422357343e-05
budapest,1.3608462422357343e-05
lvt,1.3608462422357343e-05
pgi,1.3608462422357343e-05
cle,1.3608462422357343e-05
wel,1.3608462422357343e-05
bds,1.3608462422357343e-05
degreesoffreedom,1.3608462422357343e-05
qxt,1.3608462422357343e-05
lowfrequ,1.3608462422357343e-05
pack,1.3608462422357343e-05
qkl,1.3608462422357343e-05
abnorm,1.3608462422357343e-05
maxk,1.3608462422357343e-05
macroeco,1.3608462422357343e-05
bmi,1.3608462422357343e-05
gri,1.3608462422357343e-05
luttmer,1.3608462422357343e-05
trice,1.3608462422357343e-05
ivx,1.3608462422357343e-05
wjo,1.3608462422357343e-05
bent,1.3608462422357343e-05
dkt,1.3608462422357343e-05
nbt,1.3608462422357343e-05
jection,1.3608462422357343e-05
tle,1.3608462422357343e-05
ccl,1.3608462422357343e-05
impo,1.3608462422357343e-05
nip,1.3608462422357343e-05
fragil,1.3608462422357343e-05
gold,1.3608462422357343e-05
wlt,1.3608462422357343e-05
aso,1.3608462422357343e-05
displac,1.3608462422357343e-05
metrician,1.3608462422357343e-05
mcdermott,1.3608462422357343e-05
unresolv,1.3608462422357343e-05
trr,1.3608462422357343e-05
errorsin,1.3608462422357343e-05
eyp,1.3608462422357343e-05
mexican,1.3608462422357343e-05
quanti,1.3608462422357343e-05
cnl,1.3608462422357343e-05
soft,1.3608462422357343e-05
fam,1.3608462422357343e-05
qfo,1.3608462422357343e-05
ird,1.3608462422357343e-05
charg,1.3608462422357343e-05
pjz,1.3608462422357343e-05
yehuda,1.3608462422357343e-05
limr,1.3608462422357343e-05
taubman,1.3608462422357343e-05
pmin,1.3608462422357343e-05
eeit,1.3608462422357343e-05
soy,1.3608462422357343e-05
drj,1.3608462422357343e-05
ebj,1.3608462422357343e-05
ypx,1.3608462422357343e-05
pfl,1.3608462422357343e-05
fbi,1.3608462422357343e-05
crossmarket,1.3608462422357343e-05
scholarship,1.3608462422357343e-05
laj,1.3608462422357343e-05
multino,1.3608462422357343e-05
mim,1.3608462422357343e-05
ejn,1.3608462422357343e-05
pyh,1.3608462422357343e-05
timediscret,1.3608462422357343e-05
econometnca,1.3608462422357343e-05
supplemen,1.3608462422357343e-05
tjc,1.3608462422357343e-05
pom,1.3608462422357343e-05
seriescross,1.3608462422357343e-05
ilh,1.3608462422357343e-05
timedepend,1.3608462422357343e-05
efn,1.3608462422357343e-05
cont,1.3608462422357343e-05
klog,1.3608462422357343e-05
israel,1.3608462422357343e-05
urt,1.3608462422357343e-05
pensiti,1.3608462422357343e-05
hyperbol,1.3608462422357343e-05
instant,1.3608462422357343e-05
labi,1.3608462422357343e-05
retic,1.3608462422357343e-05
milder,1.3608462422357343e-05
qis,1.3608462422357343e-05
rudebusch,1.3608462422357343e-05
kevin,1.3608462422357343e-05
yai,1.3608462422357343e-05
cas,1.3608462422357343e-05
foa,1.3608462422357343e-05
acemoglu,1.3608462422357343e-05
qxp,1.3608462422357343e-05
synchron,1.3608462422357343e-05
xmin,1.3608462422357343e-05
prudent,1.3608462422357343e-05
yui,1.3608462422357343e-05
gardner,1.3608462422357343e-05
consensus,1.3608462422357343e-05
adz,1.3608462422357343e-05
oon,1.3608462422357343e-05
jts,1.3608462422357343e-05
oot,1.3608462422357343e-05
rev,1.3608462422357343e-05
opx,1.3608462422357343e-05
qpo,1.3608462422357343e-05
isa,1.2757933520960008e-05
htl,1.2757933520960008e-05
woj,1.2757933520960008e-05
dasgupta,1.2757933520960008e-05
tiviti,1.2757933520960008e-05
mac,1.2757933520960008e-05
vjl,1.2757933520960008e-05
ttp,1.2757933520960008e-05
dtk,1.2757933520960008e-05
royden,1.2757933520960008e-05
zeroon,1.2757933520960008e-05
bis,1.2757933520960008e-05
belmont,1.2757933520960008e-05
vdi,1.2757933520960008e-05
cure,1.2757933520960008e-05
hen,1.2757933520960008e-05
crj,1.2757933520960008e-05
oxo,1.2757933520960008e-05
plo,1.2757933520960008e-05
wpt,1.2757933520960008e-05
xtm,1.2757933520960008e-05
ithaca,1.2757933520960008e-05
ank,1.2757933520960008e-05
nile,1.2757933520960008e-05
kli,1.2757933520960008e-05
rlx,1.2757933520960008e-05
uio,1.2757933520960008e-05
rta,1.2757933520960008e-05
proviso,1.2757933520960008e-05
ftr,1.2757933520960008e-05
obvi,1.2757933520960008e-05
oci,1.2757933520960008e-05
sqt,1.2757933520960008e-05
troll,1.2757933520960008e-05
varu,1.2757933520960008e-05
scan,1.2757933520960008e-05
premia,1.2757933520960008e-05
amelior,1.2757933520960008e-05
skl,1.2757933520960008e-05
cpe,1.2757933520960008e-05
drug,1.2757933520960008e-05
vulner,1.2757933520960008e-05
izz,1.2757933520960008e-05
xyj,1.2757933520960008e-05
iej,1.2757933520960008e-05
vjx,1.2757933520960008e-05
yeh,1.2757933520960008e-05
hik,1.2757933520960008e-05
mre,1.2757933520960008e-05
pnv,1.2757933520960008e-05
lfp,1.2757933520960008e-05
vnp,1.2757933520960008e-05
pfi,1.2757933520960008e-05
aua,1.2757933520960008e-05
iek,1.2757933520960008e-05
fjf,1.2757933520960008e-05
kxl,1.2757933520960008e-05
ihr,1.2757933520960008e-05
kko,1.2757933520960008e-05
onj,1.2757933520960008e-05
kpx,1.2757933520960008e-05
anscomb,1.2757933520960008e-05
inse,1.2757933520960008e-05
ihl,1.2757933520960008e-05
tap,1.2757933520960008e-05
unsmooth,1.2757933520960008e-05
esx,1.2757933520960008e-05
mrs,1.2757933520960008e-05
cts,1.2757933520960008e-05
prp,1.2757933520960008e-05
newhous,1.2757933520960008e-05
ryt,1.2757933520960008e-05
omn,1.2757933520960008e-05
inm,1.2757933520960008e-05
xsx,1.2757933520960008e-05
ohn,1.2757933520960008e-05
ibt,1.2757933520960008e-05
pqt,1.2757933520960008e-05
nant,1.2757933520960008e-05
recoveri,1.2757933520960008e-05
eyf,1.2757933520960008e-05
guish,1.2757933520960008e-05
dtd,1.2757933520960008e-05
pbp,1.2757933520960008e-05
strauss,1.2757933520960008e-05
dno,1.2757933520960008e-05
haz,1.2757933520960008e-05
sxt,1.2757933520960008e-05
sheet,1.2757933520960008e-05
byy,1.2757933520960008e-05
selfemploy,1.2757933520960008e-05
ylz,1.2757933520960008e-05
drl,1.2757933520960008e-05
menu,1.2757933520960008e-05
qfq,1.2757933520960008e-05
decompo,1.2757933520960008e-05
distin,1.2757933520960008e-05
milgrom,1.2757933520960008e-05
nbernsf,1.2757933520960008e-05
harald,1.2757933520960008e-05
zxt,1.2757933520960008e-05
lxj,1.2757933520960008e-05
cro,1.2757933520960008e-05
cheap,1.2757933520960008e-05
uncent,1.2757933520960008e-05
orx,1.2757933520960008e-05
jib,1.2757933520960008e-05
ivb,1.2757933520960008e-05
ode,1.2757933520960008e-05
fis,1.2757933520960008e-05
exu,1.2757933520960008e-05
rol,1.2757933520960008e-05
pinto,1.2757933520960008e-05
crf,1.2757933520960008e-05
urbanachampaign,1.2757933520960008e-05
worthi,1.2757933520960008e-05
dfv,1.2757933520960008e-05
yxj,1.2757933520960008e-05
lci,1.2757933520960008e-05
pgp,1.2757933520960008e-05
asj,1.2757933520960008e-05
nonhomogen,1.2757933520960008e-05
characteris,1.2757933520960008e-05
cathol,1.2757933520960008e-05
ptm,1.2757933520960008e-05
expu,1.2757933520960008e-05
sical,1.2757933520960008e-05
aee,1.2757933520960008e-05
loi,1.2757933520960008e-05
fjk,1.2757933520960008e-05
juselius,1.2757933520960008e-05
vpi,1.2757933520960008e-05
hop,1.2757933520960008e-05
classroom,1.2757933520960008e-05
nom,1.2757933520960008e-05
tka,1.2757933520960008e-05
tsr,1.2757933520960008e-05
oat,1.2757933520960008e-05
kooreman,1.2757933520960008e-05
ilb,1.2757933520960008e-05
vlx,1.2757933520960008e-05
dzo,1.2757933520960008e-05
alain,1.2757933520960008e-05
mishkin,1.2757933520960008e-05
mmi,1.2757933520960008e-05
leverhulm,1.2757933520960008e-05
lnpi,1.2757933520960008e-05
gaa,1.2757933520960008e-05
melino,1.2757933520960008e-05
eec,1.2757933520960008e-05
pretti,1.2757933520960008e-05
cautious,1.2757933520960008e-05
emo,1.2757933520960008e-05
winsten,1.2757933520960008e-05
dqi,1.2757933520960008e-05
blx,1.2757933520960008e-05
vyy,1.2757933520960008e-05
heterosceda,1.2757933520960008e-05
awe,1.2757933520960008e-05
yef,1.2757933520960008e-05
gard,1.2757933520960008e-05
chay,1.2757933520960008e-05
ajx,1.2757933520960008e-05
disciplin,1.2757933520960008e-05
spp,1.2757933520960008e-05
ttv,1.2757933520960008e-05
fxb,1.2757933520960008e-05
pnm,1.2757933520960008e-05
colorado,1.2757933520960008e-05
blow,1.2757933520960008e-05
vci,1.2757933520960008e-05
command,1.2757933520960008e-05
reassur,1.2757933520960008e-05
boil,1.2757933520960008e-05
rai,1.2757933520960008e-05
xexp,1.2757933520960008e-05
violent,1.2757933520960008e-05
jif,1.2757933520960008e-05
pvt,1.2757933520960008e-05
oak,1.2757933520960008e-05
plifi,1.2757933520960008e-05
talli,1.2757933520960008e-05
reevalu,1.2757933520960008e-05
tjj,1.2757933520960008e-05
turnov,1.2757933520960008e-05
thailand,1.2757933520960008e-05
mees,1.2757933520960008e-05
delimit,1.2757933520960008e-05
str,1.2757933520960008e-05
ahd,1.2757933520960008e-05
ztx,1.2757933520960008e-05
wto,1.2757933520960008e-05
eaton,1.2757933520960008e-05
committe,1.2757933520960008e-05
aym,1.2757933520960008e-05
impart,1.2757933520960008e-05
trunca,1.2757933520960008e-05
tlk,1.2757933520960008e-05
fua,1.2757933520960008e-05
triniti,1.2757933520960008e-05
sqs,1.2757933520960008e-05
krs,1.2757933520960008e-05
ekj,1.2757933520960008e-05
insist,1.2757933520960008e-05
oei,1.2757933520960008e-05
ludvigson,1.2757933520960008e-05
sib,1.2757933520960008e-05
rose,1.2757933520960008e-05
gree,1.2757933520960008e-05
piti,1.2757933520960008e-05
varf,1.2757933520960008e-05
httpdxdoiorgecta,1.2757933520960008e-05
ihn,1.2757933520960008e-05
portug,1.2757933520960008e-05
lyx,1.2757933520960008e-05
pgt,1.2757933520960008e-05
edd,1.2757933520960008e-05
mulat,1.2757933520960008e-05
bxl,1.2757933520960008e-05
mccarthi,1.2757933520960008e-05
chief,1.2757933520960008e-05
dyl,1.2757933520960008e-05
aux,1.2757933520960008e-05
mata,1.2757933520960008e-05
luxuri,1.2757933520960008e-05
tiq,1.2757933520960008e-05
aqx,1.2757933520960008e-05
counterintuit,1.2757933520960008e-05
ore,1.2757933520960008e-05
aku,1.2757933520960008e-05
pnj,1.2757933520960008e-05
mimick,1.2757933520960008e-05
percapita,1.2757933520960008e-05
sax,1.2757933520960008e-05
abc,1.2757933520960008e-05
tko,1.2757933520960008e-05
tstat,1.2757933520960008e-05
xiv,1.2757933520960008e-05
acb,1.2757933520960008e-05
educa,1.2757933520960008e-05
gir,1.2757933520960008e-05
poterba,1.2757933520960008e-05
pjk,1.2757933520960008e-05
trj,1.2757933520960008e-05
lef,1.2757933520960008e-05
abbr,1.2757933520960008e-05
pqo,1.2757933520960008e-05
vein,1.2757933520960008e-05
adjoin,1.2757933520960008e-05
varz,1.2757933520960008e-05
itm,1.2757933520960008e-05
fatter,1.2757933520960008e-05
cedex,1.2757933520960008e-05
fwj,1.2757933520960008e-05
ivn,1.2757933520960008e-05
zxi,1.2757933520960008e-05
een,1.2757933520960008e-05
nsa,1.2757933520960008e-05
rxl,1.2757933520960008e-05
frt,1.2757933520960008e-05
prv,1.2757933520960008e-05
wharton,1.2757933520960008e-05
ckk,1.2757933520960008e-05
qir,1.2757933520960008e-05
hon,1.2757933520960008e-05
temporari,1.2757933520960008e-05
myself,1.2757933520960008e-05
geneous,1.2757933520960008e-05
vxl,1.2757933520960008e-05
phillipsperron,1.2757933520960008e-05
tif,1.2757933520960008e-05
iiic,1.2757933520960008e-05
nondegeneraci,1.2757933520960008e-05
uncor,1.2757933520960008e-05
geoffrey,1.2757933520960008e-05
erl,1.2757933520960008e-05
wwi,1.2757933520960008e-05
apparatus,1.2757933520960008e-05
zpi,1.2757933520960008e-05
pza,1.2757933520960008e-05
ejl,1.2757933520960008e-05
itv,1.2757933520960008e-05
lift,1.2757933520960008e-05
epk,1.2757933520960008e-05
idt,1.2757933520960008e-05
openend,1.2757933520960008e-05
paj,1.2757933520960008e-05
resta,1.2757933520960008e-05
cpa,1.2757933520960008e-05
sepa,1.2757933520960008e-05
tha,1.2757933520960008e-05
winston,1.2757933520960008e-05
lavi,1.2757933520960008e-05
slater,1.2757933520960008e-05
aiu,1.2757933520960008e-05
iea,1.2757933520960008e-05
dell,1.2757933520960008e-05
europ,1.2757933520960008e-05
rpp,1.2757933520960008e-05
ife,1.2757933520960008e-05
ciz,1.2757933520960008e-05
bbo,1.2757933520960008e-05
zzo,1.2757933520960008e-05
deutsch,1.2757933520960008e-05
cre,1.2757933520960008e-05
fog,1.2757933520960008e-05
llj,1.2757933520960008e-05
zyi,1.2757933520960008e-05
geo,1.2757933520960008e-05
rtx,1.2757933520960008e-05
apj,1.2757933520960008e-05
notori,1.2757933520960008e-05
selv,1.2757933520960008e-05
teach,1.2757933520960008e-05
ako,1.2757933520960008e-05
myi,1.2757933520960008e-05
cator,1.2757933520960008e-05
itu,1.2757933520960008e-05
zlx,1.2757933520960008e-05
ascend,1.2757933520960008e-05
rosett,1.2757933520960008e-05
equidist,1.2757933520960008e-05
adr,1.2757933520960008e-05
nitud,1.2757933520960008e-05
ltr,1.2757933520960008e-05
nanc,1.2757933520960008e-05
vif,1.2757933520960008e-05
kdt,1.2757933520960008e-05
ilp,1.2757933520960008e-05
crt,1.2757933520960008e-05
nas,1.2757933520960008e-05
bji,1.2757933520960008e-05
wonder,1.2757933520960008e-05
treme,1.2757933520960008e-05
cra,1.2757933520960008e-05
hrt,1.2757933520960008e-05
yst,1.2757933520960008e-05
vte,1.2757933520960008e-05
mvt,1.2757933520960008e-05
homog,1.2757933520960008e-05
csi,1.2757933520960008e-05
rlk,1.2757933520960008e-05
cum,1.2757933520960008e-05
sorensen,1.2757933520960008e-05
causat,1.2757933520960008e-05
incor,1.2757933520960008e-05
vtp,1.1907404619562674e-05
modifica,1.1907404619562674e-05
emat,1.1907404619562674e-05
ale,1.1907404619562674e-05
dpd,1.1907404619562674e-05
pacif,1.1907404619562674e-05
doraszelski,1.1907404619562674e-05
pgx,1.1907404619562674e-05
citibas,1.1907404619562674e-05
samuel,1.1907404619562674e-05
hurt,1.1907404619562674e-05
mino,1.1907404619562674e-05
kno,1.1907404619562674e-05
pyp,1.1907404619562674e-05
ulx,1.1907404619562674e-05
lap,1.1907404619562674e-05
pfa,1.1907404619562674e-05
baba,1.1907404619562674e-05
edj,1.1907404619562674e-05
fyj,1.1907404619562674e-05
cxj,1.1907404619562674e-05
miv,1.1907404619562674e-05
josh,1.1907404619562674e-05
amn,1.1907404619562674e-05
dql,1.1907404619562674e-05
pipi,1.1907404619562674e-05
jcj,1.1907404619562674e-05
dlp,1.1907404619562674e-05
xjk,1.1907404619562674e-05
evant,1.1907404619562674e-05
siii,1.1907404619562674e-05
faust,1.1907404619562674e-05
esa,1.1907404619562674e-05
rcj,1.1907404619562674e-05
alexei,1.1907404619562674e-05
fyn,1.1907404619562674e-05
comp,1.1907404619562674e-05
vvv,1.1907404619562674e-05
euv,1.1907404619562674e-05
zurich,1.1907404619562674e-05
zizi,1.1907404619562674e-05
hale,1.1907404619562674e-05
bat,1.1907404619562674e-05
freeman,1.1907404619562674e-05
lbl,1.1907404619562674e-05
faz,1.1907404619562674e-05
leftcensor,1.1907404619562674e-05
deconometri,1.1907404619562674e-05
ghz,1.1907404619562674e-05
urzua,1.1907404619562674e-05
mesh,1.1907404619562674e-05
chs,1.1907404619562674e-05
subcas,1.1907404619562674e-05
intu,1.1907404619562674e-05
pixi,1.1907404619562674e-05
lrl,1.1907404619562674e-05
cratic,1.1907404619562674e-05
dld,1.1907404619562674e-05
crisi,1.1907404619562674e-05
gov,1.1907404619562674e-05
inequali,1.1907404619562674e-05
lol,1.1907404619562674e-05
emphasis,1.1907404619562674e-05
puttyclay,1.1907404619562674e-05
ftw,1.1907404619562674e-05
rtk,1.1907404619562674e-05
anatomi,1.1907404619562674e-05
sek,1.1907404619562674e-05
alz,1.1907404619562674e-05
nco,1.1907404619562674e-05
xnm,1.1907404619562674e-05
dantzig,1.1907404619562674e-05
bibliographi,1.1907404619562674e-05
aae,1.1907404619562674e-05
vpn,1.1907404619562674e-05
iap,1.1907404619562674e-05
pta,1.1907404619562674e-05
pes,1.1907404619562674e-05
jat,1.1907404619562674e-05
dhd,1.1907404619562674e-05
pjq,1.1907404619562674e-05
xmj,1.1907404619562674e-05
fzj,1.1907404619562674e-05
friction,1.1907404619562674e-05
lgi,1.1907404619562674e-05
plog,1.1907404619562674e-05
slowest,1.1907404619562674e-05
buckley,1.1907404619562674e-05
chong,1.1907404619562674e-05
fjp,1.1907404619562674e-05
dts,1.1907404619562674e-05
chilean,1.1907404619562674e-05
iyk,1.1907404619562674e-05
broaden,1.1907404619562674e-05
expedi,1.1907404619562674e-05
loc,1.1907404619562674e-05
dilemma,1.1907404619562674e-05
connecticut,1.1907404619562674e-05
awj,1.1907404619562674e-05
qaq,1.1907404619562674e-05
thatfor,1.1907404619562674e-05
dth,1.1907404619562674e-05
beforehand,1.1907404619562674e-05
blt,1.1907404619562674e-05
recognis,1.1907404619562674e-05
soviet,1.1907404619562674e-05
dominguez,1.1907404619562674e-05
vacuous,1.1907404619562674e-05
notwithstand,1.1907404619562674e-05
mjt,1.1907404619562674e-05
toa,1.1907404619562674e-05
ojn,1.1907404619562674e-05
apq,1.1907404619562674e-05
sshrc,1.1907404619562674e-05
ram,1.1907404619562674e-05
gift,1.1907404619562674e-05
niv,1.1907404619562674e-05
pupil,1.1907404619562674e-05
stl,1.1907404619562674e-05
rls,1.1907404619562674e-05
mxn,1.1907404619562674e-05
nonstan,1.1907404619562674e-05
covt,1.1907404619562674e-05
fraser,1.1907404619562674e-05
jie,1.1907404619562674e-05
eak,1.1907404619562674e-05
oooo,1.1907404619562674e-05
qfa,1.1907404619562674e-05
modelbas,1.1907404619562674e-05
harmless,1.1907404619562674e-05
tuj,1.1907404619562674e-05
inquir,1.1907404619562674e-05
aktuarietidskrift,1.1907404619562674e-05
nxk,1.1907404619562674e-05
seattl,1.1907404619562674e-05
multan,1.1907404619562674e-05
scholar,1.1907404619562674e-05
gro,1.1907404619562674e-05
implementa,1.1907404619562674e-05
ust,1.1907404619562674e-05
householdlevel,1.1907404619562674e-05
dwu,1.1907404619562674e-05
randomwalk,1.1907404619562674e-05
vintag,1.1907404619562674e-05
sand,1.1907404619562674e-05
bart,1.1907404619562674e-05
ish,1.1907404619562674e-05
ikk,1.1907404619562674e-05
hwi,1.1907404619562674e-05
tinuiti,1.1907404619562674e-05
xrx,1.1907404619562674e-05
yxa,1.1907404619562674e-05
pond,1.1907404619562674e-05
isp,1.1907404619562674e-05
snl,1.1907404619562674e-05
nac,1.1907404619562674e-05
zta,1.1907404619562674e-05
czt,1.1907404619562674e-05
mlt,1.1907404619562674e-05
normat,1.1907404619562674e-05
subindex,1.1907404619562674e-05
myo,1.1907404619562674e-05
venienc,1.1907404619562674e-05
dian,1.1907404619562674e-05
gould,1.1907404619562674e-05
tari,1.1907404619562674e-05
tightest,1.1907404619562674e-05
oscillatori,1.1907404619562674e-05
nential,1.1907404619562674e-05
hpo,1.1907404619562674e-05
lht,1.1907404619562674e-05
wlog,1.1907404619562674e-05
characteriza,1.1907404619562674e-05
voluntari,1.1907404619562674e-05
diagnos,1.1907404619562674e-05
flb,1.1907404619562674e-05
inconveni,1.1907404619562674e-05
agl,1.1907404619562674e-05
ijr,1.1907404619562674e-05
ecr,1.1907404619562674e-05
imo,1.1907404619562674e-05
iar,1.1907404619562674e-05
snn,1.1907404619562674e-05
hvt,1.1907404619562674e-05
abraham,1.1907404619562674e-05
trari,1.1907404619562674e-05
proj,1.1907404619562674e-05
xor,1.1907404619562674e-05
enj,1.1907404619562674e-05
ajz,1.1907404619562674e-05
qif,1.1907404619562674e-05
alastair,1.1907404619562674e-05
eaj,1.1907404619562674e-05
lwl,1.1907404619562674e-05
ibj,1.1907404619562674e-05
tiv,1.1907404619562674e-05
httpdxdoiorg,1.1907404619562674e-05
rey,1.1907404619562674e-05
rmn,1.1907404619562674e-05
tperiod,1.1907404619562674e-05
ysr,1.1907404619562674e-05
peg,1.1907404619562674e-05
ldx,1.1907404619562674e-05
addendum,1.1907404619562674e-05
iiu,1.1907404619562674e-05
mie,1.1907404619562674e-05
curri,1.1907404619562674e-05
ytc,1.1907404619562674e-05
tract,1.1907404619562674e-05
vib,1.1907404619562674e-05
hurdl,1.1907404619562674e-05
kfk,1.1907404619562674e-05
qqi,1.1907404619562674e-05
lambert,1.1907404619562674e-05
sox,1.1907404619562674e-05
trx,1.1907404619562674e-05
uation,1.1907404619562674e-05
smallscal,1.1907404619562674e-05
akc,1.1907404619562674e-05
inquiri,1.1907404619562674e-05
ppj,1.1907404619562674e-05
metri,1.1907404619562674e-05
andp,1.1907404619562674e-05
puls,1.1907404619562674e-05
fqi,1.1907404619562674e-05
jtj,1.1907404619562674e-05
uig,1.1907404619562674e-05
doan,1.1907404619562674e-05
subordin,1.1907404619562674e-05
nsi,1.1907404619562674e-05
productmarket,1.1907404619562674e-05
agr,1.1907404619562674e-05
prk,1.1907404619562674e-05
thetic,1.1907404619562674e-05
clifford,1.1907404619562674e-05
nair,1.1907404619562674e-05
ane,1.1907404619562674e-05
guaran,1.1907404619562674e-05
chem,1.1907404619562674e-05
qjj,1.1907404619562674e-05
xnk,1.1907404619562674e-05
poj,1.1907404619562674e-05
ibn,1.1907404619562674e-05
rlo,1.1907404619562674e-05
oki,1.1907404619562674e-05
alg,1.1907404619562674e-05
iyj,1.1907404619562674e-05
tye,1.1907404619562674e-05
fun,1.1907404619562674e-05
fulton,1.1907404619562674e-05
philosophi,1.1907404619562674e-05
tux,1.1907404619562674e-05
ckl,1.1907404619562674e-05
dfr,1.1907404619562674e-05
fvs,1.1907404619562674e-05
fjj,1.1907404619562674e-05
dong,1.1907404619562674e-05
thomson,1.1907404619562674e-05
zft,1.1907404619562674e-05
jal,1.1907404619562674e-05
afterward,1.1907404619562674e-05
fwo,1.1907404619562674e-05
lund,1.1907404619562674e-05
irp,1.1907404619562674e-05
milton,1.1907404619562674e-05
stretch,1.1907404619562674e-05
rome,1.1907404619562674e-05
tof,1.1907404619562674e-05
xsl,1.1907404619562674e-05
bbl,1.1907404619562674e-05
acknowl,1.1907404619562674e-05
ewa,1.1907404619562674e-05
behalf,1.1907404619562674e-05
vanc,1.1907404619562674e-05
jrl,1.1907404619562674e-05
exacerb,1.1907404619562674e-05
piqi,1.1907404619562674e-05
udi,1.1907404619562674e-05
pou,1.1907404619562674e-05
vjv,1.1907404619562674e-05
behrman,1.1907404619562674e-05
colin,1.1907404619562674e-05
raa,1.1907404619562674e-05
lft,1.1907404619562674e-05
ija,1.1907404619562674e-05
vki,1.1907404619562674e-05
qia,1.1907404619562674e-05
elk,1.1907404619562674e-05
rax,1.1907404619562674e-05
jus,1.1907404619562674e-05
respecifi,1.1907404619562674e-05
reed,1.1907404619562674e-05
duj,1.1907404619562674e-05
crk,1.1907404619562674e-05
nullhypothesi,1.1907404619562674e-05
oand,1.1907404619562674e-05
basu,1.1907404619562674e-05
ixit,1.1907404619562674e-05
balling,1.1907404619562674e-05
inp,1.1907404619562674e-05
wholesal,1.1907404619562674e-05
borschsupan,1.1907404619562674e-05
gallen,1.1907404619562674e-05
ojt,1.1907404619562674e-05
dfe,1.1907404619562674e-05
vjc,1.1907404619562674e-05
paa,1.1907404619562674e-05
ykj,1.1907404619562674e-05
wki,1.1907404619562674e-05
aah,1.1907404619562674e-05
yri,1.1907404619562674e-05
flaw,1.1907404619562674e-05
fxdx,1.1907404619562674e-05
wadsworth,1.1907404619562674e-05
recip,1.1907404619562674e-05
pjp,1.1907404619562674e-05
trw,1.1907404619562674e-05
xko,1.1907404619562674e-05
gxp,1.1907404619562674e-05
limx,1.1907404619562674e-05
bowman,1.1907404619562674e-05
olson,1.1907404619562674e-05
tini,1.1907404619562674e-05
qpx,1.1907404619562674e-05
determini,1.1907404619562674e-05
valuead,1.1907404619562674e-05
cet,1.1907404619562674e-05
luck,1.1907404619562674e-05
cxp,1.1907404619562674e-05
cco,1.1907404619562674e-05
dfd,1.1907404619562674e-05
pour,1.1907404619562674e-05
witi,1.1907404619562674e-05
qji,1.1907404619562674e-05
compress,1.1907404619562674e-05
aza,1.1907404619562674e-05
cof,1.1907404619562674e-05
lms,1.1907404619562674e-05
vkt,1.1907404619562674e-05
xvt,1.1907404619562674e-05
artus,1.1907404619562674e-05
boivin,1.1907404619562674e-05
vaa,1.1907404619562674e-05
suburban,1.1907404619562674e-05
latest,1.1907404619562674e-05
aad,1.1907404619562674e-05
doj,1.1907404619562674e-05
sinusoid,1.1907404619562674e-05
sal,1.1907404619562674e-05
zio,1.1907404619562674e-05
owner,1.1907404619562674e-05
iab,1.1907404619562674e-05
siy,1.1907404619562674e-05
dere,1.1907404619562674e-05
xwx,1.1907404619562674e-05
boi,1.1907404619562674e-05
blyt,1.1907404619562674e-05
puter,1.1907404619562674e-05
mach,1.1907404619562674e-05
hoyn,1.1907404619562674e-05
guerr,1.1907404619562674e-05
ikn,1.1907404619562674e-05
coq,1.1907404619562674e-05
ilo,1.1907404619562674e-05
contri,1.1907404619562674e-05
eoy,1.1056875718165342e-05
hogg,1.1056875718165342e-05
varq,1.1056875718165342e-05
mpc,1.1056875718165342e-05
xdp,1.1056875718165342e-05
andrea,1.1056875718165342e-05
nienc,1.1056875718165342e-05
mtr,1.1056875718165342e-05
xdt,1.1056875718165342e-05
putate,1.1056875718165342e-05
tjx,1.1056875718165342e-05
mni,1.1056875718165342e-05
rabl,1.1056875718165342e-05
hitotsubashi,1.1056875718165342e-05
clq,1.1056875718165342e-05
ise,1.1056875718165342e-05
etv,1.1056875718165342e-05
bht,1.1056875718165342e-05
dik,1.1056875718165342e-05
mtm,1.1056875718165342e-05
bancroft,1.1056875718165342e-05
vax,1.1056875718165342e-05
riy,1.1056875718165342e-05
xili,1.1056875718165342e-05
slade,1.1056875718165342e-05
miscellan,1.1056875718165342e-05
ixe,1.1056875718165342e-05
bbt,1.1056875718165342e-05
rka,1.1056875718165342e-05
xxu,1.1056875718165342e-05
brainard,1.1056875718165342e-05
pashard,1.1056875718165342e-05
fbl,1.1056875718165342e-05
fak,1.1056875718165342e-05
delin,1.1056875718165342e-05
mason,1.1056875718165342e-05
affair,1.1056875718165342e-05
ajd,1.1056875718165342e-05
battalio,1.1056875718165342e-05
sentiment,1.1056875718165342e-05
nis,1.1056875718165342e-05
strip,1.1056875718165342e-05
ifw,1.1056875718165342e-05
statelevel,1.1056875718165342e-05
marcet,1.1056875718165342e-05
emj,1.1056875718165342e-05
dwi,1.1056875718165342e-05
kmt,1.1056875718165342e-05
garbad,1.1056875718165342e-05
ficienc,1.1056875718165342e-05
bia,1.1056875718165342e-05
dpp,1.1056875718165342e-05
nie,1.1056875718165342e-05
gaj,1.1056875718165342e-05
aqp,1.1056875718165342e-05
ppx,1.1056875718165342e-05
sak,1.1056875718165342e-05
rtp,1.1056875718165342e-05
logj,1.1056875718165342e-05
wither,1.1056875718165342e-05
xal,1.1056875718165342e-05
gpt,1.1056875718165342e-05
tential,1.1056875718165342e-05
mukerji,1.1056875718165342e-05
ozi,1.1056875718165342e-05
forwardlook,1.1056875718165342e-05
eip,1.1056875718165342e-05
xds,1.1056875718165342e-05
delhi,1.1056875718165342e-05
eno,1.1056875718165342e-05
voe,1.1056875718165342e-05
epc,1.1056875718165342e-05
pfe,1.1056875718165342e-05
conjec,1.1056875718165342e-05
bco,1.1056875718165342e-05
bst,1.1056875718165342e-05
hmso,1.1056875718165342e-05
tkj,1.1056875718165342e-05
nlr,1.1056875718165342e-05
alk,1.1056875718165342e-05
highway,1.1056875718165342e-05
bdb,1.1056875718165342e-05
ntk,1.1056875718165342e-05
woodland,1.1056875718165342e-05
acut,1.1056875718165342e-05
ayit,1.1056875718165342e-05
leser,1.1056875718165342e-05
alok,1.1056875718165342e-05
bbb,1.1056875718165342e-05
stepbystep,1.1056875718165342e-05
ico,1.1056875718165342e-05
twothird,1.1056875718165342e-05
memo,1.1056875718165342e-05
uir,1.1056875718165342e-05
stark,1.1056875718165342e-05
igg,1.1056875718165342e-05
adolesc,1.1056875718165342e-05
etm,1.1056875718165342e-05
xxs,1.1056875718165342e-05
euw,1.1056875718165342e-05
lowlevel,1.1056875718165342e-05
thogon,1.1056875718165342e-05
quadrupl,1.1056875718165342e-05
aviv,1.1056875718165342e-05
sugg,1.1056875718165342e-05
moti,1.1056875718165342e-05
toy,1.1056875718165342e-05
eea,1.1056875718165342e-05
vjn,1.1056875718165342e-05
viscusi,1.1056875718165342e-05
xnn,1.1056875718165342e-05
apb,1.1056875718165342e-05
willig,1.1056875718165342e-05
justin,1.1056875718165342e-05
sick,1.1056875718165342e-05
ential,1.1056875718165342e-05
nonsignific,1.1056875718165342e-05
cca,1.1056875718165342e-05
slog,1.1056875718165342e-05
rvalu,1.1056875718165342e-05
regist,1.1056875718165342e-05
nof,1.1056875718165342e-05
ujj,1.1056875718165342e-05
morrison,1.1056875718165342e-05
yml,1.1056875718165342e-05
inadequaci,1.1056875718165342e-05
abrupt,1.1056875718165342e-05
phil,1.1056875718165342e-05
byi,1.1056875718165342e-05
sibil,1.1056875718165342e-05
btr,1.1056875718165342e-05
ancecovari,1.1056875718165342e-05
ddm,1.1056875718165342e-05
vns,1.1056875718165342e-05
pym,1.1056875718165342e-05
burr,1.1056875718165342e-05
bno,1.1056875718165342e-05
mayb,1.1056875718165342e-05
hibit,1.1056875718165342e-05
xtz,1.1056875718165342e-05
subregion,1.1056875718165342e-05
mmr,1.1056875718165342e-05
acr,1.1056875718165342e-05
fulltim,1.1056875718165342e-05
publi,1.1056875718165342e-05
yfn,1.1056875718165342e-05
gibbon,1.1056875718165342e-05
flll,1.1056875718165342e-05
blume,1.1056875718165342e-05
elus,1.1056875718165342e-05
mmo,1.1056875718165342e-05
xlxl,1.1056875718165342e-05
gremaq,1.1056875718165342e-05
fmax,1.1056875718165342e-05
gpp,1.1056875718165342e-05
nij,1.1056875718165342e-05
cbs,1.1056875718165342e-05
minant,1.1056875718165342e-05
cdc,1.1056875718165342e-05
francesca,1.1056875718165342e-05
quirement,1.1056875718165342e-05
hutton,1.1056875718165342e-05
nsl,1.1056875718165342e-05
mtl,1.1056875718165342e-05
redefinit,1.1056875718165342e-05
sheridan,1.1056875718165342e-05
psj,1.1056875718165342e-05
bpb,1.1056875718165342e-05
lyj,1.1056875718165342e-05
centli,1.1056875718165342e-05
tian,1.1056875718165342e-05
ktk,1.1056875718165342e-05
tipl,1.1056875718165342e-05
finan,1.1056875718165342e-05
tso,1.1056875718165342e-05
stout,1.1056875718165342e-05
jerusalem,1.1056875718165342e-05
pedro,1.1056875718165342e-05
kruskal,1.1056875718165342e-05
logu,1.1056875718165342e-05
vco,1.1056875718165342e-05
pux,1.1056875718165342e-05
xzt,1.1056875718165342e-05
prede,1.1056875718165342e-05
rbt,1.1056875718165342e-05
undetermin,1.1056875718165342e-05
pindyck,1.1056875718165342e-05
fdx,1.1056875718165342e-05
apk,1.1056875718165342e-05
laboratoir,1.1056875718165342e-05
iqt,1.1056875718165342e-05
epj,1.1056875718165342e-05
minr,1.1056875718165342e-05
xbt,1.1056875718165342e-05
treatmentcontrol,1.1056875718165342e-05
iiiii,1.1056875718165342e-05
ltk,1.1056875718165342e-05
jtl,1.1056875718165342e-05
kkn,1.1056875718165342e-05
hif,1.1056875718165342e-05
cheaper,1.1056875718165342e-05
minp,1.1056875718165342e-05
debreu,1.1056875718165342e-05
manu,1.1056875718165342e-05
yci,1.1056875718165342e-05
kmn,1.1056875718165342e-05
eab,1.1056875718165342e-05
uic,1.1056875718165342e-05
jfx,1.1056875718165342e-05
harm,1.1056875718165342e-05
bto,1.1056875718165342e-05
lxn,1.1056875718165342e-05
eba,1.1056875718165342e-05
lationship,1.1056875718165342e-05
egj,1.1056875718165342e-05
quar,1.1056875718165342e-05
unequivoc,1.1056875718165342e-05
xtc,1.1056875718165342e-05
maximin,1.1056875718165342e-05
fib,1.1056875718165342e-05
eef,1.1056875718165342e-05
pert,1.1056875718165342e-05
gowrisankaran,1.1056875718165342e-05
drp,1.1056875718165342e-05
ascrib,1.1056875718165342e-05
lowercas,1.1056875718165342e-05
rrn,1.1056875718165342e-05
kna,1.1056875718165342e-05
varr,1.1056875718165342e-05
dunn,1.1056875718165342e-05
rak,1.1056875718165342e-05
intersci,1.1056875718165342e-05
jeanpierr,1.1056875718165342e-05
littlewood,1.1056875718165342e-05
iya,1.1056875718165342e-05
download,1.1056875718165342e-05
wolff,1.1056875718165342e-05
erx,1.1056875718165342e-05
jrt,1.1056875718165342e-05
dordrecht,1.1056875718165342e-05
eiw,1.1056875718165342e-05
xut,1.1056875718165342e-05
plm,1.1056875718165342e-05
aip,1.1056875718165342e-05
tmp,1.1056875718165342e-05
miami,1.1056875718165342e-05
vgt,1.1056875718165342e-05
mxl,1.1056875718165342e-05
reanalysi,1.1056875718165342e-05
nlp,1.1056875718165342e-05
tiy,1.1056875718165342e-05
eisner,1.1056875718165342e-05
fort,1.1056875718165342e-05
dean,1.1056875718165342e-05
xno,1.1056875718165342e-05
spj,1.1056875718165342e-05
accentu,1.1056875718165342e-05
jeanmarc,1.1056875718165342e-05
varo,1.1056875718165342e-05
polygon,1.1056875718165342e-05
went,1.1056875718165342e-05
petit,1.1056875718165342e-05
formbi,1.1056875718165342e-05
subdivid,1.1056875718165342e-05
ahl,1.1056875718165342e-05
parenthet,1.1056875718165342e-05
humboldt,1.1056875718165342e-05
rootmeansquar,1.1056875718165342e-05
ibid,1.1056875718165342e-05
tjp,1.1056875718165342e-05
slb,1.1056875718165342e-05
ahm,1.1056875718165342e-05
gray,1.1056875718165342e-05
ikt,1.1056875718165342e-05
tea,1.1056875718165342e-05
mccormick,1.1056875718165342e-05
mpn,1.1056875718165342e-05
hai,1.1056875718165342e-05
pqq,1.1056875718165342e-05
fouryear,1.1056875718165342e-05
ljx,1.1056875718165342e-05
gtp,1.1056875718165342e-05
chant,1.1056875718165342e-05
licens,1.1056875718165342e-05
flxi,1.1056875718165342e-05
lenc,1.1056875718165342e-05
flq,1.1056875718165342e-05
weierstrass,1.1056875718165342e-05
bookstor,1.1056875718165342e-05
gki,1.1056875718165342e-05
qat,1.1056875718165342e-05
onal,1.1056875718165342e-05
underreport,1.1056875718165342e-05
wesley,1.1056875718165342e-05
raci,1.1056875718165342e-05
rjl,1.1056875718165342e-05
fna,1.1056875718165342e-05
bjl,1.1056875718165342e-05
dyd,1.1056875718165342e-05
consolid,1.1056875718165342e-05
jung,1.1056875718165342e-05
concurr,1.1056875718165342e-05
luo,1.1056875718165342e-05
disappoint,1.1056875718165342e-05
nce,1.1056875718165342e-05
intraperson,1.1056875718165342e-05
slutzki,1.1056875718165342e-05
fey,1.1056875718165342e-05
logc,1.1056875718165342e-05
slide,1.1056875718165342e-05
mantel,1.1056875718165342e-05
noarbitrag,1.1056875718165342e-05
tantamount,1.1056875718165342e-05
zmi,1.1056875718165342e-05
dvt,1.1056875718165342e-05
jct,1.1056875718165342e-05
kut,1.1056875718165342e-05
essari,1.1056875718165342e-05
qki,1.1056875718165342e-05
drt,1.1056875718165342e-05
bzi,1.1056875718165342e-05
iko,1.1056875718165342e-05
career,1.1056875718165342e-05
amj,1.1056875718165342e-05
azk,1.1056875718165342e-05
ofc,1.1056875718165342e-05
llll,1.1056875718165342e-05
yxl,1.1056875718165342e-05
ahh,1.1056875718165342e-05
cognit,1.1056875718165342e-05
opj,1.1056875718165342e-05
opp,1.1056875718165342e-05
unilater,1.1056875718165342e-05
pler,1.1056875718165342e-05
sunspot,1.1056875718165342e-05
ptpt,1.1056875718165342e-05
convict,1.1056875718165342e-05
kqk,1.1056875718165342e-05
rrt,1.1056875718165342e-05
ascent,1.1056875718165342e-05
piyi,1.1056875718165342e-05
jwj,1.1056875718165342e-05
arabl,1.1056875718165342e-05
fourteen,1.1056875718165342e-05
alize,1.1056875718165342e-05
swi,1.1056875718165342e-05
intric,1.1056875718165342e-05
myt,1.1056875718165342e-05
alleg,1.1056875718165342e-05
wlj,1.1056875718165342e-05
rjk,1.1056875718165342e-05
confidenti,1.1056875718165342e-05
trevor,1.1056875718165342e-05
cepremap,1.1056875718165342e-05
mask,1.1056875718165342e-05
shore,1.1056875718165342e-05
vkl,1.1056875718165342e-05
destin,1.1056875718165342e-05
lion,1.1056875718165342e-05
empiricist,1.1056875718165342e-05
clearcut,1.1056875718165342e-05
seventi,1.1056875718165342e-05
vijt,1.1056875718165342e-05
gfi,1.1056875718165342e-05
ambiti,1.1056875718165342e-05
german,1.1056875718165342e-05
expj,1.1056875718165342e-05
foun,1.1056875718165342e-05
acl,1.1056875718165342e-05
till,1.1056875718165342e-05
dap,1.1056875718165342e-05
ivl,1.1056875718165342e-05
idiosyn,1.1056875718165342e-05
nient,1.1056875718165342e-05
seq,1.1056875718165342e-05
andj,1.1056875718165342e-05
wox,1.1056875718165342e-05
wiwi,1.1056875718165342e-05
mjj,1.1056875718165342e-05
twovari,1.1056875718165342e-05
condens,1.1056875718165342e-05
ikj,1.1056875718165342e-05
lexp,1.1056875718165342e-05
tainti,1.1056875718165342e-05
moa,1.1056875718165342e-05
cka,1.1056875718165342e-05
ejk,1.1056875718165342e-05
vtz,1.1056875718165342e-05
pension,1.1056875718165342e-05
promot,1.1056875718165342e-05
paasch,1.1056875718165342e-05
neverth,1.0206346816768008e-05
hsh,1.0206346816768008e-05
cto,1.0206346816768008e-05
odic,1.0206346816768008e-05
iux,1.0206346816768008e-05
intrigu,1.0206346816768008e-05
cci,1.0206346816768008e-05
cipl,1.0206346816768008e-05
dki,1.0206346816768008e-05
impair,1.0206346816768008e-05
diagnosi,1.0206346816768008e-05
pxc,1.0206346816768008e-05
lator,1.0206346816768008e-05
fora,1.0206346816768008e-05
bsl,1.0206346816768008e-05
lrx,1.0206346816768008e-05
ssb,1.0206346816768008e-05
cjl,1.0206346816768008e-05
bartl,1.0206346816768008e-05
reward,1.0206346816768008e-05
dixon,1.0206346816768008e-05
kkt,1.0206346816768008e-05
scarc,1.0206346816768008e-05
jol,1.0206346816768008e-05
trap,1.0206346816768008e-05
noninvert,1.0206346816768008e-05
equ,1.0206346816768008e-05
hamper,1.0206346816768008e-05
tcc,1.0206346816768008e-05
nxt,1.0206346816768008e-05
fic,1.0206346816768008e-05
prm,1.0206346816768008e-05
cja,1.0206346816768008e-05
secondround,1.0206346816768008e-05
alc,1.0206346816768008e-05
yitl,1.0206346816768008e-05
pce,1.0206346816768008e-05
grandmont,1.0206346816768008e-05
sthe,1.0206346816768008e-05
yjk,1.0206346816768008e-05
twentyf,1.0206346816768008e-05
rgt,1.0206346816768008e-05
viceversa,1.0206346816768008e-05
solon,1.0206346816768008e-05
uncer,1.0206346816768008e-05
aytl,1.0206346816768008e-05
vei,1.0206346816768008e-05
singlevalu,1.0206346816768008e-05
zeroord,1.0206346816768008e-05
atxt,1.0206346816768008e-05
mlx,1.0206346816768008e-05
ftq,1.0206346816768008e-05
sage,1.0206346816768008e-05
starr,1.0206346816768008e-05
ftft,1.0206346816768008e-05
plu,1.0206346816768008e-05
rerank,1.0206346816768008e-05
immi,1.0206346816768008e-05
imbed,1.0206346816768008e-05
ilu,1.0206346816768008e-05
maxr,1.0206346816768008e-05
palo,1.0206346816768008e-05
mba,1.0206346816768008e-05
densi,1.0206346816768008e-05
cqr,1.0206346816768008e-05
visibl,1.0206346816768008e-05
xnx,1.0206346816768008e-05
spa,1.0206346816768008e-05
sixti,1.0206346816768008e-05
hlh,1.0206346816768008e-05
colston,1.0206346816768008e-05
ffn,1.0206346816768008e-05
preassign,1.0206346816768008e-05
mathematiqu,1.0206346816768008e-05
wja,1.0206346816768008e-05
tdl,1.0206346816768008e-05
abo,1.0206346816768008e-05
sustain,1.0206346816768008e-05
boost,1.0206346816768008e-05
png,1.0206346816768008e-05
sess,1.0206346816768008e-05
oaa,1.0206346816768008e-05
hht,1.0206346816768008e-05
ecf,1.0206346816768008e-05
ret,1.0206346816768008e-05
disserta,1.0206346816768008e-05
qln,1.0206346816768008e-05
tualli,1.0206346816768008e-05
hiz,1.0206346816768008e-05
dictiv,1.0206346816768008e-05
pliciti,1.0206346816768008e-05
fja,1.0206346816768008e-05
fma,1.0206346816768008e-05
lql,1.0206346816768008e-05
cmi,1.0206346816768008e-05
qiq,1.0206346816768008e-05
wiv,1.0206346816768008e-05
adelman,1.0206346816768008e-05
duesenberri,1.0206346816768008e-05
fpl,1.0206346816768008e-05
ihe,1.0206346816768008e-05
syi,1.0206346816768008e-05
hjs,1.0206346816768008e-05
doug,1.0206346816768008e-05
ora,1.0206346816768008e-05
ement,1.0206346816768008e-05
ying,1.0206346816768008e-05
timize,1.0206346816768008e-05
icj,1.0206346816768008e-05
verbal,1.0206346816768008e-05
coordi,1.0206346816768008e-05
aqo,1.0206346816768008e-05
sutton,1.0206346816768008e-05
minat,1.0206346816768008e-05
inflect,1.0206346816768008e-05
szt,1.0206346816768008e-05
africa,1.0206346816768008e-05
rjx,1.0206346816768008e-05
inb,1.0206346816768008e-05
cotton,1.0206346816768008e-05
rlj,1.0206346816768008e-05
wyi,1.0206346816768008e-05
vct,1.0206346816768008e-05
jstatist,1.0206346816768008e-05
abscissa,1.0206346816768008e-05
mes,1.0206346816768008e-05
dardiz,1.0206346816768008e-05
rtn,1.0206346816768008e-05
justment,1.0206346816768008e-05
unfortu,1.0206346816768008e-05
uin,1.0206346816768008e-05
xco,1.0206346816768008e-05
legal,1.0206346816768008e-05
rodriguez,1.0206346816768008e-05
jyi,1.0206346816768008e-05
fxe,1.0206346816768008e-05
nml,1.0206346816768008e-05
ljj,1.0206346816768008e-05
noe,1.0206346816768008e-05
jansen,1.0206346816768008e-05
qnl,1.0206346816768008e-05
expert,1.0206346816768008e-05
ecn,1.0206346816768008e-05
climat,1.0206346816768008e-05
funda,1.0206346816768008e-05
psychometrika,1.0206346816768008e-05
xpk,1.0206346816768008e-05
wien,1.0206346816768008e-05
rtj,1.0206346816768008e-05
fcx,1.0206346816768008e-05
qrr,1.0206346816768008e-05
qtj,1.0206346816768008e-05
liabl,1.0206346816768008e-05
mccall,1.0206346816768008e-05
penguin,1.0206346816768008e-05
qal,1.0206346816768008e-05
rdt,1.0206346816768008e-05
ick,1.0206346816768008e-05
trv,1.0206346816768008e-05
xkl,1.0206346816768008e-05
twostat,1.0206346816768008e-05
srensen,1.0206346816768008e-05
pdz,1.0206346816768008e-05
manageri,1.0206346816768008e-05
sja,1.0206346816768008e-05
inz,1.0206346816768008e-05
overshoot,1.0206346816768008e-05
cyn,1.0206346816768008e-05
glauber,1.0206346816768008e-05
waterman,1.0206346816768008e-05
bwi,1.0206346816768008e-05
operation,1.0206346816768008e-05
blo,1.0206346816768008e-05
rer,1.0206346816768008e-05
olo,1.0206346816768008e-05
xic,1.0206346816768008e-05
pmo,1.0206346816768008e-05
craig,1.0206346816768008e-05
otj,1.0206346816768008e-05
kis,1.0206346816768008e-05
rpx,1.0206346816768008e-05
acc,1.0206346816768008e-05
vfx,1.0206346816768008e-05
hyman,1.0206346816768008e-05
bib,1.0206346816768008e-05
interfac,1.0206346816768008e-05
pnf,1.0206346816768008e-05
zla,1.0206346816768008e-05
btx,1.0206346816768008e-05
pon,1.0206346816768008e-05
llog,1.0206346816768008e-05
ipp,1.0206346816768008e-05
cheung,1.0206346816768008e-05
ralli,1.0206346816768008e-05
tig,1.0206346816768008e-05
frw,1.0206346816768008e-05
nobay,1.0206346816768008e-05
naylor,1.0206346816768008e-05
anon,1.0206346816768008e-05
dunford,1.0206346816768008e-05
raymond,1.0206346816768008e-05
etw,1.0206346816768008e-05
bacon,1.0206346816768008e-05
rkj,1.0206346816768008e-05
cxc,1.0206346816768008e-05
rdi,1.0206346816768008e-05
xlvii,1.0206346816768008e-05
knk,1.0206346816768008e-05
dha,1.0206346816768008e-05
hap,1.0206346816768008e-05
kot,1.0206346816768008e-05
ifm,1.0206346816768008e-05
ham,1.0206346816768008e-05
edt,1.0206346816768008e-05
plex,1.0206346816768008e-05
alm,1.0206346816768008e-05
spl,1.0206346816768008e-05
jiang,1.0206346816768008e-05
vvl,1.0206346816768008e-05
qvt,1.0206346816768008e-05
ney,1.0206346816768008e-05
hmi,1.0206346816768008e-05
qua,1.0206346816768008e-05
tfr,1.0206346816768008e-05
gta,1.0206346816768008e-05
gtl,1.0206346816768008e-05
aqn,1.0206346816768008e-05
dicat,1.0206346816768008e-05
noon,1.0206346816768008e-05
dor,1.0206346816768008e-05
jet,1.0206346816768008e-05
arora,1.0206346816768008e-05
scrap,1.0206346816768008e-05
oof,1.0206346816768008e-05
dow,1.0206346816768008e-05
bailey,1.0206346816768008e-05
unem,1.0206346816768008e-05
onefactor,1.0206346816768008e-05
maxf,1.0206346816768008e-05
gottschalk,1.0206346816768008e-05
ykx,1.0206346816768008e-05
forget,1.0206346816768008e-05
erv,1.0206346816768008e-05
hoover,1.0206346816768008e-05
alto,1.0206346816768008e-05
dealer,1.0206346816768008e-05
pbi,1.0206346816768008e-05
wtw,1.0206346816768008e-05
hhh,1.0206346816768008e-05
kek,1.0206346816768008e-05
tjh,1.0206346816768008e-05
iiw,1.0206346816768008e-05
cth,1.0206346816768008e-05
spq,1.0206346816768008e-05
yong,1.0206346816768008e-05
bram,1.0206346816768008e-05
succ,1.0206346816768008e-05
grace,1.0206346816768008e-05
spi,1.0206346816768008e-05
utn,1.0206346816768008e-05
pof,1.0206346816768008e-05
bed,1.0206346816768008e-05
idr,1.0206346816768008e-05
zai,1.0206346816768008e-05
sfr,1.0206346816768008e-05
rki,1.0206346816768008e-05
ooa,1.0206346816768008e-05
rro,1.0206346816768008e-05
secondmo,1.0206346816768008e-05
xjf,1.0206346816768008e-05
asm,1.0206346816768008e-05
oblig,1.0206346816768008e-05
acquisit,1.0206346816768008e-05
albani,1.0206346816768008e-05
ley,1.0206346816768008e-05
erj,1.0206346816768008e-05
fjc,1.0206346816768008e-05
roman,1.0206346816768008e-05
unsupport,1.0206346816768008e-05
vmt,1.0206346816768008e-05
stp,1.0206346816768008e-05
ubc,1.0206346816768008e-05
psa,1.0206346816768008e-05
vht,1.0206346816768008e-05
drr,1.0206346816768008e-05
nonsymmetr,1.0206346816768008e-05
rysman,1.0206346816768008e-05
front,1.0206346816768008e-05
tbi,1.0206346816768008e-05
vut,1.0206346816768008e-05
fxu,1.0206346816768008e-05
pisa,1.0206346816768008e-05
dct,1.0206346816768008e-05
yan,1.0206346816768008e-05
coa,1.0206346816768008e-05
seller,1.0206346816768008e-05
ejx,1.0206346816768008e-05
acf,1.0206346816768008e-05
pxb,1.0206346816768008e-05
ugt,1.0206346816768008e-05
instituto,1.0206346816768008e-05
ormerod,1.0206346816768008e-05
wood,1.0206346816768008e-05
eck,1.0206346816768008e-05
tpx,1.0206346816768008e-05
wim,1.0206346816768008e-05
vpl,1.0206346816768008e-05
elaps,1.0206346816768008e-05
intra,1.0206346816768008e-05
brazil,1.0206346816768008e-05
ahx,1.0206346816768008e-05
wrs,1.0206346816768008e-05
xlp,1.0206346816768008e-05
carnegierochest,1.0206346816768008e-05
iec,1.0206346816768008e-05
inconsequenti,1.0206346816768008e-05
lain,1.0206346816768008e-05
hkl,1.0206346816768008e-05
daf,1.0206346816768008e-05
pragu,1.0206346816768008e-05
nonpoor,1.0206346816768008e-05
wzi,1.0206346816768008e-05
ymt,1.0206346816768008e-05
rvt,1.0206346816768008e-05
unival,1.0206346816768008e-05
pns,1.0206346816768008e-05
uousli,1.0206346816768008e-05
cagan,1.0206346816768008e-05
fts,1.0206346816768008e-05
hellerstein,1.0206346816768008e-05
iyl,1.0206346816768008e-05
ynn,1.0206346816768008e-05
firstperiod,1.0206346816768008e-05
eje,1.0206346816768008e-05
unawar,1.0206346816768008e-05
grangercaus,1.0206346816768008e-05
depth,1.0206346816768008e-05
pint,1.0206346816768008e-05
gjk,1.0206346816768008e-05
nte,1.0206346816768008e-05
probi,1.0206346816768008e-05
eha,1.0206346816768008e-05
rinehart,1.0206346816768008e-05
idn,1.0206346816768008e-05
hillclimb,1.0206346816768008e-05
ddo,1.0206346816768008e-05
xef,1.0206346816768008e-05
nlf,1.0206346816768008e-05
llp,1.0206346816768008e-05
dedic,1.0206346816768008e-05
pss,1.0206346816768008e-05
dose,1.0206346816768008e-05
rxo,1.0206346816768008e-05
sus,1.0206346816768008e-05
marit,1.0206346816768008e-05
crv,1.0206346816768008e-05
leakag,1.0206346816768008e-05
ytz,1.0206346816768008e-05
zie,1.0206346816768008e-05
appel,1.0206346816768008e-05
ofth,1.0206346816768008e-05
gmi,1.0206346816768008e-05
bfi,1.0206346816768008e-05
gumbel,1.0206346816768008e-05
archiv,1.0206346816768008e-05
oneparamet,1.0206346816768008e-05
blj,1.0206346816768008e-05
vsi,1.0206346816768008e-05
stateyear,1.0206346816768008e-05
ecj,1.0206346816768008e-05
dul,1.0206346816768008e-05
northwest,1.0206346816768008e-05
vpo,1.0206346816768008e-05
pull,1.0206346816768008e-05
brandei,1.0206346816768008e-05
birkhaus,1.0206346816768008e-05
cultur,1.0206346816768008e-05
mosh,1.0206346816768008e-05
rut,1.0206346816768008e-05
amo,1.0206346816768008e-05
trarili,1.0206346816768008e-05
nalebuff,1.0206346816768008e-05
prise,1.0206346816768008e-05
aaz,1.0206346816768008e-05
householdspecif,1.0206346816768008e-05
ticip,1.0206346816768008e-05
monday,1.0206346816768008e-05
miiller,1.0206346816768008e-05
classi,1.0206346816768008e-05
soa,1.0206346816768008e-05
lff,1.0206346816768008e-05
announc,1.0206346816768008e-05
fpa,1.0206346816768008e-05
touch,1.0206346816768008e-05
kearney,1.0206346816768008e-05
btn,1.0206346816768008e-05
gie,1.0206346816768008e-05
evn,1.0206346816768008e-05
morgenstern,1.0206346816768008e-05
sizea,1.0206346816768008e-05
culti,1.0206346816768008e-05
zhi,1.0206346816768008e-05
profession,1.0206346816768008e-05
errorcompon,1.0206346816768008e-05
jeong,1.0206346816768008e-05
rcr,1.0206346816768008e-05
quinn,1.0206346816768008e-05
hauser,1.0206346816768008e-05
mover,1.0206346816768008e-05
dgo,1.0206346816768008e-05
tenabl,1.0206346816768008e-05
izn,1.0206346816768008e-05
lefthandsid,1.0206346816768008e-05
ocn,1.0206346816768008e-05
antagon,1.0206346816768008e-05
vsl,1.0206346816768008e-05
eol,1.0206346816768008e-05
sfs,1.0206346816768008e-05
yif,1.0206346816768008e-05
logpric,1.0206346816768008e-05
xet,1.0206346816768008e-05
qor,1.0206346816768008e-05
rum,1.0206346816768008e-05
qri,1.0206346816768008e-05
linkag,1.0206346816768008e-05
kqt,1.0206346816768008e-05
gruber,1.0206346816768008e-05
perti,1.0206346816768008e-05
lehman,1.0206346816768008e-05
magnifi,1.0206346816768008e-05
baum,1.0206346816768008e-05
theoreti,1.0206346816768008e-05
aen,1.0206346816768008e-05
thenc,1.0206346816768008e-05
xfr,1.0206346816768008e-05
occ,1.0206346816768008e-05
xui,1.0206346816768008e-05
overidenti,1.0206346816768008e-05
cleveland,1.0206346816768008e-05
blackschol,1.0206346816768008e-05
engag,1.0206346816768008e-05
levela,1.0206346816768008e-05
mathematik,1.0206346816768008e-05
eun,1.0206346816768008e-05
quasidifferenc,1.0206346816768008e-05
quasinewton,1.0206346816768008e-05
maximand,1.0206346816768008e-05
urn,1.0206346816768008e-05
libria,1.0206346816768008e-05
nss,1.0206346816768008e-05
verdict,1.0206346816768008e-05
zak,1.0206346816768008e-05
lwt,1.0206346816768008e-05
vao,9.355817915370674e-06
longest,9.355817915370674e-06
uwt,9.355817915370674e-06
practi,9.355817915370674e-06
schneider,9.355817915370674e-06
jtr,9.355817915370674e-06
lre,9.355817915370674e-06
naa,9.355817915370674e-06
cex,9.355817915370674e-06
tow,9.355817915370674e-06
burk,9.355817915370674e-06
pyy,9.355817915370674e-06
econonm,9.355817915370674e-06
ingram,9.355817915370674e-06
reapprais,9.355817915370674e-06
bower,9.355817915370674e-06
ldimension,9.355817915370674e-06
llh,9.355817915370674e-06
ths,9.355817915370674e-06
heterosk,9.355817915370674e-06
mall,9.355817915370674e-06
cpj,9.355817915370674e-06
prerequisit,9.355817915370674e-06
voa,9.355817915370674e-06
elw,9.355817915370674e-06
investigacion,9.355817915370674e-06
gdi,9.355817915370674e-06
peso,9.355817915370674e-06
utilitarian,9.355817915370674e-06
unbi,9.355817915370674e-06
ipk,9.355817915370674e-06
xpp,9.355817915370674e-06
wan,9.355817915370674e-06
outper,9.355817915370674e-06
anr,9.355817915370674e-06
pov,9.355817915370674e-06
adher,9.355817915370674e-06
yex,9.355817915370674e-06
fon,9.355817915370674e-06
otf,9.355817915370674e-06
dco,9.355817915370674e-06
hsl,9.355817915370674e-06
bqi,9.355817915370674e-06
lra,9.355817915370674e-06
ivv,9.355817915370674e-06
gal,9.355817915370674e-06
apc,9.355817915370674e-06
dza,9.355817915370674e-06
obviat,9.355817915370674e-06
nave,9.355817915370674e-06
krishna,9.355817915370674e-06
wst,9.355817915370674e-06
entli,9.355817915370674e-06
jkt,9.355817915370674e-06
carlson,9.355817915370674e-06
hom,9.355817915370674e-06
pietro,9.355817915370674e-06
laz,9.355817915370674e-06
qtr,9.355817915370674e-06
realworld,9.355817915370674e-06
remot,9.355817915370674e-06
standardis,9.355817915370674e-06
clotfelt,9.355817915370674e-06
ztr,9.355817915370674e-06
casella,9.355817915370674e-06
jeremi,9.355817915370674e-06
sential,9.355817915370674e-06
slice,9.355817915370674e-06
sab,9.355817915370674e-06
iron,9.355817915370674e-06
fatal,9.355817915370674e-06
inari,9.355817915370674e-06
vrl,9.355817915370674e-06
didi,9.355817915370674e-06
arq,9.355817915370674e-06
qpt,9.355817915370674e-06
qpp,9.355817915370674e-06
fromm,9.355817915370674e-06
ipr,9.355817915370674e-06
dzz,9.355817915370674e-06
dxdx,9.355817915370674e-06
kia,9.355817915370674e-06
cian,9.355817915370674e-06
payrol,9.355817915370674e-06
rhi,9.355817915370674e-06
iac,9.355817915370674e-06
alexandr,9.355817915370674e-06
ooj,9.355817915370674e-06
cok,9.355817915370674e-06
dep,9.355817915370674e-06
hagu,9.355817915370674e-06
gra,9.355817915370674e-06
unlimit,9.355817915370674e-06
ryj,9.355817915370674e-06
hfl,9.355817915370674e-06
acn,9.355817915370674e-06
olx,9.355817915370674e-06
viw,9.355817915370674e-06
afdc,9.355817915370674e-06
qak,9.355817915370674e-06
yrt,9.355817915370674e-06
puo,9.355817915370674e-06
aixt,9.355817915370674e-06
fifthord,9.355817915370674e-06
costless,9.355817915370674e-06
crestinse,9.355817915370674e-06
recom,9.355817915370674e-06
freder,9.355817915370674e-06
dmr,9.355817915370674e-06
yer,9.355817915370674e-06
accommo,9.355817915370674e-06
democrat,9.355817915370674e-06
prelim,9.355817915370674e-06
sentenc,9.355817915370674e-06
vivi,9.355817915370674e-06
pfj,9.355817915370674e-06
lkl,9.355817915370674e-06
lih,9.355817915370674e-06
boy,9.355817915370674e-06
ptc,9.355817915370674e-06
anoni,9.355817915370674e-06
silent,9.355817915370674e-06
preci,9.355817915370674e-06
jla,9.355817915370674e-06
vja,9.355817915370674e-06
wpw,9.355817915370674e-06
tkk,9.355817915370674e-06
isk,9.355817915370674e-06
trapezoid,9.355817915370674e-06
sieg,9.355817915370674e-06
xpn,9.355817915370674e-06
feng,9.355817915370674e-06
dpdp,9.355817915370674e-06
gtr,9.355817915370674e-06
vvn,9.355817915370674e-06
upperbound,9.355817915370674e-06
wth,9.355817915370674e-06
alal,9.355817915370674e-06
juhn,9.355817915370674e-06
wjr,9.355817915370674e-06
russian,9.355817915370674e-06
rrj,9.355817915370674e-06
cak,9.355817915370674e-06
cad,9.355817915370674e-06
woi,9.355817915370674e-06
randolph,9.355817915370674e-06
eof,9.355817915370674e-06
brunner,9.355817915370674e-06
mpo,9.355817915370674e-06
changer,9.355817915370674e-06
cab,9.355817915370674e-06
qyi,9.355817915370674e-06
npa,9.355817915370674e-06
dubious,9.355817915370674e-06
veiy,9.355817915370674e-06
qsl,9.355817915370674e-06
futia,9.355817915370674e-06
vgi,9.355817915370674e-06
finitehorizon,9.355817915370674e-06
fictiti,9.355817915370674e-06
ltz,9.355817915370674e-06
unfavor,9.355817915370674e-06
nonsens,9.355817915370674e-06
reviv,9.355817915370674e-06
uno,9.355817915370674e-06
signif,9.355817915370674e-06
compustat,9.355817915370674e-06
blough,9.355817915370674e-06
renumb,9.355817915370674e-06
sxs,9.355817915370674e-06
afc,9.355817915370674e-06
hss,9.355817915370674e-06
multiplicand,9.355817915370674e-06
toe,9.355817915370674e-06
bra,9.355817915370674e-06
gfl,9.355817915370674e-06
manpow,9.355817915370674e-06
poincar,9.355817915370674e-06
dle,9.355817915370674e-06
hereinaft,9.355817915370674e-06
hst,9.355817915370674e-06
champaign,9.355817915370674e-06
ogo,9.355817915370674e-06
karl,9.355817915370674e-06
aof,9.355817915370674e-06
enriqu,9.355817915370674e-06
yjx,9.355817915370674e-06
unnatur,9.355817915370674e-06
hausmann,9.355817915370674e-06
lco,9.355817915370674e-06
mmn,9.355817915370674e-06
ypt,9.355817915370674e-06
blau,9.355817915370674e-06
ika,9.355817915370674e-06
oaj,9.355817915370674e-06
ywi,9.355817915370674e-06
sonal,9.355817915370674e-06
vks,9.355817915370674e-06
herbert,9.355817915370674e-06
stieltj,9.355817915370674e-06
nonfarm,9.355817915370674e-06
fka,9.355817915370674e-06
anan,9.355817915370674e-06
rjv,9.355817915370674e-06
xof,9.355817915370674e-06
gkt,9.355817915370674e-06
dfw,9.355817915370674e-06
brigham,9.355817915370674e-06
pzp,9.355817915370674e-06
gad,9.355817915370674e-06
compt,9.355817915370674e-06
xavier,9.355817915370674e-06
hurst,9.355817915370674e-06
maital,9.355817915370674e-06
logo,9.355817915370674e-06
layard,9.355817915370674e-06
qfn,9.355817915370674e-06
cartel,9.355817915370674e-06
palgrav,9.355817915370674e-06
processus,9.355817915370674e-06
sjs,9.355817915370674e-06
rsr,9.355817915370674e-06
iun,9.355817915370674e-06
fda,9.355817915370674e-06
foresight,9.355817915370674e-06
liver,9.355817915370674e-06
partici,9.355817915370674e-06
dic,9.355817915370674e-06
gax,9.355817915370674e-06
subclassif,9.355817915370674e-06
dodo,9.355817915370674e-06
plagu,9.355817915370674e-06
vvj,9.355817915370674e-06
rfl,9.355817915370674e-06
orlando,9.355817915370674e-06
substitu,9.355817915370674e-06
xoa,9.355817915370674e-06
jrg,9.355817915370674e-06
uay,9.355817915370674e-06
eqr,9.355817915370674e-06
pef,9.355817915370674e-06
asc,9.355817915370674e-06
dcx,9.355817915370674e-06
stepfunct,9.355817915370674e-06
hinder,9.355817915370674e-06
nji,9.355817915370674e-06
gousli,9.355817915370674e-06
choo,9.355817915370674e-06
ssri,9.355817915370674e-06
uiz,9.355817915370674e-06
team,9.355817915370674e-06
djk,9.355817915370674e-06
gji,9.355817915370674e-06
ozler,9.355817915370674e-06
ead,9.355817915370674e-06
lns,9.355817915370674e-06
rbo,9.355817915370674e-06
vian,9.355817915370674e-06
jfl,9.355817915370674e-06
batteri,9.355817915370674e-06
uiv,9.355817915370674e-06
cnr,9.355817915370674e-06
nni,9.355817915370674e-06
inx,9.355817915370674e-06
flw,9.355817915370674e-06
pun,9.355817915370674e-06
tos,9.355817915370674e-06
fsf,9.355817915370674e-06
tib,9.355817915370674e-06
merton,9.355817915370674e-06
medicin,9.355817915370674e-06
gft,9.355817915370674e-06
compl,9.355817915370674e-06
rtf,9.355817915370674e-06
tab,9.355817915370674e-06
ceas,9.355817915370674e-06
tff,9.355817915370674e-06
axax,9.355817915370674e-06
keller,9.355817915370674e-06
determina,9.355817915370674e-06
ctq,9.355817915370674e-06
mainder,9.355817915370674e-06
iru,9.355817915370674e-06
gpo,9.355817915370674e-06
etxt,9.355817915370674e-06
hartog,9.355817915370674e-06
tivari,9.355817915370674e-06
lifecycl,9.355817915370674e-06
sid,9.355817915370674e-06
geneva,9.355817915370674e-06
ethnic,9.355817915370674e-06
rical,9.355817915370674e-06
solvenc,9.355817915370674e-06
krk,9.355817915370674e-06
cfa,9.355817915370674e-06
wax,9.355817915370674e-06
yiu,9.355817915370674e-06
tnk,9.355817915370674e-06
xlog,9.355817915370674e-06
uik,9.355817915370674e-06
profess,9.355817915370674e-06
uta,9.355817915370674e-06
larri,9.355817915370674e-06
stepup,9.355817915370674e-06
clz,9.355817915370674e-06
rjr,9.355817915370674e-06
otq,9.355817915370674e-06
addison,9.355817915370674e-06
xon,9.355817915370674e-06
macroeconomist,9.355817915370674e-06
ymn,9.355817915370674e-06
imax,9.355817915370674e-06
diat,9.355817915370674e-06
hjx,9.355817915370674e-06
ftc,9.355817915370674e-06
lak,9.355817915370674e-06
excit,9.355817915370674e-06
xyy,9.355817915370674e-06
gon,9.355817915370674e-06
extremevalu,9.355817915370674e-06
kzi,9.355817915370674e-06
hassler,9.355817915370674e-06
nev,9.355817915370674e-06
provement,9.355817915370674e-06
giz,9.355817915370674e-06
iul,9.355817915370674e-06
fte,9.355817915370674e-06
metal,9.355817915370674e-06
alit,9.355817915370674e-06
dlm,9.355817915370674e-06
unmodifi,9.355817915370674e-06
taxpay,9.355817915370674e-06
primont,9.355817915370674e-06
assembl,9.355817915370674e-06
walrasian,9.355817915370674e-06
nondegen,9.355817915370674e-06
estimn,9.355817915370674e-06
sif,9.355817915370674e-06
cbi,9.355817915370674e-06
tpj,9.355817915370674e-06
entiat,9.355817915370674e-06
strang,9.355817915370674e-06
imf,9.355817915370674e-06
sco,9.355817915370674e-06
fiq,9.355817915370674e-06
klj,9.355817915370674e-06
jqj,9.355817915370674e-06
meric,9.355817915370674e-06
spencer,9.355817915370674e-06
fjn,9.355817915370674e-06
fas,9.355817915370674e-06
watanab,9.355817915370674e-06
zot,9.355817915370674e-06
readabl,9.355817915370674e-06
ivvi,9.355817915370674e-06
gai,9.355817915370674e-06
inci,9.355817915370674e-06
ogl,9.355817915370674e-06
crsp,9.355817915370674e-06
ged,9.355817915370674e-06
longstand,9.355817915370674e-06
qian,9.355817915370674e-06
lieu,9.355817915370674e-06
dwell,9.355817915370674e-06
kvt,9.355817915370674e-06
ofv,9.355817915370674e-06
centil,9.355817915370674e-06
frydman,9.355817915370674e-06
rpq,9.355817915370674e-06
national,9.355817915370674e-06
fof,9.355817915370674e-06
gvt,9.355817915370674e-06
ost,9.355817915370674e-06
itat,9.355817915370674e-06
satterthwait,9.355817915370674e-06
actuari,9.355817915370674e-06
hfh,9.355817915370674e-06
unsolv,9.355817915370674e-06
riz,9.355817915370674e-06
methodist,9.355817915370674e-06
ywt,9.355817915370674e-06
chn,9.355817915370674e-06
livestock,9.355817915370674e-06
monica,9.355817915370674e-06
disconti,9.355817915370674e-06
markus,9.355817915370674e-06
andreoni,9.355817915370674e-06
bbs,9.355817915370674e-06
optimis,9.355817915370674e-06
coordinatewis,9.355817915370674e-06
ynx,9.355817915370674e-06
physicaverlag,9.355817915370674e-06
bernardo,9.355817915370674e-06
imparti,9.355817915370674e-06
rsi,9.355817915370674e-06
jay,9.355817915370674e-06
semiord,9.355817915370674e-06
califor,9.355817915370674e-06
rtb,9.355817915370674e-06
locus,9.355817915370674e-06
naval,9.355817915370674e-06
lrp,9.355817915370674e-06
htk,9.355817915370674e-06
vnk,9.355817915370674e-06
rip,9.355817915370674e-06
flip,9.355817915370674e-06
water,9.355817915370674e-06
imize,9.355817915370674e-06
mink,9.355817915370674e-06
llz,9.355817915370674e-06
primer,9.355817915370674e-06
windfal,9.355817915370674e-06
gtk,9.355817915370674e-06
send,9.355817915370674e-06
rec,9.355817915370674e-06
twentieth,9.355817915370674e-06
vate,9.355817915370674e-06
dra,9.355817915370674e-06
altug,9.355817915370674e-06
paneldata,9.355817915370674e-06
ttq,9.355817915370674e-06
aec,9.355817915370674e-06
bor,9.355817915370674e-06
lcl,9.355817915370674e-06
czi,9.355817915370674e-06
pedagog,9.355817915370674e-06
atten,9.355817915370674e-06
qnj,9.355817915370674e-06
ireland,9.355817915370674e-06
alf,9.355817915370674e-06
pff,9.355817915370674e-06
bvi,9.355817915370674e-06
abel,9.355817915370674e-06
anywher,9.355817915370674e-06
thor,9.355817915370674e-06
jto,9.355817915370674e-06
unpredict,9.355817915370674e-06
bose,9.355817915370674e-06
fav,9.355817915370674e-06
tyo,9.355817915370674e-06
lebaron,9.355817915370674e-06
klm,9.355817915370674e-06
antisymmetr,9.355817915370674e-06
cipal,9.355817915370674e-06
pjs,9.355817915370674e-06
papel,9.355817915370674e-06
aql,9.355817915370674e-06
nonpar,9.355817915370674e-06
cede,9.355817915370674e-06
akb,9.355817915370674e-06
eaz,9.355817915370674e-06
bldg,9.355817915370674e-06
nordhaus,9.355817915370674e-06
meanpreserv,9.355817915370674e-06
jki,9.355817915370674e-06
macromodel,9.355817915370674e-06
aev,9.355817915370674e-06
hod,9.355817915370674e-06
weyl,9.355817915370674e-06
rei,9.355817915370674e-06
ious,9.355817915370674e-06
yco,9.355817915370674e-06
terenc,9.355817915370674e-06
unsuccess,9.355817915370674e-06
ytv,9.355817915370674e-06
oalgebra,9.355817915370674e-06
zoz,9.355817915370674e-06
rfx,9.355817915370674e-06
tupl,9.355817915370674e-06
fwt,9.355817915370674e-06
deb,9.355817915370674e-06
frf,9.355817915370674e-06
amster,9.355817915370674e-06
wtl,9.355817915370674e-06
januaryapril,9.355817915370674e-06
igo,9.355817915370674e-06
affili,9.355817915370674e-06
godley,9.355817915370674e-06
ypl,9.355817915370674e-06
immun,9.355817915370674e-06
ofl,9.355817915370674e-06
inu,9.355817915370674e-06
mqi,9.355817915370674e-06
dict,9.355817915370674e-06
wnl,9.355817915370674e-06
uln,9.355817915370674e-06
dci,9.355817915370674e-06
wfw,9.355817915370674e-06
nxo,9.355817915370674e-06
yarn,9.355817915370674e-06
inelast,9.355817915370674e-06
prc,9.355817915370674e-06
lds,9.355817915370674e-06
anil,9.355817915370674e-06
ralph,9.355817915370674e-06
lhospit,9.355817915370674e-06
junction,9.355817915370674e-06
mao,9.355817915370674e-06
txo,9.355817915370674e-06
ula,9.355817915370674e-06
interfer,9.355817915370674e-06
efr,9.355817915370674e-06
plj,9.355817915370674e-06
manhour,9.355817915370674e-06
guilder,9.355817915370674e-06
efa,9.355817915370674e-06
ifv,9.355817915370674e-06
ning,9.355817915370674e-06
uuo,9.355817915370674e-06
diago,9.355817915370674e-06
zjl,9.355817915370674e-06
hopeless,9.355817915370674e-06
rqr,9.355817915370674e-06
hob,9.355817915370674e-06
yid,9.355817915370674e-06
flatten,9.355817915370674e-06
aww,9.355817915370674e-06
tradi,9.355817915370674e-06
followup,9.355817915370674e-06
epsilon,9.355817915370674e-06
kaplan,9.355817915370674e-06
wife,9.355817915370674e-06
lemmata,9.355817915370674e-06
ogous,9.355817915370674e-06
anchor,9.355817915370674e-06
icx,9.355817915370674e-06
whinston,9.355817915370674e-06
pbl,9.355817915370674e-06
ffj,9.355817915370674e-06
kessler,9.355817915370674e-06
cpp,9.355817915370674e-06
teststatist,9.355817915370674e-06
dpg,9.355817915370674e-06
beth,9.355817915370674e-06
jul,9.355817915370674e-06
guo,9.355817915370674e-06
rappoport,9.355817915370674e-06
substanc,9.355817915370674e-06
antoin,9.355817915370674e-06
haa,9.355817915370674e-06
bjb,9.355817915370674e-06
paq,9.355817915370674e-06
cand,9.355817915370674e-06
enz,9.355817915370674e-06
nlm,9.355817915370674e-06
farka,9.355817915370674e-06
unwieldi,9.355817915370674e-06
qih,9.355817915370674e-06
jlt,9.355817915370674e-06
dnn,8.50528901397334e-06
ijm,8.50528901397334e-06
ydx,8.50528901397334e-06
ybt,8.50528901397334e-06
viai,8.50528901397334e-06
dxn,8.50528901397334e-06
orig,8.50528901397334e-06
nonconverg,8.50528901397334e-06
ministri,8.50528901397334e-06
lpx,8.50528901397334e-06
wow,8.50528901397334e-06
sticerd,8.50528901397334e-06
pho,8.50528901397334e-06
jei,8.50528901397334e-06
dunbar,8.50528901397334e-06
vof,8.50528901397334e-06
zon,8.50528901397334e-06
ras,8.50528901397334e-06
wool,8.50528901397334e-06
koi,8.50528901397334e-06
gametheoret,8.50528901397334e-06
esr,8.50528901397334e-06
melbourn,8.50528901397334e-06
glg,8.50528901397334e-06
ipq,8.50528901397334e-06
erratum,8.50528901397334e-06
xlr,8.50528901397334e-06
sjc,8.50528901397334e-06
ccj,8.50528901397334e-06
tabular,8.50528901397334e-06
walsh,8.50528901397334e-06
farrar,8.50528901397334e-06
delong,8.50528901397334e-06
kvi,8.50528901397334e-06
tgi,8.50528901397334e-06
kkj,8.50528901397334e-06
tverski,8.50528901397334e-06
tmn,8.50528901397334e-06
fcar,8.50528901397334e-06
ojl,8.50528901397334e-06
analyti,8.50528901397334e-06
goi,8.50528901397334e-06
bray,8.50528901397334e-06
terribl,8.50528901397334e-06
xwi,8.50528901397334e-06
riod,8.50528901397334e-06
dbt,8.50528901397334e-06
drs,8.50528901397334e-06
qwi,8.50528901397334e-06
oiy,8.50528901397334e-06
enk,8.50528901397334e-06
elj,8.50528901397334e-06
coauthor,8.50528901397334e-06
plr,8.50528901397334e-06
jsi,8.50528901397334e-06
fmt,8.50528901397334e-06
zigzag,8.50528901397334e-06
hemispher,8.50528901397334e-06
lib,8.50528901397334e-06
profound,8.50528901397334e-06
klx,8.50528901397334e-06
cha,8.50528901397334e-06
oik,8.50528901397334e-06
tifiabl,8.50528901397334e-06
policyrelev,8.50528901397334e-06
ficult,8.50528901397334e-06
pbc,8.50528901397334e-06
cournot,8.50528901397334e-06
ftdt,8.50528901397334e-06
anyon,8.50528901397334e-06
pct,8.50528901397334e-06
mullin,8.50528901397334e-06
xkj,8.50528901397334e-06
vxv,8.50528901397334e-06
doa,8.50528901397334e-06
jrj,8.50528901397334e-06
bif,8.50528901397334e-06
petroleum,8.50528901397334e-06
propag,8.50528901397334e-06
mecha,8.50528901397334e-06
halmo,8.50528901397334e-06
scrutini,8.50528901397334e-06
klu,8.50528901397334e-06
macdonald,8.50528901397334e-06
mcmaster,8.50528901397334e-06
dada,8.50528901397334e-06
wall,8.50528901397334e-06
vla,8.50528901397334e-06
rko,8.50528901397334e-06
participa,8.50528901397334e-06
tinguish,8.50528901397334e-06
neiti,8.50528901397334e-06
jjt,8.50528901397334e-06
rfo,8.50528901397334e-06
tirl,8.50528901397334e-06
chestnut,8.50528901397334e-06
rma,8.50528901397334e-06
cnd,8.50528901397334e-06
zfl,8.50528901397334e-06
endeavor,8.50528901397334e-06
eiei,8.50528901397334e-06
sfl,8.50528901397334e-06
jen,8.50528901397334e-06
ier,8.50528901397334e-06
dvo,8.50528901397334e-06
gio,8.50528901397334e-06
besley,8.50528901397334e-06
dnj,8.50528901397334e-06
dura,8.50528901397334e-06
iiti,8.50528901397334e-06
vlo,8.50528901397334e-06
npt,8.50528901397334e-06
shoe,8.50528901397334e-06
vincent,8.50528901397334e-06
ajv,8.50528901397334e-06
williamson,8.50528901397334e-06
wagepric,8.50528901397334e-06
dpk,8.50528901397334e-06
rerun,8.50528901397334e-06
nathan,8.50528901397334e-06
wrl,8.50528901397334e-06
utm,8.50528901397334e-06
xfp,8.50528901397334e-06
bologna,8.50528901397334e-06
tex,8.50528901397334e-06
della,8.50528901397334e-06
gotten,8.50528901397334e-06
utp,8.50528901397334e-06
boulder,8.50528901397334e-06
dnd,8.50528901397334e-06
unattain,8.50528901397334e-06
apw,8.50528901397334e-06
withinst,8.50528901397334e-06
tucker,8.50528901397334e-06
escap,8.50528901397334e-06
foro,8.50528901397334e-06
rue,8.50528901397334e-06
compil,8.50528901397334e-06
gss,8.50528901397334e-06
nism,8.50528901397334e-06
rgr,8.50528901397334e-06
vui,8.50528901397334e-06
nonrespond,8.50528901397334e-06
arb,8.50528901397334e-06
leonid,8.50528901397334e-06
imal,8.50528901397334e-06
illa,8.50528901397334e-06
roi,8.50528901397334e-06
accom,8.50528901397334e-06
atic,8.50528901397334e-06
pya,8.50528901397334e-06
telephon,8.50528901397334e-06
gether,8.50528901397334e-06
elder,8.50528901397334e-06
wjw,8.50528901397334e-06
itii,8.50528901397334e-06
aerospac,8.50528901397334e-06
icontinu,8.50528901397334e-06
rize,8.50528901397334e-06
oscar,8.50528901397334e-06
axn,8.50528901397334e-06
lfo,8.50528901397334e-06
rous,8.50528901397334e-06
ero,8.50528901397334e-06
cms,8.50528901397334e-06
sla,8.50528901397334e-06
hanson,8.50528901397334e-06
sda,8.50528901397334e-06
semiannu,8.50528901397334e-06
iay,8.50528901397334e-06
degen,8.50528901397334e-06
cfl,8.50528901397334e-06
concomit,8.50528901397334e-06
vie,8.50528901397334e-06
betancourt,8.50528901397334e-06
ingersol,8.50528901397334e-06
zst,8.50528901397334e-06
vfe,8.50528901397334e-06
tivat,8.50528901397334e-06
aag,8.50528901397334e-06
hav,8.50528901397334e-06
gan,8.50528901397334e-06
cki,8.50528901397334e-06
suspicion,8.50528901397334e-06
mike,8.50528901397334e-06
ald,8.50528901397334e-06
srr,8.50528901397334e-06
sdr,8.50528901397334e-06
fixi,8.50528901397334e-06
npx,8.50528901397334e-06
traction,8.50528901397334e-06
org,8.50528901397334e-06
diseas,8.50528901397334e-06
disagre,8.50528901397334e-06
nection,8.50528901397334e-06
kantorovich,8.50528901397334e-06
elv,8.50528901397334e-06
oxl,8.50528901397334e-06
afh,8.50528901397334e-06
pcx,8.50528901397334e-06
tjr,8.50528901397334e-06
bradley,8.50528901397334e-06
dvl,8.50528901397334e-06
chil,8.50528901397334e-06
nition,8.50528901397334e-06
realm,8.50528901397334e-06
campus,8.50528901397334e-06
pump,8.50528901397334e-06
accident,8.50528901397334e-06
adu,8.50528901397334e-06
fang,8.50528901397334e-06
dsd,8.50528901397334e-06
centag,8.50528901397334e-06
narrowli,8.50528901397334e-06
mora,8.50528901397334e-06
xpl,8.50528901397334e-06
eag,8.50528901397334e-06
devi,8.50528901397334e-06
priceset,8.50528901397334e-06
joumnal,8.50528901397334e-06
bmm,8.50528901397334e-06
pitt,8.50528901397334e-06
aih,8.50528901397334e-06
biy,8.50528901397334e-06
rdl,8.50528901397334e-06
xay,8.50528901397334e-06
mrl,8.50528901397334e-06
ilr,8.50528901397334e-06
customarili,8.50528901397334e-06
outward,8.50528901397334e-06
nega,8.50528901397334e-06
mcr,8.50528901397334e-06
nontechn,8.50528901397334e-06
primal,8.50528901397334e-06
cyl,8.50528901397334e-06
frp,8.50528901397334e-06
mcp,8.50528901397334e-06
ajq,8.50528901397334e-06
appl,8.50528901397334e-06
biostatist,8.50528901397334e-06
heteroscedasticityconsist,8.50528901397334e-06
oho,8.50528901397334e-06
lbi,8.50528901397334e-06
ariti,8.50528901397334e-06
tzl,8.50528901397334e-06
gee,8.50528901397334e-06
plexiti,8.50528901397334e-06
eah,8.50528901397334e-06
stokey,8.50528901397334e-06
dda,8.50528901397334e-06
tfk,8.50528901397334e-06
contem,8.50528901397334e-06
mco,8.50528901397334e-06
vfv,8.50528901397334e-06
xvi,8.50528901397334e-06
rnc,8.50528901397334e-06
khi,8.50528901397334e-06
ikp,8.50528901397334e-06
disabl,8.50528901397334e-06
ltf,8.50528901397334e-06
czc,8.50528901397334e-06
feasi,8.50528901397334e-06
gip,8.50528901397334e-06
lauren,8.50528901397334e-06
agj,8.50528901397334e-06
byl,8.50528901397334e-06
spivak,8.50528901397334e-06
cxo,8.50528901397334e-06
dou,8.50528901397334e-06
unapp,8.50528901397334e-06
biii,8.50528901397334e-06
unfamiliar,8.50528901397334e-06
xxv,8.50528901397334e-06
rci,8.50528901397334e-06
thirteen,8.50528901397334e-06
jag,8.50528901397334e-06
vap,8.50528901397334e-06
ubu,8.50528901397334e-06
pfz,8.50528901397334e-06
awl,8.50528901397334e-06
teenag,8.50528901397334e-06
maxv,8.50528901397334e-06
itit,8.50528901397334e-06
yal,8.50528901397334e-06
generaliz,8.50528901397334e-06
prolifer,8.50528901397334e-06
aman,8.50528901397334e-06
citat,8.50528901397334e-06
indica,8.50528901397334e-06
jjo,8.50528901397334e-06
vfr,8.50528901397334e-06
fleme,8.50528901397334e-06
dwo,8.50528901397334e-06
jkk,8.50528901397334e-06
rsl,8.50528901397334e-06
partment,8.50528901397334e-06
ref,8.50528901397334e-06
siu,8.50528901397334e-06
subfamili,8.50528901397334e-06
krieger,8.50528901397334e-06
lhl,8.50528901397334e-06
rae,8.50528901397334e-06
apf,8.50528901397334e-06
advisor,8.50528901397334e-06
iox,8.50528901397334e-06
pja,8.50528901397334e-06
tinu,8.50528901397334e-06
eoj,8.50528901397334e-06
erabl,8.50528901397334e-06
implemen,8.50528901397334e-06
pani,8.50528901397334e-06
motor,8.50528901397334e-06
cow,8.50528901397334e-06
surabl,8.50528901397334e-06
ima,8.50528901397334e-06
foj,8.50528901397334e-06
nonsynchron,8.50528901397334e-06
discountr,8.50528901397334e-06
oid,8.50528901397334e-06
xcl,8.50528901397334e-06
eir,8.50528901397334e-06
epe,8.50528901397334e-06
rmt,8.50528901397334e-06
productspecif,8.50528901397334e-06
slr,8.50528901397334e-06
zih,8.50528901397334e-06
avj,8.50528901397334e-06
znn,8.50528901397334e-06
dab,8.50528901397334e-06
axw,8.50528901397334e-06
clp,8.50528901397334e-06
louvainlaneuv,8.50528901397334e-06
diff,8.50528901397334e-06
chichest,8.50528901397334e-06
fow,8.50528901397334e-06
tyj,8.50528901397334e-06
alh,8.50528901397334e-06
collardwexl,8.50528901397334e-06
nee,8.50528901397334e-06
zdt,8.50528901397334e-06
precursor,8.50528901397334e-06
mcclelland,8.50528901397334e-06
pul,8.50528901397334e-06
cjc,8.50528901397334e-06
omo,8.50528901397334e-06
cns,8.50528901397334e-06
fnf,8.50528901397334e-06
writ,8.50528901397334e-06
spring,8.50528901397334e-06
fle,8.50528901397334e-06
xqt,8.50528901397334e-06
complica,8.50528901397334e-06
pif,8.50528901397334e-06
periodspecif,8.50528901397334e-06
frr,8.50528901397334e-06
voc,8.50528901397334e-06
rpt,8.50528901397334e-06
winsor,8.50528901397334e-06
caplin,8.50528901397334e-06
bianchi,8.50528901397334e-06
align,8.50528901397334e-06
sitiv,8.50528901397334e-06
tine,8.50528901397334e-06
eighteen,8.50528901397334e-06
qts,8.50528901397334e-06
kagel,8.50528901397334e-06
blackorbi,8.50528901397334e-06
draper,8.50528901397334e-06
qap,8.50528901397334e-06
ort,8.50528901397334e-06
ooc,8.50528901397334e-06
canova,8.50528901397334e-06
uyi,8.50528901397334e-06
wlx,8.50528901397334e-06
surrog,8.50528901397334e-06
bkl,8.50528901397334e-06
vam,8.50528901397334e-06
fsi,8.50528901397334e-06
onethird,8.50528901397334e-06
wfi,8.50528901397334e-06
pib,8.50528901397334e-06
vyl,8.50528901397334e-06
stabiliz,8.50528901397334e-06
noncontinu,8.50528901397334e-06
ftg,8.50528901397334e-06
probt,8.50528901397334e-06
emn,8.50528901397334e-06
mpt,8.50528901397334e-06
dtl,8.50528901397334e-06
fut,8.50528901397334e-06
azj,8.50528901397334e-06
denton,8.50528901397334e-06
qtq,8.50528901397334e-06
akj,8.50528901397334e-06
lnh,8.50528901397334e-06
hyperinfl,8.50528901397334e-06
xab,8.50528901397334e-06
qft,8.50528901397334e-06
acta,8.50528901397334e-06
plk,8.50528901397334e-06
sink,8.50528901397334e-06
llc,8.50528901397334e-06
chakraborti,8.50528901397334e-06
mji,8.50528901397334e-06
boulevard,8.50528901397334e-06
alessandro,8.50528901397334e-06
tand,8.50528901397334e-06
ceq,8.50528901397334e-06
syn,8.50528901397334e-06
oxj,8.50528901397334e-06
fck,8.50528901397334e-06
ipf,8.50528901397334e-06
laura,8.50528901397334e-06
colinear,8.50528901397334e-06
chuck,8.50528901397334e-06
transi,8.50528901397334e-06
crop,8.50528901397334e-06
flect,8.50528901397334e-06
elm,8.50528901397334e-06
subsidiari,8.50528901397334e-06
etyt,8.50528901397334e-06
gwt,8.50528901397334e-06
viation,8.50528901397334e-06
dyy,8.50528901397334e-06
wmi,8.50528901397334e-06
qfj,8.50528901397334e-06
tjs,8.50528901397334e-06
andfor,8.50528901397334e-06
irvin,8.50528901397334e-06
hho,8.50528901397334e-06
ofj,8.50528901397334e-06
jkj,8.50528901397334e-06
gone,8.50528901397334e-06
enx,8.50528901397334e-06
alert,8.50528901397334e-06
supplysid,8.50528901397334e-06
unbounded,8.50528901397334e-06
ksk,8.50528901397334e-06
aaq,8.50528901397334e-06
matia,8.50528901397334e-06
xxp,8.50528901397334e-06
eoe,8.50528901397334e-06
ypo,8.50528901397334e-06
eaf,8.50528901397334e-06
african,8.50528901397334e-06
htp,8.50528901397334e-06
treatis,8.50528901397334e-06
reconcili,8.50528901397334e-06
orj,8.50528901397334e-06
ayay,8.50528901397334e-06
waj,8.50528901397334e-06
qmi,8.50528901397334e-06
thie,8.50528901397334e-06
unidirect,8.50528901397334e-06
fnj,8.50528901397334e-06
defens,8.50528901397334e-06
cfj,8.50528901397334e-06
autonomi,8.50528901397334e-06
wxt,8.50528901397334e-06
inclin,8.50528901397334e-06
gis,8.50528901397334e-06
jvt,8.50528901397334e-06
lustrat,8.50528901397334e-06
jpl,8.50528901397334e-06
bsb,8.50528901397334e-06
szi,8.50528901397334e-06
ekl,8.50528901397334e-06
mrt,8.50528901397334e-06
dej,8.50528901397334e-06
loh,8.50528901397334e-06
xaj,8.50528901397334e-06
dwyer,8.50528901397334e-06
avv,8.50528901397334e-06
agnostic,8.50528901397334e-06
vav,8.50528901397334e-06
nix,8.50528901397334e-06
toolbox,8.50528901397334e-06
interperson,8.50528901397334e-06
ellickson,8.50528901397334e-06
uncomfort,8.50528901397334e-06
irz,8.50528901397334e-06
moditi,8.50528901397334e-06
fko,8.50528901397334e-06
jvi,8.50528901397334e-06
noa,8.50528901397334e-06
ajh,8.50528901397334e-06
arat,8.50528901397334e-06
travers,8.50528901397334e-06
pinpoint,8.50528901397334e-06
covf,8.50528901397334e-06
ericson,8.50528901397334e-06
gkk,8.50528901397334e-06
frn,8.50528901397334e-06
iren,8.50528901397334e-06
wilcox,8.50528901397334e-06
zap,8.50528901397334e-06
rvi,8.50528901397334e-06
crimin,8.50528901397334e-06
timeconsum,8.50528901397334e-06
anomal,8.50528901397334e-06
loosen,8.50528901397334e-06
httpwwweconometricsocietyorgecta,8.50528901397334e-06
mfl,8.50528901397334e-06
vzz,8.50528901397334e-06
gla,8.50528901397334e-06
jis,8.50528901397334e-06
vtu,8.50528901397334e-06
jcs,8.50528901397334e-06
mediums,8.50528901397334e-06
pee,8.50528901397334e-06
lectiv,8.50528901397334e-06
rbi,8.50528901397334e-06
estimatesa,8.50528901397334e-06
xmax,8.50528901397334e-06
etz,8.50528901397334e-06
elu,8.50528901397334e-06
kip,8.50528901397334e-06
econiometrica,8.50528901397334e-06
rpo,8.50528901397334e-06
pwj,8.50528901397334e-06
hib,8.50528901397334e-06
ola,8.50528901397334e-06
estat,8.50528901397334e-06
whatsoev,8.50528901397334e-06
mariz,8.50528901397334e-06
zir,8.50528901397334e-06
nolog,8.50528901397334e-06
pivi,8.50528901397334e-06
dfj,8.50528901397334e-06
rsp,8.50528901397334e-06
doublelog,8.50528901397334e-06
digress,8.50528901397334e-06
lxa,8.50528901397334e-06
lans,8.50528901397334e-06
wherey,8.50528901397334e-06
outlet,8.50528901397334e-06
gyl,8.50528901397334e-06
liq,8.50528901397334e-06
blinder,8.50528901397334e-06
jjs,8.50528901397334e-06
qrs,8.50528901397334e-06
zln,8.50528901397334e-06
nineteenth,8.50528901397334e-06
injuri,8.50528901397334e-06
acontinu,8.50528901397334e-06
vjk,8.50528901397334e-06
butler,8.50528901397334e-06
acj,8.50528901397334e-06
lpa,8.50528901397334e-06
qjo,7.654760112576005e-06
oyo,7.654760112576005e-06
ckt,7.654760112576005e-06
placement,7.654760112576005e-06
ike,7.654760112576005e-06
cursiv,7.654760112576005e-06
lls,7.654760112576005e-06
cult,7.654760112576005e-06
kon,7.654760112576005e-06
cob,7.654760112576005e-06
qual,7.654760112576005e-06
icn,7.654760112576005e-06
parabol,7.654760112576005e-06
harberg,7.654760112576005e-06
nif,7.654760112576005e-06
vmi,7.654760112576005e-06
medi,7.654760112576005e-06
rfa,7.654760112576005e-06
gst,7.654760112576005e-06
rqt,7.654760112576005e-06
taylorseri,7.654760112576005e-06
csl,7.654760112576005e-06
wyo,7.654760112576005e-06
piai,7.654760112576005e-06
terri,7.654760112576005e-06
alic,7.654760112576005e-06
thatf,7.654760112576005e-06
rod,7.654760112576005e-06
frk,7.654760112576005e-06
yaa,7.654760112576005e-06
unansw,7.654760112576005e-06
rxr,7.654760112576005e-06
beer,7.654760112576005e-06
neumey,7.654760112576005e-06
gonal,7.654760112576005e-06
qrt,7.654760112576005e-06
eig,7.654760112576005e-06
dpf,7.654760112576005e-06
guar,7.654760112576005e-06
jose,7.654760112576005e-06
hoe,7.654760112576005e-06
ole,7.654760112576005e-06
anci,7.654760112576005e-06
fbo,7.654760112576005e-06
necessar,7.654760112576005e-06
rjo,7.654760112576005e-06
bronwyn,7.654760112576005e-06
cpo,7.654760112576005e-06
ceil,7.654760112576005e-06
fhx,7.654760112576005e-06
fiom,7.654760112576005e-06
explic,7.654760112576005e-06
bln,7.654760112576005e-06
theni,7.654760112576005e-06
twoplay,7.654760112576005e-06
dxr,7.654760112576005e-06
evr,7.654760112576005e-06
bother,7.654760112576005e-06
lic,7.654760112576005e-06
nwn,7.654760112576005e-06
qik,7.654760112576005e-06
sugar,7.654760112576005e-06
wnn,7.654760112576005e-06
oro,7.654760112576005e-06
eem,7.654760112576005e-06
witt,7.654760112576005e-06
crm,7.654760112576005e-06
exn,7.654760112576005e-06
tlhe,7.654760112576005e-06
gelman,7.654760112576005e-06
almqvist,7.654760112576005e-06
nnx,7.654760112576005e-06
dar,7.654760112576005e-06
uto,7.654760112576005e-06
giorgio,7.654760112576005e-06
recog,7.654760112576005e-06
randomiza,7.654760112576005e-06
rainfal,7.654760112576005e-06
wfl,7.654760112576005e-06
dbl,7.654760112576005e-06
ajf,7.654760112576005e-06
fmn,7.654760112576005e-06
cour,7.654760112576005e-06
pollut,7.654760112576005e-06
angular,7.654760112576005e-06
whittak,7.654760112576005e-06
mfi,7.654760112576005e-06
rej,7.654760112576005e-06
pitl,7.654760112576005e-06
fnr,7.654760112576005e-06
dem,7.654760112576005e-06
cuse,7.654760112576005e-06
ayw,7.654760112576005e-06
iqj,7.654760112576005e-06
obj,7.654760112576005e-06
exti,7.654760112576005e-06
osc,7.654760112576005e-06
enr,7.654760112576005e-06
eev,7.654760112576005e-06
xej,7.654760112576005e-06
oor,7.654760112576005e-06
meltzer,7.654760112576005e-06
xjm,7.654760112576005e-06
inno,7.654760112576005e-06
lativ,7.654760112576005e-06
qdt,7.654760112576005e-06
pva,7.654760112576005e-06
conspicu,7.654760112576005e-06
manser,7.654760112576005e-06
wdi,7.654760112576005e-06
dos,7.654760112576005e-06
ucberkeley,7.654760112576005e-06
gregat,7.654760112576005e-06
iaf,7.654760112576005e-06
deepli,7.654760112576005e-06
lnm,7.654760112576005e-06
olj,7.654760112576005e-06
lbn,7.654760112576005e-06
caf,7.654760112576005e-06
bxb,7.654760112576005e-06
correspon,7.654760112576005e-06
xfor,7.654760112576005e-06
ifk,7.654760112576005e-06
mia,7.654760112576005e-06
rra,7.654760112576005e-06
televis,7.654760112576005e-06
brr,7.654760112576005e-06
bro,7.654760112576005e-06
avl,7.654760112576005e-06
cne,7.654760112576005e-06
lump,7.654760112576005e-06
xoc,7.654760112576005e-06
tss,7.654760112576005e-06
pju,7.654760112576005e-06
tbl,7.654760112576005e-06
yyj,7.654760112576005e-06
raton,7.654760112576005e-06
subsist,7.654760112576005e-06
princi,7.654760112576005e-06
deform,7.654760112576005e-06
xbb,7.654760112576005e-06
elz,7.654760112576005e-06
avn,7.654760112576005e-06
lpj,7.654760112576005e-06
hanushek,7.654760112576005e-06
wlw,7.654760112576005e-06
maxc,7.654760112576005e-06
higherlevel,7.654760112576005e-06
smn,7.654760112576005e-06
hoboken,7.654760112576005e-06
nize,7.654760112576005e-06
ste,7.654760112576005e-06
thth,7.654760112576005e-06
biggest,7.654760112576005e-06
utz,7.654760112576005e-06
ldi,7.654760112576005e-06
burton,7.654760112576005e-06
fisherschultz,7.654760112576005e-06
zet,7.654760112576005e-06
akf,7.654760112576005e-06
hts,7.654760112576005e-06
sff,7.654760112576005e-06
ante,7.654760112576005e-06
apg,7.654760112576005e-06
vestment,7.654760112576005e-06
intak,7.654760112576005e-06
multitud,7.654760112576005e-06
dsge,7.654760112576005e-06
unl,7.654760112576005e-06
ibb,7.654760112576005e-06
pys,7.654760112576005e-06
ldp,7.654760112576005e-06
estinm,7.654760112576005e-06
meanwhil,7.654760112576005e-06
idx,7.654760112576005e-06
heat,7.654760112576005e-06
conserva,7.654760112576005e-06
onp,7.654760112576005e-06
nft,7.654760112576005e-06
exh,7.654760112576005e-06
uuu,7.654760112576005e-06
hqi,7.654760112576005e-06
leader,7.654760112576005e-06
pjf,7.654760112576005e-06
bxj,7.654760112576005e-06
devereux,7.654760112576005e-06
ecb,7.654760112576005e-06
jft,7.654760112576005e-06
alenc,7.654760112576005e-06
chord,7.654760112576005e-06
tariff,7.654760112576005e-06
woodford,7.654760112576005e-06
frost,7.654760112576005e-06
astronom,7.654760112576005e-06
theless,7.654760112576005e-06
kalbfleisch,7.654760112576005e-06
rap,7.654760112576005e-06
nst,7.654760112576005e-06
jxx,7.654760112576005e-06
nrj,7.654760112576005e-06
dydi,7.654760112576005e-06
cater,7.654760112576005e-06
bang,7.654760112576005e-06
kenkel,7.654760112576005e-06
vyi,7.654760112576005e-06
host,7.654760112576005e-06
fifi,7.654760112576005e-06
maxh,7.654760112576005e-06
ood,7.654760112576005e-06
abcd,7.654760112576005e-06
frobenius,7.654760112576005e-06
vjo,7.654760112576005e-06
toj,7.654760112576005e-06
apostol,7.654760112576005e-06
popi,7.654760112576005e-06
mer,7.654760112576005e-06
dna,7.654760112576005e-06
etrt,7.654760112576005e-06
provinc,7.654760112576005e-06
phx,7.654760112576005e-06
dun,7.654760112576005e-06
xvalu,7.654760112576005e-06
njo,7.654760112576005e-06
qpl,7.654760112576005e-06
rwa,7.654760112576005e-06
ven,7.654760112576005e-06
elb,7.654760112576005e-06
sedlacek,7.654760112576005e-06
nmt,7.654760112576005e-06
overflow,7.654760112576005e-06
ctp,7.654760112576005e-06
piecewiselinear,7.654760112576005e-06
eml,7.654760112576005e-06
jee,7.654760112576005e-06
ggi,7.654760112576005e-06
seventeen,7.654760112576005e-06
timepath,7.654760112576005e-06
qao,7.654760112576005e-06
uaa,7.654760112576005e-06
oar,7.654760112576005e-06
carr,7.654760112576005e-06
bpo,7.654760112576005e-06
fcc,7.654760112576005e-06
lrj,7.654760112576005e-06
penditur,7.654760112576005e-06
lbt,7.654760112576005e-06
fpf,7.654760112576005e-06
mend,7.654760112576005e-06
ppf,7.654760112576005e-06
vww,7.654760112576005e-06
lytic,7.654760112576005e-06
ncr,7.654760112576005e-06
flavor,7.654760112576005e-06
qpa,7.654760112576005e-06
nma,7.654760112576005e-06
cvi,7.654760112576005e-06
pak,7.654760112576005e-06
hno,7.654760112576005e-06
saul,7.654760112576005e-06
mile,7.654760112576005e-06
mri,7.654760112576005e-06
realism,7.654760112576005e-06
typograph,7.654760112576005e-06
versatil,7.654760112576005e-06
tbb,7.654760112576005e-06
cfo,7.654760112576005e-06
ooii,7.654760112576005e-06
xiq,7.654760112576005e-06
euz,7.654760112576005e-06
blum,7.654760112576005e-06
subpopula,7.654760112576005e-06
vtf,7.654760112576005e-06
nonindepend,7.654760112576005e-06
abf,7.654760112576005e-06
ortega,7.654760112576005e-06
atd,7.654760112576005e-06
nlo,7.654760112576005e-06
andt,7.654760112576005e-06
marketclear,7.654760112576005e-06
slx,7.654760112576005e-06
ikx,7.654760112576005e-06
uneven,7.654760112576005e-06
tsn,7.654760112576005e-06
blowup,7.654760112576005e-06
kramarz,7.654760112576005e-06
patterson,7.654760112576005e-06
xxk,7.654760112576005e-06
hic,7.654760112576005e-06
depar,7.654760112576005e-06
noncoop,7.654760112576005e-06
apap,7.654760112576005e-06
aoe,7.654760112576005e-06
qql,7.654760112576005e-06
threefold,7.654760112576005e-06
agp,7.654760112576005e-06
normalci,7.654760112576005e-06
yut,7.654760112576005e-06
await,7.654760112576005e-06
kpo,7.654760112576005e-06
oht,7.654760112576005e-06
wie,7.654760112576005e-06
georgia,7.654760112576005e-06
eastern,7.654760112576005e-06
kolm,7.654760112576005e-06
uninterest,7.654760112576005e-06
sonderforschungsbereich,7.654760112576005e-06
pwo,7.654760112576005e-06
ortho,7.654760112576005e-06
topa,7.654760112576005e-06
xxii,7.654760112576005e-06
fsl,7.654760112576005e-06
akr,7.654760112576005e-06
kpi,7.654760112576005e-06
atq,7.654760112576005e-06
statistik,7.654760112576005e-06
mcnee,7.654760112576005e-06
unpleas,7.654760112576005e-06
uzi,7.654760112576005e-06
ofr,7.654760112576005e-06
ojo,7.654760112576005e-06
awa,7.654760112576005e-06
syo,7.654760112576005e-06
tfs,7.654760112576005e-06
yam,7.654760112576005e-06
ppk,7.654760112576005e-06
centro,7.654760112576005e-06
bartik,7.654760112576005e-06
mogen,7.654760112576005e-06
forp,7.654760112576005e-06
hey,7.654760112576005e-06
dua,7.654760112576005e-06
cleric,7.654760112576005e-06
ifb,7.654760112576005e-06
theodor,7.654760112576005e-06
lill,7.654760112576005e-06
intellectu,7.654760112576005e-06
qjx,7.654760112576005e-06
fitzgerald,7.654760112576005e-06
stromsdorf,7.654760112576005e-06
iwl,7.654760112576005e-06
mcleod,7.654760112576005e-06
isj,7.654760112576005e-06
tlq,7.654760112576005e-06
iivi,7.654760112576005e-06
ach,7.654760112576005e-06
xct,7.654760112576005e-06
abp,7.654760112576005e-06
lof,7.654760112576005e-06
qpr,7.654760112576005e-06
tfx,7.654760112576005e-06
pfo,7.654760112576005e-06
liminari,7.654760112576005e-06
uyt,7.654760112576005e-06
vvx,7.654760112576005e-06
wolfer,7.654760112576005e-06
acp,7.654760112576005e-06
surpri,7.654760112576005e-06
sinha,7.654760112576005e-06
miao,7.654760112576005e-06
concaten,7.654760112576005e-06
uoo,7.654760112576005e-06
nonsampl,7.654760112576005e-06
joj,7.654760112576005e-06
etd,7.654760112576005e-06
recess,7.654760112576005e-06
ixc,7.654760112576005e-06
sdn,7.654760112576005e-06
wiz,7.654760112576005e-06
twoterm,7.654760112576005e-06
underperform,7.654760112576005e-06
wyt,7.654760112576005e-06
fzf,7.654760112576005e-06
uiti,7.654760112576005e-06
refrain,7.654760112576005e-06
eih,7.654760112576005e-06
sok,7.654760112576005e-06
dtdt,7.654760112576005e-06
jst,7.654760112576005e-06
happi,7.654760112576005e-06
interplay,7.654760112576005e-06
wholli,7.654760112576005e-06
cogley,7.654760112576005e-06
nonselect,7.654760112576005e-06
ifxi,7.654760112576005e-06
ecolog,7.654760112576005e-06
mwh,7.654760112576005e-06
clk,7.654760112576005e-06
hul,7.654760112576005e-06
gratitud,7.654760112576005e-06
newsprint,7.654760112576005e-06
xlix,7.654760112576005e-06
chou,7.654760112576005e-06
logan,7.654760112576005e-06
scad,7.654760112576005e-06
nob,7.654760112576005e-06
thl,7.654760112576005e-06
pvp,7.654760112576005e-06
vmp,7.654760112576005e-06
ekx,7.654760112576005e-06
bloomington,7.654760112576005e-06
pew,7.654760112576005e-06
jewel,7.654760112576005e-06
ivd,7.654760112576005e-06
lma,7.654760112576005e-06
rrc,7.654760112576005e-06
yiq,7.654760112576005e-06
pnpn,7.654760112576005e-06
rationaliz,7.654760112576005e-06
edo,7.654760112576005e-06
gag,7.654760112576005e-06
releas,7.654760112576005e-06
keyn,7.654760112576005e-06
dkx,7.654760112576005e-06
ilan,7.654760112576005e-06
ostens,7.654760112576005e-06
pme,7.654760112576005e-06
terpart,7.654760112576005e-06
sunk,7.654760112576005e-06
sik,7.654760112576005e-06
drn,7.654760112576005e-06
pft,7.654760112576005e-06
wiggin,7.654760112576005e-06
nax,7.654760112576005e-06
econonietrica,7.654760112576005e-06
broadband,7.654760112576005e-06
pressur,7.654760112576005e-06
kingston,7.654760112576005e-06
xxc,7.654760112576005e-06
aod,7.654760112576005e-06
ica,7.654760112576005e-06
ttd,7.654760112576005e-06
cxl,7.654760112576005e-06
cove,7.654760112576005e-06
xar,7.654760112576005e-06
olf,7.654760112576005e-06
varj,7.654760112576005e-06
wip,7.654760112576005e-06
macrovari,7.654760112576005e-06
pph,7.654760112576005e-06
boca,7.654760112576005e-06
oir,7.654760112576005e-06
qje,7.654760112576005e-06
vnm,7.654760112576005e-06
horioka,7.654760112576005e-06
dfn,7.654760112576005e-06
llm,7.654760112576005e-06
routledg,7.654760112576005e-06
mispric,7.654760112576005e-06
singledimension,7.654760112576005e-06
koa,7.654760112576005e-06
tttt,7.654760112576005e-06
universiteit,7.654760112576005e-06
rql,7.654760112576005e-06
bhi,7.654760112576005e-06
gnx,7.654760112576005e-06
exclu,7.654760112576005e-06
hlk,7.654760112576005e-06
itq,7.654760112576005e-06
shipment,7.654760112576005e-06
byj,7.654760112576005e-06
wrj,7.654760112576005e-06
flm,7.654760112576005e-06
oca,7.654760112576005e-06
birnbaum,7.654760112576005e-06
ctk,7.654760112576005e-06
budd,7.654760112576005e-06
andx,7.654760112576005e-06
pyj,7.654760112576005e-06
orlean,7.654760112576005e-06
mnc,7.654760112576005e-06
cid,7.654760112576005e-06
axh,7.654760112576005e-06
baa,7.654760112576005e-06
crw,7.654760112576005e-06
aberr,7.654760112576005e-06
usu,7.654760112576005e-06
zri,7.654760112576005e-06
fjv,7.654760112576005e-06
tok,7.654760112576005e-06
eer,7.654760112576005e-06
upx,7.654760112576005e-06
ark,7.654760112576005e-06
chooser,7.654760112576005e-06
miti,7.654760112576005e-06
houston,7.654760112576005e-06
txn,7.654760112576005e-06
indus,7.654760112576005e-06
hus,7.654760112576005e-06
wew,7.654760112576005e-06
gui,7.654760112576005e-06
intact,7.654760112576005e-06
inertia,7.654760112576005e-06
tenth,7.654760112576005e-06
revu,7.654760112576005e-06
smt,7.654760112576005e-06
ije,7.654760112576005e-06
theoy,7.654760112576005e-06
arkansa,7.654760112576005e-06
nineti,7.654760112576005e-06
pqx,7.654760112576005e-06
gln,7.654760112576005e-06
sop,7.654760112576005e-06
dsl,7.654760112576005e-06
emr,7.654760112576005e-06
extant,7.654760112576005e-06
vso,7.654760112576005e-06
bsj,7.654760112576005e-06
cyo,7.654760112576005e-06
bla,7.654760112576005e-06
genera,7.654760112576005e-06
modela,7.654760112576005e-06
jhi,7.654760112576005e-06
chiang,7.654760112576005e-06
miyazaki,7.654760112576005e-06
supermodular,7.654760112576005e-06
wor,7.654760112576005e-06
seim,7.654760112576005e-06
ahmad,7.654760112576005e-06
xoy,7.654760112576005e-06
mankiw,7.654760112576005e-06
oldest,7.654760112576005e-06
dixi,7.654760112576005e-06
dcs,7.654760112576005e-06
hrh,7.654760112576005e-06
higgin,7.654760112576005e-06
soest,7.654760112576005e-06
ius,7.654760112576005e-06
gent,7.654760112576005e-06
gestion,7.654760112576005e-06
brouwer,7.654760112576005e-06
mrn,7.654760112576005e-06
elimi,7.654760112576005e-06
logyi,7.654760112576005e-06
xpf,7.654760112576005e-06
parlanc,7.654760112576005e-06
natu,7.654760112576005e-06
fork,7.654760112576005e-06
kwk,7.654760112576005e-06
isd,7.654760112576005e-06
symptom,7.654760112576005e-06
cycleperman,7.654760112576005e-06
jjp,7.654760112576005e-06
nai,7.654760112576005e-06
ccn,7.654760112576005e-06
stn,7.654760112576005e-06
tegral,7.654760112576005e-06
rightsid,7.654760112576005e-06
methodol,7.654760112576005e-06
doc,7.654760112576005e-06
questionnair,7.654760112576005e-06
superset,7.654760112576005e-06
highschool,7.654760112576005e-06
gambl,7.654760112576005e-06
oqt,7.654760112576005e-06
qjl,7.654760112576005e-06
mission,7.654760112576005e-06
dkj,7.654760112576005e-06
steinberg,7.654760112576005e-06
oox,7.654760112576005e-06
sos,7.654760112576005e-06
sidestep,7.654760112576005e-06
aesthet,7.654760112576005e-06
cfc,7.654760112576005e-06
kro,7.654760112576005e-06
vkx,7.654760112576005e-06
oso,7.654760112576005e-06
hurd,7.654760112576005e-06
ulo,7.654760112576005e-06
fishman,7.654760112576005e-06
pizi,7.654760112576005e-06
sewel,7.654760112576005e-06
inhabit,7.654760112576005e-06
xrj,7.654760112576005e-06
realtim,7.654760112576005e-06
nond,7.654760112576005e-06
ptw,7.654760112576005e-06
byrd,7.654760112576005e-06
experimen,7.654760112576005e-06
timespecif,7.654760112576005e-06
vpt,7.654760112576005e-06
tsi,7.654760112576005e-06
jorg,7.654760112576005e-06
wasserman,7.654760112576005e-06
dismiss,7.654760112576005e-06
lor,7.654760112576005e-06
yul,7.654760112576005e-06
legisl,7.654760112576005e-06
faith,7.654760112576005e-06
suc,7.654760112576005e-06
unwis,7.654760112576005e-06
hinich,7.654760112576005e-06
pjl,7.654760112576005e-06
overburden,7.654760112576005e-06
benakiva,7.654760112576005e-06
dairi,7.654760112576005e-06
ruin,7.654760112576005e-06
lone,7.654760112576005e-06
pret,7.654760112576005e-06
diffu,7.654760112576005e-06
greec,7.654760112576005e-06
yaf,6.804231211178671e-06
dum,6.804231211178671e-06
cfor,6.804231211178671e-06
thr,6.804231211178671e-06
docu,6.804231211178671e-06
ceo,6.804231211178671e-06
ogt,6.804231211178671e-06
pam,6.804231211178671e-06
uss,6.804231211178671e-06
bartel,6.804231211178671e-06
vocat,6.804231211178671e-06
ilit,6.804231211178671e-06
riski,6.804231211178671e-06
subhead,6.804231211178671e-06
pcm,6.804231211178671e-06
sks,6.804231211178671e-06
htm,6.804231211178671e-06
cqc,6.804231211178671e-06
oui,6.804231211178671e-06
forev,6.804231211178671e-06
drk,6.804231211178671e-06
knife,6.804231211178671e-06
amd,6.804231211178671e-06
borderlin,6.804231211178671e-06
vka,6.804231211178671e-06
rto,6.804231211178671e-06
evit,6.804231211178671e-06
ign,6.804231211178671e-06
fitt,6.804231211178671e-06
orthog,6.804231211178671e-06
unperturb,6.804231211178671e-06
magil,6.804231211178671e-06
gruyter,6.804231211178671e-06
pric,6.804231211178671e-06
cmc,6.804231211178671e-06
iag,6.804231211178671e-06
ijb,6.804231211178671e-06
uxj,6.804231211178671e-06
iha,6.804231211178671e-06
liditi,6.804231211178671e-06
rte,6.804231211178671e-06
pdr,6.804231211178671e-06
inexact,6.804231211178671e-06
eap,6.804231211178671e-06
tru,6.804231211178671e-06
tpm,6.804231211178671e-06
inh,6.804231211178671e-06
nonsingleton,6.804231211178671e-06
ition,6.804231211178671e-06
quicker,6.804231211178671e-06
paf,6.804231211178671e-06
harrington,6.804231211178671e-06
ofp,6.804231211178671e-06
dqa,6.804231211178671e-06
legendr,6.804231211178671e-06
pod,6.804231211178671e-06
remuner,6.804231211178671e-06
tul,6.804231211178671e-06
lmi,6.804231211178671e-06
commonplac,6.804231211178671e-06
ofk,6.804231211178671e-06
qpq,6.804231211178671e-06
eiti,6.804231211178671e-06
schechtman,6.804231211178671e-06
hdi,6.804231211178671e-06
inw,6.804231211178671e-06
tfj,6.804231211178671e-06
wat,6.804231211178671e-06
surmount,6.804231211178671e-06
newman,6.804231211178671e-06
por,6.804231211178671e-06
northeast,6.804231211178671e-06
ren,6.804231211178671e-06
kpk,6.804231211178671e-06
ster,6.804231211178671e-06
nect,6.804231211178671e-06
lux,6.804231211178671e-06
dsj,6.804231211178671e-06
evw,6.804231211178671e-06
unnot,6.804231211178671e-06
cancer,6.804231211178671e-06
graw,6.804231211178671e-06
pjo,6.804231211178671e-06
propon,6.804231211178671e-06
fqo,6.804231211178671e-06
indet,6.804231211178671e-06
vko,6.804231211178671e-06
eke,6.804231211178671e-06
djx,6.804231211178671e-06
fej,6.804231211178671e-06
asv,6.804231211178671e-06
misinterpret,6.804231211178671e-06
vox,6.804231211178671e-06
tiw,6.804231211178671e-06
tcl,6.804231211178671e-06
gjc,6.804231211178671e-06
tih,6.804231211178671e-06
uki,6.804231211178671e-06
afv,6.804231211178671e-06
pna,6.804231211178671e-06
limz,6.804231211178671e-06
idio,6.804231211178671e-06
gaussseidel,6.804231211178671e-06
parkin,6.804231211178671e-06
uun,6.804231211178671e-06
oap,6.804231211178671e-06
hjt,6.804231211178671e-06
rectifi,6.804231211178671e-06
pha,6.804231211178671e-06
acad,6.804231211178671e-06
ixr,6.804231211178671e-06
wlo,6.804231211178671e-06
xea,6.804231211178671e-06
hanoch,6.804231211178671e-06
jrn,6.804231211178671e-06
chiefli,6.804231211178671e-06
evl,6.804231211178671e-06
xak,6.804231211178671e-06
infant,6.804231211178671e-06
xrz,6.804231211178671e-06
ttc,6.804231211178671e-06
fkc,6.804231211178671e-06
ware,6.804231211178671e-06
wtk,6.804231211178671e-06
void,6.804231211178671e-06
pej,6.804231211178671e-06
wileyintersci,6.804231211178671e-06
sna,6.804231211178671e-06
lthe,6.804231211178671e-06
abramson,6.804231211178671e-06
impedi,6.804231211178671e-06
bertseka,6.804231211178671e-06
fbx,6.804231211178671e-06
prox,6.804231211178671e-06
harbaugh,6.804231211178671e-06
sjr,6.804231211178671e-06
diu,6.804231211178671e-06
zha,6.804231211178671e-06
anh,6.804231211178671e-06
axti,6.804231211178671e-06
janeiro,6.804231211178671e-06
iwe,6.804231211178671e-06
jae,6.804231211178671e-06
yrl,6.804231211178671e-06
cool,6.804231211178671e-06
mckelvey,6.804231211178671e-06
djl,6.804231211178671e-06
apu,6.804231211178671e-06
bgp,6.804231211178671e-06
iql,6.804231211178671e-06
mortensen,6.804231211178671e-06
vbi,6.804231211178671e-06
ocr,6.804231211178671e-06
vhl,6.804231211178671e-06
ngo,6.804231211178671e-06
trygv,6.804231211178671e-06
exet,6.804231211178671e-06
oret,6.804231211178671e-06
nta,6.804231211178671e-06
brittain,6.804231211178671e-06
drx,6.804231211178671e-06
literaci,6.804231211178671e-06
yie,6.804231211178671e-06
ayp,6.804231211178671e-06
vcj,6.804231211178671e-06
cobweb,6.804231211178671e-06
tone,6.804231211178671e-06
hardest,6.804231211178671e-06
rle,6.804231211178671e-06
xiw,6.804231211178671e-06
fra,6.804231211178671e-06
nts,6.804231211178671e-06
gol,6.804231211178671e-06
hnd,6.804231211178671e-06
equalweight,6.804231211178671e-06
poran,6.804231211178671e-06
crain,6.804231211178671e-06
ffq,6.804231211178671e-06
reinhard,6.804231211178671e-06
hri,6.804231211178671e-06
ida,6.804231211178671e-06
aoh,6.804231211178671e-06
noncon,6.804231211178671e-06
primiceri,6.804231211178671e-06
bayer,6.804231211178671e-06
underesti,6.804231211178671e-06
yct,6.804231211178671e-06
expost,6.804231211178671e-06
kts,6.804231211178671e-06
thurston,6.804231211178671e-06
calcutta,6.804231211178671e-06
cjs,6.804231211178671e-06
ahr,6.804231211178671e-06
mjl,6.804231211178671e-06
multiplica,6.804231211178671e-06
wari,6.804231211178671e-06
uap,6.804231211178671e-06
unwil,6.804231211178671e-06
evf,6.804231211178671e-06
samesex,6.804231211178671e-06
eissa,6.804231211178671e-06
bitler,6.804231211178671e-06
tls,6.804231211178671e-06
pqs,6.804231211178671e-06
potato,6.804231211178671e-06
abab,6.804231211178671e-06
nzn,6.804231211178671e-06
facto,6.804231211178671e-06
combinatori,6.804231211178671e-06
floor,6.804231211178671e-06
bcs,6.804231211178671e-06
xijt,6.804231211178671e-06
afp,6.804231211178671e-06
lfr,6.804231211178671e-06
eca,6.804231211178671e-06
belgian,6.804231211178671e-06
ptf,6.804231211178671e-06
datastream,6.804231211178671e-06
fkk,6.804231211178671e-06
ssj,6.804231211178671e-06
untrunc,6.804231211178671e-06
gco,6.804231211178671e-06
goa,6.804231211178671e-06
xte,6.804231211178671e-06
hiv,6.804231211178671e-06
punish,6.804231211178671e-06
conti,6.804231211178671e-06
iyx,6.804231211178671e-06
ich,6.804231211178671e-06
petro,6.804231211178671e-06
rwi,6.804231211178671e-06
nfa,6.804231211178671e-06
ithi,6.804231211178671e-06
joulrnal,6.804231211178671e-06
ixa,6.804231211178671e-06
php,6.804231211178671e-06
ajm,6.804231211178671e-06
llb,6.804231211178671e-06
elliot,6.804231211178671e-06
qoi,6.804231211178671e-06
nmo,6.804231211178671e-06
origi,6.804231211178671e-06
myopic,6.804231211178671e-06
limiteddepend,6.804231211178671e-06
elp,6.804231211178671e-06
bohn,6.804231211178671e-06
labori,6.804231211178671e-06
nvn,6.804231211178671e-06
envi,6.804231211178671e-06
cft,6.804231211178671e-06
ktr,6.804231211178671e-06
ulj,6.804231211178671e-06
burbidg,6.804231211178671e-06
gga,6.804231211178671e-06
lew,6.804231211178671e-06
correlogram,6.804231211178671e-06
tern,6.804231211178671e-06
leptokurt,6.804231211178671e-06
cumu,6.804231211178671e-06
covariancestationari,6.804231211178671e-06
psu,6.804231211178671e-06
longdist,6.804231211178671e-06
efp,6.804231211178671e-06
anim,6.804231211178671e-06
westview,6.804231211178671e-06
diffeomorph,6.804231211178671e-06
qzt,6.804231211178671e-06
llw,6.804231211178671e-06
undefl,6.804231211178671e-06
switzer,6.804231211178671e-06
indecompos,6.804231211178671e-06
nand,6.804231211178671e-06
fkr,6.804231211178671e-06
cqt,6.804231211178671e-06
pjm,6.804231211178671e-06
rjs,6.804231211178671e-06
wolfson,6.804231211178671e-06
ivj,6.804231211178671e-06
errorridden,6.804231211178671e-06
aib,6.804231211178671e-06
disc,6.804231211178671e-06
nonoper,6.804231211178671e-06
mnn,6.804231211178671e-06
irc,6.804231211178671e-06
dbi,6.804231211178671e-06
hyperbola,6.804231211178671e-06
dete,6.804231211178671e-06
csp,6.804231211178671e-06
hungarian,6.804231211178671e-06
editori,6.804231211178671e-06
keyboard,6.804231211178671e-06
ahe,6.804231211178671e-06
etat,6.804231211178671e-06
bthe,6.804231211178671e-06
bleed,6.804231211178671e-06
dddd,6.804231211178671e-06
dee,6.804231211178671e-06
honda,6.804231211178671e-06
aqj,6.804231211178671e-06
expla,6.804231211178671e-06
vlr,6.804231211178671e-06
iep,6.804231211178671e-06
taf,6.804231211178671e-06
excep,6.804231211178671e-06
consti,6.804231211178671e-06
wtwt,6.804231211178671e-06
ilya,6.804231211178671e-06
wik,6.804231211178671e-06
ocp,6.804231211178671e-06
clinic,6.804231211178671e-06
kjs,6.804231211178671e-06
nlt,6.804231211178671e-06
nox,6.804231211178671e-06
cautionari,6.804231211178671e-06
essarili,6.804231211178671e-06
younger,6.804231211178671e-06
ggl,6.804231211178671e-06
markovperfect,6.804231211178671e-06
overiden,6.804231211178671e-06
wander,6.804231211178671e-06
camp,6.804231211178671e-06
devil,6.804231211178671e-06
synonym,6.804231211178671e-06
ioral,6.804231211178671e-06
sherwin,6.804231211178671e-06
wili,6.804231211178671e-06
sap,6.804231211178671e-06
discon,6.804231211178671e-06
nci,6.804231211178671e-06
cement,6.804231211178671e-06
ometrica,6.804231211178671e-06
frb,6.804231211178671e-06
ecx,6.804231211178671e-06
yrr,6.804231211178671e-06
stochasti,6.804231211178671e-06
distor,6.804231211178671e-06
piw,6.804231211178671e-06
inasmuch,6.804231211178671e-06
temporan,6.804231211178671e-06
aiq,6.804231211178671e-06
vfo,6.804231211178671e-06
rht,6.804231211178671e-06
passion,6.804231211178671e-06
npp,6.804231211178671e-06
qol,6.804231211178671e-06
terminist,6.804231211178671e-06
yfo,6.804231211178671e-06
lhi,6.804231211178671e-06
frequen,6.804231211178671e-06
fqf,6.804231211178671e-06
fcj,6.804231211178671e-06
bpp,6.804231211178671e-06
yrs,6.804231211178671e-06
wsi,6.804231211178671e-06
recogniz,6.804231211178671e-06
dint,6.804231211178671e-06
italian,6.804231211178671e-06
abb,6.804231211178671e-06
snj,6.804231211178671e-06
minf,6.804231211178671e-06
jgi,6.804231211178671e-06
hardwar,6.804231211178671e-06
renc,6.804231211178671e-06
ctu,6.804231211178671e-06
envis,6.804231211178671e-06
caret,6.804231211178671e-06
fiabl,6.804231211178671e-06
lcs,6.804231211178671e-06
tej,6.804231211178671e-06
wellsuit,6.804231211178671e-06
rkk,6.804231211178671e-06
rajeev,6.804231211178671e-06
rch,6.804231211178671e-06
httpwwwmitpress,6.804231211178671e-06
bfl,6.804231211178671e-06
tfc,6.804231211178671e-06
pvn,6.804231211178671e-06
etu,6.804231211178671e-06
traffic,6.804231211178671e-06
iog,6.804231211178671e-06
wixi,6.804231211178671e-06
sommer,6.804231211178671e-06
ciq,6.804231211178671e-06
uyu,6.804231211178671e-06
wqi,6.804231211178671e-06
calif,6.804231211178671e-06
dren,6.804231211178671e-06
rosenzweig,6.804231211178671e-06
xee,6.804231211178671e-06
frm,6.804231211178671e-06
sba,6.804231211178671e-06
pvo,6.804231211178671e-06
lqi,6.804231211178671e-06
submiss,6.804231211178671e-06
mativ,6.804231211178671e-06
qiu,6.804231211178671e-06
nontest,6.804231211178671e-06
elli,6.804231211178671e-06
lnu,6.804231211178671e-06
ofz,6.804231211178671e-06
meng,6.804231211178671e-06
euy,6.804231211178671e-06
idd,6.804231211178671e-06
migrat,6.804231211178671e-06
ixf,6.804231211178671e-06
georgetown,6.804231211178671e-06
cbc,6.804231211178671e-06
modelimpli,6.804231211178671e-06
juan,6.804231211178671e-06
afn,6.804231211178671e-06
mathmatiqu,6.804231211178671e-06
adata,6.804231211178671e-06
collar,6.804231211178671e-06
dcd,6.804231211178671e-06
submartingal,6.804231211178671e-06
varn,6.804231211178671e-06
dkk,6.804231211178671e-06
winner,6.804231211178671e-06
btu,6.804231211178671e-06
cpv,6.804231211178671e-06
vbl,6.804231211178671e-06
cnp,6.804231211178671e-06
ytu,6.804231211178671e-06
differentia,6.804231211178671e-06
asynchron,6.804231211178671e-06
discourag,6.804231211178671e-06
barlow,6.804231211178671e-06
roma,6.804231211178671e-06
cus,6.804231211178671e-06
rightcensor,6.804231211178671e-06
bcb,6.804231211178671e-06
ttw,6.804231211178671e-06
upc,6.804231211178671e-06
mueller,6.804231211178671e-06
llk,6.804231211178671e-06
mcgill,6.804231211178671e-06
qoq,6.804231211178671e-06
tiat,6.804231211178671e-06
influ,6.804231211178671e-06
grad,6.804231211178671e-06
qss,6.804231211178671e-06
rxs,6.804231211178671e-06
zei,6.804231211178671e-06
qualita,6.804231211178671e-06
lig,6.804231211178671e-06
blackman,6.804231211178671e-06
geg,6.804231211178671e-06
tgo,6.804231211178671e-06
nbi,6.804231211178671e-06
riv,6.804231211178671e-06
btl,6.804231211178671e-06
xmp,6.804231211178671e-06
californiasan,6.804231211178671e-06
pvj,6.804231211178671e-06
kegan,6.804231211178671e-06
exposi,6.804231211178671e-06
midway,6.804231211178671e-06
pxm,6.804231211178671e-06
jvj,6.804231211178671e-06
axr,6.804231211178671e-06
ntu,6.804231211178671e-06
jdi,6.804231211178671e-06
reintroduc,6.804231211178671e-06
aom,6.804231211178671e-06
axq,6.804231211178671e-06
qci,6.804231211178671e-06
someon,6.804231211178671e-06
amplifi,6.804231211178671e-06
plv,6.804231211178671e-06
ppq,6.804231211178671e-06
placebo,6.804231211178671e-06
eixi,6.804231211178671e-06
psychologist,6.804231211178671e-06
cepr,6.804231211178671e-06
ylr,6.804231211178671e-06
minz,6.804231211178671e-06
ejm,6.804231211178671e-06
commensur,6.804231211178671e-06
xkxk,6.804231211178671e-06
webpag,6.804231211178671e-06
drink,6.804231211178671e-06
rna,6.804231211178671e-06
uru,6.804231211178671e-06
celebr,6.804231211178671e-06
ludwig,6.804231211178671e-06
alw,6.804231211178671e-06
dma,6.804231211178671e-06
wash,6.804231211178671e-06
beij,6.804231211178671e-06
unwant,6.804231211178671e-06
costminim,6.804231211178671e-06
tog,6.804231211178671e-06
ambit,6.804231211178671e-06
lng,6.804231211178671e-06
abstractth,6.804231211178671e-06
differencesindiffer,6.804231211178671e-06
rkr,6.804231211178671e-06
trop,6.804231211178671e-06
rubinstein,6.804231211178671e-06
wvi,6.804231211178671e-06
xfa,6.804231211178671e-06
hxl,6.804231211178671e-06
assumnpt,6.804231211178671e-06
franci,6.804231211178671e-06
skk,6.804231211178671e-06
qiy,6.804231211178671e-06
heter,6.804231211178671e-06
hui,6.804231211178671e-06
birthday,6.804231211178671e-06
lxk,6.804231211178671e-06
childhood,6.804231211178671e-06
readytoeat,6.804231211178671e-06
heien,6.804231211178671e-06
favorit,6.804231211178671e-06
prison,6.804231211178671e-06
fydi,6.804231211178671e-06
mor,6.804231211178671e-06
decentr,6.804231211178671e-06
hvi,6.804231211178671e-06
olm,6.804231211178671e-06
sav,6.804231211178671e-06
uzawa,6.804231211178671e-06
eoa,6.804231211178671e-06
uuj,6.804231211178671e-06
efit,6.804231211178671e-06
adn,6.804231211178671e-06
naliti,6.804231211178671e-06
swamp,6.804231211178671e-06
pistaferri,6.804231211178671e-06
dss,6.804231211178671e-06
tte,6.804231211178671e-06
gfx,6.804231211178671e-06
lind,6.804231211178671e-06
blank,6.804231211178671e-06
aind,6.804231211178671e-06
ssl,6.804231211178671e-06
qid,6.804231211178671e-06
gtj,6.804231211178671e-06
iex,6.804231211178671e-06
opment,6.804231211178671e-06
detriment,6.804231211178671e-06
qes,6.804231211178671e-06
sont,6.804231211178671e-06
mandatori,6.804231211178671e-06
anot,6.804231211178671e-06
ipv,6.804231211178671e-06
fpj,6.804231211178671e-06
njj,6.804231211178671e-06
vtvt,6.804231211178671e-06
sdx,6.804231211178671e-06
cui,6.804231211178671e-06
anthoni,6.804231211178671e-06
kkl,6.804231211178671e-06
ekk,6.804231211178671e-06
oyl,6.804231211178671e-06
malefemal,6.804231211178671e-06
psx,6.804231211178671e-06
fade,6.804231211178671e-06
cel,6.804231211178671e-06
afz,6.804231211178671e-06
heinemann,6.804231211178671e-06
phone,6.804231211178671e-06
jcl,6.804231211178671e-06
eid,6.804231211178671e-06
simplifica,6.804231211178671e-06
fkn,6.804231211178671e-06
uiui,6.804231211178671e-06
mismea,6.804231211178671e-06
adw,6.804231211178671e-06
kfor,6.804231211178671e-06
ijh,6.804231211178671e-06
dhl,6.804231211178671e-06
alla,6.804231211178671e-06
supervis,6.804231211178671e-06
enm,6.804231211178671e-06
alipranti,6.804231211178671e-06
rmax,6.804231211178671e-06
fxr,6.804231211178671e-06
konrad,6.804231211178671e-06
upshot,6.804231211178671e-06
taxabl,6.804231211178671e-06
applique,6.804231211178671e-06
uyx,6.804231211178671e-06
unsystemat,6.804231211178671e-06
mei,6.804231211178671e-06
wont,6.804231211178671e-06
cjj,6.804231211178671e-06
pation,6.804231211178671e-06
xdf,6.804231211178671e-06
ict,6.804231211178671e-06
bern,6.804231211178671e-06
zaa,6.804231211178671e-06
bjs,6.804231211178671e-06
maxw,6.804231211178671e-06
mda,6.804231211178671e-06
prat,6.804231211178671e-06
bruxell,6.804231211178671e-06
env,6.804231211178671e-06
dpj,6.804231211178671e-06
wellington,6.804231211178671e-06
indivi,6.804231211178671e-06
stst,6.804231211178671e-06
tmm,6.804231211178671e-06
rzt,6.804231211178671e-06
utilis,6.804231211178671e-06
ytf,6.804231211178671e-06
hussey,6.804231211178671e-06
wwt,6.804231211178671e-06
moffit,6.804231211178671e-06
riq,6.804231211178671e-06
emu,6.804231211178671e-06
oif,6.804231211178671e-06
qkk,6.804231211178671e-06
kar,6.804231211178671e-06
abund,6.804231211178671e-06
changeabl,6.804231211178671e-06
sutch,6.804231211178671e-06
rath,6.804231211178671e-06
kio,6.804231211178671e-06
accru,6.804231211178671e-06
mortgag,6.804231211178671e-06
faq,6.804231211178671e-06
plq,6.804231211178671e-06
postmerg,6.804231211178671e-06
ravikumar,6.804231211178671e-06
psn,6.804231211178671e-06
viia,6.804231211178671e-06
kjj,6.804231211178671e-06
abn,6.804231211178671e-06
scharfstein,6.804231211178671e-06
nonbinari,6.804231211178671e-06
pasadena,6.804231211178671e-06
rpf,6.804231211178671e-06
ebb,6.804231211178671e-06
keener,6.804231211178671e-06
daj,6.804231211178671e-06
mnm,6.804231211178671e-06
llq,6.804231211178671e-06
obo,6.804231211178671e-06
ckr,6.804231211178671e-06
fsj,6.804231211178671e-06
ehl,6.804231211178671e-06
giannini,6.804231211178671e-06
mne,6.804231211178671e-06
won,6.804231211178671e-06
luj,6.804231211178671e-06
aoal,6.804231211178671e-06
exc,6.804231211178671e-06
rkn,6.804231211178671e-06
profitmaxim,6.804231211178671e-06
articul,6.804231211178671e-06
parthasarathi,6.804231211178671e-06
wiksel,6.804231211178671e-06
skj,6.804231211178671e-06
eijk,6.804231211178671e-06
anteced,6.804231211178671e-06
ffs,6.804231211178671e-06
yib,6.804231211178671e-06
mathematisch,6.804231211178671e-06
nmi,6.804231211178671e-06
wcr,6.804231211178671e-06
canberra,6.804231211178671e-06
sequen,6.804231211178671e-06
minx,6.804231211178671e-06
miy,6.804231211178671e-06
garcia,6.804231211178671e-06
irti,6.804231211178671e-06
heali,6.804231211178671e-06
mcx,6.804231211178671e-06
hun,6.804231211178671e-06
dill,6.804231211178671e-06
jtx,6.804231211178671e-06
iof,6.804231211178671e-06
pedersen,6.804231211178671e-06
superimpos,6.804231211178671e-06
plql,6.804231211178671e-06
xoj,6.804231211178671e-06
ooh,6.804231211178671e-06
lnc,6.804231211178671e-06
cumstanc,6.804231211178671e-06
fortyeight,5.953702309781337e-06
fdo,5.953702309781337e-06
yiw,5.953702309781337e-06
yearold,5.953702309781337e-06
nonveteran,5.953702309781337e-06
soso,5.953702309781337e-06
northhol,5.953702309781337e-06
illustra,5.953702309781337e-06
yuan,5.953702309781337e-06
collus,5.953702309781337e-06
lbo,5.953702309781337e-06
fice,5.953702309781337e-06
intersec,5.953702309781337e-06
aup,5.953702309781337e-06
hps,5.953702309781337e-06
grove,5.953702309781337e-06
vwt,5.953702309781337e-06
hch,5.953702309781337e-06
fischer,5.953702309781337e-06
slippag,5.953702309781337e-06
fjr,5.953702309781337e-06
bac,5.953702309781337e-06
bpa,5.953702309781337e-06
iua,5.953702309781337e-06
regroup,5.953702309781337e-06
thrown,5.953702309781337e-06
telescop,5.953702309781337e-06
mot,5.953702309781337e-06
qlo,5.953702309781337e-06
lute,5.953702309781337e-06
villasboa,5.953702309781337e-06
dfdx,5.953702309781337e-06
zci,5.953702309781337e-06
oie,5.953702309781337e-06
gic,5.953702309781337e-06
ponenti,5.953702309781337e-06
jeanfrancoi,5.953702309781337e-06
reproduct,5.953702309781337e-06
goldman,5.953702309781337e-06
fiction,5.953702309781337e-06
och,5.953702309781337e-06
kee,5.953702309781337e-06
alabama,5.953702309781337e-06
redo,5.953702309781337e-06
glb,5.953702309781337e-06
iuj,5.953702309781337e-06
concord,5.953702309781337e-06
gps,5.953702309781337e-06
connec,5.953702309781337e-06
prelimi,5.953702309781337e-06
pseudor,5.953702309781337e-06
poultri,5.953702309781337e-06
tlp,5.953702309781337e-06
cea,5.953702309781337e-06
visitor,5.953702309781337e-06
barron,5.953702309781337e-06
token,5.953702309781337e-06
bur,5.953702309781337e-06
fiti,5.953702309781337e-06
fundamen,5.953702309781337e-06
subsec,5.953702309781337e-06
riskavers,5.953702309781337e-06
ddl,5.953702309781337e-06
rfj,5.953702309781337e-06
hfi,5.953702309781337e-06
yqt,5.953702309781337e-06
pnr,5.953702309781337e-06
rfn,5.953702309781337e-06
hee,5.953702309781337e-06
aerp,5.953702309781337e-06
grossli,5.953702309781337e-06
variabil,5.953702309781337e-06
perpendicular,5.953702309781337e-06
incis,5.953702309781337e-06
etlt,5.953702309781337e-06
apm,5.953702309781337e-06
damag,5.953702309781337e-06
gia,5.953702309781337e-06
rnp,5.953702309781337e-06
avari,5.953702309781337e-06
ufi,5.953702309781337e-06
hors,5.953702309781337e-06
hmt,5.953702309781337e-06
njs,5.953702309781337e-06
inten,5.953702309781337e-06
qhi,5.953702309781337e-06
jjn,5.953702309781337e-06
liberti,5.953702309781337e-06
bean,5.953702309781337e-06
resi,5.953702309781337e-06
thefollow,5.953702309781337e-06
lej,5.953702309781337e-06
soci,5.953702309781337e-06
popo,5.953702309781337e-06
fcf,5.953702309781337e-06
thrall,5.953702309781337e-06
holiday,5.953702309781337e-06
awr,5.953702309781337e-06
qjn,5.953702309781337e-06
qjs,5.953702309781337e-06
lfs,5.953702309781337e-06
amalgam,5.953702309781337e-06
dnl,5.953702309781337e-06
therefrom,5.953702309781337e-06
kdi,5.953702309781337e-06
wolfram,5.953702309781337e-06
jacobi,5.953702309781337e-06
adb,5.953702309781337e-06
gnl,5.953702309781337e-06
puy,5.953702309781337e-06
vbb,5.953702309781337e-06
yearofbirth,5.953702309781337e-06
benjamin,5.953702309781337e-06
leti,5.953702309781337e-06
randi,5.953702309781337e-06
stanley,5.953702309781337e-06
tlf,5.953702309781337e-06
viq,5.953702309781337e-06
yux,5.953702309781337e-06
nonequival,5.953702309781337e-06
oih,5.953702309781337e-06
matern,5.953702309781337e-06
collabor,5.953702309781337e-06
twoyear,5.953702309781337e-06
sof,5.953702309781337e-06
disconcert,5.953702309781337e-06
actor,5.953702309781337e-06
lier,5.953702309781337e-06
guis,5.953702309781337e-06
nongener,5.953702309781337e-06
cif,5.953702309781337e-06
entireti,5.953702309781337e-06
tsukuba,5.953702309781337e-06
ehj,5.953702309781337e-06
irreduc,5.953702309781337e-06
iviv,5.953702309781337e-06
utb,5.953702309781337e-06
regulatori,5.953702309781337e-06
rts,5.953702309781337e-06
dichotomi,5.953702309781337e-06
erd,5.953702309781337e-06
tcp,5.953702309781337e-06
attrac,5.953702309781337e-06
weisberg,5.953702309781337e-06
klerman,5.953702309781337e-06
vra,5.953702309781337e-06
ftd,5.953702309781337e-06
kydland,5.953702309781337e-06
inappro,5.953702309781337e-06
mccloskey,5.953702309781337e-06
pye,5.953702309781337e-06
tiabil,5.953702309781337e-06
chile,5.953702309781337e-06
infti,5.953702309781337e-06
lnz,5.953702309781337e-06
fob,5.953702309781337e-06
djo,5.953702309781337e-06
imper,5.953702309781337e-06
subaggreg,5.953702309781337e-06
avx,5.953702309781337e-06
iant,5.953702309781337e-06
ppc,5.953702309781337e-06
suv,5.953702309781337e-06
vrp,5.953702309781337e-06
wcl,5.953702309781337e-06
fiur,5.953702309781337e-06
dxc,5.953702309781337e-06
kyk,5.953702309781337e-06
upenn,5.953702309781337e-06
icerd,5.953702309781337e-06
fabra,5.953702309781337e-06
fand,5.953702309781337e-06
atb,5.953702309781337e-06
eiii,5.953702309781337e-06
prece,5.953702309781337e-06
aru,5.953702309781337e-06
vsa,5.953702309781337e-06
marcus,5.953702309781337e-06
aun,5.953702309781337e-06
heston,5.953702309781337e-06
qxq,5.953702309781337e-06
jcf,5.953702309781337e-06
qsp,5.953702309781337e-06
vid,5.953702309781337e-06
reachabl,5.953702309781337e-06
equationbyequ,5.953702309781337e-06
sanderson,5.953702309781337e-06
nason,5.953702309781337e-06
saunder,5.953702309781337e-06
afe,5.953702309781337e-06
undu,5.953702309781337e-06
ckj,5.953702309781337e-06
ctc,5.953702309781337e-06
radii,5.953702309781337e-06
puti,5.953702309781337e-06
sgi,5.953702309781337e-06
finiti,5.953702309781337e-06
njl,5.953702309781337e-06
regain,5.953702309781337e-06
yaj,5.953702309781337e-06
ylf,5.953702309781337e-06
dwight,5.953702309781337e-06
perspec,5.953702309781337e-06
ajr,5.953702309781337e-06
infrastructur,5.953702309781337e-06
unwarr,5.953702309781337e-06
csd,5.953702309781337e-06
lne,5.953702309781337e-06
brx,5.953702309781337e-06
cxn,5.953702309781337e-06
ferreira,5.953702309781337e-06
aog,5.953702309781337e-06
nobel,5.953702309781337e-06
smsa,5.953702309781337e-06
layer,5.953702309781337e-06
sdo,5.953702309781337e-06
awit,5.953702309781337e-06
loglevel,5.953702309781337e-06
adm,5.953702309781337e-06
nmp,5.953702309781337e-06
fjs,5.953702309781337e-06
dca,5.953702309781337e-06
eqo,5.953702309781337e-06
utah,5.953702309781337e-06
ojk,5.953702309781337e-06
ejf,5.953702309781337e-06
pant,5.953702309781337e-06
guelph,5.953702309781337e-06
nsc,5.953702309781337e-06
meanrevers,5.953702309781337e-06
iiid,5.953702309781337e-06
schnabel,5.953702309781337e-06
waltham,5.953702309781337e-06
corcoran,5.953702309781337e-06
kss,5.953702309781337e-06
tornqvist,5.953702309781337e-06
victoria,5.953702309781337e-06
cul,5.953702309781337e-06
ubt,5.953702309781337e-06
ktkt,5.953702309781337e-06
oai,5.953702309781337e-06
ameasur,5.953702309781337e-06
fso,5.953702309781337e-06
shaffer,5.953702309781337e-06
collier,5.953702309781337e-06
kate,5.953702309781337e-06
statedepend,5.953702309781337e-06
mik,5.953702309781337e-06
threefactor,5.953702309781337e-06
uft,5.953702309781337e-06
yff,5.953702309781337e-06
ptg,5.953702309781337e-06
gsx,5.953702309781337e-06
rigour,5.953702309781337e-06
upr,5.953702309781337e-06
wea,5.953702309781337e-06
fpk,5.953702309781337e-06
sadek,5.953702309781337e-06
aer,5.953702309781337e-06
masten,5.953702309781337e-06
characteriz,5.953702309781337e-06
dictionari,5.953702309781337e-06
noh,5.953702309781337e-06
toss,5.953702309781337e-06
eqj,5.953702309781337e-06
testa,5.953702309781337e-06
wolter,5.953702309781337e-06
tld,5.953702309781337e-06
reconsider,5.953702309781337e-06
dvj,5.953702309781337e-06
nadiri,5.953702309781337e-06
pok,5.953702309781337e-06
webster,5.953702309781337e-06
xey,5.953702309781337e-06
ryr,5.953702309781337e-06
olat,5.953702309781337e-06
welldocu,5.953702309781337e-06
logq,5.953702309781337e-06
sch,5.953702309781337e-06
bacteri,5.953702309781337e-06
thf,5.953702309781337e-06
wif,5.953702309781337e-06
island,5.953702309781337e-06
lod,5.953702309781337e-06
ebl,5.953702309781337e-06
thati,5.953702309781337e-06
ilm,5.953702309781337e-06
vvo,5.953702309781337e-06
modelbuild,5.953702309781337e-06
bud,5.953702309781337e-06
ote,5.953702309781337e-06
trio,5.953702309781337e-06
rigid,5.953702309781337e-06
valuesa,5.953702309781337e-06
irg,5.953702309781337e-06
driftless,5.953702309781337e-06
plau,5.953702309781337e-06
zur,5.953702309781337e-06
weightedaverag,5.953702309781337e-06
napl,5.953702309781337e-06
greek,5.953702309781337e-06
paus,5.953702309781337e-06
imbal,5.953702309781337e-06
salvador,5.953702309781337e-06
admissi,5.953702309781337e-06
fkj,5.953702309781337e-06
midwest,5.953702309781337e-06
glosten,5.953702309781337e-06
philadel,5.953702309781337e-06
yej,5.953702309781337e-06
headcount,5.953702309781337e-06
tabu,5.953702309781337e-06
idei,5.953702309781337e-06
yipi,5.953702309781337e-06
oja,5.953702309781337e-06
sweep,5.953702309781337e-06
tativ,5.953702309781337e-06
mpm,5.953702309781337e-06
rwo,5.953702309781337e-06
uixi,5.953702309781337e-06
boa,5.953702309781337e-06
xvx,5.953702309781337e-06
eda,5.953702309781337e-06
hue,5.953702309781337e-06
thle,5.953702309781337e-06
gci,5.953702309781337e-06
zstatist,5.953702309781337e-06
hig,5.953702309781337e-06
vac,5.953702309781337e-06
epf,5.953702309781337e-06
improb,5.953702309781337e-06
christin,5.953702309781337e-06
airi,5.953702309781337e-06
bjp,5.953702309781337e-06
lkj,5.953702309781337e-06
messi,5.953702309781337e-06
ampli,5.953702309781337e-06
bodkin,5.953702309781337e-06
prh,5.953702309781337e-06
harvest,5.953702309781337e-06
irq,5.953702309781337e-06
rejoind,5.953702309781337e-06
racial,5.953702309781337e-06
stafford,5.953702309781337e-06
trian,5.953702309781337e-06
rstatist,5.953702309781337e-06
bpj,5.953702309781337e-06
mst,5.953702309781337e-06
ffp,5.953702309781337e-06
clutter,5.953702309781337e-06
qtm,5.953702309781337e-06
sef,5.953702309781337e-06
uyo,5.953702309781337e-06
welfaretowork,5.953702309781337e-06
logz,5.953702309781337e-06
azit,5.953702309781337e-06
xrr,5.953702309781337e-06
owi,5.953702309781337e-06
gkl,5.953702309781337e-06
discrepan,5.953702309781337e-06
janfeb,5.953702309781337e-06
pertur,5.953702309781337e-06
bpl,5.953702309781337e-06
perma,5.953702309781337e-06
gertler,5.953702309781337e-06
plz,5.953702309781337e-06
takayama,5.953702309781337e-06
leftcontinu,5.953702309781337e-06
lev,5.953702309781337e-06
lucid,5.953702309781337e-06
alicant,5.953702309781337e-06
meantim,5.953702309781337e-06
uer,5.953702309781337e-06
pke,5.953702309781337e-06
pus,5.953702309781337e-06
pdl,5.953702309781337e-06
ger,5.953702309781337e-06
backus,5.953702309781337e-06
logv,5.953702309781337e-06
quantityweight,5.953702309781337e-06
fds,5.953702309781337e-06
strictiv,5.953702309781337e-06
qjq,5.953702309781337e-06
iuo,5.953702309781337e-06
xlb,5.953702309781337e-06
decrea,5.953702309781337e-06
prg,5.953702309781337e-06
chaotic,5.953702309781337e-06
terdam,5.953702309781337e-06
uui,5.953702309781337e-06
cld,5.953702309781337e-06
unjustifi,5.953702309781337e-06
puz,5.953702309781337e-06
baldwin,5.953702309781337e-06
adk,5.953702309781337e-06
xqq,5.953702309781337e-06
abr,5.953702309781337e-06
fmm,5.953702309781337e-06
collec,5.953702309781337e-06
ftb,5.953702309781337e-06
tunat,5.953702309781337e-06
brs,5.953702309781337e-06
nod,5.953702309781337e-06
oneperiodahead,5.953702309781337e-06
hfx,5.953702309781337e-06
supersed,5.953702309781337e-06
sfa,5.953702309781337e-06
ggo,5.953702309781337e-06
naj,5.953702309781337e-06
ukl,5.953702309781337e-06
gxs,5.953702309781337e-06
phia,5.953702309781337e-06
iom,5.953702309781337e-06
lhopit,5.953702309781337e-06
dib,5.953702309781337e-06
tjk,5.953702309781337e-06
forn,5.953702309781337e-06
cpf,5.953702309781337e-06
vss,5.953702309781337e-06
erwis,5.953702309781337e-06
wrr,5.953702309781337e-06
pjr,5.953702309781337e-06
flh,5.953702309781337e-06
modelspecif,5.953702309781337e-06
nonexplos,5.953702309781337e-06
gibl,5.953702309781337e-06
sxl,5.953702309781337e-06
qsq,5.953702309781337e-06
justi,5.953702309781337e-06
ravallion,5.953702309781337e-06
otp,5.953702309781337e-06
smoker,5.953702309781337e-06
forschungsgemeinschaft,5.953702309781337e-06
justifica,5.953702309781337e-06
krt,5.953702309781337e-06
ytd,5.953702309781337e-06
peu,5.953702309781337e-06
stimuli,5.953702309781337e-06
xso,5.953702309781337e-06
jacobson,5.953702309781337e-06
crossparti,5.953702309781337e-06
withinsampl,5.953702309781337e-06
hendrik,5.953702309781337e-06
boj,5.953702309781337e-06
ieo,5.953702309781337e-06
lunch,5.953702309781337e-06
susan,5.953702309781337e-06
fascin,5.953702309781337e-06
falk,5.953702309781337e-06
sporad,5.953702309781337e-06
emerald,5.953702309781337e-06
mla,5.953702309781337e-06
eman,5.953702309781337e-06
peck,5.953702309781337e-06
fromn,5.953702309781337e-06
wicksel,5.953702309781337e-06
rameter,5.953702309781337e-06
moscow,5.953702309781337e-06
cjx,5.953702309781337e-06
uif,5.953702309781337e-06
rjf,5.953702309781337e-06
denmand,5.953702309781337e-06
puj,5.953702309781337e-06
dau,5.953702309781337e-06
tocorrel,5.953702309781337e-06
ktj,5.953702309781337e-06
dlb,5.953702309781337e-06
hori,5.953702309781337e-06
antd,5.953702309781337e-06
grg,5.953702309781337e-06
compara,5.953702309781337e-06
ivii,5.953702309781337e-06
descrip,5.953702309781337e-06
ertheless,5.953702309781337e-06
anzd,5.953702309781337e-06
irb,5.953702309781337e-06
hermann,5.953702309781337e-06
bation,5.953702309781337e-06
reo,5.953702309781337e-06
tennesse,5.953702309781337e-06
denver,5.953702309781337e-06
eddi,5.953702309781337e-06
snell,5.953702309781337e-06
jot,5.953702309781337e-06
ssa,5.953702309781337e-06
retent,5.953702309781337e-06
kwt,5.953702309781337e-06
iae,5.953702309781337e-06
mostel,5.953702309781337e-06
lxix,5.953702309781337e-06
atlanta,5.953702309781337e-06
tate,5.953702309781337e-06
franz,5.953702309781337e-06
xjc,5.953702309781337e-06
corrigendum,5.953702309781337e-06
night,5.953702309781337e-06
constel,5.953702309781337e-06
xjo,5.953702309781337e-06
ledg,5.953702309781337e-06
suchthat,5.953702309781337e-06
nak,5.953702309781337e-06
dxdi,5.953702309781337e-06
ural,5.953702309781337e-06
nanci,5.953702309781337e-06
gqt,5.953702309781337e-06
tition,5.953702309781337e-06
appointe,5.953702309781337e-06
nagel,5.953702309781337e-06
wellb,5.953702309781337e-06
aaronson,5.953702309781337e-06
rom,5.953702309781337e-06
pvx,5.953702309781337e-06
awn,5.953702309781337e-06
iaii,5.953702309781337e-06
wing,5.953702309781337e-06
purport,5.953702309781337e-06
collin,5.953702309781337e-06
wai,5.953702309781337e-06
sut,5.953702309781337e-06
xifi,5.953702309781337e-06
nav,5.953702309781337e-06
vrn,5.953702309781337e-06
libr,5.953702309781337e-06
svi,5.953702309781337e-06
disequilibria,5.953702309781337e-06
palmquist,5.953702309781337e-06
ciw,5.953702309781337e-06
qeq,5.953702309781337e-06
lessen,5.953702309781337e-06
jjx,5.953702309781337e-06
auo,5.953702309781337e-06
aue,5.953702309781337e-06
logwag,5.953702309781337e-06
whe,5.953702309781337e-06
srp,5.953702309781337e-06
dnr,5.953702309781337e-06
maximiz,5.953702309781337e-06
polat,5.953702309781337e-06
kocherlakota,5.953702309781337e-06
tva,5.953702309781337e-06
fql,5.953702309781337e-06
basel,5.953702309781337e-06
rtrt,5.953702309781337e-06
unsuit,5.953702309781337e-06
umi,5.953702309781337e-06
pentium,5.953702309781337e-06
cbr,5.953702309781337e-06
indispens,5.953702309781337e-06
fuss,5.953702309781337e-06
hunter,5.953702309781337e-06
mui,5.953702309781337e-06
shachar,5.953702309781337e-06
tration,5.953702309781337e-06
ilz,5.953702309781337e-06
sns,5.953702309781337e-06
pqe,5.953702309781337e-06
xlu,5.953702309781337e-06
uju,5.953702309781337e-06
pand,5.953702309781337e-06
statistisch,5.953702309781337e-06
invent,5.953702309781337e-06
ekt,5.953702309781337e-06
inward,5.953702309781337e-06
fqr,5.953702309781337e-06
prehens,5.953702309781337e-06
knl,5.953702309781337e-06
resurg,5.953702309781337e-06
aguiar,5.953702309781337e-06
borja,5.953702309781337e-06
wss,5.953702309781337e-06
hes,5.953702309781337e-06
dff,5.953702309781337e-06
fae,5.953702309781337e-06
valley,5.953702309781337e-06
jectiv,5.953702309781337e-06
odo,5.953702309781337e-06
sibli,5.953702309781337e-06
coincident,5.953702309781337e-06
helsinki,5.953702309781337e-06
bourguignon,5.953702309781337e-06
vlj,5.953702309781337e-06
armi,5.953702309781337e-06
html,5.953702309781337e-06
uoc,5.953702309781337e-06
incap,5.953702309781337e-06
shah,5.953702309781337e-06
tvj,5.953702309781337e-06
gardless,5.953702309781337e-06
sonnenschein,5.953702309781337e-06
denis,5.953702309781337e-06
xsj,5.953702309781337e-06
tremend,5.953702309781337e-06
fewest,5.953702309781337e-06
xfj,5.953702309781337e-06
bea,5.953702309781337e-06
psw,5.953702309781337e-06
ulf,5.953702309781337e-06
ppa,5.953702309781337e-06
vertex,5.953702309781337e-06
hbi,5.953702309781337e-06
xcc,5.953702309781337e-06
vaf,5.953702309781337e-06
ofm,5.953702309781337e-06
pnc,5.953702309781337e-06
ductiv,5.953702309781337e-06
rxp,5.953702309781337e-06
slo,5.953702309781337e-06
broadcast,5.953702309781337e-06
nok,5.953702309781337e-06
guvenen,5.953702309781337e-06
nomenclatur,5.953702309781337e-06
nns,5.953702309781337e-06
primi,5.953702309781337e-06
sdt,5.953702309781337e-06
ffc,5.953702309781337e-06
stambaugh,5.953702309781337e-06
silver,5.953702309781337e-06
istenc,5.953702309781337e-06
pxs,5.953702309781337e-06
tingal,5.953702309781337e-06
dak,5.953702309781337e-06
lumpi,5.953702309781337e-06
tna,5.953702309781337e-06
lien,5.953702309781337e-06
tortion,5.953702309781337e-06
rac,5.953702309781337e-06
eic,5.953702309781337e-06
hpt,5.953702309781337e-06
jackson,5.953702309781337e-06
hire,5.953702309781337e-06
nes,5.953702309781337e-06
edmond,5.953702309781337e-06
anymor,5.953702309781337e-06
wos,5.953702309781337e-06
cfx,5.953702309781337e-06
ladd,5.953702309781337e-06
dnb,5.953702309781337e-06
dunod,5.953702309781337e-06
modul,5.953702309781337e-06
reynold,5.953702309781337e-06
expm,5.953702309781337e-06
feo,5.953702309781337e-06
zax,5.953702309781337e-06
mki,5.953702309781337e-06
welldevelop,5.953702309781337e-06
ixp,5.953702309781337e-06
fqs,5.953702309781337e-06
preceed,5.953702309781337e-06
heath,5.953702309781337e-06
fpr,5.953702309781337e-06
abd,5.953702309781337e-06
birkbeck,5.953702309781337e-06
reenen,5.953702309781337e-06
vst,5.953702309781337e-06
portray,5.953702309781337e-06
yxit,5.953702309781337e-06
hki,5.953702309781337e-06
automati,5.953702309781337e-06
persuas,5.953702309781337e-06
physician,5.953702309781337e-06
hickman,5.953702309781337e-06
dali,5.953702309781337e-06
tou,5.953702309781337e-06
pks,5.953702309781337e-06
baj,5.953702309781337e-06
psychometr,5.953702309781337e-06
lexington,5.953702309781337e-06
pete,5.953702309781337e-06
gib,5.953702309781337e-06
eko,5.953702309781337e-06
supplydemand,5.953702309781337e-06
lam,5.953702309781337e-06
weiner,5.953702309781337e-06
abx,5.953702309781337e-06
sgt,5.953702309781337e-06
cso,5.953702309781337e-06
rdj,5.953702309781337e-06
div,5.953702309781337e-06
hdt,5.953702309781337e-06
cdn,5.953702309781337e-06
anp,5.953702309781337e-06
annalen,5.953702309781337e-06
lineair,5.953702309781337e-06
cdl,5.953702309781337e-06
aig,5.953702309781337e-06
tja,5.953702309781337e-06
vpp,5.953702309781337e-06
ewp,5.953702309781337e-06
veg,5.953702309781337e-06
journzal,5.953702309781337e-06
pompeu,5.953702309781337e-06
rubber,5.953702309781337e-06
porat,5.953702309781337e-06
slip,5.953702309781337e-06
unx,5.953702309781337e-06
crux,5.953702309781337e-06
mathstrutbbb,5.953702309781337e-06
supermarket,5.953702309781337e-06
ifc,5.953702309781337e-06
glu,5.953702309781337e-06
mtmt,5.953702309781337e-06
cbo,5.953702309781337e-06
ipum,5.953702309781337e-06
difficul,5.953702309781337e-06
cleanup,5.953702309781337e-06
lop,5.953702309781337e-06
erc,5.953702309781337e-06
lpk,5.953702309781337e-06
leftout,5.953702309781337e-06
temat,5.953702309781337e-06
agg,5.953702309781337e-06
bpc,5.953702309781337e-06
aggress,5.953702309781337e-06
roa,5.953702309781337e-06
ejp,5.953702309781337e-06
pkr,5.953702309781337e-06
curaci,5.953702309781337e-06
ninetyf,5.953702309781337e-06
covar,5.953702309781337e-06
cham,5.953702309781337e-06
lso,5.953702309781337e-06
wheref,5.953702309781337e-06
hei,5.953702309781337e-06
catch,5.953702309781337e-06
lue,5.953702309781337e-06
tep,5.953702309781337e-06
addict,5.953702309781337e-06
tinct,5.953702309781337e-06
ssrn,5.953702309781337e-06
vab,5.953702309781337e-06
immens,5.953702309781337e-06
aju,5.953702309781337e-06
kroner,5.953702309781337e-06
mutati,5.953702309781337e-06
atom,5.953702309781337e-06
chf,5.953702309781337e-06
signatur,5.953702309781337e-06
sidi,5.953702309781337e-06
mutandi,5.953702309781337e-06
wjs,5.953702309781337e-06
ovi,5.953702309781337e-06
inhibit,5.953702309781337e-06
yxp,5.953702309781337e-06
eql,5.953702309781337e-06
loser,5.953702309781337e-06
shortrang,5.953702309781337e-06
margaret,5.953702309781337e-06
elq,5.953702309781337e-06
valent,5.953702309781337e-06
pattanaik,5.953702309781337e-06
verbatim,5.953702309781337e-06
reanalyz,5.953702309781337e-06
krugman,5.953702309781337e-06
asher,5.953702309781337e-06
rul,5.953702309781337e-06
dqdp,5.953702309781337e-06
xipi,5.953702309781337e-06
voor,5.953702309781337e-06
rightcontinu,5.953702309781337e-06
agn,5.953702309781337e-06
lanier,5.953702309781337e-06
moro,5.953702309781337e-06
aici,5.953702309781337e-06
rain,5.953702309781337e-06
ofb,5.953702309781337e-06
groceri,5.953702309781337e-06
schemat,5.953702309781337e-06
fdp,5.953702309781337e-06
aem,5.953702309781337e-06
sfb,5.953702309781337e-06
amplitud,5.953702309781337e-06
dye,5.103173408384004e-06
cei,5.103173408384004e-06
repeti,5.103173408384004e-06
pkxk,5.103173408384004e-06
ptq,5.103173408384004e-06
inadvert,5.103173408384004e-06
viti,5.103173408384004e-06
atlant,5.103173408384004e-06
lechen,5.103173408384004e-06
gog,5.103173408384004e-06
aye,5.103173408384004e-06
ptqt,5.103173408384004e-06
rur,5.103173408384004e-06
dxf,5.103173408384004e-06
endem,5.103173408384004e-06
travail,5.103173408384004e-06
pensat,5.103173408384004e-06
ragnar,5.103173408384004e-06
upsurg,5.103173408384004e-06
stirl,5.103173408384004e-06
ttf,5.103173408384004e-06
gbi,5.103173408384004e-06
viu,5.103173408384004e-06
ltn,5.103173408384004e-06
gonzalez,5.103173408384004e-06
lld,5.103173408384004e-06
tns,5.103173408384004e-06
vtw,5.103173408384004e-06
iliari,5.103173408384004e-06
califomia,5.103173408384004e-06
lnb,5.103173408384004e-06
impr,5.103173408384004e-06
dratic,5.103173408384004e-06
xlf,5.103173408384004e-06
qfp,5.103173408384004e-06
roderick,5.103173408384004e-06
tanner,5.103173408384004e-06
wct,5.103173408384004e-06
goetz,5.103173408384004e-06
auj,5.103173408384004e-06
limdep,5.103173408384004e-06
fabian,5.103173408384004e-06
economia,5.103173408384004e-06
frechett,5.103173408384004e-06
showcas,5.103173408384004e-06
prematur,5.103173408384004e-06
haddad,5.103173408384004e-06
peal,5.103173408384004e-06
californialo,5.103173408384004e-06
cte,5.103173408384004e-06
biddl,5.103173408384004e-06
pmc,5.103173408384004e-06
ayf,5.103173408384004e-06
sawyer,5.103173408384004e-06
ime,5.103173408384004e-06
laval,5.103173408384004e-06
elabo,5.103173408384004e-06
ztf,5.103173408384004e-06
eva,5.103173408384004e-06
gunther,5.103173408384004e-06
rfe,5.103173408384004e-06
thrice,5.103173408384004e-06
jtf,5.103173408384004e-06
nonbind,5.103173408384004e-06
polyhedr,5.103173408384004e-06
anld,5.103173408384004e-06
wellestablish,5.103173408384004e-06
straightlin,5.103173408384004e-06
sps,5.103173408384004e-06
ofg,5.103173408384004e-06
bjorn,5.103173408384004e-06
leroy,5.103173408384004e-06
alnd,5.103173408384004e-06
finement,5.103173408384004e-06
yop,5.103173408384004e-06
oia,5.103173408384004e-06
keith,5.103173408384004e-06
lxm,5.103173408384004e-06
kuhn,5.103173408384004e-06
cici,5.103173408384004e-06
uia,5.103173408384004e-06
bae,5.103173408384004e-06
sow,5.103173408384004e-06
aov,5.103173408384004e-06
nario,5.103173408384004e-06
xma,5.103173408384004e-06
agenda,5.103173408384004e-06
wrw,5.103173408384004e-06
shake,5.103173408384004e-06
fuse,5.103173408384004e-06
extraordinarili,5.103173408384004e-06
adduc,5.103173408384004e-06
altruism,5.103173408384004e-06
xel,5.103173408384004e-06
radner,5.103173408384004e-06
ebe,5.103173408384004e-06
gerard,5.103173408384004e-06
gid,5.103173408384004e-06
advent,5.103173408384004e-06
pickup,5.103173408384004e-06
logw,5.103173408384004e-06
xtv,5.103173408384004e-06
itam,5.103173408384004e-06
bbi,5.103173408384004e-06
tpk,5.103173408384004e-06
tensen,5.103173408384004e-06
jdt,5.103173408384004e-06
ydp,5.103173408384004e-06
bowley,5.103173408384004e-06
mario,5.103173408384004e-06
tube,5.103173408384004e-06
subcompon,5.103173408384004e-06
grown,5.103173408384004e-06
zarnowitz,5.103173408384004e-06
paramount,5.103173408384004e-06
twelfth,5.103173408384004e-06
kahneman,5.103173408384004e-06
bts,5.103173408384004e-06
bow,5.103173408384004e-06
ibil,5.103173408384004e-06
kcl,5.103173408384004e-06
jbi,5.103173408384004e-06
flex,5.103173408384004e-06
enti,5.103173408384004e-06
oru,5.103173408384004e-06
rvr,5.103173408384004e-06
clower,5.103173408384004e-06
syracus,5.103173408384004e-06
ibli,5.103173408384004e-06
contracept,5.103173408384004e-06
brennan,5.103173408384004e-06
mathematician,5.103173408384004e-06
brussel,5.103173408384004e-06
cdo,5.103173408384004e-06
ulp,5.103173408384004e-06
jian,5.103173408384004e-06
idenc,5.103173408384004e-06
czech,5.103173408384004e-06
vej,5.103173408384004e-06
baxter,5.103173408384004e-06
agf,5.103173408384004e-06
jonathan,5.103173408384004e-06
cumvent,5.103173408384004e-06
frailti,5.103173408384004e-06
jef,5.103173408384004e-06
nmm,5.103173408384004e-06
dental,5.103173408384004e-06
minb,5.103173408384004e-06
taneiti,5.103173408384004e-06
dks,5.103173408384004e-06
kht,5.103173408384004e-06
rcc,5.103173408384004e-06
lentli,5.103173408384004e-06
ewe,5.103173408384004e-06
feenstra,5.103173408384004e-06
greenston,5.103173408384004e-06
portland,5.103173408384004e-06
dsi,5.103173408384004e-06
heinz,5.103173408384004e-06
consumptionincom,5.103173408384004e-06
vro,5.103173408384004e-06
forbid,5.103173408384004e-06
tmax,5.103173408384004e-06
welcom,5.103173408384004e-06
xxvii,5.103173408384004e-06
qim,5.103173408384004e-06
giannoni,5.103173408384004e-06
errata,5.103173408384004e-06
flfl,5.103173408384004e-06
helmut,5.103173408384004e-06
ntm,5.103173408384004e-06
hargreav,5.103173408384004e-06
ilg,5.103173408384004e-06
xgt,5.103173408384004e-06
ioc,5.103173408384004e-06
curl,5.103173408384004e-06
ace,5.103173408384004e-06
sachusett,5.103173408384004e-06
mercer,5.103173408384004e-06
otw,5.103173408384004e-06
qtqt,5.103173408384004e-06
wher,5.103173408384004e-06
rubl,5.103173408384004e-06
thefirst,5.103173408384004e-06
yya,5.103173408384004e-06
guttman,5.103173408384004e-06
hla,5.103173408384004e-06
nwo,5.103173408384004e-06
lochner,5.103173408384004e-06
hsi,5.103173408384004e-06
kir,5.103173408384004e-06
seitz,5.103173408384004e-06
gim,5.103173408384004e-06
lilien,5.103173408384004e-06
nau,5.103173408384004e-06
acit,5.103173408384004e-06
semiposit,5.103173408384004e-06
hered,5.103173408384004e-06
hhl,5.103173408384004e-06
fastfood,5.103173408384004e-06
spu,5.103173408384004e-06
rus,5.103173408384004e-06
nnm,5.103173408384004e-06
ppu,5.103173408384004e-06
dya,5.103173408384004e-06
rre,5.103173408384004e-06
phelp,5.103173408384004e-06
agit,5.103173408384004e-06
viola,5.103173408384004e-06
clj,5.103173408384004e-06
nottingham,5.103173408384004e-06
ssn,5.103173408384004e-06
intertempo,5.103173408384004e-06
gentzkow,5.103173408384004e-06
readymix,5.103173408384004e-06
frederick,5.103173408384004e-06
fcs,5.103173408384004e-06
acronym,5.103173408384004e-06
uip,5.103173408384004e-06
indepth,5.103173408384004e-06
cog,5.103173408384004e-06
traliti,5.103173408384004e-06
tvo,5.103173408384004e-06
tacit,5.103173408384004e-06
poral,5.103173408384004e-06
sert,5.103173408384004e-06
roe,5.103173408384004e-06
sca,5.103173408384004e-06
rubinfeld,5.103173408384004e-06
phk,5.103173408384004e-06
pbo,5.103173408384004e-06
lnd,5.103173408384004e-06
desai,5.103173408384004e-06
erich,5.103173408384004e-06
qco,5.103173408384004e-06
ile,5.103173408384004e-06
nancial,5.103173408384004e-06
usborn,5.103173408384004e-06
noneuropean,5.103173408384004e-06
nauk,5.103173408384004e-06
vdt,5.103173408384004e-06
detr,5.103173408384004e-06
mathia,5.103173408384004e-06
lucien,5.103173408384004e-06
pca,5.103173408384004e-06
wpo,5.103173408384004e-06
eor,5.103173408384004e-06
verboven,5.103173408384004e-06
abstractin,5.103173408384004e-06
xba,5.103173408384004e-06
highspe,5.103173408384004e-06
oxn,5.103173408384004e-06
quent,5.103173408384004e-06
polytechn,5.103173408384004e-06
mkt,5.103173408384004e-06
ingenu,5.103173408384004e-06
englegrang,5.103173408384004e-06
inth,5.103173408384004e-06
qsi,5.103173408384004e-06
ytm,5.103173408384004e-06
wzt,5.103173408384004e-06
xpr,5.103173408384004e-06
dre,5.103173408384004e-06
jir,5.103173408384004e-06
ubiquit,5.103173408384004e-06
mcmanus,5.103173408384004e-06
alex,5.103173408384004e-06
shortag,5.103173408384004e-06
tua,5.103173408384004e-06
transpir,5.103173408384004e-06
infiniteord,5.103173408384004e-06
lope,5.103173408384004e-06
ulti,5.103173408384004e-06
wachter,5.103173408384004e-06
banco,5.103173408384004e-06
marseill,5.103173408384004e-06
ciencia,5.103173408384004e-06
dfc,5.103173408384004e-06
idiosyncrasi,5.103173408384004e-06
portugues,5.103173408384004e-06
hondura,5.103173408384004e-06
sjo,5.103173408384004e-06
itw,5.103173408384004e-06
sho,5.103173408384004e-06
enh,5.103173408384004e-06
nwi,5.103173408384004e-06
yyp,5.103173408384004e-06
twist,5.103173408384004e-06
fep,5.103173408384004e-06
journalsorgdoisuppl,5.103173408384004e-06
iou,5.103173408384004e-06
mccann,5.103173408384004e-06
iffor,5.103173408384004e-06
wagehour,5.103173408384004e-06
ffk,5.103173408384004e-06
geq,5.103173408384004e-06
pko,5.103173408384004e-06
wtm,5.103173408384004e-06
dvs,5.103173408384004e-06
atomless,5.103173408384004e-06
tus,5.103173408384004e-06
kpt,5.103173408384004e-06
phelan,5.103173408384004e-06
moderates,5.103173408384004e-06
universitv,5.103173408384004e-06
clh,5.103173408384004e-06
lighter,5.103173408384004e-06
hiu,5.103173408384004e-06
honkapohja,5.103173408384004e-06
metropoli,5.103173408384004e-06
fsa,5.103173408384004e-06
stood,5.103173408384004e-06
firmlevel,5.103173408384004e-06
dorn,5.103173408384004e-06
uxo,5.103173408384004e-06
ikr,5.103173408384004e-06
proprietor,5.103173408384004e-06
ifg,5.103173408384004e-06
thirteenth,5.103173408384004e-06
xlc,5.103173408384004e-06
alongsid,5.103173408384004e-06
vop,5.103173408384004e-06
kraus,5.103173408384004e-06
supercomput,5.103173408384004e-06
wno,5.103173408384004e-06
xls,5.103173408384004e-06
unpalat,5.103173408384004e-06
ahj,5.103173408384004e-06
gay,5.103173408384004e-06
noy,5.103173408384004e-06
threevari,5.103173408384004e-06
acz,5.103173408384004e-06
lbb,5.103173408384004e-06
brium,5.103173408384004e-06
industryspecif,5.103173408384004e-06
mcmillan,5.103173408384004e-06
woa,5.103173408384004e-06
kst,5.103173408384004e-06
iww,5.103173408384004e-06
focal,5.103173408384004e-06
rmo,5.103173408384004e-06
hast,5.103173408384004e-06
gun,5.103173408384004e-06
astronomi,5.103173408384004e-06
twi,5.103173408384004e-06
euf,5.103173408384004e-06
piu,5.103173408384004e-06
nonatom,5.103173408384004e-06
mmt,5.103173408384004e-06
trigger,5.103173408384004e-06
lok,5.103173408384004e-06
boe,5.103173408384004e-06
meager,5.103173408384004e-06
contradistinct,5.103173408384004e-06
desk,5.103173408384004e-06
vjp,5.103173408384004e-06
urg,5.103173408384004e-06
detract,5.103173408384004e-06
circuit,5.103173408384004e-06
esd,5.103173408384004e-06
bun,5.103173408384004e-06
possibil,5.103173408384004e-06
aau,5.103173408384004e-06
encoun,5.103173408384004e-06
mmin,5.103173408384004e-06
cip,5.103173408384004e-06
paz,5.103173408384004e-06
bkj,5.103173408384004e-06
tlc,5.103173408384004e-06
reappear,5.103173408384004e-06
limita,5.103173408384004e-06
lege,5.103173408384004e-06
sms,5.103173408384004e-06
crepanc,5.103173408384004e-06
vxj,5.103173408384004e-06
savinginvest,5.103173408384004e-06
slk,5.103173408384004e-06
sensi,5.103173408384004e-06
tiu,5.103173408384004e-06
vcl,5.103173408384004e-06
tuesday,5.103173408384004e-06
dds,5.103173408384004e-06
qax,5.103173408384004e-06
httpwwweconometricsocieti,5.103173408384004e-06
exr,5.103173408384004e-06
pbb,5.103173408384004e-06
lxii,5.103173408384004e-06
wbi,5.103173408384004e-06
canterburi,5.103173408384004e-06
dient,5.103173408384004e-06
jls,5.103173408384004e-06
lvii,5.103173408384004e-06
trician,5.103173408384004e-06
ommend,5.103173408384004e-06
embrac,5.103173408384004e-06
minimiz,5.103173408384004e-06
burtless,5.103173408384004e-06
viousli,5.103173408384004e-06
twicecontinu,5.103173408384004e-06
rib,5.103173408384004e-06
modulo,5.103173408384004e-06
cond,5.103173408384004e-06
badi,5.103173408384004e-06
labourforc,5.103173408384004e-06
holbrook,5.103173408384004e-06
aaw,5.103173408384004e-06
abso,5.103173408384004e-06
gue,5.103173408384004e-06
malnutrit,5.103173408384004e-06
forx,5.103173408384004e-06
biometrica,5.103173408384004e-06
tvs,5.103173408384004e-06
ottawa,5.103173408384004e-06
njk,5.103173408384004e-06
geomet,5.103173408384004e-06
nonconstruct,5.103173408384004e-06
brew,5.103173408384004e-06
plb,5.103173408384004e-06
qui,5.103173408384004e-06
nqi,5.103173408384004e-06
logg,5.103173408384004e-06
curat,5.103173408384004e-06
leftsid,5.103173408384004e-06
bct,5.103173408384004e-06
kri,5.103173408384004e-06
benvenist,5.103173408384004e-06
dice,5.103173408384004e-06
saj,5.103173408384004e-06
sah,5.103173408384004e-06
etit,5.103173408384004e-06
hyde,5.103173408384004e-06
cumber,5.103173408384004e-06
buildup,5.103173408384004e-06
typifi,5.103173408384004e-06
workhors,5.103173408384004e-06
disput,5.103173408384004e-06
proced,5.103173408384004e-06
tae,5.103173408384004e-06
hta,5.103173408384004e-06
yfk,5.103173408384004e-06
ofw,5.103173408384004e-06
mimi,5.103173408384004e-06
atsushi,5.103173408384004e-06
deterr,5.103173408384004e-06
hph,5.103173408384004e-06
vle,5.103173408384004e-06
developp,5.103173408384004e-06
vee,5.103173408384004e-06
depress,5.103173408384004e-06
dictatorship,5.103173408384004e-06
lle,5.103173408384004e-06
bwo,5.103173408384004e-06
teri,5.103173408384004e-06
gjl,5.103173408384004e-06
nib,5.103173408384004e-06
klr,5.103173408384004e-06
uwo,5.103173408384004e-06
builtin,5.103173408384004e-06
bip,5.103173408384004e-06
guest,5.103173408384004e-06
tui,5.103173408384004e-06
oneself,5.103173408384004e-06
economn,5.103173408384004e-06
isnt,5.103173408384004e-06
juj,5.103173408384004e-06
vxa,5.103173408384004e-06
koichi,5.103173408384004e-06
solvabl,5.103173408384004e-06
pde,5.103173408384004e-06
fault,5.103173408384004e-06
neo,5.103173408384004e-06
hie,5.103173408384004e-06
coordinat,5.103173408384004e-06
xiai,5.103173408384004e-06
fwf,5.103173408384004e-06
manent,5.103173408384004e-06
ice,5.103173408384004e-06
wnk,5.103173408384004e-06
mose,5.103173408384004e-06
ljungqvist,5.103173408384004e-06
psp,5.103173408384004e-06
zpx,5.103173408384004e-06
bba,5.103173408384004e-06
alq,5.103173408384004e-06
fryer,5.103173408384004e-06
eav,5.103173408384004e-06
qxl,5.103173408384004e-06
vje,5.103173408384004e-06
tihe,5.103173408384004e-06
kas,5.103173408384004e-06
varw,5.103173408384004e-06
norton,5.103173408384004e-06
nso,5.103173408384004e-06
iiiiii,5.103173408384004e-06
bloch,5.103173408384004e-06
ros,5.103173408384004e-06
vcm,5.103173408384004e-06
unsur,5.103173408384004e-06
rightmost,5.103173408384004e-06
ajg,5.103173408384004e-06
sirabl,5.103173408384004e-06
termi,5.103173408384004e-06
nonlabor,5.103173408384004e-06
edp,5.103173408384004e-06
stipul,5.103173408384004e-06
rjp,5.103173408384004e-06
carlin,5.103173408384004e-06
gpx,5.103173408384004e-06
wmw,5.103173408384004e-06
rfp,5.103173408384004e-06
philippin,5.103173408384004e-06
stigma,5.103173408384004e-06
hau,5.103173408384004e-06
ricardo,5.103173408384004e-06
thursday,5.103173408384004e-06
ernment,5.103173408384004e-06
knifeedg,5.103173408384004e-06
epm,5.103173408384004e-06
hungari,5.103173408384004e-06
amir,5.103173408384004e-06
nyt,5.103173408384004e-06
amean,5.103173408384004e-06
rou,5.103173408384004e-06
rdp,5.103173408384004e-06
euq,5.103173408384004e-06
unfor,5.103173408384004e-06
apolog,5.103173408384004e-06
proprieti,5.103173408384004e-06
quest,5.103173408384004e-06
nea,5.103173408384004e-06
maxq,5.103173408384004e-06
mizer,5.103173408384004e-06
procur,5.103173408384004e-06
mead,5.103173408384004e-06
vql,5.103173408384004e-06
memoir,5.103173408384004e-06
ncl,5.103173408384004e-06
aiaj,5.103173408384004e-06
promi,5.103173408384004e-06
cgt,5.103173408384004e-06
intransit,5.103173408384004e-06
pvl,5.103173408384004e-06
anw,5.103173408384004e-06
ujo,5.103173408384004e-06
plore,5.103173408384004e-06
dxp,5.103173408384004e-06
centraal,5.103173408384004e-06
duo,5.103173408384004e-06
qiqi,5.103173408384004e-06
unconvent,5.103173408384004e-06
shs,5.103173408384004e-06
lxo,5.103173408384004e-06
fya,5.103173408384004e-06
dns,5.103173408384004e-06
toc,5.103173408384004e-06
pell,5.103173408384004e-06
facet,5.103173408384004e-06
undo,5.103173408384004e-06
eus,5.103173408384004e-06
antilog,5.103173408384004e-06
gsa,5.103173408384004e-06
gabor,5.103173408384004e-06
tomat,5.103173408384004e-06
kemp,5.103173408384004e-06
vpx,5.103173408384004e-06
clarif,5.103173408384004e-06
fuinction,5.103173408384004e-06
iexp,5.103173408384004e-06
binder,5.103173408384004e-06
nonsati,5.103173408384004e-06
itd,5.103173408384004e-06
calculat,5.103173408384004e-06
casebycas,5.103173408384004e-06
isf,5.103173408384004e-06
quat,5.103173408384004e-06
hakkio,5.103173408384004e-06
bqt,5.103173408384004e-06
mbi,5.103173408384004e-06
senior,5.103173408384004e-06
slj,5.103173408384004e-06
hendel,5.103173408384004e-06
domiz,5.103173408384004e-06
texp,5.103173408384004e-06
nyi,5.103173408384004e-06
predecessor,5.103173408384004e-06
rdd,5.103173408384004e-06
mcl,5.103173408384004e-06
pld,5.103173408384004e-06
aall,5.103173408384004e-06
paraphras,5.103173408384004e-06
otal,5.103173408384004e-06
taint,5.103173408384004e-06
weekend,5.103173408384004e-06
awx,5.103173408384004e-06
cornerston,5.103173408384004e-06
kul,5.103173408384004e-06
expertis,5.103173408384004e-06
ttdt,5.103173408384004e-06
vae,5.103173408384004e-06
afr,5.103173408384004e-06
siegfri,5.103173408384004e-06
preselect,5.103173408384004e-06
situ,5.103173408384004e-06
oral,5.103173408384004e-06
superposit,5.103173408384004e-06
leeuw,5.103173408384004e-06
jic,5.103173408384004e-06
gong,5.103173408384004e-06
rau,5.103173408384004e-06
congruent,5.103173408384004e-06
attractor,5.103173408384004e-06
mma,5.103173408384004e-06
tec,5.103173408384004e-06
joutrnal,5.103173408384004e-06
tdi,5.103173408384004e-06
mclennan,5.103173408384004e-06
ybl,5.103173408384004e-06
jzt,5.103173408384004e-06
xca,5.103173408384004e-06
jar,5.103173408384004e-06
ejc,5.103173408384004e-06
mkl,5.103173408384004e-06
oay,5.103173408384004e-06
zsi,5.103173408384004e-06
decoupl,5.103173408384004e-06
foremost,5.103173408384004e-06
xvii,5.103173408384004e-06
phasiz,5.103173408384004e-06
ptv,5.103173408384004e-06
rcx,5.103173408384004e-06
barker,5.103173408384004e-06
friedland,5.103173408384004e-06
sharma,5.103173408384004e-06
sed,5.103173408384004e-06
terpret,5.103173408384004e-06
statebyyear,5.103173408384004e-06
iok,5.103173408384004e-06
qnp,5.103173408384004e-06
crise,5.103173408384004e-06
tqj,5.103173408384004e-06
eqq,5.103173408384004e-06
pace,5.103173408384004e-06
deu,5.103173408384004e-06
fap,5.103173408384004e-06
tsoungchao,5.103173408384004e-06
ryn,5.103173408384004e-06
tvv,5.103173408384004e-06
disastr,5.103173408384004e-06
liebman,5.103173408384004e-06
yvl,5.103173408384004e-06
heretofor,5.103173408384004e-06
afg,5.103173408384004e-06
antonio,5.103173408384004e-06
fgo,5.103173408384004e-06
flanneri,5.103173408384004e-06
temperatur,5.103173408384004e-06
ptxt,5.103173408384004e-06
sei,5.103173408384004e-06
isr,5.103173408384004e-06
lieberman,5.103173408384004e-06
wtc,5.103173408384004e-06
eetet,5.103173408384004e-06
vrv,5.103173408384004e-06
afflict,5.103173408384004e-06
stf,5.103173408384004e-06
rockefel,5.103173408384004e-06
xnp,5.103173408384004e-06
kck,5.103173408384004e-06
orf,5.103173408384004e-06
deed,5.103173408384004e-06
lnyt,5.103173408384004e-06
gainesvill,5.103173408384004e-06
lengthen,5.103173408384004e-06
bei,5.103173408384004e-06
xrn,5.103173408384004e-06
vmn,5.103173408384004e-06
xle,5.103173408384004e-06
kyi,5.103173408384004e-06
repair,5.103173408384004e-06
expend,5.103173408384004e-06
ivf,5.103173408384004e-06
jsj,5.103173408384004e-06
iqo,5.103173408384004e-06
vlw,5.103173408384004e-06
shrunken,5.103173408384004e-06
epb,5.103173408384004e-06
wednesday,5.103173408384004e-06
infr,5.103173408384004e-06
furthest,5.103173408384004e-06
crg,5.103173408384004e-06
svs,5.103173408384004e-06
lts,5.103173408384004e-06
vativ,5.103173408384004e-06
civilian,5.103173408384004e-06
loy,5.103173408384004e-06
dlj,5.103173408384004e-06
onz,5.103173408384004e-06
islam,5.103173408384004e-06
dae,5.103173408384004e-06
jta,5.103173408384004e-06
bki,5.103173408384004e-06
infl,5.103173408384004e-06
ddj,5.103173408384004e-06
afd,5.103173408384004e-06
ofu,5.103173408384004e-06
ahk,5.103173408384004e-06
inflationari,5.103173408384004e-06
ufl,5.103173408384004e-06
withinfamili,5.103173408384004e-06
ncc,5.103173408384004e-06
tds,5.103173408384004e-06
encyclopedia,5.103173408384004e-06
quant,5.103173408384004e-06
fourdimension,5.103173408384004e-06
ktn,5.103173408384004e-06
quasiexperiment,5.103173408384004e-06
wxl,5.103173408384004e-06
portanc,5.103173408384004e-06
tod,5.103173408384004e-06
ixh,5.103173408384004e-06
tov,5.103173408384004e-06
kfi,5.103173408384004e-06
axii,5.103173408384004e-06
uwu,5.103173408384004e-06
kandel,5.103173408384004e-06
dpq,5.103173408384004e-06
fht,5.103173408384004e-06
sue,5.103173408384004e-06
fbr,5.103173408384004e-06
certaintyequival,5.103173408384004e-06
iee,5.103173408384004e-06
presidenti,5.103173408384004e-06
beg,5.103173408384004e-06
enclos,5.103173408384004e-06
raf,5.103173408384004e-06
glean,5.103173408384004e-06
pmj,5.103173408384004e-06
tbill,5.103173408384004e-06
hester,5.103173408384004e-06
fdr,5.103173408384004e-06
otto,5.103173408384004e-06
risen,5.103173408384004e-06
harsanyi,5.103173408384004e-06
abound,5.103173408384004e-06
physica,5.103173408384004e-06
tdr,5.103173408384004e-06
untru,5.103173408384004e-06
ttu,5.103173408384004e-06
actu,5.103173408384004e-06
frg,5.103173408384004e-06
pau,5.103173408384004e-06
klp,5.103173408384004e-06
mop,5.103173408384004e-06
liabil,5.103173408384004e-06
eed,5.103173408384004e-06
joural,5.103173408384004e-06
nonwag,5.103173408384004e-06
enlighten,5.103173408384004e-06
rail,5.103173408384004e-06
sad,5.103173408384004e-06
tercil,5.103173408384004e-06
tinker,5.103173408384004e-06
xfn,5.103173408384004e-06
tour,5.103173408384004e-06
psl,5.103173408384004e-06
republ,5.103173408384004e-06
digest,5.103173408384004e-06
californiaberkeley,5.103173408384004e-06
nostic,5.103173408384004e-06
elong,5.103173408384004e-06
coarser,5.103173408384004e-06
cig,5.103173408384004e-06
clusiv,5.103173408384004e-06
uux,5.103173408384004e-06
yjp,5.103173408384004e-06
eariti,5.103173408384004e-06
wiu,5.103173408384004e-06
bsa,5.103173408384004e-06
kls,5.103173408384004e-06
xap,5.103173408384004e-06
bauer,5.103173408384004e-06
urr,5.103173408384004e-06
opf,5.103173408384004e-06
papk,5.103173408384004e-06
theamerican,5.103173408384004e-06
serra,5.103173408384004e-06
lafontain,5.103173408384004e-06
ifh,5.103173408384004e-06
xks,5.103173408384004e-06
twoperson,5.103173408384004e-06
mcj,5.103173408384004e-06
ichino,5.103173408384004e-06
chiswick,5.103173408384004e-06
lengthier,5.103173408384004e-06
meiselman,5.103173408384004e-06
privaci,5.103173408384004e-06
rxj,5.103173408384004e-06
mest,5.103173408384004e-06
sce,5.103173408384004e-06
koc,5.103173408384004e-06
bfx,5.103173408384004e-06
prelud,5.103173408384004e-06
jtp,5.103173408384004e-06
impetus,5.103173408384004e-06
prefilt,5.103173408384004e-06
punch,5.103173408384004e-06
orp,5.103173408384004e-06
tca,5.103173408384004e-06
workabl,5.103173408384004e-06
temper,5.103173408384004e-06
lomax,5.103173408384004e-06
advisori,5.103173408384004e-06
dress,5.103173408384004e-06
alnl,5.103173408384004e-06
trait,5.103173408384004e-06
leibniz,5.103173408384004e-06
surject,5.103173408384004e-06
viron,5.103173408384004e-06
stricter,5.103173408384004e-06
club,5.103173408384004e-06
rlp,5.103173408384004e-06
expound,5.103173408384004e-06
millet,4.25264450698667e-06
npj,4.25264450698667e-06
bounc,4.25264450698667e-06
paren,4.25264450698667e-06
blaisdel,4.25264450698667e-06
ymax,4.25264450698667e-06
iqk,4.25264450698667e-06
rxa,4.25264450698667e-06
erwin,4.25264450698667e-06
posttax,4.25264450698667e-06
fld,4.25264450698667e-06
reassess,4.25264450698667e-06
warren,4.25264450698667e-06
ntc,4.25264450698667e-06
feg,4.25264450698667e-06
ktp,4.25264450698667e-06
equili,4.25264450698667e-06
deg,4.25264450698667e-06
etud,4.25264450698667e-06
dinari,4.25264450698667e-06
fred,4.25264450698667e-06
windsor,4.25264450698667e-06
msi,4.25264450698667e-06
angelo,4.25264450698667e-06
dpe,4.25264450698667e-06
bread,4.25264450698667e-06
paolo,4.25264450698667e-06
kgk,4.25264450698667e-06
fbb,4.25264450698667e-06
hip,4.25264450698667e-06
fluenc,4.25264450698667e-06
iwo,4.25264450698667e-06
aggrav,4.25264450698667e-06
rqq,4.25264450698667e-06
ding,4.25264450698667e-06
kej,4.25264450698667e-06
abolish,4.25264450698667e-06
satisfac,4.25264450698667e-06
nonagricultur,4.25264450698667e-06
grossman,4.25264450698667e-06
gentl,4.25264450698667e-06
accustom,4.25264450698667e-06
withf,4.25264450698667e-06
yitt,4.25264450698667e-06
ntf,4.25264450698667e-06
tensiv,4.25264450698667e-06
fsn,4.25264450698667e-06
bvt,4.25264450698667e-06
dqo,4.25264450698667e-06
nonpric,4.25264450698667e-06
oskar,4.25264450698667e-06
analisi,4.25264450698667e-06
ensembl,4.25264450698667e-06
nomi,4.25264450698667e-06
vxp,4.25264450698667e-06
lfc,4.25264450698667e-06
suppo,4.25264450698667e-06
iwv,4.25264450698667e-06
axv,4.25264450698667e-06
imin,4.25264450698667e-06
uet,4.25264450698667e-06
cxf,4.25264450698667e-06
misguid,4.25264450698667e-06
idj,4.25264450698667e-06
oip,4.25264450698667e-06
clock,4.25264450698667e-06
insti,4.25264450698667e-06
soren,4.25264450698667e-06
kor,4.25264450698667e-06
orh,4.25264450698667e-06
kelley,4.25264450698667e-06
ddb,4.25264450698667e-06
dte,4.25264450698667e-06
vfc,4.25264450698667e-06
lull,4.25264450698667e-06
trussel,4.25264450698667e-06
ypf,4.25264450698667e-06
burnin,4.25264450698667e-06
reloc,4.25264450698667e-06
stapl,4.25264450698667e-06
ipb,4.25264450698667e-06
tropi,4.25264450698667e-06
rubioramirez,4.25264450698667e-06
avr,4.25264450698667e-06
aand,4.25264450698667e-06
rtst,4.25264450698667e-06
penetr,4.25264450698667e-06
candi,4.25264450698667e-06
soderstrom,4.25264450698667e-06
wive,4.25264450698667e-06
sant,4.25264450698667e-06
qjp,4.25264450698667e-06
tercept,4.25264450698667e-06
lowerbound,4.25264450698667e-06
coral,4.25264450698667e-06
lps,4.25264450698667e-06
paulo,4.25264450698667e-06
rsn,4.25264450698667e-06
ylm,4.25264450698667e-06
goolsbe,4.25264450698667e-06
bronfenbrenn,4.25264450698667e-06
nguyen,4.25264450698667e-06
hqt,4.25264450698667e-06
iffi,4.25264450698667e-06
mclanahan,4.25264450698667e-06
vig,4.25264450698667e-06
boldfac,4.25264450698667e-06
carol,4.25264450698667e-06
nonobserv,4.25264450698667e-06
jagannathan,4.25264450698667e-06
taq,4.25264450698667e-06
klaus,4.25264450698667e-06
wjf,4.25264450698667e-06
qlk,4.25264450698667e-06
legaci,4.25264450698667e-06
blalock,4.25264450698667e-06
offit,4.25264450698667e-06
simultaneousmov,4.25264450698667e-06
gixi,4.25264450698667e-06
tcx,4.25264450698667e-06
latitud,4.25264450698667e-06
hitherto,4.25264450698667e-06
normaliz,4.25264450698667e-06
tack,4.25264450698667e-06
fhh,4.25264450698667e-06
dorsey,4.25264450698667e-06
dga,4.25264450698667e-06
stonegeari,4.25264450698667e-06
contest,4.25264450698667e-06
registr,4.25264450698667e-06
gustavo,4.25264450698667e-06
giovanni,4.25264450698667e-06
stekler,4.25264450698667e-06
oconnel,4.25264450698667e-06
sone,4.25264450698667e-06
whiclh,4.25264450698667e-06
kobe,4.25264450698667e-06
beveridg,4.25264450698667e-06
iiif,4.25264450698667e-06
subway,4.25264450698667e-06
unad,4.25264450698667e-06
rja,4.25264450698667e-06
dww,4.25264450698667e-06
respiratori,4.25264450698667e-06
gne,4.25264450698667e-06
cwi,4.25264450698667e-06
compass,4.25264450698667e-06
lowerord,4.25264450698667e-06
timeto,4.25264450698667e-06
erik,4.25264450698667e-06
ppe,4.25264450698667e-06
olin,4.25264450698667e-06
oql,4.25264450698667e-06
covet,4.25264450698667e-06
jpe,4.25264450698667e-06
rvo,4.25264450698667e-06
premarket,4.25264450698667e-06
singu,4.25264450698667e-06
lail,4.25264450698667e-06
odi,4.25264450698667e-06
wpb,4.25264450698667e-06
bruno,4.25264450698667e-06
areaspecif,4.25264450698667e-06
dosag,4.25264450698667e-06
iph,4.25264450698667e-06
wind,4.25264450698667e-06
bjj,4.25264450698667e-06
vpk,4.25264450698667e-06
dpa,4.25264450698667e-06
tito,4.25264450698667e-06
darker,4.25264450698667e-06
bellshap,4.25264450698667e-06
impractic,4.25264450698667e-06
herr,4.25264450698667e-06
ciqi,4.25264450698667e-06
nalize,4.25264450698667e-06
tnc,4.25264450698667e-06
montmarquett,4.25264450698667e-06
aala,4.25264450698667e-06
cqs,4.25264450698667e-06
vou,4.25264450698667e-06
munic,4.25264450698667e-06
sui,4.25264450698667e-06
gilboa,4.25264450698667e-06
xac,4.25264450698667e-06
eschew,4.25264450698667e-06
pfr,4.25264450698667e-06
timeconst,4.25264450698667e-06
wut,4.25264450698667e-06
mortim,4.25264450698667e-06
kuznet,4.25264450698667e-06
cheneri,4.25264450698667e-06
contagion,4.25264450698667e-06
aav,4.25264450698667e-06
afu,4.25264450698667e-06
esf,4.25264450698667e-06
spn,4.25264450698667e-06
ajb,4.25264450698667e-06
erlbaum,4.25264450698667e-06
feinberg,4.25264450698667e-06
tenuous,4.25264450698667e-06
cthe,4.25264450698667e-06
cohn,4.25264450698667e-06
creation,4.25264450698667e-06
synthes,4.25264450698667e-06
domize,4.25264450698667e-06
conjunc,4.25264450698667e-06
tdp,4.25264450698667e-06
vtm,4.25264450698667e-06
pxq,4.25264450698667e-06
berkowitz,4.25264450698667e-06
admir,4.25264450698667e-06
xcr,4.25264450698667e-06
dlo,4.25264450698667e-06
cali,4.25264450698667e-06
bjx,4.25264450698667e-06
rlog,4.25264450698667e-06
turner,4.25264450698667e-06
cje,4.25264450698667e-06
affix,4.25264450698667e-06
ffu,4.25264450698667e-06
mos,4.25264450698667e-06
ofe,4.25264450698667e-06
wmt,4.25264450698667e-06
rsa,4.25264450698667e-06
fse,4.25264450698667e-06
ineffi,4.25264450698667e-06
interrelated,4.25264450698667e-06
snyder,4.25264450698667e-06
oxk,4.25264450698667e-06
oner,4.25264450698667e-06
grt,4.25264450698667e-06
icant,4.25264450698667e-06
friedberg,4.25264450698667e-06
plastic,4.25264450698667e-06
foil,4.25264450698667e-06
cdp,4.25264450698667e-06
adap,4.25264450698667e-06
tya,4.25264450698667e-06
uwl,4.25264450698667e-06
typo,4.25264450698667e-06
yak,4.25264450698667e-06
sie,4.25264450698667e-06
linn,4.25264450698667e-06
eqp,4.25264450698667e-06
bmt,4.25264450698667e-06
oligopolist,4.25264450698667e-06
bgi,4.25264450698667e-06
eduardo,4.25264450698667e-06
constru,4.25264450698667e-06
zdi,4.25264450698667e-06
arent,4.25264450698667e-06
syl,4.25264450698667e-06
dauphin,4.25264450698667e-06
vtc,4.25264450698667e-06
epu,4.25264450698667e-06
principia,4.25264450698667e-06
concentra,4.25264450698667e-06
nvi,4.25264450698667e-06
respon,4.25264450698667e-06
tangenc,4.25264450698667e-06
msj,4.25264450698667e-06
epr,4.25264450698667e-06
patentsrd,4.25264450698667e-06
wedg,4.25264450698667e-06
fernand,4.25264450698667e-06
ipat,4.25264450698667e-06
adv,4.25264450698667e-06
timmin,4.25264450698667e-06
rhd,4.25264450698667e-06
tick,4.25264450698667e-06
rivat,4.25264450698667e-06
gjj,4.25264450698667e-06
premerg,4.25264450698667e-06
minq,4.25264450698667e-06
marin,4.25264450698667e-06
coexist,4.25264450698667e-06
locust,4.25264450698667e-06
dro,4.25264450698667e-06
kremer,4.25264450698667e-06
cde,4.25264450698667e-06
outrag,4.25264450698667e-06
bui,4.25264450698667e-06
pua,4.25264450698667e-06
agentspecif,4.25264450698667e-06
vjr,4.25264450698667e-06
iur,4.25264450698667e-06
syncrat,4.25264450698667e-06
ebr,4.25264450698667e-06
nondecrea,4.25264450698667e-06
greenwood,4.25264450698667e-06
shlomo,4.25264450698667e-06
dml,4.25264450698667e-06
dps,4.25264450698667e-06
mec,4.25264450698667e-06
pck,4.25264450698667e-06
fsk,4.25264450698667e-06
ineffect,4.25264450698667e-06
echo,4.25264450698667e-06
voter,4.25264450698667e-06
dph,4.25264450698667e-06
deborah,4.25264450698667e-06
nue,4.25264450698667e-06
subramanian,4.25264450698667e-06
quential,4.25264450698667e-06
rider,4.25264450698667e-06
vwj,4.25264450698667e-06
halfway,4.25264450698667e-06
terrenc,4.25264450698667e-06
nonex,4.25264450698667e-06
justic,4.25264450698667e-06
lowincom,4.25264450698667e-06
unearn,4.25264450698667e-06
incorpo,4.25264450698667e-06
fah,4.25264450698667e-06
eqa,4.25264450698667e-06
saxonhous,4.25264450698667e-06
hml,4.25264450698667e-06
mlp,4.25264450698667e-06
nacion,4.25264450698667e-06
ccz,4.25264450698667e-06
estadistica,4.25264450698667e-06
atyp,4.25264450698667e-06
parameteriza,4.25264450698667e-06
lize,4.25264450698667e-06
ajaj,4.25264450698667e-06
vrr,4.25264450698667e-06
dustri,4.25264450698667e-06
yab,4.25264450698667e-06
hxh,4.25264450698667e-06
xcp,4.25264450698667e-06
mfn,4.25264450698667e-06
hlo,4.25264450698667e-06
yss,4.25264450698667e-06
joy,4.25264450698667e-06
diti,4.25264450698667e-06
unaf,4.25264450698667e-06
kle,4.25264450698667e-06
knittel,4.25264450698667e-06
ylog,4.25264450698667e-06
friday,4.25264450698667e-06
ploit,4.25264450698667e-06
catchment,4.25264450698667e-06
marinacci,4.25264450698667e-06
maxu,4.25264450698667e-06
xbl,4.25264450698667e-06
hectar,4.25264450698667e-06
rwp,4.25264450698667e-06
lane,4.25264450698667e-06
aje,4.25264450698667e-06
wfp,4.25264450698667e-06
generos,4.25264450698667e-06
pvs,4.25264450698667e-06
rye,4.25264450698667e-06
plenti,4.25264450698667e-06
njt,4.25264450698667e-06
phs,4.25264450698667e-06
rtest,4.25264450698667e-06
yjr,4.25264450698667e-06
bele,4.25264450698667e-06
pfq,4.25264450698667e-06
vixi,4.25264450698667e-06
inaccess,4.25264450698667e-06
vwl,4.25264450698667e-06
offi,4.25264450698667e-06
fiu,4.25264450698667e-06
nonrat,4.25264450698667e-06
ibx,4.25264450698667e-06
gif,4.25264450698667e-06
arbitrar,4.25264450698667e-06
fha,4.25264450698667e-06
lkk,4.25264450698667e-06
cole,4.25264450698667e-06
pion,4.25264450698667e-06
verein,4.25264450698667e-06
door,4.25264450698667e-06
ypr,4.25264450698667e-06
tution,4.25264450698667e-06
xfs,4.25264450698667e-06
planat,4.25264450698667e-06
timmer,4.25264450698667e-06
avalu,4.25264450698667e-06
ioa,4.25264450698667e-06
railroad,4.25264450698667e-06
jas,4.25264450698667e-06
higherdimension,4.25264450698667e-06
tsf,4.25264450698667e-06
pne,4.25264450698667e-06
kih,4.25264450698667e-06
loayza,4.25264450698667e-06
puw,4.25264450698667e-06
lka,4.25264450698667e-06
mcneil,4.25264450698667e-06
mick,4.25264450698667e-06
meanrevert,4.25264450698667e-06
spark,4.25264450698667e-06
atf,4.25264450698667e-06
qqt,4.25264450698667e-06
duopolist,4.25264450698667e-06
lgt,4.25264450698667e-06
yves,4.25264450698667e-06
schur,4.25264450698667e-06
tpr,4.25264450698667e-06
ewr,4.25264450698667e-06
mlh,4.25264450698667e-06
kyo,4.25264450698667e-06
jer,4.25264450698667e-06
cordoba,4.25264450698667e-06
scholast,4.25264450698667e-06
ypp,4.25264450698667e-06
peti,4.25264450698667e-06
bidask,4.25264450698667e-06
misus,4.25264450698667e-06
afm,4.25264450698667e-06
joao,4.25264450698667e-06
cradl,4.25264450698667e-06
reimer,4.25264450698667e-06
disjunct,4.25264450698667e-06
welsh,4.25264450698667e-06
pjc,4.25264450698667e-06
opin,4.25264450698667e-06
pppp,4.25264450698667e-06
btj,4.25264450698667e-06
hallock,4.25264450698667e-06
atc,4.25264450698667e-06
hugh,4.25264450698667e-06
dxa,4.25264450698667e-06
confess,4.25264450698667e-06
triv,4.25264450698667e-06
muench,4.25264450698667e-06
yjf,4.25264450698667e-06
fudenberg,4.25264450698667e-06
kyl,4.25264450698667e-06
jjk,4.25264450698667e-06
masao,4.25264450698667e-06
jih,4.25264450698667e-06
kand,4.25264450698667e-06
ipc,4.25264450698667e-06
uncrit,4.25264450698667e-06
subdivis,4.25264450698667e-06
provabl,4.25264450698667e-06
qqqq,4.25264450698667e-06
sific,4.25264450698667e-06
schoolspecif,4.25264450698667e-06
mtj,4.25264450698667e-06
caballero,4.25264450698667e-06
bump,4.25264450698667e-06
edgar,4.25264450698667e-06
tiqu,4.25264450698667e-06
chairman,4.25264450698667e-06
compr,4.25264450698667e-06
rui,4.25264450698667e-06
bcd,4.25264450698667e-06
hensiv,4.25264450698667e-06
nicaragua,4.25264450698667e-06
kov,4.25264450698667e-06
grogger,4.25264450698667e-06
ake,4.25264450698667e-06
media,4.25264450698667e-06
qoa,4.25264450698667e-06
warner,4.25264450698667e-06
crq,4.25264450698667e-06
bard,4.25264450698667e-06
montgomeri,4.25264450698667e-06
seminair,4.25264450698667e-06
xaz,4.25264450698667e-06
xxm,4.25264450698667e-06
interfirm,4.25264450698667e-06
arid,4.25264450698667e-06
bekaert,4.25264450698667e-06
aur,4.25264450698667e-06
astandard,4.25264450698667e-06
spawn,4.25264450698667e-06
saez,4.25264450698667e-06
bog,4.25264450698667e-06
copeland,4.25264450698667e-06
fiber,4.25264450698667e-06
hwt,4.25264450698667e-06
nifi,4.25264450698667e-06
cyprus,4.25264450698667e-06
economico,4.25264450698667e-06
ucr,4.25264450698667e-06
allo,4.25264450698667e-06
nonsmok,4.25264450698667e-06
siegel,4.25264450698667e-06
oog,4.25264450698667e-06
shortfal,4.25264450698667e-06
mentari,4.25264450698667e-06
onon,4.25264450698667e-06
zhong,4.25264450698667e-06
cib,4.25264450698667e-06
konstanz,4.25264450698667e-06
teed,4.25264450698667e-06
useabl,4.25264450698667e-06
ysl,4.25264450698667e-06
eoc,4.25264450698667e-06
udt,4.25264450698667e-06
trum,4.25264450698667e-06
frey,4.25264450698667e-06
reinterview,4.25264450698667e-06
arv,4.25264450698667e-06
asb,4.25264450698667e-06
pencil,4.25264450698667e-06
grain,4.25264450698667e-06
eighteenth,4.25264450698667e-06
jwt,4.25264450698667e-06
supervisor,4.25264450698667e-06
partnership,4.25264450698667e-06
byb,4.25264450698667e-06
nonr,4.25264450698667e-06
noninteg,4.25264450698667e-06
measurementerror,4.25264450698667e-06
ctr,4.25264450698667e-06
firstpric,4.25264450698667e-06
jec,4.25264450698667e-06
dtp,4.25264450698667e-06
djs,4.25264450698667e-06
dub,4.25264450698667e-06
yar,4.25264450698667e-06
mrr,4.25264450698667e-06
xxviii,4.25264450698667e-06
subsector,4.25264450698667e-06
ljo,4.25264450698667e-06
mickey,4.25264450698667e-06
sai,4.25264450698667e-06
quad,4.25264450698667e-06
xlm,4.25264450698667e-06
heft,4.25264450698667e-06
wha,4.25264450698667e-06
vho,4.25264450698667e-06
pagano,4.25264450698667e-06
owt,4.25264450698667e-06
lowwag,4.25264450698667e-06
msn,4.25264450698667e-06
hamburg,4.25264450698667e-06
qiv,4.25264450698667e-06
imping,4.25264450698667e-06
oaf,4.25264450698667e-06
utr,4.25264450698667e-06
undergo,4.25264450698667e-06
incr,4.25264450698667e-06
macbeth,4.25264450698667e-06
ttb,4.25264450698667e-06
swe,4.25264450698667e-06
pup,4.25264450698667e-06
ventur,4.25264450698667e-06
rrl,4.25264450698667e-06
widelyus,4.25264450698667e-06
palfrey,4.25264450698667e-06
intel,4.25264450698667e-06
consumptionbas,4.25264450698667e-06
rrp,4.25264450698667e-06
cpc,4.25264450698667e-06
jwi,4.25264450698667e-06
anb,4.25264450698667e-06
gei,4.25264450698667e-06
jpn,4.25264450698667e-06
andd,4.25264450698667e-06
aek,4.25264450698667e-06
blog,4.25264450698667e-06
reassign,4.25264450698667e-06
oal,4.25264450698667e-06
ega,4.25264450698667e-06
aldrich,4.25264450698667e-06
reidel,4.25264450698667e-06
bitrarili,4.25264450698667e-06
yond,4.25264450698667e-06
wln,4.25264450698667e-06
vlb,4.25264450698667e-06
clue,4.25264450698667e-06
svt,4.25264450698667e-06
crb,4.25264450698667e-06
maxb,4.25264450698667e-06
transvers,4.25264450698667e-06
obrien,4.25264450698667e-06
jaff,4.25264450698667e-06
fnd,4.25264450698667e-06
gik,4.25264450698667e-06
safeti,4.25264450698667e-06
brick,4.25264450698667e-06
onetenth,4.25264450698667e-06
clu,4.25264450698667e-06
defend,4.25264450698667e-06
nationalokonomi,4.25264450698667e-06
herhi,4.25264450698667e-06
ctm,4.25264450698667e-06
uoa,4.25264450698667e-06
rephras,4.25264450698667e-06
eighti,4.25264450698667e-06
fba,4.25264450698667e-06
wellstudi,4.25264450698667e-06
marco,4.25264450698667e-06
unaccount,4.25264450698667e-06
doll,4.25264450698667e-06
symm,4.25264450698667e-06
gop,4.25264450698667e-06
sbi,4.25264450698667e-06
onf,4.25264450698667e-06
organis,4.25264450698667e-06
consol,4.25264450698667e-06
cheapli,4.25264450698667e-06
ivc,4.25264450698667e-06
lixi,4.25264450698667e-06
osaka,4.25264450698667e-06
bowl,4.25264450698667e-06
luckili,4.25264450698667e-06
sou,4.25264450698667e-06
dthe,4.25264450698667e-06
princ,4.25264450698667e-06
ghg,4.25264450698667e-06
bingley,4.25264450698667e-06
adhoc,4.25264450698667e-06
wrx,4.25264450698667e-06
indiscrimin,4.25264450698667e-06
unfavour,4.25264450698667e-06
tsinghua,4.25264450698667e-06
castro,4.25264450698667e-06
pqn,4.25264450698667e-06
cim,4.25264450698667e-06
dampen,4.25264450698667e-06
unconcentr,4.25264450698667e-06
wsl,4.25264450698667e-06
yel,4.25264450698667e-06
sirey,4.25264450698667e-06
fop,4.25264450698667e-06
ujn,4.25264450698667e-06
gns,4.25264450698667e-06
sweeney,4.25264450698667e-06
nore,4.25264450698667e-06
wre,4.25264450698667e-06
valencia,4.25264450698667e-06
padova,4.25264450698667e-06
veget,4.25264450698667e-06
loe,4.25264450698667e-06
panacea,4.25264450698667e-06
maximi,4.25264450698667e-06
aaron,4.25264450698667e-06
inordin,4.25264450698667e-06
naliz,4.25264450698667e-06
mvi,4.25264450698667e-06
seg,4.25264450698667e-06
nwe,4.25264450698667e-06
genson,4.25264450698667e-06
dta,4.25264450698667e-06
quirk,4.25264450698667e-06
klo,4.25264450698667e-06
doubtless,4.25264450698667e-06
larson,4.25264450698667e-06
agegroup,4.25264450698667e-06
pgl,4.25264450698667e-06
spx,4.25264450698667e-06
gct,4.25264450698667e-06
keim,4.25264450698667e-06
wilhelm,4.25264450698667e-06
acq,4.25264450698667e-06
bau,4.25264450698667e-06
bilater,4.25264450698667e-06
nator,4.25264450698667e-06
pfc,4.25264450698667e-06
fernandezvillaverd,4.25264450698667e-06
dashdot,4.25264450698667e-06
rbc,4.25264450698667e-06
dpm,4.25264450698667e-06
thornton,4.25264450698667e-06
mismatch,4.25264450698667e-06
uphil,4.25264450698667e-06
hlp,4.25264450698667e-06
cline,4.25264450698667e-06
sternberg,4.25264450698667e-06
coke,4.25264450698667e-06
psk,4.25264450698667e-06
hogan,4.25264450698667e-06
bushel,4.25264450698667e-06
atheoret,4.25264450698667e-06
hbt,4.25264450698667e-06
withinmarket,4.25264450698667e-06
nchs,4.25264450698667e-06
patricia,4.25264450698667e-06
taw,4.25264450698667e-06
lnq,4.25264450698667e-06
wilkinson,4.25264450698667e-06
consequenti,4.25264450698667e-06
mol,4.25264450698667e-06
qjk,4.25264450698667e-06
sono,4.25264450698667e-06
perrign,4.25264450698667e-06
proofread,4.25264450698667e-06
austrian,4.25264450698667e-06
ycl,4.25264450698667e-06
utrecht,4.25264450698667e-06
kellogg,4.25264450698667e-06
jip,4.25264450698667e-06
ler,4.25264450698667e-06
cck,4.25264450698667e-06
manfr,4.25264450698667e-06
northern,4.25264450698667e-06
forb,4.25264450698667e-06
ctyt,4.25264450698667e-06
mtx,4.25264450698667e-06
fulbright,4.25264450698667e-06
magazin,4.25264450698667e-06
yist,4.25264450698667e-06
ong,4.25264450698667e-06
ige,4.25264450698667e-06
paulson,4.25264450698667e-06
restart,4.25264450698667e-06
nonhuman,4.25264450698667e-06
encom,4.25264450698667e-06
isin,4.25264450698667e-06
brett,4.25264450698667e-06
pex,4.25264450698667e-06
joan,4.25264450698667e-06
mlj,4.25264450698667e-06
enn,4.25264450698667e-06
tsa,4.25264450698667e-06
unhelp,4.25264450698667e-06
woglom,4.25264450698667e-06
woodrow,4.25264450698667e-06
fef,4.25264450698667e-06
byf,4.25264450698667e-06
contrad,4.25264450698667e-06
chc,4.25264450698667e-06
pravin,4.25264450698667e-06
urm,4.25264450698667e-06
snapshot,4.25264450698667e-06
dgj,4.25264450698667e-06
easley,4.25264450698667e-06
spectacular,4.25264450698667e-06
wpx,4.25264450698667e-06
tempo,4.25264450698667e-06
trough,4.25264450698667e-06
hypersurfac,4.25264450698667e-06
conlisk,4.25264450698667e-06
nonunit,4.25264450698667e-06
xrp,4.25264450698667e-06
zif,4.25264450698667e-06
journlal,4.25264450698667e-06
qib,4.25264450698667e-06
persi,4.25264450698667e-06
novelti,4.25264450698667e-06
cxiv,4.25264450698667e-06
unlag,4.25264450698667e-06
conson,4.25264450698667e-06
instat,4.25264450698667e-06
brb,4.25264450698667e-06
qtc,4.25264450698667e-06
rbl,4.25264450698667e-06
columbus,4.25264450698667e-06
cah,4.25264450698667e-06
tfp,4.25264450698667e-06
oneon,4.25264450698667e-06
torben,4.25264450698667e-06
tize,4.25264450698667e-06
xpj,4.25264450698667e-06
pps,4.25264450698667e-06
amit,4.25264450698667e-06
ixb,4.25264450698667e-06
imit,4.25264450698667e-06
disper,4.25264450698667e-06
vaj,4.25264450698667e-06
organiz,4.25264450698667e-06
intl,4.25264450698667e-06
emphat,4.25264450698667e-06
denomi,4.25264450698667e-06
wib,4.25264450698667e-06
athi,4.25264450698667e-06
plxl,4.25264450698667e-06
disrupt,4.25264450698667e-06
schuster,4.25264450698667e-06
vessel,4.25264450698667e-06
twopart,4.25264450698667e-06
cass,4.25264450698667e-06
bureaus,4.25264450698667e-06
rco,4.25264450698667e-06
overstat,4.25264450698667e-06
multidimen,4.25264450698667e-06
revisionist,4.25264450698667e-06
aep,4.25264450698667e-06
firstround,4.25264450698667e-06
nrc,4.25264450698667e-06
shanghai,4.25264450698667e-06
tcd,4.25264450698667e-06
fiii,4.25264450698667e-06
afix,4.25264450698667e-06
fns,4.25264450698667e-06
nig,4.25264450698667e-06
jano,4.25264450698667e-06
aiti,4.25264450698667e-06
maj,4.25264450698667e-06
tricki,4.25264450698667e-06
commend,4.25264450698667e-06
sey,4.25264450698667e-06
dvelopp,4.25264450698667e-06
tid,4.25264450698667e-06
wad,4.25264450698667e-06
clcl,4.25264450698667e-06
ulr,4.25264450698667e-06
argentina,4.25264450698667e-06
vigor,4.25264450698667e-06
bjrklund,4.25264450698667e-06
brownle,4.25264450698667e-06
abstracta,4.25264450698667e-06
commonwealth,4.25264450698667e-06
decept,4.25264450698667e-06
inst,4.25264450698667e-06
tire,4.25264450698667e-06
assoc,4.25264450698667e-06
ymm,4.25264450698667e-06
crowd,4.25264450698667e-06
politiqu,4.25264450698667e-06
berkovec,4.25264450698667e-06
phe,4.25264450698667e-06
jht,4.25264450698667e-06
expir,4.25264450698667e-06
millar,4.25264450698667e-06
aijt,4.25264450698667e-06
apd,4.25264450698667e-06
nineteen,4.25264450698667e-06
gtg,4.25264450698667e-06
etri,4.25264450698667e-06
guryan,4.25264450698667e-06
imp,4.25264450698667e-06
mps,4.25264450698667e-06
eja,4.25264450698667e-06
lubik,4.25264450698667e-06
pkj,4.25264450698667e-06
ptu,4.25264450698667e-06
gpl,4.25264450698667e-06
orley,4.25264450698667e-06
ifd,4.25264450698667e-06
listen,4.25264450698667e-06
ecuador,4.25264450698667e-06
oim,4.25264450698667e-06
vdp,4.25264450698667e-06
mra,4.25264450698667e-06
ride,4.25264450698667e-06
pwl,4.25264450698667e-06
workrel,4.25264450698667e-06
zona,4.25264450698667e-06
subcov,4.25264450698667e-06
regrett,4.25264450698667e-06
nnj,4.25264450698667e-06
alston,4.25264450698667e-06
yye,4.25264450698667e-06
guggenheim,4.25264450698667e-06
umt,4.25264450698667e-06
ief,4.25264450698667e-06
clv,4.25264450698667e-06
idc,4.25264450698667e-06
ccx,4.25264450698667e-06
qrq,4.25264450698667e-06
duti,4.25264450698667e-06
preview,4.25264450698667e-06
jmt,4.25264450698667e-06
kwan,4.25264450698667e-06
spondenc,4.25264450698667e-06
wpp,4.25264450698667e-06
benassi,4.25264450698667e-06
rfc,4.25264450698667e-06
scal,4.25264450698667e-06
ioe,4.25264450698667e-06
gist,4.25264450698667e-06
obi,4.25264450698667e-06
steeper,4.25264450698667e-06
lsl,4.25264450698667e-06
contextu,4.25264450698667e-06
manor,4.25264450698667e-06
ilil,4.25264450698667e-06
gre,4.25264450698667e-06
repartit,4.25264450698667e-06
septem,4.25264450698667e-06
olg,4.25264450698667e-06
unstandard,4.25264450698667e-06
qls,4.25264450698667e-06
ocb,4.25264450698667e-06
irrate,4.25264450698667e-06
tew,4.25264450698667e-06
parallelogram,4.25264450698667e-06
abe,4.25264450698667e-06
adda,4.25264450698667e-06
cabl,4.25264450698667e-06
derek,4.25264450698667e-06
xrl,4.25264450698667e-06
nex,4.25264450698667e-06
upf,4.25264450698667e-06
rework,4.25264450698667e-06
cett,4.25264450698667e-06
luniversit,4.25264450698667e-06
quotat,4.25264450698667e-06
tecnologia,4.25264450698667e-06
shibata,4.25264450698667e-06
stanton,4.25264450698667e-06
exer,4.25264450698667e-06
httpwwweconometricsocietyorgectasupmatdata,4.25264450698667e-06
yls,4.25264450698667e-06
ctd,4.25264450698667e-06
ozo,4.25264450698667e-06
plw,4.25264450698667e-06
vom,4.25264450698667e-06
proc,4.25264450698667e-06
sip,4.25264450698667e-06
empha,4.25264450698667e-06
nutrit,4.25264450698667e-06
fwr,4.25264450698667e-06
returnstoscal,4.25264450698667e-06
gali,4.25264450698667e-06
bliss,4.25264450698667e-06
rig,4.25264450698667e-06
seu,4.25264450698667e-06
exterior,4.25264450698667e-06
eup,4.25264450698667e-06
admi,4.25264450698667e-06
halflin,4.25264450698667e-06
stateoftheart,4.25264450698667e-06
contra,4.25264450698667e-06
uol,4.25264450698667e-06
blc,4.25264450698667e-06
ffe,4.25264450698667e-06
dickinson,4.25264450698667e-06
ohi,4.25264450698667e-06
blu,4.25264450698667e-06
zim,4.25264450698667e-06
xwl,4.25264450698667e-06
kling,4.25264450698667e-06
mtp,4.25264450698667e-06
cjo,4.25264450698667e-06
theorv,4.25264450698667e-06
nonconform,4.25264450698667e-06
iow,4.25264450698667e-06
maxmin,4.25264450698667e-06
fvf,4.25264450698667e-06
letf,4.25264450698667e-06
leftward,4.25264450698667e-06
upo,4.25264450698667e-06
kentucki,4.25264450698667e-06
jui,4.25264450698667e-06
pad,4.25264450698667e-06
tinm,4.25264450698667e-06
famil,4.25264450698667e-06
econometriqu,4.25264450698667e-06
selfevid,4.25264450698667e-06
forschung,4.25264450698667e-06
missibl,4.25264450698667e-06
vqi,4.25264450698667e-06
kris,4.25264450698667e-06
informationbas,4.25264450698667e-06
ytst,4.25264450698667e-06
obliqu,4.25264450698667e-06
ancl,4.25264450698667e-06
shinichi,4.25264450698667e-06
vyj,4.25264450698667e-06
pkp,4.25264450698667e-06
xrs,4.25264450698667e-06
rcn,4.25264450698667e-06
eua,4.25264450698667e-06
varan,4.25264450698667e-06
niti,4.25264450698667e-06
monti,4.25264450698667e-06
gab,4.25264450698667e-06
tlh,4.25264450698667e-06
forr,4.25264450698667e-06
xpa,4.25264450698667e-06
rkt,4.25264450698667e-06
gor,4.25264450698667e-06
onestepahead,4.25264450698667e-06
dfq,4.25264450698667e-06
cpr,4.25264450698667e-06
xro,4.25264450698667e-06
farley,4.25264450698667e-06
obc,4.25264450698667e-06
meier,4.25264450698667e-06
periodt,4.25264450698667e-06
yrj,4.25264450698667e-06
scatterplot,4.25264450698667e-06
viic,4.25264450698667e-06
told,4.25264450698667e-06
idimension,4.25264450698667e-06
merican,4.25264450698667e-06
uul,4.25264450698667e-06
vov,4.25264450698667e-06
tac,4.25264450698667e-06
jrs,4.25264450698667e-06
zame,4.25264450698667e-06
assa,4.25264450698667e-06
bernank,4.25264450698667e-06
svn,4.25264450698667e-06
gts,4.25264450698667e-06
iad,4.25264450698667e-06
rya,4.25264450698667e-06
hem,4.25264450698667e-06
mifflin,4.25264450698667e-06
tooo,4.25264450698667e-06
satellit,4.25264450698667e-06
pyk,4.25264450698667e-06
decisiontheoret,4.25264450698667e-06
imj,4.25264450698667e-06
tas,4.25264450698667e-06
julia,4.25264450698667e-06
inef,4.25264450698667e-06
ges,4.25264450698667e-06
ome,4.25264450698667e-06
olivi,4.25264450698667e-06
dav,4.25264450698667e-06
ctz,4.25264450698667e-06
accep,4.25264450698667e-06
compa,4.25264450698667e-06
inkl,3.4021156055893356e-06
boskin,3.4021156055893356e-06
rff,3.4021156055893356e-06
httpssrncomabstract,3.4021156055893356e-06
clockwis,3.4021156055893356e-06
aill,3.4021156055893356e-06
measuretheoret,3.4021156055893356e-06
westinghous,3.4021156055893356e-06
uff,3.4021156055893356e-06
miniatur,3.4021156055893356e-06
morocco,3.4021156055893356e-06
symon,3.4021156055893356e-06
dorothi,3.4021156055893356e-06
cep,3.4021156055893356e-06
thirtytwo,3.4021156055893356e-06
orazio,3.4021156055893356e-06
donn,3.4021156055893356e-06
cesifo,3.4021156055893356e-06
guay,3.4021156055893356e-06
kobayashi,3.4021156055893356e-06
fih,3.4021156055893356e-06
outofwork,3.4021156055893356e-06
wwww,3.4021156055893356e-06
manytoon,3.4021156055893356e-06
donaldson,3.4021156055893356e-06
voj,3.4021156055893356e-06
lye,3.4021156055893356e-06
donne,3.4021156055893356e-06
salaimartin,3.4021156055893356e-06
zimmer,3.4021156055893356e-06
sooner,3.4021156055893356e-06
tbr,3.4021156055893356e-06
danni,3.4021156055893356e-06
redon,3.4021156055893356e-06
tke,3.4021156055893356e-06
countryspecif,3.4021156055893356e-06
nich,3.4021156055893356e-06
attanasio,3.4021156055893356e-06
mirrorimag,3.4021156055893356e-06
peut,3.4021156055893356e-06
ash,3.4021156055893356e-06
refus,3.4021156055893356e-06
vorabl,3.4021156055893356e-06
lacroix,3.4021156055893356e-06
prim,3.4021156055893356e-06
rpn,3.4021156055893356e-06
bih,3.4021156055893356e-06
jlk,3.4021156055893356e-06
dqdt,3.4021156055893356e-06
rhl,3.4021156055893356e-06
sdfs,3.4021156055893356e-06
kos,3.4021156055893356e-06
ufa,3.4021156055893356e-06
vcs,3.4021156055893356e-06
hid,3.4021156055893356e-06
btp,3.4021156055893356e-06
eum,3.4021156055893356e-06
rqj,3.4021156055893356e-06
mussa,3.4021156055893356e-06
tiplier,3.4021156055893356e-06
kenya,3.4021156055893356e-06
logarith,3.4021156055893356e-06
kpl,3.4021156055893356e-06
qpn,3.4021156055893356e-06
wlm,3.4021156055893356e-06
mbs,3.4021156055893356e-06
tbe,3.4021156055893356e-06
gte,3.4021156055893356e-06
holi,3.4021156055893356e-06
nam,3.4021156055893356e-06
hls,3.4021156055893356e-06
pfh,3.4021156055893356e-06
irwin,3.4021156055893356e-06
hirschman,3.4021156055893356e-06
abba,3.4021156055893356e-06
witl,3.4021156055893356e-06
teen,3.4021156055893356e-06
nairu,3.4021156055893356e-06
comm,3.4021156055893356e-06
momentarili,3.4021156055893356e-06
brewer,3.4021156055893356e-06
tautolog,3.4021156055893356e-06
isx,3.4021156055893356e-06
lung,3.4021156055893356e-06
weo,3.4021156055893356e-06
clm,3.4021156055893356e-06
frc,3.4021156055893356e-06
ndt,3.4021156055893356e-06
fallen,3.4021156055893356e-06
gcc,3.4021156055893356e-06
klett,3.4021156055893356e-06
oig,3.4021156055893356e-06
vmm,3.4021156055893356e-06
banker,3.4021156055893356e-06
scj,3.4021156055893356e-06
camera,3.4021156055893356e-06
kjo,3.4021156055893356e-06
danc,3.4021156055893356e-06
ogniz,3.4021156055893356e-06
dartmouth,3.4021156055893356e-06
subtleti,3.4021156055893356e-06
forbidden,3.4021156055893356e-06
auf,3.4021156055893356e-06
unqualifi,3.4021156055893356e-06
fiir,3.4021156055893356e-06
cram,3.4021156055893356e-06
tpa,3.4021156055893356e-06
byrn,3.4021156055893356e-06
qipi,3.4021156055893356e-06
ridicul,3.4021156055893356e-06
goff,3.4021156055893356e-06
sau,3.4021156055893356e-06
chew,3.4021156055893356e-06
hopenhayn,3.4021156055893356e-06
kahan,3.4021156055893356e-06
einav,3.4021156055893356e-06
bansal,3.4021156055893356e-06
uncompens,3.4021156055893356e-06
adject,3.4021156055893356e-06
lum,3.4021156055893356e-06
leng,3.4021156055893356e-06
xps,3.4021156055893356e-06
aftertax,3.4021156055893356e-06
lss,3.4021156055893356e-06
nick,3.4021156055893356e-06
lewellen,3.4021156055893356e-06
flood,3.4021156055893356e-06
macleod,3.4021156055893356e-06
kotlikoff,3.4021156055893356e-06
rotemberg,3.4021156055893356e-06
exempt,3.4021156055893356e-06
dispo,3.4021156055893356e-06
jcm,3.4021156055893356e-06
eliminat,3.4021156055893356e-06
payoffrelev,3.4021156055893356e-06
capitalintens,3.4021156055893356e-06
thrust,3.4021156055893356e-06
walrasbowley,3.4021156055893356e-06
menon,3.4021156055893356e-06
giffen,3.4021156055893356e-06
mna,3.4021156055893356e-06
ilc,3.4021156055893356e-06
kravi,3.4021156055893356e-06
flexi,3.4021156055893356e-06
leigh,3.4021156055893356e-06
dtf,3.4021156055893356e-06
signedrank,3.4021156055893356e-06
elec,3.4021156055893356e-06
burgeon,3.4021156055893356e-06
transac,3.4021156055893356e-06
ofeconom,3.4021156055893356e-06
queri,3.4021156055893356e-06
bcl,3.4021156055893356e-06
djankov,3.4021156055893356e-06
ometr,3.4021156055893356e-06
valletta,3.4021156055893356e-06
bci,3.4021156055893356e-06
welldetermin,3.4021156055893356e-06
violant,3.4021156055893356e-06
plc,3.4021156055893356e-06
rett,3.4021156055893356e-06
misinform,3.4021156055893356e-06
gua,3.4021156055893356e-06
fcn,3.4021156055893356e-06
hypotheti,3.4021156055893356e-06
iiie,3.4021156055893356e-06
oneto,3.4021156055893356e-06
uppermost,3.4021156055893356e-06
pda,3.4021156055893356e-06
hoeffler,3.4021156055893356e-06
rda,3.4021156055893356e-06
econoinetrica,3.4021156055893356e-06
walra,3.4021156055893356e-06
goodwin,3.4021156055893356e-06
universita,3.4021156055893356e-06
jaap,3.4021156055893356e-06
convexifi,3.4021156055893356e-06
timo,3.4021156055893356e-06
jfc,3.4021156055893356e-06
manipula,3.4021156055893356e-06
overr,3.4021156055893356e-06
plish,3.4021156055893356e-06
aeb,3.4021156055893356e-06
vertibl,3.4021156055893356e-06
elemen,3.4021156055893356e-06
qac,3.4021156055893356e-06
xpq,3.4021156055893356e-06
massiv,3.4021156055893356e-06
wpf,3.4021156055893356e-06
xsa,3.4021156055893356e-06
poqo,3.4021156055893356e-06
cbl,3.4021156055893356e-06
asia,3.4021156055893356e-06
meteorolog,3.4021156055893356e-06
xerox,3.4021156055893356e-06
troduct,3.4021156055893356e-06
logtot,3.4021156055893356e-06
perus,3.4021156055893356e-06
hubert,3.4021156055893356e-06
luxembourg,3.4021156055893356e-06
universitair,3.4021156055893356e-06
swidinski,3.4021156055893356e-06
diver,3.4021156055893356e-06
alai,3.4021156055893356e-06
soli,3.4021156055893356e-06
bite,3.4021156055893356e-06
fhl,3.4021156055893356e-06
sampson,3.4021156055893356e-06
cusp,3.4021156055893356e-06
scs,3.4021156055893356e-06
ycs,3.4021156055893356e-06
vanderkamp,3.4021156055893356e-06
irrel,3.4021156055893356e-06
lkt,3.4021156055893356e-06
ltc,3.4021156055893356e-06
christofid,3.4021156055893356e-06
iod,3.4021156055893356e-06
axm,3.4021156055893356e-06
uec,3.4021156055893356e-06
lindahl,3.4021156055893356e-06
ternal,3.4021156055893356e-06
dictor,3.4021156055893356e-06
video,3.4021156055893356e-06
hadar,3.4021156055893356e-06
personspecif,3.4021156055893356e-06
dso,3.4021156055893356e-06
temptat,3.4021156055893356e-06
stake,3.4021156055893356e-06
foolish,3.4021156055893356e-06
multiag,3.4021156055893356e-06
rebelo,3.4021156055893356e-06
sincer,3.4021156055893356e-06
esther,3.4021156055893356e-06
sag,3.4021156055893356e-06
dupa,3.4021156055893356e-06
ubi,3.4021156055893356e-06
labl,3.4021156055893356e-06
transporta,3.4021156055893356e-06
honest,3.4021156055893356e-06
evp,3.4021156055893356e-06
counteract,3.4021156055893356e-06
sbt,3.4021156055893356e-06
jrr,3.4021156055893356e-06
pae,3.4021156055893356e-06
ipm,3.4021156055893356e-06
emeri,3.4021156055893356e-06
multilevel,3.4021156055893356e-06
atz,3.4021156055893356e-06
plausi,3.4021156055893356e-06
nomenon,3.4021156055893356e-06
helm,3.4021156055893356e-06
steepli,3.4021156055893356e-06
cpm,3.4021156055893356e-06
rithmic,3.4021156055893356e-06
qet,3.4021156055893356e-06
pwe,3.4021156055893356e-06
mpl,3.4021156055893356e-06
pbx,3.4021156055893356e-06
cpk,3.4021156055893356e-06
yrn,3.4021156055893356e-06
torr,3.4021156055893356e-06
aperiod,3.4021156055893356e-06
epq,3.4021156055893356e-06
pqa,3.4021156055893356e-06
ipit,3.4021156055893356e-06
overvalu,3.4021156055893356e-06
vel,3.4021156055893356e-06
afb,3.4021156055893356e-06
ujk,3.4021156055893356e-06
greenwald,3.4021156055893356e-06
dominitz,3.4021156055893356e-06
ifu,3.4021156055893356e-06
nondomin,3.4021156055893356e-06
unus,3.4021156055893356e-06
reci,3.4021156055893356e-06
wiscon,3.4021156055893356e-06
pcl,3.4021156055893356e-06
rnf,3.4021156055893356e-06
lus,3.4021156055893356e-06
nhs,3.4021156055893356e-06
catalog,3.4021156055893356e-06
uscript,3.4021156055893356e-06
pars,3.4021156055893356e-06
uqi,3.4021156055893356e-06
dob,3.4021156055893356e-06
sertat,3.4021156055893356e-06
dja,3.4021156055893356e-06
barrio,3.4021156055893356e-06
biesebroeck,3.4021156055893356e-06
unexplor,3.4021156055893356e-06
nonran,3.4021156055893356e-06
equationi,3.4021156055893356e-06
rsj,3.4021156055893356e-06
fps,3.4021156055893356e-06
tce,3.4021156055893356e-06
starkest,3.4021156055893356e-06
egl,3.4021156055893356e-06
qqo,3.4021156055893356e-06
equilibr,3.4021156055893356e-06
inflex,3.4021156055893356e-06
newer,3.4021156055893356e-06
nonferr,3.4021156055893356e-06
vsj,3.4021156055893356e-06
goodhart,3.4021156055893356e-06
yep,3.4021156055893356e-06
venti,3.4021156055893356e-06
bian,3.4021156055893356e-06
cogent,3.4021156055893356e-06
ldt,3.4021156055893356e-06
htj,3.4021156055893356e-06
loecker,3.4021156055893356e-06
kazuo,3.4021156055893356e-06
mep,3.4021156055893356e-06
rationaliza,3.4021156055893356e-06
naf,3.4021156055893356e-06
lwe,3.4021156055893356e-06
zas,3.4021156055893356e-06
rrq,3.4021156055893356e-06
ejr,3.4021156055893356e-06
feu,3.4021156055893356e-06
zkl,3.4021156055893356e-06
cds,3.4021156055893356e-06
sichel,3.4021156055893356e-06
mcm,3.4021156055893356e-06
fate,3.4021156055893356e-06
tql,3.4021156055893356e-06
nthe,3.4021156055893356e-06
imr,3.4021156055893356e-06
subproblem,3.4021156055893356e-06
maskin,3.4021156055893356e-06
rtc,3.4021156055893356e-06
aiyi,3.4021156055893356e-06
klevorick,3.4021156055893356e-06
underway,3.4021156055893356e-06
yand,3.4021156055893356e-06
xja,3.4021156055893356e-06
iila,3.4021156055893356e-06
mograph,3.4021156055893356e-06
wul,3.4021156055893356e-06
ethic,3.4021156055893356e-06
uxl,3.4021156055893356e-06
indigen,3.4021156055893356e-06
alderman,3.4021156055893356e-06
nonact,3.4021156055893356e-06
simoni,3.4021156055893356e-06
vaughan,3.4021156055893356e-06
dark,3.4021156055893356e-06
statistiek,3.4021156055893356e-06
zen,3.4021156055893356e-06
tjf,3.4021156055893356e-06
brienn,3.4021156055893356e-06
efg,3.4021156055893356e-06
killingsworth,3.4021156055893356e-06
swl,3.4021156055893356e-06
arena,3.4021156055893356e-06
aspir,3.4021156055893356e-06
interpola,3.4021156055893356e-06
ved,3.4021156055893356e-06
wvt,3.4021156055893356e-06
karsten,3.4021156055893356e-06
cdi,3.4021156055893356e-06
ailn,3.4021156055893356e-06
fen,3.4021156055893356e-06
alni,3.4021156055893356e-06
ena,3.4021156055893356e-06
waterloo,3.4021156055893356e-06
nrs,3.4021156055893356e-06
sensitiv,3.4021156055893356e-06
derestim,3.4021156055893356e-06
modular,3.4021156055893356e-06
ihh,3.4021156055893356e-06
welldiversifi,3.4021156055893356e-06
directori,3.4021156055893356e-06
jlo,3.4021156055893356e-06
wen,3.4021156055893356e-06
yiv,3.4021156055893356e-06
aeo,3.4021156055893356e-06
demandfor,3.4021156055893356e-06
abut,3.4021156055893356e-06
inciden,3.4021156055893356e-06
mutu,3.4021156055893356e-06
tfm,3.4021156055893356e-06
lognor,3.4021156055893356e-06
kel,3.4021156055893356e-06
nrl,3.4021156055893356e-06
vent,3.4021156055893356e-06
submarket,3.4021156055893356e-06
huntington,3.4021156055893356e-06
overturn,3.4021156055893356e-06
craft,3.4021156055893356e-06
yap,3.4021156055893356e-06
onefourth,3.4021156055893356e-06
mct,3.4021156055893356e-06
atlas,3.4021156055893356e-06
shan,3.4021156055893356e-06
iabl,3.4021156055893356e-06
quasiconcav,3.4021156055893356e-06
nicol,3.4021156055893356e-06
usj,3.4021156055893356e-06
stoni,3.4021156055893356e-06
arf,3.4021156055893356e-06
fvl,3.4021156055893356e-06
mainstream,3.4021156055893356e-06
bye,3.4021156055893356e-06
srj,3.4021156055893356e-06
lmm,3.4021156055893356e-06
unscal,3.4021156055893356e-06
denom,3.4021156055893356e-06
fms,3.4021156055893356e-06
olr,3.4021156055893356e-06
dka,3.4021156055893356e-06
nonmetal,3.4021156055893356e-06
vyp,3.4021156055893356e-06
icc,3.4021156055893356e-06
pkc,3.4021156055893356e-06
startl,3.4021156055893356e-06
leed,3.4021156055893356e-06
nian,3.4021156055893356e-06
laborforc,3.4021156055893356e-06
respecif,3.4021156055893356e-06
wyom,3.4021156055893356e-06
aforemen,3.4021156055893356e-06
lander,3.4021156055893356e-06
rebat,3.4021156055893356e-06
dasheddot,3.4021156055893356e-06
endors,3.4021156055893356e-06
iop,3.4021156055893356e-06
aow,3.4021156055893356e-06
sidgwick,3.4021156055893356e-06
denci,3.4021156055893356e-06
sene,3.4021156055893356e-06
pkpk,3.4021156055893356e-06
landi,3.4021156055893356e-06
safeguard,3.4021156055893356e-06
missouri,3.4021156055893356e-06
intercountri,3.4021156055893356e-06
objection,3.4021156055893356e-06
bml,3.4021156055893356e-06
ruiz,3.4021156055893356e-06
kaiser,3.4021156055893356e-06
pergamon,3.4021156055893356e-06
rabil,3.4021156055893356e-06
nonstructur,3.4021156055893356e-06
roc,3.4021156055893356e-06
vak,3.4021156055893356e-06
mig,3.4021156055893356e-06
asw,3.4021156055893356e-06
rex,3.4021156055893356e-06
phenom,3.4021156055893356e-06
qel,3.4021156055893356e-06
monetar,3.4021156055893356e-06
rwt,3.4021156055893356e-06
etienn,3.4021156055893356e-06
ykp,3.4021156055893356e-06
iqq,3.4021156055893356e-06
seth,3.4021156055893356e-06
bok,3.4021156055893356e-06
eep,3.4021156055893356e-06
luc,3.4021156055893356e-06
deme,3.4021156055893356e-06
recipro,3.4021156055893356e-06
riw,3.4021156055893356e-06
interdepen,3.4021156055893356e-06
microfound,3.4021156055893356e-06
upperright,3.4021156055893356e-06
wdt,3.4021156055893356e-06
cbd,3.4021156055893356e-06
miliar,3.4021156055893356e-06
wko,3.4021156055893356e-06
xae,3.4021156055893356e-06
epv,3.4021156055893356e-06
agk,3.4021156055893356e-06
childbear,3.4021156055893356e-06
government,3.4021156055893356e-06
carryov,3.4021156055893356e-06
maastricht,3.4021156055893356e-06
neu,3.4021156055893356e-06
loj,3.4021156055893356e-06
priceincom,3.4021156055893356e-06
sinai,3.4021156055893356e-06
veil,3.4021156055893356e-06
puc,3.4021156055893356e-06
olp,3.4021156055893356e-06
allt,3.4021156055893356e-06
launch,3.4021156055893356e-06
pws,3.4021156055893356e-06
threeparamet,3.4021156055893356e-06
wilbert,3.4021156055893356e-06
inelig,3.4021156055893356e-06
demandsid,3.4021156055893356e-06
newspap,3.4021156055893356e-06
gear,3.4021156055893356e-06
busto,3.4021156055893356e-06
hea,3.4021156055893356e-06
dearden,3.4021156055893356e-06
purif,3.4021156055893356e-06
vma,3.4021156055893356e-06
nonsouth,3.4021156055893356e-06
detud,3.4021156055893356e-06
sterdam,3.4021156055893356e-06
vita,3.4021156055893356e-06
indonesian,3.4021156055893356e-06
coz,3.4021156055893356e-06
onthejob,3.4021156055893356e-06
kct,3.4021156055893356e-06
uab,3.4021156055893356e-06
pisi,3.4021156055893356e-06
ofd,3.4021156055893356e-06
cializ,3.4021156055893356e-06
dsdt,3.4021156055893356e-06
circumflex,3.4021156055893356e-06
gos,3.4021156055893356e-06
recommen,3.4021156055893356e-06
competi,3.4021156055893356e-06
glp,3.4021156055893356e-06
jand,3.4021156055893356e-06
commi,3.4021156055893356e-06
alyz,3.4021156055893356e-06
kap,3.4021156055893356e-06
lian,3.4021156055893356e-06
laitin,3.4021156055893356e-06
ajit,3.4021156055893356e-06
valua,3.4021156055893356e-06
interrupt,3.4021156055893356e-06
breach,3.4021156055893356e-06
idp,3.4021156055893356e-06
threeway,3.4021156055893356e-06
ypw,3.4021156055893356e-06
septembernovemb,3.4021156055893356e-06
rmm,3.4021156055893356e-06
npv,3.4021156055893356e-06
rtz,3.4021156055893356e-06
dament,3.4021156055893356e-06
olk,3.4021156055893356e-06
rockvill,3.4021156055893356e-06
erg,3.4021156055893356e-06
gbr,3.4021156055893356e-06
fectiv,3.4021156055893356e-06
vcv,3.4021156055893356e-06
wade,3.4021156055893356e-06
ppw,3.4021156055893356e-06
longman,3.4021156055893356e-06
rtv,3.4021156055893356e-06
zrx,3.4021156055893356e-06
pbk,3.4021156055893356e-06
timber,3.4021156055893356e-06
wks,3.4021156055893356e-06
coll,3.4021156055893356e-06
luke,3.4021156055893356e-06
pharmaceut,3.4021156055893356e-06
trnqvist,3.4021156055893356e-06
carolin,3.4021156055893356e-06
yfa,3.4021156055893356e-06
stration,3.4021156055893356e-06
matt,3.4021156055893356e-06
smolenski,3.4021156055893356e-06
fdt,3.4021156055893356e-06
styt,3.4021156055893356e-06
kzt,3.4021156055893356e-06
sfor,3.4021156055893356e-06
mif,3.4021156055893356e-06
outbound,3.4021156055893356e-06
primar,3.4021156055893356e-06
threemonth,3.4021156055893356e-06
lys,3.4021156055893356e-06
bon,3.4021156055893356e-06
wiggl,3.4021156055893356e-06
tsai,3.4021156055893356e-06
hirsch,3.4021156055893356e-06
agc,3.4021156055893356e-06
frj,3.4021156055893356e-06
maria,3.4021156055893356e-06
bps,3.4021156055893356e-06
portat,3.4021156055893356e-06
shut,3.4021156055893356e-06
takahashi,3.4021156055893356e-06
szs,3.4021156055893356e-06
disproportion,3.4021156055893356e-06
wle,3.4021156055893356e-06
perforc,3.4021156055893356e-06
extraordinari,3.4021156055893356e-06
ferson,3.4021156055893356e-06
inflationadjust,3.4021156055893356e-06
ltlt,3.4021156055893356e-06
turb,3.4021156055893356e-06
lucrezia,3.4021156055893356e-06
uei,3.4021156055893356e-06
vlh,3.4021156055893356e-06
twodigit,3.4021156055893356e-06
fos,3.4021156055893356e-06
teu,3.4021156055893356e-06
fec,3.4021156055893356e-06
guinea,3.4021156055893356e-06
ltb,3.4021156055893356e-06
schaffer,3.4021156055893356e-06
moe,3.4021156055893356e-06
nonlineari,3.4021156055893356e-06
intertem,3.4021156055893356e-06
diversifi,3.4021156055893356e-06
divin,3.4021156055893356e-06
undetect,3.4021156055893356e-06
lpn,3.4021156055893356e-06
gym,3.4021156055893356e-06
uneasi,3.4021156055893356e-06
prize,3.4021156055893356e-06
forestri,3.4021156055893356e-06
conser,3.4021156055893356e-06
otm,3.4021156055893356e-06
gwilym,3.4021156055893356e-06
lerner,3.4021156055893356e-06
bass,3.4021156055893356e-06
bischoff,3.4021156055893356e-06
jouirnal,3.4021156055893356e-06
lumpsum,3.4021156055893356e-06
ocd,3.4021156055893356e-06
bulki,3.4021156055893356e-06
oregon,3.4021156055893356e-06
ujl,3.4021156055893356e-06
pww,3.4021156055893356e-06
iain,3.4021156055893356e-06
ninetyfifth,3.4021156055893356e-06
understat,3.4021156055893356e-06
withstand,3.4021156055893356e-06
agel,3.4021156055893356e-06
ypn,3.4021156055893356e-06
purestrategi,3.4021156055893356e-06
nunmber,3.4021156055893356e-06
leijonhufvud,3.4021156055893356e-06
hyper,3.4021156055893356e-06
schole,3.4021156055893356e-06
schmeidler,3.4021156055893356e-06
anyhow,3.4021156055893356e-06
nab,3.4021156055893356e-06
pwa,3.4021156055893356e-06
sinn,3.4021156055893356e-06
impossi,3.4021156055893356e-06
threegood,3.4021156055893356e-06
claremont,3.4021156055893356e-06
michio,3.4021156055893356e-06
strive,3.4021156055893356e-06
pyr,3.4021156055893356e-06
irri,3.4021156055893356e-06
nkt,3.4021156055893356e-06
multicol,3.4021156055893356e-06
rjm,3.4021156055893356e-06
cks,3.4021156055893356e-06
hpl,3.4021156055893356e-06
knightian,3.4021156055893356e-06
sct,3.4021156055893356e-06
choicetheoret,3.4021156055893356e-06
stabilis,3.4021156055893356e-06
emmanuel,3.4021156055893356e-06
oneshot,3.4021156055893356e-06
specialis,3.4021156055893356e-06
gradi,3.4021156055893356e-06
avf,3.4021156055893356e-06
eam,3.4021156055893356e-06
ree,3.4021156055893356e-06
baseperiod,3.4021156055893356e-06
oyj,3.4021156055893356e-06
osi,3.4021156055893356e-06
eph,3.4021156055893356e-06
fpm,3.4021156055893356e-06
illiquid,3.4021156055893356e-06
discretionari,3.4021156055893356e-06
fim,3.4021156055893356e-06
tfn,3.4021156055893356e-06
levinson,3.4021156055893356e-06
vux,3.4021156055893356e-06
adjunct,3.4021156055893356e-06
accomod,3.4021156055893356e-06
amw,3.4021156055893356e-06
anm,3.4021156055893356e-06
kaj,3.4021156055893356e-06
motiva,3.4021156055893356e-06
chau,3.4021156055893356e-06
craw,3.4021156055893356e-06
toll,3.4021156055893356e-06
bever,3.4021156055893356e-06
edr,3.4021156055893356e-06
diversif,3.4021156055893356e-06
bec,3.4021156055893356e-06
nonexperi,3.4021156055893356e-06
amc,3.4021156055893356e-06
rcl,3.4021156055893356e-06
tcn,3.4021156055893356e-06
copper,3.4021156055893356e-06
burnsid,3.4021156055893356e-06
rrs,3.4021156055893356e-06
wft,3.4021156055893356e-06
kix,3.4021156055893356e-06
turnbul,3.4021156055893356e-06
deer,3.4021156055893356e-06
kirk,3.4021156055893356e-06
hasbrouck,3.4021156055893356e-06
sylvest,3.4021156055893356e-06
rwn,3.4021156055893356e-06
ijv,3.4021156055893356e-06
wlb,3.4021156055893356e-06
aef,3.4021156055893356e-06
lili,3.4021156055893356e-06
helli,3.4021156055893356e-06
rogoff,3.4021156055893356e-06
suni,3.4021156055893356e-06
jess,3.4021156055893356e-06
nonseri,3.4021156055893356e-06
uan,3.4021156055893356e-06
irrespec,3.4021156055893356e-06
hoxbi,3.4021156055893356e-06
quali,3.4021156055893356e-06
headi,3.4021156055893356e-06
econmica,3.4021156055893356e-06
bfb,3.4021156055893356e-06
freed,3.4021156055893356e-06
quantif,3.4021156055893356e-06
wuhausman,3.4021156055893356e-06
eau,3.4021156055893356e-06
nobodi,3.4021156055893356e-06
disaggr,3.4021156055893356e-06
mullen,3.4021156055893356e-06
akm,3.4021156055893356e-06
inap,3.4021156055893356e-06
unsatisfi,3.4021156055893356e-06
usda,3.4021156055893356e-06
astic,3.4021156055893356e-06
myriad,3.4021156055893356e-06
leagu,3.4021156055893356e-06
expedit,3.4021156055893356e-06
kif,3.4021156055893356e-06
pje,3.4021156055893356e-06
overdetermin,3.4021156055893356e-06
demandsuppli,3.4021156055893356e-06
permanenttransitori,3.4021156055893356e-06
yhl,3.4021156055893356e-06
yle,3.4021156055893356e-06
bss,3.4021156055893356e-06
enthusiasm,3.4021156055893356e-06
xjr,3.4021156055893356e-06
uvt,3.4021156055893356e-06
crocker,3.4021156055893356e-06
igal,3.4021156055893356e-06
overtim,3.4021156055893356e-06
cma,3.4021156055893356e-06
yokohama,3.4021156055893356e-06
mura,3.4021156055893356e-06
rankord,3.4021156055893356e-06
sheehan,3.4021156055893356e-06
ktx,3.4021156055893356e-06
pretax,3.4021156055893356e-06
careless,3.4021156055893356e-06
kindr,3.4021156055893356e-06
inact,3.4021156055893356e-06
ymin,3.4021156055893356e-06
coil,3.4021156055893356e-06
lopez,3.4021156055893356e-06
mathematischen,3.4021156055893356e-06
phr,3.4021156055893356e-06
suiss,3.4021156055893356e-06
uhi,3.4021156055893356e-06
fke,3.4021156055893356e-06
curi,3.4021156055893356e-06
undevelop,3.4021156055893356e-06
qut,3.4021156055893356e-06
kff,3.4021156055893356e-06
ssc,3.4021156055893356e-06
elat,3.4021156055893356e-06
dalton,3.4021156055893356e-06
quasiconvex,3.4021156055893356e-06
pob,3.4021156055893356e-06
gass,3.4021156055893356e-06
perk,3.4021156055893356e-06
gadi,3.4021156055893356e-06
rivlin,3.4021156055893356e-06
ministerio,3.4021156055893356e-06
vila,3.4021156055893356e-06
nail,3.4021156055893356e-06
coddington,3.4021156055893356e-06
leung,3.4021156055893356e-06
raneous,3.4021156055893356e-06
uxk,3.4021156055893356e-06
fbp,3.4021156055893356e-06
buri,3.4021156055893356e-06
papageorgiou,3.4021156055893356e-06
lgl,3.4021156055893356e-06
swing,3.4021156055893356e-06
ring,3.4021156055893356e-06
ctdt,3.4021156055893356e-06
rasmussen,3.4021156055893356e-06
atw,3.4021156055893356e-06
cyi,3.4021156055893356e-06
sieper,3.4021156055893356e-06
vfa,3.4021156055893356e-06
harlow,3.4021156055893356e-06
kjx,3.4021156055893356e-06
cruz,3.4021156055893356e-06
mirrle,3.4021156055893356e-06
mutat,3.4021156055893356e-06
genev,3.4021156055893356e-06
lundberg,3.4021156055893356e-06
lnw,3.4021156055893356e-06
nvt,3.4021156055893356e-06
backdrop,3.4021156055893356e-06
ifpri,3.4021156055893356e-06
nullifi,3.4021156055893356e-06
volumin,3.4021156055893356e-06
yearbook,3.4021156055893356e-06
indebted,3.4021156055893356e-06
jonah,3.4021156055893356e-06
simonsen,3.4021156055893356e-06
reaffirm,3.4021156055893356e-06
bax,3.4021156055893356e-06
disadvan,3.4021156055893356e-06
xpm,3.4021156055893356e-06
arithm,3.4021156055893356e-06
rvl,3.4021156055893356e-06
bitrari,3.4021156055893356e-06
pmt,3.4021156055893356e-06
supermartingal,3.4021156055893356e-06
konishi,3.4021156055893356e-06
eyk,3.4021156055893356e-06
varga,3.4021156055893356e-06
resum,3.4021156055893356e-06
pain,3.4021156055893356e-06
disallow,3.4021156055893356e-06
generali,3.4021156055893356e-06
distract,3.4021156055893356e-06
disequilib,3.4021156055893356e-06
lecol,3.4021156055893356e-06
fdl,3.4021156055893356e-06
related,3.4021156055893356e-06
majesti,3.4021156055893356e-06
goett,3.4021156055893356e-06
lvj,3.4021156055893356e-06
millimet,3.4021156055893356e-06
jobsearch,3.4021156055893356e-06
vps,3.4021156055893356e-06
sociologist,3.4021156055893356e-06
stamp,3.4021156055893356e-06
apv,3.4021156055893356e-06
breast,3.4021156055893356e-06
highwag,3.4021156055893356e-06
incum,3.4021156055893356e-06
usi,3.4021156055893356e-06
flee,3.4021156055893356e-06
capitallabor,3.4021156055893356e-06
quantita,3.4021156055893356e-06
cipi,3.4021156055893356e-06
girl,3.4021156055893356e-06
nplayer,3.4021156055893356e-06
heteroskedasticconsist,3.4021156055893356e-06
cxb,3.4021156055893356e-06
dozen,3.4021156055893356e-06
xjs,3.4021156055893356e-06
aiit,3.4021156055893356e-06
gregg,3.4021156055893356e-06
connot,3.4021156055893356e-06
metro,3.4021156055893356e-06
warr,3.4021156055893356e-06
thatin,3.4021156055893356e-06
simplist,3.4021156055893356e-06
maimonid,3.4021156055893356e-06
uai,3.4021156055893356e-06
businesscycl,3.4021156055893356e-06
dcj,3.4021156055893356e-06
inq,3.4021156055893356e-06
nual,3.4021156055893356e-06
cgi,3.4021156055893356e-06
hur,3.4021156055893356e-06
fpq,3.4021156055893356e-06
socio,3.4021156055893356e-06
vwo,3.4021156055893356e-06
cjf,3.4021156055893356e-06
ecar,3.4021156055893356e-06
teria,3.4021156055893356e-06
abovecit,3.4021156055893356e-06
iill,3.4021156055893356e-06
persuad,3.4021156055893356e-06
hann,3.4021156055893356e-06
rpk,3.4021156055893356e-06
demographi,3.4021156055893356e-06
venic,3.4021156055893356e-06
uari,3.4021156055893356e-06
jaw,3.4021156055893356e-06
monro,3.4021156055893356e-06
ssf,3.4021156055893356e-06
subjectto,3.4021156055893356e-06
hct,3.4021156055893356e-06
sgs,3.4021156055893356e-06
chal,3.4021156055893356e-06
imped,3.4021156055893356e-06
taft,3.4021156055893356e-06
sebastian,3.4021156055893356e-06
wee,3.4021156055893356e-06
wnp,3.4021156055893356e-06
kjell,3.4021156055893356e-06
autonoma,3.4021156055893356e-06
selectioncorrect,3.4021156055893356e-06
pqr,3.4021156055893356e-06
wcs,3.4021156055893356e-06
typei,3.4021156055893356e-06
puf,3.4021156055893356e-06
elim,3.4021156055893356e-06
dih,3.4021156055893356e-06
juri,3.4021156055893356e-06
thread,3.4021156055893356e-06
iem,3.4021156055893356e-06
pave,3.4021156055893356e-06
monetarist,3.4021156055893356e-06
ryl,3.4021156055893356e-06
professorship,3.4021156055893356e-06
rsk,3.4021156055893356e-06
temp,3.4021156055893356e-06
restrain,3.4021156055893356e-06
liw,3.4021156055893356e-06
ajai,3.4021156055893356e-06
gsg,3.4021156055893356e-06
fortuit,3.4021156055893356e-06
imb,3.4021156055893356e-06
vpr,3.4021156055893356e-06
jevon,3.4021156055893356e-06
vere,3.4021156055893356e-06
ayd,3.4021156055893356e-06
bush,3.4021156055893356e-06
parttim,3.4021156055893356e-06
mro,3.4021156055893356e-06
xns,3.4021156055893356e-06
vow,3.4021156055893356e-06
contempo,3.4021156055893356e-06
interindustri,3.4021156055893356e-06
reallif,3.4021156055893356e-06
dpr,3.4021156055893356e-06
suzuki,3.4021156055893356e-06
sixi,3.4021156055893356e-06
httpdxdoiorgaer,3.4021156055893356e-06
homeown,3.4021156055893356e-06
vay,3.4021156055893356e-06
hildebrand,3.4021156055893356e-06
doiaer,3.4021156055893356e-06
tys,3.4021156055893356e-06
venezuela,3.4021156055893356e-06
mrm,3.4021156055893356e-06
encod,3.4021156055893356e-06
fuir,3.4021156055893356e-06
harcourt,3.4021156055893356e-06
realloc,3.4021156055893356e-06
sack,3.4021156055893356e-06
anglia,3.4021156055893356e-06
ctv,3.4021156055893356e-06
forgotten,3.4021156055893356e-06
uro,3.4021156055893356e-06
pipj,3.4021156055893356e-06
russia,3.4021156055893356e-06
faulti,3.4021156055893356e-06
tect,3.4021156055893356e-06
allot,3.4021156055893356e-06
hkt,3.4021156055893356e-06
utxt,3.4021156055893356e-06
agricul,3.4021156055893356e-06
lfa,3.4021156055893356e-06
vand,3.4021156055893356e-06
pgg,3.4021156055893356e-06
istatist,3.4021156055893356e-06
nowaday,3.4021156055893356e-06
avu,3.4021156055893356e-06
episod,3.4021156055893356e-06
amam,3.4021156055893356e-06
acquaint,3.4021156055893356e-06
zea,3.4021156055893356e-06
ntb,3.4021156055893356e-06
hero,3.4021156055893356e-06
distinc,3.4021156055893356e-06
degrad,3.4021156055893356e-06
slaughter,3.4021156055893356e-06
scanner,3.4021156055893356e-06
bossaert,3.4021156055893356e-06
decon,3.4021156055893356e-06
contrac,3.4021156055893356e-06
ypa,3.4021156055893356e-06
urb,3.4021156055893356e-06
xlv,3.4021156055893356e-06
ild,3.4021156055893356e-06
haviour,3.4021156055893356e-06
onm,3.4021156055893356e-06
ucc,3.4021156055893356e-06
ruggl,3.4021156055893356e-06
xlh,3.4021156055893356e-06
moneyincom,3.4021156055893356e-06
cirano,3.4021156055893356e-06
msa,3.4021156055893356e-06
concur,3.4021156055893356e-06
grasp,3.4021156055893356e-06
bft,3.4021156055893356e-06
aqe,3.4021156055893356e-06
hadley,3.4021156055893356e-06
syverson,3.4021156055893356e-06
froot,3.4021156055893356e-06
churchil,3.4021156055893356e-06
yardstick,3.4021156055893356e-06
tad,3.4021156055893356e-06
bestknown,3.4021156055893356e-06
ufx,3.4021156055893356e-06
singleperiod,3.4021156055893356e-06
yrx,3.4021156055893356e-06
goere,3.4021156055893356e-06
atal,3.4021156055893356e-06
compen,3.4021156055893356e-06
cream,3.4021156055893356e-06
yrz,3.4021156055893356e-06
cohabit,3.4021156055893356e-06
ukk,3.4021156055893356e-06
surg,3.4021156055893356e-06
wvv,3.4021156055893356e-06
reinstat,3.4021156055893356e-06
nut,3.4021156055893356e-06
raini,3.4021156055893356e-06
color,3.4021156055893356e-06
innumer,3.4021156055893356e-06
solubl,3.4021156055893356e-06
xav,3.4021156055893356e-06
alis,3.4021156055893356e-06
dfg,3.4021156055893356e-06
parker,3.4021156055893356e-06
tare,3.4021156055893356e-06
clar,3.4021156055893356e-06
itzhak,3.4021156055893356e-06
deleteri,3.4021156055893356e-06
cumula,3.4021156055893356e-06
computer,3.4021156055893356e-06
fearon,3.4021156055893356e-06
munich,3.4021156055893356e-06
brate,3.4021156055893356e-06
precipit,3.4021156055893356e-06
florenc,3.4021156055893356e-06
immigr,3.4021156055893356e-06
provision,3.4021156055893356e-06
mapl,3.4021156055893356e-06
rhe,3.4021156055893356e-06
nct,3.4021156055893356e-06
mav,3.4021156055893356e-06
tiplic,3.4021156055893356e-06
trimest,3.4021156055893356e-06
dynarski,3.4021156055893356e-06
senc,3.4021156055893356e-06
defeat,3.4021156055893356e-06
cjt,3.4021156055893356e-06
imputa,3.4021156055893356e-06
threat,3.4021156055893356e-06
nonmargin,3.4021156055893356e-06
moreorless,3.4021156055893356e-06
wve,3.4021156055893356e-06
cumbent,3.4021156055893356e-06
cyj,3.4021156055893356e-06
religion,3.4021156055893356e-06
brian,3.4021156055893356e-06
norc,3.4021156055893356e-06
lifet,3.4021156055893356e-06
haldan,3.4021156055893356e-06
pud,3.4021156055893356e-06
recon,3.4021156055893356e-06
australasian,3.4021156055893356e-06
landmark,3.4021156055893356e-06
ornstein,3.4021156055893356e-06
italiana,3.4021156055893356e-06
meal,3.4021156055893356e-06
thirtysix,3.4021156055893356e-06
einstein,3.4021156055893356e-06
elab,3.4021156055893356e-06
agarw,3.4021156055893356e-06
hawaii,3.4021156055893356e-06
desiderata,3.4021156055893356e-06
ceta,3.4021156055893356e-06
egori,3.4021156055893356e-06
dawson,3.4021156055893356e-06
statespecif,3.4021156055893356e-06
modelfre,3.4021156055893356e-06
pecial,3.4021156055893356e-06
jeopard,3.4021156055893356e-06
mov,3.4021156055893356e-06
amex,3.4021156055893356e-06
ppb,3.4021156055893356e-06
falsiti,3.4021156055893356e-06
clhang,3.4021156055893356e-06
judith,3.4021156055893356e-06
obl,3.4021156055893356e-06
rush,3.4021156055893356e-06
iioo,3.4021156055893356e-06
deliveri,3.4021156055893356e-06
hisher,3.4021156055893356e-06
oom,3.4021156055893356e-06
ycx,3.4021156055893356e-06
lav,3.4021156055893356e-06
endofyear,3.4021156055893356e-06
growthrat,3.4021156055893356e-06
insuf,3.4021156055893356e-06
dfk,3.4021156055893356e-06
crossderiv,3.4021156055893356e-06
carleton,3.4021156055893356e-06
precondit,3.4021156055893356e-06
dataa,3.4021156055893356e-06
arj,3.4021156055893356e-06
lbs,3.4021156055893356e-06
pxe,3.4021156055893356e-06
finitesim,3.4021156055893356e-06
uppercas,3.4021156055893356e-06
reckon,3.4021156055893356e-06
undat,3.4021156055893356e-06
californiairvin,3.4021156055893356e-06
duf,3.4021156055893356e-06
graviti,3.4021156055893356e-06
unskil,3.4021156055893356e-06
colloquium,3.4021156055893356e-06
iioi,3.4021156055893356e-06
qdi,3.4021156055893356e-06
sing,3.4021156055893356e-06
melissa,3.4021156055893356e-06
zaf,3.4021156055893356e-06
departamento,3.4021156055893356e-06
inanc,3.4021156055893356e-06
aczel,3.4021156055893356e-06
cold,3.4021156055893356e-06
notr,3.4021156055893356e-06
lowcost,3.4021156055893356e-06
brazilian,3.4021156055893356e-06
manmad,3.4021156055893356e-06
krr,3.4021156055893356e-06
feenberg,3.4021156055893356e-06
unnec,3.4021156055893356e-06
overpredict,3.4021156055893356e-06
rixi,3.4021156055893356e-06
santiago,3.4021156055893356e-06
sendhil,3.4021156055893356e-06
bino,3.4021156055893356e-06
momentum,3.4021156055893356e-06
afk,3.4021156055893356e-06
rjc,3.4021156055893356e-06
lutz,3.4021156055893356e-06
ioio,3.4021156055893356e-06
jiy,3.4021156055893356e-06
lemat,3.4021156055893356e-06
djp,3.4021156055893356e-06
burt,3.4021156055893356e-06
ntnt,3.4021156055893356e-06
cod,3.4021156055893356e-06
brad,3.4021156055893356e-06
morton,3.4021156055893356e-06
pso,3.4021156055893356e-06
hanemann,3.4021156055893356e-06
cifi,3.4021156055893356e-06
suspici,3.4021156055893356e-06
kft,3.4021156055893356e-06
lest,3.4021156055893356e-06
txa,3.4021156055893356e-06
txs,3.4021156055893356e-06
atit,3.4021156055893356e-06
sidual,3.4021156055893356e-06
ligibl,3.4021156055893356e-06
jfj,3.4021156055893356e-06
iran,3.4021156055893356e-06
backcast,3.4021156055893356e-06
contriv,3.4021156055893356e-06
decker,3.4021156055893356e-06
master,3.4021156055893356e-06
amil,3.4021156055893356e-06
ctct,3.4021156055893356e-06
sengupta,3.4021156055893356e-06
medicar,3.4021156055893356e-06
zct,3.4021156055893356e-06
ronment,3.4021156055893356e-06
bull,3.4021156055893356e-06
pastur,3.4021156055893356e-06
tfor,3.4021156055893356e-06
pray,3.4021156055893356e-06
imperi,3.4021156055893356e-06
didat,3.4021156055893356e-06
asr,3.4021156055893356e-06
groundwork,3.4021156055893356e-06
oneth,3.4021156055893356e-06
adg,3.4021156055893356e-06
discord,3.4021156055893356e-06
sala,3.4021156055893356e-06
yntema,3.4021156055893356e-06
xka,2.551586704192002e-06
butcher,2.551586704192002e-06
repurchas,2.551586704192002e-06
deseason,2.551586704192002e-06
protocol,2.551586704192002e-06
instig,2.551586704192002e-06
liti,2.551586704192002e-06
tucson,2.551586704192002e-06
rhh,2.551586704192002e-06
reelect,2.551586704192002e-06
biai,2.551586704192002e-06
uco,2.551586704192002e-06
secondbest,2.551586704192002e-06
factur,2.551586704192002e-06
awf,2.551586704192002e-06
scx,2.551586704192002e-06
weil,2.551586704192002e-06
sumabl,2.551586704192002e-06
wtht,2.551586704192002e-06
fran,2.551586704192002e-06
akp,2.551586704192002e-06
demandfunct,2.551586704192002e-06
vito,2.551586704192002e-06
aum,2.551586704192002e-06
nank,2.551586704192002e-06
epw,2.551586704192002e-06
amic,2.551586704192002e-06
complemen,2.551586704192002e-06
clf,2.551586704192002e-06
icb,2.551586704192002e-06
pervers,2.551586704192002e-06
colum,2.551586704192002e-06
xjp,2.551586704192002e-06
hesit,2.551586704192002e-06
aldi,2.551586704192002e-06
withinfirm,2.551586704192002e-06
kihlstrom,2.551586704192002e-06
miln,2.551586704192002e-06
toon,2.551586704192002e-06
radian,2.551586704192002e-06
preparatori,2.551586704192002e-06
ioii,2.551586704192002e-06
snack,2.551586704192002e-06
grang,2.551586704192002e-06
vtxt,2.551586704192002e-06
limv,2.551586704192002e-06
duit,2.551586704192002e-06
kdk,2.551586704192002e-06
fere,2.551586704192002e-06
truman,2.551586704192002e-06
moreno,2.551586704192002e-06
pjxj,2.551586704192002e-06
unsta,2.551586704192002e-06
birkhoff,2.551586704192002e-06
pled,2.551586704192002e-06
qijt,2.551586704192002e-06
rlh,2.551586704192002e-06
rivera,2.551586704192002e-06
riti,2.551586704192002e-06
sart,2.551586704192002e-06
alvin,2.551586704192002e-06
smb,2.551586704192002e-06
ratic,2.551586704192002e-06
arsenal,2.551586704192002e-06
pag,2.551586704192002e-06
perpetu,2.551586704192002e-06
yic,2.551586704192002e-06
dranov,2.551586704192002e-06
linda,2.551586704192002e-06
functioni,2.551586704192002e-06
petrol,2.551586704192002e-06
mlk,2.551586704192002e-06
parsi,2.551586704192002e-06
equals,2.551586704192002e-06
handicap,2.551586704192002e-06
acreag,2.551586704192002e-06
jam,2.551586704192002e-06
iah,2.551586704192002e-06
ctit,2.551586704192002e-06
bestcas,2.551586704192002e-06
thirtyf,2.551586704192002e-06
arun,2.551586704192002e-06
frustrat,2.551586704192002e-06
disap,2.551586704192002e-06
sma,2.551586704192002e-06
hendrick,2.551586704192002e-06
dgl,2.551586704192002e-06
hrr,2.551586704192002e-06
aud,2.551586704192002e-06
nold,2.551586704192002e-06
ppm,2.551586704192002e-06
estudio,2.551586704192002e-06
narayana,2.551586704192002e-06
assort,2.551586704192002e-06
hindsight,2.551586704192002e-06
scratch,2.551586704192002e-06
oer,2.551586704192002e-06
ducedform,2.551586704192002e-06
pere,2.551586704192002e-06
automot,2.551586704192002e-06
hjp,2.551586704192002e-06
nonmanu,2.551586704192002e-06
nontrad,2.551586704192002e-06
borenstein,2.551586704192002e-06
reput,2.551586704192002e-06
miscarriag,2.551586704192002e-06
koh,2.551586704192002e-06
pauli,2.551586704192002e-06
unintend,2.551586704192002e-06
genr,2.551586704192002e-06
mountain,2.551586704192002e-06
dead,2.551586704192002e-06
fpe,2.551586704192002e-06
leduc,2.551586704192002e-06
openloop,2.551586704192002e-06
nesota,2.551586704192002e-06
bwa,2.551586704192002e-06
lord,2.551586704192002e-06
mentar,2.551586704192002e-06
shield,2.551586704192002e-06
sven,2.551586704192002e-06
disclo,2.551586704192002e-06
andth,2.551586704192002e-06
jason,2.551586704192002e-06
treati,2.551586704192002e-06
selfexplanatori,2.551586704192002e-06
highskil,2.551586704192002e-06
turbul,2.551586704192002e-06
athan,2.551586704192002e-06
formalis,2.551586704192002e-06
factorili,2.551586704192002e-06
industrylevel,2.551586704192002e-06
julian,2.551586704192002e-06
nda,2.551586704192002e-06
rav,2.551586704192002e-06
footbal,2.551586704192002e-06
tomorrow,2.551586704192002e-06
streamlin,2.551586704192002e-06
intraregion,2.551586704192002e-06
yelowitz,2.551586704192002e-06
darrel,2.551586704192002e-06
ijiri,2.551586704192002e-06
andm,2.551586704192002e-06
hci,2.551586704192002e-06
itg,2.551586704192002e-06
xkp,2.551586704192002e-06
desert,2.551586704192002e-06
ceptual,2.551586704192002e-06
irh,2.551586704192002e-06
daw,2.551586704192002e-06
threeyear,2.551586704192002e-06
jectur,2.551586704192002e-06
pollack,2.551586704192002e-06
zeit,2.551586704192002e-06
tioni,2.551586704192002e-06
sloppi,2.551586704192002e-06
lindsey,2.551586704192002e-06
cnrs,2.551586704192002e-06
cleaner,2.551586704192002e-06
psychol,2.551586704192002e-06
wine,2.551586704192002e-06
distil,2.551586704192002e-06
conom,2.551586704192002e-06
rubenstein,2.551586704192002e-06
recr,2.551586704192002e-06
quasirandom,2.551586704192002e-06
servant,2.551586704192002e-06
viktor,2.551586704192002e-06
clw,2.551586704192002e-06
suburb,2.551586704192002e-06
mnodel,2.551586704192002e-06
icd,2.551586704192002e-06
mgt,2.551586704192002e-06
formulat,2.551586704192002e-06
zew,2.551586704192002e-06
offtheshelf,2.551586704192002e-06
upjohn,2.551586704192002e-06
subtot,2.551586704192002e-06
twogroup,2.551586704192002e-06
determnin,2.551586704192002e-06
abilist,2.551586704192002e-06
uyl,2.551586704192002e-06
recoup,2.551586704192002e-06
aeronaut,2.551586704192002e-06
fourfold,2.551586704192002e-06
aze,2.551586704192002e-06
rosemari,2.551586704192002e-06
gian,2.551586704192002e-06
isg,2.551586704192002e-06
abid,2.551586704192002e-06
regressionadjust,2.551586704192002e-06
uww,2.551586704192002e-06
cqo,2.551586704192002e-06
mississippi,2.551586704192002e-06
pfs,2.551586704192002e-06
twoinput,2.551586704192002e-06
doublecount,2.551586704192002e-06
icanc,2.551586704192002e-06
jou,2.551586704192002e-06
rochet,2.551586704192002e-06
modelth,2.551586704192002e-06
adelaid,2.551586704192002e-06
idg,2.551586704192002e-06
machina,2.551586704192002e-06
alln,2.551586704192002e-06
kfl,2.551586704192002e-06
evc,2.551586704192002e-06
rpj,2.551586704192002e-06
emul,2.551586704192002e-06
cba,2.551586704192002e-06
rso,2.551586704192002e-06
secular,2.551586704192002e-06
pqk,2.551586704192002e-06
wlh,2.551586704192002e-06
abstain,2.551586704192002e-06
sga,2.551586704192002e-06
nds,2.551586704192002e-06
redraw,2.551586704192002e-06
epidemiolog,2.551586704192002e-06
blight,2.551586704192002e-06
ghi,2.551586704192002e-06
tdx,2.551586704192002e-06
cmm,2.551586704192002e-06
dko,2.551586704192002e-06
oven,2.551586704192002e-06
presen,2.551586704192002e-06
enger,2.551586704192002e-06
csic,2.551586704192002e-06
greer,2.551586704192002e-06
newslett,2.551586704192002e-06
bim,2.551586704192002e-06
ysx,2.551586704192002e-06
bernd,2.551586704192002e-06
bene,2.551586704192002e-06
fellner,2.551586704192002e-06
pifi,2.551586704192002e-06
hook,2.551586704192002e-06
ager,2.551586704192002e-06
renam,2.551586704192002e-06
nonunitari,2.551586704192002e-06
elector,2.551586704192002e-06
inac,2.551586704192002e-06
avk,2.551586704192002e-06
milnor,2.551586704192002e-06
vive,2.551586704192002e-06
rje,2.551586704192002e-06
corp,2.551586704192002e-06
toth,2.551586704192002e-06
zijt,2.551586704192002e-06
freud,2.551586704192002e-06
rrw,2.551586704192002e-06
appal,2.551586704192002e-06
tcs,2.551586704192002e-06
rdc,2.551586704192002e-06
perri,2.551586704192002e-06
ucu,2.551586704192002e-06
daunt,2.551586704192002e-06
nometr,2.551586704192002e-06
moodi,2.551586704192002e-06
upt,2.551586704192002e-06
itth,2.551586704192002e-06
wlk,2.551586704192002e-06
rks,2.551586704192002e-06
udp,2.551586704192002e-06
lbd,2.551586704192002e-06
adc,2.551586704192002e-06
ounc,2.551586704192002e-06
purifi,2.551586704192002e-06
plateau,2.551586704192002e-06
coco,2.551586704192002e-06
intragroup,2.551586704192002e-06
autumn,2.551586704192002e-06
andc,2.551586704192002e-06
alistair,2.551586704192002e-06
atpt,2.551586704192002e-06
cxiii,2.551586704192002e-06
rhetor,2.551586704192002e-06
californiadavi,2.551586704192002e-06
stubblebin,2.551586704192002e-06
hoffmann,2.551586704192002e-06
salemi,2.551586704192002e-06
instan,2.551586704192002e-06
swann,2.551586704192002e-06
sdp,2.551586704192002e-06
ibrahim,2.551586704192002e-06
jha,2.551586704192002e-06
cih,2.551586704192002e-06
novat,2.551586704192002e-06
transplant,2.551586704192002e-06
petersen,2.551586704192002e-06
arduous,2.551586704192002e-06
sonm,2.551586704192002e-06
nonsystemat,2.551586704192002e-06
fivefold,2.551586704192002e-06
jap,2.551586704192002e-06
pxpx,2.551586704192002e-06
reap,2.551586704192002e-06
wwii,2.551586704192002e-06
kes,2.551586704192002e-06
curios,2.551586704192002e-06
datum,2.551586704192002e-06
pili,2.551586704192002e-06
morten,2.551586704192002e-06
singleproduct,2.551586704192002e-06
mehra,2.551586704192002e-06
aiji,2.551586704192002e-06
cau,2.551586704192002e-06
urx,2.551586704192002e-06
weaver,2.551586704192002e-06
tks,2.551586704192002e-06
schmid,2.551586704192002e-06
barzel,2.551586704192002e-06
csf,2.551586704192002e-06
tgl,2.551586704192002e-06
oic,2.551586704192002e-06
devalu,2.551586704192002e-06
criticis,2.551586704192002e-06
gyp,2.551586704192002e-06
sleep,2.551586704192002e-06
eand,2.551586704192002e-06
illi,2.551586704192002e-06
minal,2.551586704192002e-06
tvc,2.551586704192002e-06
solomon,2.551586704192002e-06
yesterday,2.551586704192002e-06
goldstein,2.551586704192002e-06
reliev,2.551586704192002e-06
withi,2.551586704192002e-06
dwa,2.551586704192002e-06
tcj,2.551586704192002e-06
circumfer,2.551586704192002e-06
sous,2.551586704192002e-06
jss,2.551586704192002e-06
repress,2.551586704192002e-06
unfair,2.551586704192002e-06
gtc,2.551586704192002e-06
reu,2.551586704192002e-06
toto,2.551586704192002e-06
mut,2.551586704192002e-06
isic,2.551586704192002e-06
xtpt,2.551586704192002e-06
variablesa,2.551586704192002e-06
pbe,2.551586704192002e-06
insta,2.551586704192002e-06
facult,2.551586704192002e-06
lnv,2.551586704192002e-06
dconomi,2.551586704192002e-06
distributedlag,2.551586704192002e-06
chrysler,2.551586704192002e-06
ntp,2.551586704192002e-06
communica,2.551586704192002e-06
poh,2.551586704192002e-06
dpdq,2.551586704192002e-06
unionnonunion,2.551586704192002e-06
omittedvari,2.551586704192002e-06
perienc,2.551586704192002e-06
serg,2.551586704192002e-06
upp,2.551586704192002e-06
systemwid,2.551586704192002e-06
aidi,2.551586704192002e-06
gma,2.551586704192002e-06
exter,2.551586704192002e-06
pec,2.551586704192002e-06
nga,2.551586704192002e-06
osit,2.551586704192002e-06
contempora,2.551586704192002e-06
tenfold,2.551586704192002e-06
gokhal,2.551586704192002e-06
accrual,2.551586704192002e-06
boc,2.551586704192002e-06
tms,2.551586704192002e-06
nef,2.551586704192002e-06
clos,2.551586704192002e-06
yso,2.551586704192002e-06
tybout,2.551586704192002e-06
perez,2.551586704192002e-06
sponsor,2.551586704192002e-06
fthe,2.551586704192002e-06
downwardslop,2.551586704192002e-06
ignacio,2.551586704192002e-06
uhc,2.551586704192002e-06
liverpool,2.551586704192002e-06
segreg,2.551586704192002e-06
kyklo,2.551586704192002e-06
ifest,2.551586704192002e-06
leg,2.551586704192002e-06
rell,2.551586704192002e-06
comprehen,2.551586704192002e-06
spearman,2.551586704192002e-06
integrat,2.551586704192002e-06
authorship,2.551586704192002e-06
ema,2.551586704192002e-06
vkj,2.551586704192002e-06
censorship,2.551586704192002e-06
signment,2.551586704192002e-06
astray,2.551586704192002e-06
dug,2.551586704192002e-06
unmanag,2.551586704192002e-06
pecuniari,2.551586704192002e-06
spcific,2.551586704192002e-06
contraint,2.551586704192002e-06
statementsvisit,2.551586704192002e-06
eijt,2.551586704192002e-06
sierra,2.551586704192002e-06
pill,2.551586704192002e-06
presenta,2.551586704192002e-06
qbt,2.551586704192002e-06
qrn,2.551586704192002e-06
ska,2.551586704192002e-06
deflect,2.551586704192002e-06
satting,2.551586704192002e-06
greed,2.551586704192002e-06
shafer,2.551586704192002e-06
mcgregor,2.551586704192002e-06
agon,2.551586704192002e-06
cqj,2.551586704192002e-06
lthis,2.551586704192002e-06
periodi,2.551586704192002e-06
fron,2.551586704192002e-06
pbj,2.551586704192002e-06
tmr,2.551586704192002e-06
dmm,2.551586704192002e-06
endur,2.551586704192002e-06
nonpecuniari,2.551586704192002e-06
kpj,2.551586704192002e-06
underneath,2.551586704192002e-06
aiyagari,2.551586704192002e-06
uxa,2.551586704192002e-06
jurisdict,2.551586704192002e-06
dlc,2.551586704192002e-06
insecur,2.551586704192002e-06
truck,2.551586704192002e-06
equali,2.551586704192002e-06
teresa,2.551586704192002e-06
vew,2.551586704192002e-06
immobil,2.551586704192002e-06
curti,2.551586704192002e-06
jounal,2.551586704192002e-06
saliti,2.551586704192002e-06
bore,2.551586704192002e-06
kala,2.551586704192002e-06
iga,2.551586704192002e-06
oppo,2.551586704192002e-06
vancouv,2.551586704192002e-06
bod,2.551586704192002e-06
iari,2.551586704192002e-06
iiit,2.551586704192002e-06
wire,2.551586704192002e-06
rtd,2.551586704192002e-06
llv,2.551586704192002e-06
ajxj,2.551586704192002e-06
sro,2.551586704192002e-06
tuo,2.551586704192002e-06
cem,2.551586704192002e-06
coen,2.551586704192002e-06
timeaverag,2.551586704192002e-06
wps,2.551586704192002e-06
topmost,2.551586704192002e-06
cong,2.551586704192002e-06
embark,2.551586704192002e-06
counterproduct,2.551586704192002e-06
koj,2.551586704192002e-06
kamien,2.551586704192002e-06
dybvig,2.551586704192002e-06
rfor,2.551586704192002e-06
itay,2.551586704192002e-06
wheni,2.551586704192002e-06
absurd,2.551586704192002e-06
intraperiod,2.551586704192002e-06
tachung,2.551586704192002e-06
clemen,2.551586704192002e-06
uijt,2.551586704192002e-06
ineleg,2.551586704192002e-06
unex,2.551586704192002e-06
favourit,2.551586704192002e-06
alist,2.551586704192002e-06
alogoskoufi,2.551586704192002e-06
disad,2.551586704192002e-06
lsj,2.551586704192002e-06
congest,2.551586704192002e-06
circumscrib,2.551586704192002e-06
misl,2.551586704192002e-06
labormarket,2.551586704192002e-06
ojc,2.551586704192002e-06
grist,2.551586704192002e-06
merlo,2.551586704192002e-06
illdefin,2.551586704192002e-06
akak,2.551586704192002e-06
tait,2.551586704192002e-06
fbt,2.551586704192002e-06
reindex,2.551586704192002e-06
goric,2.551586704192002e-06
quiggin,2.551586704192002e-06
enquiri,2.551586704192002e-06
nonextrem,2.551586704192002e-06
signi,2.551586704192002e-06
dmo,2.551586704192002e-06
clearest,2.551586704192002e-06
surpass,2.551586704192002e-06
psf,2.551586704192002e-06
domenico,2.551586704192002e-06
ose,2.551586704192002e-06
luw,2.551586704192002e-06
jrnsteffen,2.551586704192002e-06
oce,2.551586704192002e-06
heller,2.551586704192002e-06
emerson,2.551586704192002e-06
mckinnon,2.551586704192002e-06
scr,2.551586704192002e-06
jona,2.551586704192002e-06
cta,2.551586704192002e-06
practis,2.551586704192002e-06
syr,2.551586704192002e-06
corlett,2.551586704192002e-06
nra,2.551586704192002e-06
rrk,2.551586704192002e-06
postag,2.551586704192002e-06
microcomput,2.551586704192002e-06
uel,2.551586704192002e-06
bout,2.551586704192002e-06
fluent,2.551586704192002e-06
trica,2.551586704192002e-06
laidler,2.551586704192002e-06
rupert,2.551586704192002e-06
allx,2.551586704192002e-06
gaskin,2.551586704192002e-06
lowerlevel,2.551586704192002e-06
nfold,2.551586704192002e-06
wra,2.551586704192002e-06
coffe,2.551586704192002e-06
complain,2.551586704192002e-06
bubbl,2.551586704192002e-06
highrank,2.551586704192002e-06
pesticid,2.551586704192002e-06
brl,2.551586704192002e-06
gsj,2.551586704192002e-06
indecis,2.551586704192002e-06
clarida,2.551586704192002e-06
misplac,2.551586704192002e-06
commentari,2.551586704192002e-06
ugo,2.551586704192002e-06
frankfurt,2.551586704192002e-06
revolut,2.551586704192002e-06
culmin,2.551586704192002e-06
qre,2.551586704192002e-06
serven,2.551586704192002e-06
wic,2.551586704192002e-06
unobtain,2.551586704192002e-06
rudolf,2.551586704192002e-06
halfyear,2.551586704192002e-06
dramati,2.551586704192002e-06
jos,2.551586704192002e-06
neuman,2.551586704192002e-06
bach,2.551586704192002e-06
technol,2.551586704192002e-06
kiy,2.551586704192002e-06
hierarchi,2.551586704192002e-06
threaten,2.551586704192002e-06
obe,2.551586704192002e-06
tailormad,2.551586704192002e-06
hel,2.551586704192002e-06
meo,2.551586704192002e-06
rightward,2.551586704192002e-06
enon,2.551586704192002e-06
awb,2.551586704192002e-06
osl,2.551586704192002e-06
neq,2.551586704192002e-06
sle,2.551586704192002e-06
ccb,2.551586704192002e-06
italic,2.551586704192002e-06
wouldb,2.551586704192002e-06
crossley,2.551586704192002e-06
ezekiel,2.551586704192002e-06
gjs,2.551586704192002e-06
brunswick,2.551586704192002e-06
milwauke,2.551586704192002e-06
jdj,2.551586704192002e-06
xaf,2.551586704192002e-06
forg,2.551586704192002e-06
bbc,2.551586704192002e-06
marsh,2.551586704192002e-06
arcan,2.551586704192002e-06
laurenc,2.551586704192002e-06
sect,2.551586704192002e-06
teract,2.551586704192002e-06
interm,2.551586704192002e-06
ume,2.551586704192002e-06
xna,2.551586704192002e-06
ctw,2.551586704192002e-06
eru,2.551586704192002e-06
blvd,2.551586704192002e-06
kathryn,2.551586704192002e-06
discontin,2.551586704192002e-06
dkd,2.551586704192002e-06
rediscov,2.551586704192002e-06
cfp,2.551586704192002e-06
atti,2.551586704192002e-06
luci,2.551586704192002e-06
geophys,2.551586704192002e-06
lhe,2.551586704192002e-06
tamin,2.551586704192002e-06
plementar,2.551586704192002e-06
stateconting,2.551586704192002e-06
oftentim,2.551586704192002e-06
qff,2.551586704192002e-06
excurs,2.551586704192002e-06
hang,2.551586704192002e-06
nonproduct,2.551586704192002e-06
ception,2.551586704192002e-06
kerri,2.551586704192002e-06
lxxx,2.551586704192002e-06
fluctua,2.551586704192002e-06
pcf,2.551586704192002e-06
expressli,2.551586704192002e-06
consecu,2.551586704192002e-06
scenar,2.551586704192002e-06
freight,2.551586704192002e-06
silvia,2.551586704192002e-06
haw,2.551586704192002e-06
viswanathan,2.551586704192002e-06
antill,2.551586704192002e-06
interf,2.551586704192002e-06
wrk,2.551586704192002e-06
repris,2.551586704192002e-06
rolf,2.551586704192002e-06
markham,2.551586704192002e-06
inconclu,2.551586704192002e-06
avert,2.551586704192002e-06
partner,2.551586704192002e-06
glob,2.551586704192002e-06
blood,2.551586704192002e-06
rva,2.551586704192002e-06
cxv,2.551586704192002e-06
unknow,2.551586704192002e-06
kab,2.551586704192002e-06
upturn,2.551586704192002e-06
democ,2.551586704192002e-06
metaphys,2.551586704192002e-06
negligi,2.551586704192002e-06
elena,2.551586704192002e-06
unspeci,2.551586704192002e-06
estmat,2.551586704192002e-06
hess,2.551586704192002e-06
reinter,2.551586704192002e-06
annot,2.551586704192002e-06
dqp,2.551586704192002e-06
beneath,2.551586704192002e-06
fce,2.551586704192002e-06
qlx,2.551586704192002e-06
straw,2.551586704192002e-06
taught,2.551586704192002e-06
exorbit,2.551586704192002e-06
maharashtra,2.551586704192002e-06
fuch,2.551586704192002e-06
ernest,2.551586704192002e-06
tve,2.551586704192002e-06
nht,2.551586704192002e-06
peng,2.551586704192002e-06
teger,2.551586704192002e-06
junctur,2.551586704192002e-06
humor,2.551586704192002e-06
alin,2.551586704192002e-06
periodo,2.551586704192002e-06
eur,2.551586704192002e-06
dcc,2.551586704192002e-06
ism,2.551586704192002e-06
cessiv,2.551586704192002e-06
liar,2.551586704192002e-06
xxxiv,2.551586704192002e-06
moot,2.551586704192002e-06
harvardedu,2.551586704192002e-06
jio,2.551586704192002e-06
straddl,2.551586704192002e-06
noncognit,2.551586704192002e-06
rawlsian,2.551586704192002e-06
blind,2.551586704192002e-06
client,2.551586704192002e-06
consortium,2.551586704192002e-06
wijt,2.551586704192002e-06
jakarta,2.551586704192002e-06
messr,2.551586704192002e-06
dwarf,2.551586704192002e-06
conscious,2.551586704192002e-06
uvi,2.551586704192002e-06
greensboro,2.551586704192002e-06
chronic,2.551586704192002e-06
imiti,2.551586704192002e-06
erb,2.551586704192002e-06
bri,2.551586704192002e-06
ferral,2.551586704192002e-06
ipe,2.551586704192002e-06
boolean,2.551586704192002e-06
onset,2.551586704192002e-06
antici,2.551586704192002e-06
functionf,2.551586704192002e-06
geographi,2.551586704192002e-06
fear,2.551586704192002e-06
peaked,2.551586704192002e-06
janapr,2.551586704192002e-06
fyp,2.551586704192002e-06
rmr,2.551586704192002e-06
baron,2.551586704192002e-06
generi,2.551586704192002e-06
lcr,2.551586704192002e-06
mandat,2.551586704192002e-06
outlook,2.551586704192002e-06
intergroup,2.551586704192002e-06
withinyear,2.551586704192002e-06
archer,2.551586704192002e-06
dac,2.551586704192002e-06
osp,2.551586704192002e-06
tervent,2.551586704192002e-06
hartmann,2.551586704192002e-06
mnk,2.551586704192002e-06
leif,2.551586704192002e-06
dential,2.551586704192002e-06
sfk,2.551586704192002e-06
xss,2.551586704192002e-06
overton,2.551586704192002e-06
etb,2.551586704192002e-06
spare,2.551586704192002e-06
hypothesistest,2.551586704192002e-06
jtk,2.551586704192002e-06
uber,2.551586704192002e-06
rtu,2.551586704192002e-06
rua,2.551586704192002e-06
avo,2.551586704192002e-06
simplemind,2.551586704192002e-06
fiveyear,2.551586704192002e-06
ekonomika,2.551586704192002e-06
unfold,2.551586704192002e-06
glenn,2.551586704192002e-06
incomeconsumpt,2.551586704192002e-06
hernandez,2.551586704192002e-06
pog,2.551586704192002e-06
katzner,2.551586704192002e-06
preschool,2.551586704192002e-06
macrodynam,2.551586704192002e-06
rpe,2.551586704192002e-06
standardiza,2.551586704192002e-06
pheno,2.551586704192002e-06
storabl,2.551586704192002e-06
unti,2.551586704192002e-06
disamen,2.551586704192002e-06
overadjust,2.551586704192002e-06
stefano,2.551586704192002e-06
salvan,2.551586704192002e-06
dinal,2.551586704192002e-06
ofh,2.551586704192002e-06
rippl,2.551586704192002e-06
pjqj,2.551586704192002e-06
visa,2.551586704192002e-06
carson,2.551586704192002e-06
gibson,2.551586704192002e-06
curtail,2.551586704192002e-06
sixmonth,2.551586704192002e-06
bie,2.551586704192002e-06
mcc,2.551586704192002e-06
dvd,2.551586704192002e-06
cock,2.551586704192002e-06
uao,2.551586704192002e-06
rlf,2.551586704192002e-06
mca,2.551586704192002e-06
kaldor,2.551586704192002e-06
covp,2.551586704192002e-06
overlaid,2.551586704192002e-06
kish,2.551586704192002e-06
sobek,2.551586704192002e-06
econiom,2.551586704192002e-06
httpwwwaeaweborgarticlesphpdoia,2.551586704192002e-06
aqr,2.551586704192002e-06
dlf,2.551586704192002e-06
rein,2.551586704192002e-06
bertrandnash,2.551586704192002e-06
intentiontotreat,2.551586704192002e-06
yyk,2.551586704192002e-06
industrywid,2.551586704192002e-06
yoe,2.551586704192002e-06
lfk,2.551586704192002e-06
wear,2.551586704192002e-06
whitmor,2.551586704192002e-06
comprehend,2.551586704192002e-06
inet,2.551586704192002e-06
counterbalanc,2.551586704192002e-06
mathema,2.551586704192002e-06
iand,2.551586704192002e-06
olympia,2.551586704192002e-06
mahwah,2.551586704192002e-06
yee,2.551586704192002e-06
pfb,2.551586704192002e-06
gerald,2.551586704192002e-06
ujc,2.551586704192002e-06
psb,2.551586704192002e-06
wrn,2.551586704192002e-06
aini,2.551586704192002e-06
ufu,2.551586704192002e-06
trifl,2.551586704192002e-06
breakeven,2.551586704192002e-06
interd,2.551586704192002e-06
peke,2.551586704192002e-06
reliant,2.551586704192002e-06
prq,2.551586704192002e-06
occupa,2.551586704192002e-06
qie,2.551586704192002e-06
ancd,2.551586704192002e-06
vision,2.551586704192002e-06
vcx,2.551586704192002e-06
mpg,2.551586704192002e-06
andra,2.551586704192002e-06
structiv,2.551586704192002e-06
youngest,2.551586704192002e-06
mlb,2.551586704192002e-06
compendium,2.551586704192002e-06
plum,2.551586704192002e-06
disclosur,2.551586704192002e-06
eew,2.551586704192002e-06
steiner,2.551586704192002e-06
tarski,2.551586704192002e-06
mist,2.551586704192002e-06
flore,2.551586704192002e-06
director,2.551586704192002e-06
benefitcost,2.551586704192002e-06
recruit,2.551586704192002e-06
xwe,2.551586704192002e-06
microanalysi,2.551586704192002e-06
gori,2.551586704192002e-06
bfa,2.551586704192002e-06
stumbl,2.551586704192002e-06
piecem,2.551586704192002e-06
itan,2.551586704192002e-06
blend,2.551586704192002e-06
peq,2.551586704192002e-06
ceu,2.551586704192002e-06
polachek,2.551586704192002e-06
redress,2.551586704192002e-06
xviii,2.551586704192002e-06
islm,2.551586704192002e-06
redrawn,2.551586704192002e-06
pjb,2.551586704192002e-06
oliveira,2.551586704192002e-06
terdepend,2.551586704192002e-06
owo,2.551586704192002e-06
hewitt,2.551586704192002e-06
moham,2.551586704192002e-06
plf,2.551586704192002e-06
bep,2.551586704192002e-06
typescript,2.551586704192002e-06
cfk,2.551586704192002e-06
scription,2.551586704192002e-06
lyon,2.551586704192002e-06
wadhwani,2.551586704192002e-06
fiat,2.551586704192002e-06
shirley,2.551586704192002e-06
pdd,2.551586704192002e-06
viib,2.551586704192002e-06
noneth,2.551586704192002e-06
nounc,2.551586704192002e-06
qlp,2.551586704192002e-06
egalitarian,2.551586704192002e-06
slc,2.551586704192002e-06
elti,2.551586704192002e-06
logpi,2.551586704192002e-06
stuidi,2.551586704192002e-06
vier,2.551586704192002e-06
fjh,2.551586704192002e-06
mehmet,2.551586704192002e-06
auerbach,2.551586704192002e-06
vpe,2.551586704192002e-06
xand,2.551586704192002e-06
centenari,2.551586704192002e-06
twentyfirst,2.551586704192002e-06
pcs,2.551586704192002e-06
dowrick,2.551586704192002e-06
qcl,2.551586704192002e-06
xhl,2.551586704192002e-06
pakistan,2.551586704192002e-06
beckman,2.551586704192002e-06
trant,2.551586704192002e-06
atdt,2.551586704192002e-06
thirddegre,2.551586704192002e-06
gsi,2.551586704192002e-06
deleg,2.551586704192002e-06
lowestcost,2.551586704192002e-06
gabaix,2.551586704192002e-06
taipei,2.551586704192002e-06
etut,2.551586704192002e-06
ncs,2.551586704192002e-06
vite,2.551586704192002e-06
mnean,2.551586704192002e-06
cles,2.551586704192002e-06
unin,2.551586704192002e-06
nonverifi,2.551586704192002e-06
nzl,2.551586704192002e-06
tame,2.551586704192002e-06
discredit,2.551586704192002e-06
amodel,2.551586704192002e-06
antl,2.551586704192002e-06
manipu,2.551586704192002e-06
thea,2.551586704192002e-06
froin,2.551586704192002e-06
portney,2.551586704192002e-06
bma,2.551586704192002e-06
voic,2.551586704192002e-06
fipi,2.551586704192002e-06
unfilt,2.551586704192002e-06
coor,2.551586704192002e-06
tiie,2.551586704192002e-06
yuy,2.551586704192002e-06
southeast,2.551586704192002e-06
ujr,2.551586704192002e-06
ide,2.551586704192002e-06
mob,2.551586704192002e-06
ycr,2.551586704192002e-06
depriv,2.551586704192002e-06
pav,2.551586704192002e-06
guatemala,2.551586704192002e-06
passiv,2.551586704192002e-06
atkin,2.551586704192002e-06
aus,2.551586704192002e-06
aeh,2.551586704192002e-06
attri,2.551586704192002e-06
sampleselect,2.551586704192002e-06
multicountri,2.551586704192002e-06
exil,2.551586704192002e-06
barn,2.551586704192002e-06
pitchford,2.551586704192002e-06
ussr,2.551586704192002e-06
closedloop,2.551586704192002e-06
scientifiqu,2.551586704192002e-06
sobel,2.551586704192002e-06
misrepres,2.551586704192002e-06
industriell,2.551586704192002e-06
dpdx,2.551586704192002e-06
asiapacif,2.551586704192002e-06
scotland,2.551586704192002e-06
dana,2.551586704192002e-06
thatp,2.551586704192002e-06
holdout,2.551586704192002e-06
sky,2.551586704192002e-06
vxe,2.551586704192002e-06
guilherm,2.551586704192002e-06
sandroni,2.551586704192002e-06
nichd,2.551586704192002e-06
legitimaci,2.551586704192002e-06
wwo,2.551586704192002e-06
credenc,2.551586704192002e-06
legend,2.551586704192002e-06
qrl,2.551586704192002e-06
etdt,2.551586704192002e-06
oversimplifi,2.551586704192002e-06
swift,2.551586704192002e-06
pbt,2.551586704192002e-06
marcia,2.551586704192002e-06
iceland,2.551586704192002e-06
toolkit,2.551586704192002e-06
xcv,2.551586704192002e-06
relief,2.551586704192002e-06
accredit,2.551586704192002e-06
qdq,2.551586704192002e-06
mrj,2.551586704192002e-06
noel,2.551586704192002e-06
hafer,2.551586704192002e-06
ovo,2.551586704192002e-06
laliv,2.551586704192002e-06
coarsest,2.551586704192002e-06
traci,2.551586704192002e-06
ballot,2.551586704192002e-06
ridden,2.551586704192002e-06
untap,2.551586704192002e-06
rrb,2.551586704192002e-06
cristian,2.551586704192002e-06
nigeria,2.551586704192002e-06
amherst,2.551586704192002e-06
underpredict,2.551586704192002e-06
qmt,2.551586704192002e-06
leftmost,2.551586704192002e-06
vexiti,2.551586704192002e-06
dqj,2.551586704192002e-06
yja,2.551586704192002e-06
yro,2.551586704192002e-06
sophisti,2.551586704192002e-06
modat,2.551586704192002e-06
glen,2.551586704192002e-06
grodal,2.551586704192002e-06
excis,2.551586704192002e-06
extrins,2.551586704192002e-06
joanna,2.551586704192002e-06
mpp,2.551586704192002e-06
zinman,2.551586704192002e-06
lcp,2.551586704192002e-06
krishnan,2.551586704192002e-06
extrapola,2.551586704192002e-06
pid,2.551586704192002e-06
intenttotreat,2.551586704192002e-06
randmcnal,2.551586704192002e-06
tpe,2.551586704192002e-06
thorbeck,2.551586704192002e-06
ltu,2.551586704192002e-06
debraj,2.551586704192002e-06
ashley,2.551586704192002e-06
ceiv,2.551586704192002e-06
observatori,2.551586704192002e-06
reec,2.551586704192002e-06
pice,2.551586704192002e-06
wes,2.551586704192002e-06
lec,2.551586704192002e-06
juster,2.551586704192002e-06
curiosum,2.551586704192002e-06
chemistri,2.551586704192002e-06
tenet,2.551586704192002e-06
jes,2.551586704192002e-06
limf,2.551586704192002e-06
previs,2.551586704192002e-06
ohanian,2.551586704192002e-06
dig,2.551586704192002e-06
emf,2.551586704192002e-06
romeo,2.551586704192002e-06
transcript,2.551586704192002e-06
abysm,2.551586704192002e-06
counterf,2.551586704192002e-06
bex,2.551586704192002e-06
commodi,2.551586704192002e-06
ayr,2.551586704192002e-06
etwt,2.551586704192002e-06
sacerdot,2.551586704192002e-06
positivevalu,2.551586704192002e-06
healthi,2.551586704192002e-06
barger,2.551586704192002e-06
tropic,2.551586704192002e-06
egger,2.551586704192002e-06
substract,2.551586704192002e-06
clip,2.551586704192002e-06
tabli,2.551586704192002e-06
admini,2.551586704192002e-06
uiw,2.551586704192002e-06
polk,2.551586704192002e-06
waterson,2.551586704192002e-06
walmart,2.551586704192002e-06
ipant,2.551586704192002e-06
braithwait,2.551586704192002e-06
oiu,2.551586704192002e-06
mhi,2.551586704192002e-06
martimort,2.551586704192002e-06
lief,2.551586704192002e-06
childcar,2.551586704192002e-06
bisin,2.551586704192002e-06
grantinaid,2.551586704192002e-06
tier,2.551586704192002e-06
bergen,2.551586704192002e-06
coh,2.551586704192002e-06
dpw,2.551586704192002e-06
gradu,2.551586704192002e-06
osk,2.551586704192002e-06
fami,2.551586704192002e-06
overbar,2.551586704192002e-06
workingpap,2.551586704192002e-06
golden,2.551586704192002e-06
bankruptci,2.551586704192002e-06
transla,2.551586704192002e-06
yfs,2.551586704192002e-06
budgetari,2.551586704192002e-06
ahb,2.551586704192002e-06
qtpt,2.551586704192002e-06
tutori,2.551586704192002e-06
rns,2.551586704192002e-06
inti,2.551586704192002e-06
marili,2.551586704192002e-06
nay,2.551586704192002e-06
xthe,2.551586704192002e-06
stiff,2.551586704192002e-06
burgh,2.551586704192002e-06
tireless,2.551586704192002e-06
unexploit,2.551586704192002e-06
pfk,2.551586704192002e-06
worksheet,2.551586704192002e-06
iew,2.551586704192002e-06
riskshar,2.551586704192002e-06
croom,2.551586704192002e-06
nometrica,2.551586704192002e-06
ucz,2.551586704192002e-06
kashyap,2.551586704192002e-06
phh,2.551586704192002e-06
xxxix,2.551586704192002e-06
burn,2.551586704192002e-06
configura,2.551586704192002e-06
cott,2.551586704192002e-06
butter,2.551586704192002e-06
guishabl,2.551586704192002e-06
cxq,2.551586704192002e-06
ucn,2.551586704192002e-06
fkf,2.551586704192002e-06
udri,2.551586704192002e-06
lxiv,2.551586704192002e-06
assi,2.551586704192002e-06
skim,2.551586704192002e-06
nigerian,2.551586704192002e-06
pcc,2.551586704192002e-06
mpr,2.551586704192002e-06
lun,2.551586704192002e-06
oman,2.551586704192002e-06
hole,2.551586704192002e-06
ferri,2.551586704192002e-06
treadway,2.551586704192002e-06
uwi,2.551586704192002e-06
xfk,2.551586704192002e-06
assunmpt,2.551586704192002e-06
checklist,2.551586704192002e-06
heinrich,2.551586704192002e-06
asignific,2.551586704192002e-06
parabl,2.551586704192002e-06
daron,2.551586704192002e-06
overweight,2.551586704192002e-06
pierreandr,2.551586704192002e-06
robson,2.551586704192002e-06
eyal,2.551586704192002e-06
wrap,2.551586704192002e-06
dogma,2.551586704192002e-06
hiw,2.551586704192002e-06
denumer,2.551586704192002e-06
urgent,2.551586704192002e-06
dimin,2.551586704192002e-06
tsj,2.551586704192002e-06
incomeelast,2.551586704192002e-06
andl,2.551586704192002e-06
cavali,2.551586704192002e-06
widest,2.551586704192002e-06
patibl,2.551586704192002e-06
incomeexpenditur,2.551586704192002e-06
neer,2.551586704192002e-06
champsaur,2.551586704192002e-06
qvi,2.551586704192002e-06
sutherland,2.551586704192002e-06
fallaci,2.551586704192002e-06
futil,2.551586704192002e-06
donic,2.551586704192002e-06
rudimentari,2.551586704192002e-06
sembl,2.551586704192002e-06
lipsey,2.551586704192002e-06
artifi,2.551586704192002e-06
academia,2.551586704192002e-06
sej,2.551586704192002e-06
lori,2.551586704192002e-06
tdz,2.551586704192002e-06
bership,2.551586704192002e-06
sach,2.551586704192002e-06
bend,2.551586704192002e-06
afresh,2.551586704192002e-06
bestrespons,2.551586704192002e-06
fcr,2.551586704192002e-06
gerk,2.551586704192002e-06
ivalu,2.551586704192002e-06
unwit,2.551586704192002e-06
ggt,2.551586704192002e-06
gcn,2.551586704192002e-06
forgiven,2.551586704192002e-06
jerom,2.551586704192002e-06
heroic,2.551586704192002e-06
juxtaposit,2.551586704192002e-06
sixfold,2.551586704192002e-06
charli,2.551586704192002e-06
paulin,2.551586704192002e-06
vali,2.551586704192002e-06
aipi,2.551586704192002e-06
uee,2.551586704192002e-06
microtheori,2.551586704192002e-06
seal,2.551586704192002e-06
deutschen,2.551586704192002e-06
lexicograph,2.551586704192002e-06
orgarticlesphp,2.551586704192002e-06
aeaweb,2.551586704192002e-06
sha,2.551586704192002e-06
parat,2.551586704192002e-06
iqa,2.551586704192002e-06
scotchmer,2.551586704192002e-06
fstat,2.551586704192002e-06
csa,2.551586704192002e-06
rfs,2.551586704192002e-06
incen,2.551586704192002e-06
limao,2.551586704192002e-06
aub,2.551586704192002e-06
ayh,2.551586704192002e-06
seconddegre,2.551586704192002e-06
falsifi,2.551586704192002e-06
overshadow,2.551586704192002e-06
twobytwo,2.551586704192002e-06
retrac,2.551586704192002e-06
minford,2.551586704192002e-06
caw,2.551586704192002e-06
ccd,2.551586704192002e-06
multiplay,2.551586704192002e-06
begg,2.551586704192002e-06
fixedweight,2.551586704192002e-06
bixi,2.551586704192002e-06
atnd,2.551586704192002e-06
nipul,2.551586704192002e-06
plotnick,2.551586704192002e-06
unmodel,2.551586704192002e-06
leftright,2.551586704192002e-06
vau,2.551586704192002e-06
donner,2.551586704192002e-06
finger,2.551586704192002e-06
kalai,2.551586704192002e-06
exami,2.551586704192002e-06
patronag,2.551586704192002e-06
maxd,2.551586704192002e-06
macroecon,2.551586704192002e-06
alberta,2.551586704192002e-06
sterl,2.551586704192002e-06
asumpt,2.551586704192002e-06
falsif,2.551586704192002e-06
multisector,2.551586704192002e-06
techno,2.551586704192002e-06
kariv,2.551586704192002e-06
privileg,2.551586704192002e-06
eld,2.551586704192002e-06
unmatch,2.551586704192002e-06
adp,2.551586704192002e-06
wmn,2.551586704192002e-06
xxxv,2.551586704192002e-06
misconcept,2.551586704192002e-06
plicabl,2.551586704192002e-06
oss,2.551586704192002e-06
literatureth,2.551586704192002e-06
fronm,2.551586704192002e-06
kurt,2.551586704192002e-06
yjc,2.551586704192002e-06
ypj,2.551586704192002e-06
fonction,2.551586704192002e-06
whl,2.551586704192002e-06
peston,2.551586704192002e-06
dant,2.551586704192002e-06
fraught,2.551586704192002e-06
mainland,2.551586704192002e-06
nonexclud,2.551586704192002e-06
slottj,2.551586704192002e-06
rba,2.551586704192002e-06
jlr,2.551586704192002e-06
xliv,2.551586704192002e-06
amk,2.551586704192002e-06
intermediari,2.551586704192002e-06
cular,2.551586704192002e-06
psz,2.551586704192002e-06
glennerst,2.551586704192002e-06
gator,2.551586704192002e-06
ciu,2.551586704192002e-06
incompar,2.551586704192002e-06
fhe,2.551586704192002e-06
cori,2.551586704192002e-06
sociodemograph,2.551586704192002e-06
benign,2.551586704192002e-06
bak,2.551586704192002e-06
innoc,2.551586704192002e-06
alonso,2.551586704192002e-06
jourmal,2.551586704192002e-06
imc,2.551586704192002e-06
hxo,2.551586704192002e-06
xlviii,2.551586704192002e-06
concordia,2.551586704192002e-06
undershoot,2.551586704192002e-06
orc,2.551586704192002e-06
viat,2.551586704192002e-06
olc,2.551586704192002e-06
flg,2.551586704192002e-06
sew,2.551586704192002e-06
mckean,2.551586704192002e-06
poison,2.551586704192002e-06
vacat,2.551586704192002e-06
vsp,2.551586704192002e-06
perplex,2.551586704192002e-06
caseth,2.551586704192002e-06
strictest,2.551586704192002e-06
communal,2.551586704192002e-06
gautam,2.551586704192002e-06
haber,2.551586704192002e-06
kant,2.551586704192002e-06
saposnik,2.551586704192002e-06
vpa,2.551586704192002e-06
reran,2.551586704192002e-06
sifi,2.551586704192002e-06
pathdepend,2.551586704192002e-06
dipak,2.551586704192002e-06
marg,2.551586704192002e-06
tionbas,2.551586704192002e-06
provok,2.551586704192002e-06
madagascar,2.551586704192002e-06
sshape,2.551586704192002e-06
aeq,2.551586704192002e-06
ibe,2.551586704192002e-06
fleet,2.551586704192002e-06
ficulti,2.551586704192002e-06
waiv,2.551586704192002e-06
indivis,2.551586704192002e-06
feet,2.551586704192002e-06
lesseduc,2.551586704192002e-06
cwo,2.551586704192002e-06
wgi,2.551586704192002e-06
urement,2.551586704192002e-06
theor,2.551586704192002e-06
fhs,2.551586704192002e-06
nbc,2.551586704192002e-06
benthamit,2.551586704192002e-06
myr,2.551586704192002e-06
volker,2.551586704192002e-06
vania,2.551586704192002e-06
mone,2.551586704192002e-06
diploma,2.551586704192002e-06
joshi,2.551586704192002e-06
pennsyl,2.551586704192002e-06
wvhen,2.551586704192002e-06
edl,2.551586704192002e-06
urbana,2.551586704192002e-06
ripley,2.551586704192002e-06
ofliv,2.551586704192002e-06
ooe,2.551586704192002e-06
hell,2.551586704192002e-06
twentyon,2.551586704192002e-06
anmerican,2.551586704192002e-06
catherin,2.551586704192002e-06
alarm,2.551586704192002e-06
slv,2.551586704192002e-06
che,2.551586704192002e-06
beha,2.551586704192002e-06
sidney,2.551586704192002e-06
assumptionthat,2.551586704192002e-06
lippman,2.551586704192002e-06
quantityset,2.551586704192002e-06
hurwitz,2.551586704192002e-06
thp,2.551586704192002e-06
termn,2.551586704192002e-06
indistin,2.551586704192002e-06
vhi,2.551586704192002e-06
pek,2.551586704192002e-06
hussein,2.551586704192002e-06
separabil,2.551586704192002e-06
jesus,2.551586704192002e-06
nonmiss,2.551586704192002e-06
chari,2.551586704192002e-06
yrjo,2.551586704192002e-06
disci,2.551586704192002e-06
gracious,2.551586704192002e-06
centenni,2.551586704192002e-06
bharadwaj,2.551586704192002e-06
lakonishok,2.551586704192002e-06
lcc,2.551586704192002e-06
nousli,2.551586704192002e-06
inin,2.551586704192002e-06
fink,2.551586704192002e-06
parameteris,2.551586704192002e-06
longhorizon,2.551586704192002e-06
twos,2.551586704192002e-06
oqi,2.551586704192002e-06
oac,2.551586704192002e-06
rendu,2.551586704192002e-06
donna,2.551586704192002e-06
curva,2.551586704192002e-06
lean,2.551586704192002e-06
mariann,2.551586704192002e-06
rca,2.551586704192002e-06
meme,2.551586704192002e-06
anumb,2.551586704192002e-06
bookkeep,2.551586704192002e-06
gsp,2.551586704192002e-06
kbi,2.551586704192002e-06
insubstanti,2.551586704192002e-06
ooz,2.551586704192002e-06
god,2.551586704192002e-06
iba,2.551586704192002e-06
lte,2.551586704192002e-06
valentin,2.551586704192002e-06
selfreport,2.551586704192002e-06
predat,2.551586704192002e-06
uib,2.551586704192002e-06
techni,2.551586704192002e-06
modem,2.551586704192002e-06
upstream,2.551586704192002e-06
reviewv,2.551586704192002e-06
aob,2.551586704192002e-06
aron,2.551586704192002e-06
bul,2.551586704192002e-06
rbs,2.551586704192002e-06
formn,2.551586704192002e-06
pline,2.551586704192002e-06
aniy,2.551586704192002e-06
yijt,2.551586704192002e-06
chamberlin,2.551586704192002e-06
iwa,2.551586704192002e-06
pradeep,1.7010578027946678e-06
yses,1.7010578027946678e-06
tractiv,1.7010578027946678e-06
euc,1.7010578027946678e-06
ssee,1.7010578027946678e-06
ptpti,1.7010578027946678e-06
wager,1.7010578027946678e-06
optimi,1.7010578027946678e-06
swept,1.7010578027946678e-06
jeanmichel,1.7010578027946678e-06
pbs,1.7010578027946678e-06
coax,1.7010578027946678e-06
rifl,1.7010578027946678e-06
disaggrega,1.7010578027946678e-06
strik,1.7010578027946678e-06
kitchen,1.7010578027946678e-06
gress,1.7010578027946678e-06
sih,1.7010578027946678e-06
omin,1.7010578027946678e-06
neftci,1.7010578027946678e-06
farreach,1.7010578027946678e-06
clumsi,1.7010578027946678e-06
publiqu,1.7010578027946678e-06
unantici,1.7010578027946678e-06
oleari,1.7010578027946678e-06
dicksmireaux,1.7010578027946678e-06
loom,1.7010578027946678e-06
memoryless,1.7010578027946678e-06
houser,1.7010578027946678e-06
payn,1.7010578027946678e-06
thom,1.7010578027946678e-06
uxu,1.7010578027946678e-06
vml,1.7010578027946678e-06
blush,1.7010578027946678e-06
pjpj,1.7010578027946678e-06
cincinnati,1.7010578027946678e-06
bhatia,1.7010578027946678e-06
samnpl,1.7010578027946678e-06
neuberg,1.7010578027946678e-06
minha,1.7010578027946678e-06
patton,1.7010578027946678e-06
wer,1.7010578027946678e-06
levitan,1.7010578027946678e-06
hemi,1.7010578027946678e-06
adja,1.7010578027946678e-06
compactvalu,1.7010578027946678e-06
impervi,1.7010578027946678e-06
templat,1.7010578027946678e-06
yas,1.7010578027946678e-06
ulm,1.7010578027946678e-06
unpr,1.7010578027946678e-06
dictabl,1.7010578027946678e-06
forefront,1.7010578027946678e-06
pka,1.7010578027946678e-06
idb,1.7010578027946678e-06
emir,1.7010578027946678e-06
databank,1.7010578027946678e-06
posal,1.7010578027946678e-06
rtdt,1.7010578027946678e-06
dissemin,1.7010578027946678e-06
encuesta,1.7010578027946678e-06
tyde,1.7010578027946678e-06
bub,1.7010578027946678e-06
jthe,1.7010578027946678e-06
orb,1.7010578027946678e-06
usr,1.7010578027946678e-06
sws,1.7010578027946678e-06
unto,1.7010578027946678e-06
bicycl,1.7010578027946678e-06
hiroyuki,1.7010578027946678e-06
zinc,1.7010578027946678e-06
dili,1.7010578027946678e-06
knox,1.7010578027946678e-06
seaboard,1.7010578027946678e-06
disembodi,1.7010578027946678e-06
brn,1.7010578027946678e-06
sation,1.7010578027946678e-06
fys,1.7010578027946678e-06
divert,1.7010578027946678e-06
esiz,1.7010578027946678e-06
flc,1.7010578027946678e-06
plenum,1.7010578027946678e-06
hanc,1.7010578027946678e-06
concert,1.7010578027946678e-06
benedict,1.7010578027946678e-06
sweezi,1.7010578027946678e-06
pmf,1.7010578027946678e-06
withinhousehold,1.7010578027946678e-06
unconvinc,1.7010578027946678e-06
herebi,1.7010578027946678e-06
pluse,1.7010578027946678e-06
datath,1.7010578027946678e-06
prefix,1.7010578027946678e-06
bayess,1.7010578027946678e-06
ped,1.7010578027946678e-06
meg,1.7010578027946678e-06
aronson,1.7010578027946678e-06
xxiii,1.7010578027946678e-06
jane,1.7010578027946678e-06
cccc,1.7010578027946678e-06
cmp,1.7010578027946678e-06
gramm,1.7010578027946678e-06
evinc,1.7010578027946678e-06
agesex,1.7010578027946678e-06
pici,1.7010578027946678e-06
methodolo,1.7010578027946678e-06
tpf,1.7010578027946678e-06
jora,1.7010578027946678e-06
minimi,1.7010578027946678e-06
ycc,1.7010578027946678e-06
usx,1.7010578027946678e-06
outputinfl,1.7010578027946678e-06
classen,1.7010578027946678e-06
breakthrough,1.7010578027946678e-06
economii,1.7010578027946678e-06
lucki,1.7010578027946678e-06
insepar,1.7010578027946678e-06
felix,1.7010578027946678e-06
versal,1.7010578027946678e-06
satyanath,1.7010578027946678e-06
yea,1.7010578027946678e-06
disem,1.7010578027946678e-06
smc,1.7010578027946678e-06
ocf,1.7010578027946678e-06
lint,1.7010578027946678e-06
deploy,1.7010578027946678e-06
lhpital,1.7010578027946678e-06
dinat,1.7010578027946678e-06
vye,1.7010578027946678e-06
conflat,1.7010578027946678e-06
numera,1.7010578027946678e-06
subjectspecif,1.7010578027946678e-06
izont,1.7010578027946678e-06
gentleman,1.7010578027946678e-06
lacuna,1.7010578027946678e-06
commu,1.7010578027946678e-06
palat,1.7010578027946678e-06
monious,1.7010578027946678e-06
wealthi,1.7010578027946678e-06
ukx,1.7010578027946678e-06
nishimura,1.7010578027946678e-06
eber,1.7010578027946678e-06
tidi,1.7010578027946678e-06
neri,1.7010578027946678e-06
allf,1.7010578027946678e-06
ddr,1.7010578027946678e-06
disord,1.7010578027946678e-06
ulk,1.7010578027946678e-06
lina,1.7010578027946678e-06
zipf,1.7010578027946678e-06
xlii,1.7010578027946678e-06
quasir,1.7010578027946678e-06
vsx,1.7010578027946678e-06
ters,1.7010578027946678e-06
dividendpric,1.7010578027946678e-06
restudrdt,1.7010578027946678e-06
biq,1.7010578027946678e-06
minaci,1.7010578027946678e-06
revolv,1.7010578027946678e-06
burdett,1.7010578027946678e-06
bya,1.7010578027946678e-06
slowgrow,1.7010578027946678e-06
vibrat,1.7010578027946678e-06
bag,1.7010578027946678e-06
cxk,1.7010578027946678e-06
batch,1.7010578027946678e-06
eleventh,1.7010578027946678e-06
ettt,1.7010578027946678e-06
xec,1.7010578027946678e-06
polak,1.7010578027946678e-06
recaptur,1.7010578027946678e-06
illusori,1.7010578027946678e-06
baumol,1.7010578027946678e-06
hemicontinu,1.7010578027946678e-06
unaccompani,1.7010578027946678e-06
reclassifi,1.7010578027946678e-06
threequart,1.7010578027946678e-06
southwestern,1.7010578027946678e-06
krusel,1.7010578027946678e-06
adler,1.7010578027946678e-06
ucat,1.7010578027946678e-06
prest,1.7010578027946678e-06
maddison,1.7010578027946678e-06
romania,1.7010578027946678e-06
blip,1.7010578027946678e-06
refor,1.7010578027946678e-06
wich,1.7010578027946678e-06
glad,1.7010578027946678e-06
septoct,1.7010578027946678e-06
neeman,1.7010578027946678e-06
different,1.7010578027946678e-06
sob,1.7010578027946678e-06
crei,1.7010578027946678e-06
thirtyon,1.7010578027946678e-06
tout,1.7010578027946678e-06
rolph,1.7010578027946678e-06
nonadjac,1.7010578027946678e-06
multidi,1.7010578027946678e-06
contami,1.7010578027946678e-06
bardhan,1.7010578027946678e-06
prolong,1.7010578027946678e-06
outof,1.7010578027946678e-06
crucini,1.7010578027946678e-06
spiegel,1.7010578027946678e-06
ipd,1.7010578027946678e-06
folk,1.7010578027946678e-06
decrement,1.7010578027946678e-06
mfa,1.7010578027946678e-06
nord,1.7010578027946678e-06
tipli,1.7010578027946678e-06
thori,1.7010578027946678e-06
garey,1.7010578027946678e-06
seriatim,1.7010578027946678e-06
makow,1.7010578027946678e-06
chin,1.7010578027946678e-06
mouvement,1.7010578027946678e-06
wouter,1.7010578027946678e-06
inflow,1.7010578027946678e-06
unquest,1.7010578027946678e-06
pulsori,1.7010578027946678e-06
erit,1.7010578027946678e-06
lign,1.7010578027946678e-06
raison,1.7010578027946678e-06
allround,1.7010578027946678e-06
rdk,1.7010578027946678e-06
weltwirtschaftlich,1.7010578027946678e-06
dare,1.7010578027946678e-06
svend,1.7010578027946678e-06
yearend,1.7010578027946678e-06
loath,1.7010578027946678e-06
nato,1.7010578027946678e-06
firstdegre,1.7010578027946678e-06
siq,1.7010578027946678e-06
prodig,1.7010578027946678e-06
agreeabl,1.7010578027946678e-06
eliza,1.7010578027946678e-06
bondhold,1.7010578027946678e-06
vigo,1.7010578027946678e-06
thlat,1.7010578027946678e-06
vasco,1.7010578027946678e-06
verac,1.7010578027946678e-06
fixiti,1.7010578027946678e-06
ferber,1.7010578027946678e-06
snow,1.7010578027946678e-06
reorgan,1.7010578027946678e-06
parn,1.7010578027946678e-06
reformu,1.7010578027946678e-06
wellchosen,1.7010578027946678e-06
oreilli,1.7010578027946678e-06
czechoslovak,1.7010578027946678e-06
marius,1.7010578027946678e-06
thrift,1.7010578027946678e-06
printout,1.7010578027946678e-06
ricerch,1.7010578027946678e-06
annum,1.7010578027946678e-06
surrey,1.7010578027946678e-06
cardi,1.7010578027946678e-06
jcaxi,1.7010578027946678e-06
mnemon,1.7010578027946678e-06
commen,1.7010578027946678e-06
topalova,1.7010578027946678e-06
jere,1.7010578027946678e-06
insead,1.7010578027946678e-06
cani,1.7010578027946678e-06
singlemarket,1.7010578027946678e-06
distast,1.7010578027946678e-06
mervyn,1.7010578027946678e-06
popkin,1.7010578027946678e-06
shorterrun,1.7010578027946678e-06
erm,1.7010578027946678e-06
metic,1.7010578027946678e-06
iiiiv,1.7010578027946678e-06
acci,1.7010578027946678e-06
olut,1.7010578027946678e-06
disguis,1.7010578027946678e-06
pantheon,1.7010578027946678e-06
mare,1.7010578027946678e-06
advocaci,1.7010578027946678e-06
zar,1.7010578027946678e-06
visscher,1.7010578027946678e-06
ece,1.7010578027946678e-06
twocommod,1.7010578027946678e-06
postal,1.7010578027946678e-06
quasiexperi,1.7010578027946678e-06
presup,1.7010578027946678e-06
tijt,1.7010578027946678e-06
wipe,1.7010578027946678e-06
shelbi,1.7010578027946678e-06
stall,1.7010578027946678e-06
heighten,1.7010578027946678e-06
superb,1.7010578027946678e-06
venu,1.7010578027946678e-06
underrepres,1.7010578027946678e-06
timeofday,1.7010578027946678e-06
subcategori,1.7010578027946678e-06
afterthought,1.7010578027946678e-06
jami,1.7010578027946678e-06
bcr,1.7010578027946678e-06
interspers,1.7010578027946678e-06
auz,1.7010578027946678e-06
deterio,1.7010578027946678e-06
indiff,1.7010578027946678e-06
yate,1.7010578027946678e-06
stromberg,1.7010578027946678e-06
acd,1.7010578027946678e-06
lynn,1.7010578027946678e-06
weintraub,1.7010578027946678e-06
texasaustin,1.7010578027946678e-06
decent,1.7010578027946678e-06
foregon,1.7010578027946678e-06
vos,1.7010578027946678e-06
kleidon,1.7010578027946678e-06
bergin,1.7010578027946678e-06
entrepreneuri,1.7010578027946678e-06
sonin,1.7010578027946678e-06
mrp,1.7010578027946678e-06
yus,1.7010578027946678e-06
kalecki,1.7010578027946678e-06
determinaci,1.7010578027946678e-06
dwm,1.7010578027946678e-06
wert,1.7010578027946678e-06
polic,1.7010578027946678e-06
leipzig,1.7010578027946678e-06
poland,1.7010578027946678e-06
slant,1.7010578027946678e-06
ccm,1.7010578027946678e-06
posium,1.7010578027946678e-06
trench,1.7010578027946678e-06
protein,1.7010578027946678e-06
costof,1.7010578027946678e-06
sixteenth,1.7010578027946678e-06
nakajima,1.7010578027946678e-06
topol,1.7010578027946678e-06
stationeri,1.7010578027946678e-06
dime,1.7010578027946678e-06
discomfort,1.7010578027946678e-06
payer,1.7010578027946678e-06
bandyopadhyay,1.7010578027946678e-06
bibliograph,1.7010578027946678e-06
cxxi,1.7010578027946678e-06
appoint,1.7010578027946678e-06
calvo,1.7010578027946678e-06
beaudri,1.7010578027946678e-06
rasian,1.7010578027946678e-06
ebert,1.7010578027946678e-06
ptit,1.7010578027946678e-06
worrisom,1.7010578027946678e-06
xra,1.7010578027946678e-06
chandler,1.7010578027946678e-06
bestim,1.7010578027946678e-06
exhaus,1.7010578027946678e-06
tageous,1.7010578027946678e-06
visvi,1.7010578027946678e-06
irrevers,1.7010578027946678e-06
alco,1.7010578027946678e-06
ucsb,1.7010578027946678e-06
panama,1.7010578027946678e-06
offthejob,1.7010578027946678e-06
bibl,1.7010578027946678e-06
queer,1.7010578027946678e-06
danalys,1.7010578027946678e-06
examina,1.7010578027946678e-06
sra,1.7010578027946678e-06
wlc,1.7010578027946678e-06
zontal,1.7010578027946678e-06
diari,1.7010578027946678e-06
indispen,1.7010578027946678e-06
biw,1.7010578027946678e-06
swit,1.7010578027946678e-06
cootner,1.7010578027946678e-06
viyi,1.7010578027946678e-06
rabbit,1.7010578027946678e-06
mdt,1.7010578027946678e-06
weed,1.7010578027946678e-06
brodi,1.7010578027946678e-06
swan,1.7010578027946678e-06
ninetieth,1.7010578027946678e-06
distributioni,1.7010578027946678e-06
elia,1.7010578027946678e-06
unoccupi,1.7010578027946678e-06
pink,1.7010578027946678e-06
regionspecif,1.7010578027946678e-06
nonconcav,1.7010578027946678e-06
natal,1.7010578027946678e-06
economt,1.7010578027946678e-06
soak,1.7010578027946678e-06
litzenberg,1.7010578027946678e-06
queue,1.7010578027946678e-06
geon,1.7010578027946678e-06
logearn,1.7010578027946678e-06
lorrain,1.7010578027946678e-06
asymm,1.7010578027946678e-06
stahl,1.7010578027946678e-06
entr,1.7010578027946678e-06
spur,1.7010578027946678e-06
platform,1.7010578027946678e-06
baht,1.7010578027946678e-06
versibl,1.7010578027946678e-06
withl,1.7010578027946678e-06
sac,1.7010578027946678e-06
southwest,1.7010578027946678e-06
modus,1.7010578027946678e-06
rapport,1.7010578027946678e-06
tenden,1.7010578027946678e-06
omega,1.7010578027946678e-06
disser,1.7010578027946678e-06
interregion,1.7010578027946678e-06
interestr,1.7010578027946678e-06
difer,1.7010578027946678e-06
disputandum,1.7010578027946678e-06
jail,1.7010578027946678e-06
mihov,1.7010578027946678e-06
nca,1.7010578027946678e-06
ocq,1.7010578027946678e-06
fusion,1.7010578027946678e-06
uja,1.7010578027946678e-06
uiq,1.7010578027946678e-06
ploeg,1.7010578027946678e-06
jem,1.7010578027946678e-06
warsaw,1.7010578027946678e-06
httpdxdoiorgaerp,1.7010578027946678e-06
dune,1.7010578027946678e-06
famafrench,1.7010578027946678e-06
lusardi,1.7010578027946678e-06
riu,1.7010578027946678e-06
sitat,1.7010578027946678e-06
divisia,1.7010578027946678e-06
papa,1.7010578027946678e-06
sett,1.7010578027946678e-06
tres,1.7010578027946678e-06
ytdt,1.7010578027946678e-06
unforecast,1.7010578027946678e-06
standarderror,1.7010578027946678e-06
preneur,1.7010578027946678e-06
unintellig,1.7010578027946678e-06
cade,1.7010578027946678e-06
mediocr,1.7010578027946678e-06
agement,1.7010578027946678e-06
minv,1.7010578027946678e-06
hilton,1.7010578027946678e-06
inconsisten,1.7010578027946678e-06
afraid,1.7010578027946678e-06
apti,1.7010578027946678e-06
sudhir,1.7010578027946678e-06
jahrbuch,1.7010578027946678e-06
ktlt,1.7010578027946678e-06
kilo,1.7010578027946678e-06
comma,1.7010578027946678e-06
millan,1.7010578027946678e-06
crossclassifi,1.7010578027946678e-06
ule,1.7010578027946678e-06
tioner,1.7010578027946678e-06
etic,1.7010578027946678e-06
nus,1.7010578027946678e-06
supra,1.7010578027946678e-06
operat,1.7010578027946678e-06
usd,1.7010578027946678e-06
assumn,1.7010578027946678e-06
fundacin,1.7010578027946678e-06
onceforal,1.7010578027946678e-06
overcapac,1.7010578027946678e-06
daytoday,1.7010578027946678e-06
karen,1.7010578027946678e-06
araujo,1.7010578027946678e-06
plific,1.7010578027946678e-06
pettit,1.7010578027946678e-06
exclusionari,1.7010578027946678e-06
dea,1.7010578027946678e-06
downgrad,1.7010578027946678e-06
twl,1.7010578027946678e-06
nightmar,1.7010578027946678e-06
cup,1.7010578027946678e-06
sanm,1.7010578027946678e-06
lisbon,1.7010578027946678e-06
caught,1.7010578027946678e-06
usg,1.7010578027946678e-06
collegio,1.7010578027946678e-06
carlton,1.7010578027946678e-06
ioannid,1.7010578027946678e-06
massey,1.7010578027946678e-06
dwe,1.7010578027946678e-06
pesando,1.7010578027946678e-06
teenth,1.7010578027946678e-06
dorfman,1.7010578027946678e-06
fmp,1.7010578027946678e-06
insensi,1.7010578027946678e-06
yard,1.7010578027946678e-06
tria,1.7010578027946678e-06
avw,1.7010578027946678e-06
mokyr,1.7010578027946678e-06
cockburn,1.7010578027946678e-06
ccq,1.7010578027946678e-06
conta,1.7010578027946678e-06
tsta,1.7010578027946678e-06
ulb,1.7010578027946678e-06
bayesnash,1.7010578027946678e-06
thir,1.7010578027946678e-06
mena,1.7010578027946678e-06
cavallo,1.7010578027946678e-06
cious,1.7010578027946678e-06
yuriy,1.7010578027946678e-06
unfound,1.7010578027946678e-06
divi,1.7010578027946678e-06
territori,1.7010578027946678e-06
adolph,1.7010578027946678e-06
deolalikar,1.7010578027946678e-06
wireless,1.7010578027946678e-06
economich,1.7010578027946678e-06
lambson,1.7010578027946678e-06
desktop,1.7010578027946678e-06
trajtenberg,1.7010578027946678e-06
sheer,1.7010578027946678e-06
inadv,1.7010578027946678e-06
poq,1.7010578027946678e-06
unverifi,1.7010578027946678e-06
geneticist,1.7010578027946678e-06
ulh,1.7010578027946678e-06
dissatisfi,1.7010578027946678e-06
reinhart,1.7010578027946678e-06
specious,1.7010578027946678e-06
lederman,1.7010578027946678e-06
pontificia,1.7010578027946678e-06
dull,1.7010578027946678e-06
lace,1.7010578027946678e-06
tall,1.7010578027946678e-06
destabil,1.7010578027946678e-06
anytim,1.7010578027946678e-06
rfk,1.7010578027946678e-06
helen,1.7010578027946678e-06
vlp,1.7010578027946678e-06
stuck,1.7010578027946678e-06
asg,1.7010578027946678e-06
queensland,1.7010578027946678e-06
gdr,1.7010578027946678e-06
dwn,1.7010578027946678e-06
strin,1.7010578027946678e-06
variablea,1.7010578027946678e-06
scrutin,1.7010578027946678e-06
sylvain,1.7010578027946678e-06
prolif,1.7010578027946678e-06
navig,1.7010578027946678e-06
deceas,1.7010578027946678e-06
trativ,1.7010578027946678e-06
carpent,1.7010578027946678e-06
arab,1.7010578027946678e-06
dire,1.7010578027946678e-06
drake,1.7010578027946678e-06
pvv,1.7010578027946678e-06
fourequ,1.7010578027946678e-06
remi,1.7010578027946678e-06
java,1.7010578027946678e-06
atil,1.7010578027946678e-06
wagon,1.7010578027946678e-06
cyr,1.7010578027946678e-06
hov,1.7010578027946678e-06
evil,1.7010578027946678e-06
senat,1.7010578027946678e-06
bone,1.7010578027946678e-06
closed,1.7010578027946678e-06
exemplari,1.7010578027946678e-06
insignif,1.7010578027946678e-06
timum,1.7010578027946678e-06
altruist,1.7010578027946678e-06
leap,1.7010578027946678e-06
conceal,1.7010578027946678e-06
confirmatori,1.7010578027946678e-06
contraposit,1.7010578027946678e-06
compensat,1.7010578027946678e-06
efc,1.7010578027946678e-06
vine,1.7010578027946678e-06
overrid,1.7010578027946678e-06
foreignexchang,1.7010578027946678e-06
avp,1.7010578027946678e-06
midwestern,1.7010578027946678e-06
alphabet,1.7010578027946678e-06
pectiv,1.7010578027946678e-06
gall,1.7010578027946678e-06
madrian,1.7010578027946678e-06
handi,1.7010578027946678e-06
marsden,1.7010578027946678e-06
crd,1.7010578027946678e-06
upl,1.7010578027946678e-06
recycl,1.7010578027946678e-06
osa,1.7010578027946678e-06
dietz,1.7010578027946678e-06
cort,1.7010578027946678e-06
discriminat,1.7010578027946678e-06
cpb,1.7010578027946678e-06
hajim,1.7010578027946678e-06
hack,1.7010578027946678e-06
facili,1.7010578027946678e-06
nonin,1.7010578027946678e-06
calo,1.7010578027946678e-06
giorgi,1.7010578027946678e-06
lrd,1.7010578027946678e-06
brueckner,1.7010578027946678e-06
hike,1.7010578027946678e-06
reagan,1.7010578027946678e-06
filer,1.7010578027946678e-06
bhm,1.7010578027946678e-06
vmax,1.7010578027946678e-06
dupor,1.7010578027946678e-06
aph,1.7010578027946678e-06
jurgen,1.7010578027946678e-06
threeperiod,1.7010578027946678e-06
slesnick,1.7010578027946678e-06
lup,1.7010578027946678e-06
alaska,1.7010578027946678e-06
derstood,1.7010578027946678e-06
lxv,1.7010578027946678e-06
viabil,1.7010578027946678e-06
unreserv,1.7010578027946678e-06
unconnect,1.7010578027946678e-06
sisi,1.7010578027946678e-06
peggi,1.7010578027946678e-06
revel,1.7010578027946678e-06
myerson,1.7010578027946678e-06
anism,1.7010578027946678e-06
pum,1.7010578027946678e-06
mediumterm,1.7010578027946678e-06
ibrat,1.7010578027946678e-06
exchanger,1.7010578027946678e-06
ohara,1.7010578027946678e-06
umm,1.7010578027946678e-06
dirti,1.7010578027946678e-06
bfor,1.7010578027946678e-06
consensu,1.7010578027946678e-06
overreact,1.7010578027946678e-06
conditioni,1.7010578027946678e-06
mel,1.7010578027946678e-06
roneous,1.7010578027946678e-06
costeffect,1.7010578027946678e-06
castl,1.7010578027946678e-06
ucj,1.7010578027946678e-06
chariti,1.7010578027946678e-06
wvar,1.7010578027946678e-06
gallup,1.7010578027946678e-06
ythe,1.7010578027946678e-06
sacr,1.7010578027946678e-06
oklahoma,1.7010578027946678e-06
qtk,1.7010578027946678e-06
twicelag,1.7010578027946678e-06
kill,1.7010578027946678e-06
shuffl,1.7010578027946678e-06
conidit,1.7010578027946678e-06
kruse,1.7010578027946678e-06
oversimplif,1.7010578027946678e-06
nale,1.7010578027946678e-06
trialanderror,1.7010578027946678e-06
ingot,1.7010578027946678e-06
zic,1.7010578027946678e-06
loren,1.7010578027946678e-06
havoc,1.7010578027946678e-06
agri,1.7010578027946678e-06
rili,1.7010578027946678e-06
linearis,1.7010578027946678e-06
shep,1.7010578027946678e-06
patienc,1.7010578027946678e-06
complaint,1.7010578027946678e-06
microscop,1.7010578027946678e-06
banqu,1.7010578027946678e-06
yoav,1.7010578027946678e-06
mcintosh,1.7010578027946678e-06
sistema,1.7010578027946678e-06
psycho,1.7010578027946678e-06
ciga,1.7010578027946678e-06
orchard,1.7010578027946678e-06
kuk,1.7010578027946678e-06
workforc,1.7010578027946678e-06
secret,1.7010578027946678e-06
fortyf,1.7010578027946678e-06
jargon,1.7010578027946678e-06
cff,1.7010578027946678e-06
delawar,1.7010578027946678e-06
plpl,1.7010578027946678e-06
impressionist,1.7010578027946678e-06
pencavel,1.7010578027946678e-06
auy,1.7010578027946678e-06
mansfield,1.7010578027946678e-06
jarrow,1.7010578027946678e-06
townsend,1.7010578027946678e-06
hua,1.7010578027946678e-06
quiescent,1.7010578027946678e-06
blonigen,1.7010578027946678e-06
ertt,1.7010578027946678e-06
comport,1.7010578027946678e-06
obvers,1.7010578027946678e-06
beaten,1.7010578027946678e-06
gsl,1.7010578027946678e-06
pointintim,1.7010578027946678e-06
thu,1.7010578027946678e-06
equiprob,1.7010578027946678e-06
hampshir,1.7010578027946678e-06
lustig,1.7010578027946678e-06
wig,1.7010578027946678e-06
fragmentari,1.7010578027946678e-06
wtlt,1.7010578027946678e-06
stb,1.7010578027946678e-06
collud,1.7010578027946678e-06
longitu,1.7010578027946678e-06
hle,1.7010578027946678e-06
fortieth,1.7010578027946678e-06
antic,1.7010578027946678e-06
thc,1.7010578027946678e-06
onestag,1.7010578027946678e-06
nearzero,1.7010578027946678e-06
crh,1.7010578027946678e-06
liran,1.7010578027946678e-06
microdynam,1.7010578027946678e-06
cdd,1.7010578027946678e-06
worthless,1.7010578027946678e-06
louisiana,1.7010578027946678e-06
cej,1.7010578027946678e-06
costshar,1.7010578027946678e-06
romer,1.7010578027946678e-06
consumptionsav,1.7010578027946678e-06
houghtonmifflin,1.7010578027946678e-06
forsyth,1.7010578027946678e-06
indetermi,1.7010578027946678e-06
dcl,1.7010578027946678e-06
mossin,1.7010578027946678e-06
xxxiii,1.7010578027946678e-06
reuben,1.7010578027946678e-06
afq,1.7010578027946678e-06
rehabilit,1.7010578027946678e-06
barski,1.7010578027946678e-06
crossov,1.7010578027946678e-06
amaz,1.7010578027946678e-06
pattem,1.7010578027946678e-06
willingnesstopay,1.7010578027946678e-06
consumptioninvest,1.7010578027946678e-06
nont,1.7010578027946678e-06
exemplar,1.7010578027946678e-06
goer,1.7010578027946678e-06
airplan,1.7010578027946678e-06
tuitiv,1.7010578027946678e-06
abramovitz,1.7010578027946678e-06
groot,1.7010578027946678e-06
lake,1.7010578027946678e-06
blem,1.7010578027946678e-06
jimenez,1.7010578027946678e-06
plung,1.7010578027946678e-06
steckel,1.7010578027946678e-06
rce,1.7010578027946678e-06
lindgren,1.7010578027946678e-06
operandi,1.7010578027946678e-06
naic,1.7010578027946678e-06
frbmit,1.7010578027946678e-06
stephenson,1.7010578027946678e-06
meani,1.7010578027946678e-06
pwp,1.7010578027946678e-06
economl,1.7010578027946678e-06
cist,1.7010578027946678e-06
philo,1.7010578027946678e-06
ptst,1.7010578027946678e-06
fiduciari,1.7010578027946678e-06
workingag,1.7010578027946678e-06
fernald,1.7010578027946678e-06
agh,1.7010578027946678e-06
onceandforal,1.7010578027946678e-06
verifica,1.7010578027946678e-06
auspic,1.7010578027946678e-06
timn,1.7010578027946678e-06
unwin,1.7010578027946678e-06
montana,1.7010578027946678e-06
shulamit,1.7010578027946678e-06
magic,1.7010578027946678e-06
branson,1.7010578027946678e-06
trapol,1.7010578027946678e-06
wlp,1.7010578027946678e-06
neilson,1.7010578027946678e-06
mech,1.7010578027946678e-06
tulan,1.7010578027946678e-06
resili,1.7010578027946678e-06
compan,1.7010578027946678e-06
reliabil,1.7010578027946678e-06
enrolle,1.7010578027946678e-06
perish,1.7010578027946678e-06
preoccup,1.7010578027946678e-06
thereto,1.7010578027946678e-06
incomegener,1.7010578027946678e-06
endofperiod,1.7010578027946678e-06
ecu,1.7010578027946678e-06
unlucki,1.7010578027946678e-06
effecr,1.7010578027946678e-06
isaac,1.7010578027946678e-06
kuga,1.7010578027946678e-06
barr,1.7010578027946678e-06
ceptabl,1.7010578027946678e-06
mathrmexp,1.7010578027946678e-06
forma,1.7010578027946678e-06
silli,1.7010578027946678e-06
wreak,1.7010578027946678e-06
eari,1.7010578027946678e-06
costi,1.7010578027946678e-06
permi,1.7010578027946678e-06
tourism,1.7010578027946678e-06
etant,1.7010578027946678e-06
endless,1.7010578027946678e-06
gqi,1.7010578027946678e-06
brandt,1.7010578027946678e-06
riddel,1.7010578027946678e-06
lep,1.7010578027946678e-06
voy,1.7010578027946678e-06
dutton,1.7010578027946678e-06
arous,1.7010578027946678e-06
continent,1.7010578027946678e-06
nevada,1.7010578027946678e-06
congr,1.7010578027946678e-06
montalvo,1.7010578027946678e-06
plg,1.7010578027946678e-06
goldfarb,1.7010578027946678e-06
nell,1.7010578027946678e-06
nonstatist,1.7010578027946678e-06
rean,1.7010578027946678e-06
mathew,1.7010578027946678e-06
stylis,1.7010578027946678e-06
pork,1.7010578027946678e-06
vca,1.7010578027946678e-06
mauro,1.7010578027946678e-06
offend,1.7010578027946678e-06
varet,1.7010578027946678e-06
kone,1.7010578027946678e-06
rodger,1.7010578027946678e-06
unwilling,1.7010578027946678e-06
resultat,1.7010578027946678e-06
brendan,1.7010578027946678e-06
lsa,1.7010578027946678e-06
ditalia,1.7010578027946678e-06
arec,1.7010578027946678e-06
rsx,1.7010578027946678e-06
anti,1.7010578027946678e-06
asli,1.7010578027946678e-06
erzo,1.7010578027946678e-06
vergent,1.7010578027946678e-06
farthest,1.7010578027946678e-06
noneconom,1.7010578027946678e-06
imposi,1.7010578027946678e-06
church,1.7010578027946678e-06
splice,1.7010578027946678e-06
midnineteenth,1.7010578027946678e-06
twomemb,1.7010578027946678e-06
winkler,1.7010578027946678e-06
trad,1.7010578027946678e-06
ualli,1.7010578027946678e-06
roch,1.7010578027946678e-06
enact,1.7010578027946678e-06
publicus,1.7010578027946678e-06
pijt,1.7010578027946678e-06
xtest,1.7010578027946678e-06
qja,1.7010578027946678e-06
scrambl,1.7010578027946678e-06
erica,1.7010578027946678e-06
cww,1.7010578027946678e-06
illog,1.7010578027946678e-06
cuc,1.7010578027946678e-06
couch,1.7010578027946678e-06
yare,1.7010578027946678e-06
allel,1.7010578027946678e-06
twentyfour,1.7010578027946678e-06
tmin,1.7010578027946678e-06
umr,1.7010578027946678e-06
breadth,1.7010578027946678e-06
niel,1.7010578027946678e-06
systemn,1.7010578027946678e-06
fuqua,1.7010578027946678e-06
plateaus,1.7010578027946678e-06
xiji,1.7010578027946678e-06
manyear,1.7010578027946678e-06
revealedprefer,1.7010578027946678e-06
yun,1.7010578027946678e-06
gerd,1.7010578027946678e-06
overhead,1.7010578027946678e-06
wed,1.7010578027946678e-06
vcc,1.7010578027946678e-06
unrepres,1.7010578027946678e-06
twentythre,1.7010578027946678e-06
dtc,1.7010578027946678e-06
opaqu,1.7010578027946678e-06
overreport,1.7010578027946678e-06
wso,1.7010578027946678e-06
guag,1.7010578027946678e-06
bullet,1.7010578027946678e-06
kniesner,1.7010578027946678e-06
blatant,1.7010578027946678e-06
grip,1.7010578027946678e-06
intratempor,1.7010578027946678e-06
unstructur,1.7010578027946678e-06
guthri,1.7010578027946678e-06
quelqu,1.7010578027946678e-06
acknow,1.7010578027946678e-06
sorb,1.7010578027946678e-06
minivan,1.7010578027946678e-06
bert,1.7010578027946678e-06
anew,1.7010578027946678e-06
insignifi,1.7010578027946678e-06
vitiat,1.7010578027946678e-06
upa,1.7010578027946678e-06
fecund,1.7010578027946678e-06
thata,1.7010578027946678e-06
manip,1.7010578027946678e-06
papb,1.7010578027946678e-06
amh,1.7010578027946678e-06
knack,1.7010578027946678e-06
lurk,1.7010578027946678e-06
inaugur,1.7010578027946678e-06
donat,1.7010578027946678e-06
diagno,1.7010578027946678e-06
redirect,1.7010578027946678e-06
spann,1.7010578027946678e-06
sealedbid,1.7010578027946678e-06
kenni,1.7010578027946678e-06
sean,1.7010578027946678e-06
meticul,1.7010578027946678e-06
ytpt,1.7010578027946678e-06
olist,1.7010578027946678e-06
barber,1.7010578027946678e-06
awk,1.7010578027946678e-06
longstaff,1.7010578027946678e-06
fake,1.7010578027946678e-06
newcomb,1.7010578027946678e-06
nonmeasur,1.7010578027946678e-06
functiona,1.7010578027946678e-06
xiiy,1.7010578027946678e-06
doctrin,1.7010578027946678e-06
nonequ,1.7010578027946678e-06
diagrammat,1.7010578027946678e-06
xpiy,1.7010578027946678e-06
unsettl,1.7010578027946678e-06
threefourth,1.7010578027946678e-06
feldman,1.7010578027946678e-06
rmin,1.7010578027946678e-06
nava,1.7010578027946678e-06
wjp,1.7010578027946678e-06
msp,1.7010578027946678e-06
embod,1.7010578027946678e-06
deplet,1.7010578027946678e-06
ruttan,1.7010578027946678e-06
mechanist,1.7010578027946678e-06
abat,1.7010578027946678e-06
lom,1.7010578027946678e-06
skinner,1.7010578027946678e-06
violenc,1.7010578027946678e-06
symposia,1.7010578027946678e-06
bdi,1.7010578027946678e-06
parkinson,1.7010578027946678e-06
tenta,1.7010578027946678e-06
cruder,1.7010578027946678e-06
swt,1.7010578027946678e-06
relinquish,1.7010578027946678e-06
memor,1.7010578027946678e-06
humid,1.7010578027946678e-06
availabil,1.7010578027946678e-06
protest,1.7010578027946678e-06
olivetti,1.7010578027946678e-06
pollakowski,1.7010578027946678e-06
gustafson,1.7010578027946678e-06
januaryfebruari,1.7010578027946678e-06
abu,1.7010578027946678e-06
outgo,1.7010578027946678e-06
iith,1.7010578027946678e-06
coe,1.7010578027946678e-06
dwd,1.7010578027946678e-06
ssg,1.7010578027946678e-06
dcr,1.7010578027946678e-06
dew,1.7010578027946678e-06
helicopt,1.7010578027946678e-06
upwardslop,1.7010578027946678e-06
onili,1.7010578027946678e-06
bom,1.7010578027946678e-06
cya,1.7010578027946678e-06
tue,1.7010578027946678e-06
erw,1.7010578027946678e-06
salt,1.7010578027946678e-06
mackay,1.7010578027946678e-06
film,1.7010578027946678e-06
jca,1.7010578027946678e-06
rescu,1.7010578027946678e-06
unfil,1.7010578027946678e-06
bere,1.7010578027946678e-06
glossari,1.7010578027946678e-06
horney,1.7010578027946678e-06
homegrown,1.7010578027946678e-06
mfp,1.7010578027946678e-06
cijt,1.7010578027946678e-06
resolu,1.7010578027946678e-06
contrariwis,1.7010578027946678e-06
wellfound,1.7010578027946678e-06
psm,1.7010578027946678e-06
tulat,1.7010578027946678e-06
popp,1.7010578027946678e-06
interconnect,1.7010578027946678e-06
pent,1.7010578027946678e-06
reconfirm,1.7010578027946678e-06
limc,1.7010578027946678e-06
vba,1.7010578027946678e-06
contributor,1.7010578027946678e-06
xxvi,1.7010578027946678e-06
tani,1.7010578027946678e-06
omnisci,1.7010578027946678e-06
paperth,1.7010578027946678e-06
drawer,1.7010578027946678e-06
pentti,1.7010578027946678e-06
hiroshi,1.7010578027946678e-06
tiguous,1.7010578027946678e-06
vroman,1.7010578027946678e-06
sappington,1.7010578027946678e-06
overload,1.7010578027946678e-06
semiskil,1.7010578027946678e-06
forerunn,1.7010578027946678e-06
popt,1.7010578027946678e-06
mazzeo,1.7010578027946678e-06
ekelund,1.7010578027946678e-06
eurozon,1.7010578027946678e-06
marquett,1.7010578027946678e-06
weighti,1.7010578027946678e-06
cqn,1.7010578027946678e-06
etqt,1.7010578027946678e-06
music,1.7010578027946678e-06
siw,1.7010578027946678e-06
cativ,1.7010578027946678e-06
ashen,1.7010578027946678e-06
ctg,1.7010578027946678e-06
iooi,1.7010578027946678e-06
timescal,1.7010578027946678e-06
psr,1.7010578027946678e-06
stateindepend,1.7010578027946678e-06
agea,1.7010578027946678e-06
noncompar,1.7010578027946678e-06
rudd,1.7010578027946678e-06
fiji,1.7010578027946678e-06
rct,1.7010578027946678e-06
pierson,1.7010578027946678e-06
pyatt,1.7010578027946678e-06
rita,1.7010578027946678e-06
madden,1.7010578027946678e-06
disprov,1.7010578027946678e-06
toilet,1.7010578027946678e-06
beit,1.7010578027946678e-06
scant,1.7010578027946678e-06
mixedstrategi,1.7010578027946678e-06
conversa,1.7010578027946678e-06
ideolog,1.7010578027946678e-06
ough,1.7010578027946678e-06
wtnt,1.7010578027946678e-06
uex,1.7010578027946678e-06
shubik,1.7010578027946678e-06
itic,1.7010578027946678e-06
nasti,1.7010578027946678e-06
fatous,1.7010578027946678e-06
musgrav,1.7010578027946678e-06
offlin,1.7010578027946678e-06
publ,1.7010578027946678e-06
dimitri,1.7010578027946678e-06
prti,1.7010578027946678e-06
smart,1.7010578027946678e-06
withinperiod,1.7010578027946678e-06
beauti,1.7010578027946678e-06
reder,1.7010578027946678e-06
wlhere,1.7010578027946678e-06
isoprofit,1.7010578027946678e-06
idw,1.7010578027946678e-06
maclaurin,1.7010578027946678e-06
choquet,1.7010578027946678e-06
haltiwang,1.7010578027946678e-06
embargo,1.7010578027946678e-06
figurf,1.7010578027946678e-06
fct,1.7010578027946678e-06
maccheroni,1.7010578027946678e-06
generalpurpos,1.7010578027946678e-06
unwork,1.7010578027946678e-06
learnt,1.7010578027946678e-06
jpa,1.7010578027946678e-06
cbp,1.7010578027946678e-06
categoris,1.7010578027946678e-06
cathi,1.7010578027946678e-06
millennium,1.7010578027946678e-06
withdrew,1.7010578027946678e-06
amb,1.7010578027946678e-06
somej,1.7010578027946678e-06
campaign,1.7010578027946678e-06
ieq,1.7010578027946678e-06
minw,1.7010578027946678e-06
tinction,1.7010578027946678e-06
olw,1.7010578027946678e-06
econzom,1.7010578027946678e-06
asq,1.7010578027946678e-06
hoffenberg,1.7010578027946678e-06
aqf,1.7010578027946678e-06
dsa,1.7010578027946678e-06
assay,1.7010578027946678e-06
amet,1.7010578027946678e-06
everpres,1.7010578027946678e-06
scl,1.7010578027946678e-06
tomari,1.7010578027946678e-06
religi,1.7010578027946678e-06
avc,1.7010578027946678e-06
parabola,1.7010578027946678e-06
ambient,1.7010578027946678e-06
amnerican,1.7010578027946678e-06
promulg,1.7010578027946678e-06
dles,1.7010578027946678e-06
asit,1.7010578027946678e-06
guiso,1.7010578027946678e-06
unquestion,1.7010578027946678e-06
axel,1.7010578027946678e-06
wrp,1.7010578027946678e-06
expli,1.7010578027946678e-06
praeger,1.7010578027946678e-06
cola,1.7010578027946678e-06
settlement,1.7010578027946678e-06
intui,1.7010578027946678e-06
apportion,1.7010578027946678e-06
sussex,1.7010578027946678e-06
pqm,1.7010578027946678e-06
plantlevel,1.7010578027946678e-06
classifica,1.7010578027946678e-06
siow,1.7010578027946678e-06
sturdi,1.7010578027946678e-06
afin,1.7010578027946678e-06
horsepow,1.7010578027946678e-06
typedepend,1.7010578027946678e-06
benci,1.7010578027946678e-06
chava,1.7010578027946678e-06
lfor,1.7010578027946678e-06
nonmarket,1.7010578027946678e-06
cabil,1.7010578027946678e-06
beef,1.7010578027946678e-06
neuron,1.7010578027946678e-06
uganda,1.7010578027946678e-06
destruct,1.7010578027946678e-06
evapor,1.7010578027946678e-06
witlh,1.7010578027946678e-06
timet,1.7010578027946678e-06
maier,1.7010578027946678e-06
moni,1.7010578027946678e-06
simsek,1.7010578027946678e-06
ahf,1.7010578027946678e-06
plate,1.7010578027946678e-06
firth,1.7010578027946678e-06
besanko,1.7010578027946678e-06
mookherje,1.7010578027946678e-06
dobrovolski,1.7010578027946678e-06
utat,1.7010578027946678e-06
erro,1.7010578027946678e-06
valri,1.7010578027946678e-06
yellow,1.7010578027946678e-06
ruptur,1.7010578027946678e-06
soil,1.7010578027946678e-06
woe,1.7010578027946678e-06
unc,1.7010578027946678e-06
accor,1.7010578027946678e-06
hyun,1.7010578027946678e-06
kilogram,1.7010578027946678e-06
thal,1.7010578027946678e-06
pont,1.7010578027946678e-06
figu,1.7010578027946678e-06
fled,1.7010578027946678e-06
cane,1.7010578027946678e-06
impound,1.7010578027946678e-06
wynn,1.7010578027946678e-06
premier,1.7010578027946678e-06
tella,1.7010578027946678e-06
enunci,1.7010578027946678e-06
tralian,1.7010578027946678e-06
licat,1.7010578027946678e-06
kouri,1.7010578027946678e-06
irregu,1.7010578027946678e-06
demonstrat,1.7010578027946678e-06
doyl,1.7010578027946678e-06
macrotheori,1.7010578027946678e-06
croeconom,1.7010578027946678e-06
hrm,1.7010578027946678e-06
erod,1.7010578027946678e-06
halflif,1.7010578027946678e-06
mara,1.7010578027946678e-06
csj,1.7010578027946678e-06
sgr,1.7010578027946678e-06
yeartoyear,1.7010578027946678e-06
aibi,1.7010578027946678e-06
pxpi,1.7010578027946678e-06
oasi,1.7010578027946678e-06
mur,1.7010578027946678e-06
aint,1.7010578027946678e-06
derstand,1.7010578027946678e-06
rieti,1.7010578027946678e-06
macrodata,1.7010578027946678e-06
beset,1.7010578027946678e-06
funk,1.7010578027946678e-06
jobrel,1.7010578027946678e-06
roley,1.7010578027946678e-06
monkey,1.7010578027946678e-06
permuta,1.7010578027946678e-06
pier,1.7010578027946678e-06
cqp,1.7010578027946678e-06
niot,1.7010578027946678e-06
preciat,1.7010578027946678e-06
eitc,1.7010578027946678e-06
irma,1.7010578027946678e-06
thee,1.7010578027946678e-06
bayoumi,1.7010578027946678e-06
fallick,1.7010578027946678e-06
rys,1.7010578027946678e-06
egr,1.7010578027946678e-06
repro,1.7010578027946678e-06
occu,1.7010578027946678e-06
bielefeld,1.7010578027946678e-06
nach,1.7010578027946678e-06
irrig,1.7010578027946678e-06
blown,1.7010578027946678e-06
bridger,1.7010578027946678e-06
garfinkel,1.7010578027946678e-06
minneapo,1.7010578027946678e-06
wkt,1.7010578027946678e-06
harmondsworth,1.7010578027946678e-06
flynn,1.7010578027946678e-06
evad,1.7010578027946678e-06
cpss,1.7010578027946678e-06
halvorsen,1.7010578027946678e-06
presump,1.7010578027946678e-06
gita,1.7010578027946678e-06
awp,1.7010578027946678e-06
discrim,1.7010578027946678e-06
recommenda,1.7010578027946678e-06
niciti,1.7010578027946678e-06
creep,1.7010578027946678e-06
nova,1.7010578027946678e-06
negro,1.7010578027946678e-06
nether,1.7010578027946678e-06
flax,1.7010578027946678e-06
xist,1.7010578027946678e-06
gum,1.7010578027946678e-06
qic,1.7010578027946678e-06
gem,1.7010578027946678e-06
boadway,1.7010578027946678e-06
wla,1.7010578027946678e-06
tirol,1.7010578027946678e-06
josseybass,1.7010578027946678e-06
sexual,1.7010578027946678e-06
modelj,1.7010578027946678e-06
brow,1.7010578027946678e-06
einaudi,1.7010578027946678e-06
sabbat,1.7010578027946678e-06
ooq,1.7010578027946678e-06
woodlawn,1.7010578027946678e-06
slp,1.7010578027946678e-06
eton,1.7010578027946678e-06
sass,1.7010578027946678e-06
michi,1.7010578027946678e-06
pxh,1.7010578027946678e-06
etcand,1.7010578027946678e-06
riat,1.7010578027946678e-06
glaeser,1.7010578027946678e-06
torn,1.7010578027946678e-06
decenni,1.7010578027946678e-06
impoverish,1.7010578027946678e-06
stanci,1.7010578027946678e-06
rtm,1.7010578027946678e-06
visi,1.7010578027946678e-06
siz,1.7010578027946678e-06
sixtieth,1.7010578027946678e-06
iner,1.7010578027946678e-06
villagelevel,1.7010578027946678e-06
config,1.7010578027946678e-06
petitor,1.7010578027946678e-06
ficial,1.7010578027946678e-06
fruitless,1.7010578027946678e-06
revalu,1.7010578027946678e-06
loot,1.7010578027946678e-06
kre,1.7010578027946678e-06
emit,1.7010578027946678e-06
ayc,1.7010578027946678e-06
analag,1.7010578027946678e-06
aircraft,1.7010578027946678e-06
republican,1.7010578027946678e-06
gratifi,1.7010578027946678e-06
lineag,1.7010578027946678e-06
scene,1.7010578027946678e-06
levhari,1.7010578027946678e-06
mute,1.7010578027946678e-06
uce,1.7010578027946678e-06
deviant,1.7010578027946678e-06
dva,1.7010578027946678e-06
fenc,1.7010578027946678e-06
korenman,1.7010578027946678e-06
reuter,1.7010578027946678e-06
xxxviii,1.7010578027946678e-06
keefer,1.7010578027946678e-06
alesina,1.7010578027946678e-06
accent,1.7010578027946678e-06
vfp,1.7010578027946678e-06
roof,1.7010578027946678e-06
tcq,1.7010578027946678e-06
bulow,1.7010578027946678e-06
midfifti,1.7010578027946678e-06
felter,1.7010578027946678e-06
phipp,1.7010578027946678e-06
tress,1.7010578027946678e-06
rwe,1.7010578027946678e-06
edific,1.7010578027946678e-06
doubleentri,1.7010578027946678e-06
hkk,1.7010578027946678e-06
cantor,1.7010578027946678e-06
aggregat,1.7010578027946678e-06
devoid,1.7010578027946678e-06
bestfit,1.7010578027946678e-06
chatter,1.7010578027946678e-06
uie,1.7010578027946678e-06
qbi,1.7010578027946678e-06
aiw,1.7010578027946678e-06
reesti,1.7010578027946678e-06
subscrib,1.7010578027946678e-06
multin,1.7010578027946678e-06
yaw,1.7010578027946678e-06
shoot,1.7010578027946678e-06
simss,1.7010578027946678e-06
infect,1.7010578027946678e-06
boat,1.7010578027946678e-06
ksi,1.7010578027946678e-06
sheshinski,1.7010578027946678e-06
workload,1.7010578027946678e-06
casa,1.7010578027946678e-06
delib,1.7010578027946678e-06
orgin,1.7010578027946678e-06
dred,1.7010578027946678e-06
stinebrickn,1.7010578027946678e-06
ahp,1.7010578027946678e-06
bryant,1.7010578027946678e-06
sluggish,1.7010578027946678e-06
dall,1.7010578027946678e-06
herfindahl,1.7010578027946678e-06
bour,1.7010578027946678e-06
nonreport,1.7010578027946678e-06
misunderstand,1.7010578027946678e-06
hec,1.7010578027946678e-06
theoriz,1.7010578027946678e-06
bona,1.7010578027946678e-06
urat,1.7010578027946678e-06
looo,1.7010578027946678e-06
physicist,1.7010578027946678e-06
heed,1.7010578027946678e-06
thayer,1.7010578027946678e-06
albrecht,1.7010578027946678e-06
mib,1.7010578027946678e-06
swer,1.7010578027946678e-06
misapprehens,1.7010578027946678e-06
ujx,1.7010578027946678e-06
alpt,1.7010578027946678e-06
mahoney,1.7010578027946678e-06
dce,1.7010578027946678e-06
champion,1.7010578027946678e-06
elit,1.7010578027946678e-06
capi,1.7010578027946678e-06
usher,1.7010578027946678e-06
motohiro,1.7010578027946678e-06
laps,1.7010578027946678e-06
unravel,1.7010578027946678e-06
progresa,1.7010578027946678e-06
happili,1.7010578027946678e-06
craven,1.7010578027946678e-06
igno,1.7010578027946678e-06
terminol,1.7010578027946678e-06
viceira,1.7010578027946678e-06
ndp,1.7010578027946678e-06
reced,1.7010578027946678e-06
smyth,1.7010578027946678e-06
fluc,1.7010578027946678e-06
lazi,1.7010578027946678e-06
nagin,1.7010578027946678e-06
rok,1.7010578027946678e-06
alna,1.7010578027946678e-06
monoto,1.7010578027946678e-06
abas,1.7010578027946678e-06
vacant,1.7010578027946678e-06
uum,1.7010578027946678e-06
bilist,1.7010578027946678e-06
haller,1.7010578027946678e-06
slim,1.7010578027946678e-06
josef,1.7010578027946678e-06
gustibus,1.7010578027946678e-06
bachelor,1.7010578027946678e-06
microanalyt,1.7010578027946678e-06
goldsmith,1.7010578027946678e-06
fumio,1.7010578027946678e-06
undiscount,1.7010578027946678e-06
empower,1.7010578027946678e-06
desideratum,1.7010578027946678e-06
multiperson,1.7010578027946678e-06
finkelstein,1.7010578027946678e-06
nicola,1.7010578027946678e-06
casey,1.7010578027946678e-06
preset,1.7010578027946678e-06
janet,1.7010578027946678e-06
handsid,1.7010578027946678e-06
reac,1.7010578027946678e-06
sauer,1.7010578027946678e-06
twicedifferenti,1.7010578027946678e-06
counterbal,1.7010578027946678e-06
saint,1.7010578027946678e-06
rant,1.7010578027946678e-06
uptod,1.7010578027946678e-06
pavcnik,1.7010578027946678e-06
kannai,1.7010578027946678e-06
temin,1.7010578027946678e-06
nrm,1.7010578027946678e-06
wwl,1.7010578027946678e-06
kantor,1.7010578027946678e-06
vladimir,1.7010578027946678e-06
keynot,1.7010578027946678e-06
weir,1.7010578027946678e-06
isfactori,1.7010578027946678e-06
recapitul,1.7010578027946678e-06
unfa,1.7010578027946678e-06
incorporat,1.7010578027946678e-06
sexton,1.7010578027946678e-06
gele,1.7010578027946678e-06
twoweek,1.7010578027946678e-06
spr,1.7010578027946678e-06
lipton,1.7010578027946678e-06
cera,1.7010578027946678e-06
staehl,1.7010578027946678e-06
discours,1.7010578027946678e-06
strom,1.7010578027946678e-06
nentli,1.7010578027946678e-06
mvp,1.7010578027946678e-06
trac,1.7010578027946678e-06
plh,1.7010578027946678e-06
sverig,1.7010578027946678e-06
fist,1.7010578027946678e-06
certif,1.7010578027946678e-06
herself,1.7010578027946678e-06
somn,1.7010578027946678e-06
wvas,1.7010578027946678e-06
malaria,1.7010578027946678e-06
hoel,1.7010578027946678e-06
reassert,1.7010578027946678e-06
takashi,1.7010578027946678e-06
vehi,1.7010578027946678e-06
nonco,1.7010578027946678e-06
fiyi,1.7010578027946678e-06
koch,1.7010578027946678e-06
conservat,1.7010578027946678e-06
fisheri,1.7010578027946678e-06
pile,1.7010578027946678e-06
cixi,1.7010578027946678e-06
jorion,1.7010578027946678e-06
opec,1.7010578027946678e-06
andin,1.7010578027946678e-06
masson,1.7010578027946678e-06
prei,1.7010578027946678e-06
elastici,1.7010578027946678e-06
cari,1.7010578027946678e-06
embarrass,1.7010578027946678e-06
freixa,1.7010578027946678e-06
syndrom,1.7010578027946678e-06
gsb,1.7010578027946678e-06
lca,1.7010578027946678e-06
thze,1.7010578027946678e-06
bmp,1.7010578027946678e-06
configu,1.7010578027946678e-06
nonprofession,1.7010578027946678e-06
stulz,1.7010578027946678e-06
supplant,1.7010578027946678e-06
nobl,1.7010578027946678e-06
knopf,1.7010578027946678e-06
uiai,1.7010578027946678e-06
bda,1.7010578027946678e-06
ocu,1.7010578027946678e-06
ttit,1.7010578027946678e-06
villaverd,1.7010578027946678e-06
rupt,1.7010578027946678e-06
dayton,1.7010578027946678e-06
huw,1.7010578027946678e-06
cascad,1.7010578027946678e-06
lintner,1.7010578027946678e-06
munro,1.7010578027946678e-06
nrt,1.7010578027946678e-06
mcconnel,1.7010578027946678e-06
mpa,1.7010578027946678e-06
trustworthi,1.7010578027946678e-06
nese,1.7010578027946678e-06
productiv,1.7010578027946678e-06
damn,1.7010578027946678e-06
multiway,1.7010578027946678e-06
vindic,1.7010578027946678e-06
pricetak,1.7010578027946678e-06
sinclair,1.7010578027946678e-06
pale,1.7010578027946678e-06
caratheodori,1.7010578027946678e-06
soni,1.7010578027946678e-06
specialti,1.7010578027946678e-06
joyc,1.7010578027946678e-06
analysisa,1.7010578027946678e-06
dcp,1.7010578027946678e-06
scandina,1.7010578027946678e-06
thereon,1.7010578027946678e-06
occident,1.7010578027946678e-06
govt,1.7010578027946678e-06
ttg,1.7010578027946678e-06
wco,1.7010578027946678e-06
lauri,1.7010578027946678e-06
interunivers,1.7010578027946678e-06
hier,1.7010578027946678e-06
spolaor,1.7010578027946678e-06
xve,1.7010578027946678e-06
adq,1.7010578027946678e-06
behren,1.7010578027946678e-06
chic,1.7010578027946678e-06
intricaci,1.7010578027946678e-06
rhp,1.7010578027946678e-06
mcgee,1.7010578027946678e-06
tactic,1.7010578027946678e-06
rutherford,1.7010578027946678e-06
continua,1.7010578027946678e-06
bentley,1.7010578027946678e-06
ght,1.7010578027946678e-06
gelb,1.7010578027946678e-06
lipset,1.7010578027946678e-06
microfilm,1.7010578027946678e-06
qps,1.7010578027946678e-06
goodspecif,1.7010578027946678e-06
moll,1.7010578027946678e-06
subt,1.7010578027946678e-06
discrimi,1.7010578027946678e-06
yfj,1.7010578027946678e-06
bkt,1.7010578027946678e-06
sobr,1.7010578027946678e-06
huberman,1.7010578027946678e-06
intoler,1.7010578027946678e-06
misprint,1.7010578027946678e-06
boyan,1.7010578027946678e-06
ephraim,1.7010578027946678e-06
rama,1.7010578027946678e-06
onequart,1.7010578027946678e-06
dissi,1.7010578027946678e-06
rpa,1.7010578027946678e-06
onstrat,1.7010578027946678e-06
ghs,1.7010578027946678e-06
ayb,1.7010578027946678e-06
baili,1.7010578027946678e-06
credi,1.7010578027946678e-06
mcclellan,1.7010578027946678e-06
yue,1.7010578027946678e-06
alet,1.7010578027946678e-06
zoom,1.7010578027946678e-06
inconceiv,1.7010578027946678e-06
wvith,1.7010578027946678e-06
tersect,1.7010578027946678e-06
ress,1.7010578027946678e-06
cheapest,1.7010578027946678e-06
chip,1.7010578027946678e-06
zmb,1.7010578027946678e-06
fring,1.7010578027946678e-06
amf,1.7010578027946678e-06
noncompetit,1.7010578027946678e-06
gpa,1.7010578027946678e-06
evas,1.7010578027946678e-06
obsolet,1.7010578027946678e-06
subtitl,1.7010578027946678e-06
dmp,1.7010578027946678e-06
parson,1.7010578027946678e-06
cql,1.7010578027946678e-06
rwl,1.7010578027946678e-06
ooooooooo,1.7010578027946678e-06
sjp,1.7010578027946678e-06
ldcs,1.7010578027946678e-06
afw,1.7010578027946678e-06
cordanc,1.7010578027946678e-06
cessor,1.7010578027946678e-06
illu,1.7010578027946678e-06
neumark,1.7010578027946678e-06
heathcot,1.7010578027946678e-06
sharpest,1.7010578027946678e-06
quiri,1.7010578027946678e-06
xce,1.7010578027946678e-06
prescrip,1.7010578027946678e-06
tuation,1.7010578027946678e-06
blur,1.7010578027946678e-06
linguist,1.7010578027946678e-06
pjd,1.7010578027946678e-06
qas,1.7010578027946678e-06
damien,1.7010578027946678e-06
helliwel,1.7010578027946678e-06
optimiz,1.7010578027946678e-06
nye,1.7010578027946678e-06
keel,1.7010578027946678e-06
dyer,1.7010578027946678e-06
underconsumpt,1.7010578027946678e-06
jfk,1.7010578027946678e-06
restudrd,1.7010578027946678e-06
generalequilibrium,1.7010578027946678e-06
twe,1.7010578027946678e-06
organi,1.7010578027946678e-06
permanentincom,1.7010578027946678e-06
brute,1.7010578027946678e-06
pretens,1.7010578027946678e-06
toh,1.7010578027946678e-06
andfi,1.7010578027946678e-06
uis,1.7010578027946678e-06
nunn,1.7010578027946678e-06
extrap,1.7010578027946678e-06
lete,1.7010578027946678e-06
shar,1.7010578027946678e-06
infinitum,1.7010578027946678e-06
heu,1.7010578027946678e-06
pthe,1.7010578027946678e-06
tixi,1.7010578027946678e-06
vicent,1.7010578027946678e-06
christma,1.7010578027946678e-06
reali,1.7010578027946678e-06
tise,1.7010578027946678e-06
logincom,1.7010578027946678e-06
surgeri,1.7010578027946678e-06
torsten,1.7010578027946678e-06
inflationunemploy,1.7010578027946678e-06
interst,1.7010578027946678e-06
coupon,1.7010578027946678e-06
nini,1.7010578027946678e-06
preponder,1.7010578027946678e-06
rousseau,1.7010578027946678e-06
pregnant,1.7010578027946678e-06
antidot,1.7010578027946678e-06
intergenera,1.7010578027946678e-06
garth,1.7010578027946678e-06
oxa,1.7010578027946678e-06
klemper,1.7010578027946678e-06
microeco,1.7010578027946678e-06
zimmerman,1.7010578027946678e-06
overrepres,1.7010578027946678e-06
gativ,1.7010578027946678e-06
singlefamili,1.7010578027946678e-06
rlm,1.7010578027946678e-06
stray,1.7010578027946678e-06
boon,1.7010578027946678e-06
similari,1.7010578027946678e-06
egat,1.7010578027946678e-06
theorybas,1.7010578027946678e-06
societ,1.7010578027946678e-06
uwe,1.7010578027946678e-06
crossroad,1.7010578027946678e-06
bile,1.7010578027946678e-06
vvs,1.7010578027946678e-06
gdps,1.7010578027946678e-06
plaza,1.7010578027946678e-06
stoke,1.7010578027946678e-06
cqx,1.7010578027946678e-06
thou,1.7010578027946678e-06
swo,1.7010578027946678e-06
poet,1.7010578027946678e-06
rowley,1.7010578027946678e-06
markabl,1.7010578027946678e-06
automo,1.7010578027946678e-06
hanm,1.7010578027946678e-06
alexi,1.7010578027946678e-06
ctf,1.7010578027946678e-06
horst,1.7010578027946678e-06
tur,1.7010578027946678e-06
youv,1.7010578027946678e-06
quasicon,1.7010578027946678e-06
ucb,1.7010578027946678e-06
haskel,1.7010578027946678e-06
unmea,1.7010578027946678e-06
psychophys,1.7010578027946678e-06
maris,1.7010578027946678e-06
oppenheim,1.7010578027946678e-06
plethora,1.7010578027946678e-06
crosscheck,1.7010578027946678e-06
availa,1.7010578027946678e-06
foremen,1.7010578027946678e-06
oeuvr,1.7010578027946678e-06
quaci,1.7010578027946678e-06
uar,1.7010578027946678e-06
ramaswami,1.7010578027946678e-06
wageset,1.7010578027946678e-06
bap,1.7010578027946678e-06
singleperson,1.7010578027946678e-06
duboi,1.7010578027946678e-06
limko,1.7010578027946678e-06
astonish,1.7010578027946678e-06
earningsrel,1.7010578027946678e-06
timelag,1.7010578027946678e-06
overoptim,1.7010578027946678e-06
lhave,1.7010578027946678e-06
jobseek,1.7010578027946678e-06
witn,1.7010578027946678e-06
hasten,1.7010578027946678e-06
audio,1.7010578027946678e-06
unaid,1.7010578027946678e-06
byp,1.7010578027946678e-06
icf,1.7010578027946678e-06
lowerright,1.7010578027946678e-06
gesellschaft,1.7010578027946678e-06
egoist,1.7010578027946678e-06
dov,1.7010578027946678e-06
kci,1.7010578027946678e-06
gorodnichenko,1.7010578027946678e-06
barbera,1.7010578027946678e-06
dhs,1.7010578027946678e-06
dicken,1.7010578027946678e-06
syst,1.7010578027946678e-06
erer,1.7010578027946678e-06
uam,1.7010578027946678e-06
entrepris,1.7010578027946678e-06
deficit,1.7010578027946678e-06
braun,1.7010578027946678e-06
highincom,1.7010578027946678e-06
appelbaum,1.7010578027946678e-06
differentiat,1.7010578027946678e-06
zoe,1.7010578027946678e-06
ownrat,1.7010578027946678e-06
chowdhuri,1.7010578027946678e-06
alma,1.7010578027946678e-06
investigat,1.7010578027946678e-06
kurz,1.7010578027946678e-06
stratifica,1.7010578027946678e-06
repay,1.7010578027946678e-06
northampton,1.7010578027946678e-06
shallow,1.7010578027946678e-06
tizat,1.7010578027946678e-06
juin,1.7010578027946678e-06
fuc,1.7010578027946678e-06
malin,1.7010578027946678e-06
telia,1.7010578027946678e-06
dqk,1.7010578027946678e-06
nba,1.7010578027946678e-06
flict,1.7010578027946678e-06
ajay,1.7010578027946678e-06
giora,1.7010578027946678e-06
undecid,1.7010578027946678e-06
woodruff,1.7010578027946678e-06
itabl,1.7010578027946678e-06
secu,1.7010578027946678e-06
lafayett,1.7010578027946678e-06
eiq,1.7010578027946678e-06
esk,1.7010578027946678e-06
metzler,1.7010578027946678e-06
unreward,1.7010578027946678e-06
pfout,1.7010578027946678e-06
neumannmorgenstern,1.7010578027946678e-06
wlr,1.7010578027946678e-06
javorcik,1.7010578027946678e-06
sethi,1.7010578027946678e-06
dirt,1.7010578027946678e-06
secut,1.7010578027946678e-06
ueo,1.7010578027946678e-06
dilig,1.7010578027946678e-06
kick,1.7010578027946678e-06
pbr,1.7010578027946678e-06
thleori,1.7010578027946678e-06
antitrust,1.7010578027946678e-06
aliv,1.7010578027946678e-06
reoptim,1.7010578027946678e-06
exhib,1.7010578027946678e-06
endof,1.7010578027946678e-06
punctuat,1.7010578027946678e-06
mold,1.7010578027946678e-06
paw,1.7010578027946678e-06
igb,1.7010578027946678e-06
inegalit,1.7010578027946678e-06
subfield,1.7010578027946678e-06
betweeni,1.7010578027946678e-06
otb,1.7010578027946678e-06
gambler,1.7010578027946678e-06
heard,1.7010578027946678e-06
irw,1.7010578027946678e-06
jourdan,1.7010578027946678e-06
kingsley,1.7010578027946678e-06
wlhen,1.7010578027946678e-06
rga,1.7010578027946678e-06
weitzman,1.7010578027946678e-06
bureaucraci,1.7010578027946678e-06
hatch,1.7010578027946678e-06
jorgensen,1.7010578027946678e-06
codifi,1.7010578027946678e-06
probe,1.7010578027946678e-06
tradabl,1.7010578027946678e-06
plementari,1.7010578027946678e-06
odonoghu,1.7010578027946678e-06
sind,1.7010578027946678e-06
markowitz,1.7010578027946678e-06
elc,1.7010578027946678e-06
ppd,1.7010578027946678e-06
enquir,1.7010578027946678e-06
ginti,1.7010578027946678e-06
lati,1.7010578027946678e-06
conced,1.7010578027946678e-06
chusett,1.7010578027946678e-06
tourist,1.7010578027946678e-06
francesco,1.7010578027946678e-06
dnp,1.7010578027946678e-06
plianc,1.7010578027946678e-06
aili,1.7010578027946678e-06
rist,1.7010578027946678e-06
readjust,1.7010578027946678e-06
maynard,1.7010578027946678e-06
cloud,1.7010578027946678e-06
ifq,1.7010578027946678e-06
priest,1.7010578027946678e-06
shoulder,1.7010578027946678e-06
charlottesvill,1.7010578027946678e-06
heuri,1.7010578027946678e-06
flux,1.7010578027946678e-06
triplett,1.7010578027946678e-06
uld,1.7010578027946678e-06
julius,1.7010578027946678e-06
ucdavi,1.7010578027946678e-06
craftsmen,1.7010578027946678e-06
gtm,1.7010578027946678e-06
uninterpret,1.7010578027946678e-06
fabl,1.7010578027946678e-06
wtf,1.7010578027946678e-06
hundredth,1.7010578027946678e-06
ravn,1.7010578027946678e-06
valuebas,1.7010578027946678e-06
karlan,1.7010578027946678e-06
deux,1.7010578027946678e-06
trail,1.7010578027946678e-06
inescap,1.7010578027946678e-06
munshi,1.7010578027946678e-06
chiu,1.7010578027946678e-06
benzion,1.7010578027946678e-06
illegitim,1.7010578027946678e-06
ves,1.7010578027946678e-06
tcr,1.7010578027946678e-06
truism,1.7010578027946678e-06
rejoin,1.7010578027946678e-06
econmico,1.7010578027946678e-06
tdiscuss,1.7010578027946678e-06
daley,1.7010578027946678e-06
charn,1.7010578027946678e-06
nochang,1.7010578027946678e-06
astut,1.7010578027946678e-06
fabio,1.7010578027946678e-06
asu,1.7010578027946678e-06
tunnel,1.7010578027946678e-06
cko,1.7010578027946678e-06
rigobon,1.7010578027946678e-06
howel,1.7010578027946678e-06
ura,1.7010578027946678e-06
evenson,1.7010578027946678e-06
oneyear,1.7010578027946678e-06
tba,1.7010578027946678e-06
rear,1.7010578027946678e-06
steindl,1.7010578027946678e-06
insuper,1.7010578027946678e-06
malawi,1.7010578027946678e-06
hub,1.7010578027946678e-06
universitt,1.7010578027946678e-06
livingston,1.7010578027946678e-06
braic,1.7010578027946678e-06
grievanc,1.7010578027946678e-06
bomb,1.7010578027946678e-06
finn,1.7010578027946678e-06
owl,1.7010578027946678e-06
redistribu,1.7010578027946678e-06
nathaniel,1.7010578027946678e-06
annoy,1.7010578027946678e-06
journalsorgdoisupplresta,1.7010578027946678e-06
ergi,1.7010578027946678e-06
apport,1.7010578027946678e-06
ifor,1.7010578027946678e-06
rodrik,1.7010578027946678e-06
nextperiod,1.7010578027946678e-06
massa,1.7010578027946678e-06
sfe,1.7010578027946678e-06
spenc,1.7010578027946678e-06
informn,1.7010578027946678e-06
kanbur,1.7010578027946678e-06
effectsth,1.7010578027946678e-06
belgrad,1.7010578027946678e-06
cardiff,1.7010578027946678e-06
incentiv,1.7010578027946678e-06
fernando,1.7010578027946678e-06
varlog,1.7010578027946678e-06
woodburi,1.7010578027946678e-06
resurrect,1.7010578027946678e-06
francoi,1.7010578027946678e-06
soldier,1.7010578027946678e-06
prof,1.7010578027946678e-06
rash,1.7010578027946678e-06
kogan,1.7010578027946678e-06
kqi,1.7010578027946678e-06
oversea,1.7010578027946678e-06
sera,1.7010578027946678e-06
schiller,1.7010578027946678e-06
unutil,1.7010578027946678e-06
overcam,1.7010578027946678e-06
stc,1.7010578027946678e-06
bagnoli,1.7010578027946678e-06
commer,1.7010578027946678e-06
boyl,1.7010578027946678e-06
aten,1.7010578027946678e-06
manova,1.7010578027946678e-06
uhl,1.7010578027946678e-06
carsten,1.7010578027946678e-06
stantiv,1.7010578027946678e-06
adventur,1.7010578027946678e-06
mustard,1.7010578027946678e-06
tanzania,1.7010578027946678e-06
lydal,1.7010578027946678e-06
lall,1.7010578027946678e-06
fide,1.7010578027946678e-06
dispel,1.7010578027946678e-06
flavio,1.7010578027946678e-06
chakravarti,1.7010578027946678e-06
tiff,1.7010578027946678e-06
kislev,1.7010578027946678e-06
genier,1.7010578027946678e-06
aboveaverag,1.7010578027946678e-06
rubric,1.7010578027946678e-06
safer,1.7010578027946678e-06
sang,1.7010578027946678e-06
tamura,1.7010578027946678e-06
prejudic,1.7010578027946678e-06
eief,1.7010578027946678e-06
twolevel,1.7010578027946678e-06
mellow,1.7010578027946678e-06
matematica,1.7010578027946678e-06
katherin,1.7010578027946678e-06
bsp,1.7010578027946678e-06
rab,1.7010578027946678e-06
majumdar,1.7010578027946678e-06
forgo,1.7010578027946678e-06
inspec,1.7010578027946678e-06
cogan,1.7010578027946678e-06
precaut,1.7010578027946678e-06
undermin,1.7010578027946678e-06
bothersom,1.7010578027946678e-06
shane,1.7010578027946678e-06
belt,1.7010578027946678e-06
impu,1.7010578027946678e-06
untouch,1.7010578027946678e-06
workplac,1.7010578027946678e-06
suzann,1.7010578027946678e-06
synopsi,1.7010578027946678e-06
insurmount,1.7010578027946678e-06
henrik,1.7010578027946678e-06
uxux,1.7010578027946678e-06
fisherian,1.7010578027946678e-06
yilmaz,1.7010578027946678e-06
cxii,1.7010578027946678e-06
dyp,1.7010578027946678e-06
denomina,1.7010578027946678e-06
wvl,1.7010578027946678e-06
pappa,1.7010578027946678e-06
hak,1.7010578027946678e-06
nonviol,1.7010578027946678e-06
buffer,1.7010578027946678e-06
davenport,1.7010578027946678e-06
tower,1.7010578027946678e-06
franais,1.7010578027946678e-06
llerasmuney,1.7010578027946678e-06
ctb,1.7010578027946678e-06
brack,1.7010578027946678e-06
dame,1.7010578027946678e-06
giornal,1.7010578027946678e-06
appliqu,1.7010578027946678e-06
salop,1.7010578027946678e-06
flexibil,1.7010578027946678e-06
guglielmo,1.7010578027946678e-06
laibson,1.7010578027946678e-06
sire,1.7010578027946678e-06
oae,1.7010578027946678e-06
cee,1.7010578027946678e-06
utili,1.7010578027946678e-06
anton,1.7010578027946678e-06
diaz,1.7010578027946678e-06
arellanobond,1.7010578027946678e-06
mex,1.7010578027946678e-06
ladder,1.7010578027946678e-06
fahrenheit,1.7010578027946678e-06
longev,1.7010578027946678e-06
struggl,1.7010578027946678e-06
ntupl,1.7010578027946678e-06
polo,1.7010578027946678e-06
arit,1.7010578027946678e-06
mail,1.7010578027946678e-06
restudrdr,1.7010578027946678e-06
dictum,1.7010578027946678e-06
lba,1.7010578027946678e-06
tensiti,1.7010578027946678e-06
twolimit,1.7010578027946678e-06
disincent,1.7010578027946678e-06
tum,1.7010578027946678e-06
laborintens,1.7010578027946678e-06
triumph,1.7010578027946678e-06
bhalla,1.7010578027946678e-06
disson,1.7010578027946678e-06
utilitymaxim,1.7010578027946678e-06
hayek,1.7010578027946678e-06
scherer,1.7010578027946678e-06
salli,1.7010578027946678e-06
denigr,1.7010578027946678e-06
illb,1.7010578027946678e-06
leq,1.7010578027946678e-06
populationweight,1.7010578027946678e-06
wein,1.7010578027946678e-06
repetiti,1.7010578027946678e-06
kraay,1.7010578027946678e-06
vatur,1.7010578027946678e-06
wick,1.7010578027946678e-06
giveni,1.7010578027946678e-06
easter,1.7010578027946678e-06
dldt,1.7010578027946678e-06
multicollin,1.7010578027946678e-06
panzar,1.7010578027946678e-06
subtler,1.7010578027946678e-06
giusepp,1.7010578027946678e-06
surmis,1.7010578027946678e-06
julio,1.7010578027946678e-06
attitudin,1.7010578027946678e-06
istrat,1.7010578027946678e-06
mordecai,1.7010578027946678e-06
unreal,1.7010578027946678e-06
grey,1.7010578027946678e-06
oversight,1.7010578027946678e-06
swallow,1.7010578027946678e-06
arno,1.7010578027946678e-06
nonmono,1.7010578027946678e-06
eigh,1.7010578027946678e-06
ivg,1.7010578027946678e-06
polariza,1.7010578027946678e-06
restructur,1.7010578027946678e-06
resal,1.7010578027946678e-06
barrow,1.7010578027946678e-06
warm,1.7010578027946678e-06
tableaux,1.7010578027946678e-06
genesi,1.7010578027946678e-06
arith,1.7010578027946678e-06
admin,1.7010578027946678e-06
posti,1.7010578027946678e-06
irra,1.7010578027946678e-06
carey,1.7010578027946678e-06
reddaway,1.7010578027946678e-06
unsign,8.505289013973339e-07
ofjoint,8.505289013973339e-07
concess,8.505289013973339e-07
cxix,8.505289013973339e-07
childbirth,8.505289013973339e-07
misalloc,8.505289013973339e-07
unpromis,8.505289013973339e-07
bettina,8.505289013973339e-07
ernesto,8.505289013973339e-07
similars,8.505289013973339e-07
sharehold,8.505289013973339e-07
morbid,8.505289013973339e-07
fsc,8.505289013973339e-07
pechman,8.505289013973339e-07
ameni,8.505289013973339e-07
inflexion,8.505289013973339e-07
highcost,8.505289013973339e-07
supplyanddemand,8.505289013973339e-07
demandformoney,8.505289013973339e-07
nonmathemat,8.505289013973339e-07
foci,8.505289013973339e-07
jacobsen,8.505289013973339e-07
participat,8.505289013973339e-07
nock,8.505289013973339e-07
incarcer,8.505289013973339e-07
magn,8.505289013973339e-07
illuminat,8.505289013973339e-07
businessmen,8.505289013973339e-07
forgon,8.505289013973339e-07
appa,8.505289013973339e-07
ethi,8.505289013973339e-07
ropean,8.505289013973339e-07
hypothesis,8.505289013973339e-07
hco,8.505289013973339e-07
zeroth,8.505289013973339e-07
mislabel,8.505289013973339e-07
lition,8.505289013973339e-07
igat,8.505289013973339e-07
matician,8.505289013973339e-07
rati,8.505289013973339e-07
mht,8.505289013973339e-07
homeownership,8.505289013973339e-07
plest,8.505289013973339e-07
shelli,8.505289013973339e-07
hara,8.505289013973339e-07
elon,8.505289013973339e-07
recap,8.505289013973339e-07
dessert,8.505289013973339e-07
unclassifi,8.505289013973339e-07
consumm,8.505289013973339e-07
tuc,8.505289013973339e-07
biass,8.505289013973339e-07
senil,8.505289013973339e-07
qfx,8.505289013973339e-07
licensur,8.505289013973339e-07
functionth,8.505289013973339e-07
tronic,8.505289013973339e-07
aijxj,8.505289013973339e-07
basqu,8.505289013973339e-07
shrug,8.505289013973339e-07
fairfax,8.505289013973339e-07
rachel,8.505289013973339e-07
detour,8.505289013973339e-07
fcq,8.505289013973339e-07
pxr,8.505289013973339e-07
inso,8.505289013973339e-07
nious,8.505289013973339e-07
kuo,8.505289013973339e-07
bangkok,8.505289013973339e-07
huck,8.505289013973339e-07
tite,8.505289013973339e-07
unobjection,8.505289013973339e-07
bundesrepublik,8.505289013973339e-07
ginsburgh,8.505289013973339e-07
aphor,8.505289013973339e-07
snob,8.505289013973339e-07
multiparti,8.505289013973339e-07
haworth,8.505289013973339e-07
lignit,8.505289013973339e-07
pesquisa,8.505289013973339e-07
baird,8.505289013973339e-07
roeconom,8.505289013973339e-07
coveri,8.505289013973339e-07
minimumcost,8.505289013973339e-07
gestat,8.505289013973339e-07
refriger,8.505289013973339e-07
drze,8.505289013973339e-07
thema,8.505289013973339e-07
greenle,8.505289013973339e-07
wpr,8.505289013973339e-07
sitori,8.505289013973339e-07
bem,8.505289013973339e-07
sheffield,8.505289013973339e-07
ambival,8.505289013973339e-07
perturba,8.505289013973339e-07
mannmorgenstern,8.505289013973339e-07
hewlett,8.505289013973339e-07
ucw,8.505289013973339e-07
behold,8.505289013973339e-07
boardman,8.505289013973339e-07
emma,8.505289013973339e-07
betti,8.505289013973339e-07
madsen,8.505289013973339e-07
cara,8.505289013973339e-07
igur,8.505289013973339e-07
gatt,8.505289013973339e-07
gothenburg,8.505289013973339e-07
fein,8.505289013973339e-07
flavour,8.505289013973339e-07
krantz,8.505289013973339e-07
interarea,8.505289013973339e-07
springfield,8.505289013973339e-07
econonmi,8.505289013973339e-07
reinhold,8.505289013973339e-07
octoberdecemb,8.505289013973339e-07
coefficientsa,8.505289013973339e-07
ptbt,8.505289013973339e-07
soap,8.505289013973339e-07
pch,8.505289013973339e-07
invento,8.505289013973339e-07
mice,8.505289013973339e-07
lowervalu,8.505289013973339e-07
unchosen,8.505289013973339e-07
administra,8.505289013973339e-07
suck,8.505289013973339e-07
awri,8.505289013973339e-07
earni,8.505289013973339e-07
tort,8.505289013973339e-07
pura,8.505289013973339e-07
netic,8.505289013973339e-07
parimutuel,8.505289013973339e-07
lxxxviii,8.505289013973339e-07
maya,8.505289013973339e-07
menter,8.505289013973339e-07
wieland,8.505289013973339e-07
ograph,8.505289013973339e-07
gant,8.505289013973339e-07
bja,8.505289013973339e-07
schoolleav,8.505289013973339e-07
assn,8.505289013973339e-07
overesti,8.505289013973339e-07
typea,8.505289013973339e-07
soe,8.505289013973339e-07
scotia,8.505289013973339e-07
ptat,8.505289013973339e-07
collid,8.505289013973339e-07
lowqual,8.505289013973339e-07
sidiz,8.505289013973339e-07
latori,8.505289013973339e-07
pail,8.505289013973339e-07
efficien,8.505289013973339e-07
equit,8.505289013973339e-07
flander,8.505289013973339e-07
bourhood,8.505289013973339e-07
ethan,8.505289013973339e-07
misbehavior,8.505289013973339e-07
dissip,8.505289013973339e-07
kara,8.505289013973339e-07
xye,8.505289013973339e-07
geous,8.505289013973339e-07
resultsth,8.505289013973339e-07
repons,8.505289013973339e-07
psych,8.505289013973339e-07
schipper,8.505289013973339e-07
levelth,8.505289013973339e-07
revew,8.505289013973339e-07
adol,8.505289013973339e-07
aria,8.505289013973339e-07
mispercept,8.505289013973339e-07
bjo,8.505289013973339e-07
oeec,8.505289013973339e-07
infam,8.505289013973339e-07
interestth,8.505289013973339e-07
drc,8.505289013973339e-07
progenitor,8.505289013973339e-07
nonfinanci,8.505289013973339e-07
fash,8.505289013973339e-07
fidenti,8.505289013973339e-07
subjectivist,8.505289013973339e-07
cyp,8.505289013973339e-07
coca,8.505289013973339e-07
sigmund,8.505289013973339e-07
hossain,8.505289013973339e-07
uxn,8.505289013973339e-07
jed,8.505289013973339e-07
mcf,8.505289013973339e-07
fom,8.505289013973339e-07
groundless,8.505289013973339e-07
illiter,8.505289013973339e-07
economis,8.505289013973339e-07
raphael,8.505289013973339e-07
csr,8.505289013973339e-07
nonagri,8.505289013973339e-07
iliti,8.505289013973339e-07
pearc,8.505289013973339e-07
paki,8.505289013973339e-07
puriti,8.505289013973339e-07
tracta,8.505289013973339e-07
cvd,8.505289013973339e-07
blanket,8.505289013973339e-07
terim,8.505289013973339e-07
eastwest,8.505289013973339e-07
deterg,8.505289013973339e-07
deepen,8.505289013973339e-07
merair,8.505289013973339e-07
preemin,8.505289013973339e-07
classmat,8.505289013973339e-07
monnet,8.505289013973339e-07
miriam,8.505289013973339e-07
subnat,8.505289013973339e-07
sidebysid,8.505289013973339e-07
hydro,8.505289013973339e-07
headach,8.505289013973339e-07
goldstandard,8.505289013973339e-07
untidi,8.505289013973339e-07
priceindex,8.505289013973339e-07
fixedr,8.505289013973339e-07
keio,8.505289013973339e-07
twoelement,8.505289013973339e-07
austra,8.505289013973339e-07
orderpreserv,8.505289013973339e-07
nwt,8.505289013973339e-07
pdj,8.505289013973339e-07
olymp,8.505289013973339e-07
proprietari,8.505289013973339e-07
blith,8.505289013973339e-07
kyle,8.505289013973339e-07
tralli,8.505289013973339e-07
tinuum,8.505289013973339e-07
carn,8.505289013973339e-07
beginningofyear,8.505289013973339e-07
leicest,8.505289013973339e-07
ramp,8.505289013973339e-07
kinki,8.505289013973339e-07
tergener,8.505289013973339e-07
deri,8.505289013973339e-07
axd,8.505289013973339e-07
transcend,8.505289013973339e-07
idat,8.505289013973339e-07
valenc,8.505289013973339e-07
isat,8.505289013973339e-07
muriel,8.505289013973339e-07
connected,8.505289013973339e-07
roni,8.505289013973339e-07
vus,8.505289013973339e-07
deceler,8.505289013973339e-07
smok,8.505289013973339e-07
matteo,8.505289013973339e-07
stockout,8.505289013973339e-07
url,8.505289013973339e-07
sock,8.505289013973339e-07
flurri,8.505289013973339e-07
possibi,8.505289013973339e-07
macmil,8.505289013973339e-07
nonlabour,8.505289013973339e-07
curement,8.505289013973339e-07
valuea,8.505289013973339e-07
diet,8.505289013973339e-07
gam,8.505289013973339e-07
lewiss,8.505289013973339e-07
nonconsum,8.505289013973339e-07
xed,8.505289013973339e-07
click,8.505289013973339e-07
tester,8.505289013973339e-07
sawtooth,8.505289013973339e-07
hysteresi,8.505289013973339e-07
vaccin,8.505289013973339e-07
restau,8.505289013973339e-07
unempl,8.505289013973339e-07
fourvari,8.505289013973339e-07
manhattan,8.505289013973339e-07
bcc,8.505289013973339e-07
terminaci,8.505289013973339e-07
preorder,8.505289013973339e-07
dxdt,8.505289013973339e-07
savingsincom,8.505289013973339e-07
sssr,8.505289013973339e-07
vpj,8.505289013973339e-07
appropria,8.505289013973339e-07
spate,8.505289013973339e-07
partialequilibrium,8.505289013973339e-07
polaris,8.505289013973339e-07
udc,8.505289013973339e-07
iour,8.505289013973339e-07
loewenstein,8.505289013973339e-07
ludicr,8.505289013973339e-07
ceterisparibus,8.505289013973339e-07
refit,8.505289013973339e-07
wellinform,8.505289013973339e-07
archetyp,8.505289013973339e-07
hein,8.505289013973339e-07
explo,8.505289013973339e-07
crosssec,8.505289013973339e-07
unb,8.505289013973339e-07
heav,8.505289013973339e-07
recombin,8.505289013973339e-07
oneunit,8.505289013973339e-07
gilt,8.505289013973339e-07
stiffer,8.505289013973339e-07
unreali,8.505289013973339e-07
parad,8.505289013973339e-07
learningbi,8.505289013973339e-07
iation,8.505289013973339e-07
testscor,8.505289013973339e-07
pnce,8.505289013973339e-07
stockflow,8.505289013973339e-07
yfor,8.505289013973339e-07
socioeco,8.505289013973339e-07
nist,8.505289013973339e-07
yesno,8.505289013973339e-07
nineyear,8.505289013973339e-07
tist,8.505289013973339e-07
qkt,8.505289013973339e-07
ldc,8.505289013973339e-07
pba,8.505289013973339e-07
ceptibl,8.505289013973339e-07
venezuelan,8.505289013973339e-07
permu,8.505289013973339e-07
iciti,8.505289013973339e-07
gomez,8.505289013973339e-07
ptet,8.505289013973339e-07
sionmak,8.505289013973339e-07
ugi,8.505289013973339e-07
signfic,8.505289013973339e-07
lara,8.505289013973339e-07
crz,8.505289013973339e-07
kam,8.505289013973339e-07
wtv,8.505289013973339e-07
crossclassif,8.505289013973339e-07
vsk,8.505289013973339e-07
giovannini,8.505289013973339e-07
pricediscrimin,8.505289013973339e-07
gling,8.505289013973339e-07
caviti,8.505289013973339e-07
micha,8.505289013973339e-07
whop,8.505289013973339e-07
hyperinfla,8.505289013973339e-07
proto,8.505289013973339e-07
duesen,8.505289013973339e-07
investmentoutput,8.505289013973339e-07
incomei,8.505289013973339e-07
periodbyperiod,8.505289013973339e-07
isabell,8.505289013973339e-07
mlr,8.505289013973339e-07
indianapoli,8.505289013973339e-07
pdv,8.505289013973339e-07
insect,8.505289013973339e-07
multipurpos,8.505289013973339e-07
utilitybas,8.505289013973339e-07
jimmi,8.505289013973339e-07
sard,8.505289013973339e-07
gauthier,8.505289013973339e-07
sung,8.505289013973339e-07
rollov,8.505289013973339e-07
fxs,8.505289013973339e-07
duciv,8.505289013973339e-07
pharmacolog,8.505289013973339e-07
wah,8.505289013973339e-07
veb,8.505289013973339e-07
eightyf,8.505289013973339e-07
pharma,8.505289013973339e-07
obst,8.505289013973339e-07
nenc,8.505289013973339e-07
periodtoperiod,8.505289013973339e-07
woven,8.505289013973339e-07
usl,8.505289013973339e-07
turf,8.505289013973339e-07
micromodel,8.505289013973339e-07
rebecca,8.505289013973339e-07
presiden,8.505289013973339e-07
naci,8.505289013973339e-07
highqual,8.505289013973339e-07
sprinkl,8.505289013973339e-07
notwith,8.505289013973339e-07
natali,8.505289013973339e-07
illequip,8.505289013973339e-07
jac,8.505289013973339e-07
ellen,8.505289013973339e-07
tug,8.505289013973339e-07
simler,8.505289013973339e-07
malaysian,8.505289013973339e-07
monetarv,8.505289013973339e-07
harl,8.505289013973339e-07
therapi,8.505289013973339e-07
shel,8.505289013973339e-07
kitt,8.505289013973339e-07
pcd,8.505289013973339e-07
christina,8.505289013973339e-07
miniscul,8.505289013973339e-07
uptak,8.505289013973339e-07
rodrigu,8.505289013973339e-07
arnaud,8.505289013973339e-07
cribe,8.505289013973339e-07
piri,8.505289013973339e-07
feld,8.505289013973339e-07
pennsylva,8.505289013973339e-07
kermit,8.505289013973339e-07
ingrid,8.505289013973339e-07
sturm,8.505289013973339e-07
effectsa,8.505289013973339e-07
dave,8.505289013973339e-07
tepper,8.505289013973339e-07
sest,8.505289013973339e-07
strati,8.505289013973339e-07
omb,8.505289013973339e-07
standarddevi,8.505289013973339e-07
ficanc,8.505289013973339e-07
sbc,8.505289013973339e-07
deceit,8.505289013973339e-07
tariti,8.505289013973339e-07
wyckoff,8.505289013973339e-07
gideon,8.505289013973339e-07
offth,8.505289013973339e-07
nspace,8.505289013973339e-07
uiyi,8.505289013973339e-07
supplv,8.505289013973339e-07
calor,8.505289013973339e-07
durablegood,8.505289013973339e-07
lowestincom,8.505289013973339e-07
wouild,8.505289013973339e-07
pse,8.505289013973339e-07
augur,8.505289013973339e-07
jenck,8.505289013973339e-07
shroud,8.505289013973339e-07
noncolleg,8.505289013973339e-07
biannual,8.505289013973339e-07
reuiew,8.505289013973339e-07
incl,8.505289013973339e-07
kenney,8.505289013973339e-07
sijt,8.505289013973339e-07
coalfir,8.505289013973339e-07
ditto,8.505289013973339e-07
leaver,8.505289013973339e-07
proflig,8.505289013973339e-07
edibl,8.505289013973339e-07
saf,8.505289013973339e-07
mns,8.505289013973339e-07
slop,8.505289013973339e-07
ehrenberg,8.505289013973339e-07
agei,8.505289013973339e-07
elev,8.505289013973339e-07
dalla,8.505289013973339e-07
sher,8.505289013973339e-07
sgp,8.505289013973339e-07
usp,8.505289013973339e-07
matricul,8.505289013973339e-07
tabi,8.505289013973339e-07
cdz,8.505289013973339e-07
contraven,8.505289013973339e-07
initio,8.505289013973339e-07
severin,8.505289013973339e-07
samn,8.505289013973339e-07
ilia,8.505289013973339e-07
buf,8.505289013973339e-07
suspend,8.505289013973339e-07
extrac,8.505289013973339e-07
miodel,8.505289013973339e-07
golf,8.505289013973339e-07
mccurdi,8.505289013973339e-07
lude,8.505289013973339e-07
fsp,8.505289013973339e-07
britton,8.505289013973339e-07
lessthanful,8.505289013973339e-07
sorin,8.505289013973339e-07
inot,8.505289013973339e-07
undomin,8.505289013973339e-07
heather,8.505289013973339e-07
fata,8.505289013973339e-07
unneed,8.505289013973339e-07
disequili,8.505289013973339e-07
scalabl,8.505289013973339e-07
drill,8.505289013973339e-07
industrya,8.505289013973339e-07
roundtrip,8.505289013973339e-07
silber,8.505289013973339e-07
loin,8.505289013973339e-07
aban,8.505289013973339e-07
lowend,8.505289013973339e-07
checkabl,8.505289013973339e-07
leiden,8.505289013973339e-07
interpl,8.505289013973339e-07
anat,8.505289013973339e-07
avid,8.505289013973339e-07
ieb,8.505289013973339e-07
thte,8.505289013973339e-07
kearl,8.505289013973339e-07
referr,8.505289013973339e-07
vist,8.505289013973339e-07
outofpocket,8.505289013973339e-07
arnd,8.505289013973339e-07
interlink,8.505289013973339e-07
reer,8.505289013973339e-07
unorthodox,8.505289013973339e-07
baseyear,8.505289013973339e-07
pointer,8.505289013973339e-07
tote,8.505289013973339e-07
mjc,8.505289013973339e-07
tara,8.505289013973339e-07
flit,8.505289013973339e-07
dsc,8.505289013973339e-07
eligi,8.505289013973339e-07
lous,8.505289013973339e-07
anatol,8.505289013973339e-07
bengt,8.505289013973339e-07
goodi,8.505289013973339e-07
aqk,8.505289013973339e-07
percep,8.505289013973339e-07
recept,8.505289013973339e-07
lucia,8.505289013973339e-07
tled,8.505289013973339e-07
kishor,8.505289013973339e-07
suprem,8.505289013973339e-07
tommaso,8.505289013973339e-07
jare,8.505289013973339e-07
csx,8.505289013973339e-07
camer,8.505289013973339e-07
oqo,8.505289013973339e-07
steffen,8.505289013973339e-07
lira,8.505289013973339e-07
florian,8.505289013973339e-07
stefani,8.505289013973339e-07
interdisciplinari,8.505289013973339e-07
hunch,8.505289013973339e-07
rekindl,8.505289013973339e-07
nongroup,8.505289013973339e-07
stroke,8.505289013973339e-07
rcp,8.505289013973339e-07
fibr,8.505289013973339e-07
verdoorn,8.505289013973339e-07
habitform,8.505289013973339e-07
halfhour,8.505289013973339e-07
vall,8.505289013973339e-07
gerber,8.505289013973339e-07
antr,8.505289013973339e-07
evacu,8.505289013973339e-07
antoni,8.505289013973339e-07
freeway,8.505289013973339e-07
paciti,8.505289013973339e-07
bitrag,8.505289013973339e-07
sial,8.505289013973339e-07
andw,8.505289013973339e-07
unction,8.505289013973339e-07
silicon,8.505289013973339e-07
accumula,8.505289013973339e-07
universi,8.505289013973339e-07
preexist,8.505289013973339e-07
checkup,8.505289013973339e-07
undirect,8.505289013973339e-07
tutabl,8.505289013973339e-07
elsi,8.505289013973339e-07
andg,8.505289013973339e-07
cmo,8.505289013973339e-07
aloud,8.505289013973339e-07
tougher,8.505289013973339e-07
forest,8.505289013973339e-07
empt,8.505289013973339e-07
wildcat,8.505289013973339e-07
resem,8.505289013973339e-07
drugstor,8.505289013973339e-07
vishvi,8.505289013973339e-07
coinci,8.505289013973339e-07
unac,8.505289013973339e-07
burman,8.505289013973339e-07
chill,8.505289013973339e-07
lorenzo,8.505289013973339e-07
courag,8.505289013973339e-07
enp,8.505289013973339e-07
effectu,8.505289013973339e-07
etho,8.505289013973339e-07
yeat,8.505289013973339e-07
groupwis,8.505289013973339e-07
subindic,8.505289013973339e-07
duc,8.505289013973339e-07
marketplac,8.505289013973339e-07
resultsa,8.505289013973339e-07
onehundredth,8.505289013973339e-07
vse,8.505289013973339e-07
guillaum,8.505289013973339e-07
vivian,8.505289013973339e-07
viet,8.505289013973339e-07
bing,8.505289013973339e-07
illfound,8.505289013973339e-07
oda,8.505289013973339e-07
insen,8.505289013973339e-07
icit,8.505289013973339e-07
drm,8.505289013973339e-07
tpc,8.505289013973339e-07
dpb,8.505289013973339e-07
regina,8.505289013973339e-07
specialist,8.505289013973339e-07
hain,8.505289013973339e-07
termedi,8.505289013973339e-07
constrast,8.505289013973339e-07
bloomberg,8.505289013973339e-07
indict,8.505289013973339e-07
cripp,8.505289013973339e-07
clientel,8.505289013973339e-07
meta,8.505289013973339e-07
overshot,8.505289013973339e-07
rds,8.505289013973339e-07
economa,8.505289013973339e-07
incomemaxim,8.505289013973339e-07
periodth,8.505289013973339e-07
eros,8.505289013973339e-07
filli,8.505289013973339e-07
publicpolici,8.505289013973339e-07
goodyear,8.505289013973339e-07
kay,8.505289013973339e-07
wfa,8.505289013973339e-07
articu,8.505289013973339e-07
ilib,8.505289013973339e-07
analysisth,8.505289013973339e-07
highervalu,8.505289013973339e-07
inad,8.505289013973339e-07
abor,8.505289013973339e-07
origindestin,8.505289013973339e-07
pqc,8.505289013973339e-07
preoccupi,8.505289013973339e-07
toplevel,8.505289013973339e-07
webber,8.505289013973339e-07
spuri,8.505289013973339e-07
confu,8.505289013973339e-07
topki,8.505289013973339e-07
underground,8.505289013973339e-07
upset,8.505289013973339e-07
dolton,8.505289013973339e-07
nonprofit,8.505289013973339e-07
shouldnt,8.505289013973339e-07
auk,8.505289013973339e-07
ducibl,8.505289013973339e-07
nonexpect,8.505289013973339e-07
sicker,8.505289013973339e-07
sevenfold,8.505289013973339e-07
twa,8.505289013973339e-07
bev,8.505289013973339e-07
arw,8.505289013973339e-07
mus,8.505289013973339e-07
drasti,8.505289013973339e-07
chocol,8.505289013973339e-07
ove,8.505289013973339e-07
walt,8.505289013973339e-07
vulnera,8.505289013973339e-07
lou,8.505289013973339e-07
horwich,8.505289013973339e-07
fatten,8.505289013973339e-07
zlb,8.505289013973339e-07
congression,8.505289013973339e-07
progeni,8.505289013973339e-07
beck,8.505289013973339e-07
ocm,8.505289013973339e-07
mali,8.505289013973339e-07
invol,8.505289013973339e-07
esc,8.505289013973339e-07
nonspecif,8.505289013973339e-07
minimalist,8.505289013973339e-07
myle,8.505289013973339e-07
diana,8.505289013973339e-07
sulli,8.505289013973339e-07
manganes,8.505289013973339e-07
jockey,8.505289013973339e-07
disclos,8.505289013973339e-07
rentli,8.505289013973339e-07
oiii,8.505289013973339e-07
secretari,8.505289013973339e-07
analvsi,8.505289013973339e-07
tertiari,8.505289013973339e-07
aart,8.505289013973339e-07
monarch,8.505289013973339e-07
nicolson,8.505289013973339e-07
foresman,8.505289013973339e-07
repo,8.505289013973339e-07
reni,8.505289013973339e-07
twn,8.505289013973339e-07
tabula,8.505289013973339e-07
beginningofperiod,8.505289013973339e-07
julyseptemb,8.505289013973339e-07
paola,8.505289013973339e-07
calgari,8.505289013973339e-07
fixedcapit,8.505289013973339e-07
bateman,8.505289013973339e-07
bum,8.505289013973339e-07
boyer,8.505289013973339e-07
pathak,8.505289013973339e-07
ucd,8.505289013973339e-07
alxl,8.505289013973339e-07
incomecompens,8.505289013973339e-07
rightw,8.505289013973339e-07
hthe,8.505289013973339e-07
fiai,8.505289013973339e-07
alexandra,8.505289013973339e-07
isit,8.505289013973339e-07
wvhere,8.505289013973339e-07
suarez,8.505289013973339e-07
ciari,8.505289013973339e-07
gredient,8.505289013973339e-07
sanchez,8.505289013973339e-07
voluntarili,8.505289013973339e-07
drama,8.505289013973339e-07
pleasant,8.505289013973339e-07
clan,8.505289013973339e-07
hideo,8.505289013973339e-07
bwt,8.505289013973339e-07
worldwid,8.505289013973339e-07
pmr,8.505289013973339e-07
piet,8.505289013973339e-07
elimina,8.505289013973339e-07
custo,8.505289013973339e-07
hbs,8.505289013973339e-07
rappaport,8.505289013973339e-07
cember,8.505289013973339e-07
leontieftyp,8.505289013973339e-07
rrm,8.505289013973339e-07
wvs,8.505289013973339e-07
alvaro,8.505289013973339e-07
suh,8.505289013973339e-07
familyown,8.505289013973339e-07
bration,8.505289013973339e-07
concem,8.505289013973339e-07
highvalu,8.505289013973339e-07
yew,8.505289013973339e-07
okj,8.505289013973339e-07
mauritius,8.505289013973339e-07
vivo,8.505289013973339e-07
numnber,8.505289013973339e-07
erin,8.505289013973339e-07
fluential,8.505289013973339e-07
witz,8.505289013973339e-07
lant,8.505289013973339e-07
isoelast,8.505289013973339e-07
mystifi,8.505289013973339e-07
tappan,8.505289013973339e-07
oulton,8.505289013973339e-07
alison,8.505289013973339e-07
compliant,8.505289013973339e-07
feyrer,8.505289013973339e-07
tingent,8.505289013973339e-07
insuffi,8.505289013973339e-07
torino,8.505289013973339e-07
zeroprob,8.505289013973339e-07
wholeheart,8.505289013973339e-07
predatori,8.505289013973339e-07
qht,8.505289013973339e-07
internat,8.505289013973339e-07
peac,8.505289013973339e-07
southeastern,8.505289013973339e-07
xxxii,8.505289013973339e-07
stockton,8.505289013973339e-07
strait,8.505289013973339e-07
wartim,8.505289013973339e-07
profus,8.505289013973339e-07
coop,8.505289013973339e-07
bsignific,8.505289013973339e-07
undon,8.505289013973339e-07
agesquar,8.505289013973339e-07
gaag,8.505289013973339e-07
valor,8.505289013973339e-07
postprogram,8.505289013973339e-07
preprogram,8.505289013973339e-07
acceptreject,8.505289013973339e-07
nperiod,8.505289013973339e-07
struck,8.505289013973339e-07
tryon,8.505289013973339e-07
sceptic,8.505289013973339e-07
gazett,8.505289013973339e-07
halt,8.505289013973339e-07
expansionari,8.505289013973339e-07
localcurr,8.505289013973339e-07
momentari,8.505289013973339e-07
rari,8.505289013973339e-07
appr,8.505289013973339e-07
backlog,8.505289013973339e-07
painless,8.505289013973339e-07
advo,8.505289013973339e-07
nouvell,8.505289013973339e-07
leonardo,8.505289013973339e-07
ticehal,8.505289013973339e-07
keimu,8.505289013973339e-07
pren,8.505289013973339e-07
strictur,8.505289013973339e-07
rockoff,8.505289013973339e-07
collegi,8.505289013973339e-07
proclaim,8.505289013973339e-07
trict,8.505289013973339e-07
undistribut,8.505289013973339e-07
snake,8.505289013973339e-07
nanak,8.505289013973339e-07
sensus,8.505289013973339e-07
ishikawa,8.505289013973339e-07
politician,8.505289013973339e-07
cairn,8.505289013973339e-07
methodo,8.505289013973339e-07
jakubson,8.505289013973339e-07
preconcept,8.505289013973339e-07
scien,8.505289013973339e-07
kaufmann,8.505289013973339e-07
sender,8.505289013973339e-07
nebul,8.505289013973339e-07
gareth,8.505289013973339e-07
ponder,8.505289013973339e-07
positiv,8.505289013973339e-07
uphold,8.505289013973339e-07
symp,8.505289013973339e-07
fullest,8.505289013973339e-07
cholog,8.505289013973339e-07
crank,8.505289013973339e-07
sophic,8.505289013973339e-07
antithesi,8.505289013973339e-07
coordina,8.505289013973339e-07
simmon,8.505289013973339e-07
renci,8.505289013973339e-07
messier,8.505289013973339e-07
ooooooo,8.505289013973339e-07
iooo,8.505289013973339e-07
iiio,8.505289013973339e-07
sheep,8.505289013973339e-07
halfliv,8.505289013973339e-07
demerit,8.505289013973339e-07
bombay,8.505289013973339e-07
precious,8.505289013973339e-07
commemor,8.505289013973339e-07
gomulka,8.505289013973339e-07
jewelri,8.505289013973339e-07
keen,8.505289013973339e-07
whittlesey,8.505289013973339e-07
liev,8.505289013973339e-07
balti,8.505289013973339e-07
twentysix,8.505289013973339e-07
pinch,8.505289013973339e-07
kirman,8.505289013973339e-07
demonstra,8.505289013973339e-07
fetch,8.505289013973339e-07
plead,8.505289013973339e-07
itoh,8.505289013973339e-07
farfetch,8.505289013973339e-07
enclosur,8.505289013973339e-07
cake,8.505289013973339e-07
fixat,8.505289013973339e-07
pean,8.505289013973339e-07
pondenc,8.505289013973339e-07
cogenc,8.505289013973339e-07
restudrdv,8.505289013973339e-07
intergovernment,8.505289013973339e-07
arrest,8.505289013973339e-07
underr,8.505289013973339e-07
jeancharl,8.505289013973339e-07
underw,8.505289013973339e-07
eign,8.505289013973339e-07
coopera,8.505289013973339e-07
recalibr,8.505289013973339e-07
interwar,8.505289013973339e-07
unionis,8.505289013973339e-07
potenc,8.505289013973339e-07
jewish,8.505289013973339e-07
contro,8.505289013973339e-07
fait,8.505289013973339e-07
mathrmln,8.505289013973339e-07
azerbaijan,8.505289013973339e-07
wirtschaft,8.505289013973339e-07
essai,8.505289013973339e-07
downsiz,8.505289013973339e-07
febru,8.505289013973339e-07
gustav,8.505289013973339e-07
massachu,8.505289013973339e-07
ellwood,8.505289013973339e-07
deemphas,8.505289013973339e-07
twotyp,8.505289013973339e-07
literari,8.505289013973339e-07
posthum,8.505289013973339e-07
knock,8.505289013973339e-07
deutschland,8.505289013973339e-07
vicki,8.505289013973339e-07
ratifi,8.505289013973339e-07
cvj,8.505289013973339e-07
cush,8.505289013973339e-07
heidi,8.505289013973339e-07
abridg,8.505289013973339e-07
precari,8.505289013973339e-07
bred,8.505289013973339e-07
okun,8.505289013973339e-07
illeg,8.505289013973339e-07
flour,8.505289013973339e-07
professori,8.505289013973339e-07
salomon,8.505289013973339e-07
patinkin,8.505289013973339e-07
requi,8.505289013973339e-07
parsimo,8.505289013973339e-07
middlesex,8.505289013973339e-07
atlt,8.505289013973339e-07
accus,8.505289013973339e-07
lamb,8.505289013973339e-07
chainweight,8.505289013973339e-07
spoke,8.505289013973339e-07
apac,8.505289013973339e-07
porarili,8.505289013973339e-07
lxxxi,8.505289013973339e-07
hearten,8.505289013973339e-07
scottish,8.505289013973339e-07
octo,8.505289013973339e-07
okla,8.505289013973339e-07
jule,8.505289013973339e-07
exemp,8.505289013973339e-07
problemn,8.505289013973339e-07
blackbox,8.505289013973339e-07
leah,8.505289013973339e-07
jefferson,8.505289013973339e-07
fallback,8.505289013973339e-07
dignifi,8.505289013973339e-07
flection,8.505289013973339e-07
postgradu,8.505289013973339e-07
rmb,8.505289013973339e-07
fritz,8.505289013973339e-07
zerosum,8.505289013973339e-07
collector,8.505289013973339e-07
tamper,8.505289013973339e-07
debbi,8.505289013973339e-07
chester,8.505289013973339e-07
vilfredo,8.505289013973339e-07
handsom,8.505289013973339e-07
ghh,8.505289013973339e-07
clare,8.505289013973339e-07
smile,8.505289013973339e-07
heritag,8.505289013973339e-07
backbon,8.505289013973339e-07
persion,8.505289013973339e-07
multitask,8.505289013973339e-07
govem,8.505289013973339e-07
allocat,8.505289013973339e-07
specula,8.505289013973339e-07
lizat,8.505289013973339e-07
withhold,8.505289013973339e-07
rotter,8.505289013973339e-07
stuff,8.505289013973339e-07
recalcitr,8.505289013973339e-07
angri,8.505289013973339e-07
roland,8.505289013973339e-07
privatesector,8.505289013973339e-07
scandal,8.505289013973339e-07
obliga,8.505289013973339e-07
espac,8.505289013973339e-07
skrzypacz,8.505289013973339e-07
hindu,8.505289013973339e-07
wuw,8.505289013973339e-07
nutshel,8.505289013973339e-07
foreman,8.505289013973339e-07
alexandria,8.505289013973339e-07
recit,8.505289013973339e-07
capitol,8.505289013973339e-07
timeless,8.505289013973339e-07
gleww,8.505289013973339e-07
guilti,8.505289013973339e-07
highgrowth,8.505289013973339e-07
delight,8.505289013973339e-07
tiresom,8.505289013973339e-07
wist,8.505289013973339e-07
manufac,8.505289013973339e-07
dissuad,8.505289013973339e-07
longitudi,8.505289013973339e-07
buttress,8.505289013973339e-07
notif,8.505289013973339e-07
belabor,8.505289013973339e-07
stabiliza,8.505289013973339e-07
selfdef,8.505289013973339e-07
cattl,8.505289013973339e-07
freddi,8.505289013973339e-07
behest,8.505289013973339e-07
koster,8.505289013973339e-07
contrib,8.505289013973339e-07
taussig,8.505289013973339e-07
uhh,8.505289013973339e-07
intersector,8.505289013973339e-07
obstin,8.505289013973339e-07
myth,8.505289013973339e-07
salvat,8.505289013973339e-07
infec,8.505289013973339e-07
singlepar,8.505289013973339e-07
adver,8.505289013973339e-07
tious,8.505289013973339e-07
monop,8.505289013973339e-07
nigel,8.505289013973339e-07
manyperson,8.505289013973339e-07
econtom,8.505289013973339e-07
reve,8.505289013973339e-07
undervalu,8.505289013973339e-07
unbeliev,8.505289013973339e-07
readymad,8.505289013973339e-07
tuat,8.505289013973339e-07
weapon,8.505289013973339e-07
dick,8.505289013973339e-07
rmpr,8.505289013973339e-07
purcha,8.505289013973339e-07
jahnsson,8.505289013973339e-07
economv,8.505289013973339e-07
mundan,8.505289013973339e-07
rematch,8.505289013973339e-07
semant,8.505289013973339e-07
michell,8.505289013973339e-07
entangl,8.505289013973339e-07
interviewe,8.505289013973339e-07
prev,8.505289013973339e-07
oneoff,8.505289013973339e-07
agespecif,8.505289013973339e-07
scar,8.505289013973339e-07
engend,8.505289013973339e-07
loyalti,8.505289013973339e-07
problemi,8.505289013973339e-07
adverti,8.505289013973339e-07
crossstat,8.505289013973339e-07
nonexclus,8.505289013973339e-07
stagflat,8.505289013973339e-07
dhp,8.505289013973339e-07
speech,8.505289013973339e-07
unsati,8.505289013973339e-07
nopolist,8.505289013973339e-07
avner,8.505289013973339e-07
maneuv,8.505289013973339e-07
reshuffl,8.505289013973339e-07
riley,8.505289013973339e-07
roundabout,8.505289013973339e-07
cassel,8.505289013973339e-07
prey,8.505289013973339e-07
catchal,8.505289013973339e-07
intercens,8.505289013973339e-07
anxieti,8.505289013973339e-07
absurdum,8.505289013973339e-07
suse,8.505289013973339e-07
comonoton,8.505289013973339e-07
oscilla,8.505289013973339e-07
pricewag,8.505289013973339e-07
fantast,8.505289013973339e-07
switcher,8.505289013973339e-07
hastili,8.505289013973339e-07
wageearn,8.505289013973339e-07
pulp,8.505289013973339e-07
undeni,8.505289013973339e-07
clair,8.505289013973339e-07
emot,8.505289013973339e-07
untim,8.505289013973339e-07
unstat,8.505289013973339e-07
duli,8.505289013973339e-07
maldistribut,8.505289013973339e-07
firmwork,8.505289013973339e-07
undisput,8.505289013973339e-07
unmix,8.505289013973339e-07
veblen,8.505289013973339e-07
feudal,8.505289013973339e-07
patch,8.505289013973339e-07
rug,8.505289013973339e-07
nonobvi,8.505289013973339e-07
hind,8.505289013973339e-07
microprocessor,8.505289013973339e-07
skeleton,8.505289013973339e-07
noninstitut,8.505289013973339e-07
etst,8.505289013973339e-07
threw,8.505289013973339e-07
eagl,8.505289013973339e-07
circu,8.505289013973339e-07
gdpt,8.505289013973339e-07
taut,8.505289013973339e-07
thrive,8.505289013973339e-07
novemberdecemb,8.505289013973339e-07
uiwi,8.505289013973339e-07
mire,8.505289013973339e-07
canvass,8.505289013973339e-07
upheld,8.505289013973339e-07
scorn,8.505289013973339e-07
cybernet,8.505289013973339e-07
altera,8.505289013973339e-07
injunct,8.505289013973339e-07
slipperi,8.505289013973339e-07
postdoctor,8.505289013973339e-07
pernici,8.505289013973339e-07
laboraug,8.505289013973339e-07
headquart,8.505289013973339e-07
hindranc,8.505289013973339e-07
insolubl,8.505289013973339e-07
phpdoiaer,8.505289013973339e-07
httpwwwaeaweborgarticl,8.505289013973339e-07
tear,8.505289013973339e-07
leftov,8.505289013973339e-07
pupilteach,8.505289013973339e-07
studentteach,8.505289013973339e-07
distributor,8.505289013973339e-07
sprung,8.505289013973339e-07
sanguin,8.505289013973339e-07
brunt,8.505289013973339e-07
paradigmat,8.505289013973339e-07
allison,8.505289013973339e-07
litic,8.505289013973339e-07
ifornia,8.505289013973339e-07
ffv,8.505289013973339e-07
nonstrict,8.505289013973339e-07
uncompromis,8.505289013973339e-07
unnam,8.505289013973339e-07
neth,8.505289013973339e-07
czechoslovakia,8.505289013973339e-07
workfar,8.505289013973339e-07
triest,8.505289013973339e-07
bulgaria,8.505289013973339e-07
misdirect,8.505289013973339e-07
prejud,8.505289013973339e-07
tradein,8.505289013973339e-07
ock,8.505289013973339e-07
undercut,8.505289013973339e-07
cxr,8.505289013973339e-07
erenti,8.505289013973339e-07
jeroen,8.505289013973339e-07
cens,8.505289013973339e-07
kimber,8.505289013973339e-07
sympathet,8.505289013973339e-07
denecker,8.505289013973339e-07
spiral,8.505289013973339e-07
superpow,8.505289013973339e-07
inada,8.505289013973339e-07
firstyear,8.505289013973339e-07
tray,8.505289013973339e-07
statut,8.505289013973339e-07
nepot,8.505289013973339e-07
unspent,8.505289013973339e-07
entat,8.505289013973339e-07
conc,8.505289013973339e-07
tanker,8.505289013973339e-07
foreground,8.505289013973339e-07
egor,8.505289013973339e-07
avon,8.505289013973339e-07
underpr,8.505289013973339e-07
distrust,8.505289013973339e-07
reau,8.505289013973339e-07
brush,8.505289013973339e-07
disparag,8.505289013973339e-07
rub,8.505289013973339e-07
dietari,8.505289013973339e-07
modelpredict,8.505289013973339e-07
expediti,8.505289013973339e-07
qwl,8.505289013973339e-07
complimentari,8.505289013973339e-07
ecut,8.505289013973339e-07
shipbuild,8.505289013973339e-07
metcalf,8.505289013973339e-07
coloni,8.505289013973339e-07
rainer,8.505289013973339e-07
kortum,8.505289013973339e-07
plos,8.505289013973339e-07
mackenzi,8.505289013973339e-07
fullscal,8.505289013973339e-07
overlappinggener,8.505289013973339e-07
menger,8.505289013973339e-07
insul,8.505289013973339e-07
nassau,8.505289013973339e-07
glass,8.505289013973339e-07
cape,8.505289013973339e-07
crossregion,8.505289013973339e-07
gloss,8.505289013973339e-07
restudrdu,8.505289013973339e-07
dori,8.505289013973339e-07
pire,8.505289013973339e-07
alib,8.505289013973339e-07
employerprovid,8.505289013973339e-07
bjd,8.505289013973339e-07
sitc,8.505289013973339e-07
motorcycl,8.505289013973339e-07
zum,8.505289013973339e-07
ticl,8.505289013973339e-07
primaci,8.505289013973339e-07
heir,8.505289013973339e-07
otlher,8.505289013973339e-07
bohm,8.505289013973339e-07
tlle,8.505289013973339e-07
dissav,8.505289013973339e-07
skillintens,8.505289013973339e-07
franoi,8.505289013973339e-07
learningbydo,8.505289013973339e-07
richest,8.505289013973339e-07
idealist,8.505289013973339e-07
vick,8.505289013973339e-07
muni,8.505289013973339e-07
acu,8.505289013973339e-07
larges,8.505289013973339e-07
mcintyr,8.505289013973339e-07
torcuato,8.505289013973339e-07
rankdepend,8.505289013973339e-07
mili,8.505289013973339e-07
lard,8.505289013973339e-07
limitless,8.505289013973339e-07
prais,8.505289013973339e-07
ascript,8.505289013973339e-07
brit,8.505289013973339e-07
outsourc,8.505289013973339e-07
combat,8.505289013973339e-07
husbandri,8.505289013973339e-07
poem,8.505289013973339e-07
cieti,8.505289013973339e-07
policyori,8.505289013973339e-07
mott,8.505289013973339e-07
controvert,8.505289013973339e-07
unbroken,8.505289013973339e-07
unoffici,8.505289013973339e-07
belgiqu,8.505289013973339e-07
hutchinson,8.505289013973339e-07
educt,8.505289013973339e-07
allyn,8.505289013973339e-07
commun,8.505289013973339e-07
unrecord,8.505289013973339e-07
nonstrateg,8.505289013973339e-07
calv,8.505289013973339e-07
valeur,8.505289013973339e-07
mlo,8.505289013973339e-07
xliii,8.505289013973339e-07
passthrough,8.505289013973339e-07
provoc,8.505289013973339e-07
misappl,8.505289013973339e-07
feebl,8.505289013973339e-07
semblanc,8.505289013973339e-07
congeni,8.505289013973339e-07
influenza,8.505289013973339e-07
onefifth,8.505289013973339e-07
indefi,8.505289013973339e-07
bendavid,8.505289013973339e-07
twen,8.505289013973339e-07
kindergarten,8.505289013973339e-07
midyear,8.505289013973339e-07
radi,8.505289013973339e-07
sulfur,8.505289013973339e-07
evok,8.505289013973339e-07
sdc,8.505289013973339e-07
forag,8.505289013973339e-07
redi,8.505289013973339e-07
rsc,8.505289013973339e-07
amarket,8.505289013973339e-07
dropoff,8.505289013973339e-07
sipp,8.505289013973339e-07
choix,8.505289013973339e-07
seul,8.505289013973339e-07
statutori,8.505289013973339e-07
hamid,8.505289013973339e-07
materiel,8.505289013973339e-07
cout,8.505289013973339e-07
psycholo,8.505289013973339e-07
autr,8.505289013973339e-07
jobtojob,8.505289013973339e-07
wellpaid,8.505289013973339e-07
flatrat,8.505289013973339e-07
compro,8.505289013973339e-07
turin,8.505289013973339e-07
international,8.505289013973339e-07
testi,8.505289013973339e-07
colo,8.505289013973339e-07
valle,8.505289013973339e-07
rightskew,8.505289013973339e-07
kiel,8.505289013973339e-07
defenc,8.505289013973339e-07
potash,8.505289013973339e-07
industrv,8.505289013973339e-07
indicat,8.505289013973339e-07
quarrel,8.505289013973339e-07
experimenta,8.505289013973339e-07
httpdx,8.505289013973339e-07
seeker,8.505289013973339e-07
nonessenti,8.505289013973339e-07
merous,8.505289013973339e-07
collectivist,8.505289013973339e-07
pitch,8.505289013973339e-07
bark,8.505289013973339e-07
imrohoroglu,8.505289013973339e-07
jobmatch,8.505289013973339e-07
ays,8.505289013973339e-07
twentyseven,8.505289013973339e-07
buss,8.505289013973339e-07
coat,8.505289013973339e-07
knees,8.505289013973339e-07
tractibl,8.505289013973339e-07
riordan,8.505289013973339e-07
inex,8.505289013973339e-07
gertrud,8.505289013973339e-07
farber,8.505289013973339e-07
inent,8.505289013973339e-07
uncheck,8.505289013973339e-07
fourteenth,8.505289013973339e-07
nashbargain,8.505289013973339e-07
swenson,8.505289013973339e-07
semidur,8.505289013973339e-07
hose,8.505289013973339e-07
gust,8.505289013973339e-07
carpet,8.505289013973339e-07
belli,8.505289013973339e-07
fourperiod,8.505289013973339e-07
hum,8.505289013973339e-07
fromii,8.505289013973339e-07
judi,8.505289013973339e-07
makeup,8.505289013973339e-07
deregul,8.505289013973339e-07
prov,8.505289013973339e-07
plat,8.505289013973339e-07
cago,8.505289013973339e-07
tantal,8.505289013973339e-07
harwood,8.505289013973339e-07
nabil,8.505289013973339e-07
mune,8.505289013973339e-07
possibili,8.505289013973339e-07
bless,8.505289013973339e-07
bjrn,8.505289013973339e-07
coup,8.505289013973339e-07
multigood,8.505289013973339e-07
napoleon,8.505289013973339e-07
infarct,8.505289013973339e-07
rite,8.505289013973339e-07
myocardi,8.505289013973339e-07
consul,8.505289013973339e-07
thrifti,8.505289013973339e-07
elgar,8.505289013973339e-07
novem,8.505289013973339e-07
obliter,8.505289013973339e-07
monument,8.505289013973339e-07
fatigu,8.505289013973339e-07
cdrom,8.505289013973339e-07
sandler,8.505289013973339e-07
dread,8.505289013973339e-07
safest,8.505289013973339e-07
milan,8.505289013973339e-07
blanc,8.505289013973339e-07
linen,8.505289013973339e-07
guesneri,8.505289013973339e-07
chirinko,8.505289013973339e-07
bounti,8.505289013973339e-07
comb,8.505289013973339e-07
wane,8.505289013973339e-07
mould,8.505289013973339e-07
sushil,8.505289013973339e-07
biennial,8.505289013973339e-07
hate,8.505289013973339e-07
asymmet,8.505289013973339e-07
standstil,8.505289013973339e-07
antiqu,8.505289013973339e-07
diseconomi,8.505289013973339e-07
sister,8.505289013973339e-07
fourweek,8.505289013973339e-07
vener,8.505289013973339e-07
miser,8.505289013973339e-07
tertempor,8.505289013973339e-07
jornsteffen,8.505289013973339e-07
reactionari,8.505289013973339e-07
intellect,8.505289013973339e-07
representativeag,8.505289013973339e-07
rick,8.505289013973339e-07
smack,8.505289013973339e-07
chanig,8.505289013973339e-07
miravet,8.505289013973339e-07
parenth,8.505289013973339e-07
maid,8.505289013973339e-07
chologist,8.505289013973339e-07
encumb,8.505289013973339e-07
finess,8.505289013973339e-07
tach,8.505289013973339e-07
wui,8.505289013973339e-07
finitest,8.505289013973339e-07
tician,8.505289013973339e-07
crra,8.505289013973339e-07
postu,8.505289013973339e-07
pointless,8.505289013973339e-07
nul,8.505289013973339e-07
kerr,8.505289013973339e-07
tag,8.505289013973339e-07
masquerad,8.505289013973339e-07
hover,8.505289013973339e-07
cyd,8.505289013973339e-07
skin,8.505289013973339e-07
cheat,8.505289013973339e-07
colon,8.505289013973339e-07
occa,8.505289013973339e-07
tuft,8.505289013973339e-07
inicreas,8.505289013973339e-07
rajiv,8.505289013973339e-07
dustmann,8.505289013973339e-07
demnand,8.505289013973339e-07
immeasur,8.505289013973339e-07
fortyfour,8.505289013973339e-07
exchequ,8.505289013973339e-07
kappa,8.505289013973339e-07
nonblack,8.505289013973339e-07
austan,8.505289013973339e-07
wilfr,8.505289013973339e-07
chancellor,8.505289013973339e-07
lviii,8.505289013973339e-07
anticipatori,8.505289013973339e-07
lass,8.505289013973339e-07
contr,8.505289013973339e-07
ofsampl,8.505289013973339e-07
sticki,8.505289013973339e-07
prix,8.505289013973339e-07
dinner,8.505289013973339e-07
poss,8.505289013973339e-07
cecil,8.505289013973339e-07
bleak,8.505289013973339e-07
sota,8.505289013973339e-07
worral,8.505289013973339e-07
fisman,8.505289013973339e-07
unlaw,8.505289013973339e-07
conscript,8.505289013973339e-07
drag,8.505289013973339e-07
barilan,8.505289013973339e-07
plaintiff,8.505289013973339e-07
physiolog,8.505289013973339e-07
tinual,8.505289013973339e-07
friendship,8.505289013973339e-07
mft,8.505289013973339e-07
harass,8.505289013973339e-07
zwe,8.505289013973339e-07
ipal,8.505289013973339e-07
kenyan,8.505289013973339e-07
crystal,8.505289013973339e-07
inexplic,8.505289013973339e-07
xxiv,8.505289013973339e-07
pious,8.505289013973339e-07
selfinterest,8.505289013973339e-07
tme,8.505289013973339e-07
lini,8.505289013973339e-07
beitrag,8.505289013973339e-07
crement,8.505289013973339e-07
secr,8.505289013973339e-07
uninfor,8.505289013973339e-07
bain,8.505289013973339e-07
kajii,8.505289013973339e-07
contagi,8.505289013973339e-07
replenish,8.505289013973339e-07
undisturb,8.505289013973339e-07
quart,8.505289013973339e-07
grawhil,8.505289013973339e-07
modelgener,8.505289013973339e-07
humpshap,8.505289013973339e-07
allinclus,8.505289013973339e-07
finnish,8.505289013973339e-07
miscellani,8.505289013973339e-07
invis,8.505289013973339e-07
engi,8.505289013973339e-07
labourmarket,8.505289013973339e-07
bulgarian,8.505289013973339e-07
offspr,8.505289013973339e-07
anniversari,8.505289013973339e-07
catalyst,8.505289013973339e-07
topleft,8.505289013973339e-07
extravag,8.505289013973339e-07
cipit,8.505289013973339e-07
primeag,8.505289013973339e-07
specialpurpos,8.505289013973339e-07
slemrod,8.505289013973339e-07
oldfashion,8.505289013973339e-07
deadlock,8.505289013973339e-07
throughput,8.505289013973339e-07
cecchetti,8.505289013973339e-07
trite,8.505289013973339e-07
presupposit,8.505289013973339e-07
halfcenturi,8.505289013973339e-07
idem,8.505289013973339e-07
ninemonth,8.505289013973339e-07
solicit,8.505289013973339e-07
schoollevel,8.505289013973339e-07
skillbias,8.505289013973339e-07
workerfirm,8.505289013973339e-07
boom,8.505289013973339e-07
inframargin,8.505289013973339e-07
salesman,8.505289013973339e-07
seep,8.505289013973339e-07
hodrickprescott,8.505289013973339e-07
mort,8.505289013973339e-07
stir,8.505289013973339e-07
euroarea,8.505289013973339e-07
ballpark,8.505289013973339e-07
cling,8.505289013973339e-07
sounder,8.505289013973339e-07
owneroccupi,8.505289013973339e-07
nourish,8.505289013973339e-07
lobbi,8.505289013973339e-07
organiza,8.505289013973339e-07
referendum,8.505289013973339e-07
stride,8.505289013973339e-07
fiftyf,8.505289013973339e-07
wlhich,8.505289013973339e-07
stract,8.505289013973339e-07
susanto,8.505289013973339e-07
opportuni,8.505289013973339e-07
scanti,8.505289013973339e-07
moin,8.505289013973339e-07
fourfactor,8.505289013973339e-07
tirement,8.505289013973339e-07
meilleur,8.505289013973339e-07
dial,8.505289013973339e-07
imsss,8.505289013973339e-07
pdo,8.505289013973339e-07
payabl,8.505289013973339e-07
spoken,8.505289013973339e-07
zang,8.505289013973339e-07
encapsul,8.505289013973339e-07
outofthemoney,8.505289013973339e-07
bisect,8.505289013973339e-07
kathleen,8.505289013973339e-07
maureen,8.505289013973339e-07
cident,8.505289013973339e-07
bayesiannash,8.505289013973339e-07
statebyst,8.505289013973339e-07
nonacceler,8.505289013973339e-07
frijter,8.505289013973339e-07
bankspecif,8.505289013973339e-07
faction,8.505289013973339e-07
dend,8.505289013973339e-07
dilut,8.505289013973339e-07
paserman,8.505289013973339e-07
immut,8.505289013973339e-07
beal,8.505289013973339e-07
linder,8.505289013973339e-07
oblivi,8.505289013973339e-07
handinhand,8.505289013973339e-07
nonfood,8.505289013973339e-07
highlow,8.505289013973339e-07
cfm,8.505289013973339e-07
allianc,8.505289013973339e-07
prestig,8.505289013973339e-07
omic,8.505289013973339e-07
efficientmarket,8.505289013973339e-07
ujnivers,8.505289013973339e-07
qwt,8.505289013973339e-07
gulf,8.505289013973339e-07
pcq,8.505289013973339e-07
ktf,8.505289013973339e-07
sumner,8.505289013973339e-07
cropper,8.505289013973339e-07
catastroph,8.505289013973339e-07
diminut,8.505289013973339e-07
loci,8.505289013973339e-07
broadway,8.505289013973339e-07
victim,8.505289013973339e-07
priceinelast,8.505289013973339e-07
lanc,8.505289013973339e-07
tvb,8.505289013973339e-07
casualti,8.505289013973339e-07
vani,8.505289013973339e-07
omywid,8.505289013973339e-07
impercept,8.505289013973339e-07
mckinsey,8.505289013973339e-07
sill,8.505289013973339e-07
highvari,8.505289013973339e-07
tlheori,8.505289013973339e-07
discrimina,8.505289013973339e-07
multist,8.505289013973339e-07
fledg,8.505289013973339e-07
malpractic,8.505289013973339e-07
mackiemason,8.505289013973339e-07
idaho,8.505289013973339e-07
ultra,8.505289013973339e-07
pfor,8.505289013973339e-07
giant,8.505289013973339e-07
inland,8.505289013973339e-07
combinator,8.505289013973339e-07
coast,8.505289013973339e-07
qmax,8.505289013973339e-07
samuelsonian,8.505289013973339e-07
coumot,8.505289013973339e-07
wonnacott,8.505289013973339e-07
spill,8.505289013973339e-07
stagger,8.505289013973339e-07
panion,8.505289013973339e-07
surer,8.505289013973339e-07
deregula,8.505289013973339e-07
portun,8.505289013973339e-07
higheduc,8.505289013973339e-07
uninterrupt,8.505289013973339e-07
impend,8.505289013973339e-07
unsuspect,8.505289013973339e-07
unproduct,8.505289013973339e-07
thij,8.505289013973339e-07
contributori,8.505289013973339e-07
passim,8.505289013973339e-07
nondiscrimin,8.505289013973339e-07
intrin,8.505289013973339e-07
immin,8.505289013973339e-07
involuntari,8.505289013973339e-07
mcq,8.505289013973339e-07
amass,8.505289013973339e-07
applaud,8.505289013973339e-07
ganize,8.505289013973339e-07
transactionlevel,8.505289013973339e-07
subjec,8.505289013973339e-07
nonincrea,8.505289013973339e-07
xeo,8.505289013973339e-07
dislik,8.505289013973339e-07
disa,8.505289013973339e-07
currentperiod,8.505289013973339e-07
coven,8.505289013973339e-07
longshort,8.505289013973339e-07
cred,8.505289013973339e-07
modiglianimil,8.505289013973339e-07
populac,8.505289013973339e-07
minolog,8.505289013973339e-07
unremark,8.505289013973339e-07
sylvania,8.505289013973339e-07
probationari,8.505289013973339e-07
lazear,8.505289013973339e-07
lorn,8.505289013973339e-07
noaa,8.505289013973339e-07
nonvacu,8.505289013973339e-07
nissan,8.505289013973339e-07
gravit,8.505289013973339e-07
telecom,8.505289013973339e-07
allp,8.505289013973339e-07
withdrawn,8.505289013973339e-07
gainer,8.505289013973339e-07
paretodomin,8.505289013973339e-07
lowpric,8.505289013973339e-07
newyork,8.505289013973339e-07
oab,8.505289013973339e-07
unincorpor,8.505289013973339e-07
regula,8.505289013973339e-07
crosshatch,8.505289013973339e-07
quasiord,8.505289013973339e-07
forese,8.505289013973339e-07
uqo,8.505289013973339e-07
raid,8.505289013973339e-07
wellarticul,8.505289013973339e-07
portabl,8.505289013973339e-07
contingen,8.505289013973339e-07
reviewt,8.505289013973339e-07
ascer,8.505289013973339e-07
outgrowth,8.505289013973339e-07
hierar,8.505289013973339e-07
nonint,8.505289013973339e-07
impass,8.505289013973339e-07
norma,8.505289013973339e-07
aerl,8.505289013973339e-07
pressiv,8.505289013973339e-07
apartheid,8.505289013973339e-07
ngood,8.505289013973339e-07
movi,8.505289013973339e-07
choudhri,8.505289013973339e-07
misjudg,8.505289013973339e-07
antidiscrimin,8.505289013973339e-07
unfett,8.505289013973339e-07
haulag,8.505289013973339e-07
burlington,8.505289013973339e-07
glk,8.505289013973339e-07
personnel,8.505289013973339e-07
hanna,8.505289013973339e-07
underdevelop,8.505289013973339e-07
apprenticeship,8.505289013973339e-07
artific,8.505289013973339e-07
strippeddown,8.505289013973339e-07
rehears,8.505289013973339e-07
chiappoli,8.505289013973339e-07
patente,8.505289013973339e-07
scn,8.505289013973339e-07
haut,8.505289013973339e-07
donor,8.505289013973339e-07
lavish,8.505289013973339e-07
cana,8.505289013973339e-07
foundri,8.505289013973339e-07
ruari,8.505289013973339e-07
repertoir,8.505289013973339e-07
quarterlv,8.505289013973339e-07
sift,8.505289013973339e-07
mitte,8.505289013973339e-07
dodg,8.505289013973339e-07
conduc,8.505289013973339e-07
prosper,8.505289013973339e-07
chotom,8.505289013973339e-07
theater,8.505289013973339e-07
refineri,8.505289013973339e-07
obsta,8.505289013973339e-07
otu,8.505289013973339e-07
reservoir,8.505289013973339e-07
korean,8.505289013973339e-07
tember,8.505289013973339e-07
detroit,8.505289013973339e-07
bethlehem,8.505289013973339e-07
rvc,8.505289013973339e-07
nofault,8.505289013973339e-07
oppor,8.505289013973339e-07
grom,8.505289013973339e-07
habitu,8.505289013973339e-07
threepoint,8.505289013973339e-07
coerciv,8.505289013973339e-07
mich,8.505289013973339e-07
psychic,8.505289013973339e-07
lock,8.505289013973339e-07
spondent,8.505289013973339e-07
fishelson,8.505289013973339e-07
rethink,8.505289013973339e-07
headon,8.505289013973339e-07
pens,8.505289013973339e-07
nonus,8.505289013973339e-07
eject,8.505289013973339e-07
overoptimist,8.505289013973339e-07
leadership,8.505289013973339e-07
vinc,8.505289013973339e-07
prennushi,8.505289013973339e-07
certifi,8.505289013973339e-07
bestpractic,8.505289013973339e-07
incomerel,8.505289013973339e-07
hospi,8.505289013973339e-07
inven,8.505289013973339e-07
pricefix,8.505289013973339e-07
phj,8.505289013973339e-07
affilia,8.505289013973339e-07
nonmetropolitan,8.505289013973339e-07
luft,8.505289013973339e-07
americani,8.505289013973339e-07
dissolv,8.505289013973339e-07
consolida,8.505289013973339e-07
mohsin,8.505289013973339e-07
drove,8.505289013973339e-07
computeraid,8.505289013973339e-07
server,8.505289013973339e-07
dupli,8.505289013973339e-07
psychiatr,8.505289013973339e-07
overtak,8.505289013973339e-07
perenni,8.505289013973339e-07
computerassist,8.505289013973339e-07
fortysix,8.505289013973339e-07
monthtomonth,8.505289013973339e-07
frictionless,8.505289013973339e-07
coventri,8.505289013973339e-07
railway,8.505289013973339e-07
istanbul,8.505289013973339e-07
lowvalu,8.505289013973339e-07
subperi,8.505289013973339e-07
nonhomothet,8.505289013973339e-07
gional,8.505289013973339e-07
qualityadjust,8.505289013973339e-07
tthe,8.505289013973339e-07
krannert,8.505289013973339e-07
costlier,8.505289013973339e-07
balanced,8.505289013973339e-07
transcrib,8.505289013973339e-07
noisier,8.505289013973339e-07
eightfold,8.505289013973339e-07
nonelectr,8.505289013973339e-07
undergradu,8.505289013973339e-07
neari,8.505289013973339e-07
reemphas,8.505289013973339e-07
institu,8.505289013973339e-07
salvag,8.505289013973339e-07
offirst,8.505289013973339e-07
expectedutil,8.505289013973339e-07
crossfirm,8.505289013973339e-07
bonini,8.505289013973339e-07
vhf,8.505289013973339e-07
bizarr,8.505289013973339e-07
potent,8.505289013973339e-07
fuell,8.505289013973339e-07
qtdt,8.505289013973339e-07
lowproduct,8.505289013973339e-07
accumu,8.505289013973339e-07
capitalstock,8.505289013973339e-07
deceiv,8.505289013973339e-07
tandem,8.505289013973339e-07
homer,8.505289013973339e-07
marchapril,8.505289013973339e-07
architect,8.505289013973339e-07
journey,8.505289013973339e-07
radial,8.505289013973339e-07
disqualifi,8.505289013973339e-07
rankin,8.505289013973339e-07
depr,8.505289013973339e-07
creativ,8.505289013973339e-07
capitaloutput,8.505289013973339e-07
cism,8.505289013973339e-07
roosevelt,8.505289013973339e-07
uwr,8.505289013973339e-07
tient,8.505289013973339e-07
nonpartici,8.505289013973339e-07
yossi,8.505289013973339e-07
giovanna,8.505289013973339e-07
omt,8.505289013973339e-07
communi,8.505289013973339e-07
taxicab,8.505289013973339e-07
intermitt,8.505289013973339e-07
shaki,8.505289013973339e-07
mess,8.505289013973339e-07
wheatsheaf,8.505289013973339e-07
nsector,8.505289013973339e-07
sellekaert,8.505289013973339e-07
uizi,8.505289013973339e-07
peripher,8.505289013973339e-07
wrenlewi,8.505289013973339e-07
orgaer,8.505289013973339e-07
repercuss,8.505289013973339e-07
inclu,8.505289013973339e-07
encour,8.505289013973339e-07
ccf,8.505289013973339e-07
heckscherohlinvanek,8.505289013973339e-07
publicsector,8.505289013973339e-07
ncj,8.505289013973339e-07
rene,8.505289013973339e-07
oneeighth,8.505289013973339e-07
caster,8.505289013973339e-07
impur,8.505289013973339e-07
rightarrow,8.505289013973339e-07
optimizationbas,8.505289013973339e-07
nebraska,8.505289013973339e-07
constantdollar,8.505289013973339e-07
currentyear,8.505289013973339e-07
unfit,8.505289013973339e-07
hicksneutr,8.505289013973339e-07
dear,8.505289013973339e-07
costfunct,8.505289013973339e-07
eichen,8.505289013973339e-07
samplea,8.505289013973339e-07
furnac,8.505289013973339e-07
uninsur,8.505289013973339e-07
overinvest,8.505289013973339e-07
rogat,8.505289013973339e-07
kain,8.505289013973339e-07
wohl,8.505289013973339e-07
tenant,8.505289013973339e-07
regi,8.505289013973339e-07
dissect,8.505289013973339e-07
athlet,8.505289013973339e-07
lawn,8.505289013973339e-07
passeng,8.505289013973339e-07
gsia,8.505289013973339e-07
shelter,8.505289013973339e-07
congruenc,8.505289013973339e-07
winterebm,8.505289013973339e-07
nfirm,8.505289013973339e-07
pricesensit,8.505289013973339e-07
tuniti,8.505289013973339e-07
condition,8.505289013973339e-07
backup,8.505289013973339e-07
haifa,8.505289013973339e-07
jamaica,8.505289013973339e-07
leum,8.505289013973339e-07
betweenindustri,8.505289013973339e-07
eleanor,8.505289013973339e-07
policyinduc,8.505289013973339e-07
mok,8.505289013973339e-07
produict,8.505289013973339e-07
sport,8.505289013973339e-07
procycl,8.505289013973339e-07
purist,8.505289013973339e-07
lever,8.505289013973339e-07
pdq,8.505289013973339e-07
doubleauct,8.505289013973339e-07
fromi,8.505289013973339e-07
quitter,8.505289013973339e-07
letin,8.505289013973339e-07
pers,8.505289013973339e-07
uici,8.505289013973339e-07
tenanc,8.505289013973339e-07
taiwan,8.505289013973339e-07
nonmatch,8.505289013973339e-07
treasur,8.505289013973339e-07
thatx,8.505289013973339e-07
nondiversifi,8.505289013973339e-07
disag,8.505289013973339e-07
unsound,8.505289013973339e-07
meanstandard,8.505289013973339e-07
counterclockwis,8.505289013973339e-07
mercial,8.505289013973339e-07
complexion,8.505289013973339e-07
disconnect,8.505289013973339e-07
infla,8.505289013973339e-07
reestablish,8.505289013973339e-07
arh,8.505289013973339e-07
nonenergi,8.505289013973339e-07
pede,8.505289013973339e-07
unrecogn,8.505289013973339e-07
enthusiast,8.505289013973339e-07
oooooo,8.505289013973339e-07
ooooo,8.505289013973339e-07
lastperiod,8.505289013973339e-07
fountain,8.505289013973339e-07
secondhand,8.505289013973339e-07
ministr,8.505289013973339e-07
razor,8.505289013973339e-07
mendat,8.505289013973339e-07
ucit,8.505289013973339e-07
unbal,8.505289013973339e-07
tissu,8.505289013973339e-07
vivid,8.505289013973339e-07
hostil,8.505289013973339e-07
cata,8.505289013973339e-07
hjb,8.505289013973339e-07
progr,8.505289013973339e-07
nonmyop,8.505289013973339e-07
curb,8.505289013973339e-07
hicksallen,8.505289013973339e-07
fifteenth,8.505289013973339e-07
anecdot,8.505289013973339e-07
aisl,8.505289013973339e-07
reemerg,8.505289013973339e-07
trademark,8.505289013973339e-07
sponsibl,8.505289013973339e-07
fortynin,8.505289013973339e-07
staf,8.505289013973339e-07
sanit,8.505289013973339e-07
haberl,8.505289013973339e-07
pathbreak,8.505289013973339e-07
rebut,8.505289013973339e-07
denial,8.505289013973339e-07
narrowest,8.505289013973339e-07
stringenc,8.505289013973339e-07
dakota,8.505289013973339e-07
markovswitch,8.505289013973339e-07
clayton,8.505289013973339e-07
nashvill,8.505289013973339e-07
timesav,8.505289013973339e-07
button,8.505289013973339e-07
unbundl,8.505289013973339e-07
systemati,8.505289013973339e-07
shopper,8.505289013973339e-07
retum,8.505289013973339e-07
ucp,8.505289013973339e-07
eib,8.505289013973339e-07
vbt,8.505289013973339e-07
abk,8.505289013973339e-07
perfunctori,8.505289013973339e-07
toric,8.505289013973339e-07
clara,8.505289013973339e-07
homewood,8.505289013973339e-07
concep,8.505289013973339e-07
bandwagon,8.505289013973339e-07
ljungbox,8.505289013973339e-07
irreconcil,8.505289013973339e-07
orang,8.505289013973339e-07
titud,8.505289013973339e-07
ginia,8.505289013973339e-07
esoter,8.505289013973339e-07
shepard,8.505289013973339e-07
ppps,8.505289013973339e-07
dus,8.505289013973339e-07
seizur,8.505289013973339e-07
brows,8.505289013973339e-07
qstatist,8.505289013973339e-07
presentday,8.505289013973339e-07
authorit,8.505289013973339e-07
clearanc,8.505289013973339e-07
condemn,8.505289013973339e-07
exodus,8.505289013973339e-07
hardship,8.505289013973339e-07
custodi,8.505289013973339e-07
httpwwwaeaweborgarticlesphp,8.505289013973339e-07
pathway,8.505289013973339e-07
jonesle,8.505289013973339e-07
love,8.505289013973339e-07
intraindustri,8.505289013973339e-07
mothet,8.505289013973339e-07
inabil,8.505289013973339e-07
nish,8.505289013973339e-07
tsiang,8.505289013973339e-07
exot,8.505289013973339e-07
iranian,8.505289013973339e-07
capitul,8.505289013973339e-07
highereduc,8.505289013973339e-07
magnif,8.505289013973339e-07
digm,8.505289013973339e-07
tomer,8.505289013973339e-07
dwindl,8.505289013973339e-07
igier,8.505289013973339e-07
realign,8.505289013973339e-07
jovanovich,8.505289013973339e-07
aviat,8.505289013973339e-07
phasi,8.505289013973339e-07
ldot,8.505289013973339e-07
reno,8.505289013973339e-07
satisf,8.505289013973339e-07
ptct,8.505289013973339e-07
yourself,8.505289013973339e-07
utter,8.505289013973339e-07
pipo,8.505289013973339e-07
vernon,8.505289013973339e-07
thieori,8.505289013973339e-07
utc,8.505289013973339e-07
evolu,8.505289013973339e-07
trav,8.505289013973339e-07
yfp,8.505289013973339e-07
bangladesh,8.505289013973339e-07
mnore,8.505289013973339e-07
printer,8.505289013973339e-07
midsixti,8.505289013973339e-07
tainabl,8.505289013973339e-07
afortiori,8.505289013973339e-07
baggag,8.505289013973339e-07
responsi,8.505289013973339e-07
revolt,8.505289013973339e-07
flight,8.505289013973339e-07
seat,8.505289013973339e-07
shortsal,8.505289013973339e-07
turkey,8.505289013973339e-07
betweenfirm,8.505289013973339e-07
tunisia,8.505289013973339e-07
capitalskil,8.505289013973339e-07
jobspecif,8.505289013973339e-07
matchspecif,8.505289013973339e-07
incept,8.505289013973339e-07
vega,8.505289013973339e-07
denser,8.505289013973339e-07
maint,8.505289013973339e-07
foodstuff,8.505289013973339e-07
yje,8.505289013973339e-07
pict,8.505289013973339e-07
remnant,8.505289013973339e-07
demarc,8.505289013973339e-07
whichi,8.505289013973339e-07
wouldnt,8.505289013973339e-07
stamford,8.505289013973339e-07
mannwhitney,8.505289013973339e-07
beckerian,8.505289013973339e-07
hightechnolog,8.505289013973339e-07
yahoo,8.505289013973339e-07
longerterm,8.505289013973339e-07
gage,8.505289013973339e-07
jonathon,8.505289013973339e-07
adem,8.505289013973339e-07
individualist,8.505289013973339e-07
spontan,8.505289013973339e-07
pricequ,8.505289013973339e-07
noncom,8.505289013973339e-07
lehigh,8.505289013973339e-07
reddi,8.505289013973339e-07
heret,8.505289013973339e-07
pervad,8.505289013973339e-07
diskett,8.505289013973339e-07
patern,8.505289013973339e-07
modelthat,8.505289013973339e-07
alti,8.505289013973339e-07
invad,8.505289013973339e-07
whit,8.505289013973339e-07
dize,8.505289013973339e-07
formi,8.505289013973339e-07
prefac,8.505289013973339e-07
odolog,8.505289013973339e-07
perceptu,8.505289013973339e-07
infinitelyliv,8.505289013973339e-07
andb,8.505289013973339e-07
countylevel,8.505289013973339e-07
lessor,8.505289013973339e-07
brighter,8.505289013973339e-07
vacanc,8.505289013973339e-07
ventori,8.505289013973339e-07
investmentgdp,8.505289013973339e-07
taxbenefit,8.505289013973339e-07
greenfield,8.505289013973339e-07
acid,8.505289013973339e-07
deadlin,8.505289013973339e-07
menlo,8.505289013973339e-07
muster,8.505289013973339e-07
pensiv,8.505289013973339e-07
etct,8.505289013973339e-07
rodrigo,8.505289013973339e-07
industryj,8.505289013973339e-07
econoni,8.505289013973339e-07
bmw,8.505289013973339e-07
largerscal,8.505289013973339e-07
everybodi,8.505289013973339e-07
microsimul,8.505289013973339e-07
leather,8.505289013973339e-07
belowaverag,8.505289013973339e-07
leak,8.505289013973339e-07
longerrun,8.505289013973339e-07
conrad,8.505289013973339e-07
basket,8.505289013973339e-07
septemberoctob,8.505289013973339e-07
rudi,8.505289013973339e-07
selloff,8.505289013973339e-07
nasa,8.505289013973339e-07
garden,8.505289013973339e-07
presumptu,8.505289013973339e-07
optic,8.505289013973339e-07
utmost,8.505289013973339e-07
vwp,8.505289013973339e-07
precom,8.505289013973339e-07
bould,8.505289013973339e-07
waldman,8.505289013973339e-07
echelon,8.505289013973339e-07
subcom,8.505289013973339e-07
apropo,8.505289013973339e-07
tionabl,8.505289013973339e-07
utiliza,8.505289013973339e-07
modicum,8.505289013973339e-07
briefer,8.505289013973339e-07
phlip,8.505289013973339e-07
statetost,8.505289013973339e-07
hammer,8.505289013973339e-07
shaw,8.505289013973339e-07
inexor,8.505289013973339e-07
tenn,8.505289013973339e-07
bottl,8.505289013973339e-07
mow,8.505289013973339e-07
buyandhold,8.505289013973339e-07
distress,8.505289013973339e-07
veto,8.505289013973339e-07
disburs,8.505289013973339e-07
inicom,8.505289013973339e-07
watch,8.505289013973339e-07
ucx,8.505289013973339e-07
debit,8.505289013973339e-07
goeken,8.505289013973339e-07
adversari,8.505289013973339e-07
contractor,8.505289013973339e-07
shave,8.505289013973339e-07
nonmarkovian,8.505289013973339e-07
overfulfil,8.505289013973339e-07
assessor,8.505289013973339e-07
tens,8.505289013973339e-07
withdraw,8.505289013973339e-07
qtkt,8.505289013973339e-07
aircondit,8.505289013973339e-07
michaelid,8.505289013973339e-07
kaysen,8.505289013973339e-07
widerang,8.505289013973339e-07
otc,8.505289013973339e-07
finetun,8.505289013973339e-07
abovedescrib,8.505289013973339e-07
infra,8.505289013973339e-07
mdi,8.505289013973339e-07
confirma,8.505289013973339e-07
afternoon,8.505289013973339e-07
depositori,8.505289013973339e-07
firmyear,8.505289013973339e-07
attest,8.505289013973339e-07
xineffici,8.505289013973339e-07
restudrdq,8.505289013973339e-07
wmin,8.505289013973339e-07
toxic,8.505289013973339e-07
merc,8.505289013973339e-07
middleag,8.505289013973339e-07
rtq,8.505289013973339e-07
variableth,8.505289013973339e-07
rosenblat,8.505289013973339e-07
pricequant,8.505289013973339e-07
cdx,8.505289013973339e-07
consin,8.505289013973339e-07
pessim,8.505289013973339e-07
gilligan,8.505289013973339e-07
implausi,8.505289013973339e-07
crosselast,8.505289013973339e-07
sched,8.505289013973339e-07
steril,8.505289013973339e-07
glare,8.505289013973339e-07
pene,8.505289013973339e-07
shay,8.505289013973339e-07
uninforma,8.505289013973339e-07
bop,8.505289013973339e-07
marti,8.505289013973339e-07
twentyeight,8.505289013973339e-07
suranc,8.505289013973339e-07
tulken,8.505289013973339e-07
kallal,8.505289013973339e-07
rienc,8.505289013973339e-07
disfavor,8.505289013973339e-07
memoranda,8.505289013973339e-07
disloc,8.505289013973339e-07
bottomright,8.505289013973339e-07
peach,8.505289013973339e-07
corridor,8.505289013973339e-07
countless,8.505289013973339e-07
compensa,8.505289013973339e-07
hillsdal,8.505289013973339e-07
dryden,8.505289013973339e-07
folio,8.505289013973339e-07
noninteract,8.505289013973339e-07
lowestpr,8.505289013973339e-07
tore,8.505289013973339e-07
capabili,8.505289013973339e-07
elud,8.505289013973339e-07
ildot,8.505289013973339e-07
chees,8.505289013973339e-07
clerk,8.505289013973339e-07
perior,8.505289013973339e-07
lnpt,8.505289013973339e-07
crossgroup,8.505289013973339e-07
nmodel,8.505289013973339e-07
quickest,8.505289013973339e-07
utdt,8.505289013973339e-07
uwx,8.505289013973339e-07
fession,8.505289013973339e-07
leeper,8.505289013973339e-07
superneutr,8.505289013973339e-07
tention,8.505289013973339e-07
payasyougo,8.505289013973339e-07
bedevil,8.505289013973339e-07
rangement,8.505289013973339e-07
igor,8.505289013973339e-07
vest,8.505289013973339e-07
absolv,8.505289013973339e-07
taxa,8.505289013973339e-07
vul,8.505289013973339e-07
riskadjust,8.505289013973339e-07
posttest,8.505289013973339e-07
tith,8.505289013973339e-07
groshen,8.505289013973339e-07
persua,8.505289013973339e-07
twopar,8.505289013973339e-07
adop,8.505289013973339e-07
rivkin,8.505289013973339e-07
fiftythre,8.505289013973339e-07
sannikov,8.505289013973339e-07
fragment,8.505289013973339e-07
vagari,8.505289013973339e-07
cursori,8.505289013973339e-07
mischief,8.505289013973339e-07
oneproduct,8.505289013973339e-07
yuliy,8.505289013973339e-07
navi,8.505289013973339e-07
impulserespons,8.505289013973339e-07
butt,8.505289013973339e-07
httpwwwaeaweborgarticlesphpdoi,8.505289013973339e-07
pone,8.505289013973339e-07
stereo,8.505289013973339e-07
lowskil,8.505289013973339e-07
sovereignti,8.505289013973339e-07
singlepeak,8.505289013973339e-07
dyadic,8.505289013973339e-07
oakland,8.505289013973339e-07
nperson,8.505289013973339e-07
homemad,8.505289013973339e-07
vya,8.505289013973339e-07
extramargin,8.505289013973339e-07
unambig,8.505289013973339e-07
abroad,8.505289013973339e-07
timea,8.505289013973339e-07
inch,8.505289013973339e-07
aegi,8.505289013973339e-07
shot,8.505289013973339e-07
annuiti,8.505289013973339e-07
underus,8.505289013973339e-07
cys,8.505289013973339e-07
cxs,8.505289013973339e-07
rage,8.505289013973339e-07
dcf,8.505289013973339e-07
lowgrowth,8.505289013973339e-07
decre,8.505289013973339e-07
leur,8.505289013973339e-07
piketti,8.505289013973339e-07
nicholson,8.505289013973339e-07
superstructur,8.505289013973339e-07
sewag,8.505289013973339e-07
innat,8.505289013973339e-07
molecular,8.505289013973339e-07
evanc,8.505289013973339e-07
bauxit,8.505289013973339e-07
ndc,8.505289013973339e-07
dsp,8.505289013973339e-07
posabl,8.505289013973339e-07
laborsuppli,8.505289013973339e-07
autono,8.505289013973339e-07
mcbride,8.505289013973339e-07
roper,8.505289013973339e-07
roug,8.505289013973339e-07
interamerican,8.505289013973339e-07
gmo,8.505289013973339e-07
vrj,8.505289013973339e-07
unintent,8.505289013973339e-07
haust,8.505289013973339e-07
rept,8.505289013973339e-07
postscript,8.505289013973339e-07
systema,8.505289013973339e-07
apoli,8.505289013973339e-07
taller,8.505289013973339e-07
leonal,8.505289013973339e-07
consent,8.505289013973339e-07
approv,8.505289013973339e-07
differentiatedproduct,8.505289013973339e-07
labora,8.505289013973339e-07
wdl,8.505289013973339e-07
fiftieth,8.505289013973339e-07
jpp,8.505289013973339e-07
rtw,8.505289013973339e-07
aster,8.505289013973339e-07
bpe,8.505289013973339e-07
sov,8.505289013973339e-07
ebay,8.505289013973339e-07
cano,8.505289013973339e-07
barton,8.505289013973339e-07
nalysi,8.505289013973339e-07
biliz,8.505289013973339e-07
stag,8.505289013973339e-07
onetwentieth,8.505289013973339e-07
lisher,8.505289013973339e-07
jagdish,8.505289013973339e-07
instabil,8.505289013973339e-07
atori,8.505289013973339e-07
rebellion,8.505289013973339e-07
fasc,8.505289013973339e-07
kall,8.505289013973339e-07
insurg,8.505289013973339e-07
coalmin,8.505289013973339e-07
hygien,8.505289013973339e-07
crudest,8.505289013973339e-07
poster,8.505289013973339e-07
responsibil,8.505289013973339e-07
separat,8.505289013973339e-07
nicat,8.505289013973339e-07
tanto,8.505289013973339e-07
alba,8.505289013973339e-07
kinder,8.505289013973339e-07
preferen,8.505289013973339e-07
tiation,8.505289013973339e-07
bortkiewicz,8.505289013973339e-07
doit,8.505289013973339e-07
superintend,8.505289013973339e-07
fanni,8.505289013973339e-07
pest,8.505289013973339e-07
taliti,8.505289013973339e-07
transl,8.505289013973339e-07
kasper,8.505289013973339e-07
arili,8.505289013973339e-07
gayer,8.505289013973339e-07
addon,8.505289013973339e-07
oriti,8.505289013973339e-07
unint,8.505289013973339e-07
fite,8.505289013973339e-07
leas,8.505289013973339e-07
cambodia,8.505289013973339e-07
inson,8.505289013973339e-07
aghion,8.505289013973339e-07
cameroon,8.505289013973339e-07
hunger,8.505289013973339e-07
ciy,8.505289013973339e-07
fourquart,8.505289013973339e-07
cage,8.505289013973339e-07
stare,8.505289013973339e-07
naughton,8.505289013973339e-07
retest,8.505289013973339e-07
tailer,8.505289013973339e-07
mock,8.505289013973339e-07
interbank,8.505289013973339e-07
leibenstein,8.505289013973339e-07
hew,8.505289013973339e-07
cologn,8.505289013973339e-07
troi,8.505289013973339e-07
interrog,8.505289013973339e-07
gamut,8.505289013973339e-07
threefifth,8.505289013973339e-07
ghana,8.505289013973339e-07
lich,8.505289013973339e-07
mattia,8.505289013973339e-07
ramirez,8.505289013973339e-07
thereabout,8.505289013973339e-07
bequest,8.505289013973339e-07
woodward,8.505289013973339e-07
ceptanc,8.505289013973339e-07
northeastern,8.505289013973339e-07
fortu,8.505289013973339e-07
censo,8.505289013973339e-07
utopia,8.505289013973339e-07
ficant,8.505289013973339e-07
aiid,8.505289013973339e-07
glenco,8.505289013973339e-07
repos,8.505289013973339e-07
employmentrel,8.505289013973339e-07
trical,8.505289013973339e-07
nairobi,8.505289013973339e-07
overthrown,8.505289013973339e-07
awm,8.505289013973339e-07
noninterest,8.505289013973339e-07
boundless,8.505289013973339e-07
nouncement,8.505289013973339e-07
hinrich,8.505289013973339e-07
destina,8.505289013973339e-07
mond,8.505289013973339e-07
reintroduct,8.505289013973339e-07
foreshadow,8.505289013973339e-07
vue,8.505289013973339e-07
quarterl,8.505289013973339e-07
unforese,8.505289013973339e-07
ging,8.505289013973339e-07
unsatisfac,8.505289013973339e-07
jeanpaul,8.505289013973339e-07
eras,8.505289013973339e-07
philanthropi,8.505289013973339e-07
disreput,8.505289013973339e-07
subgameperfect,8.505289013973339e-07
plitud,8.505289013973339e-07
counterargu,8.505289013973339e-07
superi,8.505289013973339e-07
overprovis,8.505289013973339e-07
unchalleng,8.505289013973339e-07
solac,8.505289013973339e-07
wherej,8.505289013973339e-07
liken,8.505289013973339e-07
charter,8.505289013973339e-07
hungri,8.505289013973339e-07
breton,8.505289013973339e-07
amazon,8.505289013973339e-07
agedepend,8.505289013973339e-07
carolyn,8.505289013973339e-07
nonspecialist,8.505289013973339e-07
ork,8.505289013973339e-07
manila,8.505289013973339e-07
presag,8.505289013973339e-07
ramn,8.505289013973339e-07
qkj,8.505289013973339e-07
schumpet,8.505289013973339e-07
takeup,8.505289013973339e-07
ciproc,8.505289013973339e-07
chemist,8.505289013973339e-07
weston,8.505289013973339e-07
havent,8.505289013973339e-07
timei,8.505289013973339e-07
misnom,8.505289013973339e-07
tiliti,8.505289013973339e-07
pele,8.505289013973339e-07
seventyfour,8.505289013973339e-07
wom,8.505289013973339e-07
sixtythre,8.505289013973339e-07
cashier,8.505289013973339e-07
unexception,8.505289013973339e-07
winn,8.505289013973339e-07
universitiesn,8.505289013973339e-07
isc,8.505289013973339e-07
rottenberg,8.505289013973339e-07
ageabl,8.505289013973339e-07
uncontamin,8.505289013973339e-07
powerless,8.505289013973339e-07
heim,8.505289013973339e-07
jagadeesh,8.505289013973339e-07
timeinterv,8.505289013973339e-07
untrain,8.505289013973339e-07
platitud,8.505289013973339e-07
whitecollar,8.505289013973339e-07
shepherd,8.505289013973339e-07
thorni,8.505289013973339e-07
apprecia,8.505289013973339e-07
turkish,8.505289013973339e-07
herring,8.505289013973339e-07
jayn,8.505289013973339e-07
contrair,8.505289013973339e-07
intrast,8.505289013973339e-07
pinter,8.505289013973339e-07
singlecross,8.505289013973339e-07
disr,8.505289013973339e-07
lya,8.505289013973339e-07
glow,8.505289013973339e-07
maiden,8.505289013973339e-07
colour,8.505289013973339e-07
bosworth,8.505289013973339e-07
nina,8.505289013973339e-07
motherhood,8.505289013973339e-07
prem,8.505289013973339e-07
flation,8.505289013973339e-07
incomn,8.505289013973339e-07
maci,8.505289013973339e-07
cobbdoug,8.505289013973339e-07
fame,8.505289013973339e-07
melvyn,8.505289013973339e-07
bemdt,8.505289013973339e-07
obit,8.505289013973339e-07
marqui,8.505289013973339e-07
bee,8.505289013973339e-07
chine,8.505289013973339e-07
precept,8.505289013973339e-07
soin,8.505289013973339e-07
unscrambl,8.505289013973339e-07
takeov,8.505289013973339e-07
neapoli,8.505289013973339e-07
philoso,8.505289013973339e-07
minish,8.505289013973339e-07
languish,8.505289013973339e-07
unanim,8.505289013973339e-07
gha,8.505289013973339e-07
preven,8.505289013973339e-07
preva,8.505289013973339e-07
waiter,8.505289013973339e-07
dfinit,8.505289013973339e-07
welfareenhanc,8.505289013973339e-07
uneas,8.505289013973339e-07
quand,8.505289013973339e-07
dite,8.505289013973339e-07
spection,8.505289013973339e-07
funder,8.505289013973339e-07
sarah,8.505289013973339e-07
emori,8.505289013973339e-07
vrx,8.505289013973339e-07
oligop,8.505289013973339e-07
cile,8.505289013973339e-07
graphi,8.505289013973339e-07
pabil,8.505289013973339e-07
tieth,8.505289013973339e-07
munici,8.505289013973339e-07
untri,8.505289013973339e-07
vival,8.505289013973339e-07
gloomi,8.505289013973339e-07
wooder,8.505289013973339e-07
ptd,8.505289013973339e-07
descart,8.505289013973339e-07
atomist,8.505289013973339e-07
fric,8.505289013973339e-07
unearth,8.505289013973339e-07
dekel,8.505289013973339e-07
stra,8.505289013973339e-07
antipoverti,8.505289013973339e-07
scb,8.505289013973339e-07
postworld,8.505289013973339e-07
unim,8.505289013973339e-07
molli,8.505289013973339e-07
xlvi,8.505289013973339e-07
nazional,8.505289013973339e-07
kern,8.505289013973339e-07
nall,8.505289013973339e-07
xxe,8.505289013973339e-07
wvill,8.505289013973339e-07
mote,8.505289013973339e-07
circa,8.505289013973339e-07
imprud,8.505289013973339e-07
nomica,8.505289013973339e-07
halifax,8.505289013973339e-07
cere,8.505289013973339e-07
boun,8.505289013973339e-07
lowreturn,8.505289013973339e-07
onemonth,8.505289013973339e-07
somebodi,8.505289013973339e-07
mior,8.505289013973339e-07
refocus,8.505289013973339e-07
tnat,8.505289013973339e-07
drf,8.505289013973339e-07
prairi,8.505289013973339e-07
esthet,8.505289013973339e-07
looser,8.505289013973339e-07
liam,8.505289013973339e-07
breakfast,8.505289013973339e-07
lighten,8.505289013973339e-07
maga,8.505289013973339e-07
hamil,8.505289013973339e-07
dish,8.505289013973339e-07
compartment,8.505289013973339e-07
laurit,8.505289013973339e-07
reserva,8.505289013973339e-07
unseen,8.505289013973339e-07
preposter,8.505289013973339e-07
unassail,8.505289013973339e-07
tief,8.505289013973339e-07
leve,8.505289013973339e-07
jectori,8.505289013973339e-07
impa,8.505289013973339e-07
internazional,8.505289013973339e-07
putoutput,8.505289013973339e-07
mater,8.505289013973339e-07
ranc,8.505289013973339e-07
atg,8.505289013973339e-07
scat,8.505289013973339e-07
advanta,8.505289013973339e-07
colombian,8.505289013973339e-07
lisa,8.505289013973339e-07
mnay,8.505289013973339e-07
stig,8.505289013973339e-07
ergebniss,8.505289013973339e-07
dictori,8.505289013973339e-07
introspect,8.505289013973339e-07
kolloquium,8.505289013973339e-07
ipso,8.505289013973339e-07
liner,8.505289013973339e-07
metropol,8.505289013973339e-07
pipelin,8.505289013973339e-07
laboursuppli,8.505289013973339e-07
hend,8.505289013973339e-07
deforest,8.505289013973339e-07
thei,8.505289013973339e-07
frail,8.505289013973339e-07
salutari,8.505289013973339e-07
jessica,8.505289013973339e-07
slutskyhick,8.505289013973339e-07
ramon,8.505289013973339e-07
missi,8.505289013973339e-07
destruc,8.505289013973339e-07
soda,8.505289013973339e-07
frederik,8.505289013973339e-07
sippi,8.505289013973339e-07
lethal,8.505289013973339e-07
infring,8.505289013973339e-07
rafael,8.505289013973339e-07
jaim,8.505289013973339e-07
ving,8.505289013973339e-07
comit,8.505289013973339e-07
ruben,8.505289013973339e-07
amar,8.505289013973339e-07
erland,8.505289013973339e-07
freerid,8.505289013973339e-07
somm,8.505289013973339e-07
aussi,8.505289013973339e-07
mesur,8.505289013973339e-07
carmen,8.505289013973339e-07
expectedvalu,8.505289013973339e-07
influen,8.505289013973339e-07
bgt,8.505289013973339e-07
nitiv,8.505289013973339e-07
knoxvill,8.505289013973339e-07
wherep,8.505289013973339e-07
mule,8.505289013973339e-07
chat,8.505289013973339e-07
maverick,8.505289013973339e-07
sulla,8.505289013973339e-07
downsid,8.505289013973339e-07
riksbank,8.505289013973339e-07
kelso,8.505289013973339e-07
wte,8.505289013973339e-07
emanuel,8.505289013973339e-07
kie,8.505289013973339e-07
conway,8.505289013973339e-07
blake,8.505289013973339e-07
oba,8.505289013973339e-07
auw,8.505289013973339e-07
crept,8.505289013973339e-07
fier,8.505289013973339e-07
banca,8.505289013973339e-07
vial,8.505289013973339e-07
cairo,8.505289013973339e-07
hark,8.505289013973339e-07
donovan,8.505289013973339e-07
bernheim,8.505289013973339e-07
commercial,8.505289013973339e-07
julien,8.505289013973339e-07
cuf,8.505289013973339e-07
jakob,8.505289013973339e-07
michal,8.505289013973339e-07
bocconi,8.505289013973339e-07
alfonso,8.505289013973339e-07
youn,8.505289013973339e-07
landau,8.505289013973339e-07
milano,8.505289013973339e-07
norbert,8.505289013973339e-07
elmer,8.505289013973339e-07
peek,8.505289013973339e-07
nfactor,8.505289013973339e-07
preemption,8.505289013973339e-07
dowment,8.505289013973339e-07
underlay,8.505289013973339e-07
dele,8.505289013973339e-07
rectiv,8.505289013973339e-07
cart,8.505289013973339e-07
nationalis,8.505289013973339e-07
wml,8.505289013973339e-07
famill,8.505289013973339e-07
diesel,8.505289013973339e-07
ucm,8.505289013973339e-07
pris,8.505289013973339e-07
nadian,8.505289013973339e-07
gaza,8.505289013973339e-07
reshap,8.505289013973339e-07
cath,8.505289013973339e-07
offshor,8.505289013973339e-07
gious,8.505289013973339e-07
holger,8.505289013973339e-07
annali,8.505289013973339e-07
fitch,8.505289013973339e-07
incomea,8.505289013973339e-07
uppersemicontinu,8.505289013973339e-07
oooooooo,8.505289013973339e-07
tipi,8.505289013973339e-07
noll,8.505289013973339e-07
ghost,8.505289013973339e-07
zeckhaus,8.505289013973339e-07
hammond,8.505289013973339e-07
sorenson,8.505289013973339e-07
sall,8.505289013973339e-07
pearanc,8.505289013973339e-07
lxxv,8.505289013973339e-07
novo,8.505289013973339e-07
mentabl,8.505289013973339e-07
vanek,8.505289013973339e-07
rcs,8.505289013973339e-07
paya,8.505289013973339e-07
dtv,8.505289013973339e-07
delv,8.505289013973339e-07
offhand,8.505289013973339e-07
plausibil,8.505289013973339e-07
gradat,8.505289013973339e-07
yra,8.505289013973339e-07
unlock,8.505289013973339e-07
akerman,8.505289013973339e-07
sideeffect,8.505289013973339e-07
cessiti,8.505289013973339e-07
claus,8.505289013973339e-07
tisi,8.505289013973339e-07
wtpt,8.505289013973339e-07
nonproport,8.505289013973339e-07
acg,8.505289013973339e-07
headway,8.505289013973339e-07
statu,8.505289013973339e-07
disus,8.505289013973339e-07
vicissitud,8.505289013973339e-07
fpc,8.505289013973339e-07
lxxix,8.505289013973339e-07
biscuit,8.505289013973339e-07
annex,8.505289013973339e-07
lxxvi,8.505289013973339e-07
recollect,8.505289013973339e-07
gestiv,8.505289013973339e-07
immigra,8.505289013973339e-07
priv,8.505289013973339e-07
plural,8.505289013973339e-07
nurseri,8.505289013973339e-07
familys,8.505289013973339e-07
finitevalu,8.505289013973339e-07
dweller,8.505289013973339e-07
pwc,8.505289013973339e-07
thirtythre,8.505289013973339e-07
lxxiv,8.505289013973339e-07
freak,8.505289013973339e-07
vhs,8.505289013973339e-07
cize,8.505289013973339e-07
sincef,8.505289013973339e-07
lishment,8.505289013973339e-07
tercentenari,8.505289013973339e-07
superl,8.505289013973339e-07
dmdt,8.505289013973339e-07
kiw,8.505289013973339e-07
modelsth,8.505289013973339e-07
stabilit,8.505289013973339e-07
oldag,8.505289013973339e-07
quasiequilibria,8.505289013973339e-07
melvill,8.505289013973339e-07
defla,8.505289013973339e-07
eficiari,8.505289013973339e-07
deli,8.505289013973339e-07
policyth,8.505289013973339e-07
bender,8.505289013973339e-07
prune,8.505289013973339e-07
boll,8.505289013973339e-07
nora,8.505289013973339e-07
inbetween,8.505289013973339e-07
neue,8.505289013973339e-07
phl,8.505289013973339e-07
johan,8.505289013973339e-07
dart,8.505289013973339e-07
tendanc,8.505289013973339e-07
rvb,8.505289013973339e-07
beckerman,8.505289013973339e-07
compri,8.505289013973339e-07
guilt,8.505289013973339e-07
industr,8.505289013973339e-07
unemploymentinfl,8.505289013973339e-07
hare,8.505289013973339e-07
teori,8.505289013973339e-07
grim,8.505289013973339e-07
formiti,8.505289013973339e-07
pois,8.505289013973339e-07
treacher,8.505289013973339e-07
trillion,8.505289013973339e-07
straighttim,8.505289013973339e-07
crack,8.505289013973339e-07
capitallabour,8.505289013973339e-07
apriljun,8.505289013973339e-07
profici,8.505289013973339e-07
ageold,8.505289013973339e-07
predefin,8.505289013973339e-07
geopolit,8.505289013973339e-07
wellunderstood,8.505289013973339e-07
mens,8.505289013973339e-07
coalesc,8.505289013973339e-07
cooter,8.505289013973339e-07
simil,8.505289013973339e-07
aptitud,8.505289013973339e-07
sectorspecif,8.505289013973339e-07
subgam,8.505289013973339e-07
msas,8.505289013973339e-07
fical,8.505289013973339e-07
albania,8.505289013973339e-07
turiti,8.505289013973339e-07
bird,8.505289013973339e-07
steinar,8.505289013973339e-07
sultant,8.505289013973339e-07
pejor,8.505289013973339e-07
slender,8.505289013973339e-07
talent,8.505289013973339e-07
seer,8.505289013973339e-07
histo,8.505289013973339e-07
amid,8.505289013973339e-07
unimpair,8.505289013973339e-07
byyear,8.505289013973339e-07
turmoil,8.505289013973339e-07
haustiv,8.505289013973339e-07
tilli,8.505289013973339e-07
astatist,8.505289013973339e-07
vale,8.505289013973339e-07
zle,8.505289013973339e-07
nonrecurr,8.505289013973339e-07
ston,8.505289013973339e-07
shaken,8.505289013973339e-07
pine,8.505289013973339e-07
bioscienc,8.505289013973339e-07
linger,8.505289013973339e-07
lxxi,8.505289013973339e-07
ciabli,8.505289013973339e-07
remem,8.505289013973339e-07
possibilit,8.505289013973339e-07
offpeak,8.505289013973339e-07
destitut,8.505289013973339e-07
selfcon,8.505289013973339e-07
keeler,8.505289013973339e-07
voucher,8.505289013973339e-07
lemploi,8.505289013973339e-07
uninfluenc,8.505289013973339e-07
jenni,8.505289013973339e-07
jeux,8.505289013973339e-07
nombr,8.505289013973339e-07
nerv,8.505289013973339e-07
lire,8.505289013973339e-07
hilari,8.505289013973339e-07
benhabib,8.505289013973339e-07
roundtabl,8.505289013973339e-07
spurt,8.505289013973339e-07
jeu,8.505289013973339e-07
biomed,8.505289013973339e-07
exant,8.505289013973339e-07
replet,8.505289013973339e-07
humbl,8.505289013973339e-07
involuntarili,8.505289013973339e-07
disinfl,8.505289013973339e-07
xcix,8.505289013973339e-07
teller,8.505289013973339e-07
hugo,8.505289013973339e-07
redun,8.505289013973339e-07
miracl,8.505289013973339e-07
pigeon,8.505289013973339e-07
mainlin,8.505289013973339e-07
randomis,8.505289013973339e-07
rad,8.505289013973339e-07
tous,8.505289013973339e-07
dling,8.505289013973339e-07
dras,8.505289013973339e-07
logiqu,8.505289013973339e-07
monopsonist,8.505289013973339e-07
acti,8.505289013973339e-07
vise,8.505289013973339e-07
reso,8.505289013973339e-07
flesh,8.505289013973339e-07
cela,8.505289013973339e-07
fgr,8.505289013973339e-07
thes,8.505289013973339e-07
periph,8.505289013973339e-07
uac,8.505289013973339e-07
pue,8.505289013973339e-07
provinci,8.505289013973339e-07
johansson,8.505289013973339e-07
architectur,8.505289013973339e-07
leam,8.505289013973339e-07
uca,8.505289013973339e-07
stru,8.505289013973339e-07
accompa,8.505289013973339e-07
binmor,8.505289013973339e-07
illl,8.505289013973339e-07
cilit,8.505289013973339e-07
queu,8.505289013973339e-07
gime,8.505289013973339e-07
oioo,8.505289013973339e-07
janu,8.505289013973339e-07
schumpeterian,8.505289013973339e-07
crim,8.505289013973339e-07
monopsoni,8.505289013973339e-07
risktak,8.505289013973339e-07
onegood,8.505289013973339e-07
illumi,8.505289013973339e-07
newest,8.505289013973339e-07
estado,8.505289013973339e-07
ordain,8.505289013973339e-07
niesr,8.505289013973339e-07
schulz,8.505289013973339e-07
baromet,8.505289013973339e-07
dynamiqu,8.505289013973339e-07
mclean,8.505289013973339e-07
steer,8.505289013973339e-07
priceinduc,8.505289013973339e-07
cest,8.505289013973339e-07
jew,8.505289013973339e-07
onecommod,8.505289013973339e-07
metr,8.505289013973339e-07
rse,8.505289013973339e-07
alor,8.505289013973339e-07
percol,8.505289013973339e-07
disequi,8.505289013973339e-07
firmer,8.505289013973339e-07
leapfrog,8.505289013973339e-07
dixit,8.505289013973339e-07
banish,8.505289013973339e-07
coleman,8.505289013973339e-07
bangbang,8.505289013973339e-07
pcj,8.505289013973339e-07
tina,8.505289013973339e-07
investmentspecif,8.505289013973339e-07
coalit,8.505289013973339e-07
habitat,8.505289013973339e-07
prepost,8.505289013973339e-07
lemon,8.505289013973339e-07
opportu,8.505289013973339e-07
recidiv,8.505289013973339e-07
heal,8.505289013973339e-07
hudson,8.505289013973339e-07
convexif,8.505289013973339e-07
preambl,8.505289013973339e-07
biguiti,8.505289013973339e-07
empl,8.505289013973339e-07
telegraph,8.505289013973339e-07
inlaw,8.505289013973339e-07
ueda,8.505289013973339e-07
patti,0.0
shareweight,0.0
prattarrow,0.0
eurostat,0.0
thermal,0.0
interfamili,0.0
fica,0.0
nonmov,0.0
rowthorn,0.0
httpwwwaeaweborgarticlesphpdoiaerl,0.0
kleiman,0.0
differencesin,0.0
gibil,0.0
fondazion,0.0
paretosuperior,0.0
sectori,0.0
lowerthanaverag,0.0
wagesett,0.0
overarch,0.0
porath,0.0
backstop,0.0
woessmann,0.0
deadend,0.0
metaanalyt,0.0
plantspecif,0.0
axelrod,0.0
backwardbend,0.0
iosyncrat,0.0
turvey,0.0
spf,0.0
riskavert,0.0
threeplay,0.0
norwel,0.0
selfdual,0.0
arlen,0.0
solowswan,0.0
firemen,0.0
overweigh,0.0
interp,0.0
thirdcountri,0.0
stiglitz,0.0
swf,0.0
laptop,0.0
theeconomicjourn,0.0
chor,0.0
tradict,0.0
factorintens,0.0
scientiarum,0.0
shorthaul,0.0
seater,0.0
shogren,0.0
uscanada,0.0
chur,0.0
coasian,0.0
caregiv,0.0
walstad,0.0
phic,0.0
priceweight,0.0
rema,0.0
pontryagin,0.0
bierwag,0.0
toscal,0.0
terregion,0.0
sibley,0.0
longhaul,0.0
sandberg,0.0
schoeni,0.0
kerala,0.0
cowan,0.0
ralf,0.0
higherqu,0.0
assetpric,0.0
nimiti,0.0
newsstand,0.0
elitist,0.0
wagebas,0.0
pigou,0.0
diermeier,0.0
hartwick,0.0
notefigur,0.0
cabdriv,0.0
peergroup,0.0
tryspecif,0.0
rizon,0.0
ziemba,0.0
pestieau,0.0
zenou,0.0
wellendow,0.0
nontransit,0.0
uyj,0.0
diazalejandro,0.0
collegego,0.0
kletzer,0.0
fuden,0.0
ackerman,0.0
receptor,0.0
efta,0.0
astreint,0.0
stacey,0.0
crosseffect,0.0
barrogrossman,0.0
micromacro,0.0
anoma,0.0
brookshir,0.0
logyt,0.0
posttransf,0.0
parsley,0.0
unenforc,0.0
lakdawalla,0.0
crosssubstitut,0.0
gravell,0.0
goldschmid,0.0
flowoffund,0.0
pledgeabl,0.0
courti,0.0
tanzi,0.0
exportori,0.0
extem,0.0
kwon,0.0
taskspecif,0.0
kori,0.0
sizewag,0.0
argi,0.0
stockhold,0.0
nonhousehold,0.0
noneduc,0.0
hardcor,0.0
labouraug,0.0
modernday,0.0
boozer,0.0
nozick,0.0
cargo,0.0
harroddomar,0.0
ludger,0.0
deconstruct,0.0
ibrium,0.0
sidrauski,0.0
onfarm,0.0
constrainedeffici,0.0
ctlt,0.0
productioncost,0.0
macroprudenti,0.0
hyperinflationari,0.0
octobernovemb,0.0
cliometr,0.0
nuclear,0.0
collateraliz,0.0
onechild,0.0
usb,0.0
stakehold,0.0
itskhoki,0.0
firmwid,0.0
modelin,0.0
mukesh,0.0
eswaran,0.0
prospec,0.0
pfann,0.0
gyourko,0.0
feiwel,0.0
marek,0.0
ulw,0.0
frber,0.0
wileyblackwel,0.0
inequalityavers,0.0
saddlepath,0.0
etpt,0.0
lena,0.0
orszag,0.0
canadianj,0.0
mihir,0.0
dieter,0.0
solar,0.0
wildasin,0.0
ingemar,0.0
finalgood,0.0
modelsj,0.0
huntergather,0.0
antra,0.0
centimet,0.0
outcomebas,0.0
dickhaut,0.0
twoclass,0.0
sfbtr,0.0
keeney,0.0
triopoli,0.0
linneman,0.0
constantsum,0.0
vijay,0.0
winnertakeal,0.0
wittman,0.0
propaga,0.0
privategood,0.0
checkout,0.0
twelvemonth,0.0
voth,0.0
highunemploy,0.0
ownwag,0.0
ecommerc,0.0
wellidentifi,0.0
arial,0.0
broner,0.0
stephani,0.0
environmen,0.0
neocla,0.0
lebow,0.0
sundaresan,0.0
exportl,0.0
lluch,0.0
sheena,0.0
equilibriuma,0.0
reuven,0.0
scfs,0.0
conspiraci,0.0
highestrank,0.0
contextspecif,0.0
maggi,0.0
glomm,0.0
postelect,0.0
zling,0.0
higherwag,0.0
lowerwag,0.0
secondlowest,0.0
rashid,0.0
voln,0.0
jolurn,0.0
nonoil,0.0
nationallevel,0.0
programmat,0.0
grassroot,0.0
lowestrank,0.0
turbin,0.0
nisbett,0.0
gchter,0.0
lessskil,0.0
laser,0.0
subvert,0.0
higherfrequ,0.0
oster,0.0
sadun,0.0
hypertens,0.0
infonn,0.0
melinda,0.0
utero,0.0
fetal,0.0
guasch,0.0
staffan,0.0
supplydetermin,0.0
asean,0.0
ulc,0.0
midtwentieth,0.0
microbas,0.0
assetback,0.0
feasibil,0.0
interhousehold,0.0
wageeffort,0.0
profitmaximiz,0.0
posttrad,0.0
pretrial,0.0
upperlevel,0.0
noncor,0.0
aizenman,0.0
gilroy,0.0
nondepreci,0.0
statusquo,0.0
economca,0.0
smallbusi,0.0
greenaway,0.0
authorsjourn,0.0
mnes,0.0
technologyskil,0.0
perinat,0.0
midnight,0.0
debttogdp,0.0
regulari,0.0
malehead,0.0
tonga,0.0
emergingmarket,0.0
welfarist,0.0
alessi,0.0
terlizzes,0.0
underin,0.0
siepr,0.0
ssdi,0.0
labourleisur,0.0
costofcapit,0.0
gubernatori,0.0
coalitionproof,0.0
patric,0.0
viscer,0.0
kaminski,0.0
bingo,0.0
kopp,0.0
overutil,0.0
cmnd,0.0
subopti,0.0
goran,0.0
harshest,0.0
frederico,0.0
stoneman,0.0
tgeq,0.0
bhandari,0.0
kubler,0.0
intermediaterun,0.0
fomc,0.0
resourcebas,0.0
wascher,0.0
tatiana,0.0
pauzner,0.0
brynjolfsson,0.0
bahama,0.0
seychell,0.0
arik,0.0
headquar,0.0
stavin,0.0
fiorina,0.0
outag,0.0
teigen,0.0
portfoliobal,0.0
americanj,0.0
cdm,0.0
ies,0.0
efficiencyenhanc,0.0
wendi,0.0
franchise,0.0
steadygrowth,0.0
pixel,0.0
allpay,0.0
goldenag,0.0
eriksson,0.0
surplusmaxim,0.0
vigna,0.0
dufwenberg,0.0
balancedgrowth,0.0
utilitymaximis,0.0
sonneman,0.0
multiestablish,0.0
unionfirm,0.0
zettelmey,0.0
grc,0.0
mrss,0.0
deschen,0.0
houseman,0.0
ansolabeher,0.0
guinnan,0.0
menil,0.0
thirdworld,0.0
sidepay,0.0
loannid,0.0
cymak,0.0
sylla,0.0
intensifi,0.0
thej,0.0
abovemarket,0.0
timeindepend,0.0
capitalinten,0.0
monetarili,0.0
misrepresent,0.0
briberi,0.0
higheryield,0.0
statewid,0.0
ryuzo,0.0
kakutani,0.0
colom,0.0
reactiv,0.0
cooo,0.0
landlock,0.0
stateprefer,0.0
uga,0.0
janvri,0.0
brandon,0.0
levich,0.0
unshad,0.0
sadoulet,0.0
brokerag,0.0
escal,0.0
endofquart,0.0
tomato,0.0
firstgener,0.0
giftexchang,0.0
shyam,0.0
murnighan,0.0
nonmarketclear,0.0
maesta,0.0
hartman,0.0
winden,0.0
httpdxdoiorgaerl,0.0
lxxxvii,0.0
recod,0.0
nonmortgag,0.0
neudc,0.0
eist,0.0
nonfil,0.0
spreadsheet,0.0
highpay,0.0
taxfavor,0.0
courchen,0.0
gorbachev,0.0
prasanta,0.0
layoff,0.0
takeaway,0.0
nonmarit,0.0
cason,0.0
moglu,0.0
evermarri,0.0
schleifer,0.0
traderel,0.0
gattwto,0.0
ajoint,0.0
beneficia,0.0
gloria,0.0
haul,0.0
heterogeneousag,0.0
mtupl,0.0
maccrimmon,0.0
safra,0.0
pommerehn,0.0
curtin,0.0
bleakley,0.0
coresid,0.0
nonminor,0.0
firmj,0.0
roommat,0.0
altig,0.0
iggo,0.0
prakash,0.0
smetter,0.0
uae,0.0
intragener,0.0
oasdi,0.0
revenueneutr,0.0
taxbas,0.0
pater,0.0
completemarket,0.0
ucg,0.0
temic,0.0
scf,0.0
nonnumerair,0.0
claudia,0.0
ranksum,0.0
attila,0.0
laband,0.0
faso,0.0
marchmay,0.0
annualis,0.0
keogh,0.0
rhomberg,0.0
disabil,0.0
liberali,0.0
leaderfollow,0.0
unlist,0.0
relo,0.0
rawlss,0.0
postintervent,0.0
hone,0.0
demski,0.0
csignific,0.0
macroecono,0.0
twoasset,0.0
entrepr,0.0
onment,0.0
subindustri,0.0
oosterbeek,0.0
misal,0.0
gerardvaret,0.0
atif,0.0
qcc,0.0
payoffirrelev,0.0
schwodiauer,0.0
keho,0.0
tortionari,0.0
andrzej,0.0
nonresidenti,0.0
fnma,0.0
uptick,0.0
mincerian,0.0
rudig,0.0
ianc,0.0
debtasset,0.0
endogenis,0.0
dohmen,0.0
rowman,0.0
rationalexpect,0.0
ecca,0.0
bottomup,0.0
minasian,0.0
sdrs,0.0
mislaid,0.0
lch,0.0
modelfor,0.0
vield,0.0
cellular,0.0
ofthat,0.0
pesek,0.0
rahman,0.0
gallaway,0.0
attiyeh,0.0
nagatani,0.0
lach,0.0
yariv,0.0
soligo,0.0
leeat,0.0
himher,0.0
vogel,0.0
outofwedlock,0.0
nonutil,0.0
eightquart,0.0
stopgo,0.0
highdemand,0.0
policyj,0.0
racespecif,0.0
citibank,0.0
bridget,0.0
brooksgunn,0.0
cheryl,0.0
crosscohort,0.0
plicant,0.0
internalis,0.0
revenueshar,0.0
disapprov,0.0
roberd,0.0
willpow,0.0
kennickel,0.0
destabiliz,0.0
scarpetta,0.0
shortsel,0.0
tradedivert,0.0
grabowski,0.0
mendelson,0.0
boycko,0.0
unpack,0.0
ozga,0.0
shinkai,0.0
nehr,0.0
harrodneutr,0.0
icymak,0.0
infanc,0.0
knetsch,0.0
atot,0.0
sprao,0.0
sonia,0.0
robyn,0.0
eurosclerosi,0.0
capitalin,0.0
moynihan,0.0
hamiltonjacobibellman,0.0
lauma,0.0
groseclos,0.0
ukand,0.0
ertdt,0.0
bonin,0.0
downplay,0.0
tajikistan,0.0
susanna,0.0
moldova,0.0
religios,0.0
taxinduc,0.0
ellsberg,0.0
unfashion,0.0
wernerfelt,0.0
raveendra,0.0
reichelstein,0.0
kati,0.0
genderbas,0.0
nashequilibrium,0.0
sopher,0.0
bottomleft,0.0
pineappl,0.0
multiregion,0.0
noncred,0.0
kun,0.0
selfconfirm,0.0
developingcountri,0.0
icaid,0.0
guner,0.0
wrongsign,0.0
commonproperti,0.0
ellingsen,0.0
workersa,0.0
lentz,0.0
brunei,0.0
houthak,0.0
noam,0.0
dierker,0.0
marketmak,0.0
collater,0.0
demogra,0.0
borda,0.0
shoven,0.0
employmentweight,0.0
topright,0.0
captial,0.0
bandpass,0.0
monthyear,0.0
nonreserv,0.0
papua,0.0
equilibriumth,0.0
jegadeesh,0.0
sundri,0.0
costplus,0.0
wagepush,0.0
overus,0.0
titiv,0.0
orphanid,0.0
bertaut,0.0
awesom,0.0
wzb,0.0
johannesson,0.0
mishra,0.0
dermot,0.0
portier,0.0
ujp,0.0
alloca,0.0
maximisa,0.0
addilog,0.0
sciencebas,0.0
factorsuppli,0.0
waldmann,0.0
colel,0.0
ernanc,0.0
egali,0.0
tractlevel,0.0
plantyear,0.0
alessandria,0.0
viour,0.0
heroin,0.0
leastcost,0.0
flam,0.0
sticker,0.0
chad,0.0
porteus,0.0
hypothesisthat,0.0
macropolici,0.0
zilcha,0.0
gever,0.0
maarten,0.0
hydroelectr,0.0
inwork,0.0
averch,0.0
ashcraft,0.0
perotti,0.0
capabil,0.0
espen,0.0
usjapan,0.0
gland,0.0
sanjeev,0.0
dedola,0.0
ythier,0.0
coas,0.0
ofpolit,0.0
undp,0.0
nament,0.0
notenumb,0.0
janusz,0.0
tallabor,0.0
twoperiodliv,0.0
betsi,0.0
uncoop,0.0
motta,0.0
holdingperiod,0.0
gainloss,0.0
shmuel,0.0
fought,0.0
bhps,0.0
ramat,0.0
torvik,0.0
overprovid,0.0
kazakhstan,0.0
loungani,0.0
ibg,0.0
fallout,0.0
multifirm,0.0
mpk,0.0
saiz,0.0
empathi,0.0
gallini,0.0
lessthanperfect,0.0
marijuana,0.0
seignorag,0.0
wiq,0.0
ecoj,0.0
purchasingpowerpar,0.0
pyle,0.0
zupan,0.0
steam,0.0
undersampl,0.0
perezquiro,0.0
noponzi,0.0
yemen,0.0
ruback,0.0
dergradu,0.0
malouf,0.0
neuroeconom,0.0
hanno,0.0
ufc,0.0
decanio,0.0
phillipscurv,0.0
countryj,0.0
demirguckunt,0.0
bitter,0.0
chiara,0.0
crossciti,0.0
nontatonn,0.0
outputbas,0.0
pretrad,0.0
kperiod,0.0
ratesth,0.0
rivalri,0.0
parentchild,0.0
unconting,0.0
noland,0.0
nevermarri,0.0
finegan,0.0
postnat,0.0
sexspecif,0.0
viiib,0.0
moggridg,0.0
childspecif,0.0
felli,0.0
balduzzi,0.0
onefor,0.0
harpercollin,0.0
multidisciplinari,0.0
dirtier,0.0
hear,0.0
hanan,0.0
nonmarri,0.0
bondfinanc,0.0
haim,0.0
multifacet,0.0
timeaggreg,0.0
bilson,0.0
shachat,0.0
descen,0.0
presentbias,0.0
schmittberg,0.0
boursier,0.0
jennif,0.0
burkart,0.0
postshock,0.0
nonstud,0.0
figlewski,0.0
underreact,0.0
mercantilist,0.0
ratchford,0.0
structuralist,0.0
kruger,0.0
dara,0.0
fluke,0.0
ofek,0.0
uscanadian,0.0
misbehav,0.0
httpdxdoi,0.0
bergla,0.0
frenkel,0.0
ausubel,0.0
winkelmann,0.0
pureexchang,0.0
fogel,0.0
gallagh,0.0
miscod,0.0
verrecchia,0.0
doiqjeqju,0.0
indexlink,0.0
weisbach,0.0
neven,0.0
noncitizen,0.0
expectationsaug,0.0
armour,0.0
manelli,0.0
logdevi,0.0
energyus,0.0
conglomer,0.0
crackdown,0.0
lilil,0.0
nondis,0.0
tanf,0.0
dwdt,0.0
threestat,0.0
feddersen,0.0
kristen,0.0
mahlon,0.0
multiplechoic,0.0
yona,0.0
boombust,0.0
theoris,0.0
viiia,0.0
subcoalit,0.0
growthori,0.0
mocan,0.0
testb,0.0
postsecond,0.0
firesal,0.0
journalspermissionsoupcom,0.0
smallcountri,0.0
stron,0.0
murakami,0.0
delink,0.0
grubert,0.0
scp,0.0
libor,0.0
lpezsalido,0.0
millman,0.0
parenc,0.0
spotmarket,0.0
paretopref,0.0
demandshift,0.0
makowski,0.0
nonrivalri,0.0
bemheim,0.0
lowachiev,0.0
meguir,0.0
worcest,0.0
demandinduc,0.0
kormendi,0.0
zoltan,0.0
msalevel,0.0
slivinski,0.0
stickier,0.0
miscalcul,0.0
teec,0.0
djibouti,0.0
tomasz,0.0
foodgrain,0.0
werden,0.0
withincounti,0.0
backlash,0.0
equilbrium,0.0
endgam,0.0
ortalomagn,0.0
ivol,0.0
sohmen,0.0
unhedg,0.0
refug,0.0
drandaki,0.0
fischbach,0.0
florencio,0.0
divoir,0.0
palumbo,0.0
interestsensit,0.0
kiley,0.0
factoraug,0.0
howitt,0.0
basingstok,0.0
madhya,0.0
districtspecif,0.0
ipcc,0.0
fsu,0.0
santomero,0.0
fullcapac,0.0
mundel,0.0
grossoftax,0.0
unregul,0.0
coursey,0.0
logutil,0.0
selfimag,0.0
superfund,0.0
iwai,0.0
pustat,0.0
expenditureswitch,0.0
cge,0.0
atheneum,0.0
newspa,0.0
wagerent,0.0
emnment,0.0
francesconi,0.0
higherskil,0.0
lapan,0.0
deining,0.0
pugel,0.0
wisconsinmilwauke,0.0
fiasco,0.0
constantqu,0.0
finiteliv,0.0
selfpercept,0.0
payout,0.0
twocandid,0.0
anticipat,0.0
endofmonth,0.0
historyindepend,0.0
subrahmanyam,0.0
casestudi,0.0
timur,0.0
sascha,0.0
shipper,0.0
ruc,0.0
interestearn,0.0
ridker,0.0
enceindiffer,0.0
kuran,0.0
qjeoxfordjournalorg,0.0
stiglitzj,0.0
doiqjeqjv,0.0
tobi,0.0
ashraf,0.0
sectorj,0.0
cjp,0.0
reentrant,0.0
copay,0.0
cullen,0.0
unborrow,0.0
conquer,0.0
dup,0.0
economyand,0.0
primaryproduc,0.0
cafeteria,0.0
waver,0.0
ratebas,0.0
externali,0.0
ondord,0.0
niko,0.0
fiercer,0.0
andif,0.0
nonsouthern,0.0
asti,0.0
matouschek,0.0
intermediar,0.0
taxdeduct,0.0
euphem,0.0
zerocoupon,0.0
wealthincom,0.0
nitzan,0.0
hortacsu,0.0
optout,0.0
benartzi,0.0
riskpool,0.0
platteau,0.0
komiya,0.0
ngos,0.0
offtheequilibriumpath,0.0
tuct,0.0
floatingr,0.0
giroux,0.0
nonbas,0.0
quartertoquart,0.0
resourcerich,0.0
termstructur,0.0
postbretton,0.0
xeffici,0.0
maldiv,0.0
leiderman,0.0
repackag,0.0
jeopardis,0.0
putnam,0.0
coval,0.0
dominica,0.0
micklewright,0.0
cato,0.0
huyck,0.0
henrich,0.0
stolpersamuelson,0.0
majluf,0.0
overinterpret,0.0
genadek,0.0
governmentprovid,0.0
liebowitz,0.0
ambrus,0.0
whitenonwhit,0.0
postwwii,0.0
heidhu,0.0
glenview,0.0
quantityconstrain,0.0
fixedexchanger,0.0
roemer,0.0
sewer,0.0
coevolut,0.0
groundwat,0.0
anthropogen,0.0
notrad,0.0
beginningof,0.0
sicherman,0.0
mbas,0.0
mendoza,0.0
threecommod,0.0
brumberg,0.0
haubrich,0.0
portiv,0.0
beforeaft,0.0
laboreconom,0.0
kogut,0.0
subp,0.0
stockpil,0.0
barrogordon,0.0
datcher,0.0
reunif,0.0
swoboda,0.0
sapienza,0.0
jobfind,0.0
gaseous,0.0
kwh,0.0
kickback,0.0
veronesi,0.0
mazumd,0.0
darren,0.0
blss,0.0
centiped,0.0
itamar,0.0
eventstudi,0.0
regionwid,0.0
vinay,0.0
meir,0.0
predictabil,0.0
hillel,0.0
shorthorizon,0.0
mercosur,0.0
multipart,0.0
offerman,0.0
kte,0.0
gibbard,0.0
condominium,0.0
giancarlo,0.0
lowtech,0.0
rdintens,0.0
usown,0.0
mcguckin,0.0
wvhich,0.0
crosssector,0.0
anita,0.0
levchenko,0.0
schoolbas,0.0
mieszkowski,0.0
tradedgood,0.0
jacklin,0.0
perpupil,0.0
eicher,0.0
incomeleisur,0.0
bydo,0.0
underfund,0.0
guangdong,0.0
performancerel,0.0
yearonyear,0.0
greenhalgh,0.0
sveikauska,0.0
lowinfl,0.0
wilder,0.0
consumptionloan,0.0
marxian,0.0
mccubbin,0.0
selfserv,0.0
dewald,0.0
highinfl,0.0
ailsa,0.0
usitc,0.0
duca,0.0
charisma,0.0
starker,0.0
lowess,0.0
agroclimat,0.0
perand,0.0
reswitch,0.0
preex,0.0
shakotko,0.0
randj,0.0
mathstrutmboxboldmath,0.0
whalley,0.0
diarrhea,0.0
intrasector,0.0
emiss,0.0
lepper,0.0
virgiliu,0.0
doubledigit,0.0
klundert,0.0
legro,0.0
constantelast,0.0
retrofit,0.0
yendollar,0.0
spilimbergo,0.0
sjaastad,0.0
shigeru,0.0
maenhout,0.0
ucuc,0.0
collegehigh,0.0
sugden,0.0
overid,0.0
postreform,0.0
highachiev,0.0
capandtrad,0.0
revenga,0.0
centu,0.0
sient,0.0
capitalaug,0.0
handshak,0.0
garegnani,0.0
anant,0.0
ontim,0.0
fung,0.0
zeroprofit,0.0
envir,0.0
sevenpoint,0.0
pizza,0.0
whin,0.0
cpis,0.0
farquharson,0.0
rket,0.0
jakub,0.0
galli,0.0
lnwage,0.0
frastructur,0.0
frech,0.0
unreach,0.0
hessel,0.0
farmlevel,0.0
creditconstrain,0.0
partialadjust,0.0
landier,0.0
ruhl,0.0
webbas,0.0
inventorysal,0.0
eightdigit,0.0
homecountri,0.0
nicolini,0.0
countrypair,0.0
unintuit,0.0
justiniano,0.0
ender,0.0
unparallel,0.0
vigour,0.0
gretchen,0.0
sbordon,0.0
seabright,0.0
underprovid,0.0
aggregatelevel,0.0
withinc,0.0
bettereduc,0.0
schivardi,0.0
tarki,0.0
milesiferretti,0.0
sebnem,0.0
ravi,0.0
baier,0.0
uncompetit,0.0
allingham,0.0
underwrit,0.0
shafir,0.0
factorendow,0.0
vatize,0.0
factorproport,0.0
noninferior,0.0
tradeinduc,0.0
nonindex,0.0
bergsman,0.0
nonsteadyst,0.0
horstmann,0.0
industryoccup,0.0
selfreferenti,0.0
highestqu,0.0
chwe,0.0
egorov,0.0
downsian,0.0
bebchuk,0.0
strmberg,0.0
chinn,0.0
dissembl,0.0
assetreturn,0.0
gunderson,0.0
wiederholt,0.0
cabral,0.0
bonni,0.0
seshadri,0.0
rateb,0.0
newberi,0.0
fischhoff,0.0
alasdair,0.0
unschedul,0.0
betting,0.0
selfprotect,0.0
enron,0.0
diwan,0.0
companyspecif,0.0
labourcapit,0.0
macrofin,0.0
crown,0.0
weilb,0.0
dollardenomin,0.0
onboard,0.0
jewelleri,0.0
jobchang,0.0
costeffici,0.0
sfp,0.0
extramarket,0.0
bundesbank,0.0
factormarket,0.0
urbanis,0.0
coarsen,0.0
midsiz,0.0
numeraci,0.0
nondemocraci,0.0
cohortbas,0.0
commodityspecif,0.0
luckett,0.0
skoufia,0.0
premodern,0.0
neurosci,0.0
angola,0.0
breeder,0.0
nonmar,0.0
withincohort,0.0
bergsten,0.0
ponzetto,0.0
cukierman,0.0
agendaset,0.0
hirofumi,0.0
wrigley,0.0
surcharg,0.0
megan,0.0
schanzenbach,0.0
noldek,0.0
voluntar,0.0
dural,0.0
einhorn,0.0
twoarm,0.0
risktoler,0.0
canci,0.0
goodsmarket,0.0
misin,0.0
twoearner,0.0
balasko,0.0
fiftysix,0.0
straszheim,0.0
behzad,0.0
fatih,0.0
crosscoun,0.0
heywood,0.0
homebuy,0.0
fivepoint,0.0
inca,0.0
moskowitz,0.0
mayhew,0.0
batra,0.0
muendler,0.0
lowerrank,0.0
nontransf,0.0
tenyear,0.0
featherman,0.0
daycar,0.0
cremer,0.0
dinopoulo,0.0
demis,0.0
ahluwalia,0.0
coloc,0.0
walland,0.0
rausser,0.0
endogenousgrowth,0.0
segerstrom,0.0
racesex,0.0
consumptionleisur,0.0
rdbase,0.0
payoffmaxim,0.0
semicon,0.0
wageproduct,0.0
reactor,0.0
sondermann,0.0
unprofit,0.0
lowerqu,0.0
multiarm,0.0
hermalin,0.0
junz,0.0
hirschleif,0.0
energysav,0.0
glish,0.0
stepahead,0.0
underem,0.0
reinvent,0.0
ramey,0.0
basevi,0.0
kornhaus,0.0
disemploy,0.0
landfil,0.0
technion,0.0
energyeffici,0.0
skaperda,0.0
ribar,0.0
selectivitycorrect,0.0
multiobject,0.0
kilowatthour,0.0
khanna,0.0
tarun,0.0
trepreneurship,0.0
equil,0.0
lubotski,0.0
revenuerais,0.0
egocentr,0.0
joep,0.0
soltow,0.0
groupbas,0.0
titfortat,0.0
commonknowledg,0.0
gabriell,0.0
knudsen,0.0
strout,0.0
henriqu,0.0
tonn,0.0
hassett,0.0
higherproduct,0.0
venkatesh,0.0
tourna,0.0
oncelag,0.0
schkade,0.0
usf,0.0
gatekeep,0.0
averchjohnson,0.0
postperiod,0.0
intercohort,0.0
preshock,0.0
whistl,0.0
mortgageback,0.0
likemind,0.0
overeduc,0.0
giavazzi,0.0
fixedpric,0.0
feigenbaum,0.0
productivityenhanc,0.0
spes,0.0
brookingswharton,0.0
backofth,0.0
doiqjeqj,0.0
noteal,0.0
leifer,0.0
worstoff,0.0
provincelevel,0.0
krzyzaniak,0.0
eraci,0.0
profitmak,0.0
centrist,0.0
caress,0.0
testtak,0.0
dobkin,0.0
idend,0.0
scrappag,0.0
moweri,0.0
adrien,0.0
unexamin,0.0
addic,0.0
tufano,0.0
healthrel,0.0
battistin,0.0
sociobiolog,0.0
niederl,0.0
etmt,0.0
kau,0.0
arbitragefre,0.0
downwardbias,0.0
sevendigit,0.0
blumstein,0.0
taxpric,0.0
rybczynski,0.0
mauricio,0.0
oberholzerge,0.0
developedcountri,0.0
oneforon,0.0
funcrion,0.0
postaccord,0.0
brake,0.0
arleen,0.0
offfarm,0.0
osterman,0.0
yotopoulo,0.0
eyster,0.0
tobago,0.0
twotenth,0.0
highestincom,0.0
inderst,0.0
athanasio,0.0
jeanphilipp,0.0
zitzewitz,0.0
branstett,0.0
vickrey,0.0
hrner,0.0
quasicompetit,0.0
smiley,0.0
jerold,0.0
pennacchi,0.0
litan,0.0
relationshipspecif,0.0
bork,0.0
loweduc,0.0
selfem,0.0
noneld,0.0
samwick,0.0
nextbest,0.0
cournotnash,0.0
cpiu,0.0
barrel,0.0
femalehead,0.0
scaledup,0.0
notese,0.0
allus,0.0
occupationspecif,0.0
notowidigdo,0.0
inperson,0.0
guyana,0.0
growthenhanc,0.0
equationsa,0.0
nontarget,0.0
goodfriend,0.0
calomiri,0.0
restuccia,0.0
ottaviani,0.0
bergemann,0.0
stijn,0.0
historydepend,0.0
dispatch,0.0
szent,0.0
myatt,0.0
sankar,0.0
juuso,0.0
pierreolivi,0.0
muhamet,0.0
iceberg,0.0
marciano,0.0
vayano,0.0
sunstein,0.0
erosa,0.0
effortless,0.0
trickledown,0.0
maitreesh,0.0
raff,0.0
demarzo,0.0
portfo,0.0
riskpremium,0.0
grail,0.0
drazen,0.0
mohammad,0.0
gianluca,0.0
gabriella,0.0
bestrespond,0.0
ripe,0.0
aleh,0.0
koujianou,0.0
tsyvinski,0.0
golosov,0.0
gilat,0.0
pinelopi,0.0
highestvalu,0.0
libecap,0.0
cohes,0.0
fosd,0.0
piggott,0.0
decontrol,0.0
rosengren,0.0
thakor,0.0
farga,0.0
tlement,0.0
sergei,0.0
moralhazard,0.0
rulemak,0.0
jongwha,0.0
swagel,0.0
renelt,0.0
welfareincreas,0.0
caprio,0.0
roubini,0.0
lowearn,0.0
ethnolinguist,0.0
silan,0.0
redid,0.0
asymmetricinform,0.0
nouriel,0.0
aschauer,0.0
botswana,0.0
baqir,0.0
spier,0.0
tornel,0.0
weigelt,0.0
syrquin,0.0
deepak,0.0
gome,0.0
buyback,0.0
lizzeri,0.0
vibrant,0.0
burundi,0.0
ghatak,0.0
garicano,0.0
willen,0.0
silvana,0.0
mazumdar,0.0
valorem,0.0
timeintens,0.0
postsecondari,0.0
secondgener,0.0
laborabund,0.0
sinden,0.0
kalina,0.0
wendel,0.0
subop,0.0
countrylevel,0.0
romali,0.0
microevid,0.0
usbas,0.0
sectorlevel,0.0
globaliza,0.0
salesmen,0.0
garsington,0.0
ehud,0.0
alnajjar,0.0
repullo,0.0
dornbusch,0.0
concessionari,0.0
lesotho,0.0
bluecollar,0.0
moreskil,0.0
repetto,0.0
killer,0.0
definedbenefit,0.0
tiaacref,0.0
somalia,0.0
crosstabul,0.0
retire,0.0
nonpens,0.0
warshawski,0.0
definedcontribut,0.0
tobacman,0.0
percentagepoint,0.0
todaro,0.0
zeld,0.0
hamermesh,0.0
koszegi,0.0
annamaria,0.0
nonretir,0.0
timelin,0.0
huberwhit,0.0
postcolleg,0.0
eliakim,0.0
shale,0.0
matsushima,0.0
crmer,0.0
pharmaceuti,0.0
fivedigit,0.0
kandori,0.0
moldovanu,0.0
amador,0.0
yohe,0.0
timetobuild,0.0
ghironi,0.0
mechanismdesign,0.0
preferencebas,0.0
kohlberg,0.0
jaimovich,0.0
supplydriven,0.0
michihiro,0.0
fujiwara,0.0
paretorank,0.0
crowdingout,0.0
paretoineffici,0.0
marimon,0.0
completeinform,0.0
annika,0.0
vlimki,0.0
zilibotti,0.0
battaglini,0.0
prosoci,0.0
bimatrix,0.0
royalti,0.0
gneezi,0.0
hitoshi,0.0
vishni,0.0
marilda,0.0
anscombeaumann,0.0
ergin,0.0
ghirardato,0.0
styl,0.0
kalt,0.0
specificfactor,0.0
arvind,0.0
georgemario,0.0
sharecrop,0.0
faruk,0.0
nonhous,0.0
hirepurchas,0.0
bhagwati,0.0
panagariya,0.0
sensori,0.0
shirker,0.0
jacquelin,0.0
benni,0.0
rosovski,0.0
raffaella,0.0
meza,0.0
unleash,0.0
taxadjust,0.0
lusiv,0.0
labordemand,0.0
contrarian,0.0
schiantarelli,0.0
bemank,0.0
jonung,0.0
disecono,0.0
holmstrom,0.0
mesquita,0.0
diener,0.0
carlsson,0.0
bicamer,0.0
scc,0.0
beil,0.0
closedeconomi,0.0
ztree,0.0
economicjourn,0.0
knowledgebas,0.0
uniformpric,0.0
negoti,0.0
rajasthan,0.0
baicker,0.0
comorbid,0.0
adjustmentcost,0.0
cse,0.0
morck,0.0
epsteinzin,0.0
bara,0.0
kovenock,0.0
bikhchandani,0.0
francin,0.0
intermediategood,0.0
offequilibrium,0.0
econz,0.0
trunk,0.0
constantinid,0.0
rajnish,0.0
timesepar,0.0
growthaccount,0.0
kreinin,0.0
soulel,0.0
shleifer,0.0
jappelli,0.0
crosssubsidi,0.0
mansur,0.0
lopezdesilan,0.0
telecommunica,0.0
ordinaryleastsquar,0.0
innerc,0.0
cawley,0.0
culyer,0.0
amitabh,0.0
grauw,0.0
weymark,0.0
lockstep,0.0
riezman,0.0
manygood,0.0
mathewson,0.0
hyperin,0.0
majorityown,0.0
ichniowski,0.0
inflationtarget,0.0
driffil,0.0
credibil,0.0
chaim,0.0
nonoecd,0.0
heski,0.0
oreopoulo,0.0
guerrieri,0.0
intracountri,0.0
kartik,0.0
ulrik,0.0
barisaac,0.0
cultiv,0.0
steinsson,0.0
cramton,0.0
niskanen,0.0
nyarko,0.0
kalemliozcan,0.0
menahem,0.0
hivaid,0.0
belowmedian,0.0
unicef,0.0
devarajan,0.0
viral,0.0
onepercentagepoint,0.0
highend,0.0
monozygot,0.0
preperiod,0.0
wacziarg,0.0
devleeschauw,0.0
vlc,0.0
mirko,0.0
daugheti,0.0
gertner,0.0
nearrat,0.0
eytan,0.0
kurlat,0.0
countryyear,0.0
katrina,0.0
semiindustri,0.0
clementi,0.0
nonperform,0.0
yeart,0.0
rotem,0.0
seppo,0.0
quinzii,0.0
barlevi,0.0
matthia,0.0
lopezsalido,0.0
technologydriven,0.0
hpfilter,0.0
mohamad,0.0
gourincha,0.0
hobijn,0.0
chael,0.0
rustichini,0.0
ordov,0.0
proci,0.0
liquidityconstrain,0.0
malkiel,0.0
ohkawa,0.0
raquel,0.0
propoor,0.0
flypap,0.0
blanchflow,0.0
raceethn,0.0
countercyc,0.0
footprint,0.0
seiz,0.0
bairoch,0.0
ravenscraft,0.0
nonintersect,0.0
arkolaki,0.0
strathclyd,0.0
needi,0.0
tariffinclus,0.0
psps,0.0
tesar,0.0
backoftheenvelop,0.0
globalis,0.0
maghribi,0.0
kiyotaki,0.0
renegotiationproof,0.0
weingast,0.0
specialinterest,0.0
twostandarddevi,0.0
fabrizio,0.0
andreu,0.0
ington,0.0
procyc,0.0
hammour,0.0
rainwat,0.0
joulfaian,0.0
salant,0.0
melumad,0.0
burda,0.0
szeidl,0.0
telmer,0.0
harstad,0.0
tstati,0.0
glut,0.0
geocod,0.0
moscarini,0.0
ajob,0.0
slump,0.0
wyplosz,0.0
secondhighest,0.0
herrendorf,0.0
searchmatch,0.0
appalachian,0.0
locationspecif,0.0
economid,0.0
bradford,0.0
vola,0.0
capozza,0.0
mcgowan,0.0
gartner,0.0
jacquesfrancoi,0.0
kszegi,0.0
buera,0.0
gramlich,0.0
luckingreiley,0.0
plummet,0.0
hulten,0.0
caseload,0.0
kristin,0.0
margo,0.0
jaum,0.0
poksang,0.0
gachter,0.0
genesov,0.0
nonaltruist,0.0
oilexport,0.0
papaioannou,0.0
nipa,0.0
cohortspecif,0.0
sabelhaus,0.0
tabellini,0.0
africanamerican,0.0
rtbt,0.0
yosha,0.0
nonhealth,0.0
tertilt,0.0
bioeconom,0.0
mbius,0.0
expenditurebas,0.0
highabl,0.0
wakker,0.0
majoritarian,0.0
irreflex,0.0
nondictatori,0.0
cocain,0.0
snower,0.0
lindbeck,0.0
elhanan,0.0
robertj,0.0
assar,0.0
imran,0.0
idiot,0.0
rasul,0.0
countryindustri,0.0
dartboard,0.0
transnat,0.0
litig,0.0
centerpiec,0.0
negishi,0.0
tradeabl,0.0
permissionsoupcom,0.0
pascalin,0.0
microenterpris,0.0
sefton,0.0
morduch,0.0
suzumura,0.0
quasitransit,0.0
mushfiq,0.0
skilledlabor,0.0
harbor,0.0
goyal,0.0
somanathan,0.0
ehess,0.0
lacea,0.0
piazzesi,0.0
adriana,0.0
ragan,0.0
bangladeshi,0.0
scarf,0.0
benabou,0.0
lowtyp,0.0
demang,0.0
wsj,0.0
pedestrian,0.0
nonwelfar,0.0
doiqjeqjt,0.0
warmglow,0.0
verhoogen,0.0
singlegood,0.0
kranton,0.0
intertwin,0.0
preintervent,0.0
holzer,0.0
yearspecif,0.0
shangjin,0.0
cuthbertson,0.0
metrick,0.0
averagecost,0.0
hoshi,0.0
rainf,0.0
hoddinott,0.0
intrahous,0.0
amartya,0.0
consumptionsmooth,0.0
genderspecif,0.0
sonsteli,0.0
weizsack,0.0
debtdefl,0.0
qatar,0.0
marketlik,0.0
understudi,0.0
salai,0.0
genotyp,0.0
bentolila,0.0
bnabou,0.0
rodrguezclar,0.0
gromb,0.0
lanka,0.0
costagom,0.0
rossihansberg,0.0
peranson,0.0
atila,0.0
andolfatto,0.0
abhijit,0.0
poach,0.0
waggon,0.0
kaboski,0.0
bassetto,0.0
josevictor,0.0
coland,0.0
ziliak,0.0
microfin,0.0
stabilisa,0.0
doepk,0.0
kjetil,0.0
hollist,0.0
fafchamp,0.0
matsusaka,0.0
liberalis,0.0
psacharopoulo,0.0
jermann,0.0
prometheus,0.0
nechyba,0.0
mcgrattan,0.0
quasihyperbol,0.0
searchbas,0.0
bergstrand,0.0
shavel,0.0
californiasanta,0.0
wagetenur,0.0
highwealth,0.0
riosrul,0.0
crossnat,0.0
gradstein,0.0
veld,0.0
locomot,0.0
rutstrom,0.0
cahuc,0.0
fuhito,0.0
tayfun,0.0
johanna,0.0
moneydemand,0.0
melitz,0.0
ottaviano,0.0
bhaskar,0.0
ennio,0.0
stacchetti,0.0
tietenberg,0.0
alessandra,0.0
eeckhout,0.0
incomebas,0.0
jordi,0.0
storesletten,0.0
basispoint,0.0
riskbas,0.0
misperceiv,0.0
hercowitz,0.0
wurgler,0.0
mirman,0.0
kiminori,0.0
admati,0.0
kroszner,0.0
seru,0.0
lowwealth,0.0
postelvinay,0.0
nobuhiro,0.0
tumn,0.0
menzio,0.0
caselli,0.0
toprank,0.0
huggett,0.0
handel,0.0
mailath,0.0
spousal,0.0
pamela,0.0
blast,0.0
manuelli,0.0
bloc,0.0
primafaci,0.0
mobarak,0.0
communitybas,0.0
arabian,0.0
supergametheoret,0.0
oriana,0.0
matu,0.0
rumour,0.0
catego,0.0
sjostrom,0.0
selfless,0.0
jayachandran,0.0
indon,0.0
fledgl,0.0
wag,0.0
unctad,0.0
politicaleconom,0.0
femalemal,0.0
kyd,0.0
monika,0.0
platt,0.0
lyst,0.0
clical,0.0
srk,0.0
insideroutsid,0.0
yeung,0.0
abdulkadiroglu,0.0
teckhua,0.0
saet,0.0
snmez,0.0
zwiebel,0.0
odditi,0.0
galeshapley,0.0
sotomayor,0.0
strategyproof,0.0
beckmann,0.0
uournal,0.0
anjan,0.0
rohini,0.0
erikson,0.0
tavneet,0.0
qjeoxfordjournalsorg,0.0
galasso,0.0
macrolevel,0.0
burkina,0.0
trickier,0.0
shorterliv,0.0
singlecountri,0.0
urquiola,0.0
kreiner,0.0
costinot,0.0
multina,0.0
microcredit,0.0
ashgat,0.0
paretoimprov,0.0
yujiro,0.0
tauman,0.0
hayami,0.0
uma,0.0
workout,0.0
wetland,0.0
huff,0.0
neurobiolog,0.0
moreeduc,0.0
hortasu,0.0
rebitz,0.0
cheaptalk,0.0
secondpric,0.0
okunofujiwara,0.0
munch,0.0
myer,0.0
gurion,0.0
motorist,0.0
biol,0.0
pretrend,0.0
desegreg,0.0
privatis,0.0
aldershot,0.0
firstmov,0.0
preplay,0.0
incarn,0.0
leahi,0.0
fershtman,0.0
krizan,0.0
incompleteinform,0.0
tegi,0.0
freez,0.0
acerb,0.0
ligon,0.0
octan,0.0
ingroup,0.0
slovenia,0.0
gallman,0.0
normalform,0.0
dertouzo,0.0
eligibil,0.0
salienc,0.0
naturalr,0.0
grosskopf,0.0
bestrepli,0.0
nondiscretionari,0.0
submodular,0.0
lexisnexi,0.0
higherrank,0.0
eeoc,0.0
vcr,0.0
referencedepend,0.0
canadaunit,0.0
schwartzstein,0.0
malmendi,0.0
nieuwerburgh,0.0
allindia,0.0
laborincom,0.0
angeleto,0.0
rateofreturn,0.0
veldkamp,0.0
earlylif,0.0
canadaus,0.0
vissingjorgensen,0.0
odean,0.0
squintani,0.0
rollment,0.0
grinblatt,0.0
pavan,0.0
utilityposs,0.0
microsoft,0.0
bergsonsamuelson,0.0
botond,0.0
refurbish,0.0
counterparti,0.0
affirmativeact,0.0
kofi,0.0
gomm,0.0
pricedividend,0.0
banize,0.0
zemski,0.0
abovemedian,0.0
courtord,0.0
countyyear,0.0
munnel,0.0
dellavigna,0.0
namepl,0.0
intercommun,0.0
wincoop,0.0
regionyear,0.0
overrepr,0.0
tastebas,0.0
ciccon,0.0
standin,0.0
renego,0.0
saudi,0.0
employmentbas,0.0
trefler,0.0
canadianus,0.0
noncontroversi,0.0
kocher,0.0
hightech,0.0
bandiera,0.0
metaanalysi,0.0
productlevel,0.0
hashimoto,0.0
chattopadhyay,0.0
ananth,0.0
constantelasticityofsubstitut,0.0
assaf,0.0
atack,0.0
engerman,0.0
matti,0.0
mangasarian,0.0
toma,0.0
veronica,0.0
xing,0.0
cifar,0.0
sund,0.0
hallak,0.0
zeira,0.0
outofequilibrium,0.0
babbl,0.0
klenow,0.0
nonadopt,0.0
strobl,0.0
nafta,0.0
rtkt,0.0
postcrisi,0.0
caliendo,0.0
airborn,0.0
wellaccept,0.0
shap,0.0
tilman,0.0
biodivers,0.0
rodriguezclar,0.0
oligopsoni,0.0
giveaway,0.0
fccs,0.0
uiditi,0.0
cortex,0.0
epistem,0.0
gopinath,0.0
biomass,0.0
mendelsohn,0.0
redux,0.0
mafia,0.0
cepii,0.0
selfselec,0.0
maledomin,0.0
dionn,0.0
rtpt,0.0
zeroinfl,0.0
bearer,0.0
manovskii,0.0
masahiko,0.0
bazerman,0.0
inkoo,0.0
highreturn,0.0
bottleneck,0.0
leibowitz,0.0
baumoltobin,0.0
frontload,0.0
googl,0.0
iourii,0.0
makoto,0.0
geoff,0.0
cashinadv,0.0
extensiveform,0.0
gilovich,0.0
ducer,0.0
lovallo,0.0
palma,0.0
notestandard,0.0
zamir,0.0
alwyn,0.0
prasnikar,0.0
putterman,0.0
yuval,0.0
khandelw,0.0
piger,0.0
withinproduct,0.0
maskus,0.0
tendigit,0.0
tenreyro,0.0
lowtax,0.0
acrossproduct,0.0
hostcountri,0.0
yeapl,0.0
flexiblepric,0.0
natalia,0.0
hmmel,0.0
svejnar,0.0
establishmentlevel,0.0
broca,0.0
demanddriven,0.0
comtrad,0.0
oioi,0.0
withinregion,0.0
heckscherohlinsamuelson,0.0
sixdigit,0.0
kaldorian,0.0
buyout,0.0
nonriv,0.0
chassang,0.0
noneu,0.0
ashown,0.0
skiada,0.0
dwayn,0.0
tanya,0.0
nonsequenti,0.0
harley,0.0
drg,0.0
schargrodski,0.0
ptlt,0.0
richerson,0.0
croson,0.0
kilowatt,0.0
elic,0.0
twoindustri,0.0
karla,0.0
bohnet,0.0
lowdemand,0.0
nondu,0.0
retroact,0.0
palacioshuerta,0.0
botticini,0.0
titman,0.0
chaloupka,0.0
eisfeldt,0.0
engelbrechtwiggan,0.0
psychosoci,0.0
fredriksson,0.0
dyad,0.0
predi,0.0
lettau,0.0
garleanu,0.0
onequarterahead,0.0
assetspecif,0.0
multiasset,0.0
nonstor,0.0
dalia,0.0
mcafe,0.0
crandal,0.0
longliv,0.0
preempt,0.0
runup,0.0
smorodinski,0.0
byjohn,0.0
valimaki,0.0
vegaredondo,0.0
capa,0.0
nonwalrasian,0.0
nonnash,0.0
uppermiddl,0.0
holmlund,0.0
veracierto,0.0
pranab,0.0
filip,0.0
skiba,0.0
bundesamt,0.0
cecilia,0.0
belgiumluxembourg,0.0
sergiu,0.0
giith,0.0
ockenfel,0.0
posner,0.0
cholesterol,0.0
postschool,0.0
valui,0.0
ronni,0.0
panelist,0.0
inschool,0.0
haliasso,0.0
brunnermei,0.0
hassl,0.0
menucost,0.0
trig,0.0
blunt,0.0
nontransfer,0.0
doom,0.0
wissenschaftszentrum,0.0
datasei,0.0
catchup,0.0
audretsch,0.0
gert,0.0
lefgren,0.0
artefact,0.0
trosk,0.0
yingyi,0.0
massimo,0.0
postindepend,0.0
nadu,0.0
lakshmi,0.0
petia,0.0
accelerationist,0.0
tomor,0.0
reaucrat,0.0
harrodian,0.0
roell,0.0
midterm,0.0
thisjourn,0.0
districtlevel,0.0
codebook,0.0
staterun,0.0
machineread,0.0
vcg,0.0
deindustri,0.0
booktomarket,0.0
ostrom,0.0
davanzo,0.0
noninfinitesim,0.0
stefania,0.0
nezih,0.0
duranton,0.0
brigitt,0.0
mpcs,0.0
breeden,0.0
postretir,0.0
interlinkag,0.0
jill,0.0
breastfeed,0.0
racetrack,0.0
wagedetermin,0.0
prdation,0.0
proactiv,0.0
semiconductor,0.0
adriano,0.0
rampini,0.0
hust,0.0
cashless,0.0
subarea,0.0
akira,0.0
zhuravskaya,0.0
rocheteau,0.0
sprenger,0.0
xiang,0.0
gottardi,0.0
highearn,0.0
nonhispan,0.0
descriptor,0.0
overin,0.0
crossbord,0.0
shotgun,0.0
pradesh,0.0
highproduct,0.0
shawn,0.0
philippon,0.0
wagechang,0.0
fiona,0.0
acrimoni,0.0
mme,0.0
eliana,0.0
privatiza,0.0
reclam,0.0
floud,0.0
blejer,0.0
meghan,0.0
svar,0.0
asker,0.0
edlund,0.0
kenichi,0.0
timeus,0.0
propheci,0.0
nepal,0.0
multiprod,0.0
kierzkowski,0.0
starmer,0.0
multiattribut,0.0
econt,0.0
noussair,0.0
atempor,0.0
wykoff,0.0
rutstrm,0.0
elisabet,0.0
dercon,0.0
danthin,0.0
stadium,0.0
eeckhoudt,0.0
prelec,0.0
primat,0.0
oneonon,0.0
betweensubject,0.0
computerbas,0.0
nico,0.0
boyc,0.0
tdtonnement,0.0
grubel,0.0
wheaton,0.0
betsey,0.0
gabon,0.0
betweencountri,0.0
izen,0.0
giuliano,0.0
withincountri,0.0
monder,0.0
buiter,0.0
smallgroup,0.0
denzau,0.0
medianvot,0.0
abreast,0.0
broker,0.0
crew,0.0
setter,0.0
darrough,0.0
swinkel,0.0
reza,0.0
pricingtomarket,0.0
automak,0.0
firstterm,0.0
canzoneri,0.0
gagnon,0.0
diba,0.0
eslava,0.0
mortensenpissarid,0.0
qtheori,0.0
themodel,0.0
beforeandaft,0.0
reuber,0.0
hosio,0.0
pga,0.0
joskow,0.0
cashflow,0.0
terrorist,0.0
hausch,0.0
zerocost,0.0
cmsem,0.0
upwardbias,0.0
boija,0.0
citylevel,0.0
rayo,0.0
mug,0.0
fico,0.0
cavallisforza,0.0
tradecr,0.0
moav,0.0
seneg,0.0
bhutan,0.0
gbp,0.0
realbusinesscycl,0.0
equityeffici,0.0
handcollect,0.0
deangelo,0.0
lumsden,0.0
dudt,0.0
dombusch,0.0
oilpric,0.0
fray,0.0
withinsector,0.0
imbalanc,0.0
pretransf,0.0
daniela,0.0
edlin,0.0
usaid,0.0
icrisat,0.0
friedlaend,0.0
barebon,0.0
reimburs,0.0
doubleblind,0.0
turbat,0.0
risklov,0.0
dotcom,0.0
payforperform,0.0
multidivision,0.0
probabilityweight,0.0
manoli,0.0
babyboom,0.0
debtgdp,0.0
intrabloc,0.0
opportunist,0.0
mikael,0.0
ilian,0.0
ninetyninth,0.0
joram,0.0
topher,0.0
solnik,0.0
piccion,0.0
edelstein,0.0
goldenrul,0.0
gianmarco,0.0
vind,0.0
kopczuk,0.0
jarmin,0.0
industryyear,0.0
uporout,0.0
cashin,0.0
kamenica,0.0
boomer,0.0
constantpric,0.0
soskic,0.0
boeri,0.0
gwartney,0.0
yagan,0.0
boserup,0.0
malfunct,0.0
ostroy,0.0
steinmeier,0.0
taxsim,0.0
gustman,0.0
cagetti,0.0
rebas,0.0
offtheequilibrium,0.0
droz,0.0
tollison,0.0
crosscultur,0.0
michalopoulo,0.0
dollarpound,0.0
entrylevel,0.0
regat,0.0
paddi,0.0
wchter,0.0
pesenti,0.0
yann,0.0
monocentr,0.0
neur,0.0
nongradu,0.0
countyspecif,0.0
nonfuel,0.0
narasimhan,0.0
liani,0.0
lender,0.0
roodman,0.0
wojciech,0.0
cristina,0.0
olszewski,0.0
lowerskil,0.0
inegalitarian,0.0
lousi,0.0
scarciti,0.0
tome,0.0
anemia,0.0
udel,0.0
videotap,0.0
forfeit,0.0
comanor,0.0
leff,0.0
orourk,0.0
masahisa,0.0
ucf,0.0
selfenforc,0.0
preferr,0.0
laborleisur,0.0
passel,0.0
reclaim,0.0
yeonkoo,0.0
xiong,0.0
eryon,0.0
megawatt,0.0
trejo,0.0
rosrul,0.0
tldot,0.0
pppadjust,0.0
schankerman,0.0
gollin,0.0
caillaud,0.0
nocommit,0.0
tuna,0.0
hardwir,0.0
totowa,0.0
battig,0.0
salih,0.0
biotech,0.0
growthth,0.0
fastestgrow,0.0
spletzer,0.0
realisti,0.0
seam,0.0
elabora,0.0
financialmarket,0.0
misperc,0.0
dominantstrategi,0.0
medicaid,0.0
debra,0.0
ncommod,0.0
infiniteliv,0.0
searchtheoret,0.0
assetmarket,0.0
samet,0.0
benmelech,0.0
maksimov,0.0
petrongolo,0.0
invertedu,0.0
partyear,0.0
mtpt,0.0
teul,0.0
hylland,0.0
ozdenoren,0.0
grout,0.0
przeworski,0.0
raghuram,0.0
montia,0.0
bovenberg,0.0
uncongest,0.0
geroski,0.0
gustafsson,0.0
vfs,0.0
braga,0.0
subeconomi,0.0
realbil,0.0
offpath,0.0
elmendorf,0.0
sudipto,0.0
enrica,0.0
mundellflem,0.0
laeven,0.0
acharya,0.0
surveybas,0.0
detragiach,0.0
banklevel,0.0
rajan,0.0
toikka,0.0
viss,0.0
senderreceiv,0.0
maschler,0.0
gennaioli,0.0
productionfunct,0.0
renegoti,0.0
convexvalu,0.0
welfaremaxim,0.0
disconfirm,0.0
upperhemicontinu,0.0
incompletemarket,0.0
selfidentifi,0.0
employmentpopul,0.0
inatten,0.0
vigdor,0.0
doiqjeqjr,0.0
melani,0.0
racialethn,0.0
ocean,0.0
majorityrul,0.0
misalign,0.0
shepsl,0.0
lagunoff,0.0
anderlini,0.0
intergen,0.0
newkeynesian,0.0
sophistica,0.0
outgroup,0.0
yinger,0.0
altman,0.0
peleg,0.0
mainfram,0.0
nondemocrat,0.0
inefficien,0.0
bezalel,0.0
paperback,0.0
agnar,0.0
myanmar,0.0
gillian,0.0
okuno,0.0
dobel,0.0
tremblinghand,0.0
masahiro,0.0
bahrain,0.0
multiindustri,0.0
mauritania,0.0
seidmann,0.0
krishnamurthi,0.0
titrust,0.0
audrey,0.0
matut,0.0
kaplow,0.0
agebas,0.0
nonteach,0.0
kareken,0.0
whoever,0.0
menchik,0.0
ghez,0.0
deng,0.0
gersovitz,0.0
ondperiod,0.0
matsuyama,0.0
tsiddon,0.0
granular,0.0
estrella,0.0
icpsr,0.0
efraim,0.0
ptkt,0.0
ofperiod,0.0
nondefault,0.0
eichengreen,0.0
skilledunskil,0.0
bankrupt,0.0
browser,0.0
demanddetermin,0.0
lindert,0.0
growthjp,0.0
bencivenga,0.0
intransig,0.0
squir,0.0
healthcar,0.0
ortmann,0.0
communitylevel,0.0
lockin,0.0
miscoordin,0.0
eichhorn,0.0
payoffequival,0.0
mlrp,0.0
knez,0.0
supermajor,0.0
harristodaro,0.0
constantreturn,0.0
leaveit,0.0
stationaryst,0.0
takeitor,0.0
commission,0.0
rvaluat,0.0
cergeei,0.0
costat,0.0
peaktotrough,0.0
midrigan,0.0
hornstein,0.0
cdot,0.0
singlepeaked,0.0
ruhm,0.0
pitchik,0.0
smeed,0.0
hoursweek,0.0
svensson,0.0
noninstitution,0.0
remarri,0.0
psh,0.0
rentshar,0.0
coeffic,0.0
intang,0.0
jarquebera,0.0
dixitstiglitz,0.0
barrole,0.0
hutchen,0.0
tradeweight,0.0
brugiavini,0.0
falloff,0.0
ssas,0.0
employersponsor,0.0
slonim,0.0
otherregard,0.0
wealthmaxim,0.0
manitoba,0.0
klem,0.0
schmittgroh,0.0
galeotti,0.0
ofer,0.0
stickypric,0.0
waldfogel,0.0
revenuemaxim,0.0
doer,0.0
kroft,0.0
storelevel,0.0
katja,0.0
herfindahlhirschman,0.0
salesweight,0.0
perfectforesight,0.0
agglomera,0.0
kaushik,0.0
crosswalk,0.0
fehr,0.0
milgat,0.0
compatibil,0.0
sanjay,0.0
granovett,0.0
vietnames,0.0
verdier,0.0
pandem,0.0
condom,0.0
underclass,0.0
unant,0.0
eatwel,0.0
uspto,0.0
nonmanipul,0.0
atrisk,0.0
calibra,0.0
colunm,0.0
biotechnolog,0.0
wellpublic,0.0
highprofil,0.0
wageprofit,0.0
crowdout,0.0
keynesiantyp,0.0
lucass,0.0
ageeduc,0.0
meanstest,0.0
albanesi,0.0
monacelli,0.0
lael,0.0
thadden,0.0
birdsal,0.0
comoro,0.0
crossindustri,0.0
hockey,0.0
garen,0.0
saskatchewan,0.0
knetter,0.0
guineabissau,0.0
beliz,0.0
subcultur,0.0
jesper,0.0
shimer,0.0
namibia,0.0
uzbekistan,0.0
subcommitte,0.0
zimbabw,0.0
belarus,0.0
jamal,0.0
corsetti,0.0
rwanda,0.0
hufbauer,0.0
microelectron,0.0
privateinform,0.0
nondura,0.0
tribun,0.0
hesh,0.0
yorukoglu,0.0
contractu,0.0
postlewait,0.0
sexism,0.0
showup,0.0
leland,0.0
ecosystem,0.0
personyear,0.0
preretir,0.0
renteroccupi,0.0
schmukler,0.0
maccini,0.0
bellj,0.0
macculloch,0.0
erceg,0.0
subprim,0.0
kraft,0.0
goetzmann,0.0
rollout,0.0
sundaram,0.0
attende,0.0
bidirect,0.0
tietz,0.0
secondtolast,0.0
tschirhart,0.0
teammat,0.0
midcar,0.0
flavin,0.0
kiyoshi,0.0
getari,0.0
sweder,0.0
zingal,0.0
kirchsteig,0.0
mancur,0.0
calmfor,0.0
sheffrin,0.0
fishback,0.0
chinhui,0.0
takatoshi,0.0
redistrict,0.0
klibanoff,0.0
sturzenegg,0.0
nearunivers,0.0
ermisch,0.0
menez,0.0
farhi,0.0
mordechai,0.0
burkhaus,0.0
predisplac,0.0
rhee,0.0
reducedpric,0.0
barankay,0.0
coursework,0.0
vesterlund,0.0
kuziemko,0.0
ilyana,0.0
rulebas,0.0
lotter,0.0
lowperform,0.0
firsttim,0.0
soccer,0.0
bria,0.0
privatevalu,0.0
amihai,0.0
landlabor,0.0
harmonis,0.0
lockedin,0.0
alternatingoff,0.0
meltdown,0.0
werlang,0.0
waverman,0.0
obama,0.0
aftermath,0.0
internship,0.0
withinschool,0.0
openeconomi,0.0
kaneko,0.0
hersh,0.0
stiroh,0.0
bartelsman,0.0
marshalllern,0.0
waud,0.0
hamish,0.0
fundrais,0.0
laxiti,0.0
uea,0.0
abstractus,0.0
beliefbas,0.0
smale,0.0
raaj,0.0
tonnag,0.0
defector,0.0
shouyong,0.0
majori,0.0
airport,0.0
gollier,0.0
pavoni,0.0
padilla,0.0
aoyagi,0.0
ostri,0.0
postcommunist,0.0
performancebas,0.0
headtohead,0.0
halpern,0.0
creamskim,0.0
interjurisdict,0.0
energyintens,0.0
jarrel,0.0
twoagent,0.0
gitudin,0.0
clio,0.0
withinsubject,0.0
rasmusen,0.0
phpdoi,0.0
euphoria,0.0
orgarticl,0.0
smarter,0.0
dolan,0.0
terindustri,0.0
franchis,0.0
armington,0.0
fazzari,0.0
padma,0.0
joann,0.0
schupp,0.0
studentlevel,0.0
changtai,0.0
policyrel,0.0
kfir,0.0
sandeep,0.0
jehiel,0.0
tuce,0.0
merci,0.0
herrero,0.0
eliaz,0.0
austensmith,0.0
sonmez,0.0
vohra,0.0
gsoep,0.0
yewkwang,0.0
marino,0.0
uninteract,0.0
cityspecif,0.0
inhous,0.0
peakload,0.0
yvt,0.0
ratchet,0.0
bordo,0.0
eldar,0.0
sandra,0.0
eyebal,0.0
wulf,0.0
baliga,0.0
orgarticlesphpdoia,0.0
herrnstein,0.0
deleeuw,0.0
littlechild,0.0
milbourn,0.0
falvey,0.0
eurocurr,0.0
kenen,0.0
cuddington,0.0
pnces,0.0
pasinetti,0.0
stagegam,0.0
persico,0.0
gerzense,0.0
kleindorf,0.0
laborsurplus,0.0
gourio,0.0
rostagno,0.0
deleverag,0.0
carlstrom,0.0
quadrini,0.0
nonneu,0.0
gauti,0.0
eggertsson,0.0
dotsey,0.0
bacchetta,0.0
mncs,0.0
schoar,0.0
trebbi,0.0
cindi,0.0
ijaz,0.0
baneije,0.0
beri,0.0
asim,0.0
baland,0.0
celsius,0.0
breyer,0.0
kaivan,0.0
familyspecif,0.0
naomi,0.0
indexa,0.0
benigno,0.0
brander,0.0
supergam,0.0
enzler,0.0
razin,0.0
kaestner,0.0
phaseout,0.0
ntbs,0.0
satyajit,0.0
kotwal,0.0
quigley,0.0
eurodollar,0.0
macavoy,0.0
nonrecipi,0.0
amnon,0.0
erev,0.0
oechssler,0.0
sarin,0.0
magat,0.0
broseta,0.0
previousperiod,0.0
lossavers,0.0
normann,0.0
highstak,0.0
boredom,0.0
rakesh,0.0
riskdomin,0.0
newsweek,0.0
puga,0.0
londregan,0.0
khwaja,0.0
wantchekon,0.0
thoenig,0.0
tullock,0.0
nonanonym,0.0
thad,0.0
genealog,0.0
underutil,0.0
oconnor,0.0
semipubl,0.0
itur,0.0
retrench,0.0
salter,0.0
igan,0.0
reproach,0.0
vacil,0.0
mischiev,0.0
turnpik,0.0
billboard,0.0
versi,0.0
nevill,0.0
shower,0.0
mailord,0.0
troop,0.0
dismal,0.0
cunningham,0.0
fess,0.0
misconstru,0.0
straighten,0.0
canal,0.0
township,0.0
fiftyfour,0.0
urbanrur,0.0
virgin,0.0
laden,0.0
makeshift,0.0
midland,0.0
birthrat,0.0
unmarri,0.0
bhmbawerk,0.0
mcpherson,0.0
milli,0.0
munit,0.0
jackman,0.0
crook,0.0
jenk,0.0
villard,0.0
dowri,0.0
spragu,0.0
discharg,0.0
finch,0.0
agger,0.0
vocal,0.0
untax,0.0
herzog,0.0
chartist,0.0
lippincott,0.0
paxson,0.0
paterson,0.0
leith,0.0
overdraft,0.0
thirtieth,0.0
haig,0.0
calhoun,0.0
gaso,0.0
semimanufactur,0.0
edict,0.0
annul,0.0
emancip,0.0
magistr,0.0
inalien,0.0
hollow,0.0
wreck,0.0
fiftyeight,0.0
miseri,0.0
pior,0.0
purs,0.0
silenc,0.0
preach,0.0
furious,0.0
clinch,0.0
rayon,0.0
glori,0.0
patriot,0.0
plunder,0.0
monarchi,0.0
bourgeoisi,0.0
camill,0.0
disgust,0.0
civiliza,0.0
flourish,0.0
zeal,0.0
sword,0.0
deplor,0.0
tramp,0.0
riot,0.0
allimport,0.0
depot,0.0
miscella,0.0
pigiron,0.0
woolen,0.0
thani,0.0
buoyant,0.0
supernorm,0.0
decem,0.0
barbar,0.0
condorcet,0.0
detat,0.0
wherewith,0.0
digniti,0.0
strove,0.0
soul,0.0
canton,0.0
beata,0.0
terror,0.0
lodg,0.0
confisc,0.0
spectat,0.0
champ,0.0
succumb,0.0
proletarian,0.0
bourgeoi,0.0
corrup,0.0
divest,0.0
costpush,0.0
bluf,0.0
englishspeak,0.0
stuttgart,0.0
seventyfifth,0.0
homestead,0.0
selfadjust,0.0
twentiethcenturi,0.0
selig,0.0
freeenterpris,0.0
inexperienc,0.0
exig,0.0
protectionist,0.0
leviathan,0.0
shortsight,0.0
marx,0.0
chess,0.0
petersburg,0.0
nonkeynesian,0.0
excessdemand,0.0
vicious,0.0
wassili,0.0
norg,0.0
juneseptemb,0.0
pumpprim,0.0
marjori,0.0
accelera,0.0
embassi,0.0
demobil,0.0
gospel,0.0
schweitzer,0.0
buffet,0.0
fetter,0.0
bristl,0.0
beard,0.0
grati,0.0
picion,0.0
spun,0.0
farsight,0.0
tragedi,0.0
humani,0.0
anarchi,0.0
lenin,0.0
supremaci,0.0
jena,0.0
indisput,0.0
versial,0.0
disarma,0.0
proletariat,0.0
palestin,0.0
redound,0.0
heckscher,0.0
ceaseless,0.0
prologu,0.0
fascism,0.0
hegemoni,0.0
volkswirtschaft,0.0
budg,0.0
gunn,0.0
tidskrift,0.0
hagen,0.0
junk,0.0
oneperson,0.0
amput,0.0
harmoni,0.0
awaken,0.0
tellig,0.0
poker,0.0
cruso,0.0
altitud,0.0
earth,0.0
longitud,0.0
threeperson,0.0
utilityfunct,0.0
subconsci,0.0
bawerk,0.0
activi,0.0
coali,0.0
astound,0.0
plantat,0.0
laci,0.0
wellorgan,0.0
gravita,0.0
vista,0.0
rarili,0.0
snap,0.0
roulett,0.0
haggl,0.0
mund,0.0
azariadi,0.0
lumber,0.0
barth,0.0
doering,0.0
staat,0.0
sozial,0.0
geschicht,0.0
petri,0.0
darwinian,0.0
arbeit,0.0
volk,0.0
unselfish,0.0
mosak,0.0
imponder,0.0
wellbalanc,0.0
flationari,0.0
pentup,0.0
lendleas,0.0
timer,0.0
twentyyear,0.0
lindblom,0.0
abbott,0.0
brem,0.0
manuf,0.0
arndt,0.0
division,0.0
jobber,0.0
exclaim,0.0
detain,0.0
colm,0.0
deus,0.0
pensabl,0.0
tionist,0.0
dishoard,0.0
swung,0.0
miracul,0.0
zealous,0.0
jungl,0.0
overhang,0.0
spade,0.0
rier,0.0
lethargi,0.0
overexpans,0.0
xxxvii,0.0
sud,0.0
presi,0.0
wrought,0.0
debted,0.0
demor,0.0
cousin,0.0
stroy,0.0
forgot,0.0
herd,0.0
realest,0.0
starv,0.0
discour,0.0
bale,0.0
adag,0.0
problemth,0.0
totalitarian,0.0
craftsman,0.0
colchest,0.0
dunlop,0.0
incurs,0.0
wheeler,0.0
antwerp,0.0
mediterranean,0.0
forcibl,0.0
plymouth,0.0
vend,0.0
dissatisfact,0.0
lxiii,0.0
terpris,0.0
misread,0.0
statesman,0.0
emption,0.0
ligious,0.0
politicoeconom,0.0
unlearn,0.0
preju,0.0
esteem,0.0
crave,0.0
insidi,0.0
reformist,0.0
vulgar,0.0
insult,0.0
fraud,0.0
hamlet,0.0
upheav,0.0
shoup,0.0
forsak,0.0
dualist,0.0
sway,0.0
touchston,0.0
warburton,0.0
realtor,0.0
housewif,0.0
nonborrow,0.0
scrupul,0.0
plaus,0.0
onth,0.0
macaulay,0.0
positor,0.0
swarm,0.0
cipient,0.0
nephew,0.0
eclect,0.0
bankheld,0.0
wisest,0.0
ceipt,0.0
muner,0.0
didact,0.0
misappli,0.0
leasehold,0.0
diffid,0.0
assigne,0.0
marker,0.0
qualm,0.0
mirag,0.0
originat,0.0
timeth,0.0
undernourish,0.0
shirt,0.0
dearth,0.0
eliot,0.0
lowel,0.0
martial,0.0
rosss,0.0
gradua,0.0
pirat,0.0
genci,0.0
emer,0.0
injustic,0.0
skil,0.0
scribner,0.0
hawtrey,0.0
wagelevel,0.0
creditr,0.0
fident,0.0
unstabil,0.0
voke,0.0
quisit,0.0
unalloc,0.0
theoretician,0.0
dock,0.0
dutiabl,0.0
authent,0.0
bari,0.0
downfal,0.0
commonsens,0.0
renown,0.0
wound,0.0
arbit,0.0
repuls,0.0
deport,0.0
weari,0.0
atmo,0.0
maladi,0.0
obligatori,0.0
hawk,0.0
movabl,0.0
weav,0.0
fierc,0.0
frighten,0.0
ruler,0.0
inculc,0.0
insati,0.0
protract,0.0
vineyard,0.0
nobil,0.0
enlist,0.0
fright,0.0
handicraft,0.0
thiev,0.0
ossa,0.0
workmanship,0.0
turgot,0.0
extinct,0.0
oratori,0.0
commune,0.0
boast,0.0
cheer,0.0
emigr,0.0
appren,0.0
twentytwo,0.0
frenchmen,0.0
rarer,0.0
helpless,0.0
workerspecif,0.0
emperor,0.0
festiv,0.0
fiftyseven,0.0
crumbl,0.0
monster,0.0
pulmonari,0.0
paralyz,0.0
instruc,0.0
immov,0.0
antagonist,0.0
scandinavia,0.0
ioooo,0.0
histoir,0.0
suffrag,0.0
lifeinsur,0.0
asylum,0.0
imprison,0.0
splendid,0.0
voyag,0.0
rochell,0.0
amiti,0.0
danzig,0.0
seventeenthcenturi,0.0
spice,0.0
sail,0.0
bordeaux,0.0
conquest,0.0
transship,0.0
sandi,0.0
hemp,0.0
flush,0.0
newcastl,0.0
brill,0.0
undersel,0.0
villa,0.0
colder,0.0
scotch,0.0
valeri,0.0
mortenson,0.0
warmer,0.0
bakk,0.0
marbl,0.0
registri,0.0
syria,0.0
glove,0.0
scot,0.0
livr,0.0
regent,0.0
lindustri,0.0
insurrect,0.0
beggar,0.0
revolutionari,0.0
whither,0.0
maritim,0.0
battlefield,0.0
infest,0.0
unhealthi,0.0
brethren,0.0
impati,0.0
specter,0.0
glorious,0.0
clergi,0.0
wellnigh,0.0
refractori,0.0
brave,0.0
pride,0.0
quell,0.0
ablebodi,0.0
stranger,0.0
blair,0.0
interdepartment,0.0
dispassion,0.0
tempera,0.0
epic,0.0
riedl,0.0
thicket,0.0
dragon,0.0
precipi,0.0
promissori,0.0
circumspect,0.0
parri,0.0
fourfifth,0.0
undertook,0.0
strenuous,0.0
authori,0.0
vogu,0.0
remitt,0.0
destini,0.0
remit,0.0
consign,0.0
onus,0.0
madra,0.0
egyptian,0.0
iooooo,0.0
solemn,0.0
swell,0.0
jubile,0.0
ornament,0.0
salabl,0.0
jute,0.0
influx,0.0
animos,0.0
drought,0.0
ammunit,0.0
anglo,0.0
exalt,0.0
tremen,0.0
anglosaxon,0.0
propagandist,0.0
valueless,0.0
prayer,0.0
indign,0.0
persecut,0.0
slightest,0.0
fervent,0.0
mystic,0.0
proval,0.0
epitom,0.0
hutchison,0.0
fessor,0.0
startingpoint,0.0
isfact,0.0
hirshleif,0.0
demn,0.0
palpabl,0.0
myrdal,0.0
ogist,0.0
creed,0.0
hume,0.0
sunset,0.0
assuag,0.0
clari,0.0
inconsider,0.0
malthus,0.0
turi,0.0
commissariat,0.0
instructor,0.0
collectiv,0.0
collat,0.0
dobb,0.0
halfheart,0.0
outbreak,0.0
welltodo,0.0
technician,0.0
peasantri,0.0
prerog,0.0
peasant,0.0
agrarian,0.0
stateown,0.0
malthusian,0.0
fortifi,0.0
teamwork,0.0
gosplan,0.0
selfgovern,0.0
munism,0.0
viction,0.0
freehand,0.0
gomper,0.0
culbertson,0.0
purchasingpow,0.0
anthracit,0.0
rudiment,0.0
guidepost,0.0
stoll,0.0
easton,0.0
italia,0.0
hawaiian,0.0
excerpt,0.0
underemploy,0.0
fungibl,0.0
brisk,0.0
unwelcom,0.0
jeopardi,0.0
melvin,0.0
heaviest,0.0
maladjust,0.0
upkeep,0.0
chandis,0.0
rumor,0.0
jurisprud,0.0
droit,0.0
dumb,0.0
masteri,0.0
unesco,0.0
nonperman,0.0
yearn,0.0
salesmanship,0.0
pauper,0.0
caldwel,0.0
confeder,0.0
jacquemin,0.0
wieser,0.0
inextric,0.0
problemsolv,0.0
dredg,0.0
schema,0.0
thorp,0.0
painstak,0.0
blunder,0.0
impot,0.0
prosecutor,0.0
devast,0.0
unanswer,0.0
incess,0.0
foreword,0.0
arrog,0.0
oberlin,0.0
devious,0.0
saxon,0.0
spokesman,0.0
propaganda,0.0
polem,0.0
fairest,0.0
forthwith,0.0
sayer,0.0
stolper,0.0
eckaus,0.0
nonviabl,0.0
tafthartley,0.0
lxvii,0.0
receivership,0.0
kindahl,0.0
reductio,0.0
segr,0.0
italist,0.0
vicepresid,0.0
mccord,0.0
captain,0.0
glimps,0.0
calvin,0.0
gottfri,0.0
bylaw,0.0
bestow,0.0
homan,0.0
swarthmor,0.0
facsimil,0.0
conscienti,0.0
felicit,0.0
mckee,0.0
bryce,0.0
wore,0.0
xcvii,0.0
countrywid,0.0
capitalth,0.0
communism,0.0
cele,0.0
chineri,0.0
shorttim,0.0
ablest,0.0
wickste,0.0
harrod,0.0
evsey,0.0
frankel,0.0
ricardian,0.0
pigous,0.0
testament,0.0
enemi,0.0
antipathi,0.0
cannan,0.0
talcott,0.0
conspir,0.0
baffl,0.0
allpow,0.0
medit,0.0
hedonist,0.0
sprawl,0.0
graft,0.0
tyranni,0.0
subvent,0.0
settler,0.0
barbado,0.0
positivist,0.0
irrit,0.0
anthropolog,0.0
phenomen,0.0
epistemolog,0.0
fervor,0.0
occam,0.0
cinema,0.0
nomad,0.0
rationalist,0.0
emil,0.0
thoroughgo,0.0
whitin,0.0
verv,0.0
thinker,0.0
brilliant,0.0
denounc,0.0
dearer,0.0
bimetal,0.0
jure,0.0
rupe,0.0
peanut,0.0
gresham,0.0
armament,0.0
coinag,0.0
predomi,0.0
seigniorag,0.0
circula,0.0
wholesom,0.0
bullion,0.0
earnest,0.0
tionalist,0.0
institutionalist,0.0
lectual,0.0
curricula,0.0
impel,0.0
communist,0.0
rudolph,0.0
nonspecul,0.0
knapp,0.0
earl,0.0
thermodynam,0.0
republish,0.0
employeremploye,0.0
paint,0.0
burmeist,0.0
billi,0.0
mikesel,0.0
ladi,0.0
franck,0.0
freshman,0.0
acrosstheboard,0.0
lanham,0.0
sophomor,0.0
retrogress,0.0
mushroom,0.0
hannah,0.0
soup,0.0
unprepar,0.0
dexter,0.0
unscientif,0.0
retrain,0.0
overemphas,0.0
smug,0.0
riskbear,0.0
remarriag,0.0
ticabl,0.0
omer,0.0
mighti,0.0
counselor,0.0
westerfield,0.0
registrar,0.0
basl,0.0
department,0.0
argentin,0.0
miqu,0.0
dominion,0.0
unionmanag,0.0
immatur,0.0
charm,0.0
fullblown,0.0
manifesto,0.0
prose,0.0
corwin,0.0
bentham,0.0
chequ,0.0
laugh,0.0
sparkl,0.0
prekeynesian,0.0
hoselitz,0.0
somer,0.0
hamberg,0.0
diplomat,0.0
argen,0.0
clarenc,0.0
seymour,0.0
ideo,0.0
calam,0.0
jealousi,0.0
anceofpay,0.0
bipartisan,0.0
deavor,0.0
insu,0.0
eigner,0.0
impera,0.0
obstruct,0.0
preciabl,0.0
vember,0.0
slogan,0.0
unrest,0.0
certi,0.0
vike,0.0
hension,0.0
duress,0.0
tawney,0.0
trenton,0.0
knit,0.0
elbow,0.0
glover,0.0
einzig,0.0
andhra,0.0
toil,0.0
circumstanti,0.0
fasten,0.0
preconceiv,0.0
tenor,0.0
lianc,0.0
ratif,0.0
actuat,0.0
predilect,0.0
unencumb,0.0
development,0.0
collabora,0.0
bufferstock,0.0
rawmateri,0.0
bretton,0.0
reconstruc,0.0
amiss,0.0
freemarket,0.0
anachronist,0.0
utopian,0.0
habilit,0.0
procrastin,0.0
cleavag,0.0
disorgan,0.0
reconvers,0.0
protection,0.0
copious,0.0
ofpay,0.0
contracycl,0.0
antidepress,0.0
oppress,0.0
fullfledg,0.0
freer,0.0
forcement,0.0
industrializa,0.0
artisan,0.0
prejudg,0.0
deflationari,0.0
rearmament,0.0
unitvalu,0.0
predevalu,0.0
deteriora,0.0
nental,0.0
currentaccount,0.0
allembrac,0.0
postdevalu,0.0
multilater,0.0
devalua,0.0
deteri,0.0
dollarsterl,0.0
encyclopaedia,0.0
shill,0.0
lawyer,0.0
sympathi,0.0
grass,0.0
cottag,0.0
hansard,0.0
barley,0.0
lloyd,0.0
parliament,0.0
discont,0.0
quiet,0.0
foretel,0.0
antiinflationari,0.0
hinshaw,0.0
trys,0.0
apposit,0.0
terborgh,0.0
minimumwag,0.0
ary,0.0
interestbear,0.0
armistic,0.0
rediscount,0.0
goodrich,0.0
curriculum,0.0
walton,0.0
deconcentr,0.0
carver,0.0
friedrich,0.0
riculum,0.0
politica,0.0
huffman,0.0
falcon,0.0
seligman,0.0
emmett,0.0
nial,0.0
courtesi,0.0
troit,0.0
ledger,0.0
lessli,0.0
statistisk,0.0
fractur,0.0
lancashir,0.0
lxxxii,0.0
recontract,0.0
wholes,0.0
triffin,0.0
premarit,0.0
clyde,0.0
bright,0.0
graze,0.0
riskshift,0.0
intergovern,0.0
superannu,0.0
cassadi,0.0
balogh,0.0
cheater,0.0
stagnat,0.0
hobson,0.0
bimonth,0.0
fanat,0.0
weldon,0.0
everett,0.0
watkin,0.0
dewhurst,0.0
cairncross,0.0
inadvis,0.0
almond,0.0
noncontractu,0.0
augustus,0.0
laud,0.0
abdul,0.0
harriss,0.0
rious,0.0
evict,0.0
underpay,0.0
outburst,0.0
parliamentari,0.0
smallhold,0.0
effecta,0.0
signatori,0.0
arrear,0.0
decenc,0.0
concili,0.0
thirtynin,0.0
detri,0.0
speedili,0.0
colonel,0.0
noxious,0.0
statesmanship,0.0
storm,0.0
fallow,0.0
assent,0.0
tide,0.0
februarymarch,0.0
stoppag,0.0
revoc,0.0
overman,0.0
cultiva,0.0
norfolk,0.0
unhappi,0.0
tarshi,0.0
noneconomist,0.0
preneuri,0.0
rendement,0.0
necessair,0.0
nonintervent,0.0
quel,0.0
tenu,0.0
interet,0.0
taux,0.0
theoriqu,0.0
consomm,0.0
font,0.0
encor,0.0
egal,0.0
economni,0.0
celui,0.0
partir,0.0
dernier,0.0
peuvent,0.0
lequilibr,0.0
seulement,0.0
chacun,0.0
suivant,0.0
dissoci,0.0
aucun,0.0
liaison,0.0
physiqu,0.0
relativ,0.0
tribe,0.0
iness,0.0
doherti,0.0
pervert,0.0
smithsonian,0.0
sraffa,0.0
lamont,0.0
graff,0.0
holloway,0.0
christen,0.0
bradi,0.0
duncker,0.0
hacienda,0.0
minister,0.0
piero,0.0
libertarian,0.0
citizenship,0.0
pricedetermin,0.0
ivat,0.0
delud,0.0
referenda,0.0
cialist,0.0
renaiss,0.0
rowan,0.0
travaux,0.0
sten,0.0
periti,0.0
momen,0.0
frugal,0.0
bergson,0.0
prive,0.0
shortperiod,0.0
pedigre,0.0
noncorpor,0.0
peninsula,0.0
luigi,0.0
stubborn,0.0
plato,0.0
aristotl,0.0
conscienc,0.0
disquiet,0.0
imbu,0.0
disgrac,0.0
surveyor,0.0
parish,0.0
reconvert,0.0
ainsi,0.0
scath,0.0
fodder,0.0
cheshir,0.0
acquit,0.0
bedroom,0.0
sailor,0.0
milner,0.0
ambassador,0.0
selfhelp,0.0
herald,0.0
asquith,0.0
fittest,0.0
vincenzo,0.0
termediari,0.0
financier,0.0
postindustri,0.0
quil,0.0
monnai,0.0
diminu,0.0
propriet,0.0
chaqu,0.0
teris,0.0
librairi,0.0
abolit,0.0
leconomi,0.0
effet,0.0
particuli,0.0
cestadir,0.0
facteur,0.0
dautr,0.0
reel,0.0
exempl,0.0
revenus,0.0
lorsqu,0.0
encroach,0.0
latvia,0.0
phila,0.0
lawson,0.0
ciolog,0.0
achill,0.0
delphia,0.0
humblot,0.0
beatric,0.0
cedent,0.0
ginger,0.0
intraeuropean,0.0
exportimport,0.0
havana,0.0
foreignown,0.0
cessat,0.0
riddl,0.0
marketpric,0.0
hobb,0.0
ancient,0.0
eighteenthcenturi,0.0
ardiz,0.0
towel,0.0
duck,0.0
malais,0.0
niger,0.0
syrup,0.0
cracker,0.0
pickl,0.0
finishedgood,0.0
grape,0.0
protagonist,0.0
trine,0.0
marget,0.0
expansionist,0.0
overemphasi,0.0
plac,0.0
sham,0.0
refuge,0.0
kindleberg,0.0
tectiv,0.0
magnific,0.0
submargin,0.0
bolic,0.0
meatpack,0.0
workweek,0.0
marginalproduct,0.0
singlefirm,0.0
disarm,0.0
tribal,0.0
overpopul,0.0
freetrad,0.0
overdu,0.0
avia,0.0
jacksonvill,0.0
fowl,0.0
industrialist,0.0
beast,0.0
planter,0.0
monev,0.0
creek,0.0
thanksgiv,0.0
prodtuct,0.0
beginn,0.0
crane,0.0
inor,0.0
guesswork,0.0
gaffney,0.0
provi,0.0
semest,0.0
archaeolog,0.0
theolog,0.0
overstress,0.0
pardon,0.0
caro,0.0
modesti,0.0
outdat,0.0
truer,0.0
mythic,0.0
cretion,0.0
noncapitalist,0.0
pricerais,0.0
indexnumb,0.0
possessor,0.0
scarcer,0.0
narili,0.0
brain,0.0
bumper,0.0
wrest,0.0
laborcost,0.0
unthink,0.0
inim,0.0
paral,0.0
nerat,0.0
serf,0.0
loeb,0.0
garrett,0.0
wastag,0.0
jacket,0.0
inmigr,0.0
valv,0.0
onshor,0.0
unimpor,0.0
epidem,0.0
guesstim,0.0
migra,0.0
downtrend,0.0
awak,0.0
capaci,0.0
singleyear,0.0
schoolag,0.0
pricesupport,0.0
paley,0.0
babi,0.0
simist,0.0
sawmil,0.0
multifari,0.0
lifeexpect,0.0
bewar,0.0
obes,0.0
ingest,0.0
woytinski,0.0
hort,0.0
hosieri,0.0
englishman,0.0
submarin,0.0
solicitor,0.0
leder,0.0
mostfavoredn,0.0
reexport,0.0
sunflow,0.0
onion,0.0
mutton,0.0
statecontrol,0.0
roast,0.0
bazaar,0.0
ukrainian,0.0
openmarket,0.0
cabbag,0.0
buch,0.0
schmoller,0.0
thoriz,0.0
encycloped,0.0
tubingen,0.0
socialeconom,0.0
siebeck,0.0
sprang,0.0
abdic,0.0
doxi,0.0
unilat,0.0
gujarat,0.0
shoemak,0.0
haiti,0.0
dominican,0.0
mostfavor,0.0
wareh,0.0
moneywag,0.0
wageunit,0.0
fortythre,0.0
deposi,0.0
imprint,0.0
thirtyfour,0.0
clearinghous,0.0
messeng,0.0
allay,0.0
fowler,0.0
fiftytwo,0.0
greenback,0.0
counterfeit,0.0
adumbr,0.0
hitler,0.0
foretold,0.0
stale,0.0
goeth,0.0
luther,0.0
autarki,0.0
abstent,0.0
lover,0.0
prussian,0.0
bund,0.0
interlud,0.0
unforeseen,0.0
bagehot,0.0
intelli,0.0
woollen,0.0
muchneed,0.0
lila,0.0
nondefens,0.0
halfdozen,0.0
chamley,0.0
inconm,0.0
illyria,0.0
assidu,0.0
severest,0.0
equalis,0.0
twentyfifth,0.0
burial,0.0
confiscatori,0.0
surtax,0.0
archic,0.0
folder,0.0
overtax,0.0
praisal,0.0
beacon,0.0
eder,0.0
widowhood,0.0
bullard,0.0
durand,0.0
thiss,0.0
glasgow,0.0
machinebuild,0.0
framer,0.0
midi,0.0
weld,0.0
missionari,0.0
delinqu,0.0
interdistrict,0.0
giltedg,0.0
moneymarket,0.0
paretoinferior,0.0
grope,0.0
cing,0.0
kirbi,0.0
capitaliza,0.0
geografia,0.0
citizen,0.0
cvii,0.0
precon,0.0
spectr,0.0
haunt,0.0
clich,0.0
uninhibit,0.0
demolish,0.0
longperiod,0.0
ethnograph,0.0
abigail,0.0
ghent,0.0
bushnel,0.0
lowri,0.0
thomp,0.0
lasall,0.0
engrav,0.0
redemp,0.0
hegel,0.0
bequeath,0.0
baer,0.0
scranton,0.0
phraseolog,0.0
subservi,0.0
rata,0.0
wanger,0.0
ectiv,0.0
sourcebook,0.0
playground,0.0
miarket,0.0
acqui,0.0
permet,0.0
montr,0.0
heresi,0.0
frangoi,0.0
remarqu,0.0
quun,0.0
tripartit,0.0
donc,0.0
cepend,0.0
welter,0.0
thirtyyear,0.0
scare,0.0
inexperi,0.0
necticut,0.0
amor,0.0
roos,0.0
juror,0.0
louisvill,0.0
kredit,0.0
etern,0.0
chevali,0.0
unmitig,0.0
merchan,0.0
bueno,0.0
revolution,0.0
debtequ,0.0
dise,0.0
slave,0.0
okonomi,0.0
chalmer,0.0
genius,0.0
tableau,0.0
nuanc,0.0
richess,0.0
helper,0.0
juvenil,0.0
subjectmatt,0.0
rhine,0.0
akerlof,0.0
macroeconomi,0.0
repaid,0.0
turningpoint,0.0
tarian,0.0
equivoc,0.0
abram,0.0
garag,0.0
conjur,0.0
abstin,0.0
ership,0.0
unsuc,0.0
bogus,0.0
roadway,0.0
nucleus,0.0
fresno,0.0
stillman,0.0
bluff,0.0
fiftyyear,0.0
loco,0.0
steamship,0.0
rector,0.0
redistri,0.0
undivid,0.0
extinguish,0.0
sumit,0.0
caliti,0.0
defianc,0.0
cowork,0.0
carp,0.0
grief,0.0
hallmark,0.0
chanic,0.0
indubit,0.0
candor,0.0
enfin,0.0
recompens,0.0
middleincom,0.0
utilit,0.0
scissor,0.0
amorph,0.0
termsoftrad,0.0
iversen,0.0
balanceof,0.0
heckscherohlin,0.0
oftrad,0.0
reconcilia,0.0
teenthcenturi,0.0
clash,0.0
nineteenthcenturi,0.0
ohlin,0.0
convic,0.0
infantindustri,0.0
whiski,0.0
varieg,0.0
depositor,0.0
outputa,0.0
bolder,0.0
imperfec,0.0
commonstock,0.0
flash,0.0
renunci,0.0
desper,0.0
monetair,0.0
penchant,0.0
festat,0.0
classificatori,0.0
regiment,0.0
casion,0.0
subunit,0.0
outspoken,0.0
roback,0.0
sixtyfour,0.0
skyrocket,0.0
middles,0.0
incomeearn,0.0
youngster,0.0
footloos,0.0
unconsci,0.0
selfperpetu,0.0
losophi,0.0
tongu,0.0
leftw,0.0
anarch,0.0
outliv,0.0
sixtyon,0.0
couldnt,0.0
rag,0.0
migratori,0.0
twofifth,0.0
hazel,0.0
upsw,0.0
summon,0.0
demanda,0.0
selffulfil,0.0
nonquantit,0.0
riag,0.0
remun,0.0
complish,0.0
folli,0.0
drick,0.0
newborn,0.0
lexi,0.0
mitment,0.0
subnorm,0.0
torial,0.0
reputa,0.0
rietz,0.0
scriptiv,0.0
flower,0.0
equilibri,0.0
incompet,0.0
centraliza,0.0
equaliz,0.0
goodwil,0.0
erstwhil,0.0
affluenc,0.0
hightax,0.0
shrunk,0.0
weimar,0.0
ister,0.0
grantsinaid,0.0
schiff,0.0
downsw,0.0
utiv,0.0
taxrat,0.0
necessi,0.0
flanagan,0.0
margarin,0.0
canning,0.0
auspici,0.0
wirtschaftsforschung,0.0
nazi,0.0
saar,0.0
ingrain,0.0
steadier,0.0
bake,0.0
shrewd,0.0
endang,0.0
saturday,0.0
noncompet,0.0
urnal,0.0
predepress,0.0
gratif,0.0
remodel,0.0
reclassif,0.0
edith,0.0
investmentcapit,0.0
criminolog,0.0
joness,0.0
porto,0.0
debentur,0.0
procter,0.0
politik,0.0
bolton,0.0
banner,0.0
bien,0.0
despis,0.0
disinterest,0.0
flimsi,0.0
plough,0.0
kinship,0.0
longtim,0.0
indif,0.0
cisiv,0.0
comn,0.0
fordham,0.0
crusad,0.0
terfer,0.0
angloamerican,0.0
stalin,0.0
croatia,0.0
heaven,0.0
comrad,0.0
terrif,0.0
fetish,0.0
capitala,0.0
muddl,0.0
academician,0.0
quintessenti,0.0
baran,0.0
marxism,0.0
belliger,0.0
morn,0.0
nonliquid,0.0
picket,0.0
serfdom,0.0
slav,0.0
physiocrat,0.0
cantillon,0.0
mun,0.0
loantovalu,0.0
hoyt,0.0
missal,0.0
oath,0.0
drawal,0.0
fishermen,0.0
striker,0.0
paign,0.0
outrun,0.0
misconduct,0.0
unscrupul,0.0
overrul,0.0
latur,0.0
feather,0.0
nlrb,0.0
alltim,0.0
onesixth,0.0
secess,0.0
petition,0.0
acquiesc,0.0
julydecemb,0.0
petti,0.0
newcom,0.0
sacri,0.0
preemptiv,0.0
balancesheet,0.0
caption,0.0
tortur,0.0
predica,0.0
repar,0.0
reme,0.0
capitali,0.0
cataclysm,0.0
preentri,0.0
sacrosanct,0.0
custodian,0.0
notein,0.0
classicist,0.0
cull,0.0
babcock,0.0
redevelop,0.0
prognost,0.0
dous,0.0
lowrent,0.0
dors,0.0
woefulli,0.0
nisbet,0.0
adapta,0.0
nmore,0.0
longestablish,0.0
lockout,0.0
anted,0.0
intimid,0.0
monthend,0.0
enquet,0.0
titat,0.0
bilingu,0.0
typewrit,0.0
hubbard,0.0
roller,0.0
raven,0.0
pedant,0.0
lombard,0.0
dialect,0.0
whale,0.0
keat,0.0
sweat,0.0
specu,0.0
ographi,0.0
niemi,0.0
calm,0.0
hesi,0.0
disproport,0.0
prophet,0.0
tanci,0.0
fluid,0.0
incometh,0.0
impugn,0.0
apprehens,0.0
belittl,0.0
herschel,0.0
unionist,0.0
lapplic,0.0
journial,0.0
rankandfil,0.0
nonaffili,0.0
runoff,0.0
desist,0.0
flagrant,0.0
cruditi,0.0
legi,0.0
steward,0.0
featherbed,0.0
restitut,0.0
misund,0.0
expuls,0.0
whitehead,0.0
doubleday,0.0
nonpartisan,0.0
pilat,0.0
wilkin,0.0
inflict,0.0
precommit,0.0
buoyanc,0.0
leaf,0.0
stimu,0.0
tarif,0.0
willet,0.0
carbid,0.0
auburn,0.0
solitari,0.0
morrow,0.0
miscel,0.0
knut,0.0
aubrey,0.0
schell,0.0
polanyi,0.0
adolf,0.0
phosphat,0.0
uranium,0.0
protestant,0.0
crush,0.0
nitrat,0.0
serbia,0.0
unfund,0.0
anthropologist,0.0
peru,0.0
cocoa,0.0
cuban,0.0
blanch,0.0
kerosen,0.0
nonresid,0.0
australasia,0.0
cote,0.0
spear,0.0
lubric,0.0
rife,0.0
bullock,0.0
sodium,0.0
douti,0.0
neisser,0.0
trickl,0.0
lionel,0.0
deced,0.0
merril,0.0
anticipa,0.0
leighton,0.0
outright,0.0
gardin,0.0
psychiatrist,0.0
cork,0.0
emili,0.0
paish,0.0
macgregor,0.0
rothbarth,0.0
recapit,0.0
lesse,0.0
bori,0.0
absente,0.0
mobilis,0.0
entif,0.0
brooklyn,0.0
refinanc,0.0
rosensteinrodan,0.0
laneous,0.0
josiah,0.0
haustibl,0.0
liberia,0.0
frickey,0.0
nongovernment,0.0
issuanc,0.0
frenzi,0.0
smell,0.0
foul,0.0
intercours,0.0
sixtyeight,0.0
upris,0.0
leaki,0.0
rotten,0.0
electrif,0.0
alloy,0.0
subcontract,0.0
figment,0.0
tributari,0.0
terminus,0.0
summit,0.0
cheapen,0.0
eden,0.0
globe,0.0
barren,0.0
bonanza,0.0
eastward,0.0
upland,0.0
reinvest,0.0
mankind,0.0
perat,0.0
materialist,0.0
authoritarian,0.0
paraguay,0.0
susten,0.0
oceania,0.0
minerva,0.0
bengal,0.0
mckenna,0.0
cottonse,0.0
weltwirtschaft,0.0
luxemburg,0.0
visser,0.0
relaps,0.0
cert,0.0
bohmbawerk,0.0
kauffman,0.0
passen,0.0
ritori,0.0
tardi,0.0
sworn,0.0
metabol,0.0
cialism,0.0
allegi,0.0
nondistort,0.0
fascist,0.0
laissezfair,0.0
highpressur,0.0
floyd,0.0
industriali,0.0
agar,0.0
gerschenkron,0.0
selfcontrol,0.0
founder,0.0
tenaci,0.0
thev,0.0
bros,0.0
sane,0.0
ramsay,0.0
tradeunion,0.0
plorat,0.0
aloof,0.0
thorstein,0.0
unwari,0.0
forewarn,0.0
seventytwo,0.0
syllog,0.0
pastor,0.0
agil,0.0
bald,0.0
stacl,0.0
chise,0.0
intercorpor,0.0
interurban,0.0
fest,0.0
policemen,0.0
pretext,0.0
surrend,0.0
commonlaw,0.0
indors,0.0
soit,0.0
faut,0.0
monopolis,0.0
untyp,0.0
appleton,0.0
versaill,0.0
hertz,0.0
gigant,0.0
selfdetermin,0.0
selfdecept,0.0
lore,0.0
gete,0.0
gentlemen,0.0
daughter,0.0
abun,0.0
hist,0.0
wedlock,0.0
theyr,0.0
eldest,0.0
biographi,0.0
humphrey,0.0
avoir,0.0
moyen,0.0
teoria,0.0
endeavour,0.0
beaucoup,0.0
belknap,0.0
quesnay,0.0
conomiqu,0.0
kuwait,0.0
nurks,0.0
worm,0.0
allout,0.0
sidelin,0.0
reviezv,0.0
scriber,0.0
booklet,0.0
elisha,0.0
mack,0.0
murdoch,0.0
stricken,0.0
anni,0.0
slate,0.0
tionnair,0.0
rationnel,0.0
postulat,0.0
lhomm,0.0
fournal,0.0
devant,0.0
allai,0.0
herstein,0.0
risqu,0.0
americain,0.0
punjab,0.0
mica,0.0
soutrc,0.0
kapit,0.0
reissu,0.0
suspens,0.0
heflebow,0.0
tread,0.0
clagu,0.0
troy,0.0
migrant,0.0
tnec,0.0
alimoni,0.0
upperincom,0.0
opul,0.0
bicentenni,0.0
theorya,0.0
unhappili,0.0
pore,0.0
loud,0.0
ruth,0.0
lantic,0.0
schol,0.0
roster,0.0
simeon,0.0
foss,0.0
honorari,0.0
spengler,0.0
ceremoni,0.0
lowanc,0.0
retari,0.0
fever,0.0
spire,0.0
brozen,0.0
lament,0.0
nomine,0.0
penc,0.0
amus,0.0
reinganum,0.0
tandon,0.0
manov,0.0
rentseek,0.0
overproduc,0.0
ticket,0.0
spulber,0.0
bowen,0.0
pankaj,0.0
overproduct,0.0
taurant,0.0
dine,0.0
steak,0.0
tangl,0.0
selfsuffici,0.0
rescind,0.0
toral,0.0
climax,0.0
crunch,0.0
melt,0.0
mcmahon,0.0
congo,0.0
zair,0.0
unsubstanti,0.0
blaug,0.0
netzer,0.0
radioact,0.0
aggriev,0.0
unload,0.0
eager,0.0
retreat,0.0
jointstock,0.0
alley,0.0
gentri,0.0
threesector,0.0
stockbrok,0.0
flotat,0.0
dickson,0.0
unpreced,0.0
gestur,0.0
merchant,0.0
marketa,0.0
dream,0.0
metallurg,0.0
alec,0.0
bitumin,0.0
insular,0.0
disarray,0.0
toledo,0.0
orchestr,0.0
powder,0.0
steamelectr,0.0
peabodi,0.0
coastal,0.0
misestim,0.0
brass,0.0
orchestra,0.0
compuls,0.0
resel,0.0
defaultfre,0.0
disband,0.0
lawsuit,0.0
principalag,0.0
axap,0.0
exac,0.0
disgruntl,0.0
wellmanag,0.0
riskseek,0.0
hakansson,0.0
mentor,0.0
reorganiza,0.0
volunt,0.0
zambia,0.0
singlepric,0.0
plumber,0.0
uncompl,0.0
yamey,0.0
ucq,0.0
joriti,0.0
letp,0.0
crum,0.0
arrowpratt,0.0
visor,0.0
anand,0.0
rothschildstiglitz,0.0
modig,0.0
unsecur,0.0
pledg,0.0
debthold,0.0
caq,0.0
corpora,0.0
seventyf,0.0
ironi,0.0
pamphlet,0.0
dysfunct,0.0
balch,0.0
flag,0.0
oneman,0.0
yaari,0.0
viner,0.0
herb,0.0
mfg,0.0
jeanjacqu,0.0
bradstreet,0.0
dissolut,0.0
decor,0.0
lucrat,0.0
menac,0.0
arnott,0.0
malfeas,0.0
carmichael,0.0
versifi,0.0
junior,0.0
issuer,0.0
partak,0.0
singlemind,0.0
propertyright,0.0
karni,0.0
ethiopia,0.0
mouth,0.0
guardian,0.0
incentivecompat,0.0
ethiopian,0.0
adverseselect,0.0
holmstrm,0.0
tection,0.0
famin,0.0
everincreas,0.0
sessment,0.0
dba,0.0
partur,0.0
aristocraci,0.0
novshek,0.0
spatt,0.0
villain,0.0
fhp,0.0
darbi,0.0
wro,0.0
rogerson,0.0
hagerti,0.0
overcompens,0.0
wordofmouth,0.0
leffler,0.0
imperson,0.0
nizat,0.0
orga,0.0
truthtel,0.0
greedi,0.0
unsubsid,0.0
overinsur,0.0
traf,0.0
tuck,0.0
hopper,0.0
deregu,0.0
ceal,0.0
warranti,0.0
csm,0.0
ceivabl,0.0
equiproportion,0.0
nonmonetari,0.0
trebl,0.0
stockpric,0.0
investn,0.0
borch,0.0
undepreci,0.0
injur,0.0
harsh,0.0
harsher,0.0
impun,0.0
markettobook,0.0
priceearn,0.0
benham,0.0
ient,0.0
onedollar,0.0
stavro,0.0
fisc,0.0
hochman,0.0
welfareimprov,0.0
vain,0.0
inela,0.0
warmth,0.0
hansmann,0.0
muse,0.0
peacock,0.0
choke,0.0
westminst,0.0
newfoundland,0.0
preemp,0.0
costum,0.0
weisbrod,0.0
pullman,0.0
costbas,0.0
rlc,0.0
symphoni,0.0
probabi,0.0
museum,0.0
mediev,0.0
trepreneuri,0.0
defacto,0.0
puritan,0.0
lincoln,0.0
anxious,0.0
marina,0.0
timeinconsist,0.0
profitseek,0.0
exxon,0.0
forprofit,0.0
outreach,0.0
nomena,0.0
chairmen,0.0
birch,0.0
yarrow,0.0
laitner,0.0
plott,0.0
undistort,0.0
tank,0.0
dona,0.0
artist,0.0
cabinet,0.0
nearterm,0.0
imnport,0.0
unconstitut,0.0
tolley,0.0
timeconsist,0.0
prepared,0.0
ductibl,0.0
fluctu,0.0
persian,0.0
stor,0.0
earmark,0.0
dome,0.0
fishburn,0.0
giver,0.0
sorrow,0.0
missil,0.0
prospectus,0.0
kamerschen,0.0
subcontractor,0.0
bala,0.0
radar,0.0
berl,0.0
shovel,0.0
foolproof,0.0
bewild,0.0
nexus,0.0
fruition,0.0
plea,0.0
stolen,0.0
straction,0.0
untangl,0.0
cryptic,0.0
wellisz,0.0
hymer,0.0
grubb,0.0
superstar,0.0
garbl,0.0
deepest,0.0
nijhoff,0.0
clone,0.0
erupt,0.0
outbid,0.0
withinindustri,0.0
nonwork,0.0
blueprint,0.0
dissent,0.0
onedigit,0.0
apparel,0.0
asbesto,0.0
nonown,0.0
workmen,0.0
agerel,0.0
disinclin,0.0
illconceiv,0.0
lowrisk,0.0
machlup,0.0
pnq,0.0
nonregul,0.0
photograph,0.0
mander,0.0
maze,0.0
tingenc,0.0
extraor,0.0
mismanag,0.0
marginalist,0.0
resultthat,0.0
tournament,0.0
interperiod,0.0
haircut,0.0
fanci,0.0
merchandis,0.0
enor,0.0
highperform,0.0
madi,0.0
yanke,0.0
firstrat,0.0
wheel,0.0
briefest,0.0
tractor,0.0
renov,0.0
volkswagen,0.0
shu,0.0
tempta,0.0
ratei,0.0
cushion,0.0
roadblock,0.0
studv,0.0
interag,0.0
quantityqu,0.0
pletion,0.0
robot,0.0
cyc,0.0
smallerscal,0.0
fraudul,0.0
sitespecif,0.0
crue,0.0
airfram,0.0
genoa,0.0
merced,0.0
hellwig,0.0
humanitarian,0.0
nonurban,0.0
doublelogarithm,0.0
sponsiv,0.0
inroad,0.0
stim,0.0
undifferenti,0.0
timerel,0.0
liquida,0.0
repudi,0.0
indoctrin,0.0
electri,0.0
cooler,0.0
stove,0.0
intramargin,0.0
reestab,0.0
barest,0.0
composi,0.0
subaddit,0.0
seventeenth,0.0
transpor,0.0
capitalasset,0.0
redesign,0.0
berman,0.0
rocki,0.0
stymi,0.0
lamp,0.0
semilogarithm,0.0
usercost,0.0
stockadjust,0.0
clay,0.0
beaver,0.0
paperwork,0.0
housekeep,0.0
aisi,0.0
frorn,0.0
superaddit,0.0
overt,0.0
goodj,0.0
faulhab,0.0
sead,0.0
repric,0.0
curiti,0.0
vermont,0.0
institution,0.0
entic,0.0
metallurgi,0.0
caprici,0.0
spoilag,0.0
intrafamili,0.0
daylight,0.0
onehour,0.0
aprilmay,0.0
odor,0.0
meek,0.0
unmet,0.0
housew,0.0
piano,0.0
nighttim,0.0
nonmet,0.0
purveyor,0.0
vendor,0.0
silberberg,0.0
proffer,0.0
souirc,0.0
debtor,0.0
misgiv,0.0
supervi,0.0
plaint,0.0
dilapid,0.0
interestelast,0.0
raider,0.0
spoil,0.0
ugli,0.0
mckinney,0.0
vault,0.0
unsaf,0.0
closedend,0.0
nonpay,0.0
nonmanageri,0.0
purest,0.0
secreci,0.0
bernhard,0.0
incremen,0.0
interestinelast,0.0
disciplinari,0.0
vacuum,0.0
triciti,0.0
sadka,0.0
citywid,0.0
unplan,0.0
dertak,0.0
trea,0.0
usuri,0.0
cicchetti,0.0
hendershott,0.0
parcel,0.0
suri,0.0
tator,0.0
coerc,0.0
fluiditi,0.0
fdic,0.0
lowdens,0.0
despair,0.0
thoughtprovok,0.0
transmi,0.0
firstclass,0.0
compart,0.0
procompetit,0.0
highdens,0.0
highprior,0.0
marginalcost,0.0
vill,0.0
teamster,0.0
tionat,0.0
stipu,0.0
osha,0.0
infract,0.0
belowmarket,0.0
nonearn,0.0
annuit,0.0
publicfin,0.0
daytim,0.0
voltag,0.0
topay,0.0
reschedul,0.0
keren,0.0
ekonomiki,0.0
flawless,0.0
journalist,0.0
coststh,0.0
voprosi,0.0
ellman,0.0
lure,0.0
piecework,0.0
heater,0.0
pravda,0.0
karel,0.0
quasipubl,0.0
threeday,0.0
julyaugust,0.0
canyon,0.0
weekday,0.0
oren,0.0
seismic,0.0
taxexempt,0.0
disintermedi,0.0
paralysi,0.0
cutthroat,0.0
smelt,0.0
hartford,0.0
reconstitut,0.0
reim,0.0
ashok,0.0
coni,0.0
schwartzman,0.0
louis,0.0
problema,0.0
arrowdebreu,0.0
incred,0.0
discover,0.0
setback,0.0
uncoordin,0.0
costcut,0.0
variablesth,0.0
grumbl,0.0
panci,0.0
salkev,0.0
forbad,0.0
outpati,0.0
lewin,0.0
entrust,0.0
profitabil,0.0
pauciti,0.0
areawid,0.0
profita,0.0
outlaw,0.0
bursement,0.0
entrydet,0.0
lockhe,0.0
shortliv,0.0
lichtenstein,0.0
disengag,0.0
buckl,0.0
starter,0.0
nonfat,0.0
slovic,0.0
galor,0.0
suasion,0.0
frontal,0.0
phasein,0.0
saling,0.0
ignit,0.0
unprotect,0.0
notforprofit,0.0
protec,0.0
inforn,0.0
tarili,0.0
victorian,0.0
reckless,0.0
volun,0.0
terleckyj,0.0
collis,0.0
interlock,0.0
nehru,0.0
schmookler,0.0
overthecount,0.0
ligat,0.0
meagr,0.0
marchand,0.0
kunz,0.0
whos,0.0
denison,0.0
vaccara,0.0
philanthrop,0.0
enthoven,0.0
milbank,0.0
nonroutin,0.0
neonat,0.0
moroney,0.0
isra,0.0
selfgener,0.0
reser,0.0
assimil,0.0
basecas,0.0
dishwash,0.0
footag,0.0
terranc,0.0
multifamili,0.0
nondevi,0.0
cynthia,0.0
dryer,0.0
cardiac,0.0
acton,0.0
freezer,0.0
surgic,0.0
obstetr,0.0
haveman,0.0
nestor,0.0
norsworthi,0.0
selfregul,0.0
coinsur,0.0
greet,0.0
nonmemb,0.0
myron,0.0
overse,0.0
valueweight,0.0
mcclure,0.0
earhart,0.0
hmos,0.0
tangibl,0.0
nurs,0.0
postsec,0.0
pediatr,0.0
supervisori,0.0
battl,0.0
reenter,0.0
onetwelfth,0.0
teeth,0.0
mushkin,0.0
saleabl,0.0
pashigian,0.0
medoff,0.0
thwart,0.0
fiveday,0.0
bailout,0.0
bourn,0.0
worn,0.0
dinarili,0.0
solidar,0.0
shell,0.0
culprit,0.0
castig,0.0
midatlant,0.0
carriag,0.0
laborcapit,0.0
sidiari,0.0
bifurc,0.0
middlemen,0.0
interr,0.0
allenuzawa,0.0
perunit,0.0
thaler,0.0
freeentri,0.0
timid,0.0
abstrac,0.0
peripheri,0.0
increasingreturn,0.0
satisfic,0.0
rami,0.0
dollarfordollar,0.0
theoryth,0.0
middleman,0.0
obsolesc,0.0
graciela,0.0
pricesa,0.0
selfinsur,0.0
workday,0.0
fixedcost,0.0
fullemploy,0.0
perwork,0.0
shutdown,0.0
dole,0.0
governmentfinanc,0.0
domar,0.0
sophi,0.0
buck,0.0
ticat,0.0
endus,0.0
yellen,0.0
costsav,0.0
labourmanag,0.0
overemploy,0.0
petrochem,0.0
dxdp,0.0
laidoff,0.0
tatonn,0.0
jaroslav,0.0
nonproduc,0.0
socialist,0.0
wae,0.0
mayshar,0.0
reattain,0.0
tyson,0.0
everyday,0.0
mediari,0.0
unrespons,0.0
equilibriumn,0.0
punit,0.0
taxonomi,0.0
resold,0.0
quack,0.0
massproduc,0.0
unrestrain,0.0
uql,0.0
perfectinform,0.0
rebuild,0.0
yorkshir,0.0
oversuppli,0.0
biguous,0.0
shoddi,0.0
needham,0.0
blockad,0.0
multiunit,0.0
forgiv,0.0
ambig,0.0
sistant,0.0
bolster,0.0
qualityquant,0.0
gabszewicz,0.0
fortabl,0.0
kunreuth,0.0
knee,0.0
lenient,0.0
irrevoc,0.0
unitelast,0.0
licen,0.0
chichilniski,0.0
wrestl,0.0
faint,0.0
firn,0.0
balassa,0.0
nondiscriminatori,0.0
fourfirm,0.0
nondi,0.0
largenumb,0.0
criminatori,0.0
prowess,0.0
mysteri,0.0
horner,0.0
overlay,0.0
nett,0.0
whittington,0.0
firmsiz,0.0
stripe,0.0
venabl,0.0
fixedcoeffici,0.0
dustrial,0.0
perimet,0.0
avinash,0.0
postentri,0.0
substandard,0.0
polemarchaki,0.0
twofirm,0.0
keeper,0.0
rosi,0.0
constantreturnstoscal,0.0
unmistak,0.0
quicken,0.0
fourdigit,0.0
kimbal,0.0
undergon,0.0
onesector,0.0
fraumeni,0.0
labo,0.0
hydraul,0.0
currentdollar,0.0
prodigi,0.0
sevenyear,0.0
regener,0.0
oxid,0.0
krutilla,0.0
urgenc,0.0
semifinish,0.0
factorsav,0.0
ploye,0.0
oxygen,0.0
changea,0.0
stereotyp,0.0
sharon,0.0
laughlin,0.0
hearth,0.0
nationwid,0.0
gypsum,0.0
nonsubstitut,0.0
sober,0.0
highercost,0.0
timehorizon,0.0
westfield,0.0
delicaci,0.0
topograph,0.0
rawl,0.0
lowgrad,0.0
resourceus,0.0
highgrad,0.0
plow,0.0
priceoutput,0.0
isoqu,0.0
oneweek,0.0
boiteux,0.0
isocost,0.0
vear,0.0
mohr,0.0
perloff,0.0
changeov,0.0
balancedbudget,0.0
offens,0.0
undocu,0.0
driv,0.0
overpr,0.0
arteri,0.0
blame,0.0
bodili,0.0
steelmak,0.0
overspend,0.0
insolv,0.0
prasad,0.0
quid,0.0
honesti,0.0
typej,0.0
feeder,0.0
defraud,0.0
guaranti,0.0
cynic,0.0
dertaken,0.0
reinsur,0.0
exoner,0.0
excus,0.0
boiler,0.0
propel,0.0
tragic,0.0
redeem,0.0
dynan,0.0
paretoeffici,0.0
polinski,0.0
mouton,0.0
waterway,0.0
reexamina,0.0
grievous,0.0
shortcircuit,0.0
policyhold,0.0
proscript,0.0
triennial,0.0
constantutil,0.0
stifl,0.0
boylan,0.0
youngstown,0.0
forestal,0.0
domicil,0.0
takeoff,0.0
ltv,0.0
ippolito,0.0
keyston,0.0
laggard,0.0
shiftabl,0.0
underpric,0.0
captiv,0.0
thirdparti,0.0
underinvest,0.0
ibbotson,0.0
pyramid,0.0
nosal,0.0
ageri,0.0
taxdef,0.0
sein,0.0
riskreduc,0.0
misallo,0.0
infirm,0.0
solvent,0.0
highestcost,0.0
rud,0.0
alumni,0.0
deputi,0.0
templ,0.0
comptrol,0.0
unison,0.0
woeful,0.0
taiwanes,0.0
rodney,0.0
empow,0.0
nonbank,0.0
disast,0.0
intercompani,0.0
renter,0.0
debtservic,0.0
debtfinanc,0.0
carryforward,0.0
unsolicit,0.0
arlington,0.0
mousli,0.0
sharecropp,0.0
transmitt,0.0
prog,0.0
overcapit,0.0
undercapit,0.0
riskspread,0.0
investorown,0.0
rung,0.0
firmn,0.0
ployer,0.0
reneg,0.0
detach,0.0
dishonest,0.0
hmo,0.0
litter,0.0
nonzerosum,0.0
chisel,0.0
bribe,0.0
geanakoplo,0.0
efect,0.0
gratuit,0.0
noncooper,0.0
leeway,0.0
gerial,0.0
malici,0.0
diversi,0.0
masanori,0.0
armen,0.0
experienceearn,0.0
transactioncost,0.0
costli,0.0
negotia,0.0
agreedupon,0.0
yoram,0.0
holdup,0.0
historian,0.0
kochin,0.0
fixedwag,0.0
ofjob,0.0
entrepreneurship,0.0
beforetax,0.0
falter,0.0
laborsav,0.0
eighthour,0.0
borcherd,0.0
beneficiari,0.0
moss,0.0
nongovern,0.0
propound,0.0
schlesing,0.0
hereditari,0.0
untoward,0.0
taxi,0.0
sunday,0.0
maceut,0.0
phar,0.0
auster,0.0
reimpos,0.0
mercantil,0.0
ricultur,0.0
repeal,0.0
omnipres,0.0
entrench,0.0
stupid,0.0
stint,0.0
oneseventh,0.0
legislatur,0.0
preferenti,0.0
underproduc,0.0
unani,0.0
submerg,0.0
sown,0.0
beli,0.0
residen,0.0
hair,0.0
fool,0.0
pazner,0.0
kelvin,0.0
landlord,0.0
chicken,0.0
cleans,0.0
garner,0.0
unpaid,0.0
emitt,0.0
higg,0.0
shackl,0.0
exag,0.0
exhort,0.0
withheld,0.0
effluent,0.0
deaf,0.0
landown,0.0
hazi,0.0
margoli,0.0
gerat,0.0
soviettyp,0.0
wpj,0.0
brealey,0.0
sanford,0.0
nemour,0.0
jodi,0.0
trom,0.0
piedmont,0.0
yanni,0.0
wageoff,0.0
saver,0.0
ferdinand,0.0
noncompeti,0.0
stigum,0.0
cretionari,0.0
constantcost,0.0
enum,0.0
unrea,0.0
ambulatori,0.0
cession,0.0
allpurpos,0.0
drum,0.0
hatta,0.0
thirdbest,0.0
underproduct,0.0
sonist,0.0
dissemi,0.0
currentvalu,0.0
eyeglass,0.0
arthriti,0.0
vertis,0.0
nonconting,0.0
humancapit,0.0
peltzman,0.0
pissarid,0.0
nyc,0.0
riorat,0.0
counteroff,0.0
nonstop,0.0
unioniza,0.0
sudan,0.0
steadfast,0.0
desira,0.0
singlesector,0.0
unlev,0.0
vestor,0.0
slot,0.0
televi,0.0
audi,0.0
lauderdal,0.0
coach,0.0
viewer,0.0
studio,0.0
almanac,0.0
tisement,0.0
telecommuni,0.0
vittorio,0.0
miron,0.0
senger,0.0
corbo,0.0
renal,0.0
skelet,0.0
plight,0.0
whiskey,0.0
traliz,0.0
paratus,0.0
prudenc,0.0
burglari,0.0
yearbyyear,0.0
sear,0.0
mium,0.0
misstat,0.0
drinker,0.0
slowmov,0.0
boland,0.0
cdr,0.0
doserespons,0.0
damon,0.0
nonalcohol,0.0
shine,0.0
incit,0.0
ageadjust,0.0
outofst,0.0
drunk,0.0
usgpo,0.0
chamberlinian,0.0
ishaq,0.0
shapley,0.0
boddi,0.0
aero,0.0
permeat,0.0
highyield,0.0
interconnected,0.0
incommensur,0.0
specimen,0.0
highvolum,0.0
neuro,0.0
underinsur,0.0
pneumonia,0.0
xray,0.0
electro,0.0
debilit,0.0
pricesett,0.0
selfrat,0.0
priva,0.0
surgeon,0.0
trauma,0.0
higherincom,0.0
coronari,0.0
neurolog,0.0
gynecolog,0.0
loophol,0.0
restruc,0.0
econoin,0.0
truste,0.0
reor,0.0
notifi,0.0
hawthorn,0.0
ferior,0.0
omist,0.0
exitvoic,0.0
noncoopera,0.0
dualism,0.0
topographi,0.0
alcoa,0.0
invas,0.0
synergi,0.0
rever,0.0
fabri,0.0
samaritan,0.0
compensatori,0.0
marvel,0.0
skirt,0.0
satori,0.0
bleach,0.0
whomev,0.0
brechl,0.0
pensatori,0.0
nonsteadi,0.0
portrait,0.0
paternalist,0.0
grier,0.0
registra,0.0
informationgath,0.0
inevi,0.0
gort,0.0
absorpt,0.0
survi,0.0
inattent,0.0
outflow,0.0
overh,0.0
calib,0.0
flate,0.0
sympath,0.0
widow,0.0
predisposit,0.0
technocrat,0.0
dust,0.0
dupont,0.0
advertisingsal,0.0
fugit,0.0
oligopo,0.0
smelter,0.0
pall,0.0
domino,0.0
collu,0.0
darg,0.0
fullcost,0.0
profitmaxi,0.0
dioxid,0.0
gase,0.0
accel,0.0
celer,0.0
twotier,0.0
listic,0.0
cda,0.0
fighter,0.0
comparativestat,0.0
informationth,0.0
ohta,0.0
greenhut,0.0
icat,0.0
lifespan,0.0
strickland,0.0
misc,0.0
clarkson,0.0
entwicklung,0.0
grandfath,0.0
concentrationprofit,0.0
rapoport,0.0
entrydeterr,0.0
spiller,0.0
dereg,0.0
gunter,0.0
dqq,0.0
pablo,0.0
unsustain,0.0
cuni,0.0
paroush,0.0
ropolitan,0.0
downtown,0.0
brandnam,0.0
outdoor,0.0
workingclass,0.0
insig,0.0
citypair,0.0
rebutt,0.0
newark,0.0
marketdetermin,0.0
evolutionarili,0.0
biologist,0.0
retrad,0.0
unattach,0.0
downright,0.0
funnel,0.0
flare,0.0
rude,0.0
crisp,0.0
abey,0.0
selectiv,0.0
ripoff,0.0
agglom,0.0
urp,0.0
wolinski,0.0
centrifug,0.0
costsa,0.0
nours,0.0
cosmet,0.0
timeprefer,0.0
laundri,0.0
sami,0.0
utct,0.0
cannib,0.0
bogu,0.0
mutant,0.0
sensat,0.0
racism,0.0
intrafirm,0.0
inop,0.0
uncl,0.0
doomsday,0.0
microwav,0.0
horror,0.0
uhf,0.0
dealership,0.0
tric,0.0
panopli,0.0
indefens,0.0
breath,0.0
debunk,0.0
cloak,0.0
quibbl,0.0
umbrella,0.0
tributor,0.0
firsthand,0.0
unwritten,0.0
nitrogen,0.0
widget,0.0
ruthless,0.0
sioner,0.0
pathi,0.0
readership,0.0
sorri,0.0
humanist,0.0
foolhardi,0.0
germ,0.0
contempt,0.0
monolith,0.0
comparabil,0.0
combust,0.0
excl,0.0
disdain,0.0
downturn,0.0
enjoin,0.0
humil,0.0
refund,0.0
packer,0.0
milieu,0.0
motorcar,0.0
caricatur,0.0
flock,0.0
chop,0.0
qualifica,0.0
olmstead,0.0
kathi,0.0
verit,0.0
nys,0.0
fishlow,0.0
metaphor,0.0
immers,0.0
overextend,0.0
eloqu,0.0
demolit,0.0
craci,0.0
warehous,0.0
fantasi,0.0
lowrat,0.0
omous,0.0
uruguay,0.0
undisclos,0.0
yugoslavia,0.0
cuba,0.0
wachtel,0.0
iraq,0.0
colombia,0.0
bolivia,0.0
egypt,0.0
wilton,0.0
hatr,0.0
talism,0.0
orat,0.0
successor,0.0
preme,0.0
revolu,0.0
proclam,0.0
incapac,0.0
unremit,0.0
mcnamara,0.0
unpopular,0.0
eulog,0.0
ellsworth,0.0
biograph,0.0
mandel,0.0
medal,0.0
rumania,0.0
lebanon,0.0
scanlon,0.0
servitud,0.0
highrat,0.0
nonmed,0.0
unpric,0.0
ginsburg,0.0
dichot,0.0
shorterterm,0.0
decen,0.0
nonacadem,0.0
ciliti,0.0
firstchoic,0.0
overconsum,0.0
arbitr,0.0
downpay,0.0
nondiscrimina,0.0
higherrisk,0.0
rower,0.0
prejudici,0.0
politan,0.0
creditworthi,0.0
sertion,0.0
ratori,0.0
malaya,0.0
algeria,0.0
resign,0.0
ceylon,0.0
yearsth,0.0
outpac,0.0
fratern,0.0
imperil,0.0
rebound,0.0
coercion,0.0
tunist,0.0
exem,0.0
burst,0.0
porari,0.0
stabi,0.0
disillusion,0.0
lanzillotti,0.0
cordial,0.0
clout,0.0
plishment,0.0
peacetim,0.0
misunderstood,0.0
manda,0.0
interventionist,0.0
antiinfl,0.0
initia,0.0
longlast,0.0
industrybyindustri,0.0
dismantl,0.0
fens,0.0
environmentalist,0.0
congressmen,0.0
hiatus,0.0
subterfug,0.0
soybean,0.0
ocrat,0.0
nadir,0.0
marvin,0.0
talist,0.0
reich,0.0
dissens,0.0
docil,0.0
ranch,0.0
marxist,0.0
cosmopolitan,0.0
milit,0.0
civic,0.0
oniki,0.0
consumptiona,0.0
onestandarddevi,0.0
uncom,0.0
torili,0.0
onestandard,0.0
dwp,0.0
festing,0.0
willard,0.0
postexperi,0.0
kohler,0.0
mispredict,0.0
semiarid,0.0
underwritten,0.0
mcadam,0.0
findlay,0.0
galenson,0.0
braith,0.0
buoy,0.0
uneduc,0.0
lowerincom,0.0
nationalist,0.0
wield,0.0
sinist,0.0
arbitra,0.0
firstserv,0.0
acced,0.0
egoism,0.0
firstcom,0.0
strife,0.0
avow,0.0
promo,0.0
latecom,0.0
selfsustain,0.0
squander,0.0
concoct,0.0
chairmanship,0.0
shakespear,0.0
wrinkl,0.0
roseackerman,0.0
sulphur,0.0
atmospher,0.0
ypix,0.0
noninflationari,0.0
midst,0.0
apologet,0.0
frivol,0.0
unimagin,0.0
timiz,0.0
unorgan,0.0
ineffectu,0.0
multipleproduct,0.0
corpo,0.0
ulman,0.0
turer,0.0
unquantifi,0.0
misfortun,0.0
barter,0.0
shultz,0.0
assault,0.0
runaway,0.0
ineq,0.0
setasid,0.0
adjudg,0.0
reopen,0.0
omaha,0.0
ufactur,0.0
wesleyan,0.0
statur,0.0
conglom,0.0
deprec,0.0
murki,0.0
speaker,0.0
childrear,0.0
shipyard,0.0
structureperform,0.0
marketori,0.0
indulg,0.0
costpric,0.0
augustseptemb,0.0
harlan,0.0
allornoth,0.0
rabin,0.0
shelv,0.0
tinuat,0.0
threefirm,0.0
malcolm,0.0
upgrad,0.0
penni,0.0
dodd,0.0
infrastruc,0.0
capron,0.0
benporath,0.0
tudin,0.0
longi,0.0
smsas,0.0
verti,0.0
taxsubsidi,0.0
guild,0.0
ageincom,0.0
haley,0.0
apprentic,0.0
autocrat,0.0
prestigi,0.0
sketchi,0.0
disinvest,0.0
econon,0.0
discr,0.0
silberston,0.0
attorney,0.0
haphazard,0.0
induistri,0.0
cogniz,0.0
bane,0.0
scheffman,0.0
prosecut,0.0
cch,0.0
retali,0.0
whim,0.0
noncontract,0.0
priceelast,0.0
neher,0.0
ledyard,0.0
thereupon,0.0
softwood,0.0
cartwright,0.0
itor,0.0
quaint,0.0
plywood,0.0
areal,0.0
heap,0.0
replant,0.0
teas,0.0
emolu,0.0
rhoad,0.0
stun,0.0
healthier,0.0
citrus,0.0
sausag,0.0
cigar,0.0
pictori,0.0
claud,0.0
paretooptim,0.0
juic,0.0
ordeshook,0.0
lifesav,0.0
decod,0.0
nontradit,0.0
nonavail,0.0
canner,0.0
demot,0.0
oligopsonist,0.0
grower,0.0
sorghum,0.0
sutter,0.0
piecer,0.0
variet,0.0
perioda,0.0
picker,0.0
sacramento,0.0
joaquin,0.0
generalist,0.0
immor,0.0
frieden,0.0
layman,0.0
ondari,0.0
perfirm,0.0
archi,0.0
raviv,0.0
juxtapos,0.0
taxfre,0.0
ageearn,0.0
fiftyon,0.0
typist,0.0
portal,0.0
displeasur,0.0
fornia,0.0
ruption,0.0
darius,0.0
daedalus,0.0
pricea,0.0
arabia,0.0
productioni,0.0
balanceofpay,0.0
daspremont,0.0
repeatedgam,0.0
opoli,0.0
flank,0.0
dilip,0.0
weinstein,0.0
hamada,0.0
mechani,0.0
hicl,0.0
markusen,0.0
agen,0.0
stub,0.0
onsit,0.0
machinist,0.0
drain,0.0
snowbal,0.0
codif,0.0
erect,0.0
conduit,0.0
tade,0.0
bureaucrat,0.0
chevrolet,0.0
wellfunct,0.0
adjud,0.0
tomobil,0.0
perquisit,0.0
mediumrun,0.0
transcontinent,0.0
pipe,0.0
prepara,0.0
standalon,0.0
spectacl,0.0
alton,0.0
toyota,0.0
alaskan,0.0
frontend,0.0
pectanc,0.0
overcharg,0.0
winnick,0.0
painter,0.0
ecent,0.0
maisel,0.0
crosssubsid,0.0
belov,0.0
profe,0.0
ingo,0.0
noncapit,0.0
subsidiza,0.0
nonfulfil,0.0
mestic,0.0
housebuild,0.0
bathroom,0.0
jurisd,0.0
wealthier,0.0
hud,0.0
kalachek,0.0
electrician,0.0
indoor,0.0
reluc,0.0
grebler,0.0
nonjoint,0.0
ventil,0.0
outmod,0.0
tact,0.0
cisco,0.0
prefabr,0.0
ganiz,0.0
knowabl,0.0
espous,0.0
unprec,0.0
emnploy,0.0
fini,0.0
economnica,0.0
kessel,0.0
marketwid,0.0
overpay,0.0
mckay,0.0
baruch,0.0
posthigh,0.0
knowhow,0.0
gopolist,0.0
stockmarket,0.0
gopoli,0.0
takeo,0.0
drdt,0.0
undiversifi,0.0
glomer,0.0
cournottyp,0.0
revela,0.0
vene,0.0
senti,0.0
opposi,0.0
documentari,0.0
sixtyf,0.0
gineer,0.0
agric,0.0
nonschool,0.0
wvage,0.0
secondarili,0.0
freund,0.0
foreknowledg,0.0
interject,0.0
armslength,0.0
partisan,0.0
amort,0.0
kung,0.0
cutback,0.0
islat,0.0
eaten,0.0
theft,0.0
diversifica,0.0
tideman,0.0
auditor,0.0
brito,0.0
sarnat,0.0
turnout,0.0
reign,0.0
preannounc,0.0
avraham,0.0
fvalu,0.0
lowerpr,0.0
bergmann,0.0
lyle,0.0
mnarket,0.0
procliv,0.0
symptomat,0.0
feeforservic,0.0
uneth,0.0
fairer,0.0
attrib,0.0
spin,0.0
retaliatori,0.0
vengeanc,0.0
payback,0.0
welfaretheoret,0.0
vitamin,0.0
equlibrium,0.0
blakiston,0.0
lofti,0.0
doctrinair,0.0
ardent,0.0
incentivebas,0.0
perm,0.0
marketbas,0.0
pricep,0.0
heartili,0.0
didnt,0.0
phoenix,0.0
congressman,0.0
belowcost,0.0
mintz,0.0
indemn,0.0
patron,0.0
ehrlich,0.0
counterspecul,0.0
ruinous,0.0
slacken,0.0
pricecut,0.0
selfreinforc,0.0
slichter,0.0
offshoot,0.0
rowli,0.0
thirtyeight,0.0
empiric,0.0
muddi,0.0
janitor,0.0
tough,0.0
tober,0.0
brotherhood,0.0
monopo,0.0
feat,0.0
license,0.0
smithi,0.0
rosenbluth,0.0
selfish,0.0
kuenn,0.0
spinoff,0.0
winer,0.0
malign,0.0
colgat,0.0
divestitur,0.0
meehan,0.0
grab,0.0
immobl,0.0
publicgood,0.0
erlich,0.0
pigovian,0.0
cisionmak,0.0
broach,0.0
deferr,0.0
spokesmen,0.0
rdsale,0.0
unsophist,0.0
delist,0.0
burrow,0.0
aspen,0.0
magnet,0.0
testifi,0.0
zscore,0.0
dewey,0.0
unaffili,0.0
radiat,0.0
physio,0.0
intercontinent,0.0
relish,0.0
unjust,0.0
thejob,0.0
victori,0.0
fetus,0.0
duel,0.0
colloqui,0.0
savvi,0.0
ozon,0.0
informationprocess,0.0
oswald,0.0
reallo,0.0
defray,0.0
muniti,0.0
nopoli,0.0
recount,0.0
prohib,0.0
gossip,0.0
starrett,0.0
taxtransf,0.0
foerder,0.0
eitan,0.0
helpman,0.0
pollu,0.0
periodon,0.0
earningspric,0.0
earthquak,0.0
infus,0.0
liqui,0.0
nontax,0.0
hurri,0.0
bail,0.0
carryback,0.0
precrisi,0.0
stave,0.0
nonnegoti,0.0
selfsupport,0.0
exegesi,0.0
publiclyown,0.0
arbitrageur,0.0
coughlin,0.0
specializa,0.0
volvement,0.0
merat,0.0
laissez,0.0
enci,0.0
nondistortionari,0.0
warfar,0.0
stackel,0.0
undiminish,0.0
jeann,0.0
broke,0.0
immediaci,0.0
telaviv,0.0
execu,0.0
ouput,0.0
vehement,0.0
factbook,0.0
schaefer,0.0
fixedincom,0.0
fidel,0.0
burstein,0.0
acquisi,0.0
tiein,0.0
kwoka,0.0
photo,0.0
disney,0.0
eitheror,0.0
thoriti,0.0
nexttolast,0.0
inconvert,0.0
riverabatiz,0.0
liquor,0.0
twoparti,0.0
twopric,0.0
capitalus,0.0
awh,0.0
laborus,0.0
highpric,0.0
nonpurchas,0.0
nixon,0.0
retribut,0.0
emilio,0.0
postur,0.0
interpos,0.0
foresaw,0.0
bride,0.0
incipi,0.0
arctic,0.0
mainstay,0.0
undersuppli,0.0
orien,0.0
bland,0.0
subsaharan,0.0
disbelief,0.0
valiant,0.0
capsul,0.0
leaven,0.0
robinsonpatman,0.0
equiproport,0.0
facetofac,0.0
hitch,0.0
distortionari,0.0
selfimpos,0.0
upton,0.0
twosector,0.0
mendous,0.0
catalogu,0.0
abrog,0.0
marketshar,0.0
caribbean,0.0
grocer,0.0
airway,0.0
presentvalu,0.0
illadvis,0.0
loyal,0.0
luggag,0.0
minneapolisst,0.0
coextens,0.0
memphi,0.0
outpour,0.0
thatj,0.0
expel,0.0
wichita,0.0
multipleregress,0.0
comer,0.0
eleph,0.0
chaney,0.0
dpdt,0.0
gravel,0.0
fixedproport,0.0
pwr,0.0
blade,0.0
apiec,0.0
welfarereduc,0.0
devin,0.0
physi,0.0
wiser,0.0
nevin,0.0
marion,0.0
ferejohn,0.0
pursuant,0.0
goodsth,0.0
thew,0.0
facial,0.0
predispos,0.0
oooooooooo,0.0
ritual,0.0
debrief,0.0
upcom,0.0
repu,0.0
swim,0.0
experimentalist,0.0
howe,0.0
photocopi,0.0
tralia,0.0
laudabl,0.0
liveri,0.0
drown,0.0
empirebuild,0.0
internation,0.0
selfservic,0.0
cuniari,0.0
problenm,0.0
gilchrist,0.0
nosi,0.0
nerabl,0.0
trajec,0.0
delia,0.0
gregor,0.0
xvith,0.0
teem,0.0
exagg,0.0
smithian,0.0
policya,0.0
menial,0.0
consen,0.0
fastergrow,0.0
thermomet,0.0
reson,0.0
bolivian,0.0
endar,0.0
andes,0.0
anes,0.0
higherpaid,0.0
eignti,0.0
productionwork,0.0
vivor,0.0
marci,0.0
pritchett,0.0
merz,0.0
incalcul,0.0
cun,0.0
unproven,0.0
gur,0.0
profi,0.0
checker,0.0
commoditypric,0.0
dinform,0.0
suen,0.0
spiegler,0.0
malden,0.0
yamashita,0.0
fujita,0.0
tonmil,0.0
robber,0.0
twentynin,0.0
rader,0.0
heiner,0.0
hyderabad,0.0
murnan,0.0
gerlach,0.0
brun,0.0
nub,0.0
fastgrow,0.0
productiona,0.0
inexhaust,0.0
preelect,0.0
bgd,0.0
tism,0.0
overthrow,0.0
nonproperti,0.0
capitalmarket,0.0
ineluct,0.0
counterpoint,0.0
goodsproduc,0.0
lxxxv,0.0
crimi,0.0
aluminum,0.0
cardboard,0.0
nur,0.0
abhor,0.0
grammat,0.0
smuggler,0.0
dirk,0.0
bearish,0.0
matchmak,0.0
ventor,0.0
hernando,0.0
papandreou,0.0
lowercost,0.0
chun,0.0
prepa,0.0
investmentth,0.0
maturi,0.0
gles,0.0
eightyear,0.0
fender,0.0
lutilit,0.0
behr,0.0
uso,0.0
strug,0.0
ruralurban,0.0
culus,0.0
passport,0.0
quasiequilibrium,0.0
fkp,0.0
efficiencywag,0.0
nonsoci,0.0
selfrestraint,0.0
activist,0.0
unwar,0.0
secondaryschool,0.0
naturalist,0.0
mileston,0.0
commonvalu,0.0
nonem,0.0
nonexempt,0.0
partha,0.0
recordkeep,0.0
fortyyear,0.0
remak,0.0
sorption,0.0
malthuss,0.0
izer,0.0
afoul,0.0
nonadjust,0.0
lapham,0.0
litiga,0.0
glamor,0.0
lite,0.0
maizel,0.0
fiscalpolici,0.0
benelux,0.0
routh,0.0
afghanistan,0.0
wasnt,0.0
sheriff,0.0
servicemen,0.0
burglar,0.0
bessem,0.0
ekonomisk,0.0
lampman,0.0
fogarti,0.0
popper,0.0
lxxxix,0.0
niari,0.0
preserva,0.0
auton,0.0
ognit,0.0
conveyor,0.0
fickl,0.0
hobbi,0.0
pretenc,0.0
overridden,0.0
treasuryfeder,0.0
schizophren,0.0
siena,0.0
viser,0.0
retract,0.0
selfint,0.0
homeland,0.0
twelveyear,0.0
malevol,0.0
cion,0.0
suspi,0.0
trializ,0.0
bitious,0.0
pakistani,0.0
subcontin,0.0
spiraci,0.0
siphon,0.0
expro,0.0
primogenitur,0.0
speedup,0.0
curricular,0.0
jani,0.0
florin,0.0
engelmann,0.0
louder,0.0
sproul,0.0
unan,0.0
pieti,0.0
skate,0.0
incomprehens,0.0
miranda,0.0
repossess,0.0
fuhrer,0.0
tyran,0.0
caucasian,0.0
importsubstitut,0.0
fertilis,0.0
roberta,0.0
seamless,0.0
edison,0.0
inspector,0.0
patrol,0.0
overful,0.0
replan,0.0
rebalanc,0.0
productmix,0.0
rebal,0.0
penetra,0.0
devolut,0.0
ultimatum,0.0
paperthat,0.0
noninvest,0.0
undet,0.0
militia,0.0
nonconsumpt,0.0
paradoxi,0.0
gerardi,0.0
sibert,0.0
ambi,0.0
thrill,0.0
betterinform,0.0
vider,0.0
klarman,0.0
savingincom,0.0
garbag,0.0
bath,0.0
busch,0.0
amortis,0.0
champagn,0.0
overconsumpt,0.0
undersav,0.0
recuper,0.0
involun,0.0
uncomplet,0.0
excav,0.0
alicia,0.0
ministeri,0.0
pervis,0.0
robertsonian,0.0
youll,0.0
mayn,0.0
garrison,0.0
progressiv,0.0
intraunion,0.0
racket,0.0
overgener,0.0
apit,0.0
horton,0.0
selffin,0.0
galton,0.0
gershon,0.0
selfcontradictori,0.0
parag,0.0
itarian,0.0
garb,0.0
politic,0.0
implant,0.0
nonreproduc,0.0
dispro,0.0
poetic,0.0
highprob,0.0
speciali,0.0
noneco,0.0
voca,0.0
deacon,0.0
homi,0.0
timi,0.0
wrongdo,0.0
moneyhold,0.0
nesian,0.0
neater,0.0
archimedean,0.0
realwag,0.0
gloom,0.0
weinberg,0.0
winnow,0.0
pedagogi,0.0
quip,0.0
decentralis,0.0
revamp,0.0
coastlin,0.0
invoc,0.0
orthodoxi,0.0
zwick,0.0
plumb,0.0
kilometr,0.0
unat,0.0
ceptiv,0.0
basebal,0.0
fundamentalist,0.0
hardwork,0.0
errant,0.0
guitton,0.0
privateenterpris,0.0
barg,0.0
democra,0.0
dled,0.0
paperboard,0.0
pointtopoint,0.0
marqu,0.0
threedigit,0.0
gru,0.0
malmquist,0.0
priorit,0.0
irreplac,0.0
neokeynesian,0.0
inmat,0.0
humili,0.0
neiman,0.0
lowestqu,0.0
lowestpaid,0.0
trucker,0.0
pansionari,0.0
equilibriumi,0.0
tradictori,0.0
nonmateri,0.0
duggan,0.0
libya,0.0
underd,0.0
mys,0.0
strangl,0.0
thunen,0.0
armor,0.0
watertight,0.0
husbandwif,0.0
neoclassi,0.0
nonfinan,0.0
federalist,0.0
preda,0.0
outlast,0.0
glamour,0.0
bhatt,0.0
ceram,0.0
pediment,0.0
betterqu,0.0
marquez,0.0
vandal,0.0
metz,0.0
speedi,0.0
aerial,0.0
tyre,0.0
workermanag,0.0
terl,0.0
interrup,0.0
gere,0.0
auer,0.0
damm,0.0
orous,0.0
macarthur,0.0
changein,0.0
longerliv,0.0
poetri,0.0
allor,0.0
halevi,0.0
oligarch,0.0
selfassess,0.0
mellor,0.0
beet,0.0
triad,0.0
figuir,0.0
filiat,0.0
goldin,0.0
hersch,0.0
inorgan,0.0
rhodesia,0.0
costincreas,0.0
timein,0.0
pigouvian,0.0
pricecost,0.0
surnam,0.0
crosshaul,0.0
messner,0.0
filipino,0.0
conjoint,0.0
unconcern,0.0
malic,0.0
reread,0.0
farewel,0.0
workth,0.0
upsid,0.0
tonom,0.0
hamiltonian,0.0
feminist,0.0
launder,0.0
furstenberg,0.0
petuat,0.0
selflimit,0.0
stantiat,0.0
gentina,0.0
beggarthyneighbor,0.0
outmigr,0.0
textual,0.0
wagefix,0.0
engen,0.0
sooo,0.0
counterrevolut,0.0
comeback,0.0
welleduc,0.0
sleet,0.0
gallop,0.0
escort,0.0
malta,0.0
credenti,0.0
sciousli,0.0
precolleg,0.0
governmn,0.0
reex,0.0
precinct,0.0
utilitv,0.0
tarr,0.0
econi,0.0
molina,0.0
interprovinci,0.0
peruvian,0.0
confederaci,0.0
ophi,0.0
lott,0.0
longdat,0.0
tidsskrift,0.0
counterinflationari,0.0
lumin,0.0
rediscoveri,0.0
irretriev,0.0
ordeal,0.0
infertil,0.0
esquivel,0.0
recrea,0.0
lusion,0.0
nutter,0.0
industryth,0.0
tene,0.0
skepti,0.0
militarili,0.0
natura,0.0
spotti,0.0
tanganyika,0.0
disobedi,0.0
stalinist,0.0
plinari,0.0
dermin,0.0
brasil,0.0
carvalho,0.0
imagi,0.0
midmonth,0.0
pocket,0.0
reper,0.0
jamin,0.0
underdog,0.0
bolt,0.0
kapur,0.0
uttar,0.0
nonmanufactur,0.0
associt,0.0
appendag,0.0
inerti,0.0
rota,0.0
ferabl,0.0
confectioneri,0.0
fuerst,0.0
neurship,0.0
besoin,0.0
realbal,0.0
idiosyncraci,0.0
moneya,0.0
neutralis,0.0
lastminut,0.0
publicis,0.0
fong,0.0
thcenturi,0.0
edelman,0.0
nonrepres,0.0
viscos,0.0
unitcost,0.0
purer,0.0
installa,0.0
speedier,0.0
moderniza,0.0
bakeri,0.0
unam,0.0
hender,0.0
tuberculosi,0.0
sterilis,0.0
sode,0.0
laborinput,0.0
orienta,0.0
farflung,0.0
juggl,0.0
singlefactor,0.0
virus,0.0
cloudi,0.0
rocal,0.0
incompati,0.0
petenc,0.0
paig,0.0
intellec,0.0
undercount,0.0
lowyield,0.0
camel,0.0
iratio,0.0
leach,0.0
moistur,0.0
illiteraci,0.0
grandmoth,0.0
onom,0.0
consoli,0.0
counterattack,0.0
glick,0.0
leftist,0.0
tiativ,0.0
emptor,0.0
rectif,0.0
selfcorrect,0.0
bran,0.0
connolli,0.0
chronicl,0.0
congenit,0.0
percen,0.0
wvhat,0.0
singleunit,0.0
steelwork,0.0
resin,0.0
nontechnolog,0.0
overnight,0.0
sofar,0.0
smal,0.0
produ,0.0
chest,0.0
rack,0.0
entist,0.0
slug,0.0
lowerpaid,0.0
newfound,0.0
limbo,0.0
doubleedg,0.0
nicer,0.0
singlepl,0.0
anthro,0.0
inmport,0.0
frantic,0.0
toothpast,0.0
ponzi,0.0
fdc,0.0
kodak,0.0
ashton,0.0
mclure,0.0
gilson,0.0
mitch,0.0
unemp,0.0
peyton,0.0
olga,0.0
sche,0.0
carrington,0.0
birger,0.0
niehaus,0.0
zuckerman,0.0
reilli,0.0
placat,0.0
warnock,0.0
clemson,0.0
vera,0.0
bernhardt,0.0
sapir,0.0
brighton,0.0
lucian,0.0
undergrad,0.0
ches,0.0
mcgarri,0.0
duma,0.0
rasmus,0.0
llewellyn,0.0
bowdoin,0.0
westport,0.0
holthausen,0.0
hodgman,0.0
nonvot,0.0
benston,0.0
incontrovert,0.0
counten,0.0
selfreli,0.0
parol,0.0
peratur,0.0
megginson,0.0
bassi,0.0
paglin,0.0
timeli,0.0
securi,0.0
narrat,0.0
aflcio,0.0
conditon,0.0
sherri,0.0
kami,0.0
merl,0.0
ackley,0.0
weisskopf,0.0
hagedorn,0.0
gerri,0.0
kotaro,0.0
cowley,0.0
eccentr,0.0
shove,0.0
civilis,0.0
postel,0.0
gorton,0.0
steen,0.0
goodsand,0.0
extraordi,0.0
unimped,0.0
wealthiest,0.0
niceti,0.0
ercis,0.0
mso,0.0
eritrea,0.0
lxxviii,0.0
hitt,0.0
lynch,0.0
rendig,0.0
lath,0.0
privi,0.0
facilitat,0.0
nonpubl,0.0
traumat,0.0
businessman,0.0
livelihood,0.0
phelpsbrown,0.0
conundrum,0.0
creditor,0.0
fission,0.0
satieti,0.0
quantitytheori,0.0
fru,0.0
torian,0.0
honey,0.0
curt,0.0
fromt,0.0
bef,0.0
scru,0.0
rific,0.0
assethold,0.0
istri,0.0
riskreturn,0.0
catchingup,0.0
precau,0.0
quiditi,0.0
takehom,0.0
malleabl,0.0
nondirect,0.0
outputi,0.0
outturn,0.0
resound,0.0
aberdeen,0.0
macdougal,0.0
selden,0.0
tachment,0.0
coffer,0.0
strahan,0.0
apologist,0.0
makework,0.0
ryder,0.0
taboo,0.0
jones,0.0
prorata,0.0
abnor,0.0
cialize,0.0
productionposs,0.0
ftcs,0.0
abilitytopay,0.0
sixyear,0.0
localis,0.0
citizenri,0.0
largefirm,0.0
dold,0.0
materialis,0.0
timecost,0.0
dove,0.0
unfriend,0.0
schill,0.0
aftereffect,0.0
anathema,0.0
prearrang,0.0
cruis,0.0
relaxa,0.0
intox,0.0
verd,0.0
responsibili,0.0
incapacit,0.0
paradis,0.0
agreedon,0.0
producerconsum,0.0
foley,0.0
lebergott,0.0
goldner,0.0
garbarino,0.0
irriga,0.0
nelli,0.0
virul,0.0
mirer,0.0
albuquerqu,0.0
throop,0.0
accret,0.0
predestin,0.0
dispropor,0.0
binghamton,0.0
retro,0.0
plosiv,0.0
nada,0.0
shaft,0.0
selfdeni,0.0
cupat,0.0
unregu,0.0
salon,0.0
approb,0.0
northrup,0.0
tercycl,0.0
tano,0.0
yacht,0.0
alejandro,0.0
dier,0.0
reinhardt,0.0
accompli,0.0
icq,0.0
cliqu,0.0
divulg,0.0
misconceiv,0.0
cellan,0.0
jibe,0.0
subcon,0.0
rampant,0.0
dariti,0.0
tellectu,0.0
reflec,0.0
documen,0.0
zucker,0.0
surinam,0.0
mori,0.0
wrench,0.0
bort,0.0
bergman,0.0
priceconsumpt,0.0
firstbest,0.0
incongru,0.0
muchdiscuss,0.0
lazarsfeld,0.0
capitalscarc,0.0
pricemargin,0.0
monopol,0.0
demandandsuppli,0.0
pricechang,0.0
destabilis,0.0
savingsinvest,0.0
overwork,0.0
maiz,0.0
congreg,0.0
mete,0.0
tectionist,0.0
moser,0.0
budgetair,0.0
elasticit,0.0
marapr,0.0
statesa,0.0
makin,0.0
armenia,0.0
homeless,0.0
zenith,0.0
nmay,0.0
reverber,0.0
glue,0.0
bulb,0.0
versat,0.0
aggressor,0.0
imita,0.0
bermuda,0.0
herv,0.0
hedger,0.0
priceexpect,0.0
tionism,0.0
permett,0.0
ceci,0.0
lata,0.0
aggra,0.0
mistrust,0.0
underdevel,0.0
chore,0.0
interestgroup,0.0
defec,0.0
improvis,0.0
petual,0.0
walrass,0.0
carpentri,0.0
meritori,0.0
twoproduct,0.0
prorat,0.0
profitr,0.0
oleg,0.0
logrol,0.0
asphalt,0.0
coconut,0.0
greas,0.0
lowpaid,0.0
retool,0.0
basin,0.0
unrequit,0.0
wile,0.0
sponsorship,0.0
entrepot,0.0
lowabl,0.0
secon,0.0
uncompen,0.0
irrefut,0.0
conomi,0.0
capitalis,0.0
niveau,0.0
obituari,0.0
homemak,0.0
firstquart,0.0
uarter,0.0
sili,0.0
earthenwar,0.0
eran,0.0
importexport,0.0
noncycl,0.0
slur,0.0
gerous,0.0
graaff,0.0
myint,0.0
bullish,0.0
centralbank,0.0
productpric,0.0
kemeni,0.0
phen,0.0
twine,0.0
antidump,0.0
calcium,0.0
yorker,0.0
signer,0.0
dillon,0.0
motto,0.0
headship,0.0
elisabeth,0.0
tilize,0.0
outputinput,0.0
outcri,0.0
bondag,0.0
trespass,0.0
smallpox,0.0
vshape,0.0
vincial,0.0
mosquito,0.0
moneylend,0.0
contenti,0.0
lessthan,0.0
tamil,0.0
veterinari,0.0
scrupl,0.0
groom,0.0
chide,0.0
punctual,0.0
bihar,0.0
tibl,0.0
sorti,0.0
reto,0.0
riskiest,0.0
bling,0.0
mayjun,0.0
gruen,0.0
quall,0.0
dowd,0.0
shearer,0.0
evelyn,0.0
estonia,0.0
stantan,0.0
newel,0.0
palisad,0.0
jefferi,0.0
maher,0.0
martha,0.0
courtney,0.0
fireston,0.0
allegheni,0.0
timeaddit,0.0
schlagenhauf,0.0
sheldon,0.0
garman,0.0
blacksburg,0.0
bela,0.0
recenc,0.0
mud,0.0
foreclos,0.0
suad,0.0
cruit,0.0
japa,0.0
prosecu,0.0
sleev,0.0
cioeconom,0.0
dimensionless,0.0
passbook,0.0
preacher,0.0
scure,0.0
proverb,0.0
travi,0.0
dichoto,0.0
januarymarch,0.0
bsc,0.0
eflect,0.0
deeproot,0.0
roubl,0.0
openmind,0.0
disenfranchis,0.0
chemi,0.0
threecountri,0.0
cotermin,0.0
ofpocket,0.0
pluralist,0.0
nonrel,0.0
ulatori,0.0
nira,0.0
behaviorist,0.0
trendless,0.0
antikeynesian,0.0
jaszi,0.0
sufi,0.0
traffick,0.0
publican,0.0
lightn,0.0
admitt,0.0
ignat,0.0
garland,0.0
jozef,0.0
penner,0.0
fane,0.0
linz,0.0
riedel,0.0
piraci,0.0
elton,0.0
bloodi,0.0
rebel,0.0
utensil,0.0
subjug,0.0
chard,0.0
henryk,0.0
blan,0.0
namur,0.0
valuemaxim,0.0
oooi,0.0
ooio,0.0
erent,0.0
lowprob,0.0
bettor,0.0
investmentgood,0.0
noninsur,0.0
abili,0.0
deemphasi,0.0
malalloc,0.0
broadest,0.0
putti,0.0
costreduc,0.0
journa,0.0
redempt,0.0
sheila,0.0
micromot,0.0
retard,0.0
bilat,0.0
fem,0.0
bosnia,0.0
ubo,0.0
gervai,0.0
swaziland,0.0
aunt,0.0
samoa,0.0
barberi,0.0
dina,0.0
saintpaul,0.0
flem,0.0
lva,0.0
proud,0.0
mozambiqu,0.0
jullien,0.0
audit,0.0
basketbal,0.0
nonstockhold,0.0
welldesign,0.0
economyth,0.0
trition,0.0
capitalabund,0.0
leftwich,0.0
ventura,0.0
greenspan,0.0
aspi,0.0
brasileira,0.0
taub,0.0
kugler,0.0
abreu,0.0
karp,0.0
sabot,0.0
swansea,0.0
colombo,0.0
olken,0.0
kleven,0.0
pentagon,0.0
looney,0.0
schramm,0.0
mobi,0.0
duckworth,0.0
syrian,0.0
docket,0.0
revit,0.0
peterian,0.0
expropria,0.0
foreignproduc,0.0
mammoth,0.0
shelley,0.0
oftencit,0.0
vior,0.0
sanitari,0.0
dmitri,0.0
lowpay,0.0
fixedterm,0.0
debtmanag,0.0
soto,0.0
riskavoid,0.0
brecher,0.0
corporat,0.0
mccain,0.0
twoday,0.0
inequit,0.0
debreus,0.0
cityst,0.0
creamer,0.0
sawhil,0.0
pita,0.0
incomeproduc,0.0
fight,0.0
ratea,0.0
siviti,0.0
pharmacist,0.0
hyne,0.0
dubey,0.0
quin,0.0
monetis,0.0
nonreligi,0.0
soften,0.0
cadel,0.0
slovak,0.0
mccleari,0.0
factorcost,0.0
foreseen,0.0
capitalincom,0.0
creditmarket,0.0
landintens,0.0
felip,0.0
palliat,0.0
limitedli,0.0
latham,0.0
untruth,0.0
demandpul,0.0
horac,0.0
wiseman,0.0
lice,0.0
jurg,0.0
niehan,0.0
berdecemb,0.0
quarterlyjourn,0.0
hirsh,0.0
sician,0.0
monoxid,0.0
vironment,0.0
roar,0.0
chica,0.0
rangel,0.0
evangel,0.0
henn,0.0
investmn,0.0
constrict,0.0
selfesteem,0.0
oftcit,0.0
theres,0.0
worklif,0.0
counsel,0.0
deprecia,0.0
workleisur,0.0
dani,0.0
sidize,0.0
unw,0.0
multiyear,0.0
phds,0.0
lago,0.0
tele,0.0
oob,0.0
meissner,0.0
nesia,0.0
countrybycountri,0.0
inflationinduc,0.0
bandit,0.0
legisla,0.0
poussin,0.0
datori,0.0
topdown,0.0
paycheck,0.0
fourpoint,0.0
consortia,0.0
fourthquart,0.0
offin,0.0
hydrocarbon,0.0
robor,0.0
flagship,0.0
econiomi,0.0
autark,0.0
moen,0.0
cadr,0.0
invali,0.0
dougherti,0.0
disin,0.0
fischel,0.0
abras,0.0
ulcer,0.0
typolog,0.0
eighthgrad,0.0
rothkopf,0.0
hayn,0.0
upfront,0.0
geolog,0.0
undiscov,0.0
eequilibrium,0.0
wessel,0.0
campa,0.0
grilli,0.0
leining,0.0
designa,0.0
compati,0.0
instanta,0.0
twomonth,0.0
purvi,0.0
backman,0.0
wijnbergen,0.0
spector,0.0
eisenberg,0.0
bertola,0.0
gavin,0.0
siegelman,0.0
correia,0.0
brazer,0.0
zorn,0.0
fourak,0.0
pincus,0.0
feinstein,0.0
sussman,0.0
puerto,0.0
spiro,0.0
riker,0.0
lowenstein,0.0
fant,0.0
gerardo,0.0
belton,0.0
harrigan,0.0
sulat,0.0
fertig,0.0
bler,0.0
neve,0.0
malnourish,0.0
banfield,0.0
argentinean,0.0
affir,0.0
underdetermin,0.0
oddnumb,0.0
idealis,0.0
rico,0.0
evennumb,0.0
productivi,0.0
hawkinssimon,0.0
realloca,0.0
preunion,0.0
lowerpay,0.0
higherpay,0.0
wahlbeck,0.0
urib,0.0
borger,0.0
rani,0.0
oyer,0.0
disinflationari,0.0
moth,0.0
andersson,0.0
ibrd,0.0
trator,0.0
raul,0.0
fortnight,0.0
commodit,0.0
aspirin,0.0
werent,0.0
twodimen,0.0
baccalaur,0.0
standbi,0.0
iest,0.0
nonbusi,0.0
constantino,0.0
smallfirm,0.0
nonfundament,0.0
broadbas,0.0
gillingham,0.0
pcb,0.0
dresher,0.0
venci,0.0
andrei,0.0
budgetbalanc,0.0
highprofit,0.0
underutilis,0.0
trainer,0.0
wardslop,0.0
figlio,0.0
lowin,0.0
flator,0.0
psychiatri,0.0
tinat,0.0
ufe,0.0
countermeasur,0.0
archibald,0.0
runway,0.0
flown,0.0
volcker,0.0
hormon,0.0
schor,0.0
sydnor,0.0
lancet,0.0
michen,0.0
disenchant,0.0
royer,0.0
measl,0.0
nihon,0.0
amihud,0.0
secondlargest,0.0
wallet,0.0
feloni,0.0
sclerosi,0.0
cooki,0.0
casino,0.0
sureth,0.0
theoryand,0.0
takeitorleaveit,0.0
affil,0.0
urbaniza,0.0
wildlif,0.0
togo,0.0
benin,0.0
turnaround,0.0
claessen,0.0
growthi,0.0
selfjustifi,0.0
coutt,0.0
bacharach,0.0
scrutinis,0.0
dobson,0.0
deardorff,0.0
janic,0.0
salvator,0.0
pricebas,0.0
penalis,0.0
ketabl,0.0
lowinterest,0.0
minuscul,0.0
vail,0.0
pothet,0.0
nard,0.0
netter,0.0
ceutic,0.0
perva,0.0
inar,0.0
liberaliza,0.0
guin,0.0
hassan,0.0
olof,0.0
antoinett,0.0
giersch,0.0
mjs,0.0
altru,0.0
paragon,0.0
smet,0.0
bilbao,0.0
fabien,0.0
kalyan,0.0
retalia,0.0
overpaid,0.0
trou,0.0
taxfinanc,0.0
interpo,0.0
reappli,0.0
churn,0.0
rater,0.0
tabil,0.0
inaccu,0.0
tullio,0.0
loughran,0.0
owneroccup,0.0
dynami,0.0
guiti,0.0
adulthood,0.0
twochild,0.0
noncov,0.0
doortodoor,0.0
formulari,0.0
desirabil,0.0
shakeout,0.0
sagi,0.0
retrospec,0.0
politicaleconomi,0.0
resurfac,0.0
carrel,0.0
anticompetit,0.0
pricelevel,0.0
outputcapit,0.0
overcon,0.0
forceabl,0.0
concentrat,0.0
agraw,0.0
kidnap,0.0
narodno,0.0
tige,0.0
preindustri,0.0
underbid,0.0
unsold,0.0
hibb,0.0
timespan,0.0
moretti,0.0
christo,0.0
diation,0.0
countervail,0.0
imageri,0.0
prescient,0.0
ptdt,0.0
backload,0.0
presal,0.0
multicommod,0.0
neumannmorgen,0.0
lizer,0.0
marketth,0.0
extrapo,0.0
cogni,0.0
rugged,0.0
himmelberg,0.0
chappel,0.0
redistrib,0.0
seema,0.0
rtat,0.0
deficitfinanc,0.0
higherthanaverag,0.0
intermedia,0.0
inputout,0.0
surveil,0.0
netoftax,0.0
interproduct,0.0
mattila,0.0
profitmaximis,0.0
irrev,0.0
decreasingcost,0.0
economicus,0.0
holist,0.0
incomeand,0.0
ruffin,0.0
moonlight,0.0
misalloca,0.0
snape,0.0
onceov,0.0
consumptioni,0.0
ordinalist,0.0
goodby,0.0
intercon,0.0
habakkuk,0.0
confiden,0.0
xcviii,0.0
highemploy,0.0
prerecess,0.0
pandora,0.0
capitalgain,0.0
notax,0.0
shelf,0.0
bruton,0.0
gical,0.0
millennia,0.0
benz,0.0
hali,0.0
socialsecur,0.0
tilater,0.0
monk,0.0
minori,0.0
devolv,0.0
mobius,0.0
papanek,0.0
ploitat,0.0
aait,0.0
pros,0.0
osmosi,0.0
brickley,0.0
termsof,0.0
yearlong,0.0
laboroutput,0.0
zabel,0.0
macedonia,0.0
growtha,0.0
ecla,0.0
uxf,0.0
tender,0.0
nonhomo,0.0
drafte,0.0
larceni,0.0
overbid,0.0
naturalresourc,0.0
schizophrenia,0.0
recessionari,0.0
synchronis,0.0
gambia,0.0
kaitz,0.0
judiciari,0.0
lshape,0.0
overrun,0.0
corden,0.0
gregorio,0.0
nanda,0.0
oshima,0.0
testimoni,0.0
troleum,0.0
schotter,0.0
croissanc,0.0
anec,0.0
nutri,0.0
timediscount,0.0
pgs,0.0
michl,0.0
diagramat,0.0
moratorium,0.0
parochi,0.0
hogarth,0.0
oligo,0.0
twocountri,0.0
foreigncurr,0.0
domesticcurr,0.0
obedi,0.0
relia,0.0
tihi,0.0
superieur,0.0
cviii,0.0
overborrow,0.0
workman,0.0
disrup,0.0
fuster,0.0
westphal,0.0
lorenzoni,0.0
sonnel,0.0
berthold,0.0
weill,0.0
nace,0.0
blanco,0.0
weve,0.0
prereform,0.0
contractionari,0.0
intermediateterm,0.0
skep,0.0
nove,0.0
carload,0.0
rull,0.0
ailment,0.0
tiser,0.0
terat,0.0
silk,0.0
underweight,0.0
fourmonth,0.0
fixtur,0.0
homicid,0.0
icon,0.0
burger,0.0
brink,0.0
prepaid,0.0
ligenc,0.0
witch,0.0
tyne,0.0
resourcealloc,0.0
unkind,0.0
suicid,0.0
markdown,0.0
salesperson,0.0
onepric,0.0
moneyth,0.0
caci,0.0
greenland,0.0
inforc,0.0
nmarket,0.0
mulligan,0.0
extracurricular,0.0
crow,0.0
amanda,0.0
rucker,0.0
pryor,0.0
reorganis,0.0
oneparti,0.0
grandchildren,0.0
inscrut,0.0
hurrican,0.0
dydt,0.0
interrela,0.0
priceadjust,0.0
brasileiro,0.0
differents,0.0
emplov,0.0
employmentr,0.0
intermarket,0.0
schofield,0.0
enclav,0.0
kaldorhick,0.0
planck,0.0
electromagnet,0.0
conservationist,0.0
matsui,0.0
ghetto,0.0
menus,0.0
reaucraci,0.0
georgi,0.0
auten,0.0
schein,0.0
saito,0.0
istat,0.0
naivet,0.0
interin,0.0
substituta,0.0
redwood,0.0
bornstein,0.0
propper,0.0
greif,0.0
latan,0.0
neoclassicist,0.0
relativepric,0.0
restoftheworld,0.0
insecticid,0.0
trudi,0.0
nep,0.0
welloff,0.0
rateof,0.0
notebook,0.0
timetrend,0.0
collegeeduc,0.0
millenni,0.0
parlor,0.0
midthirti,0.0
wealthhold,0.0
aloysius,0.0
programa,0.0
prebisch,0.0
rothstein,0.0
centroid,0.0
oilse,0.0
mostpref,0.0
counterpropos,0.0
underpaid,0.0
ratemak,0.0
oneday,0.0
uxp,0.0
rivet,0.0
communaut,0.0
dominiqu,0.0
oldstyl,0.0
marilyn,0.0
pricesand,0.0
detec,0.0
racist,0.0
xriy,0.0
nylon,0.0
gish,0.0
nearperfect,0.0
aldo,0.0
intrac,0.0
lear,0.0
seafood,0.0
forum,0.0
enmploy,0.0
nonag,0.0
fourperson,0.0
unfulfil,0.0
lefort,0.0
payday,0.0
mongolia,0.0
limeston,0.0
caleb,0.0
eckel,0.0
mccoy,0.0
uabl,0.0
clamor,0.0
schmitz,0.0
demonet,0.0
benefi,0.0
priceratio,0.0
firefight,0.0
bombard,0.0
spray,0.0
piness,0.0
helpwant,0.0
argentinian,0.0
governmentimpos,0.0
greenhous,0.0
pher,0.0
countriesand,0.0
glasswar,0.0
interc,0.0
rthe,0.0
siren,0.0
thorsten,0.0
asch,0.0
intangi,0.0
pander,0.0
cutleri,0.0
balkan,0.0
threetenth,0.0
washer,0.0
polist,0.0
owneroper,0.0
wlf,0.0
fossil,0.0
screw,0.0
fabric,0.0
interindus,0.0
trailer,0.0
truckload,0.0
lossmak,0.0
fifo,0.0
tsk,0.0
fluenci,0.0
fivemonth,0.0
anom,0.0
dpc,0.0
christiansen,0.0
assam,0.0
atkeson,0.0
firmi,0.0
embellish,0.0
nontariff,0.0
compressor,0.0
dkdt,0.0
municipali,0.0
highpaid,0.0
lorri,0.0
rote,0.0
cxviii,0.0
fiftynin,0.0
tarist,0.0
shefrin,0.0
collard,0.0
disposit,0.0
redeploy,0.0
diabet,0.0
frozen,0.0
governmen,0.0
hector,0.0
nonland,0.0
cropshar,0.0
menzi,0.0
unblock,0.0
accessori,0.0
fortytwo,0.0
almarin,0.0
defen,0.0
ubiqu,0.0
ournal,0.0
malcomson,0.0
midcenturi,0.0
evoc,0.0
sunlight,0.0
dooley,0.0
ostrac,0.0
heterodox,0.0
wellground,0.0
quizz,0.0
explora,0.0
yearto,0.0
drainag,0.0
instit,0.0
dalgaard,0.0
twoquart,0.0
malay,0.0
hane,0.0
kolstad,0.0
ignatius,0.0
watchdog,0.0
nonexi,0.0
fiveminut,0.0
consu,0.0
capitaldeepen,0.0
expatri,0.0
dedi,0.0
untarili,0.0
trash,0.0
percenta,0.0
kidney,0.0
lxxxiv,0.0
sium,0.0
outgrow,0.0
spearhead,0.0
indivisi,0.0
writeoff,0.0
roosa,0.0
vasiv,0.0
backfir,0.0
securit,0.0
noncollus,0.0
serrano,0.0
carbon,0.0
nele,0.0
merica,0.0
cernibl,0.0
monetarypolici,0.0
gotiat,0.0
outputlabor,0.0
nonphys,0.0
transactor,0.0
highestpaid,0.0
nonsupervisori,0.0
ferrous,0.0
accra,0.0
patel,0.0
stituenc,0.0
chunk,0.0
worseoff,0.0
hightyp,0.0
nonemploy,0.0
lysi,0.0
kuttner,0.0
perl,0.0
binswang,0.0
schuh,0.0
governmentsponsor,0.0
langer,0.0
siniscalchi,0.0
broda,0.0
motti,0.0
costoutput,0.0
cough,0.0
asthma,0.0
xvhat,0.0
philipson,0.0
sucker,0.0
simonson,0.0
lorin,0.0
profitshar,0.0
guth,0.0
sedentari,0.0
mosaic,0.0
pavlov,0.0
stole,0.0
wardlook,0.0
zandt,0.0
lens,0.0
relay,0.0
betteroff,0.0
nonincom,0.0
preg,0.0
noncommit,0.0
tablet,0.0
emphasiz,0.0
ument,0.0
croix,0.0
nonmigr,0.0
unheard,0.0
highrisk,0.0
clapp,0.0
pasteur,0.0
ener,0.0
cleanest,0.0
bestsel,0.0
orissa,0.0
kojima,0.0
vaca,0.0
conformist,0.0
veneer,0.0
gott,0.0
trinsic,0.0
labourintens,0.0
unmar,0.0
sympo,0.0
derstat,0.0
easterlin,0.0
countriesth,0.0
winch,0.0
tranch,0.0
puisqu,0.0
dessein,0.0
reunion,0.0
nces,0.0
handout,0.0
draconian,0.0
prere,0.0
planta,0.0
joachim,0.0
kuz,0.0
budish,0.0
latino,0.0
tenni,0.0
ainsli,0.0
nondictatorship,0.0
noriti,0.0
schott,0.0
wav,0.0
mast,0.0
bator,0.0
leadlag,0.0
nonmaxim,0.0
economicsth,0.0
daugh,0.0
historiographi,0.0
griev,0.0
nonresi,0.0
minski,0.0
hellein,0.0
dora,0.0
bodenhorn,0.0
rigidi,0.0
decentraliz,0.0
sheepskin,0.0
carruth,0.0
carton,0.0
estell,0.0
nonsalari,0.0
singa,0.0
nagi,0.0
pred,0.0
nevi,0.0
mariotti,0.0
xvhen,0.0
prism,0.0
datacollect,0.0
romant,0.0
mian,0.0
uncontroversi,0.0
factorpric,0.0
inpati,0.0
therapeut,0.0
elain,0.0
sociabl,0.0
laurier,0.0
slavia,0.0
monterey,0.0
warrel,0.0
statesth,0.0
banal,0.0
itari,0.0
capitalaccount,0.0
fulllength,0.0
emmerson,0.0
lsee,0.0
angela,0.0
izabl,0.0
arturo,0.0
tworegion,0.0
amano,0.0
refram,0.0
gus,0.0
uneconom,0.0
corrobo,0.0
saharan,0.0
annett,0.0
granick,0.0
policv,0.0
luctanc,0.0
canic,0.0
antigua,0.0
milligan,0.0
trout,0.0
uaw,0.0
galf,0.0
suscep,0.0
yugo,0.0
derson,0.0
siebert,0.0
bernardino,0.0
usuk,0.0
chatterje,0.0
navin,0.0
ratesa,0.0
sokoloff,0.0
hornbeck,0.0
antibiot,0.0
linoleum,0.0
instinct,0.0
khrushchev,0.0
nonexport,0.0
rocco,0.0
noncommon,0.0
nonpro,0.0
writedown,0.0
automata,0.0
malayan,0.0
lifestyl,0.0
unalter,0.0
firmsa,0.0
lxxxiii,0.0
pricesth,0.0
yugoslav,0.0
dundant,0.0
prefectur,0.0
koenig,0.0
blackburn,0.0
haider,0.0
kalamazoo,0.0
morley,0.0
millard,0.0
aldin,0.0
lilli,0.0
meadow,0.0
aftalion,0.0
ruptci,0.0
hillman,0.0
douglass,0.0
cleve,0.0
radcliff,0.0
rhythm,0.0
brandenburg,0.0
gillespi,0.0
charleston,0.0
lopsid,0.0
antebellum,0.0
xxxvi,0.0
savannah,0.0
bacco,0.0
mart,0.0
christi,0.0
staatswissenschaft,0.0
frag,0.0
tumbl,0.0
dwelt,0.0
sofia,0.0
kristian,0.0
pierpaolo,0.0
schumach,0.0
garfield,0.0
breweri,0.0
antonelli,0.0
jorgen,0.0
czecho,0.0
belfast,0.0
fenchel,0.0
spiethoff,0.0
rivista,0.0
riccardo,0.0
zweig,0.0
raphi,0.0
brillianc,0.0
tradesmen,0.0
onlv,0.0
orphan,0.0
decentraliza,0.0
manifesta,0.0
dium,0.0
torren,0.0
gesamt,0.0
mormon,0.0
sank,0.0
sermon,0.0
deval,0.0
vald,0.0
nuno,0.0
undersecretari,0.0
vege,0.0
bucket,0.0
sara,0.0
packet,0.0
helena,0.0
galvan,0.0
desti,0.0
quinquenni,0.0
burg,0.0
wooden,0.0
candl,0.0
morishima,0.0
keizai,0.0
offirm,0.0
bulwark,0.0
wheth,0.0
liabili,0.0
talize,0.0
toyear,0.0
imagina,0.0
cute,0.0
renounc,0.0
lociti,0.0
almeida,0.0
suresh,0.0
pike,0.0
kose,0.0
gateway,0.0
enigma,0.0
broom,0.0
proprietorship,0.0
brandi,0.0
bellum,0.0
newport,0.0
rope,0.0
overland,0.0
pecu,0.0
affirma,0.0
breakup,0.0
mukherje,0.0
alfredo,0.0
georgescuroegen,0.0
cesar,0.0
estatistica,0.0
sweeten,0.0
indentur,0.0
guilford,0.0
desarrollo,0.0
vogt,0.0
carrillo,0.0
phylli,0.0
clifton,0.0
neck,0.0
istituto,0.0
grard,0.0
thusiasm,0.0
cherish,0.0
nationi,0.0
foreigntrad,0.0
asser,0.0
biweek,0.0
usurp,0.0
bemoan,0.0
swede,0.0
sloth,0.0
debar,0.0
cornwal,0.0
rapproch,0.0
irrespons,0.0
hobart,0.0
mistic,0.0
buyersel,0.0
particul,0.0
therewith,0.0
ishment,0.0
carrot,0.0
complac,0.0
mensur,0.0
jelli,0.0
spon,0.0
runner,0.0
stultifi,0.0
hancock,0.0
devon,0.0
historia,0.0
reentri,0.0
repub,0.0
outfit,0.0
lican,0.0
repugn,0.0
ephemer,0.0
borough,0.0
inventor,0.0
massproduct,0.0
terview,0.0
accumulat,0.0
companywid,0.0
harbison,0.0
rehir,0.0
garment,0.0
workshar,0.0
borer,0.0
blacksmith,0.0
natori,0.0
eugenio,0.0
darwin,0.0
anybodi,0.0
laymen,0.0
propiti,0.0
supran,0.0
unborn,0.0
intrud,0.0
resettl,0.0
enslav,0.0
egon,0.0
foreclosur,0.0
miquel,0.0
corrado,0.0
bertil,0.0
karoli,0.0
bronx,0.0
lame,0.0
stanislaw,0.0
muslim,0.0
ichiro,0.0
giacomo,0.0
creedi,0.0
gunnar,0.0
rodolfo,0.0
pieter,0.0
guillermo,0.0
staten,0.0
calvert,0.0
slovakia,0.0
rivalr,0.0
augustin,0.0
lotka,0.0
moritz,0.0
strasbourg,0.0
claudio,0.0
zeuthen,0.0
venezia,0.0
baltic,0.0
ferrara,0.0
zine,0.0
dissatisfac,0.0
maloney,0.0
vanguard,0.0
crippl,0.0
overbal,0.0
shred,0.0
felic,0.0
rede,0.0
lavoro,0.0
sugarcan,0.0
downstream,0.0
inman,0.0
scitovszki,0.0
lbid,0.0
disintegr,0.0
repel,0.0
noge,0.0
friedmansavag,0.0
millionair,0.0
incomeeffect,0.0
marta,0.0
chateli,0.0
murat,0.0
ljubljana,0.0
brewster,0.0
ritter,0.0
blain,0.0
structor,0.0
iyer,0.0
inevita,0.0
barna,0.0
tibor,0.0
marian,0.0
pessi,0.0
burgess,0.0
geog,0.0
unbear,0.0
obsess,0.0
moneysuppli,0.0
utabl,0.0
strobel,0.0
tinent,0.0
nonneutr,0.0
flyer,0.0
stagna,0.0
noncash,0.0
fagan,0.0
investiss,0.0
moneta,0.0
thatcher,0.0
eccl,0.0
salair,0.0
logdiffer,0.0
btus,0.0
trabajo,0.0
curr,0.0
engelhardt,0.0
roux,0.0
subdu,0.0
lowland,0.0
sahara,0.0
moun,0.0
seidman,0.0
uck,0.0
lifo,0.0
wid,0.0
schuman,0.0
jewk,0.0
cxvi,0.0
novdec,0.0
multipleunit,0.0
gilli,0.0
mooney,0.0
codetermin,0.0
surv,0.0
gurley,0.0
oder,0.0
secretariat,0.0
nationalincom,0.0
kircher,0.0
unbrand,0.0
isard,0.0
resurvey,0.0
appeas,0.0
junejuli,0.0
platinum,0.0
autocraci,0.0
insan,0.0
restrictionist,0.0
nonimmigr,0.0
curvilinear,0.0
crts,0.0
prosaic,0.0
sociopolit,0.0
wellord,0.0
scandi,0.0
northsouth,0.0
hardpress,0.0
blemish,0.0
mocraci,0.0
overcrowd,0.0
overdrawn,0.0
amplif,0.0
agglomer,0.0
beam,0.0
imperialist,0.0
incontest,0.0
exploita,0.0
stunt,0.0
herent,0.0
passengermil,0.0
staunch,0.0
horribl,0.0
prophesi,0.0
gros,0.0
quandari,0.0
julyaug,0.0
genicot,0.0
forthright,0.0
intermingl,0.0
laursen,0.0
organisa,0.0
smuggl,0.0
incomeinduc,0.0
mishan,0.0
elasti,0.0
jealous,0.0
mckinley,0.0
extraleg,0.0
drexel,0.0
foothold,0.0
selfdestruct,0.0
lxviii,0.0
lxxii,0.0
lage,0.0
nego,0.0
adair,0.0
desig,0.0
interraci,0.0
suspen,0.0
unworthi,0.0
slavic,0.0
perkin,0.0
sandmo,0.0
hummel,0.0
goldenweis,0.0
fleisher,0.0
williamstown,0.0
multioutput,0.0
flint,0.0
schmitt,0.0
ashworth,0.0
marston,0.0
staley,0.0
scholz,0.0
cutler,0.0
ballard,0.0
eastman,0.0
intermin,0.0
hollywood,0.0
hatfield,0.0
lockwood,0.0
meredith,0.0
grenada,0.0
marko,0.0
rosenfeld,0.0
comin,0.0
kreb,0.0
ullman,0.0
hatton,0.0
goulder,0.0
trent,0.0
tling,0.0
mclaren,0.0
industria,0.0
tiebout,0.0
bismarck,0.0
atherton,0.0
keeley,0.0
meckl,0.0
middleburi,0.0
tyler,0.0
kelsey,0.0
riskier,0.0
vicker,0.0
mclaughlin,0.0
stearn,0.0
geogra,0.0
tampa,0.0
bethesda,0.0
schaller,0.0
hellman,0.0
benson,0.0
borden,0.0
murdock,0.0
jeremiah,0.0
koren,0.0
peaktopeak,0.0
straus,0.0
tinsley,0.0
lipman,0.0
perrin,0.0
huston,0.0
emploi,0.0
womb,0.0
monetaryfisc,0.0
nonwar,0.0
visualis,0.0
hopedfor,0.0
proverbi,0.0
firstborn,0.0
standabl,0.0
incomedistribut,0.0
abovenorm,0.0
handler,0.0
fortyseven,0.0
passu,0.0
dishonesti,0.0
advert,0.0
abler,0.0
underprivileg,0.0
cropland,0.0
raisin,0.0
dentist,0.0
smallsiz,0.0
recogni,0.0
kete,0.0
reorient,0.0
shatter,0.0
pratiqu,0.0
englishlanguag,0.0
bolshevik,0.0
unsympathet,0.0
naum,0.0
munist,0.0
troductori,0.0
jasni,0.0
latinamerican,0.0
moval,0.0
unrat,0.0
unsal,0.0
nondollar,0.0
dispari,0.0
cellent,0.0
unessenti,0.0
indochina,0.0
tainment,0.0
banknot,0.0
talintens,0.0
technolo,0.0
capitalpoor,0.0
capitalrich,0.0
reabsorb,0.0
capitaltolabor,0.0
fueleffici,0.0
subj,0.0
butz,0.0
realincom,0.0
scitovski,0.0
shout,0.0
gossen,0.0
alchian,0.0
betwen,0.0
governmentown,0.0
unfinish,0.0
tensifi,0.0
diametr,0.0
culiar,0.0
rine,0.0
pursuanc,0.0
enth,0.0
dislodg,0.0
intensif,0.0
nonspeci,0.0
overdon,0.0
interwoven,0.0
intran,0.0
shirk,0.0
thai,0.0
superstit,0.0
dane,0.0
endproduct,0.0
novic,0.0
farr,0.0
foreignborn,0.0
affluent,0.0
blossom,0.0
edgeworthbowley,0.0
extraeconom,0.0
reequip,0.0
compul,0.0
selfliquid,0.0
militar,0.0
republica,0.0
headlin,0.0
margi,0.0
glazer,0.0
clapham,0.0
easterbrook,0.0
bogey,0.0
tocquevill,0.0
grudg,0.0
nonsocialist,0.0
parenthood,0.0
predom,0.0
happier,0.0
inant,0.0
ordnanc,0.0
invoic,0.0
prepay,0.0
dutyfre,0.0
clandestin,0.0
boss,0.0
veer,0.0
staci,0.0
sori,0.0
ninetenth,0.0
gover,0.0
enumera,0.0
shame,0.0
aborigin,0.0
lanalys,0.0
economisti,0.0
ergo,0.0
luctant,0.0
propter,0.0
shister,0.0
ineffec,0.0
clinton,0.0
stiffen,0.0
krug,0.0
ervat,0.0
marglin,0.0
lowpow,0.0
rape,0.0
eisenhow,0.0
transistor,0.0
commo,0.0
nake,0.0
unimprov,0.0
quarri,0.0
effectth,0.0
herit,0.0
venturesom,0.0
rateth,0.0
controv,0.0
einer,0.0
zimmermann,0.0
stockman,0.0
mendershausen,0.0
memberbank,0.0
wilbur,0.0
anger,0.0
cleanli,0.0
disservic,0.0
parentag,0.0
doxic,0.0
watersh,0.0
prussia,0.0
housework,0.0
remiss,0.0
ravag,0.0
menc,0.0
outpay,0.0
ciabl,0.0
genious,0.0
alysi,0.0
ficiari,0.0
newal,0.0
basingpoint,0.0
phantom,0.0
betray,0.0
likert,0.0
hoff,0.0
dietrich,0.0
lynd,0.0
revista,0.0
satiat,0.0
landgrant,0.0
ereign,0.0
parasit,0.0
sistanc,0.0
ceux,0.0
lettr,0.0
produit,0.0
fiftyfifti,0.0
vator,0.0
tair,0.0
toujour,0.0
unend,0.0
serait,0.0
phys,0.0
depopul,0.0
palac,0.0
xciii,0.0
terpol,0.0
rece,0.0
counterweight,0.0
spender,0.0
herenc,0.0
mism,0.0
mors,0.0
overexpand,0.0
loanabl,0.0
syndic,0.0
seltzer,0.0
landri,0.0
crat,0.0
prietor,0.0
nonagricul,0.0
equanim,0.0
whip,0.0
englishmen,0.0
sover,0.0
virtuous,0.0
unpro,0.0
homm,0.0
fivesixth,0.0
cuit,0.0
mana,0.0
derdevelop,0.0
nualli,0.0
unproduc,0.0
annu,0.0
propri,0.0
utor,0.0
beller,0.0
pabl,0.0
trouv,0.0
etari,0.0
oxen,0.0
mercier,0.0
predec,0.0
attribu,0.0
utiliz,0.0
unauthor,0.0
nicip,0.0
repercus,0.0
shopkeep,0.0
dapr,0.0
oligarchi,0.0
honolulu,0.0
whyte,0.0
stain,0.0
exec,0.0
mcdowel,0.0
transatlant,0.0
slum,0.0
baton,0.0
quartercenturi,0.0
merten,0.0
maki,0.0
spotlight,0.0
acheson,0.0
cherri,0.0
brari,0.0
barrag,0.0
wilmington,0.0
advi,0.0
quiz,0.0
rican,0.0
mainspr,0.0
highland,0.0
romney,0.0
johnsen,0.0
topmanag,0.0
wagegood,0.0
mechanis,0.0
surreptiti,0.0
depl,0.0
wagebil,0.0
transferr,0.0
invulner,0.0
vacan,0.0
workpeopl,0.0
denunci,0.0
ferret,0.0
bstract,0.0
preworld,0.0
mattress,0.0
dovetail,0.0
countercycl,0.0
pillar,0.0
wolman,0.0
tractual,0.0
nonfeder,0.0
heel,0.0
asiat,0.0
colonist,0.0
economya,0.0
noti,0.0
statea,0.0
dyna,0.0
theatr,0.0
wirtschaftlich,0.0
benefic,0.0
heyday,0.0
mantl,0.0
amateur,0.0
transmut,0.0
undeserv,0.0
timor,0.0
pendulum,0.0
acclaim,0.0
textur,0.0
disillus,0.0
nonpolit,0.0
restless,0.0
aura,0.0
whig,0.0
landhold,0.0
yeoman,0.0
beget,0.0
summarili,0.0
postbellum,0.0
belat,0.0
britannica,0.0
resumpt,0.0
selfrespect,0.0
harriet,0.0
gaston,0.0
worswick,0.0
interestfre,0.0
veriti,0.0
handmaiden,0.0
persever,0.0
vigil,0.0
indent,0.0
siecl,0.0
guarantor,0.0
provin,0.0
illicit,0.0
bystand,0.0
asham,0.0
wellintent,0.0
volit,0.0
hardwood,0.0
grind,0.0
admonit,0.0
obli,0.0
tralize,0.0
logician,0.0
rebirth,0.0
autobiographi,0.0
glect,0.0
scious,0.0
tutor,0.0
apprehend,0.0
antiunion,0.0
infiltr,0.0
armchair,0.0
jettison,0.0
streeten,0.0
anticycl,0.0
lxvi,0.0
equaliza,0.0
priation,0.0
westward,0.0
selffinanc,0.0
swere,0.0
liquidityprefer,0.0
expiri,0.0
underprovis,0.0
tienc,0.0
innsbruck,0.0
federalst,0.0
conten,0.0
brochur,0.0
weektoweek,0.0
unprocess,0.0
catalyt,0.0
overconfid,0.0
ficti,0.0
stylist,0.0
condon,0.0
uelson,0.0
admixtur,0.0
exasper,0.0
quantum,0.0
bygon,0.0
reintegr,0.0
pricest,0.0
extremist,0.0
ertl,0.0
northcentr,0.0
thefirm,0.0
foray,0.0
shrank,0.0
reflat,0.0
homeproduc,0.0
noninterestbear,0.0
torat,0.0
knotti,0.0
parlia,0.0
delus,0.0
incometax,0.0
coloss,0.0
extric,0.0
brutal,0.0
sanctiti,0.0
congratul,0.0
fixedinterest,0.0
propa,0.0
noteth,0.0
treasurybil,0.0
discreet,0.0
frown,0.0
harden,0.0
monwealth,0.0
curren,0.0
engross,0.0
conductor,0.0
baumeist,0.0
inviol,0.0
vidualist,0.0
scapegoat,0.0
archaic,0.0
sewerag,0.0
macpherson,0.0
prudenti,0.0
obsol,0.0
allur,0.0
narcot,0.0
cramp,0.0
prendergast,0.0
cenc,0.0
anachron,0.0
sorbonn,0.0
armori,0.0
shun,0.0
terra,0.0
subvers,0.0
blackboard,0.0
stagnant,0.0
offenc,0.0
crea,0.0
atrophi,0.0
illinform,0.0
prognosi,0.0
starvat,0.0
salin,0.0
bode,0.0
decumul,0.0
wornout,0.0
chargeabl,0.0
uncontest,0.0
rian,0.0
mexi,0.0
elster,0.0
mcdougal,0.0
outstrip,0.0
nessmen,0.0
cashbal,0.0
truistic,0.0
indestruct,0.0
wicksellian,0.0
slaveri,0.0
produkt,0.0
unconsum,0.0
sozialpolitik,0.0
producti,0.0
troversi,0.0
nonexhaust,0.0
sunshin,0.0
legiti,0.0
expropri,0.0
sise,0.0
mytholog,0.0
repatri,0.0
cyert,0.0
derelict,0.0
embryon,0.0
imprimeri,0.0
deutscher,0.0
schaft,0.0
stigmat,0.0
credul,0.0
deliver,0.0
immort,0.0
dicta,0.0
deficien,0.0
corpus,0.0
handtomouth,0.0
subscrip,0.0
liamson,0.0
potteri,0.0
consumptiongood,0.0
statesmen,0.0
bours,0.0
fection,0.0
wellesley,0.0
dormitori,0.0
meiji,0.0
shelton,0.0
gottlieb,0.0
thorn,0.0
hanov,0.0
amr,0.0
rauch,0.0
newburi,0.0
devote,0.0
talbot,0.0
nistic,0.0
tortuous,0.0
consumergood,0.0
participatori,0.0
capitalist,0.0
ownermanag,0.0
labormanag,0.0
outputpric,0.0
gium,0.0
compliment,0.0
grandios,0.0
facad,0.0
prep,0.0
synth,0.0
hasnt,0.0
bomber,0.0
mobiliza,0.0
blackmail,0.0
blitz,0.0
roebuck,0.0
masterpiec,0.0
hawley,0.0
demsetz,0.0
paso,0.0
drucker,0.0
emascul,0.0
apathi,0.0
ramif,0.0
artur,0.0
swollen,0.0
attun,0.0
yearround,0.0
subsi,0.0
sipat,0.0
craftsmanship,0.0
squatter,0.0
gehrel,0.0
midtwenti,0.0
hansson,0.0
vore,0.0
som,0.0
questionbeg,0.0
ethel,0.0
abstrus,0.0
rostow,0.0
mace,0.0
bogota,0.0
yeager,0.0
schism,0.0
unassign,0.0
jeffri,0.0
braverman,0.0
benton,0.0
loyola,0.0
networth,0.0
versif,0.0
costreduct,0.0
storey,0.0
disassoci,0.0
amnesti,0.0
sociol,0.0
waller,0.0
ottoman,0.0
chainstor,0.0
scout,0.0
stevenson,0.0
moralist,0.0
laureat,0.0
erad,0.0
abhorr,0.0
abol,0.0
ticism,0.0
salad,0.0
noncommerci,0.0
bondt,0.0
phonograph,0.0
unscath,0.0
monplac,0.0
debas,0.0
cidenc,0.0
sympa,0.0
engulf,0.0
shunt,0.0
disavow,0.0
fullerton,0.0
bradburi,0.0
proscrib,0.0
censur,0.0
sidewalk,0.0
disen,0.0
hershey,0.0
lxxvii,0.0
ezra,0.0
postcivil,0.0
ymous,0.0
procreat,0.0
overaccumul,0.0
prostitut,0.0
emigra,0.0
hung,0.0
soughtaft,0.0
halftim,0.0
licenc,0.0
throat,0.0
intensi,0.0
inatori,0.0
laboursav,0.0
nise,0.0
resuscit,0.0
elinor,0.0
aspira,0.0
notari,0.0
dore,0.0
bagwel,0.0
overhaul,0.0
nikolai,0.0
siberia,0.0
spindl,0.0
furman,0.0
manday,0.0
jobless,0.0
bachmann,0.0
karin,0.0
jrgen,0.0
rationalis,0.0
gleichgewicht,0.0
lxxxvi,0.0
willem,0.0
losch,0.0
pfleider,0.0
eisen,0.0
nicb,0.0
kondratieff,0.0
planovo,0.0
jolt,0.0
jiirgen,0.0
incomereceiv,0.0
khoziaistvo,0.0
suez,0.0
russ,0.0
garvi,0.0
nonrevers,0.0
unprov,0.0
herrmann,0.0
gaynor,0.0
rateand,0.0
countriesa,0.0
ficer,0.0
boldrin,0.0
steepen,0.0
importcompet,0.0
synergist,0.0
anem,0.0
restock,0.0
multilat,0.0
manoeuvr,0.0
suasiv,0.0
postkorean,0.0
disincen,0.0
autarchi,0.0
unido,0.0
debacl,0.0
exorcis,0.0
unassist,0.0
nurtur,0.0
littlefield,0.0
reten,0.0
nayv,0.0
unchart,0.0
repositori,0.0
tionth,0.0
batter,0.0
isabel,0.0
palli,0.0
assem,0.0
disobey,0.0
martinez,0.0
pricemak,0.0
callabl,0.0
unab,0.0
tooth,0.0
aragon,0.0
nascent,0.0
catalonia,0.0
slash,0.0
cruel,0.0
embezzl,0.0
revi,0.0
tranquil,0.0
premi,0.0
goss,0.0
dynast,0.0
depo,0.0
scrape,0.0
footstep,0.0
insol,0.0
unregist,0.0
exdividend,0.0
ducement,0.0
undi,0.0
comi,0.0
renegotia,0.0
vickeri,0.0
galiani,0.0
lawler,0.0
stomach,0.0
capric,0.0
automaton,0.0
unimpress,0.0
periodtwo,0.0
amierican,0.0
authoris,0.0
centralis,0.0
langelern,0.0
accommoda,0.0
selma,0.0
bled,0.0
boycott,0.0
mcn,0.0
fifteenyear,0.0
freshmen,0.0
untrustworthi,0.0
visdvi,0.0
gollop,0.0
terrestri,0.0
cafe,0.0
steuer,0.0
whitman,0.0
packard,0.0
jamison,0.0
dormant,0.0
everyman,0.0
socialwelfar,0.0
industrialis,0.0
closet,0.0
librat,0.0
pouvoir,0.0
debut,0.0
cocco,0.0
instil,0.0
spicuous,0.0
apex,0.0
politico,0.0
gang,0.0
noisili,0.0
publicpriv,0.0
nationst,0.0
indifferencecurv,0.0
someday,0.0
cocacola,0.0
nostalgia,0.0
backyard,0.0
conjoin,0.0
detent,0.0
ramifi,0.0
delega,0.0
pharmaci,0.0
dentistri,0.0
onslaught,0.0
ecclesiast,0.0
stalem,0.0
hyster,0.0
starch,0.0
donment,0.0
balanceoftrad,0.0
cardiovascular,0.0
nervous,0.0
climatolog,0.0
dernburg,0.0
cartter,0.0
colloqu,0.0
malt,0.0
tradeth,0.0
cipat,0.0
poc,0.0
prema,0.0
pointment,0.0
carv,0.0
caustic,0.0
scend,0.0
erick,0.0
prom,0.0
fortyon,0.0
postmortem,0.0
tiger,0.0
juglar,0.0
commercialbank,0.0
massel,0.0
nugent,0.0
fairi,0.0
shire,0.0
paliti,0.0
lenienc,0.0
candidaci,0.0
firearm,0.0
noah,0.0
mania,0.0
buchanan,0.0
shallian,0.0
sanction,0.0
allornon,0.0
cetera,0.0
cannon,0.0
timehonor,0.0
selfconfid,0.0
countrysid,0.0
conjunctur,0.0
antisoci,0.0
adel,0.0
dissid,0.0
vict,0.0
patman,0.0
spendabl,0.0
turk,0.0
vouch,0.0
nior,0.0
dive,0.0
inert,0.0
precautionari,0.0
stronghold,0.0
mnent,0.0
segrega,0.0
supplypric,0.0
californian,0.0
crazi,0.0
functionari,0.0
nonclear,0.0
repur,0.0
molecul,0.0
teleolog,0.0
chlorin,0.0
hydrogen,0.0
reforma,0.0
illsuit,0.0
fragmen,0.0
disharmoni,0.0
backwardlook,0.0
noncontrol,0.0
gath,0.0
kornai,0.0
erudit,0.0
dolbear,0.0
lobbyist,0.0
frus,0.0
guiana,0.0
gyrat,0.0
posur,0.0
jigsaw,0.0
capitalexport,0.0
followon,0.0
demanid,0.0
vocabulari,0.0
mathieson,0.0
visori,0.0
woolley,0.0
shark,0.0
marrin,0.0
nonfamili,0.0
grappl,0.0
selfmanag,0.0
despot,0.0
invidi,0.0
nutrient,0.0
fiki,0.0
gild,0.0
supposi,0.0
defunct,0.0
policeman,0.0
factfind,0.0
patchwork,0.0
balloon,0.0
trepreneur,0.0
unwind,0.0
displeas,0.0
partisanship,0.0
overpow,0.0
sunni,0.0
firma,0.0
demog,0.0
ruhr,0.0
amerik,0.0
selforgan,0.0
nonindustri,0.0
rejoic,0.0
oversubscrib,0.0
perpetr,0.0
amidst,0.0
tiona,0.0
nonmilitari,0.0
freiburg,0.0
goos,0.0
guttentag,0.0
finanzarchiv,0.0
norwich,0.0
yearsa,0.0
bett,0.0
trage,0.0
lehrer,0.0
romain,0.0
weidenfeld,0.0
lohmann,0.0
volta,0.0
ober,0.0
porta,0.0
benevol,0.0
needl,0.0
hairdress,0.0
revalua,0.0
svstem,0.0
leningrad,0.0
martinus,0.0
woodwork,0.0
opium,0.0
ivori,0.0
corri,0.0
cadillac,0.0
eileen,0.0
cyril,0.0
buick,0.0
nonmon,0.0
grandpar,0.0
homework,0.0
bosch,0.0
paraphernalia,0.0
privatelyown,0.0
pretenti,0.0
nudg,0.0
kees,0.0
intrus,0.0
termina,0.0
edin,0.0
discipl,0.0
harlem,0.0
ukrain,0.0
anthropometr,0.0
ancestr,0.0
cutter,0.0
tainer,0.0
joiner,0.0
lifelong,0.0
befit,0.0
pristin,0.0
ductor,0.0
snare,0.0
prohibi,0.0
stateloc,0.0
opportunitycost,0.0
nomist,0.0
wageemploy,0.0
frain,0.0
schroeder,0.0
assassin,0.0
fallibl,0.0
fieldwork,0.0
kindl,0.0
secondyear,0.0
morass,0.0
inheri,0.0
intermarriag,0.0
ideol,0.0
genus,0.0
greenstein,0.0
stituent,0.0
traceabl,0.0
outnumb,0.0
agronom,0.0
geologist,0.0
spinner,0.0
franklyn,0.0
charcoal,0.0
journeymen,0.0
tinplat,0.0
grader,0.0
varnish,0.0
fixer,0.0
gore,0.0
gatti,0.0
avalanch,0.0
lumbia,0.0
oneil,0.0
morgen,0.0
willett,0.0
akron,0.0
burnham,0.0
vegh,0.0
trump,0.0
nonnat,0.0
branko,0.0
earley,0.0
mester,0.0
obfusc,0.0
lemk,0.0
nardi,0.0
holzman,0.0
xciv,0.0
noncommunist,0.0
middleclass,0.0
omar,0.0
faber,0.0
furni,0.0
survivorship,0.0
funer,0.0
relic,0.0
camouflag,0.0
warrior,0.0
lithuania,0.0
olivia,0.0
norri,0.0
ernor,0.0
linden,0.0
afri,0.0
capitalgood,0.0
covert,0.0
groundnut,0.0
monsoon,0.0
acumen,0.0
firewood,0.0
creator,0.0
parel,0.0
expositor,0.0
sequitur,0.0
fisherman,0.0
causa,0.0
assail,0.0
jurist,0.0
overtaken,0.0
ventiv,0.0
deciph,0.0
fullem,0.0
onepoint,0.0
dump,0.0
autarch,0.0
intraurban,0.0
kilomet,0.0
abet,0.0
riefler,0.0
creatur,0.0
hinterland,0.0
centripet,0.0
newtonian,0.0
farmland,0.0
terrain,0.0
nonrenew,0.0
bevan,0.0
populist,0.0
schwab,0.0
hoard,0.0
unvari,0.0
goodsa,0.0
ditch,0.0
rougher,0.0
robberi,0.0
legalist,0.0
ienc,0.0
ripen,0.0
forbear,0.0
intan,0.0
prociti,0.0
benefactor,0.0
backslid,0.0
higherpr,0.0
wern,0.0
probat,0.0
yeara,0.0
decri,0.0
latterday,0.0
obso,0.0
technologist,0.0
purview,0.0
adept,0.0
mingl,0.0
manship,0.0
rutledg,0.0
burma,0.0
stipend,0.0
emeritus,0.0
sovereign,0.0
wilfrid,0.0
hardin,0.0
karachi,0.0
absorp,0.0
basement,0.0
joke,0.0
tenac,0.0
homemarket,0.0
softer,0.0
respit,0.0
remunera,0.0
musician,0.0
stimulat,0.0
particl,0.0
schump,0.0
spree,0.0
bulg,0.0
visag,0.0
subdistrict,0.0
revok,0.0
henceforward,0.0
landsberg,0.0
rosta,0.0
lxxiii,0.0
gillett,0.0
reappoint,0.0
energet,0.0
salespeopl,0.0
morelli,0.0
dari,0.0
subsidis,0.0
trembl,0.0
wake,0.0
crawl,0.0
protector,0.0
uncommit,0.0
liquidasset,0.0
jcurv,0.0
armin,0.0
francais,0.0
ductori,0.0
reveng,0.0
egregi,0.0
harbour,0.0
brigad,0.0
federa,0.0
seced,0.0
betterknown,0.0
ulph,0.0
coomb,0.0
stab,0.0
retort,0.0
deremploy,0.0
misrepr,0.0
cita,0.0
misint,0.0
quixot,0.0
miscon,0.0
infal,0.0
oilproduc,0.0
erous,0.0
pawn,0.0
landslid,0.0
whelm,0.0
firmat,0.0
alism,0.0
conseil,0.0
qct,0.0
reber,0.0
numrair,0.0
wvhile,0.0
sour,0.0
rend,0.0
substitutabil,0.0
ncome,0.0
trenchant,0.0
dawn,0.0
calen,0.0
phistic,0.0
waiver,0.0
concensus,0.0
lessdevelop,0.0
cruzeiro,0.0
inanim,0.0
oncil,0.0
ceiver,0.0
trialize,0.0
synchro,0.0
amal,0.0
zloti,0.0
modernis,0.0
selfconsci,0.0
charlott,0.0
mercuri,0.0
taliz,0.0
trhe,0.0
monstrous,0.0
cine,0.0
landless,0.0
revo,0.0
feast,0.0
horticultur,0.0
oust,0.0
casper,0.0
muscl,0.0
welt,0.0
kerwin,0.0
nonequilibrium,0.0
thurman,0.0
fend,0.0
indo,0.0
perfum,0.0
blackmarket,0.0
taxinclus,0.0
stabili,0.0
burs,0.0
curtain,0.0
seton,0.0
portent,0.0
spiritu,0.0
braical,0.0
bilize,0.0
propensi,0.0
calf,0.0
prag,0.0
nership,0.0
roam,0.0
legion,0.0
ferment,0.0
aloi,0.0
rejuven,0.0
unveil,0.0
lowli,0.0
agriculturalist,0.0
behoov,0.0
monogam,0.0
ciliat,0.0
diplomaci,0.0
fredrik,0.0
dupuit,0.0
schweizerisch,0.0
lyse,0.0
phlet,0.0
courb,0.0
theresa,0.0
plaster,0.0
goat,0.0
domesti,0.0
steal,0.0
manur,0.0
katharin,0.0
clung,0.0
dismay,0.0
transgress,0.0
schum,0.0
sylvia,0.0
efici,0.0
ciplin,0.0
eightieth,0.0
laffer,0.0
tradea,0.0
dirlam,0.0
aluminium,0.0
taxonom,0.0
brinley,0.0
louri,0.0
ester,0.0
mayo,0.0
sheppard,0.0
pricecontrol,0.0
nonrecur,0.0
pital,0.0
euthanasia,0.0
tinctiv,0.0
sunder,0.0
vorc,0.0
ricar,0.0
didt,0.0
appetit,0.0
header,0.0
bug,0.0
whet,0.0
visionari,0.0
disaffect,0.0
metalwork,0.0
reenforc,0.0
exuber,0.0
landus,0.0
eclips,0.0
forebear,0.0
trinidad,0.0
neurial,0.0
sionari,0.0
calendaryear,0.0
stackelberg,0.0
flora,0.0
fiscalyear,0.0
iob,0.0
marketvalu,0.0
appor,0.0
fullyear,0.0
rentier,0.0
brenner,0.0
bronfen,0.0
notefor,0.0
portend,0.0
disequilibr,0.0
multiplieracceler,0.0
hickss,0.0
tialiti,0.0
syke,0.0
welltrain,0.0
rebuilt,0.0
proctor,0.0
feminin,0.0
vignett,0.0
cupi,0.0
wallich,0.0
fiscalmonetari,0.0
kurihara,0.0
avant,0.0
activit,0.0
chef,0.0
dynasti,0.0
vancement,0.0
tulsa,0.0
leven,0.0
birthplac,0.0
baptist,0.0
worship,0.0
upbring,0.0
underrepresent,0.0
thirtyseven,0.0
compatriot,0.0
ancestor,0.0
nativeborn,0.0
overrepresent,0.0
ancestri,0.0
cxvii,0.0
xcii,0.0
dorf,0.0
disint,0.0
bourg,0.0
immo,0.0
chalk,0.0
enfranchis,0.0
dissati,0.0
unrevis,0.0
indig,0.0
cheltenham,0.0
converti,0.0
highpow,0.0
monet,0.0
pathet,0.0
nearmoney,0.0
waterborn,0.0
gravat,0.0
uaj,0.0
librarian,0.0
singlehand,0.0
percentagewis,0.0
impecc,0.0
postkeynesian,0.0
xvhile,0.0
soever,0.0
capitalsav,0.0
icism,0.0
planet,0.0
sting,0.0
rebuk,0.0
regimen,0.0
everchang,0.0
tard,0.0
lutionari,0.0
extol,0.0
tegic,0.0
dialogu,0.0
equatori,0.0
implau,0.0
inkind,0.0
traordinari,0.0
deck,0.0
nonmoney,0.0
isola,0.0
nashcournot,0.0
poser,0.0
oldtim,0.0
lensembl,0.0
grandeur,0.0
outr,0.0
savant,0.0
plusieur,0.0
ancien,0.0
soient,0.0
ordr,0.0
exprim,0.0
depui,0.0
infini,0.0
assez,0.0
selfdisciplin,0.0
straitjacket,0.0
equalitarian,0.0
gradualist,0.0
centiv,0.0
sculli,0.0
perous,0.0
landownership,0.0
unannounc,0.0
chaser,0.0
tob,0.0
notch,0.0
irresist,0.0
truce,0.0
flame,0.0
breaker,0.0
infecti,0.0
deepseat,0.0
sabotag,0.0
loaf,0.0
vicari,0.0
untari,0.0
limitpr,0.0
immiser,0.0
bait,0.0
relentless,0.0
glorifi,0.0
nose,0.0
formalist,0.0
quon,0.0
nordic,0.0
mieux,0.0
refil,0.0
deft,0.0
barclay,0.0
upperclass,0.0
sociocultur,0.0
aristocrat,0.0
enshrin,0.0
preneurship,0.0
vaniti,0.0
gadget,0.0
inhospit,0.0
tiousli,0.0
rocket,0.0
locali,0.0
uneco,0.0
solidifi,0.0
microcosm,0.0
fitter,0.0
dictatori,0.0
reelec,0.0
subordi,0.0
extort,0.0
officehold,0.0
myrick,0.0
oversav,0.0
enrico,0.0
stagnationist,0.0
shuttl,0.0
lequel,0.0
driscol,0.0
voir,0.0
manier,0.0
letud,0.0
dabord,0.0
disposi,0.0
xcvi,0.0
antimonopoli,0.0
myopia,0.0
hostag,0.0
katona,0.0
wagebargain,0.0
diss,0.0
brightest,0.0
nonpolici,0.0
mcfarland,0.0
rariti,0.0
harbing,0.0
cyrus,0.0
bricklay,0.0
manna,0.0
stopgap,0.0
admonish,0.0
petent,0.0
inept,0.0
rendit,0.0
lawmak,0.0
