word,freq
likelihood,0.0049500887331676005
sequenc,0.004751282663928371
densiti,0.004382722788516982
uniform,0.003853789209807106
feasibl,0.00356652355930088
top,0.003550108379271953
old,0.0034400224497128777
length,0.0033219894885524962
record,0.0032576315605025753
royal,0.003215811935190785
mix,0.0032146394223315756
format,0.0031283945875764186
physic,0.0031248770489987914
upper,0.0030977789740304035
max,0.003096085344344879
symmetr,0.0030921769681475156
nonlinear,0.003070680899062016
formula,0.0029130430591016833
versus,0.002874480413954362
connect,0.0028704417585504196
discret,0.0028314882757833624
null,0.00282315040656232
fig,0.002763873367568972
attract,0.002758141082479505
largest,0.0027310430075111174
six,0.002678019370433551
regular,0.00265339660039016
notic,0.002644928451962539
conduct,0.0026274710382809814
cross,0.002577052985334991
sort,0.002546567650995555
octob,0.002501621324725873
minor,0.002494846805983776
exhibit,0.002479473859607479
classic,0.002466706497362758
systemat,0.0024654037052969703
infinit,0.0024647523092640763
pass,0.0024469040579627823
februari,0.002434657812544376
criterion,0.0024106864385338793
notion,0.0023777257992694464
novemb,0.0023574022430431557
invers,0.0023188395978958345
bad,0.0023164945721774162
michael,0.0022764988557577286
divis,0.0022673793112972136
via,0.002232073646314362
princeton,0.0022311616918683106
modifi,0.002224387173126214
dimens,0.0021988524486367712
unchang,0.00219468351402625
text,0.002163416504447341
arriv,0.0021561208688789294
confirm,0.0021430929482210504
preced,0.002127459443431596
arbitrari,0.0020990585763974202
proper,0.0020624501193487813
upward,0.0020598445352172055
cumul,0.0020568481134658934
perspect,0.0020499433155172176
exploit,0.002041735725502754
verifi,0.0020277958503988236
termin,0.002020891052450148
whenev,0.0020132045792619997
primarili,0.0019918387893830785
mass,0.0019844128746080874
qualit,0.0019808953360304603
lowest,0.001977377797452833
tendenc,0.0019716455123633663
analyt,0.0019703427202975785
sumption,0.0019672160193396878
miss,0.001965782948067321
stronger,0.001957966195672594
bear,0.0019373820810331453
straightforward,0.0019158860119476455
paul,0.001908850934792391
presum,0.0019053333962147636
shape,0.0019018158576371365
portion,0.001899601111125297
california,0.001899601111125297
imposs,0.0018920449171437273
downward,0.001890481566664782
inconsist,0.0018893090538055729
sometim,0.0018857915152279455
goe,0.001885530956814788
adapt,0.0018723727569503305
methodolog,0.0018670313094806003
ambigu,0.0018645560045556034
doubt,0.0018584328818464003
manner,0.0018562181353345608
fourth,0.0018545245056490367
lose,0.0018516583631043033
convers,0.0018515280838977246
ground,0.0018480105453200972
block,0.001847619707700361
crucial,0.0018288595019530156
experienc,0.0018128351595438248
lim,0.0018127048803372459
middl,0.0017549911918228432
par,0.001752646166104425
sec,0.0017473047186346948
retain,0.0017252875327228797
thoma,0.0017149954754031556
tween,0.001704182301257116
peter,0.0016929782894913406
confer,0.0016809926024860921
cal,0.0016796898104203043
dif,0.0016794292520071466
enabl,0.001677344784701886
virtual,0.001676172271842677
engag,0.0016746089213637314
coincid,0.0016600176502269072
regardless,0.00165650011164928
fewer,0.0016421693989256134
mit,0.0016352646009769377
evolut,0.0016313562247795741
scope,0.0016304442703335225
invari,0.0016291414782677346
reaction,0.00162106416745985
sole,0.0016153318823703832
diminish,0.0016140290903045953
insight,0.0016112932269664408
reader,0.001607515129975656
pose,0.0016049095458440803
ate,0.001598265306308562
func,0.0015981350271019833
georg,0.0015969625142427742
indi,0.0015912302291533076
unpublish,0.00157807202928885
doubl,0.0015758572827770107
ideal,0.0015735122570585925
secondari,0.0015527978632125653
vii,0.0015479775325691503
increment,0.0015478472533625714
exp,0.0015366432415967958
rela,0.0015215308536336565
edit,0.0015207491783941838
tor,0.0015195766655349747
abstract,0.00151684080219682
spent,0.001508372653769199
adequ,0.0014995136677218414
min,0.00149430249945869
minus,0.001487527980716593
bottom,0.0014793203907021294
superior,0.0014761936897442385
closer,0.0014737183848192415
ultim,0.0014675952621100385
stay,0.0014660319116310931
unfortun,0.0014627749314666235
extra,0.0014626446522600445
mimeo,0.0014563912503442627
brown,0.0014500075692219022
forthcom,0.0014494864523955872
assert,0.0014467505890574325
summer,0.0014462294722311173
suffer,0.0014291628961692962
sent,0.0014130082745535267
graph,0.0014114449240745812
behind,0.0014015437043745933
bracket,0.0014001106331022267
wors,0.0013960719776982843
familiar,0.0013842165698996147
admit,0.0013774420511575177
oppos,0.001376008979885151
contrari,0.0013727519997206814
label,0.001361938825574642
isol,0.0013554248652457026
cation,0.0013543826315930724
speak,0.0013537312355601785
page,0.001344872249512821
promis,0.0013434391782404542
request,0.0013425272237944028
tribut,0.001341224431728615
tell,0.0013351013090194118
tool,0.0013278056734509999
charl,0.0013195980834365363
duce,0.001317904453751012
interior,0.0013175136161312755
took,0.0013168622200983816
challeng,0.0013149080319996998
twice,0.0013133446815207545
parametr,0.0013132144023141755
faster,0.0013090454677036545
mea,0.001308654630083918
devot,0.001294584475773409
martin,0.0012871585609984181
strength,0.0012827290679747394
tain,0.0012814262759089515
narrow,0.0012807748798760576
diverg,0.0012790812501905333
possess,0.0012769967828852727
readili,0.0012678772384247577
phenomenon,0.0012611027196826607
discontinu,0.0012605816028563456
translat,0.0012497684287103062
chapter,0.001249247311883991
edward,0.001248074799024782
valuabl,0.001244948098066891
deliv,0.0012439058644142609
intend,0.0012411700010761062
est,0.0012398672090103183
outlin,0.0012320504566155912
briefli,0.0012295751516905942
andor,0.0012268392883524395
equi,0.0012207161656432367
postul,0.00121498388055377
elsewher,0.0012127691340419306
essay,0.0011990898173511579
brought,0.0011980475836985277
emphasi,0.0011839774293880185
tran,0.001178245144298552
mation,0.001176421235406449
els,0.001174467047307767
facilit,0.0011742064888946096
appeal,0.0011640447107814642
metric,0.0011603968929972581
realist,0.001155576562353843
fore,0.0011506259525038492
lar,0.00114515422582754
attach,0.001135383285334131
brook,0.0011346016100946582
pursu,0.0011344713308880795
ter,0.001131084071517031
suitabl,0.0011296510002446643
sider,0.001126784857699931
apart,0.0011223553646762523
parallel,0.0011222250854696736
stanford,0.001118186430065731
wrong,0.001118186430065731
depict,0.0011149294499012614
footnot,0.0011094577232249523
dramat,0.0011064613014736403
letter,0.00110541906782101
cient,0.0011000776203512795
enhanc,0.0010989051074920706
cast,0.0010970811985999676
remaind,0.0010959086857407585
popular,0.001093042543196025
unabl,0.0010897855630315554
der,0.00108822221255261
pick,0.0010797540641249888
split,0.0010783209928526222
ness,0.001075975967134204
preserv,0.001075975967134204
automat,0.001069201448392107
arbitrarili,0.001068028935532898
pli,0.0010617755336171163
aea,0.0010616452544105373
guid,0.0010573460405934375
fect,0.001052004593123707
fashion,0.001050832080264498
modif,0.0010505715218513405
micro,0.001042885048663192
ent,0.0010396280684987224
cor,0.0010381949972263556
seminar,0.0010378041596066194
denc,0.0010295965695921558
brief,0.0010289451735592619
massachusett,0.001028293777526368
span,0.0010280332191132102
dual,0.0010277726607000528
counterpart,0.001027642381493474
stephen,0.001025036797361898
green,0.0010236037260895315
iid,0.0010232128884697953
anyth,0.0010229523300566376
neglig,0.0010212587003711132
pictur,0.0010186531162395375
began,0.0010180017202066436
biliti,0.0010163080905211195
embodi,0.001014744740042174
signifi,0.0010087518965395499
kenneth,0.0010069279876474468
detect,0.001003801286689556
symmetri,0.0010015865401777164
entail,0.001001325981764559
preliminari,0.0009993717936658771
stimul,0.0009974176055671954
joseph,0.0009953331382619346
draft,0.0009924669957172014
clude,0.000985953035388262
realiti,0.0009855621977685257
corr,0.0009826960552237923
piec,0.0009807418671251105
overlap,0.0009750095820356438
alli,0.0009718828810777529
outlay,0.0009656294791619711
lation,0.0009635450118567106
cap,0.0009625027782040803
pect,0.0009619816613777652
eral,0.0009618513821711863
disadvantag,0.0009605485901053984
met,0.0009593760772461894
cate,0.0009554677010488258
que,0.000955337421842247
comprehens,0.0009532529545369864
track,0.0009520804416777774
gen,0.0009515593248514622
vice,0.0009502565327856743
irrelev,0.0009484326238935713
denomin,0.0009421792219777895
calli,0.0009384011249870046
cant,0.0009372286121277955
ple,0.0009368377745080592
inher,0.0009342321903764835
sim,0.0009311054894185926
sur,0.0009273273924278077
conceptu,0.0009261548795685986
feedback,0.0009260246003620199
safe,0.0009245915290896532
variant,0.0009238098538501805
lawrenc,0.000915471984629138
nal,0.0009145600301830866
came,0.0009128664004975623
handl,0.0009127361212909836
easier,0.0009098699787462503
econo,0.0009015321095252078
greatest,0.0008999687590462624
modest,0.0008967117788817927
trivial,0.0008870711175949624
ation,0.0008865500007686474
columbia,0.000885507767116017
join,0.0008851169294962806
wellknown,0.000884856371083123
backward,0.0008831627413975989
exposit,0.0008815993909186534
harri,0.0008766487810686595
complementari,0.0008758671058291868
smallest,0.0008727404048712959
hypothet,0.0008723495672515595
departur,0.0008705256583594565
tic,0.0008700045415331413
compris,0.0008614061138989414
reinforc,0.0008589308089739444
subtract,0.000854892153570002
unaffect,0.0008502021021331656
street,0.0008470754011752747
vide,0.0008466845635555384
meaning,0.000840821999259493
arm,0.0008395192071937052
alan,0.0008384769735410748
flat,0.000838346694334496
evolv,0.0008367833438555506
sult,0.0008366530646489718
spirit,0.000836522785442393
simon,0.0008360016686160778
suffic,0.0008353502725831839
prime,0.0008298785459068749
forth,0.0008296179874937173
ferenc,0.0008270124033621416
lem,0.0008262307281226688
conform,0.0008219315143055689
twenti,0.0008171111836621537
michigan,0.0008154175539766295
understood,0.0008125514114318962
dougla,0.0008098155480937416
discrep,0.0008076008015819022
accommod,0.0008076008015819022
box,0.0008062980095161143
eas,0.0008049952174503265
interdepend,0.0008042135422108538
topic,0.0008039529837976962
truncat,0.0008035621461779598
chose,0.0008019987956990144
heavi,0.000800435445220069
built,0.0008000446076003325
viii,0.0007982206987082296
ward,0.0007950939977503387
graphic,0.0007937912056845507
qualifi,0.0007928792512384993
likewis,0.0007876680829753478
sig,0.0007855836156700871
davi,0.0007854533364635084
tial,0.0007794604929608842
unrestrict,0.0007790696553411478
fulfil,0.0007759429543832569
bar,0.0007720345781858933
trace,0.0007717740197727358
slowli,0.0007706015069135267
inspect,0.0007682564811951085
absent,0.0007681262019885297
bution,0.0007665628515095842
undertaken,0.0007649995010306388
recov,0.0007625241961056418
underestim,0.0007604397288003813
controversi,0.0007565313526030176
meant,0.0007549680021240721
uni,0.0007547074437109147
pennsylvania,0.0007494962754477631
scarc,0.000745327340837242
excel,0.0007436337111517176
convinc,0.0007431125943254026
render,0.0007405070101938269
nonetheless,0.0007376408676490934
berkeley,0.0007362077963767268
impress,0.0007330810954188359
incorrect,0.0007317783033530481
aver,0.0007312571865267329
soon,0.0007304755112872602
preval,0.0007295635568412087
microeconom,0.0007293029984280511
indebt,0.0007291727192214724
fifth,0.0007257854598504239
tal,0.0007248735054043723
nific,0.0007214862460333238
justif,0.0007204440123806936
proportion,0.0007192714995214845
weaken,0.0007187503826951694
ble,0.000717708149042539
proxim,0.0007174475906293814
qualif,0.0007171870322162239
fol,0.0007165356361833299
collaps,0.0007151025649109633
evi,0.0007144511688780694
suit,0.0007137997728451754
warrant,0.0007127575391925451
editor,0.0007078069293425512
simplest,0.0007075463709293936
socal,0.0007067646956899208
tation,0.0007058527412438694
settl,0.000704289390764924
fortun,0.0007041591115583451
surfac,0.0007012929690136118
overcom,0.0007010324106004542
sug,0.0007006415729807179
impor,0.0007006415729807179
pos,0.0006989479432951937
macmillan,0.0006968634759899331
merit,0.000693867054238621
posi,0.0006898283988346786
centr,0.0006886558859754695
siti,0.0006880044899425755
pri,0.0006876136523228392
jour,0.0006867016978767877
aer,0.0006867016978767877
cial,0.0006865714186702088
ceteri,0.000684617230571527
num,0.0006805785751675846
spite,0.0006799271791346907
ago,0.0006756279653175908
fellow,0.0006744554524583817
allen,0.0006740646148386453
reproduc,0.0006730223811860149
paribus,0.0006726315435662786
react,0.0006678112129228635
inferior,0.0006650753495847089
repr,0.0006640331159320787
ical,0.0006633817198991847
fals,0.0006629908822794484
sta,0.0006602550189412938
vanish,0.0006590825060820847
gest,0.000658952226875506
plain,0.0006545227338518272
fer,0.0006537410586123544
fruit,0.0006536107794057757
ind,0.0006472270982834152
richer,0.0006451426309781545
elementari,0.0006427976052597364
mon,0.00064240676764
param,0.0006421462092268425
simpler,0.0006418856508136849
pronounc,0.0006398011835084242
winter,0.0006378469954097424
compos,0.0006373258785834273
mislead,0.0006368047617571122
jeffrey,0.0006368047617571122
nest,0.0006358928073110607
erat,0.0006355019696913242
paragraph,0.0006353716904847455
struc,0.0006351111320715879
rigor,0.0006325055479400122
circl,0.000631984431113697
unrel,0.0006317238727005395
ual,0.0006285971717426486
mixtur,0.0006284668925360697
sis,0.0006279457757097547
ize,0.0006263824252308092
addi,0.0006256007499913364
cess,0.0006242979579255486
ann,0.0006224740490334455
quantifi,0.0006222134906202879
char,0.0006222134906202879
tori,0.0006216923737939728
cancel,0.0006209106985545001
parameter,0.0006180445560097668
latent,0.000617914276803188
ous,0.0006156995302913486
packag,0.000615438971878191
encount,0.0006112700372676699
stan,0.0006089250115492516
ampl,0.0006084038947229366
henri,0.0006064497066242547
rearrang,0.0006043652393189941
donald,0.0006026716096334698
ari,0.000600717421534788
tem,0.0005998054670887365
asid,0.0005994146294690002
bridg,0.0005965484869242669
benefici,0.000595897090891373
distri,0.0005957668116847941
wise,0.0005926401107269033
sive,0.0005893831305624336
confront,0.0005892528513558548
straight,0.0005889922929426972
versa,0.0005878197800834881
annal,0.0005863867088111215
wider,0.0005863867088111215
shed,0.0005861261503979639
park,0.0005852141959519124
sys,0.0005841719622992821
promin,0.0005839114038861245
routin,0.0005839114038861245
dan,0.0005837811246795457
spond,0.000582999449440073
symbol,0.0005788305148295518
onehalf,0.000578700235622973
era,0.0005749221386321881
ran,0.0005747918594256094
suppress,0.0005717954376742972
predomin,0.0005685384575098276
preclud,0.0005676265030637761
defici,0.000567105386237461
ferent,0.0005643695228993064
resembl,0.0005592886338427337
sam,0.0005544683031993185
apprais,0.0005532957903401095
proach,0.000552383835894058
deduc,0.0005522535566874792
pol,0.0005522535566874792
pertain,0.0005518627190677428
mediat,0.0005497782517624823
worst,0.0005493874141427458
felt,0.0005491268557295884
dot,0.0005484754596966943
insuffici,0.0005476937844572216
mod,0.0005475635052506429
besid,0.000546912109217749
artifici,0.0005453487587388035
quir,0.0005450882003256459
intrins,0.0005441762458795944
clarifi,0.0005414403825414398
individ,0.0005379228439638126
compulsori,0.0005367503311046035
plete,0.0005355778182453945
thirti,0.0005342750261796065
optimist,0.0005331025133203975
recognit,0.0005295849747427703
dom,0.0005284124618835612
roger,0.0005265885529914581
chief,0.0005255463193388278
coin,0.0005246343648927763
inadequ,0.0005246343648927763
counter,0.0005222893391743581
virtu,0.0005220287807612006
deci,0.0005209865471085702
concret,0.0005178598461506793
stant,0.0005177295669441006
los,0.0005166873332914703
cons,0.0005160359372585764
mal,0.0005156450996388399
supplementari,0.0005131697947138431
ticular,0.0005117367234414764
grid,0.0005099128145493733
pendent,0.0005097825353427946
nent,0.0005080889056572703
undoubt,0.0005079586264506915
sought,0.0005074375096243764
manual,0.0005062649967651673
occasion,0.0005061347175585885
lesson,0.0005060044383520097
angel,0.0005053530423191158
ronald,0.0005004024324691219
kink,0.0005004024324691219
saw,0.0005000115948493855
sistent,0.000499099640403334
versiti,0.0004988390819901764
envelop,0.000496624335478337
dard,0.0004953215434125492
arthur,0.0004944095889664977
testabl,0.0004912828880086068
multi,0.0004847689276796674
tialli,0.00048333585640730075
floor,0.00048320557720072196
stanc,0.0004826844603744068
fur,0.00048229362275467044
lish,0.00048007887624283105
pend,0.00047981831782967346
nontrivi,0.0004794274802099371
ginal,0.0004777338505244129
scott,0.00047747329211125534
ficient,0.0004761705000454674
broken,0.00047512826639283716
ben,0.00047408603274020684
generous,0.0004731740782941553
sake,0.0004701776565428432
caution,0.00046887486447705535
rect,0.0004682234684441614
irrespect,0.0004674417932046887
tent,0.00046574816351916445
ject,0.00046483620907311293
passiv,0.0004647059298665342
terminolog,0.0004640545338336402
prescrib,0.00046366369621390387
charac,0.00046353341700732507
viewpoint,0.0004621003457349584
alterna,0.0004621003457349584
nate,0.00045871308636390997
int,0.000458061690331016
mild,0.0004542835933402312
spe,0.0004533716388941797
ford,0.0004532413596876009
novel,0.0004528505220678645
presumpt,0.00045167800920865544
havior,0.00045141745079549785
mum,0.00044959354190339485
blue,0.0004481604706310282
fac,0.00044659712015208275
simplif,0.00044633656173892515
effi,0.0004449034904665585
alleg,0.0004438612568139282
altogeth,0.0004429493023678767
sketch,0.0004429493023678767
pat,0.00044229790633498273
pres,0.00044229790633498273
closest,0.00044021343902972214
myopic,0.00043838953013761915
gener,0.00043721701727841004
ure,0.00043708673807183124
analogu,0.0004368261796586737
harder,0.0004356536667994646
vulner,0.00043213612822183735
roy,0.00043109389456920703
encompass,0.00043109389456920703
ser,0.00042992138170999797
inabl,0.0004296608232968404
wisconsin,0.00042940026488368283
imposit,0.0004277066351981586
rep,0.0004254918886863192
occurr,0.00042301658376132223
sensibl,0.00042288630455474343
truli,0.0004221046293152707
tionship,0.00042119267486921924
uncov,0.00042080183724948285
respec,0.0004204109996297465
ploy,0.0004196293243902738
russel,0.0004191082075639586
propor,0.00041845681153106467
shrink,0.00041754485708501315
sizabl,0.00041754485708501315
auxiliari,0.0004167631818455405
relianc,0.0004163723442258041
virginia,0.0004161117858126465
tical,0.00041585122739948896
hill,0.0004142878769205435
gamma,0.0004142878769205435
sit,0.0004136364808876496
vation,0.0004114217343758102
wherebi,0.0004111611759626526
den,0.00040855559183107683
invok,0.0004082950334179193
cam,0.0004079041957981829
lesser,0.00040738307897186777
redund,0.00040660140373239504
philadelphia,0.0004052986116666072
loos,0.0003991754889574042
ourselv,0.00039865437213108904
unrealist,0.00039839381371793145
adjac,0.0003976121384784587
bus,0.000395006554346883
gregori,0.0003935734830745163
distant,0.00039266152862846483
ver,0.00039240097021530723
nega,0.00039214041180214964
conjunct,0.0003920101325955709
lorenz,0.0003918798533889921
surround,0.0003918798533889921
workshop,0.00039122845735609817
haven,0.0003910981781495194
intro,0.0003895348276705739
philip,0.00038927426925741633
particu,0.00038888343163768
francisco,0.0003886228732245224
unifi,0.00038797147719162847
gone,0.0003862778475061042
onto,0.00038601728909294663
meyer,0.0003857567306797891
hoc,0.00038497505544031637
walter,0.00038484477623373757
worthwhil,0.00038380254258110725
permiss,0.0003828905881350558
edgeworth,0.00038223919210216185
insofar,0.00038210891289558306
bigger,0.00038210891289558306
spons,0.00038184835448242546
minnesota,0.0003806758416232164
hybrid,0.0003801547247969012
exagger,0.00037780969907848304
caveat,0.0003749435565337497
thorough,0.00037377104367454066
hidden,0.00037364076446796187
zation,0.00037311964764164674
abli,0.0003724682516087528
ogi,0.0003716865763692801
ativ,0.0003714260179561225
wholli,0.0003710351803363861
tentat,0.00037038378430349217
scribe,0.00036986266747717704
rea,0.0003694718298574407
obstacl,0.0003693415506508619
coher,0.0003690809922377043
stringent,0.00036569373286665587
pop,0.0003653028952469195
adher,0.0003653028952469195
possi,0.00036465149921402555
rotat,0.00036426066159428916
berlin,0.0003641303823877104
anali,0.0003634789863548165
stanley,0.0003634789863548165
riod,0.00036269731111534376
ascertain,0.00036269731111534376
pioneer,0.00036243675270218617
vital,0.00036126423984297705
welldefin,0.0003604825646035044
implaus,0.0003604825646035044
fifti,0.0003599614477771892
shortcom,0.00035931005174429526
stud,0.0003580072596785074
bruce,0.0003570953052324559
worri,0.00035566223396008923
proba,0.0003550108379271953
vate,0.00035448972110088017
varia,0.0003542291626877226
compo,0.00035370804586140744
cuss,0.00035357776665482864
benjamin,0.0003517538577627256
ili,0.00035071162411009533
hereaft,0.00035058134490351654
ere,0.0003494088320443074
casual,0.0003492785528377286
mcgrawhil,0.0003491482736311499
ond,0.00034784548156536197
canon,0.00034758492315220443
quentli,0.0003468032479127317
rie,0.0003465426894995741
imprecis,0.00034445822219431353
perfor,0.0003427645925087893
cie,0.000341722358856159
steeper,0.0003415920796495802
ficat,0.0003406801252035287
ceiv,0.0003395076123443196
consecut,0.0003380745410719529
cienci,0.0003376837034522166
cer,0.00033703230741932266
resent,0.00033677174900616507
hopkin,0.00033625063217984993
unimport,0.000335599236146956
ticip,0.0003354689569403772
iden,0.0003344267232877469
para,0.00033351476884169537
insert,0.00033286337280880144
insensit,0.0003327330936022227
wisdom,0.00033051834709038326
albeit,0.0003290852758180166
ongo,0.00032752192533907115
star,0.0003267402500995985
ful,0.0003264796916864409
quasi,0.00032582829565354696
istic,0.00032543745803381057
cdf,0.00032517689962065303
sin,0.00032504662041407423
ponent,0.0003242649451746015
anal,0.0003241346659680227
dividu,0.0003234832699351288
unreason,0.0003232227115219712
increa,0.00032178964024960453
estab,0.00032178964024960453
denni,0.0003210079650101318
izat,0.000320877685803553
guidanc,0.0003200960105640803
unclear,0.00031983545215092274
ulat,0.00031970517294434395
strongest,0.00031853266008513483
pessimist,0.0003178812640522409
struct,0.00031696930960618943
unavail,0.00031683903039961064
popu,0.0003159270759535591
nearest,0.0003156665175404015
hurt,0.0003151454007140864
influenti,0.00031423344626803487
restat,0.0003131912126154046
academi,0.000312930654202247
ther,0.0003128003749956682
alfr,0.0003121489789627743
substan,0.00031045534927725003
ior,0.00031045534927725003
cohen,0.0003100645116575137
consi,0.0003096736740377773
plicat,0.00030941311562461977
contend,0.0003087617195917258
quan,0.00030863144038514704
behalf,0.0003079800443522531
harold,0.0003075892067325167
degener,0.0003048533433943622
foregon,0.0003042019473614683
ana,0.00030289915529568037
asso,0.0003017266424364713
lin,0.0003017266424364713
obey,0.0003015963632298925
overlook,0.0003012055256101562
implica,0.00029925133751147433
paradigm,0.000298860499891738
sixth,0.000298860499891738
ian,0.0002985999414785804
matic,0.0002978182662391077
reexamin,0.0002976879870325289
superscript,0.00029729714941279255
eat,0.00029716687020621375
sition,0.00029677603258647736
predic,0.00029612463655358343
piric,0.00029508240290095317
ning,0.0002946915652812168
visual,0.000294561286074638
reconstruct,0.0002935190524220077
fre,0.0002931282148022713
han,0.0002931282148022713
spectiv,0.0002923465395627986
wel,0.00029195570194306226
unfavor,0.00029182542273648347
tin,0.00029078318908385315
symposium,0.0002900015138443804
explana,0.0002898712346378017
nonexist,0.0002897409554312229
samuel,0.00028921983860490775
selv,0.00028895928019175016
nanc,0.00028882900098517136
karl,0.00028817760495227743
mis,0.00028778676733254104
dict,0.0002870050920930683
allevi,0.0002864839752667532
glenn,0.00028609313764701685
ele,0.00028557202082070166
forwardlook,0.0002851811832009653
pecuniari,0.00028387839113517746
albert,0.0002834875535154411
ousli,0.00028283615748254714
embed,0.00028283615748254714
gray,0.00028270587827596835
duplic,0.0002816636446233381
tern,0.0002812728070036017
xii,0.00028036085255755017
undermin,0.00027970945652465624
barri,0.0002794488981114987
tape,0.0002785369436654472
cord,0.00027736443080623806
und,0.00027567080112071387
sari,0.00027371661302203203
twoyear,0.00027358633381545323
nsf,0.0002733257754022957
trate,0.0002720229833365078
proven,0.00027163214571677144
toronto,0.00027137158730361385
bunch,0.00027137158730361385
tude,0.00027137158730361385
cautious,0.0002708504704772987
anthoni,0.000270068795237826
viz,0.0002699385160312472
chi,0.00026967795761808966
phi,0.00026889628237861693
simi,0.00026824488634572295
don,0.0002678540487259866
furnish,0.0002673329318996715
fli,0.0002670723734865139
fan,0.0002669420942799351
cornel,0.00026616041904046236
interchang,0.00026563930221414723
jack,0.0002651181853878321
mirror,0.0002651181853878321
pseudo,0.00026433651014835937
nichola,0.0002638153933220442
rel,0.00026368511411546544
ingredi,0.00026368511411546544
knowl,0.00026355483490888665
necessit,0.00026212176363652
ric,0.0002618612052233624
ciat,0.0002616006468102048
substi,0.00026068869236415334
skeptic,0.00026042813395099574
expon,0.00026003729633125935
ferenti,0.000259646458711523
discard,0.0002593859002983654
revert,0.00025925562109178663
comfort,0.0002589950626786291
drawback,0.00025821338743915636
breviti,0.00025808310823257757
bare,0.00025808310823257757
lic,0.00025743171219968364
strand,0.00025743171219968364
semin,0.0002569105953733685
interrupt,0.0002566500369602109
ting,0.0002566500369602109
uit,0.0002561289201338958
partici,0.000255998640927317
hing,0.0002556078033075806
poten,0.00025521696568784426
characteri,0.00025521696568784426
verif,0.00025430501124179273
discern,0.00025430501124179273
calcu,0.0002539141736220564
pact,0.0002536536152088988
identi,0.00025352333600232
ysis,0.0002532627775891624
carl,0.00025182970631679576
vers,0.0002513085894904806
tute,0.00025117831028390183
baker,0.0002509177518707443
quar,0.0002506571934575867
cubic,0.0002505269142510079
struction,0.0002502663558378503
murray,0.00025000579742469277
farther,0.00024896356377206245
app,0.0002483121677391685
tenth,0.0002480516093260109
herbert,0.0002479213301194322
pervas,0.00024713965487995946
impl,0.00024700937567338066
titi,0.00024700937567338066
somewher,0.00024661853805364427
litera,0.00024635797964048673
stockholm,0.00024583686281417155
entertain,0.0002457065836075928
efficaci,0.0002447946291615413
cri,0.0002447946291615413
vention,0.0002445340707483837
cussion,0.00024284044106285947
partic,0.00024257988264970187
oppor,0.0002424496034431231
hide,0.00024205876582338674
ted,0.0002403651361378625
qje,0.00023997429851812613
tension,0.00023880178565891704
infeas,0.00023880178565891704
economet,0.00023749899359312918
pertin,0.00023736871438655038
disappoint,0.00023736871438655038
alik,0.00023723843517997162
vey,0.00023697787676681402
reinterpret,0.00023671731835365646
steep,0.00023658703914707766
spec,0.0002363264807339201
contribu,0.00023606592232076253
depen,0.00023580536390760493
nice,0.00023567508470102616
immun,0.00023567508470102616
reconsid,0.00023463285104839587
exog,0.00023385117580892315
neous,0.00023333005898260799
susan,0.00023306950056945042
demon,0.00023267866294971406
tinu,0.0002322878253299777
gin,0.0002322878253299777
ear,0.00023163642929708376
santa,0.00023163642929708376
retrospect,0.00023137587088392617
conclu,0.0002312455916773474
tuniti,0.0002312455916773474
suc,0.00023085475405761104
solu,0.00023059419564445345
nant,0.00023059419564445345
infinitesim,0.0002300730788181383
inner,0.0002300730788181383
manchest,0.00022968224119840195
inv,0.0002291611243720868
reviv,0.00022877028675235043
barbara,0.0002281188907194565
enumer,0.0002281188907194565
del,0.00022785833230629893
earliest,0.00022720693627340498
elaps,0.0002270766570668262
vit,0.00022655554024051105
inhibit,0.00022460135214182923
appro,0.00022421051452209287
discus,0.0002239499561089353
archiv,0.0002239499561089353
priat,0.00022368939769577774
obser,0.00022342883928262014
ine,0.00022251688483656865
err,0.00022225632642341108
ular,0.00022186548880367472
aaa,0.00022147465118393836
servat,0.00022147465118393836
retard,0.00022056269673788683
cision,0.00022056269673788683
empiri,0.00022043241753130804
tom,0.00022004157991157167
thompson,0.0002197810214984141
ute,0.00021952046308525654
bull,0.00021939018387867774
prac,0.0002188690670523626
lock,0.00021743599577999593
joumal,0.0002169148789536808
sonal,0.00021639376212736564
ner,0.00021613320371420807
att,0.0002158726453010505
respon,0.0002156120868878929
narrowli,0.00021548180768131414
lessen,0.00021509097006157778
neg,0.00021417901561552626
tighter,0.00021404873640894746
compress,0.0002137881779957899
cope,0.00021313678196289597
qual,0.00021313678196289597
amin,0.0002128762235497384
byproduct,0.0002127459443431596
sati,0.00021222482751684444
pittsburgh,0.0002117037106905293
jerri,0.00021131287307079295
prin,0.00021118259386421415
autumn,0.00021118259386421415
cialli,0.00021118259386421415
esi,0.00021105231465763535
norman,0.00021092203545105658
fri,0.00021027063941816263
proposi,0.0002096192433852687
conven,0.00020935868497211113
higherord,0.00020922840576553234
varian,0.00020909812655895357
diction,0.00020909812655895357
cir,0.00020896784735237477
stick,0.00020805589290632325
marc,0.00020740449687342932
harper,0.00020714393846027175
niti,0.00020701365925369296
carnegi,0.0002066228216339566
cli,0.0002066228216339566
vanc,0.00020532002956816873
duke,0.00020518975036158994
shorten,0.00020492919194843237
dissimilar,0.00020466863353527478
midpoint,0.000204538354328696
ern,0.0002044080751221172
nec,0.00020414751670895965
endpoint,0.00020349612067606572
shut,0.00020297500384975056
unpredict,0.0002025841662300142
ltd,0.00020232360781685663
plicit,0.00020206304940369903
franci,0.00020167221178396267
super,0.0002015419325773839
glanc,0.0002012813741642263
sequent,0.00020089053654448995
nonstandard,0.00020062997813133238
ifi,0.0002004996989247536
thick,0.00020023914051159602
devia,0.00019997858209843845
cise,0.0001994574652721233
itiv,0.00019932718606554452
redefin,0.00019919690685896572
detriment,0.00019906662765238693
tenc,0.000198415231619493
mul,0.00019815467320633543
circum,0.00019776383558659907
wild,0.0001973729979668627
ite,0.00019698216034712634
corrobor,0.00019672160193396878
suppl,0.00019672160193396878
inat,0.00019593992669449605
realism,0.00019515825145502333
lane,0.00019476741383528696
tifi,0.0001942462970089718
sentat,0.0001942462970089718
synthesi,0.00019346462176949908
erag,0.0001933343425629203
eighth,0.00019307378414976271
victor,0.00019268294653002635
wharton,0.00019190127129055362
stat,0.00019151043367081726
exi,0.0001913801544642385
closedform,0.00019111959605108093
flect,0.00019098931684450213
concurr,0.00019085903763792333
gard,0.00019046820001818697
tan,0.00018851401191950516
tinuous,0.00018799289509319002
therein,0.00018786261588661123
compl,0.00018760205747345366
sepa,0.00018760205747345366
eti,0.00018747177826687486
bine,0.0001873414990602961
acter,0.00018695066144055973
retic,0.00018642954461424457
bottleneck,0.00018642954461424457
pate,0.00018629926540766577
forgon,0.00018629926540766577
dichotom,0.000186168986201087
trast,0.0001851267525484567
akin,0.00018447535651556276
diffi,0.0001842147981024052
anywher,0.0001840845188958264
rescal,0.0001840845188958264
eri,0.0001830422852431961
previ,0.00018226061000372338
propon,0.000181869772383987
rele,0.00018173949317740824
compensatori,0.0001810880971445143
magni,0.0001810880971445143
fin,0.00018095781793793552
expost,0.0001788733506326749
dilut,0.00017848251301293854
circumv,0.00017731000015372945
huang,0.00017717972094715068
modal,0.0001769191625339931
tual,0.00017639804570767796
dispens,0.0001760072080879416
taneous,0.0001758769288813628
iiia,0.00017561637046820523
extraordinari,0.00017535581205504767
aros,0.00017522553284846887
chamber,0.0001749649744353113
mat,0.0001749649744353113
determi,0.00017418329919583858
eros,0.00017405301998925978
supplysid,0.00017392274078268098
vant,0.00017353190316294462
finer,0.0001730107863366295
cific,0.00017248966951031433
clariti,0.00017248966951031433
harmon,0.00017235939030373556
anecdot,0.00017222911109715676
afterward,0.00017209883189057797
peri,0.0001719685526839992
sizeabl,0.0001719685526839992
gation,0.0001719685526839992
accu,0.0001707960398247901
troll,0.00016949324775900222
fea,0.00016936296855242345
rive,0.00016910241013926586
ada,0.0001688418517261083
artifact,0.0001687115725195295
xix,0.0001687115725195295
laurenc,0.0001687115725195295
defi,0.00016832073489979313
xxx,0.00016806017648663557
rat,0.00016740878045374164
onetim,0.00016727850124716284
twoway,0.00016701794283400528
selec,0.00016675738442084768
ples,0.00016675738442084768
construc,0.00016649682600769012
dicat,0.00016636654680111135
ential,0.00016636654680111135
nil,0.00016597570918137498
interpreta,0.00016597570918137498
rec,0.0001658454299747962
lengthi,0.0001657151507682174
funda,0.0001657151507682174
subs,0.00016545459235505982
quent,0.00016545459235505982
essen,0.00016506375473532346
herein,0.00016506375473532346
sibil,0.00016493347552874466
abolish,0.00016493347552874466
unduli,0.0001648031963221659
pretat,0.00016428207949585074
randal,0.00016389124187611437
dex,0.0001636306834629568
erod,0.000163500404256378
flaw,0.000163500404256378
pression,0.00016284900822348408
fort,0.00016219761219059015
tativ,0.00016219761219059015
tradi,0.0001618067745708538
newer,0.0001618067745708538
bradford,0.000161676495364275
prete,0.0001605039825050659
brace,0.00016024342409190834
deed,0.00016011314488532954
stack,0.00015998286567875077
plenti,0.00015985258647217197
clearer,0.00015972230726559318
parabl,0.0001594617488524356
vious,0.0001594617488524356
unus,0.00015894063202612045
ofth,0.00015894063202612045
courag,0.00015881035281954168
lengthen,0.00015841951519980532
loop,0.00015841951519980532
conduc,0.0001576378399603326
sev,0.00015672588551428107
sist,0.0001565956063077023
undergo,0.0001564653271011235
gear,0.0001563350478945447
theodor,0.00015607448948138714
nel,0.00015594421027480834
unavoid,0.00015568365186165078
enrich,0.0001554230934484932
twodimension,0.0001554230934484932
ect,0.00015529281424191442
ralph,0.00015503225582875685
inadequaci,0.0001543808597958629
forese,0.00015399002217612656
cat,0.00015385974296954776
ican,0.00015372946376296896
prematur,0.0001533386261432326
treme,0.00015307806773007503
mono,0.00015255695090375988
dian,0.00015255695090375988
liabl,0.00015255695090375988
queen,0.0001524266716971811
inconclus,0.0001524266716971811
contri,0.0001522963924906023
notwithstand,0.0001521661132840235
enous,0.00015203583407744474
sistenc,0.00015190555487086595
eleg,0.00015190555487086595
portray,0.00015190555487086595
satur,0.00015177527566428715
angl,0.00015138443804455079
lon,0.00015112387963139322
wherein,0.00015099360042481442
quest,0.00015086332121823565
investi,0.00015086332121823565
combina,0.0001504724835984993
houston,0.0001503422043919205
ish,0.00015021192518534172
tackl,0.00015021192518534172
sociat,0.00015008164597876293
ath,0.00014995136677218413
plement,0.00014982108756560536
gether,0.000149430249945869
portun,0.00014890913311955384
worthi,0.00014877885391297504
breakeven,0.00014877885391297504
gration,0.00014838801629323868
biggest,0.0001481274578800811
cia,0.00014799717867350232
joe,0.00014760634105376598
disguis,0.00014747606184718718
iiii,0.00014721550343402962
holm,0.00014708522422745082
wrt,0.00014682466581429326
warren,0.00014682466581429326
tedious,0.00014604299057482053
mag,0.00014591271136824173
tral,0.00014565215295508417
hugh,0.00014552187374850537
recur,0.000145131036128769
vis,0.00014434936088929628
companion,0.0001442190816827175
seventh,0.0001442190816827175
prenticehal,0.0001442190816827175
ambiti,0.00014369796485640235
plagu,0.000143307127236666
impart,0.00014304656882350842
twentyf,0.00014291628961692963
quenci,0.00014291628961692963
mous,0.00014278601041035083
oth,0.00014265573120377206
readjust,0.00014239517279061447
madison,0.0001420043351708781
barnett,0.00014148321834456297
ade,0.00014135293913798417
aic,0.0001412226599314054
script,0.0001410923807248266
reiter,0.0001410923807248266
gree,0.00014083182231166904
obsolet,0.00014031070548535388
releg,0.00014031070548535388
unspecifi,0.00014031070548535388
jectiv,0.00014018042627877509
gerard,0.00013978958865903872
twofold,0.00013952903024588116
handicap,0.0001391381926261448
tualli,0.00013887763421298723
allot,0.00013848679659325086
exten,0.00013783540056035693
mask,0.00013783540056035693
uncontrol,0.00013757484214719934
cot,0.00013757484214719934
craig,0.00013744456294062057
supposit,0.00013718400452746298
longest,0.0001370537253208842
universit,0.0001370537253208842
hebrew,0.0001370537253208842
tential,0.0001370537253208842
plier,0.0001369234461143054
xxi,0.00013679316690772662
jerusalem,0.00013666288770114785
compara,0.00013666288770114785
unpaid,0.0001361417708748327
lhs,0.00013562065404851753
mas,0.00013562065404851753
exploratori,0.00013549037484193876
pant,0.00013549037484193876
iso,0.00013549037484193876
quebec,0.00013549037484193876
bli,0.00013536009563535996
wagner,0.0001352298164287812
ion,0.0001350995372222024
aln,0.00013483897880904483
contradictori,0.00013470869960246603
tailor,0.00013431786198272967
coo,0.00013353618674325694
bent,0.00013314534912352058
cis,0.00013288479071036301
owen,0.00013249395309062665
admin,0.00013249395309062665
subsum,0.00013236367388404785
nalli,0.00013145171943799636
epi,0.00013119116102483877
hirsch,0.00013119116102483877
nakamura,0.00013119116102483877
diver,0.00013106088181826
cumbersom,0.0001309306026116812
ilar,0.0001309306026116812
builtin,0.0001309306026116812
ific,0.00013053976499194484
entli,0.00013040948578536604
hole,0.00013027920657878727
underli,0.00013027920657878727
skin,0.00013027920657878727
ling,0.00012923697292615695
foc,0.00012910669371957818
lution,0.00012884613530642061
suspicion,0.00012871585609984182
margaret,0.00012845529768668425
builder,0.00012845529768668425
intrigu,0.00012819473927352666
abbrevi,0.0001280644600669479
silent,0.0001279341808603691
orang,0.0001279341808603691
mak,0.00012754334324063273
xli,0.00012715250562089637
tot,0.00012715250562089637
underscor,0.00012715250562089637
vent,0.00012702222641431757
sharper,0.00012650110958800244
ping,0.00012637083038142364
burton,0.00012624055117484484
approx,0.00012597999276168728
planat,0.00012558915514195091
accident,0.00012545887593537215
dubious,0.00012532859672879335
anid,0.00012493775910905699
pessim,0.0001248074799024782
gould,0.00012467720069589942
reminisc,0.00012454692148932062
ninth,0.00012441664228274183
vein,0.00012441664228274183
digest,0.00012441664228274183
liv,0.00012428636307616306
perish,0.0001238955254564267
thereof,0.0001237652462498479
asi,0.00012311385021695397
ral,0.00012311385021695397
sweep,0.00012298357101037517
deploy,0.0001228532918037964
pis,0.0001228532918037964
fold,0.0001228532918037964
batch,0.00012233217497748124
tilt,0.00012233217497748124
collec,0.00012220189577090245
distin,0.00012207161656432368
phe,0.00012207161656432368
terpret,0.00012194133735774488
exemplifi,0.0001218110581511661
calcula,0.00012128994132485094
typi,0.00012102938291169337
elimi,0.00012089910370511457
peterson,0.00012089910370511457
iiv,0.00012089910370511457
austin,0.00012089910370511457
fis,0.00012089910370511457
bench,0.00012063854529195701
nitud,0.00012024770767222064
edinburgh,0.00011998714925906306
mariz,0.00011985687005248428
hat,0.00011985687005248428
cum,0.0001197265908459055
heller,0.0001197265908459055
accentu,0.00011920547401959034
iic,0.00011881463639985399
pot,0.00011868435719327519
easiest,0.00011855407798669641
incon,0.00011842379878011763
culti,0.00011842379878011763
bypass,0.00011816324036696005
innocu,0.00011816324036696005
binat,0.00011816324036696005
await,0.00011803296116038126
underpin,0.00011803296116038126
guish,0.00011803296116038126
flatten,0.00011777240274722368
pendenc,0.0001175118443340661
lis,0.00011712100671432975
commenc,0.00011699072750775096
quat,0.00011686044830117217
theoreti,0.00011673016909459339
unpub,0.00011673016909459339
diat,0.00011646961068143581
alia,0.00011633933147485703
opportu,0.00011633933147485703
lan,0.00011594849385512067
tee,0.00011594849385512067
reve,0.00011568793544196309
lii,0.0001155576562353843
diff,0.00011529709782222672
montreal,0.00011516681861564794
chao,0.00011516681861564794
whenc,0.00011490626020249036
ficienc,0.000114515422582754
formid,0.000114515422582754
ene,0.00011425486416959643
intract,0.00011399430575643885
chapman,0.00011399430575643885
quanti,0.00011399430575643885
xjt,0.00011399430575643885
lev,0.00011386402654986007
lnl,0.00011386402654986007
mentari,0.00011373374734328128
ase,0.00011373374734328128
ccc,0.00011360346813670249
fortiori,0.0001134731889301237
interplay,0.0001134731889301237
lationship,0.00011334290972354492
imat,0.00011295207210380856
dip,0.00011269151369065098
counterintuit,0.00011164928003802069
bennett,0.00011151900083144189
incor,0.00011151900083144189
giffen,0.00011151900083144189
steepli,0.00011138872162486311
concomit,0.00011138872162486311
ception,0.0001104767671788116
cratic,0.00011034648797223282
onestep,0.00011021620876565402
indica,0.00011021620876565402
lesli,0.00011021620876565402
horn,0.00010995565035249645
dia,0.00010982537114591766
interpr,0.00010969509193933887
nounc,0.00010969509193933887
simulta,0.00010917397511302373
kiefer,0.00010917397511302373
nonus,0.00010891341669986615
harcourt,0.00010878313749328736
dalla,0.00010852257908012978
minant,0.00010826202066697222
alex,0.00010813174146039343
guy,0.00010813174146039343
trari,0.00010800146225381464
weakest,0.00010800146225381464
sonabl,0.00010774090384065707
aforement,0.00010748034542749949
putat,0.00010748034542749949
reconsider,0.00010735006622092071
thor,0.00010721978701434191
spare,0.00010708950780776313
nual,0.00010695922860118435
gressiv,0.00010682894939460555
publica,0.00010669867018802677
cii,0.00010669867018802677
dation,0.00010656839098144798
vestig,0.00010656839098144798
sation,0.0001064381117748692
arisen,0.0001064381117748692
eman,0.0001063078325682904
pta,0.00010617755336171162
heavier,0.00010604727415513284
nielsen,0.00010604727415513284
improp,0.0001053958781222389
sequel,0.00010500504050250253
dim,0.00010500504050250253
ain,0.00010487476129592375
blend,0.00010487476129592375
peripher,0.00010487476129592375
nia,0.00010474448208934496
thermor,0.00010474448208934496
openend,0.0001042233652630298
vicin,0.00010396280684987224
andi,0.00010383252764329344
dogen,0.00010370224843671466
temat,0.00010357196923013588
unr,0.00010357196923013588
privatesector,0.00010344169002355709
prentic,0.00010344169002355709
bles,0.00010279029399066315
freder,0.00010279029399066315
cember,0.00010279029399066315
skip,0.00010266001478408437
uncon,0.00010252973557750557
hori,0.00010239945637092679
subdivid,0.000102269177164348
ipat,0.000102269177164348
prima,0.00010213889795776921
aci,0.00010213889795776921
kelli,0.00010200861875119042
pile,0.00010200861875119042
bic,0.00010187833954461164
oneway,0.00010187833954461164
lxi,0.00010174806033803286
ame,0.00010161778113145406
mizat,0.0001012269435117177
unintend,0.0001012269435117177
expla,0.0001012269435117177
minima,0.00010109666430513892
safer,0.00010083610589198134
cult,0.00010083610589198134
ski,0.00010070582668540255
hibit,0.00010070582668540255
parenthesi,0.00010070582668540255
sand,0.00010057554747882377
lucki,0.00010044526827224497
lyze,0.00010044526827224497
subdivis,0.00010044526827224497
brewer,0.00010031498906566619
development,0.00010031498906566619
whatsoev,0.00010031498906566619
incap,0.00010031498906566619
senc,0.0001001847098590874
tific,0.0001001847098590874
earl,9.992415144592983e-05
thrust,9.940303461961468e-05
datagener,9.901219699987832e-05
buffalo,9.888191779329953e-05
servabl,9.875163858672075e-05
wls,9.810024255382681e-05
houghton,9.783968414066923e-05
goldman,9.744884652093287e-05
longrang,9.744884652093287e-05
veal,9.731856731435408e-05
undu,9.71882881077753e-05
celebr,9.679745048803894e-05
explic,9.666717128146015e-05
shortest,9.627633366172379e-05
honour,9.627633366172379e-05
wilcox,9.627633366172379e-05
contra,9.601577524856621e-05
boot,9.601577524856621e-05
nos,9.562493762882985e-05
formu,9.562493762882985e-05
rio,9.562493762882985e-05
computa,9.549465842225106e-05
descrip,9.549465842225106e-05
itn,9.549465842225106e-05
sal,9.536437921567228e-05
thetic,9.523410000909348e-05
cide,9.523410000909348e-05
unresolv,9.497354159593592e-05
bradley,9.497354159593592e-05
underlin,9.484326238935712e-05
nition,9.445242476962076e-05
compa,9.445242476962076e-05
rithm,9.432214556304198e-05
pts,9.419186635646319e-05
hike,9.406158714988441e-05
demandsid,9.406158714988441e-05
troduc,9.393130794330561e-05
jen,9.393130794330561e-05
ulti,9.380102873672683e-05
lib,9.380102873672683e-05
sensi,9.380102873672683e-05
integra,9.341019111699047e-05
spectacular,9.341019111699047e-05
commensur,9.341019111699047e-05
marili,9.327991191041168e-05
alic,9.314963270383289e-05
lieu,9.288907429067532e-05
tablish,9.249823667093896e-05
logl,9.236795746436017e-05
extran,9.236795746436017e-05
founda,9.236795746436017e-05
fere,9.197711984462381e-05
vil,9.184684063804502e-05
ule,9.158628222488745e-05
olog,9.158628222488745e-05
jerom,9.145600301830865e-05
atur,9.106516539857229e-05
perspec,9.080460698541472e-05
pitt,9.054404857225714e-05
rein,9.054404857225714e-05
pia,9.054404857225714e-05
hypo,9.054404857225714e-05
las,9.054404857225714e-05
impetus,9.041376936567836e-05
gan,9.041376936567836e-05
aio,9.028349015909958e-05
lenc,9.015321095252078e-05
cator,9.0022931745942e-05
ural,9.0022931745942e-05
expo,8.950181491962685e-05
ila,8.950181491962685e-05
por,8.924125650646927e-05
sharpen,8.924125650646927e-05
cali,8.89806980933117e-05
avi,8.885041888673291e-05
neousli,8.885041888673291e-05
incr,8.872013968015413e-05
probe,8.872013968015413e-05
roo,8.845958126699655e-05
gardner,8.780818523410262e-05
possibil,8.780818523410262e-05
terri,8.754762682094504e-05
goodman,8.754762682094504e-05
invalu,8.728706840778747e-05
intermitt,8.715678920120867e-05
publicsector,8.702650999462989e-05
rossi,8.689623078805111e-05
imaginari,8.689623078805111e-05
fir,8.676595158147231e-05
transforma,8.676595158147231e-05
incorpo,8.676595158147231e-05
beg,8.663567237489353e-05
tonic,8.663567237489353e-05
lute,8.650539316831474e-05
afl,8.637511396173595e-05
neverth,8.637511396173595e-05
lax,8.624483475515716e-05
concis,8.611455554857838e-05
atic,8.59842763419996e-05
isfi,8.58539971354208e-05
erabl,8.58539971354208e-05
surpass,8.572371792884202e-05
bhattacharya,8.533288030910566e-05
trick,8.533288030910566e-05
modi,8.520260110252687e-05
rai,8.507232189594808e-05
cheng,8.507232189594808e-05
sumabl,8.481176348279051e-05
ancillari,8.468148427621173e-05
dental,8.468148427621173e-05
batteri,8.455120506963293e-05
imum,8.429064665647536e-05
tour,8.416036744989657e-05
lvi,8.403008824331778e-05
actu,8.37695298301602e-05
amelior,8.363925062358142e-05
tat,8.350897141700264e-05
scription,8.337869221042384e-05
origi,8.324841300384506e-05
borderlin,8.324841300384506e-05
append,8.298785459068749e-05
abso,8.298785459068749e-05
embark,8.28575753841087e-05
ise,8.272729617752991e-05
puter,8.272729617752991e-05
ive,8.259701697095113e-05
lai,8.246673776437233e-05
beach,8.246673776437233e-05
leo,8.233645855779355e-05
sched,8.233645855779355e-05
imm,8.233645855779355e-05
gainer,8.233645855779355e-05
vail,8.233645855779355e-05
confi,8.207590014463597e-05
devi,8.207590014463597e-05
copenhagen,8.194562093805719e-05
shorthand,8.155478331832082e-05
moti,8.142450411174204e-05
ram,8.129422490516326e-05
cdc,8.116394569858446e-05
amalgam,8.103366649200568e-05
cxi,8.103366649200568e-05
lund,8.07731080788481e-05
pil,8.07731080788481e-05
hav,8.038227045911173e-05
elus,8.038227045911173e-05
grossli,8.025199125253295e-05
obvi,8.025199125253295e-05
boil,8.025199125253295e-05
esrc,8.025199125253295e-05
unin,8.025199125253295e-05
allud,8.025199125253295e-05
underutil,7.999143283937539e-05
til,7.999143283937539e-05
plex,7.999143283937539e-05
lix,7.999143283937539e-05
bud,7.960059521963902e-05
essari,7.947031601306023e-05
reed,7.947031601306023e-05
quotient,7.934003680648144e-05
eval,7.907947839332386e-05
tti,7.88189199801663e-05
elucid,7.86886407735875e-05
leap,7.855836156700872e-05
tak,7.855836156700872e-05
immateri,7.842808236042993e-05
pond,7.842808236042993e-05
stuck,7.829780315385115e-05
patholog,7.829780315385115e-05
ogen,7.829780315385115e-05
nonoverlap,7.816752394727235e-05
unex,7.816752394727235e-05
xaxi,7.803724474069357e-05
freed,7.790696553411479e-05
gupta,7.777668632753599e-05
tale,7.764640712095721e-05
oti,7.738584870779963e-05
gestion,7.738584870779963e-05
unwant,7.725556950122084e-05
surpri,7.699501108806328e-05
scan,7.699501108806328e-05
farreach,7.699501108806328e-05
nis,7.647389426174812e-05
aboveaverag,7.647389426174812e-05
phenom,7.634361505516934e-05
iat,7.621333584859055e-05
hasten,7.595277743543297e-05
copula,7.582249822885419e-05
ial,7.569221902227539e-05
coi,7.569221902227539e-05
recon,7.556193981569661e-05
tegrat,7.556193981569661e-05
inci,7.543166060911783e-05
rutger,7.543166060911783e-05
eff,7.543166060911783e-05
prs,7.530138140253904e-05
rection,7.530138140253904e-05
anatomi,7.517110219596025e-05
marcel,7.517110219596025e-05
lxx,7.504082298938146e-05
blur,7.491054378280268e-05
unfold,7.491054378280268e-05
sii,7.491054378280268e-05
beneath,7.491054378280268e-05
delic,7.478026457622388e-05
meantim,7.478026457622388e-05
lbs,7.46499853696451e-05
vex,7.46499853696451e-05
loo,7.451970616306632e-05
crete,7.451970616306632e-05
adi,7.425914774990874e-05
tigat,7.412886854332996e-05
undefin,7.412886854332996e-05
gal,7.412886854332996e-05
viron,7.386831013017238e-05
liii,7.373803092359359e-05
situ,7.373803092359359e-05
preponder,7.360775171701481e-05
foa,7.347747251043601e-05
unplan,7.334719330385723e-05
uninterest,7.334719330385723e-05
ivi,7.334719330385723e-05
pic,7.334719330385723e-05
extraordinarili,7.308663489069965e-05
cessat,7.295635568412087e-05
cil,7.282607647754208e-05
abovement,7.282607647754208e-05
thirdord,7.282607647754208e-05
obrien,7.269579727096329e-05
straightfor,7.25655180643845e-05
yardstick,7.25655180643845e-05
kent,7.243523885780572e-05
assi,7.243523885780572e-05
rabl,7.243523885780572e-05
appen,7.243523885780572e-05
ace,7.243523885780572e-05
apl,7.230495965122694e-05
bos,7.217468044464814e-05
nomenon,7.217468044464814e-05
impo,7.217468044464814e-05
decom,7.217468044464814e-05
sugg,7.204440123806936e-05
enci,7.191412203149057e-05
tis,7.191412203149057e-05
bat,7.191412203149057e-05
mic,7.178384282491178e-05
eth,7.152328441175421e-05
eyi,7.152328441175421e-05
afi,7.139300520517541e-05
incept,7.139300520517541e-05
utili,7.113244679201785e-05
cic,7.100216758543905e-05
natu,7.100216758543905e-05
cle,7.100216758543905e-05
subcas,7.087188837886027e-05
xlvii,7.06113299657027e-05
potent,7.04810507591239e-05
lip,7.04810507591239e-05
della,7.009021313938754e-05
rant,6.995993393280876e-05
pascal,6.995993393280876e-05
staf,6.995993393280876e-05
impract,6.995993393280876e-05
talli,6.969937551965118e-05
birmingham,6.95690963130724e-05
imi,6.943881710649361e-05
dai,6.917825869333603e-05
aliti,6.904797948675725e-05
holden,6.891770028017847e-05
alize,6.891770028017847e-05
apa,6.878742107359967e-05
summa,6.865714186702089e-05
fundamen,6.85268626604421e-05
dice,6.85268626604421e-05
quali,6.839658345386331e-05
sla,6.826630424728452e-05
expositori,6.813602504070574e-05
chs,6.800574583412694e-05
lia,6.787546662754816e-05
credenc,6.787546662754816e-05
ubiquit,6.774518742096938e-05
boulder,6.774518742096938e-05
ison,6.774518742096938e-05
cbs,6.76149082143906e-05
onstrat,6.76149082143906e-05
fungibl,6.76149082143906e-05
apport,6.74846290078118e-05
sweet,6.74846290078118e-05
coc,6.74846290078118e-05
yaxi,6.74846290078118e-05
mcgraw,6.735434980123302e-05
writ,6.735434980123302e-05
balling,6.709379138807544e-05
blow,6.709379138807544e-05
mller,6.709379138807544e-05
skim,6.696351218149665e-05
tionat,6.696351218149665e-05
vin,6.683323297491787e-05
lier,6.670295376833907e-05
outgo,6.670295376833907e-05
rebound,6.670295376833907e-05
ass,6.657267456176029e-05
patibl,6.657267456176029e-05
julian,6.657267456176029e-05
lection,6.657267456176029e-05
extant,6.644239535518151e-05
sitiv,6.644239535518151e-05
mula,6.644239535518151e-05
durham,6.618183694202393e-05
alto,6.618183694202393e-05
paa,6.605155773544514e-05
xxxix,6.605155773544514e-05
qualita,6.605155773544514e-05
poi,6.605155773544514e-05
pai,6.605155773544514e-05
unsettl,6.579099932228756e-05
ajt,6.579099932228756e-05
ithaca,6.566072011570878e-05
coe,6.566072011570878e-05
slice,6.553044090913e-05
rize,6.54001617025512e-05
cee,6.526988249597242e-05
consti,6.526988249597242e-05
nect,6.526988249597242e-05
phil,6.526988249597242e-05
plateau,6.526988249597242e-05
tne,6.487904487623606e-05
focuss,6.474876566965727e-05
ralli,6.461848646307848e-05
rii,6.448820725649969e-05
reevalu,6.422764884334213e-05
freemarket,6.422764884334213e-05
kyoto,6.422764884334213e-05
plore,6.409736963676333e-05
ficult,6.383681122360576e-05
css,6.383681122360576e-05
pea,6.370653201702697e-05
usher,6.357625281044818e-05
suspici,6.357625281044818e-05
taxonomi,6.357625281044818e-05
din,6.34459736038694e-05
pio,6.34459736038694e-05
ious,6.33156943972906e-05
dra,6.318541519071182e-05
shortcut,6.318541519071182e-05
soo,6.318541519071182e-05
sek,6.318541519071182e-05
eci,6.305513598413304e-05
roe,6.305513598413304e-05
potter,6.305513598413304e-05
pll,6.292485677755425e-05
sbr,6.292485677755425e-05
fidenc,6.292485677755425e-05
swift,6.292485677755425e-05
adl,6.266429836439667e-05
oni,6.266429836439667e-05
compr,6.266429836439667e-05
startl,6.253401915781789e-05
ley,6.24037399512391e-05
tle,6.227346074466031e-05
copeland,6.214318153808153e-05
foun,6.214318153808153e-05
tto,6.214318153808153e-05
rod,6.201290233150273e-05
grey,6.201290233150273e-05
unansw,6.201290233150273e-05
ata,6.201290233150273e-05
marvin,6.201290233150273e-05
hardi,6.188262312492395e-05
nei,6.188262312492395e-05
oco,6.175234391834517e-05
clinton,6.175234391834517e-05
bute,6.175234391834517e-05
unrespons,6.175234391834517e-05
ren,6.162206471176637e-05
fade,6.149178550518759e-05
acknowl,6.13615062986088e-05
lei,6.123122709203002e-05
tes,6.123122709203002e-05
abound,6.123122709203002e-05
ale,6.110094788545122e-05
eschew,6.097066867887244e-05
lap,6.097066867887244e-05
vancouv,6.097066867887244e-05
inn,6.097066867887244e-05
cip,6.0579831059136077e-05
eea,6.0579831059136077e-05
eui,6.044955185255729e-05
vacuum,6.044955185255729e-05
xxxi,6.0319272645978504e-05
yao,6.0319272645978504e-05
ced,6.0188993439399714e-05
ash,6.0188993439399714e-05
irl,6.0188993439399714e-05
itat,6.005871423282093e-05
jor,6.005871423282093e-05
disconnect,6.005871423282093e-05
oin,5.992843502624214e-05
biguous,5.992843502624214e-05
unfortu,5.979815581966335e-05
yond,5.966787661308457e-05
ondari,5.966787661308457e-05
viation,5.966787661308457e-05
abid,5.953759740650578e-05
tipl,5.9407318199926995e-05
renc,5.9277038993348205e-05
cca,5.9277038993348205e-05
recast,5.9277038993348205e-05
knifeedg,5.9146759786769415e-05
gle,5.9146759786769415e-05
tantamount,5.9146759786769415e-05
intergroup,5.9146759786769415e-05
dament,5.9146759786769415e-05
pse,5.901648058019063e-05
connec,5.901648058019063e-05
nota,5.888620137361184e-05
pam,5.888620137361184e-05
cont,5.875592216703305e-05
reappear,5.875592216703305e-05
bless,5.862564296045427e-05
thi,5.862564296045427e-05
cru,5.8234805340717906e-05
ire,5.8234805340717906e-05
unwis,5.8234805340717906e-05
pow,5.8234805340717906e-05
andj,5.8104526134139116e-05
plifi,5.8104526134139116e-05
fran,5.784396772098154e-05
rri,5.784396772098154e-05
cdfs,5.784396772098154e-05
kolmogorovsmirnov,5.771368851440276e-05
synthes,5.758340930782397e-05
rudimentari,5.758340930782397e-05
lihood,5.758340930782397e-05
vinc,5.745313010124518e-05
lop,5.73228508946664e-05
twentyfour,5.73228508946664e-05
couch,5.73228508946664e-05
ttl,5.73228508946664e-05
ordi,5.719257168808761e-05
mension,5.7062292481508824e-05
aco,5.7062292481508824e-05
oak,5.6801734068351244e-05
hess,5.667145486177246e-05
limi,5.667145486177246e-05
maliz,5.641089644861489e-05
ina,5.641089644861489e-05
kay,5.62806172420361e-05
inl,5.62806172420361e-05
pcp,5.615033803545731e-05
prog,5.615033803545731e-05
illusori,5.615033803545731e-05
eft,5.615033803545731e-05
lighter,5.6020058828878525e-05
ler,5.6020058828878525e-05
redesign,5.5889779622299735e-05
reau,5.5759500415720945e-05
disproport,5.5759500415720945e-05
scant,5.5759500415720945e-05
mifflin,5.5759500415720945e-05
rari,5.562922120914216e-05
fraser,5.562922120914216e-05
addisonwesley,5.536866279598459e-05
ampli,5.536866279598459e-05
nan,5.52383835894058e-05
sporad,5.4847545969669436e-05
evolu,5.4847545969669436e-05
bolster,5.4847545969669436e-05
tinct,5.4847545969669436e-05
rip,5.4847545969669436e-05
ander,5.4847545969669436e-05
detract,5.471726676309065e-05
lnp,5.458698755651186e-05
seymour,5.458698755651186e-05
meager,5.432642914335429e-05
fic,5.41961499367755e-05
iil,5.41961499367755e-05
nore,5.41961499367755e-05
sshape,5.41961499367755e-05
lil,5.41961499367755e-05
fortuit,5.406587073019672e-05
amc,5.406587073019672e-05
hla,5.393559152361793e-05
brake,5.393559152361793e-05
oret,5.393559152361793e-05
inconsi,5.393559152361793e-05
ruth,5.3675033110460354e-05
dub,5.3675033110460354e-05
pmax,5.3544753903881564e-05
ift,5.3414474697302774e-05
usu,5.3414474697302774e-05
fra,5.328419549072399e-05
pim,5.328419549072399e-05
inclu,5.302363707756642e-05
cso,5.302363707756642e-05
claud,5.302363707756642e-05
unrat,5.302363707756642e-05
elim,5.276307866440884e-05
malleabl,5.2632799457830055e-05
sli,5.2632799457830055e-05
ramif,5.2502520251251265e-05
atr,5.237224104467248e-05
lad,5.237224104467248e-05
authori,5.237224104467248e-05
barr,5.224196183809369e-05
pdi,5.224196183809369e-05
unfor,5.224196183809369e-05
reshuffl,5.224196183809369e-05
attri,5.21116826315149e-05
pax,5.198140342493612e-05
quantif,5.198140342493612e-05
lea,5.198140342493612e-05
salvag,5.185112421835733e-05
lima,5.185112421835733e-05
coveri,5.1720845011778546e-05
bimod,5.1720845011778546e-05
satisfac,5.1720845011778546e-05
heretofor,5.1590565805199756e-05
indivi,5.1590565805199756e-05
srs,5.1590565805199756e-05
outof,5.1460286598620967e-05
timet,5.1460286598620967e-05
lize,5.1330007392042183e-05
eva,5.1330007392042183e-05
xlvi,5.1199728185463394e-05
xxvii,5.1199728185463394e-05
pret,5.1199728185463394e-05
acl,5.1069448978884604e-05
bot,5.1069448978884604e-05
penc,5.1069448978884604e-05
atj,5.1069448978884604e-05
terior,5.093916977230582e-05
xxxiii,5.093916977230582e-05
cles,5.093916977230582e-05
drs,5.080889056572703e-05
istenc,5.080889056572703e-05
afa,5.080889056572703e-05
halfway,5.067861135914825e-05
unexplor,5.067861135914825e-05
dalton,5.054833215256946e-05
rca,5.054833215256946e-05
venient,5.054833215256946e-05
swer,5.041805294599067e-05
bookkeep,5.041805294599067e-05
eur,5.041805294599067e-05
cvi,5.041805294599067e-05
margi,5.041805294599067e-05
miti,5.041805294599067e-05
rir,5.0287773739411885e-05
hensiv,5.0287773739411885e-05
enclos,5.0157494532833095e-05
inad,5.0157494532833095e-05
ftp,5.002721532625431e-05
lowlevel,5.002721532625431e-05
simpson,5.002721532625431e-05
lime,4.989693611967552e-05
abbott,4.976665691309673e-05
simplist,4.976665691309673e-05
oto,4.976665691309673e-05
xci,4.976665691309673e-05
julyaugust,4.976665691309673e-05
asp,4.963637770651795e-05
auspic,4.963637770651795e-05
lxix,4.950609849993916e-05
ofi,4.950609849993916e-05
glean,4.9375819293360376e-05
noncompar,4.9375819293360376e-05
ernest,4.9375819293360376e-05
bia,4.9375819293360376e-05
fls,4.9375819293360376e-05
alberta,4.9375819293360376e-05
psp,4.9245540086781586e-05
fla,4.9245540086781586e-05
cpu,4.9245540086781586e-05
dimin,4.9245540086781586e-05
ape,4.9115260880202796e-05
gerhard,4.9115260880202796e-05
lrs,4.9115260880202796e-05
emax,4.898498167362401e-05
pir,4.898498167362401e-05
twentyon,4.898498167362401e-05
curat,4.885470246704522e-05
timeconsum,4.885470246704522e-05
sidestep,4.872442326046643e-05
dig,4.872442326046643e-05
aba,4.859414405388765e-05
mov,4.859414405388765e-05
barn,4.859414405388765e-05
eleventh,4.859414405388765e-05
sian,4.846386484730886e-05
harmless,4.846386484730886e-05
blake,4.833358564073008e-05
ifl,4.833358564073008e-05
icl,4.820330643415129e-05
jus,4.820330643415129e-05
nicholson,4.820330643415129e-05
dant,4.80730272275725e-05
cac,4.80730272275725e-05
sibli,4.80730272275725e-05
acf,4.80730272275725e-05
ara,4.7942748020993714e-05
coco,4.7942748020993714e-05
fice,4.7942748020993714e-05
bloomington,4.7942748020993714e-05
orig,4.7812468814414924e-05
versal,4.7812468814414924e-05
bump,4.768218960783614e-05
ajr,4.768218960783614e-05
sas,4.755191040125735e-05
dle,4.755191040125735e-05
bergen,4.742163119467856e-05
tas,4.742163119467856e-05
evo,4.729135198809978e-05
hadley,4.729135198809978e-05
cla,4.729135198809978e-05
cumula,4.729135198809978e-05
dws,4.716107278152099e-05
lna,4.7030793574942205e-05
rin,4.7030793574942205e-05
typ,4.7030793574942205e-05
quadrupl,4.6900514368363415e-05
josef,4.6900514368363415e-05
volumin,4.6900514368363415e-05
schemat,4.6770235161784625e-05
inadvert,4.6770235161784625e-05
tack,4.6770235161784625e-05
beth,4.6770235161784625e-05
evant,4.663995595520584e-05
ico,4.663995595520584e-05
amster,4.663995595520584e-05
penros,4.650967674862705e-05
cpe,4.650967674862705e-05
gust,4.650967674862705e-05
revi,4.637939754204826e-05
tentli,4.637939754204826e-05
prr,4.637939754204826e-05
implementa,4.637939754204826e-05
atp,4.624911833546948e-05
joo,4.624911833546948e-05
pei,4.624911833546948e-05
lowel,4.611883912889069e-05
sifi,4.5988559922311906e-05
flu,4.5988559922311906e-05
prece,4.5858280715733116e-05
afield,4.5858280715733116e-05
rrr,4.5858280715733116e-05
symmet,4.5728001509154326e-05
cumu,4.5728001509154326e-05
ppl,4.559772230257554e-05
dar,4.559772230257554e-05
supplydemand,4.559772230257554e-05
lac,4.559772230257554e-05
pinpoint,4.546744309599675e-05
fia,4.533716388941797e-05
setback,4.533716388941797e-05
ifp,4.533716388941797e-05
vet,4.533716388941797e-05
nfl,4.533716388941797e-05
hindsight,4.520688468283918e-05
discon,4.520688468283918e-05
irn,4.520688468283918e-05
precari,4.520688468283918e-05
ink,4.507660547626039e-05
bri,4.507660547626039e-05
ttj,4.494632626968161e-05
liver,4.494632626968161e-05
slacken,4.494632626968161e-05
doubli,4.494632626968161e-05
crite,4.494632626968161e-05
sao,4.494632626968161e-05
occa,4.481604706310282e-05
rim,4.481604706310282e-05
liti,4.481604706310282e-05
cart,4.481604706310282e-05
cursori,4.4685767856524034e-05
gpo,4.4685767856524034e-05
lustrat,4.4685767856524034e-05
fron,4.4685767856524034e-05
zjt,4.4555488649945244e-05
ras,4.4555488649945244e-05
void,4.4555488649945244e-05
licat,4.4425209443366454e-05
mfi,4.429493023678767e-05
sol,4.429493023678767e-05
irp,4.429493023678767e-05
pth,4.416465103020888e-05
nonr,4.416465103020888e-05
stimu,4.403437182363009e-05
deg,4.403437182363009e-05
cin,4.403437182363009e-05
regroup,4.390409261705131e-05
yesterday,4.390409261705131e-05
asl,4.390409261705131e-05
pmin,4.377381341047252e-05
soi,4.377381341047252e-05
ril,4.377381341047252e-05
frs,4.3643534203893735e-05
venienc,4.3643534203893735e-05
tnt,4.3643534203893735e-05
termi,4.3643534203893735e-05
sip,4.3513254997314945e-05
pedagog,4.3513254997314945e-05
hie,4.3513254997314945e-05
lausann,4.3513254997314945e-05
adjoin,4.3513254997314945e-05
isp,4.3513254997314945e-05
beforehand,4.3513254997314945e-05
eln,4.3382975790736155e-05
attest,4.3382975790736155e-05
icr,4.325269658415737e-05
sical,4.325269658415737e-05
dixon,4.325269658415737e-05
exo,4.325269658415737e-05
qpq,4.312241737757858e-05
fif,4.312241737757858e-05
sso,4.312241737757858e-05
essarili,4.29921381709998e-05
alu,4.29921381709998e-05
str,4.29921381709998e-05
mir,4.29921381709998e-05
cornerston,4.286185896442101e-05
ihi,4.286185896442101e-05
nottingham,4.286185896442101e-05
plau,4.286185896442101e-05
spiegel,4.273157975784222e-05
vip,4.273157975784222e-05
junctur,4.273157975784222e-05
entireti,4.273157975784222e-05
nas,4.2601300551263436e-05
gardless,4.2601300551263436e-05
fragmentari,4.2601300551263436e-05
nicol,4.2601300551263436e-05
cautionari,4.2471021344684647e-05
laurent,4.2471021344684647e-05
cpp,4.2340742138105863e-05
iir,4.2340742138105863e-05
gibl,4.2340742138105863e-05
oversimplif,4.2340742138105863e-05
plementari,4.2340742138105863e-05
redefinit,4.2210462931527073e-05
jam,4.2210462931527073e-05
tober,4.2210462931527073e-05
ida,4.2080183724948284e-05
tsi,4.2080183724948284e-05
tow,4.2080183724948284e-05
broadest,4.2080183724948284e-05
nair,4.2080183724948284e-05
bol,4.181962531179071e-05
plexiti,4.181962531179071e-05
recogniz,4.181962531179071e-05
ddd,4.181962531179071e-05
andp,4.168934610521192e-05
cls,4.168934610521192e-05
omnibus,4.155906689863314e-05
autarchi,4.155906689863314e-05
concep,4.155906689863314e-05
jia,4.142878769205435e-05
infanc,4.142878769205435e-05
stumbl,4.142878769205435e-05
uari,4.142878769205435e-05
oft,4.142878769205435e-05
lxxv,4.1298508485475565e-05
lytic,4.1298508485475565e-05
ptm,4.1168229278896775e-05
hawkin,4.1168229278896775e-05
eclect,4.1168229278896775e-05
indicat,4.1168229278896775e-05
hyper,4.1168229278896775e-05
cuse,4.1037950072317985e-05
belowaverag,4.1037950072317985e-05
cco,4.1037950072317985e-05
inse,4.1037950072317985e-05
terion,4.1037950072317985e-05
afflict,4.077739165916041e-05
sar,4.077739165916041e-05
modifica,4.077739165916041e-05
cix,4.077739165916041e-05
inadmiss,4.064711245258163e-05
ficulti,4.064711245258163e-05
cau,4.064711245258163e-05
marketdetermin,4.064711245258163e-05
chiang,4.051683324600284e-05
shlomo,4.051683324600284e-05
reorder,4.051683324600284e-05
dou,4.038655403942405e-05
fss,4.038655403942405e-05
conson,4.038655403942405e-05
braun,4.038655403942405e-05
pru,4.0256274832845266e-05
higgin,4.0256274832845266e-05
plausi,4.0256274832845266e-05
mcclelland,4.0256274832845266e-05
blanket,4.0125995626266476e-05
momentarili,4.0125995626266476e-05
odolog,4.0125995626266476e-05
aac,4.0125995626266476e-05
cao,3.999571641968769e-05
microeco,3.999571641968769e-05
generaliza,3.98654372131089e-05
coll,3.98654372131089e-05
dick,3.98654372131089e-05
unnatur,3.973515800653011e-05
coarser,3.973515800653011e-05
raa,3.973515800653011e-05
ste,3.973515800653011e-05
uptod,3.960487879995133e-05
lxxvi,3.960487879995133e-05
rji,3.947459959337254e-05
succ,3.947459959337254e-05
lxxx,3.947459959337254e-05
clo,3.934432038679375e-05
abe,3.934432038679375e-05
repro,3.934432038679375e-05
baum,3.934432038679375e-05
misplac,3.921404118021497e-05
flb,3.921404118021497e-05
intragroup,3.908376197363618e-05
rolf,3.908376197363618e-05
mond,3.908376197363618e-05
ccs,3.908376197363618e-05
gentl,3.908376197363618e-05
upsurg,3.8953482767057394e-05
selfcontain,3.8953482767057394e-05
boon,3.8823203560478604e-05
logu,3.8823203560478604e-05
mutandi,3.8823203560478604e-05
iea,3.8823203560478604e-05
rmax,3.8692924353899814e-05
tjt,3.8692924353899814e-05
perplex,3.8692924353899814e-05
adc,3.8692924353899814e-05
vts,3.8692924353899814e-05
athen,3.8692924353899814e-05
crit,3.856264514732103e-05
zis,3.856264514732103e-05
reaffirm,3.856264514732103e-05
troversi,3.856264514732103e-05
frt,3.856264514732103e-05
sky,3.856264514732103e-05
gravit,3.856264514732103e-05
prl,3.843236594074224e-05
magnet,3.843236594074224e-05
streamlin,3.843236594074224e-05
buttress,3.843236594074224e-05
ctc,3.843236594074224e-05
riversid,3.830208673416346e-05
wari,3.804152832100588e-05
nuiti,3.804152832100588e-05
eden,3.804152832100588e-05
ker,3.7911249114427095e-05
frm,3.7911249114427095e-05
tai,3.7911249114427095e-05
ucsd,3.7780969907848305e-05
potenc,3.7780969907848305e-05
southampton,3.765069070126952e-05
rpe,3.765069070126952e-05
califor,3.765069070126952e-05
octo,3.765069070126952e-05
systemati,3.765069070126952e-05
phasi,3.765069070126952e-05
giv,3.765069070126952e-05
forfeit,3.765069070126952e-05
traceabl,3.765069070126952e-05
timeperiod,3.752041149469073e-05
wic,3.752041149469073e-05
hes,3.752041149469073e-05
lnt,3.739013228811194e-05
sylvania,3.725985308153316e-05
pfi,3.725985308153316e-05
expi,3.725985308153316e-05
kan,3.725985308153316e-05
arn,3.712957387495437e-05
mel,3.712957387495437e-05
bee,3.712957387495437e-05
cdr,3.712957387495437e-05
tong,3.699929466837558e-05
expt,3.699929466837558e-05
ino,3.699929466837558e-05
cynthia,3.699929466837558e-05
layout,3.6869015461796796e-05
recover,3.6869015461796796e-05
randolph,3.6869015461796796e-05
dodg,3.6869015461796796e-05
minish,3.6869015461796796e-05
bever,3.6869015461796796e-05
cce,3.6869015461796796e-05
srt,3.6738736255218006e-05
brit,3.6738736255218006e-05
imbed,3.6738736255218006e-05
gni,3.660845704863922e-05
twopoint,3.660845704863922e-05
heap,3.660845704863922e-05
abp,3.660845704863922e-05
dispel,3.660845704863922e-05
underesti,3.660845704863922e-05
makeup,3.660845704863922e-05
midway,3.647817784206043e-05
hil,3.647817784206043e-05
cxx,3.647817784206043e-05
eir,3.647817784206043e-05
ogniz,3.647817784206043e-05
cwt,3.647817784206043e-05
smm,3.647817784206043e-05
matlab,3.634789863548164e-05
junction,3.634789863548164e-05
aec,3.634789863548164e-05
tia,3.634789863548164e-05
flj,3.634789863548164e-05
straw,3.621761942890286e-05
nev,3.621761942890286e-05
broadbas,3.621761942890286e-05
penultim,3.621761942890286e-05
cogniz,3.621761942890286e-05
gra,3.608734022232407e-05
acd,3.608734022232407e-05
beset,3.608734022232407e-05
comprehen,3.608734022232407e-05
nce,3.608734022232407e-05
caa,3.595706101574529e-05
cei,3.595706101574529e-05
burt,3.595706101574529e-05
rfi,3.58267818091665e-05
fay,3.58267818091665e-05
djt,3.58267818091665e-05
stc,3.58267818091665e-05
nonclass,3.569650260258771e-05
unnot,3.569650260258771e-05
fierc,3.569650260258771e-05
dof,3.569650260258771e-05
lnn,3.569650260258771e-05
renorm,3.5566223396008924e-05
cou,3.5566223396008924e-05
widest,3.5566223396008924e-05
omic,3.5435944189430134e-05
transmi,3.5435944189430134e-05
ploit,3.5435944189430134e-05
mri,3.5435944189430134e-05
travers,3.5435944189430134e-05
ecol,3.530566498285135e-05
irc,3.530566498285135e-05
voo,3.530566498285135e-05
reser,3.517538577627256e-05
ano,3.517538577627256e-05
tol,3.504510656969377e-05
ier,3.504510656969377e-05
ttr,3.504510656969377e-05
iss,3.504510656969377e-05
lxxxii,3.491482736311499e-05
sap,3.491482736311499e-05
cto,3.491482736311499e-05
fal,3.491482736311499e-05
fab,3.491482736311499e-05
regi,3.47845481565362e-05
asr,3.47845481565362e-05
statistik,3.47845481565362e-05
nonsymmetr,3.465426894995741e-05
lxxvii,3.465426894995741e-05
vogelsang,3.465426894995741e-05
woodrow,3.465426894995741e-05
sponsiv,3.465426894995741e-05
conf,3.465426894995741e-05
fib,3.4523989743378625e-05
wiw,3.4523989743378625e-05
infi,3.4523989743378625e-05
jectur,3.4523989743378625e-05
tivat,3.4523989743378625e-05
fullscal,3.4523989743378625e-05
siebert,3.4523989743378625e-05
implemen,3.4523989743378625e-05
lpa,3.4523989743378625e-05
reced,3.4523989743378625e-05
tainabl,3.4393710536799835e-05
multiyear,3.426343133022105e-05
indiscrimin,3.413315212364226e-05
atk,3.413315212364226e-05
igi,3.413315212364226e-05
randi,3.400287291706347e-05
ipa,3.400287291706347e-05
lthe,3.400287291706347e-05
lxxviii,3.387259371048469e-05
troduct,3.387259371048469e-05
entic,3.387259371048469e-05
contributori,3.37423145039059e-05
gee,3.37423145039059e-05
prom,3.37423145039059e-05
heinemann,3.37423145039059e-05
tfi,3.37423145039059e-05
econonm,3.37423145039059e-05
necessar,3.3612035297327116e-05
blum,3.3481756090748326e-05
ppc,3.3481756090748326e-05
ftr,3.3481756090748326e-05
toi,3.3481756090748326e-05
pao,3.3481756090748326e-05
dearth,3.3351476884169537e-05
msc,3.3351476884169537e-05
erwis,3.3351476884169537e-05
dwindl,3.3351476884169537e-05
sandwich,3.3351476884169537e-05
mehta,3.3351476884169537e-05
gre,3.3221197677590753e-05
alc,3.3221197677590753e-05
noninform,3.3221197677590753e-05
simmon,3.3090918471011964e-05
lxxxi,3.296063926443318e-05
pbi,3.296063926443318e-05
methodist,3.296063926443318e-05
lxxix,3.296063926443318e-05
pln,3.296063926443318e-05
mei,3.296063926443318e-05
contagi,3.283036005785439e-05
tricki,3.283036005785439e-05
kegan,3.283036005785439e-05
ths,3.283036005785439e-05
aberr,3.283036005785439e-05
cop,3.283036005785439e-05
rjj,3.27000808512756e-05
jti,3.27000808512756e-05
vpi,3.27000808512756e-05
vai,3.27000808512756e-05
vid,3.256980164469682e-05
methodol,3.256980164469682e-05
ioc,3.243952243811803e-05
trl,3.243952243811803e-05
terpart,3.243952243811803e-05
sio,3.243952243811803e-05
ono,3.243952243811803e-05
prp,3.243952243811803e-05
templat,3.243952243811803e-05
hind,3.243952243811803e-05
lex,3.230924323153924e-05
accommo,3.230924323153924e-05
lxxxvii,3.230924323153924e-05
orat,3.230924323153924e-05
propel,3.230924323153924e-05
sala,3.230924323153924e-05
amax,3.230924323153924e-05
leed,3.2178964024960455e-05
kai,3.2178964024960455e-05
tdiscuss,3.2178964024960455e-05
roma,3.2178964024960455e-05
yate,3.2178964024960455e-05
tha,3.2178964024960455e-05
readabl,3.2178964024960455e-05
quad,3.2048684818381665e-05
expa,3.2048684818381665e-05
rtw,3.2048684818381665e-05
ded,3.2048684818381665e-05
ledg,3.2048684818381665e-05
contro,3.191840561180288e-05
dijk,3.191840561180288e-05
rpr,3.191840561180288e-05
periodi,3.191840561180288e-05
noninstitut,3.191840561180288e-05
seam,3.191840561180288e-05
mco,3.191840561180288e-05
iro,3.191840561180288e-05
mordecai,3.178812640522409e-05
mli,3.178812640522409e-05
lel,3.178812640522409e-05
clutter,3.178812640522409e-05
taa,3.16578471986453e-05
iqr,3.16578471986453e-05
spp,3.16578471986453e-05
lid,3.152756799206652e-05
mcmaster,3.152756799206652e-05
etf,3.152756799206652e-05
illustra,3.152756799206652e-05
cid,3.152756799206652e-05
uss,3.139728878548773e-05
unutil,3.139728878548773e-05
rto,3.139728878548773e-05
interdepen,3.139728878548773e-05
typifi,3.139728878548773e-05
rsc,3.139728878548773e-05
ado,3.139728878548773e-05
sna,3.139728878548773e-05
mikhail,3.1267009578908946e-05
cpr,3.1267009578908946e-05
culprit,3.1267009578908946e-05
dame,3.1267009578908946e-05
ifo,3.1267009578908946e-05
sts,3.1267009578908946e-05
ney,3.1267009578908946e-05
sketchi,3.1136730372330156e-05
multan,3.1136730372330156e-05
aff,3.1136730372330156e-05
salomon,3.1136730372330156e-05
ava,3.1136730372330156e-05
perus,3.1136730372330156e-05
cro,3.1136730372330156e-05
interd,3.1006451165751366e-05
hogan,3.1006451165751366e-05
sem,3.1006451165751366e-05
recaptur,3.1006451165751366e-05
remun,3.087617195917258e-05
xciv,3.087617195917258e-05
wri,3.087617195917258e-05
redress,3.087617195917258e-05
ommend,3.087617195917258e-05
moot,3.074589275259379e-05
adap,3.074589275259379e-05
rpl,3.074589275259379e-05
lxxxiv,3.074589275259379e-05
noneth,3.074589275259379e-05
isa,3.074589275259379e-05
tfa,3.074589275259379e-05
abo,3.074589275259379e-05
anda,3.061561354601501e-05
undon,3.061561354601501e-05
fas,3.061561354601501e-05
lowerlevel,3.061561354601501e-05
sme,3.061561354601501e-05
taf,3.061561354601501e-05
wane,3.048533433943622e-05
crb,3.048533433943622e-05
peal,3.048533433943622e-05
patel,3.048533433943622e-05
connor,3.048533433943622e-05
incompar,3.048533433943622e-05
dsi,3.048533433943622e-05
abb,3.0355055132857433e-05
rtc,3.0355055132857433e-05
benham,3.0355055132857433e-05
strik,3.0355055132857433e-05
tach,3.0355055132857433e-05
jong,3.0355055132857433e-05
crp,3.0224775926278643e-05
rlr,3.0224775926278643e-05
amp,3.0094496719699857e-05
ach,3.0094496719699857e-05
symptomat,3.0094496719699857e-05
wheeler,3.0094496719699857e-05
catholiqu,3.0094496719699857e-05
cse,3.0094496719699857e-05
mainder,3.0094496719699857e-05
eda,2.996421751312107e-05
dil,2.996421751312107e-05
inj,2.996421751312107e-05
promi,2.996421751312107e-05
nonbas,2.996421751312107e-05
pca,2.996421751312107e-05
lxxxvi,2.9833938306542284e-05
expx,2.9833938306542284e-05
irm,2.9833938306542284e-05
untouch,2.9833938306542284e-05
signi,2.9703659099963497e-05
xdt,2.9703659099963497e-05
pel,2.9703659099963497e-05
overshadow,2.9703659099963497e-05
vas,2.9703659099963497e-05
pib,2.9703659099963497e-05
pred,2.9703659099963497e-05
maxl,2.9703659099963497e-05
manov,2.9703659099963497e-05
hasti,2.9573379893384707e-05
tandem,2.9573379893384707e-05
hin,2.9573379893384707e-05
esc,2.9573379893384707e-05
ertheless,2.9573379893384707e-05
oai,2.9573379893384707e-05
cmc,2.9573379893384707e-05
unaf,2.9573379893384707e-05
lxxxv,2.9573379893384707e-05
depar,2.9573379893384707e-05
jap,2.9573379893384707e-05
nhi,2.9573379893384707e-05
ualli,2.9573379893384707e-05
coh,2.9573379893384707e-05
peq,2.944310068680592e-05
idt,2.944310068680592e-05
mim,2.944310068680592e-05
bcd,2.944310068680592e-05
eatwel,2.944310068680592e-05
pragu,2.944310068680592e-05
rsi,2.944310068680592e-05
vior,2.944310068680592e-05
aif,2.9312821480227134e-05
fyp,2.9312821480227134e-05
meric,2.9312821480227134e-05
qis,2.9182542273648348e-05
stepbystep,2.9182542273648348e-05
dfw,2.9182542273648348e-05
edf,2.9182542273648348e-05
tta,2.9182542273648348e-05
sro,2.9052263067069558e-05
qualifica,2.9052263067069558e-05
budd,2.9052263067069558e-05
interrelated,2.9052263067069558e-05
overemphas,2.892198386049077e-05
prk,2.892198386049077e-05
bbb,2.892198386049077e-05
dissuad,2.892198386049077e-05
bsi,2.892198386049077e-05
hereinaft,2.892198386049077e-05
prede,2.892198386049077e-05
addendum,2.892198386049077e-05
rdi,2.892198386049077e-05
canberra,2.892198386049077e-05
ota,2.8791704653911985e-05
handi,2.8791704653911985e-05
rps,2.8791704653911985e-05
dsp,2.8791704653911985e-05
scb,2.8791704653911985e-05
mda,2.8791704653911985e-05
gir,2.8791704653911985e-05
rephras,2.8791704653911985e-05
bir,2.8791704653911985e-05
ena,2.8791704653911985e-05
albani,2.86614254473332e-05
brs,2.86614254473332e-05
unintent,2.86614254473332e-05
toe,2.86614254473332e-05
cof,2.86614254473332e-05
itu,2.8531146240754412e-05
ofp,2.8531146240754412e-05
vrs,2.8531146240754412e-05
enon,2.8531146240754412e-05
wpa,2.8531146240754412e-05
analyti,2.8531146240754412e-05
aya,2.8400867034175622e-05
mistic,2.8400867034175622e-05
madden,2.8400867034175622e-05
rinehart,2.8400867034175622e-05
lnr,2.8270587827596836e-05
hol,2.8270587827596836e-05
zoo,2.8270587827596836e-05
aso,2.8270587827596836e-05
rrl,2.8270587827596836e-05
charlottesvill,2.814030862101805e-05
plo,2.814030862101805e-05
cfi,2.814030862101805e-05
tir,2.8010029414439262e-05
sharpest,2.8010029414439262e-05
jorgen,2.8010029414439262e-05
wax,2.8010029414439262e-05
shs,2.8010029414439262e-05
afp,2.7879750207860473e-05
gat,2.7879750207860473e-05
vut,2.7879750207860473e-05
iod,2.7879750207860473e-05
gue,2.7879750207860473e-05
outgrowth,2.7879750207860473e-05
nond,2.7879750207860473e-05
fromn,2.7879750207860473e-05
revisionist,2.7879750207860473e-05
bros,2.7749471001281686e-05
bulg,2.7749471001281686e-05
pso,2.7749471001281686e-05
pfa,2.7749471001281686e-05
awa,2.7749471001281686e-05
eaa,2.7749471001281686e-05
sistanc,2.7749471001281686e-05
covert,2.7749471001281686e-05
alg,2.76191917947029e-05
eba,2.76191917947029e-05
henrik,2.76191917947029e-05
bnt,2.76191917947029e-05
ttp,2.76191917947029e-05
decompo,2.7488912588124113e-05
cob,2.7488912588124113e-05
nontechn,2.7488912588124113e-05
dor,2.7488912588124113e-05
ewe,2.7488912588124113e-05
plethora,2.7358633381545327e-05
pnc,2.7358633381545327e-05
pus,2.7358633381545327e-05
snap,2.7358633381545327e-05
reliant,2.7358633381545327e-05
crc,2.7358633381545327e-05
sll,2.7228354174966537e-05
boyl,2.7228354174966537e-05
iou,2.7228354174966537e-05
complish,2.7228354174966537e-05
shaki,2.7228354174966537e-05
herent,2.7228354174966537e-05
pict,2.7228354174966537e-05
wander,2.7228354174966537e-05
crl,2.7228354174966537e-05
clx,2.709807496838775e-05
fid,2.709807496838775e-05
cular,2.709807496838775e-05
atori,2.709807496838775e-05
wrs,2.709807496838775e-05
ald,2.709807496838775e-05
xmax,2.709807496838775e-05
timer,2.709807496838775e-05
wellspecifi,2.709807496838775e-05
hassett,2.6967795761808964e-05
allel,2.6967795761808964e-05
sfr,2.6967795761808964e-05
nextbest,2.6967795761808964e-05
oss,2.6967795761808964e-05
andl,2.6967795761808964e-05
cmi,2.6837516555230177e-05
forp,2.6837516555230177e-05
deform,2.6837516555230177e-05
prf,2.6837516555230177e-05
tfl,2.6837516555230177e-05
therefrom,2.6707237348651387e-05
fletcher,2.6707237348651387e-05
psr,2.6707237348651387e-05
firmer,2.6707237348651387e-05
quiri,2.6707237348651387e-05
psc,2.6707237348651387e-05
plh,2.6707237348651387e-05
trr,2.65769581420726e-05
puz,2.65769581420726e-05
uin,2.65769581420726e-05
exterior,2.65769581420726e-05
availabil,2.65769581420726e-05
ecl,2.65769581420726e-05
retum,2.65769581420726e-05
nci,2.65769581420726e-05
hut,2.6446678935493814e-05
reali,2.6446678935493814e-05
glare,2.6446678935493814e-05
wolfson,2.6446678935493814e-05
mre,2.6446678935493814e-05
demandsuppli,2.6446678935493814e-05
dnt,2.6446678935493814e-05
primar,2.6446678935493814e-05
pjm,2.6446678935493814e-05
nonessenti,2.6316399728915028e-05
dispropor,2.6316399728915028e-05
inap,2.6316399728915028e-05
haviour,2.6316399728915028e-05
worn,2.6316399728915028e-05
dna,2.6316399728915028e-05
llr,2.618612052233624e-05
covi,2.618612052233624e-05
brandei,2.618612052233624e-05
crush,2.618612052233624e-05
awe,2.618612052233624e-05
tps,2.605584131575745e-05
sanguin,2.605584131575745e-05
kli,2.605584131575745e-05
rfr,2.605584131575745e-05
erl,2.605584131575745e-05
lsi,2.5925562109178665e-05
resurrect,2.5925562109178665e-05
vagari,2.5925562109178665e-05
encom,2.5925562109178665e-05
straddl,2.5925562109178665e-05
weiner,2.5925562109178665e-05
kis,2.5925562109178665e-05
wmax,2.5925562109178665e-05
cvd,2.5925562109178665e-05
cha,2.5925562109178665e-05
buckley,2.5925562109178665e-05
cile,2.5925562109178665e-05
ftj,2.5795282902599878e-05
noi,2.5795282902599878e-05
sensitiv,2.5795282902599878e-05
seer,2.5795282902599878e-05
jec,2.5665003696021092e-05
lawless,2.5665003696021092e-05
blush,2.5665003696021092e-05
incapac,2.5665003696021092e-05
underr,2.5665003696021092e-05
trum,2.5665003696021092e-05
prem,2.5534724489442302e-05
threestep,2.5534724489442302e-05
portrait,2.5534724489442302e-05
neck,2.5534724489442302e-05
picard,2.5534724489442302e-05
fih,2.5534724489442302e-05
aml,2.5534724489442302e-05
eightyear,2.5534724489442302e-05
wastag,2.5534724489442302e-05
frazer,2.5404445282863515e-05
vll,2.5404445282863515e-05
esl,2.5404445282863515e-05
cel,2.5404445282863515e-05
ole,2.5404445282863515e-05
impressionist,2.527416607628473e-05
dissect,2.527416607628473e-05
logr,2.527416607628473e-05
gar,2.527416607628473e-05
sung,2.527416607628473e-05
mnemon,2.527416607628473e-05
wie,2.527416607628473e-05
csc,2.527416607628473e-05
epb,2.527416607628473e-05
messi,2.5143886869705942e-05
uta,2.5143886869705942e-05
preci,2.5143886869705942e-05
trs,2.5143886869705942e-05
trm,2.5143886869705942e-05
ffa,2.5143886869705942e-05
eus,2.5143886869705942e-05
uid,2.5143886869705942e-05
alenc,2.5143886869705942e-05
logw,2.5013607663127156e-05
tcs,2.5013607663127156e-05
fim,2.5013607663127156e-05
yesno,2.5013607663127156e-05
hon,2.5013607663127156e-05
fts,2.5013607663127156e-05
exot,2.5013607663127156e-05
smax,2.4883328456548366e-05
exposi,2.4883328456548366e-05
wim,2.475304924996958e-05
prj,2.475304924996958e-05
oce,2.475304924996958e-05
hao,2.475304924996958e-05
pon,2.4622770043390793e-05
ick,2.4622770043390793e-05
dfo,2.4622770043390793e-05
outstrip,2.4622770043390793e-05
amn,2.4622770043390793e-05
apf,2.4622770043390793e-05
pae,2.4492490836812006e-05
fro,2.4492490836812006e-05
ctk,2.4492490836812006e-05
prune,2.4492490836812006e-05
aor,2.4492490836812006e-05
jorgensen,2.4492490836812006e-05
oddnumb,2.4492490836812006e-05
ldv,2.4492490836812006e-05
heinz,2.4492490836812006e-05
painstak,2.4492490836812006e-05
gai,2.4492490836812006e-05
impossi,2.4492490836812006e-05
reemerg,2.4362211630233216e-05
prescrip,2.4362211630233216e-05
prm,2.4362211630233216e-05
jjj,2.4362211630233216e-05
oln,2.4362211630233216e-05
pcr,2.4362211630233216e-05
rpp,2.4362211630233216e-05
tte,2.4362211630233216e-05
janssen,2.4362211630233216e-05
dred,2.4362211630233216e-05
bestknown,2.4362211630233216e-05
sdi,2.4362211630233216e-05
selfreinforc,2.4362211630233216e-05
neoclassi,2.423193242365443e-05
ioa,2.423193242365443e-05
noncom,2.423193242365443e-05
wilbur,2.423193242365443e-05
cpm,2.4101653217075643e-05
rfl,2.4101653217075643e-05
lxxxix,2.4101653217075643e-05
wor,2.4101653217075643e-05
flavour,2.4101653217075643e-05
hildebrand,2.4101653217075643e-05
php,2.4101653217075643e-05
unfound,2.4101653217075643e-05
fps,2.4101653217075643e-05
yer,2.3971374010496857e-05
ola,2.3971374010496857e-05
cemfi,2.3971374010496857e-05
sori,2.3971374010496857e-05
sac,2.3971374010496857e-05
nale,2.3971374010496857e-05
ppb,2.3971374010496857e-05
centro,2.3971374010496857e-05
transpir,2.384109480391807e-05
sinclair,2.384109480391807e-05
csp,2.384109480391807e-05
nova,2.384109480391807e-05
dap,2.371081559733928e-05
desig,2.371081559733928e-05
sco,2.371081559733928e-05
inordin,2.371081559733928e-05
oconnor,2.371081559733928e-05
ssrc,2.371081559733928e-05
pch,2.3580536390760494e-05
nonex,2.3580536390760494e-05
econiom,2.3580536390760494e-05
tipli,2.3580536390760494e-05
cvs,2.3580536390760494e-05
iiiii,2.3580536390760494e-05
oot,2.3580536390760494e-05
rag,2.3580536390760494e-05
eoc,2.3450257184181707e-05
busch,2.3450257184181707e-05
viti,2.3450257184181707e-05
tangl,2.3450257184181707e-05
complica,2.3450257184181707e-05
glect,2.3450257184181707e-05
qpt,2.3450257184181707e-05
landau,2.3450257184181707e-05
spendabl,2.3450257184181707e-05
inant,2.331997797760292e-05
cisco,2.331997797760292e-05
ocr,2.331997797760292e-05
eav,2.331997797760292e-05
famil,2.331997797760292e-05
rivat,2.331997797760292e-05
landsberg,2.331997797760292e-05
apd,2.331997797760292e-05
renam,2.318969877102413e-05
joann,2.318969877102413e-05
pinto,2.318969877102413e-05
lfi,2.318969877102413e-05
swi,2.318969877102413e-05
icm,2.318969877102413e-05
vls,2.3059419564445345e-05
soa,2.3059419564445345e-05
nours,2.3059419564445345e-05
oneparamet,2.3059419564445345e-05
anld,2.3059419564445345e-05
misstat,2.3059419564445345e-05
claremont,2.3059419564445345e-05
rib,2.2929140357866558e-05
abx,2.2929140357866558e-05
nonconverg,2.2929140357866558e-05
wid,2.2929140357866558e-05
selfexplanatori,2.2929140357866558e-05
trn,2.2929140357866558e-05
fork,2.2929140357866558e-05
rtn,2.2929140357866558e-05
tun,2.2929140357866558e-05
arj,2.279886115128777e-05
avar,2.279886115128777e-05
dph,2.279886115128777e-05
fiftieth,2.279886115128777e-05
illdefin,2.279886115128777e-05
selfsupport,2.279886115128777e-05
chc,2.279886115128777e-05
wand,2.279886115128777e-05
psl,2.279886115128777e-05
furthest,2.279886115128777e-05
pds,2.279886115128777e-05
undat,2.279886115128777e-05
vci,2.2668581944708985e-05
evaluat,2.2668581944708985e-05
ife,2.2668581944708985e-05
opp,2.2668581944708985e-05
alyz,2.2668581944708985e-05
prelud,2.2538302738130195e-05
pga,2.2538302738130195e-05
rjr,2.2538302738130195e-05
nonpubl,2.2538302738130195e-05
mcgill,2.2538302738130195e-05
dio,2.2538302738130195e-05
sot,2.2538302738130195e-05
infinitum,2.240802353155141e-05
gjt,2.240802353155141e-05
ercis,2.240802353155141e-05
aarhus,2.240802353155141e-05
ura,2.240802353155141e-05
ciii,2.240802353155141e-05
hop,2.240802353155141e-05
maxr,2.240802353155141e-05
nip,2.240802353155141e-05
icanc,2.240802353155141e-05
ahl,2.2277744324972622e-05
dramati,2.2277744324972622e-05
anp,2.2277744324972622e-05
casebycas,2.2277744324972622e-05
mol,2.2277744324972622e-05
saa,2.2277744324972622e-05
wci,2.2277744324972622e-05
inspec,2.2277744324972622e-05
cig,2.2147465118393836e-05
ipw,2.2147465118393836e-05
sessment,2.2147465118393836e-05
npi,2.2147465118393836e-05
ficant,2.2147465118393836e-05
ifn,2.2147465118393836e-05
logpric,2.2147465118393836e-05
jls,2.2017185911815046e-05
cfo,2.2017185911815046e-05
esr,2.2017185911815046e-05
nationalokonomi,2.2017185911815046e-05
unwieldi,2.188690670523626e-05
bygon,2.188690670523626e-05
rbb,2.188690670523626e-05
priceindex,2.188690670523626e-05
unsupport,2.188690670523626e-05
mhz,2.188690670523626e-05
pwl,2.188690670523626e-05
rue,2.188690670523626e-05
oif,2.188690670523626e-05
parlanc,2.188690670523626e-05
keeper,2.1756627498657473e-05
sai,2.1756627498657473e-05
denomi,2.1756627498657473e-05
tenor,2.1756627498657473e-05
apv,2.1756627498657473e-05
pgt,2.1756627498657473e-05
demandshift,2.1626348292078686e-05
iam,2.1626348292078686e-05
dik,2.1626348292078686e-05
bei,2.1626348292078686e-05
piw,2.14960690854999e-05
methuen,2.14960690854999e-05
bms,2.14960690854999e-05
aisi,2.14960690854999e-05
aro,2.14960690854999e-05
bere,2.14960690854999e-05
monro,2.14960690854999e-05
cyd,2.14960690854999e-05
pbc,2.14960690854999e-05
owl,2.14960690854999e-05
vul,2.14960690854999e-05
ptc,2.14960690854999e-05
dictiv,2.14960690854999e-05
jeanmarc,2.136578987892111e-05
cno,2.136578987892111e-05
csr,2.136578987892111e-05
blog,2.136578987892111e-05
viceversa,2.136578987892111e-05
psj,2.136578987892111e-05
acu,2.136578987892111e-05
knife,2.136578987892111e-05
asb,2.136578987892111e-05
mla,2.1235510672342323e-05
alh,2.1235510672342323e-05
bona,2.1235510672342323e-05
hei,2.1235510672342323e-05
clarenc,2.1235510672342323e-05
sfs,2.1235510672342323e-05
alla,2.1235510672342323e-05
uncom,2.1235510672342323e-05
bloomfield,2.1235510672342323e-05
minc,2.1235510672342323e-05
cpo,2.1235510672342323e-05
fash,2.1105231465763537e-05
pho,2.1105231465763537e-05
trevor,2.1105231465763537e-05
sthe,2.1105231465763537e-05
selector,2.1105231465763537e-05
epe,2.1105231465763537e-05
gail,2.1105231465763537e-05
californialo,2.1105231465763537e-05
insuper,2.1105231465763537e-05
omb,2.1105231465763537e-05
eoo,2.1105231465763537e-05
burger,2.1105231465763537e-05
farthest,2.1105231465763537e-05
lci,2.1105231465763537e-05
minl,2.1105231465763537e-05
jtj,2.1105231465763537e-05
tfk,2.1105231465763537e-05
thc,2.097495225918475e-05
interestfre,2.097495225918475e-05
ellipt,2.097495225918475e-05
guggenheim,2.097495225918475e-05
cda,2.097495225918475e-05
ubi,2.097495225918475e-05
harvardmit,2.097495225918475e-05
spr,2.097495225918475e-05
gos,2.084467305260596e-05
undi,2.084467305260596e-05
xcvii,2.084467305260596e-05
lian,2.084467305260596e-05
sterdam,2.084467305260596e-05
remiss,2.084467305260596e-05
tjj,2.084467305260596e-05
orp,2.084467305260596e-05
boa,2.084467305260596e-05
encoun,2.084467305260596e-05
lhe,2.084467305260596e-05
tss,2.084467305260596e-05
yie,2.084467305260596e-05
arduous,2.084467305260596e-05
prospec,2.084467305260596e-05
nap,2.084467305260596e-05
roug,2.084467305260596e-05
ika,2.0714393846027174e-05
crj,2.0714393846027174e-05
fos,2.0714393846027174e-05
braithwait,2.0714393846027174e-05
courtesi,2.0714393846027174e-05
eck,2.0714393846027174e-05
dfe,2.0714393846027174e-05
explo,2.0584114639448387e-05
recombin,2.0584114639448387e-05
safest,2.0584114639448387e-05
ticl,2.0584114639448387e-05
gut,2.04538354328696e-05
poe,2.04538354328696e-05
hank,2.04538354328696e-05
larson,2.04538354328696e-05
cruder,2.04538354328696e-05
eim,2.04538354328696e-05
lne,2.04538354328696e-05
noe,2.04538354328696e-05
anova,2.04538354328696e-05
svi,2.04538354328696e-05
jcj,2.04538354328696e-05
hhh,2.0323556226290814e-05
divisor,2.0323556226290814e-05
hitotsubashi,2.0323556226290814e-05
atb,2.0323556226290814e-05
steepest,2.0323556226290814e-05
jayn,2.0193277019712024e-05
afe,2.0193277019712024e-05
resolu,2.0193277019712024e-05
mathew,2.0193277019712024e-05
aza,2.0193277019712024e-05
pgp,2.0193277019712024e-05
qmi,2.0193277019712024e-05
ppj,2.0193277019712024e-05
toc,2.0062997813133238e-05
estudio,2.0062997813133238e-05
sheppard,2.0062997813133238e-05
budg,2.0062997813133238e-05
imc,2.0062997813133238e-05
clara,2.0062997813133238e-05
optimi,2.0062997813133238e-05
reemphas,2.0062997813133238e-05
yaw,1.993271860655445e-05
qpi,1.993271860655445e-05
dinari,1.993271860655445e-05
llf,1.993271860655445e-05
steindl,1.993271860655445e-05
ibn,1.993271860655445e-05
dpc,1.9802439399975665e-05
barilan,1.9802439399975665e-05
catchal,1.9802439399975665e-05
ient,1.9802439399975665e-05
cxl,1.9802439399975665e-05
toa,1.9802439399975665e-05
rco,1.9802439399975665e-05
fruition,1.9802439399975665e-05
nonmyop,1.9802439399975665e-05
eaw,1.9802439399975665e-05
eno,1.9802439399975665e-05
aye,1.9672160193396875e-05
wce,1.9672160193396875e-05
maa,1.9672160193396875e-05
fem,1.9672160193396875e-05
yses,1.9672160193396875e-05
nutshel,1.9672160193396875e-05
hypotheti,1.9672160193396875e-05
misdirect,1.9672160193396875e-05
nea,1.9672160193396875e-05
exag,1.9672160193396875e-05
worrisom,1.9672160193396875e-05
heaviest,1.9672160193396875e-05
limb,1.9672160193396875e-05
alist,1.9672160193396875e-05
automati,1.954188098681809e-05
lhopit,1.954188098681809e-05
eleanor,1.954188098681809e-05
tionabl,1.954188098681809e-05
dsj,1.954188098681809e-05
ilr,1.954188098681809e-05
qat,1.954188098681809e-05
msi,1.954188098681809e-05
qmax,1.954188098681809e-05
lull,1.954188098681809e-05
gerat,1.954188098681809e-05
tbi,1.954188098681809e-05
mun,1.954188098681809e-05
dey,1.954188098681809e-05
sag,1.954188098681809e-05
outpac,1.954188098681809e-05
pbp,1.9411601780239302e-05
olo,1.9411601780239302e-05
prelimi,1.9411601780239302e-05
incarn,1.9411601780239302e-05
sft,1.9411601780239302e-05
annihil,1.9411601780239302e-05
conjunctur,1.9411601780239302e-05
nus,1.9411601780239302e-05
ges,1.9411601780239302e-05
efa,1.9411601780239302e-05
golub,1.9411601780239302e-05
ceq,1.9281322573660515e-05
trench,1.9281322573660515e-05
vladimir,1.9281322573660515e-05
alit,1.9281322573660515e-05
circumstanti,1.9281322573660515e-05
lre,1.9281322573660515e-05
vac,1.915104336708173e-05
reus,1.915104336708173e-05
prefix,1.915104336708173e-05
fewest,1.915104336708173e-05
qal,1.915104336708173e-05
utr,1.915104336708173e-05
pbl,1.915104336708173e-05
hom,1.915104336708173e-05
xcii,1.915104336708173e-05
morrow,1.915104336708173e-05
toj,1.915104336708173e-05
iren,1.902076416050294e-05
jas,1.902076416050294e-05
ayn,1.902076416050294e-05
afr,1.902076416050294e-05
ratea,1.902076416050294e-05
pah,1.902076416050294e-05
atw,1.902076416050294e-05
flq,1.902076416050294e-05
vos,1.902076416050294e-05
fand,1.8890484953924153e-05
sshrc,1.8890484953924153e-05
adapta,1.8890484953924153e-05
prev,1.8890484953924153e-05
slippag,1.8890484953924153e-05
wsi,1.8890484953924153e-05
gere,1.8890484953924153e-05
timeindepend,1.8890484953924153e-05
gab,1.8890484953924153e-05
udi,1.8890484953924153e-05
overdu,1.8890484953924153e-05
coz,1.8890484953924153e-05
kaa,1.8890484953924153e-05
spo,1.8760205747345366e-05
nim,1.8760205747345366e-05
tce,1.8760205747345366e-05
hsi,1.8760205747345366e-05
nomica,1.8760205747345366e-05
disconcert,1.8760205747345366e-05
sheila,1.8760205747345366e-05
gri,1.8760205747345366e-05
imax,1.8760205747345366e-05
irh,1.862992654076658e-05
nik,1.862992654076658e-05
cfr,1.862992654076658e-05
rcl,1.862992654076658e-05
eliminat,1.862992654076658e-05
jefferi,1.862992654076658e-05
lif,1.862992654076658e-05
daunt,1.849964733418779e-05
tcc,1.849964733418779e-05
expl,1.849964733418779e-05
praisal,1.849964733418779e-05
rhee,1.849964733418779e-05
sommer,1.849964733418779e-05
cml,1.849964733418779e-05
spl,1.849964733418779e-05
calculat,1.849964733418779e-05
sax,1.849964733418779e-05
ora,1.849964733418779e-05
errorfre,1.849964733418779e-05
quaci,1.8369368127609003e-05
nonequival,1.8369368127609003e-05
croeconom,1.8369368127609003e-05
ncn,1.8369368127609003e-05
unim,1.8369368127609003e-05
imn,1.8369368127609003e-05
imal,1.8369368127609003e-05
tui,1.8369368127609003e-05
unfeas,1.8369368127609003e-05
drf,1.8369368127609003e-05
ciy,1.8369368127609003e-05
multistep,1.8239088921030217e-05
wes,1.8239088921030217e-05
oaa,1.8239088921030217e-05
vorabl,1.8239088921030217e-05
rept,1.8239088921030217e-05
siz,1.8239088921030217e-05
tulat,1.8239088921030217e-05
pfr,1.8239088921030217e-05
ctx,1.8239088921030217e-05
cthe,1.8239088921030217e-05
jeong,1.8239088921030217e-05
eran,1.8239088921030217e-05
miliar,1.810880971445143e-05
wtx,1.810880971445143e-05
hancock,1.810880971445143e-05
glo,1.810880971445143e-05
elo,1.810880971445143e-05
corri,1.810880971445143e-05
piu,1.810880971445143e-05
blo,1.810880971445143e-05
gideon,1.810880971445143e-05
afn,1.810880971445143e-05
mig,1.810880971445143e-05
uum,1.810880971445143e-05
fap,1.7978530507872644e-05
angular,1.7978530507872644e-05
orl,1.7978530507872644e-05
ttf,1.7978530507872644e-05
cidenc,1.7978530507872644e-05
pone,1.7978530507872644e-05
pid,1.7978530507872644e-05
lom,1.7978530507872644e-05
rsk,1.7978530507872644e-05
paral,1.7848251301293854e-05
unveil,1.7848251301293854e-05
een,1.7848251301293854e-05
charli,1.7848251301293854e-05
phia,1.7848251301293854e-05
vyi,1.7848251301293854e-05
tib,1.7848251301293854e-05
srr,1.7848251301293854e-05
lbi,1.7848251301293854e-05
nac,1.7848251301293854e-05
sab,1.7848251301293854e-05
clb,1.7848251301293854e-05
usf,1.7848251301293854e-05
tho,1.7717972094715067e-05
dld,1.7717972094715067e-05
rrs,1.7717972094715067e-05
pere,1.7717972094715067e-05
iba,1.7717972094715067e-05
bpl,1.7717972094715067e-05
lnf,1.7717972094715067e-05
jis,1.758769288813628e-05
upperlevel,1.758769288813628e-05
uousli,1.758769288813628e-05
sounder,1.758769288813628e-05
pfs,1.758769288813628e-05
mink,1.758769288813628e-05
rns,1.758769288813628e-05
lcs,1.758769288813628e-05
multipurpos,1.758769288813628e-05
groot,1.758769288813628e-05
fvt,1.758769288813628e-05
vla,1.758769288813628e-05
eke,1.758769288813628e-05
salabl,1.758769288813628e-05
llp,1.7457413681557494e-05
maxw,1.7457413681557494e-05
lol,1.7457413681557494e-05
biv,1.7457413681557494e-05
universitv,1.7457413681557494e-05
andx,1.7457413681557494e-05
blr,1.7457413681557494e-05
rou,1.7457413681557494e-05
rcc,1.7457413681557494e-05
ftd,1.7457413681557494e-05
rgt,1.7457413681557494e-05
zigzag,1.7327134474978704e-05
cjj,1.7327134474978704e-05
csl,1.7327134474978704e-05
perti,1.7327134474978704e-05
yam,1.7327134474978704e-05
tih,1.7327134474978704e-05
eer,1.7327134474978704e-05
gur,1.7327134474978704e-05
eml,1.7327134474978704e-05
aad,1.7327134474978704e-05
prg,1.7196855268399918e-05
wellorgan,1.7196855268399918e-05
sbi,1.7196855268399918e-05
nio,1.7196855268399918e-05
sfl,1.7196855268399918e-05
casion,1.7196855268399918e-05
dks,1.7196855268399918e-05
cashier,1.7196855268399918e-05
eep,1.7196855268399918e-05
reflec,1.7196855268399918e-05
mcm,1.7196855268399918e-05
ultra,1.706657606182113e-05
frr,1.706657606182113e-05
cxc,1.706657606182113e-05
policyori,1.706657606182113e-05
mhi,1.706657606182113e-05
flh,1.706657606182113e-05
lro,1.706657606182113e-05
brack,1.706657606182113e-05
ctr,1.706657606182113e-05
uoo,1.706657606182113e-05
upp,1.706657606182113e-05
mintz,1.706657606182113e-05
tulan,1.706657606182113e-05
allinclus,1.706657606182113e-05
operandi,1.706657606182113e-05
cornwal,1.6936296855242345e-05
cth,1.6936296855242345e-05
jare,1.6936296855242345e-05
guishabl,1.6936296855242345e-05
ciari,1.6936296855242345e-05
lope,1.6936296855242345e-05
unmodifi,1.6936296855242345e-05
goi,1.6936296855242345e-05
degen,1.6936296855242345e-05
tbe,1.6936296855242345e-05
untangl,1.6936296855242345e-05
onedollar,1.6936296855242345e-05
schroeder,1.6806017648663558e-05
lemat,1.6806017648663558e-05
michal,1.6806017648663558e-05
snell,1.6806017648663558e-05
plq,1.6806017648663558e-05
trac,1.6806017648663558e-05
ving,1.6806017648663558e-05
tthe,1.6806017648663558e-05
nonstructur,1.6806017648663558e-05
debilit,1.6806017648663558e-05
opc,1.6806017648663558e-05
encapsul,1.6806017648663558e-05
highord,1.6675738442084768e-05
rjp,1.6675738442084768e-05
pled,1.6675738442084768e-05
ariti,1.6675738442084768e-05
cipat,1.6675738442084768e-05
currentyear,1.6675738442084768e-05
absolv,1.6675738442084768e-05
crv,1.6675738442084768e-05
simplifica,1.6675738442084768e-05
rsp,1.6675738442084768e-05
fest,1.6675738442084768e-05
conjunc,1.6675738442084768e-05
pom,1.6675738442084768e-05
yaa,1.6675738442084768e-05
rks,1.6675738442084768e-05
costli,1.6675738442084768e-05
pda,1.6675738442084768e-05
unsign,1.6545459235505982e-05
usp,1.6545459235505982e-05
gertrud,1.6545459235505982e-05
plu,1.6545459235505982e-05
dormant,1.6545459235505982e-05
smi,1.6545459235505982e-05
thereon,1.6545459235505982e-05
ifb,1.6545459235505982e-05
underneath,1.6545459235505982e-05
demonstra,1.6545459235505982e-05
sra,1.6545459235505982e-05
rub,1.6545459235505982e-05
firmat,1.6545459235505982e-05
accompa,1.6545459235505982e-05
reenforc,1.6545459235505982e-05
availa,1.6415180028927195e-05
gib,1.6415180028927195e-05
cmp,1.6415180028927195e-05
recordkeep,1.6415180028927195e-05
ixa,1.6415180028927195e-05
misestim,1.6415180028927195e-05
bns,1.6415180028927195e-05
ching,1.6415180028927195e-05
olat,1.6415180028927195e-05
upperleft,1.6415180028927195e-05
valentin,1.6415180028927195e-05
plb,1.6415180028927195e-05
cyi,1.6415180028927195e-05
blight,1.628490082234841e-05
gestiv,1.628490082234841e-05
agn,1.628490082234841e-05
fullblown,1.628490082234841e-05
wss,1.628490082234841e-05
conundrum,1.628490082234841e-05
lue,1.628490082234841e-05
nonspecif,1.628490082234841e-05
deo,1.628490082234841e-05
piet,1.628490082234841e-05
chargeabl,1.628490082234841e-05
isk,1.628490082234841e-05
coq,1.628490082234841e-05
psh,1.628490082234841e-05
expj,1.615462161576962e-05
wha,1.615462161576962e-05
ofc,1.615462161576962e-05
antl,1.615462161576962e-05
bfi,1.615462161576962e-05
fiq,1.615462161576962e-05
sws,1.615462161576962e-05
dga,1.615462161576962e-05
daj,1.615462161576962e-05
solubl,1.615462161576962e-05
fowler,1.615462161576962e-05
amor,1.615462161576962e-05
kmt,1.615462161576962e-05
minuscul,1.615462161576962e-05
rvalu,1.615462161576962e-05
empt,1.615462161576962e-05
wcr,1.615462161576962e-05
harbison,1.615462161576962e-05
rfa,1.615462161576962e-05
popi,1.6024342409190832e-05
anr,1.6024342409190832e-05
inappro,1.6024342409190832e-05
lof,1.6024342409190832e-05
foerder,1.6024342409190832e-05
thorni,1.6024342409190832e-05
tso,1.6024342409190832e-05
yoon,1.6024342409190832e-05
mckinsey,1.6024342409190832e-05
pul,1.6024342409190832e-05
ryi,1.6024342409190832e-05
unc,1.6024342409190832e-05
rrf,1.6024342409190832e-05
lae,1.6024342409190832e-05
quicken,1.6024342409190832e-05
xcv,1.6024342409190832e-05
thurston,1.6024342409190832e-05
gei,1.5894063202612046e-05
wtc,1.5894063202612046e-05
dise,1.5894063202612046e-05
stantiv,1.5894063202612046e-05
papb,1.5894063202612046e-05
pvp,1.5894063202612046e-05
ylj,1.5894063202612046e-05
lno,1.5894063202612046e-05
chusett,1.5894063202612046e-05
modelth,1.5894063202612046e-05
nonsystemat,1.5894063202612046e-05
tlo,1.5894063202612046e-05
gio,1.5894063202612046e-05
dbi,1.5894063202612046e-05
wellunderstood,1.5894063202612046e-05
coinci,1.5894063202612046e-05
rrj,1.5894063202612046e-05
rrc,1.576378399603326e-05
irrespec,1.576378399603326e-05
poc,1.576378399603326e-05
flc,1.576378399603326e-05
eaf,1.576378399603326e-05
ius,1.576378399603326e-05
inac,1.576378399603326e-05
tos,1.576378399603326e-05
odo,1.576378399603326e-05
ppk,1.576378399603326e-05
bss,1.576378399603326e-05
frf,1.576378399603326e-05
dsa,1.576378399603326e-05
tize,1.576378399603326e-05
ponenti,1.576378399603326e-05
ssl,1.576378399603326e-05
antd,1.5633504789454473e-05
pricecontrol,1.5633504789454473e-05
xhl,1.5633504789454473e-05
pfm,1.5633504789454473e-05
ntp,1.5633504789454473e-05
nai,1.5633504789454473e-05
bui,1.5633504789454473e-05
strictest,1.5633504789454473e-05
boyc,1.5633504789454473e-05
fdf,1.5633504789454473e-05
haust,1.5633504789454473e-05
tinent,1.5633504789454473e-05
nco,1.5633504789454473e-05
blip,1.5633504789454473e-05
missibl,1.5633504789454473e-05
yss,1.5633504789454473e-05
exac,1.5633504789454473e-05
fora,1.5633504789454473e-05
nri,1.5503225582875683e-05
tuck,1.5503225582875683e-05
posur,1.5503225582875683e-05
dib,1.5503225582875683e-05
multigood,1.5503225582875683e-05
osp,1.5503225582875683e-05
spu,1.5503225582875683e-05
lnj,1.5503225582875683e-05
forschungsgemeinschaft,1.5503225582875683e-05
spection,1.5503225582875683e-05
gid,1.5503225582875683e-05
irq,1.5503225582875683e-05
frl,1.5372946376296896e-05
rna,1.5372946376296896e-05
ooa,1.5372946376296896e-05
primi,1.5372946376296896e-05
wew,1.5372946376296896e-05
cjc,1.5372946376296896e-05
oand,1.5372946376296896e-05
fns,1.5372946376296896e-05
fcl,1.5372946376296896e-05
req,1.5372946376296896e-05
accor,1.5372946376296896e-05
ston,1.5372946376296896e-05
enti,1.5372946376296896e-05
diana,1.5372946376296896e-05
afb,1.5372946376296896e-05
generali,1.5372946376296896e-05
cma,1.5372946376296896e-05
rvi,1.5372946376296896e-05
lou,1.524266716971811e-05
stm,1.524266716971811e-05
resem,1.524266716971811e-05
aoe,1.524266716971811e-05
derstood,1.524266716971811e-05
oor,1.524266716971811e-05
finess,1.524266716971811e-05
npa,1.524266716971811e-05
sut,1.524266716971811e-05
inth,1.524266716971811e-05
hiroshi,1.524266716971811e-05
btn,1.524266716971811e-05
cordanc,1.524266716971811e-05
tve,1.524266716971811e-05
malfunct,1.524266716971811e-05
odi,1.524266716971811e-05
cessor,1.524266716971811e-05
subindic,1.524266716971811e-05
tiw,1.5112387963139322e-05
bard,1.5112387963139322e-05
oix,1.5112387963139322e-05
rwi,1.5112387963139322e-05
cba,1.5112387963139322e-05
jer,1.5112387963139322e-05
zim,1.5112387963139322e-05
retro,1.5112387963139322e-05
sns,1.5112387963139322e-05
eab,1.5112387963139322e-05
apw,1.5112387963139322e-05
dertak,1.5112387963139322e-05
tca,1.4982108756560535e-05
hue,1.4982108756560535e-05
pau,1.4982108756560535e-05
inexplic,1.4982108756560535e-05
efc,1.4982108756560535e-05
tarili,1.4982108756560535e-05
twi,1.4982108756560535e-05
narili,1.4982108756560535e-05
wer,1.4982108756560535e-05
fdr,1.4851829549981749e-05
singlegood,1.4851829549981749e-05
ldi,1.4851829549981749e-05
psf,1.4851829549981749e-05
ipf,1.4851829549981749e-05
maxb,1.4851829549981749e-05
ero,1.4851829549981749e-05
intraclass,1.4851829549981749e-05
tvc,1.472155034340296e-05
rul,1.472155034340296e-05
qpl,1.472155034340296e-05
wein,1.472155034340296e-05
edr,1.472155034340296e-05
terrenc,1.472155034340296e-05
tns,1.472155034340296e-05
untrunc,1.472155034340296e-05
cize,1.472155034340296e-05
disquiet,1.472155034340296e-05
merat,1.472155034340296e-05
rsn,1.472155034340296e-05
nevin,1.472155034340296e-05
wla,1.4591271136824174e-05
scriptiv,1.4591271136824174e-05
murdoch,1.4591271136824174e-05
uppermost,1.4591271136824174e-05
tac,1.4591271136824174e-05
ucu,1.4591271136824174e-05
wiscon,1.4591271136824174e-05
dietrich,1.4591271136824174e-05
unpr,1.4591271136824174e-05
wks,1.4591271136824174e-05
bitrari,1.4591271136824174e-05
wdt,1.4591271136824174e-05
omn,1.4591271136824174e-05
nte,1.4591271136824174e-05
mma,1.4591271136824174e-05
clf,1.4591271136824174e-05
sundri,1.4591271136824174e-05
vvv,1.4591271136824174e-05
witlh,1.4460991930245386e-05
modelspecif,1.4460991930245386e-05
dae,1.4460991930245386e-05
inti,1.4460991930245386e-05
thati,1.4460991930245386e-05
edo,1.4460991930245386e-05
zeroth,1.4460991930245386e-05
ulr,1.4460991930245386e-05
nerabl,1.4460991930245386e-05
cef,1.4460991930245386e-05
jco,1.4460991930245386e-05
cui,1.4460991930245386e-05
pler,1.4460991930245386e-05
bev,1.43307127236666e-05
lumbia,1.43307127236666e-05
welldesign,1.43307127236666e-05
loe,1.43307127236666e-05
wmi,1.43307127236666e-05
avl,1.43307127236666e-05
tinual,1.43307127236666e-05
rff,1.43307127236666e-05
eon,1.43307127236666e-05
taylorseri,1.43307127236666e-05
trio,1.43307127236666e-05
expp,1.43307127236666e-05
sbs,1.43307127236666e-05
okuno,1.43307127236666e-05
ool,1.43307127236666e-05
ulm,1.43307127236666e-05
wyo,1.43307127236666e-05
manip,1.4200433517087811e-05
tlr,1.4200433517087811e-05
ygt,1.4200433517087811e-05
caf,1.4200433517087811e-05
normaliza,1.4200433517087811e-05
minf,1.4200433517087811e-05
lso,1.4200433517087811e-05
blc,1.4200433517087811e-05
veb,1.4200433517087811e-05
itw,1.4200433517087811e-05
gta,1.4200433517087811e-05
ofr,1.4200433517087811e-05
trb,1.4200433517087811e-05
schaller,1.4200433517087811e-05
urat,1.4200433517087811e-05
vtm,1.4200433517087811e-05
evinc,1.4200433517087811e-05
characteriz,1.4200433517087811e-05
ldp,1.4200433517087811e-05
ivn,1.4200433517087811e-05
vpr,1.4200433517087811e-05
idc,1.4070154310509024e-05
env,1.4070154310509024e-05
wnp,1.4070154310509024e-05
cib,1.4070154310509024e-05
rne,1.4070154310509024e-05
chop,1.4070154310509024e-05
lafayett,1.4070154310509024e-05
emn,1.4070154310509024e-05
tae,1.4070154310509024e-05
clk,1.4070154310509024e-05
kls,1.4070154310509024e-05
californiasan,1.4070154310509024e-05
ahe,1.4070154310509024e-05
wif,1.4070154310509024e-05
sox,1.4070154310509024e-05
djj,1.4070154310509024e-05
dys,1.4070154310509024e-05
presen,1.4070154310509024e-05
vbi,1.3939875103930236e-05
msn,1.3939875103930236e-05
ecf,1.3939875103930236e-05
dcc,1.3939875103930236e-05
sop,1.3939875103930236e-05
roch,1.3939875103930236e-05
journial,1.3939875103930236e-05
secondarili,1.3939875103930236e-05
dth,1.3939875103930236e-05
expz,1.3939875103930236e-05
jto,1.3939875103930236e-05
ndi,1.3939875103930236e-05
longerliv,1.3939875103930236e-05
inbetween,1.3939875103930236e-05
timediscount,1.3939875103930236e-05
euj,1.3939875103930236e-05
wheth,1.3939875103930236e-05
vhi,1.380959589735145e-05
anu,1.380959589735145e-05
hct,1.380959589735145e-05
rga,1.380959589735145e-05
wpp,1.380959589735145e-05
diti,1.380959589735145e-05
denomina,1.380959589735145e-05
nebul,1.380959589735145e-05
heel,1.380959589735145e-05
kel,1.380959589735145e-05
lessli,1.380959589735145e-05
ufe,1.380959589735145e-05
champaign,1.380959589735145e-05
eph,1.380959589735145e-05
uournal,1.380959589735145e-05
winer,1.380959589735145e-05
onf,1.380959589735145e-05
rebuilt,1.380959589735145e-05
semblanc,1.3679316690772663e-05
arv,1.3679316690772663e-05
pessi,1.3679316690772663e-05
ifor,1.3679316690772663e-05
vee,1.3679316690772663e-05
gsa,1.3679316690772663e-05
dovetail,1.3679316690772663e-05
sff,1.3679316690772663e-05
interperiod,1.3679316690772663e-05
epc,1.3679316690772663e-05
pmr,1.3679316690772663e-05
ymous,1.3679316690772663e-05
sid,1.3679316690772663e-05
hinrich,1.3679316690772663e-05
vus,1.3679316690772663e-05
ligibl,1.3679316690772663e-05
xcvi,1.3679316690772663e-05
preceed,1.3679316690772663e-05
rql,1.3679316690772663e-05
fifi,1.3549037484193875e-05
fortu,1.3549037484193875e-05
hic,1.3549037484193875e-05
afc,1.3549037484193875e-05
redraw,1.3549037484193875e-05
ifw,1.3549037484193875e-05
ema,1.3549037484193875e-05
woe,1.3549037484193875e-05
btr,1.3549037484193875e-05
joanna,1.3549037484193875e-05
stochasti,1.3549037484193875e-05
hartmann,1.3549037484193875e-05
subtler,1.3549037484193875e-05
brb,1.3549037484193875e-05
ubt,1.3549037484193875e-05
waterloo,1.3418758277615089e-05
illi,1.3418758277615089e-05
bpe,1.3418758277615089e-05
lsl,1.3418758277615089e-05
theorv,1.3418758277615089e-05
nonreproduc,1.3418758277615089e-05
pva,1.3418758277615089e-05
deciph,1.3418758277615089e-05
hci,1.3418758277615089e-05
alexandria,1.3418758277615089e-05
taj,1.3418758277615089e-05
rih,1.3418758277615089e-05
overexpans,1.3418758277615089e-05
lynd,1.3418758277615089e-05
malize,1.3418758277615089e-05
negligi,1.3418758277615089e-05
ebr,1.3418758277615089e-05
selfconsist,1.3418758277615089e-05
assay,1.32884790710363e-05
multimod,1.32884790710363e-05
laval,1.32884790710363e-05
gte,1.32884790710363e-05
ienc,1.32884790710363e-05
economii,1.32884790710363e-05
nun,1.32884790710363e-05
avw,1.32884790710363e-05
pua,1.32884790710363e-05
nonmeasur,1.32884790710363e-05
ycl,1.3158199864457514e-05
miy,1.3158199864457514e-05
plest,1.3158199864457514e-05
pqe,1.3158199864457514e-05
yrl,1.3158199864457514e-05
bsb,1.3158199864457514e-05
pqr,1.3158199864457514e-05
utabl,1.3158199864457514e-05
iand,1.3158199864457514e-05
doa,1.3158199864457514e-05
acit,1.3158199864457514e-05
denom,1.3158199864457514e-05
boddi,1.3158199864457514e-05
nol,1.3158199864457514e-05
lnv,1.3158199864457514e-05
crum,1.3158199864457514e-05
wyi,1.3158199864457514e-05
ddm,1.3027920657878726e-05
nord,1.3027920657878726e-05
eightieth,1.3027920657878726e-05
courtney,1.3027920657878726e-05
tew,1.3027920657878726e-05
ifm,1.3027920657878726e-05
tbb,1.3027920657878726e-05
yrj,1.3027920657878726e-05
unproduc,1.3027920657878726e-05
nnt,1.3027920657878726e-05
kir,1.3027920657878726e-05
midrang,1.3027920657878726e-05
keat,1.3027920657878726e-05
cih,1.3027920657878726e-05
centerpiec,1.3027920657878726e-05
priceinelast,1.3027920657878726e-05
curi,1.3027920657878726e-05
pvs,1.3027920657878726e-05
oer,1.2897641451299939e-05
hco,1.2897641451299939e-05
reinter,1.2897641451299939e-05
feigenbaum,1.2897641451299939e-05
lowrat,1.2897641451299939e-05
cove,1.2897641451299939e-05
thrice,1.2897641451299939e-05
wien,1.2897641451299939e-05
redun,1.2897641451299939e-05
absurdum,1.2897641451299939e-05
qac,1.2897641451299939e-05
lms,1.2897641451299939e-05
brn,1.2897641451299939e-05
rankin,1.2897641451299939e-05
disr,1.2767362244721151e-05
ithi,1.2767362244721151e-05
varu,1.2767362244721151e-05
jeanpaul,1.2767362244721151e-05
cnj,1.2767362244721151e-05
wco,1.2767362244721151e-05
gad,1.2767362244721151e-05
ezra,1.2767362244721151e-05
wea,1.2767362244721151e-05
qap,1.2767362244721151e-05
frd,1.2767362244721151e-05
amr,1.2767362244721151e-05
efp,1.2767362244721151e-05
middlesex,1.2767362244721151e-05
nesota,1.2767362244721151e-05
jag,1.2767362244721151e-05
pjr,1.2767362244721151e-05
lra,1.2767362244721151e-05
overburden,1.2767362244721151e-05
riv,1.2767362244721151e-05
hss,1.2767362244721151e-05
terra,1.2767362244721151e-05
ogl,1.2767362244721151e-05
oof,1.2767362244721151e-05
orf,1.2637083038142364e-05
cpf,1.2637083038142364e-05
flw,1.2637083038142364e-05
descriptor,1.2637083038142364e-05
sawtooth,1.2637083038142364e-05
larsen,1.2637083038142364e-05
unbroken,1.2637083038142364e-05
forsak,1.2637083038142364e-05
wrl,1.2637083038142364e-05
itq,1.2637083038142364e-05
mino,1.2637083038142364e-05
mccoy,1.2637083038142364e-05
ote,1.2637083038142364e-05
tjs,1.2637083038142364e-05
sanjay,1.2637083038142364e-05
dpw,1.2637083038142364e-05
voa,1.2637083038142364e-05
amierican,1.2637083038142364e-05
crf,1.2637083038142364e-05
fef,1.2637083038142364e-05
bak,1.2637083038142364e-05
bwi,1.2637083038142364e-05
multidimen,1.2637083038142364e-05
binghamton,1.2637083038142364e-05
tba,1.2637083038142364e-05
sift,1.2637083038142364e-05
aubrey,1.2637083038142364e-05
uac,1.2637083038142364e-05
brito,1.2637083038142364e-05
lle,1.2637083038142364e-05
dak,1.2637083038142364e-05
dsd,1.2506803831563578e-05
expf,1.2506803831563578e-05
gmo,1.2506803831563578e-05
nish,1.2506803831563578e-05
pfb,1.2506803831563578e-05
derestim,1.2506803831563578e-05
vali,1.2506803831563578e-05
pwp,1.2506803831563578e-05
ncc,1.2506803831563578e-05
indistin,1.2506803831563578e-05
nontest,1.2506803831563578e-05
bbs,1.2506803831563578e-05
exhaus,1.2506803831563578e-05
yig,1.2506803831563578e-05
amput,1.2506803831563578e-05
reanalyz,1.2506803831563578e-05
ceptibl,1.237652462498479e-05
ocn,1.237652462498479e-05
vsa,1.237652462498479e-05
wrr,1.237652462498479e-05
spotti,1.237652462498479e-05
tsa,1.237652462498479e-05
toon,1.237652462498479e-05
withi,1.237652462498479e-05
rpn,1.237652462498479e-05
vcl,1.237652462498479e-05
pav,1.237652462498479e-05
vea,1.237652462498479e-05
lete,1.237652462498479e-05
yui,1.237652462498479e-05
economv,1.237652462498479e-05
pinch,1.2246245418406003e-05
waterman,1.2246245418406003e-05
xrl,1.2246245418406003e-05
levela,1.2246245418406003e-05
sorenson,1.2246245418406003e-05
tyson,1.2246245418406003e-05
obj,1.2246245418406003e-05
mutu,1.2246245418406003e-05
insensi,1.2246245418406003e-05
dewhurst,1.2246245418406003e-05
uno,1.2246245418406003e-05
rrq,1.2246245418406003e-05
ome,1.2246245418406003e-05
varc,1.2246245418406003e-05
meagr,1.2246245418406003e-05
iexp,1.2246245418406003e-05
uhi,1.2246245418406003e-05
csm,1.2115966211827215e-05
pjc,1.2115966211827215e-05
isf,1.2115966211827215e-05
cnr,1.2115966211827215e-05
ifh,1.2115966211827215e-05
ohl,1.2115966211827215e-05
valent,1.2115966211827215e-05
havoc,1.2115966211827215e-05
varz,1.2115966211827215e-05
canterburi,1.2115966211827215e-05
rede,1.2115966211827215e-05
forn,1.2115966211827215e-05
hartigan,1.2115966211827215e-05
pensatori,1.2115966211827215e-05
ucb,1.2115966211827215e-05
gator,1.2115966211827215e-05
staten,1.2115966211827215e-05
ood,1.2115966211827215e-05
pothet,1.1985687005248428e-05
lianc,1.1985687005248428e-05
rhi,1.1985687005248428e-05
vso,1.1985687005248428e-05
stockton,1.1985687005248428e-05
vtf,1.1985687005248428e-05
tmin,1.1985687005248428e-05
tog,1.1985687005248428e-05
fav,1.1985687005248428e-05
ivar,1.1985687005248428e-05
ivvi,1.1985687005248428e-05
rfp,1.1985687005248428e-05
lts,1.1985687005248428e-05
nonmateri,1.1985687005248428e-05
dul,1.1985687005248428e-05
sinica,1.1985687005248428e-05
bisect,1.1985687005248428e-05
iga,1.1985687005248428e-05
mism,1.1985687005248428e-05
bbi,1.1985687005248428e-05
chestnut,1.1985687005248428e-05
sda,1.185540779866964e-05
iwe,1.185540779866964e-05
nifi,1.185540779866964e-05
kie,1.185540779866964e-05
bedevil,1.185540779866964e-05
policyrel,1.185540779866964e-05
cosh,1.185540779866964e-05
rili,1.185540779866964e-05
plific,1.185540779866964e-05
abf,1.185540779866964e-05
outper,1.185540779866964e-05
pher,1.185540779866964e-05
aum,1.185540779866964e-05
bqi,1.185540779866964e-05
rtm,1.185540779866964e-05
digm,1.185540779866964e-05
ief,1.185540779866964e-05
scl,1.185540779866964e-05
mpa,1.185540779866964e-05
alnd,1.1725128592090854e-05
osa,1.1725128592090854e-05
dso,1.1725128592090854e-05
mvi,1.1725128592090854e-05
uee,1.1725128592090854e-05
wellfound,1.1725128592090854e-05
otp,1.1725128592090854e-05
gop,1.1725128592090854e-05
pressiv,1.1725128592090854e-05
adja,1.1725128592090854e-05
subopti,1.1725128592090854e-05
usl,1.1725128592090854e-05
normalci,1.1725128592090854e-05
ttu,1.1725128592090854e-05
gershon,1.1725128592090854e-05
pattem,1.1725128592090854e-05
nab,1.1725128592090854e-05
qbi,1.1594849385512066e-05
pandora,1.1594849385512066e-05
upr,1.1594849385512066e-05
athi,1.1594849385512066e-05
pvv,1.1594849385512066e-05
lss,1.1594849385512066e-05
ssj,1.1594849385512066e-05
sene,1.1594849385512066e-05
trd,1.1594849385512066e-05
jcs,1.1594849385512066e-05
hillhous,1.1594849385512066e-05
brendan,1.1594849385512066e-05
itg,1.1594849385512066e-05
igb,1.1594849385512066e-05
lds,1.1464570178933279e-05
oox,1.1464570178933279e-05
fortyseven,1.1464570178933279e-05
trician,1.1464570178933279e-05
smallsiz,1.1464570178933279e-05
easton,1.1464570178933279e-05
tlh,1.1464570178933279e-05
pob,1.1464570178933279e-05
incremen,1.1464570178933279e-05
consecu,1.1464570178933279e-05
dxdx,1.1464570178933279e-05
lef,1.1464570178933279e-05
cfp,1.1464570178933279e-05
arq,1.1464570178933279e-05
ofn,1.1464570178933279e-05
irw,1.1464570178933279e-05
fiur,1.1464570178933279e-05
midthirti,1.1464570178933279e-05
wpr,1.1464570178933279e-05
ybl,1.1464570178933279e-05
hou,1.1464570178933279e-05
rnc,1.1464570178933279e-05
donovan,1.1464570178933279e-05
mrr,1.1464570178933279e-05
hmi,1.1464570178933279e-05
exhib,1.1464570178933279e-05
ogo,1.1334290972354493e-05
lig,1.1334290972354493e-05
xor,1.1334290972354493e-05
plf,1.1334290972354493e-05
hri,1.1334290972354493e-05
tls,1.1334290972354493e-05
qtq,1.1334290972354493e-05
pham,1.1334290972354493e-05
advanta,1.1334290972354493e-05
unison,1.1334290972354493e-05
qht,1.1334290972354493e-05
feo,1.1334290972354493e-05
swann,1.1334290972354493e-05
hsh,1.1334290972354493e-05
iee,1.1334290972354493e-05
tomat,1.1334290972354493e-05
rja,1.1334290972354493e-05
lwe,1.1334290972354493e-05
schramm,1.1334290972354493e-05
speedup,1.1334290972354493e-05
funnel,1.1334290972354493e-05
rsj,1.1334290972354493e-05
cxp,1.1334290972354493e-05
vba,1.1334290972354493e-05
extraor,1.1334290972354493e-05
elu,1.1334290972354493e-05
tcl,1.1204011765775704e-05
aand,1.1204011765775704e-05
fon,1.1204011765775704e-05
trunca,1.1204011765775704e-05
wrw,1.1204011765775704e-05
wrp,1.1204011765775704e-05
jts,1.1204011765775704e-05
cisionmak,1.1204011765775704e-05
tig,1.1204011765775704e-05
uab,1.1204011765775704e-05
wte,1.1204011765775704e-05
gim,1.1204011765775704e-05
schmid,1.1204011765775704e-05
reintroduct,1.1204011765775704e-05
phr,1.1204011765775704e-05
terminaci,1.1204011765775704e-05
chuck,1.1204011765775704e-05
imin,1.1073732559196918e-05
ssri,1.1073732559196918e-05
qss,1.1073732559196918e-05
uphil,1.1073732559196918e-05
mcgregor,1.1073732559196918e-05
neuman,1.1073732559196918e-05
eileen,1.1073732559196918e-05
wut,1.1073732559196918e-05
ttv,1.1073732559196918e-05
ktx,1.1073732559196918e-05
versial,1.1073732559196918e-05
nian,1.1073732559196918e-05
lyst,1.1073732559196918e-05
functioni,1.1073732559196918e-05
pog,1.1073732559196918e-05
colgat,1.1073732559196918e-05
swollen,1.1073732559196918e-05
rrw,1.1073732559196918e-05
ltr,1.1073732559196918e-05
xlr,1.1073732559196918e-05
trump,1.094345335261813e-05
ctm,1.094345335261813e-05
clh,1.094345335261813e-05
tid,1.094345335261813e-05
frj,1.094345335261813e-05
vom,1.094345335261813e-05
uww,1.094345335261813e-05
eau,1.094345335261813e-05
enh,1.094345335261813e-05
vhl,1.094345335261813e-05
mainstay,1.094345335261813e-05
pyr,1.094345335261813e-05
longestablish,1.094345335261813e-05
sultant,1.094345335261813e-05
xss,1.094345335261813e-05
dwa,1.094345335261813e-05
rba,1.094345335261813e-05
iwo,1.094345335261813e-05
wul,1.094345335261813e-05
ulj,1.094345335261813e-05
aod,1.094345335261813e-05
tcx,1.094345335261813e-05
thh,1.094345335261813e-05
rlo,1.0813174146039343e-05
parameteriza,1.0813174146039343e-05
centrifug,1.0813174146039343e-05
hamil,1.0813174146039343e-05
dint,1.0813174146039343e-05
trh,1.0813174146039343e-05
ieb,1.0813174146039343e-05
californiadavi,1.0813174146039343e-05
rtu,1.0813174146039343e-05
consu,1.0813174146039343e-05
stagna,1.0813174146039343e-05
overlaid,1.0813174146039343e-05
narrowest,1.0813174146039343e-05
hlp,1.0813174146039343e-05
karel,1.0682894939460555e-05
som,1.0682894939460555e-05
vel,1.0682894939460555e-05
rxa,1.0682894939460555e-05
qsp,1.0682894939460555e-05
brisk,1.0682894939460555e-05
rjc,1.0682894939460555e-05
tul,1.0682894939460555e-05
economt,1.0682894939460555e-05
iph,1.0682894939460555e-05
gtj,1.0682894939460555e-05
allocat,1.0682894939460555e-05
pxr,1.0682894939460555e-05
ridden,1.0682894939460555e-05
csx,1.0682894939460555e-05
whither,1.0682894939460555e-05
disen,1.0682894939460555e-05
vqi,1.0682894939460555e-05
rfe,1.0552615732881768e-05
erd,1.0552615732881768e-05
avr,1.0552615732881768e-05
bcc,1.0552615732881768e-05
chichest,1.0552615732881768e-05
fiir,1.0552615732881768e-05
tcf,1.0552615732881768e-05
gru,1.0552615732881768e-05
unimpor,1.0552615732881768e-05
csf,1.0552615732881768e-05
qri,1.0552615732881768e-05
niel,1.0552615732881768e-05
cch,1.0552615732881768e-05
comn,1.0552615732881768e-05
middles,1.0552615732881768e-05
brun,1.0552615732881768e-05
gling,1.0552615732881768e-05
lav,1.0552615732881768e-05
synopsi,1.0552615732881768e-05
zft,1.0552615732881768e-05
llll,1.0552615732881768e-05
entat,1.0552615732881768e-05
bothersom,1.0552615732881768e-05
momen,1.0552615732881768e-05
sob,1.0552615732881768e-05
keio,1.0552615732881768e-05
mantl,1.0552615732881768e-05
pws,1.042233652630298e-05
nbi,1.042233652630298e-05
bjd,1.042233652630298e-05
pfh,1.042233652630298e-05
xand,1.042233652630298e-05
tpr,1.042233652630298e-05
hls,1.042233652630298e-05
overflow,1.042233652630298e-05
lindgren,1.042233652630298e-05
rej,1.042233652630298e-05
iew,1.042233652630298e-05
vtu,1.042233652630298e-05
secut,1.042233652630298e-05
byf,1.042233652630298e-05
urr,1.042233652630298e-05
ifd,1.042233652630298e-05
sfp,1.042233652630298e-05
ncl,1.042233652630298e-05
menlo,1.042233652630298e-05
wah,1.042233652630298e-05
nonperman,1.042233652630298e-05
tabil,1.042233652630298e-05
gol,1.042233652630298e-05
otb,1.0292057319724194e-05
perm,1.0292057319724194e-05
cbl,1.0292057319724194e-05
rrb,1.0292057319724194e-05
waltham,1.0292057319724194e-05
bran,1.0292057319724194e-05
mow,1.0292057319724194e-05
pof,1.0292057319724194e-05
effectth,1.0292057319724194e-05
vlo,1.0292057319724194e-05
balch,1.0292057319724194e-05
exn,1.0292057319724194e-05
nonmon,1.0292057319724194e-05
pradeep,1.0292057319724194e-05
ajb,1.0292057319724194e-05
toth,1.0292057319724194e-05
inb,1.0292057319724194e-05
vergent,1.0292057319724194e-05
yand,1.0292057319724194e-05
presag,1.0292057319724194e-05
lhi,1.0292057319724194e-05
mapl,1.0292057319724194e-05
gcc,1.0292057319724194e-05
uvi,1.0292057319724194e-05
bap,1.0292057319724194e-05
julyseptemb,1.0292057319724194e-05
mso,1.0292057319724194e-05
reto,1.0292057319724194e-05
ctq,1.0292057319724194e-05
atsushi,1.0292057319724194e-05
vlp,1.0161778113145407e-05
wrinkl,1.0161778113145407e-05
ved,1.0161778113145407e-05
fiom,1.0161778113145407e-05
parlor,1.0161778113145407e-05
ccj,1.0161778113145407e-05
egali,1.0161778113145407e-05
pecu,1.0161778113145407e-05
iad,1.0161778113145407e-05
aint,1.0161778113145407e-05
crq,1.0161778113145407e-05
lthis,1.0161778113145407e-05
isola,1.0161778113145407e-05
fwo,1.0161778113145407e-05
refor,1.0161778113145407e-05
nini,1.0161778113145407e-05
bef,1.0161778113145407e-05
tomari,1.0161778113145407e-05
gillian,1.0161778113145407e-05
jjt,1.0161778113145407e-05
haw,1.0161778113145407e-05
defacto,1.0161778113145407e-05
xav,1.0161778113145407e-05
basingstok,1.0031498906566619e-05
sial,1.0031498906566619e-05
ech,1.0031498906566619e-05
intermingl,1.0031498906566619e-05
nhh,1.0031498906566619e-05
tpm,1.0031498906566619e-05
rre,1.0031498906566619e-05
minw,1.0031498906566619e-05
pectiv,1.0031498906566619e-05
lld,1.0031498906566619e-05
lengthier,1.0031498906566619e-05
ratesa,1.0031498906566619e-05
midfifti,1.0031498906566619e-05
dus,1.0031498906566619e-05
rlh,1.0031498906566619e-05
rpj,1.0031498906566619e-05
hph,1.0031498906566619e-05
kas,1.0031498906566619e-05
wfp,1.0031498906566619e-05
storey,1.0031498906566619e-05
rlf,1.0031498906566619e-05
zea,1.0031498906566619e-05
ilc,1.0031498906566619e-05
verac,1.0031498906566619e-05
expv,1.0031498906566619e-05
wbi,1.0031498906566619e-05
ajm,1.0031498906566619e-05
feu,9.901219699987832e-06
laf,9.901219699987832e-06
notwith,9.901219699987832e-06
bele,9.901219699987832e-06
xcc,9.901219699987832e-06
iha,9.901219699987832e-06
noh,9.901219699987832e-06
rota,9.901219699987832e-06
rua,9.901219699987832e-06
kab,9.901219699987832e-06
aberdeen,9.901219699987832e-06
wso,9.901219699987832e-06
hle,9.901219699987832e-06
bfb,9.901219699987832e-06
lrf,9.901219699987832e-06
posium,9.901219699987832e-06
oic,9.901219699987832e-06
tfor,9.901219699987832e-06
windsor,9.901219699987832e-06
viu,9.901219699987832e-06
agc,9.901219699987832e-06
lewiss,9.901219699987832e-06
transcrib,9.901219699987832e-06
esem,9.901219699987832e-06
nonmar,9.901219699987832e-06
ppw,9.901219699987832e-06
valuebas,9.901219699987832e-06
labl,9.901219699987832e-06
hogg,9.901219699987832e-06
riu,9.770940493409044e-06
ntk,9.770940493409044e-06
tru,9.770940493409044e-06
ghi,9.770940493409044e-06
gif,9.770940493409044e-06
ylr,9.770940493409044e-06
logz,9.770940493409044e-06
oho,9.770940493409044e-06
evp,9.770940493409044e-06
tsr,9.770940493409044e-06
lhpital,9.770940493409044e-06
pfq,9.770940493409044e-06
timehorizon,9.770940493409044e-06
murki,9.770940493409044e-06
koc,9.770940493409044e-06
mtx,9.770940493409044e-06
webber,9.770940493409044e-06
orb,9.770940493409044e-06
strati,9.770940493409044e-06
publicpolici,9.770940493409044e-06
reconstruc,9.770940493409044e-06
uru,9.770940493409044e-06
higherthanaverag,9.640661286830258e-06
pcq,9.640661286830258e-06
fmax,9.640661286830258e-06
eyr,9.640661286830258e-06
testa,9.640661286830258e-06
probi,9.640661286830258e-06
bya,9.640661286830258e-06
orc,9.640661286830258e-06
sock,9.640661286830258e-06
mmo,9.640661286830258e-06
ioio,9.640661286830258e-06
fma,9.640661286830258e-06
systema,9.640661286830258e-06
factorili,9.640661286830258e-06
rejoin,9.640661286830258e-06
lhl,9.640661286830258e-06
fcr,9.640661286830258e-06
adelaid,9.640661286830258e-06
vrr,9.640661286830258e-06
apac,9.640661286830258e-06
mislabel,9.640661286830258e-06
bmm,9.640661286830258e-06
yoav,9.51038208025147e-06
insuf,9.51038208025147e-06
untap,9.51038208025147e-06
nonact,9.51038208025147e-06
mcintyr,9.51038208025147e-06
pqa,9.51038208025147e-06
lqi,9.51038208025147e-06
accomod,9.51038208025147e-06
ysl,9.51038208025147e-06
ujo,9.51038208025147e-06
ajd,9.51038208025147e-06
sitat,9.51038208025147e-06
crw,9.51038208025147e-06
crept,9.51038208025147e-06
cotermin,9.51038208025147e-06
informationtheoret,9.51038208025147e-06
stantiat,9.51038208025147e-06
jrn,9.51038208025147e-06
portend,9.51038208025147e-06
fep,9.380102873672683e-06
bba,9.380102873672683e-06
riq,9.380102873672683e-06
ojo,9.380102873672683e-06
ujl,9.380102873672683e-06
rthe,9.380102873672683e-06
tmr,9.380102873672683e-06
tql,9.380102873672683e-06
ixb,9.380102873672683e-06
iooi,9.380102873672683e-06
rso,9.380102873672683e-06
gunn,9.380102873672683e-06
nijhoff,9.380102873672683e-06
lowdimension,9.380102873672683e-06
tito,9.380102873672683e-06
ceterisparibus,9.380102873672683e-06
vpk,9.380102873672683e-06
lkj,9.380102873672683e-06
doubleedg,9.380102873672683e-06
wff,9.380102873672683e-06
scn,9.380102873672683e-06
nrl,9.380102873672683e-06
bda,9.380102873672683e-06
jla,9.380102873672683e-06
densi,9.380102873672683e-06
mckinney,9.380102873672683e-06
unb,9.380102873672683e-06
universiteit,9.249823667093895e-06
vcv,9.249823667093895e-06
ratei,9.249823667093895e-06
uld,9.249823667093895e-06
theoryth,9.249823667093895e-06
sfor,9.249823667093895e-06
popo,9.249823667093895e-06
artific,9.249823667093895e-06
lfor,9.249823667093895e-06
dnp,9.249823667093895e-06
kindl,9.249823667093895e-06
oneto,9.249823667093895e-06
kfl,9.249823667093895e-06
loy,9.249823667093895e-06
artifi,9.249823667093895e-06
dete,9.249823667093895e-06
lilli,9.249823667093895e-06
ucf,9.249823667093895e-06
handmaiden,9.249823667093895e-06
jih,9.119544460515108e-06
slb,9.119544460515108e-06
scure,9.119544460515108e-06
mif,9.119544460515108e-06
vtz,9.119544460515108e-06
adg,9.119544460515108e-06
iffi,9.119544460515108e-06
tod,9.119544460515108e-06
ofh,9.119544460515108e-06
logv,9.119544460515108e-06
fortabl,9.119544460515108e-06
muner,9.119544460515108e-06
eko,9.119544460515108e-06
hee,9.119544460515108e-06
vsx,9.119544460515108e-06
arh,9.119544460515108e-06
coax,9.119544460515108e-06
meani,9.119544460515108e-06
wzt,9.119544460515108e-06
nexttolast,9.119544460515108e-06
ninemonth,9.119544460515108e-06
wmn,9.119544460515108e-06
avf,9.119544460515108e-06
qjp,9.119544460515108e-06
clv,9.119544460515108e-06
rbl,9.119544460515108e-06
thatin,9.119544460515108e-06
pha,9.119544460515108e-06
aav,9.119544460515108e-06
fsf,9.119544460515108e-06
stuidi,8.989265253936322e-06
wore,8.989265253936322e-06
ofb,8.989265253936322e-06
rcj,8.989265253936322e-06
mrm,8.989265253936322e-06
otal,8.989265253936322e-06
datath,8.989265253936322e-06
thn,8.989265253936322e-06
wcs,8.989265253936322e-06
dnr,8.989265253936322e-06
esf,8.989265253936322e-06
lessthan,8.989265253936322e-06
typo,8.989265253936322e-06
minimi,8.989265253936322e-06
lew,8.989265253936322e-06
sulla,8.989265253936322e-06
timespan,8.989265253936322e-06
wad,8.989265253936322e-06
pgl,8.989265253936322e-06
eru,8.989265253936322e-06
syl,8.989265253936322e-06
unpromis,8.989265253936322e-06
fec,8.989265253936322e-06
tsj,8.989265253936322e-06
demnand,8.989265253936322e-06
timea,8.989265253936322e-06
oel,8.989265253936322e-06
journlal,8.989265253936322e-06
ahd,8.858986047357534e-06
restrictionist,8.858986047357534e-06
tialiti,8.858986047357534e-06
atg,8.858986047357534e-06
hel,8.858986047357534e-06
brow,8.858986047357534e-06
nonequ,8.858986047357534e-06
reconfirm,8.858986047357534e-06
tja,8.858986047357534e-06
eoa,8.858986047357534e-06
tibl,8.858986047357534e-06
qut,8.858986047357534e-06
unshad,8.858986047357534e-06
ceal,8.858986047357534e-06
timo,8.858986047357534e-06
nonconstruct,8.858986047357534e-06
curt,8.858986047357534e-06
cici,8.858986047357534e-06
repercus,8.858986047357534e-06
herenc,8.728706840778747e-06
amiss,8.728706840778747e-06
lfa,8.728706840778747e-06
vibrat,8.728706840778747e-06
taurant,8.728706840778747e-06
foro,8.728706840778747e-06
rameter,8.728706840778747e-06
nonrecur,8.728706840778747e-06
gag,8.728706840778747e-06
flog,8.728706840778747e-06
hea,8.728706840778747e-06
uam,8.728706840778747e-06
unforese,8.728706840778747e-06
periodth,8.728706840778747e-06
thte,8.728706840778747e-06
redon,8.728706840778747e-06
wherep,8.728706840778747e-06
variableth,8.728706840778747e-06
ewr,8.728706840778747e-06
ifg,8.728706840778747e-06
ecn,8.728706840778747e-06
dbo,8.728706840778747e-06
qbt,8.728706840778747e-06
raton,8.728706840778747e-06
cfj,8.728706840778747e-06
comeback,8.728706840778747e-06
mackenzi,8.728706840778747e-06
refocus,8.728706840778747e-06
ofe,8.728706840778747e-06
econoni,8.728706840778747e-06
kiy,8.728706840778747e-06
plateaus,8.728706840778747e-06
fiftyyear,8.728706840778747e-06
leftov,8.728706840778747e-06
parsi,8.728706840778747e-06
stipu,8.728706840778747e-06
inadvis,8.598427634199959e-06
eha,8.598427634199959e-06
tsk,8.598427634199959e-06
utm,8.598427634199959e-06
pabl,8.598427634199959e-06
acceptreject,8.598427634199959e-06
cjp,8.598427634199959e-06
ofg,8.598427634199959e-06
llq,8.598427634199959e-06
rote,8.598427634199959e-06
pricebas,8.598427634199959e-06
wher,8.598427634199959e-06
palli,8.598427634199959e-06
illadvis,8.598427634199959e-06
hur,8.598427634199959e-06
fhl,8.598427634199959e-06
unsta,8.598427634199959e-06
pppp,8.598427634199959e-06
unrea,8.598427634199959e-06
unimpress,8.598427634199959e-06
ohi,8.598427634199959e-06
qor,8.598427634199959e-06
nif,8.598427634199959e-06
behoov,8.598427634199959e-06
icat,8.598427634199959e-06
gcn,8.598427634199959e-06
tioni,8.598427634199959e-06
seventyfour,8.598427634199959e-06
hasnt,8.598427634199959e-06
ssg,8.468148427621172e-06
djl,8.468148427621172e-06
retrospec,8.468148427621172e-06
mlk,8.468148427621172e-06
fbp,8.468148427621172e-06
joumnal,8.468148427621172e-06
clar,8.468148427621172e-06
dada,8.468148427621172e-06
peti,8.468148427621172e-06
elmer,8.468148427621172e-06
cetera,8.468148427621172e-06
agf,8.468148427621172e-06
nonconsum,8.468148427621172e-06
analag,8.468148427621172e-06
liditi,8.468148427621172e-06
ega,8.468148427621172e-06
highprior,8.468148427621172e-06
dras,8.468148427621172e-06
mendous,8.468148427621172e-06
siw,8.468148427621172e-06
tys,8.468148427621172e-06
equlibrium,8.468148427621172e-06
geoff,8.468148427621172e-06
pdo,8.468148427621172e-06
fpj,8.468148427621172e-06
cumber,8.468148427621172e-06
rwn,8.468148427621172e-06
poh,8.468148427621172e-06
incomei,8.468148427621172e-06
unint,8.337869221042384e-06
ejf,8.337869221042384e-06
pjd,8.337869221042384e-06
daf,8.337869221042384e-06
senil,8.337869221042384e-06
schur,8.337869221042384e-06
iith,8.337869221042384e-06
igan,8.337869221042384e-06
hearten,8.337869221042384e-06
fnr,8.337869221042384e-06
vle,8.337869221042384e-06
strippeddown,8.337869221042384e-06
gloria,8.337869221042384e-06
wich,8.337869221042384e-06
braic,8.337869221042384e-06
etd,8.337869221042384e-06
econonmi,8.337869221042384e-06
dqp,8.337869221042384e-06
ofjoint,8.337869221042384e-06
phj,8.337869221042384e-06
fbr,8.337869221042384e-06
nyi,8.337869221042384e-06
bim,8.337869221042384e-06
unsubstanti,8.337869221042384e-06
implau,8.337869221042384e-06
kobe,8.337869221042384e-06
wmw,8.337869221042384e-06
gunther,8.337869221042384e-06
miiller,8.337869221042384e-06
minv,8.337869221042384e-06
cvc,8.337869221042384e-06
californiasanta,8.207590014463598e-06
yar,8.207590014463598e-06
dled,8.207590014463598e-06
taw,8.207590014463598e-06
wrj,8.207590014463598e-06
ttw,8.207590014463598e-06
vbb,8.207590014463598e-06
enum,8.207590014463598e-06
pvl,8.207590014463598e-06
thefirst,8.207590014463598e-06
pwc,8.207590014463598e-06
wvar,8.207590014463598e-06
qie,8.207590014463598e-06
mayn,8.207590014463598e-06
usr,8.207590014463598e-06
vml,8.207590014463598e-06
ijm,8.207590014463598e-06
xfs,8.207590014463598e-06
ctv,8.207590014463598e-06
anh,8.207590014463598e-06
nenc,8.207590014463598e-06
jif,8.207590014463598e-06
pvo,8.207590014463598e-06
incontrovert,8.07731080788481e-06
jot,8.07731080788481e-06
kara,8.07731080788481e-06
qff,8.07731080788481e-06
abab,8.07731080788481e-06
remunera,8.07731080788481e-06
predi,8.07731080788481e-06
diagno,8.07731080788481e-06
jcm,8.07731080788481e-06
goric,8.07731080788481e-06
dynami,8.07731080788481e-06
wsl,8.07731080788481e-06
ambig,8.07731080788481e-06
tinm,8.07731080788481e-06
evanc,8.07731080788481e-06
timiz,8.07731080788481e-06
rsx,8.07731080788481e-06
tyj,8.07731080788481e-06
dnj,8.07731080788481e-06
vbl,8.07731080788481e-06
luckili,7.947031601306023e-06
bonni,7.947031601306023e-06
cej,7.947031601306023e-06
eun,7.947031601306023e-06
rwe,7.947031601306023e-06
blowup,7.947031601306023e-06
ddb,7.947031601306023e-06
ntf,7.947031601306023e-06
eisen,7.947031601306023e-06
nlf,7.947031601306023e-06
tye,7.947031601306023e-06
marketpric,7.947031601306023e-06
formn,7.947031601306023e-06
rvo,7.947031601306023e-06
jcf,7.947031601306023e-06
xcr,7.947031601306023e-06
adq,7.947031601306023e-06
aria,7.947031601306023e-06
nwn,7.947031601306023e-06
amal,7.947031601306023e-06
myr,7.947031601306023e-06
tremen,7.947031601306023e-06
idg,7.947031601306023e-06
lff,7.947031601306023e-06
fqs,7.947031601306023e-06
buoy,7.947031601306023e-06
maga,7.947031601306023e-06
lyse,7.947031601306023e-06
vrl,7.947031601306023e-06
meo,7.947031601306023e-06
wlc,7.947031601306023e-06
perva,7.947031601306023e-06
bitrarili,7.947031601306023e-06
afm,7.947031601306023e-06
coni,7.947031601306023e-06
insubstanti,7.816752394727236e-06
errant,7.816752394727236e-06
thei,7.816752394727236e-06
sooo,7.816752394727236e-06
dissi,7.816752394727236e-06
tsn,7.816752394727236e-06
camill,7.816752394727236e-06
lsee,7.816752394727236e-06
nns,7.816752394727236e-06
cqx,7.816752394727236e-06
jjs,7.816752394727236e-06
fds,7.816752394727236e-06
tcj,7.816752394727236e-06
nig,7.816752394727236e-06
fld,7.816752394727236e-06
hho,7.816752394727236e-06
ppd,7.816752394727236e-06
anem,7.816752394727236e-06
nma,7.816752394727236e-06
nometrica,7.816752394727236e-06
joutrnal,7.816752394727236e-06
carn,7.816752394727236e-06
tfc,7.816752394727236e-06
pbj,7.816752394727236e-06
fwr,7.816752394727236e-06
jss,7.816752394727236e-06
ducement,7.816752394727236e-06
wos,7.816752394727236e-06
aqr,7.816752394727236e-06
qib,7.816752394727236e-06
fwf,7.816752394727236e-06
bfor,7.816752394727236e-06
ener,7.816752394727236e-06
naf,7.816752394727236e-06
menc,7.686473188148448e-06
tcr,7.686473188148448e-06
sef,7.686473188148448e-06
logj,7.686473188148448e-06
tlq,7.686473188148448e-06
igg,7.686473188148448e-06
ipb,7.686473188148448e-06
gass,7.686473188148448e-06
ujn,7.686473188148448e-06
briefer,7.686473188148448e-06
cindi,7.686473188148448e-06
olj,7.686473188148448e-06
xthe,7.686473188148448e-06
alin,7.686473188148448e-06
byb,7.686473188148448e-06
pointer,7.686473188148448e-06
jfl,7.686473188148448e-06
yro,7.686473188148448e-06
staterun,7.686473188148448e-06
anot,7.686473188148448e-06
ubu,7.686473188148448e-06
jca,7.686473188148448e-06
oba,7.556193981569661e-06
dimensionless,7.556193981569661e-06
reinhold,7.556193981569661e-06
mbi,7.556193981569661e-06
padova,7.556193981569661e-06
xbl,7.556193981569661e-06
uis,7.556193981569661e-06
evc,7.556193981569661e-06
foci,7.556193981569661e-06
oen,7.556193981569661e-06
substract,7.556193981569661e-06
fba,7.556193981569661e-06
amf,7.556193981569661e-06
mna,7.556193981569661e-06
iur,7.556193981569661e-06
unat,7.556193981569661e-06
dermin,7.556193981569661e-06
nonstan,7.556193981569661e-06
hillclimb,7.556193981569661e-06
dgj,7.556193981569661e-06
anoma,7.556193981569661e-06
iww,7.556193981569661e-06
lognor,7.556193981569661e-06
reex,7.556193981569661e-06
avari,7.556193981569661e-06
oie,7.556193981569661e-06
tfn,7.556193981569661e-06
inin,7.425914774990874e-06
ctu,7.425914774990874e-06
kjs,7.425914774990874e-06
ggo,7.425914774990874e-06
rva,7.425914774990874e-06
deteri,7.425914774990874e-06
fexp,7.425914774990874e-06
qcl,7.425914774990874e-06
rhh,7.425914774990874e-06
mro,7.425914774990874e-06
uncontamin,7.425914774990874e-06
weldon,7.425914774990874e-06
eib,7.425914774990874e-06
highpressur,7.425914774990874e-06
fthe,7.425914774990874e-06
modelthat,7.425914774990874e-06
gnl,7.425914774990874e-06
otw,7.425914774990874e-06
mirrorimag,7.425914774990874e-06
iof,7.425914774990874e-06
clw,7.425914774990874e-06
ike,7.425914774990874e-06
onment,7.425914774990874e-06
goa,7.425914774990874e-06
amw,7.425914774990874e-06
psychometrika,7.425914774990874e-06
oob,7.425914774990874e-06
texasaustin,7.425914774990874e-06
equilibriumn,7.425914774990874e-06
vcj,7.425914774990874e-06
dtv,7.425914774990874e-06
clari,7.425914774990874e-06
tare,7.425914774990874e-06
iah,7.295635568412087e-06
ujp,7.295635568412087e-06
yra,7.295635568412087e-06
reformu,7.295635568412087e-06
fuc,7.295635568412087e-06
xeo,7.295635568412087e-06
ulw,7.295635568412087e-06
fej,7.295635568412087e-06
elong,7.295635568412087e-06
blanch,7.295635568412087e-06
minolog,7.295635568412087e-06
pita,7.295635568412087e-06
pike,7.295635568412087e-06
mlo,7.295635568412087e-06
goss,7.295635568412087e-06
patchwork,7.295635568412087e-06
phen,7.295635568412087e-06
froin,7.295635568412087e-06
ryn,7.295635568412087e-06
tnat,7.295635568412087e-06
revew,7.295635568412087e-06
ebl,7.295635568412087e-06
jfc,7.295635568412087e-06
bldg,7.295635568412087e-06
errata,7.295635568412087e-06
xwe,7.295635568412087e-06
andc,7.1653563618333e-06
fluential,7.1653563618333e-06
gunter,7.1653563618333e-06
donment,7.1653563618333e-06
zling,7.1653563618333e-06
upa,7.1653563618333e-06
vrv,7.1653563618333e-06
ocm,7.1653563618333e-06
cdz,7.1653563618333e-06
ineleg,7.1653563618333e-06
ilg,7.1653563618333e-06
inabil,7.1653563618333e-06
iiit,7.1653563618333e-06
fbb,7.1653563618333e-06
brinley,7.1653563618333e-06
mnarket,7.1653563618333e-06
dfg,7.1653563618333e-06
percentagewis,7.1653563618333e-06
gillett,7.1653563618333e-06
acg,7.1653563618333e-06
hob,7.035077155254512e-06
qls,7.035077155254512e-06
vya,7.035077155254512e-06
triv,7.035077155254512e-06
wiu,7.035077155254512e-06
qrl,7.035077155254512e-06
widelyus,7.035077155254512e-06
oneth,7.035077155254512e-06
nex,7.035077155254512e-06
gles,7.035077155254512e-06
vwl,7.035077155254512e-06
fortieth,7.035077155254512e-06
melvill,7.035077155254512e-06
alastair,7.035077155254512e-06
cys,7.035077155254512e-06
wpj,7.035077155254512e-06
kul,7.035077155254512e-06
tailormad,7.035077155254512e-06
nerat,7.035077155254512e-06
pili,7.035077155254512e-06
rendit,7.035077155254512e-06
lowerord,7.035077155254512e-06
stru,7.035077155254512e-06
texp,7.035077155254512e-06
probt,7.035077155254512e-06
unreali,7.035077155254512e-06
frc,7.035077155254512e-06
counterpoint,7.035077155254512e-06
interconnected,7.035077155254512e-06
thze,7.035077155254512e-06
prema,7.035077155254512e-06
ocu,7.035077155254512e-06
csic,6.904797948675725e-06
fae,6.904797948675725e-06
lcr,6.904797948675725e-06
varn,6.904797948675725e-06
piri,6.904797948675725e-06
clu,6.904797948675725e-06
redwood,6.904797948675725e-06
vaca,6.904797948675725e-06
dgl,6.904797948675725e-06
subhead,6.904797948675725e-06
oftcit,6.904797948675725e-06
rys,6.904797948675725e-06
programa,6.904797948675725e-06
krannert,6.904797948675725e-06
nonunit,6.904797948675725e-06
ognit,6.904797948675725e-06
fhh,6.904797948675725e-06
dlf,6.904797948675725e-06
reverber,6.904797948675725e-06
transferr,6.904797948675725e-06
siq,6.904797948675725e-06
ehj,6.904797948675725e-06
rje,6.904797948675725e-06
jcl,6.904797948675725e-06
nonincrea,6.904797948675725e-06
newburi,6.7745187420969375e-06
wellendow,6.7745187420969375e-06
doubleentri,6.7745187420969375e-06
siii,6.7745187420969375e-06
econiomi,6.7745187420969375e-06
interrup,6.7745187420969375e-06
qtm,6.7745187420969375e-06
qel,6.7745187420969375e-06
veg,6.7745187420969375e-06
dissembl,6.7745187420969375e-06
fqr,6.7745187420969375e-06
osl,6.7745187420969375e-06
qkj,6.7745187420969375e-06
muchneed,6.7745187420969375e-06
steadier,6.7745187420969375e-06
orous,6.7745187420969375e-06
doomsday,6.7745187420969375e-06
portiv,6.7745187420969375e-06
cwo,6.7745187420969375e-06
perioda,6.7745187420969375e-06
srj,6.7745187420969375e-06
amnerican,6.7745187420969375e-06
yeara,6.7745187420969375e-06
foolproof,6.7745187420969375e-06
toh,6.7745187420969375e-06
lhave,6.7745187420969375e-06
loco,6.7745187420969375e-06
ofw,6.7745187420969375e-06
pricerais,6.7745187420969375e-06
embod,6.7745187420969375e-06
thr,6.7745187420969375e-06
assumptionthat,6.7745187420969375e-06
deft,6.64423953551815e-06
fvl,6.64423953551815e-06
iqa,6.64423953551815e-06
cifi,6.64423953551815e-06
wrk,6.64423953551815e-06
wlm,6.64423953551815e-06
qwl,6.64423953551815e-06
thieori,6.64423953551815e-06
jlr,6.64423953551815e-06
incomeproduc,6.64423953551815e-06
voj,6.64423953551815e-06
afq,6.64423953551815e-06
isfactori,6.64423953551815e-06
erg,6.64423953551815e-06
hrh,6.64423953551815e-06
jtf,6.64423953551815e-06
yitl,6.64423953551815e-06
confirma,6.64423953551815e-06
czc,6.64423953551815e-06
dous,6.64423953551815e-06
fuir,6.64423953551815e-06
slj,6.64423953551815e-06
fiftysix,6.64423953551815e-06
thom,6.64423953551815e-06
lmm,6.64423953551815e-06
umr,6.64423953551815e-06
wro,6.64423953551815e-06
galli,6.64423953551815e-06
ihh,6.64423953551815e-06
jamin,6.64423953551815e-06
jwj,6.64423953551815e-06
showcas,6.513960328939363e-06
ong,6.513960328939363e-06
fitt,6.513960328939363e-06
offit,6.513960328939363e-06
owo,6.513960328939363e-06
tvo,6.513960328939363e-06
rwp,6.513960328939363e-06
oiii,6.513960328939363e-06
moderniza,6.513960328939363e-06
uea,6.513960328939363e-06
lok,6.513960328939363e-06
hbi,6.513960328939363e-06
uro,6.513960328939363e-06
assumn,6.513960328939363e-06
erro,6.513960328939363e-06
effectsa,6.513960328939363e-06
uninterpret,6.513960328939363e-06
agger,6.513960328939363e-06
pou,6.513960328939363e-06
jourmal,6.513960328939363e-06
onili,6.513960328939363e-06
deavor,6.513960328939363e-06
lup,6.513960328939363e-06
boun,6.513960328939363e-06
rfor,6.513960328939363e-06
hjs,6.513960328939363e-06
ska,6.513960328939363e-06
twe,6.513960328939363e-06
torili,6.513960328939363e-06
wvl,6.513960328939363e-06
prti,6.513960328939363e-06
xvhen,6.513960328939363e-06
caw,6.513960328939363e-06
tihi,6.513960328939363e-06
governmen,6.513960328939363e-06
contradistinct,6.513960328939363e-06
wlf,6.513960328939363e-06
oioi,6.513960328939363e-06
rok,6.513960328939363e-06
contami,6.3836811223605755e-06
aidi,6.3836811223605755e-06
luj,6.3836811223605755e-06
dundant,6.3836811223605755e-06
nationi,6.3836811223605755e-06
aftereffect,6.3836811223605755e-06
sdo,6.3836811223605755e-06
expm,6.3836811223605755e-06
rvl,6.3836811223605755e-06
awri,6.3836811223605755e-06
rcn,6.3836811223605755e-06
tensifi,6.3836811223605755e-06
jrs,6.3836811223605755e-06
unexamin,6.3836811223605755e-06
ycr,6.3836811223605755e-06
ephraim,6.3836811223605755e-06
pju,6.3836811223605755e-06
vau,6.3836811223605755e-06
ciabli,6.3836811223605755e-06
gott,6.3836811223605755e-06
mnodel,6.3836811223605755e-06
mnent,6.3836811223605755e-06
wist,6.3836811223605755e-06
ysx,6.3836811223605755e-06
blaisdel,6.3836811223605755e-06
formi,6.3836811223605755e-06
emnploy,6.3836811223605755e-06
cah,6.3836811223605755e-06
lba,6.3836811223605755e-06
yfj,6.253401915781789e-06
pjf,6.253401915781789e-06
journzal,6.253401915781789e-06
naj,6.253401915781789e-06
subp,6.253401915781789e-06
fcar,6.253401915781789e-06
curl,6.253401915781789e-06
plpl,6.253401915781789e-06
vvs,6.253401915781789e-06
vlc,6.253401915781789e-06
timi,6.253401915781789e-06
drasti,6.253401915781789e-06
ceptiv,6.253401915781789e-06
valuea,6.253401915781789e-06
integrat,6.253401915781789e-06
unquantifi,6.253401915781789e-06
rtv,6.253401915781789e-06
panion,6.253401915781789e-06
deemphasi,6.253401915781789e-06
stamford,6.253401915781789e-06
ssee,6.253401915781789e-06
indifferencecurv,6.253401915781789e-06
eject,6.253401915781789e-06
rhp,6.253401915781789e-06
wlhere,6.253401915781789e-06
fom,6.253401915781789e-06
xfn,6.253401915781789e-06
tropi,6.253401915781789e-06
abey,6.253401915781789e-06
fru,6.123122709203002e-06
systemn,6.123122709203002e-06
thu,6.123122709203002e-06
sevenfold,6.123122709203002e-06
andg,6.123122709203002e-06
vlh,6.123122709203002e-06
revalua,6.123122709203002e-06
tms,6.123122709203002e-06
klu,6.123122709203002e-06
jir,6.123122709203002e-06
multino,6.123122709203002e-06
irti,6.123122709203002e-06
tme,6.123122709203002e-06
ork,6.123122709203002e-06
nalize,6.123122709203002e-06
redound,6.123122709203002e-06
statea,6.123122709203002e-06
harbing,6.123122709203002e-06
briefest,6.123122709203002e-06
gtg,6.123122709203002e-06
opf,6.123122709203002e-06
aforemen,6.123122709203002e-06
npj,6.123122709203002e-06
iliari,6.123122709203002e-06
falloff,6.123122709203002e-06
iow,6.123122709203002e-06
alai,6.123122709203002e-06
inaccu,6.123122709203002e-06
liw,6.123122709203002e-06
clifton,5.992843502624214e-06
oaf,5.992843502624214e-06
enth,5.992843502624214e-06
knotti,5.992843502624214e-06
picion,5.992843502624214e-06
abovedescrib,5.992843502624214e-06
sang,5.992843502624214e-06
qiqi,5.992843502624214e-06
isg,5.992843502624214e-06
isit,5.992843502624214e-06
positivevalu,5.992843502624214e-06
inor,5.992843502624214e-06
insen,5.992843502624214e-06
rmpr,5.992843502624214e-06
jiirgen,5.992843502624214e-06
hno,5.992843502624214e-06
kun,5.992843502624214e-06
sixtieth,5.992843502624214e-06
gog,5.992843502624214e-06
capitalth,5.862564296045427e-06
proofread,5.862564296045427e-06
wml,5.862564296045427e-06
standardiza,5.862564296045427e-06
unwar,5.862564296045427e-06
nonphys,5.862564296045427e-06
iivi,5.862564296045427e-06
iill,5.862564296045427e-06
habilit,5.862564296045427e-06
desira,5.862564296045427e-06
andb,5.862564296045427e-06
wherej,5.862564296045427e-06
julydecemb,5.862564296045427e-06
equilibriuma,5.862564296045427e-06
ltb,5.862564296045427e-06
appor,5.862564296045427e-06
topher,5.862564296045427e-06
economl,5.862564296045427e-06
sami,5.862564296045427e-06
gsia,5.862564296045427e-06
denmand,5.7322850894666395e-06
rougher,5.7322850894666395e-06
lear,5.7322850894666395e-06
ageabl,5.7322850894666395e-06
deficien,5.7322850894666395e-06
terregion,5.7322850894666395e-06
econoin,5.7322850894666395e-06
repetiti,5.7322850894666395e-06
dispari,5.7322850894666395e-06
unnam,5.7322850894666395e-06
egr,5.7322850894666395e-06
ruptur,5.7322850894666395e-06
capabili,5.7322850894666395e-06
gredient,5.7322850894666395e-06
wvas,5.7322850894666395e-06
regulari,5.7322850894666395e-06
onon,5.7322850894666395e-06
jrr,5.7322850894666395e-06
jac,5.7322850894666395e-06
implausi,5.7322850894666395e-06
pice,5.7322850894666395e-06
lucien,5.7322850894666395e-06
reestab,5.7322850894666395e-06
qps,5.7322850894666395e-06
nonavail,5.7322850894666395e-06
determnin,5.602005882887852e-06
amarket,5.602005882887852e-06
ciliat,5.602005882887852e-06
abovecit,5.602005882887852e-06
nadir,5.602005882887852e-06
anec,5.602005882887852e-06
phic,5.602005882887852e-06
joural,5.602005882887852e-06
cxr,5.602005882887852e-06
cuf,5.602005882887852e-06
vatur,5.602005882887852e-06
lasall,5.602005882887852e-06
yye,5.602005882887852e-06
odor,5.602005882887852e-06
tov,5.602005882887852e-06
overexpand,5.602005882887852e-06
economnica,5.602005882887852e-06
whichi,5.602005882887852e-06
ssf,5.602005882887852e-06
tiousli,5.602005882887852e-06
perous,5.602005882887852e-06
governmentimpos,5.602005882887852e-06
icontinu,5.602005882887852e-06
uscript,5.602005882887852e-06
aill,5.471726676309065e-06
ehess,5.471726676309065e-06
allpurpos,5.471726676309065e-06
witz,5.471726676309065e-06
icymak,5.471726676309065e-06
hobart,5.471726676309065e-06
thomp,5.471726676309065e-06
vrj,5.471726676309065e-06
substituta,5.471726676309065e-06
shel,5.471726676309065e-06
documen,5.471726676309065e-06
vist,5.471726676309065e-06
suspi,5.471726676309065e-06
shortcircuit,5.471726676309065e-06
ofm,5.471726676309065e-06
cush,5.471726676309065e-06
tsf,5.3414474697302774e-06
lessthanperfect,5.3414474697302774e-06
enmploy,5.3414474697302774e-06
oftencit,5.3414474697302774e-06
abysm,5.3414474697302774e-06
tegi,5.3414474697302774e-06
yearsth,5.3414474697302774e-06
withl,5.3414474697302774e-06
befit,5.3414474697302774e-06
dichot,5.3414474697302774e-06
confiden,5.3414474697302774e-06
jlo,5.3414474697302774e-06
sota,5.3414474697302774e-06
httpwwweconometricsocietyorgectasupmatdata,5.3414474697302774e-06
ibli,5.3414474697302774e-06
rogat,5.3414474697302774e-06
qtc,5.3414474697302774e-06
sirey,5.3414474697302774e-06
onetwelfth,5.3414474697302774e-06
underprivileg,5.3414474697302774e-06
omywid,5.3414474697302774e-06
nnj,5.3414474697302774e-06
concensus,5.3414474697302774e-06
inconsisten,5.3414474697302774e-06
xaf,5.3414474697302774e-06
teger,5.3414474697302774e-06
eand,5.3414474697302774e-06
qqqq,5.3414474697302774e-06
misint,5.3414474697302774e-06
crg,5.3414474697302774e-06
subsidiza,5.3414474697302774e-06
jounal,5.3414474697302774e-06
thal,5.3414474697302774e-06
timein,5.3414474697302774e-06
relaxa,5.3414474697302774e-06
irregu,5.21116826315149e-06
illfound,5.21116826315149e-06
ficanc,5.21116826315149e-06
nthe,5.21116826315149e-06
paperth,5.21116826315149e-06
iiio,5.21116826315149e-06
iest,5.21116826315149e-06
valuesa,5.21116826315149e-06
indispen,5.21116826315149e-06
fivesixth,5.21116826315149e-06
pursuanc,5.21116826315149e-06
nonexi,5.21116826315149e-06
australasian,5.21116826315149e-06
equilibriumi,5.21116826315149e-06
equaliz,5.21116826315149e-06
onefor,5.21116826315149e-06
distributioni,5.21116826315149e-06
rectiv,5.21116826315149e-06
tlheori,5.21116826315149e-06
lowerthanaverag,5.21116826315149e-06
williamstown,5.21116826315149e-06
jibe,5.0808890565727036e-06
wreak,5.0808890565727036e-06
beit,5.0808890565727036e-06
americani,5.0808890565727036e-06
anticipat,5.0808890565727036e-06
nunmber,5.0808890565727036e-06
desirabil,5.0808890565727036e-06
jaw,5.0808890565727036e-06
lini,5.0808890565727036e-06
numnber,5.0808890565727036e-06
resultsth,5.0808890565727036e-06
corrobo,5.0808890565727036e-06
gurion,5.0808890565727036e-06
hthe,5.0808890565727036e-06
paradoxi,5.0808890565727036e-06
iliti,5.0808890565727036e-06
overdrawn,5.0808890565727036e-06
shrunken,5.0808890565727036e-06
ticism,5.0808890565727036e-06
andin,5.0808890565727036e-06
wlhen,4.950609849993916e-06
expli,4.950609849993916e-06
andif,4.950609849993916e-06
astic,4.950609849993916e-06
unremark,4.950609849993916e-06
compan,4.950609849993916e-06
bara,4.950609849993916e-06
ooz,4.950609849993916e-06
lethargi,4.950609849993916e-06
tene,4.950609849993916e-06
presup,4.950609849993916e-06
untyp,4.950609849993916e-06
trhe,4.950609849993916e-06
constrast,4.950609849993916e-06
dinarili,4.950609849993916e-06
maxd,4.950609849993916e-06
onz,4.950609849993916e-06
ancd,4.950609849993916e-06
witn,4.950609849993916e-06
andm,4.950609849993916e-06
effectsth,4.950609849993916e-06
modelsth,4.820330643415129e-06
wellarticul,4.820330643415129e-06
giveni,4.820330643415129e-06
groundless,4.820330643415129e-06
atheneum,4.820330643415129e-06
pediment,4.820330643415129e-06
ifest,4.820330643415129e-06
conditon,4.820330643415129e-06
septembernovemb,4.820330643415129e-06
forewarn,4.820330643415129e-06
messier,4.820330643415129e-06
fical,4.820330643415129e-06
walrasbowley,4.820330643415129e-06
thereabout,4.820330643415129e-06
xvhile,4.820330643415129e-06
fidenti,4.820330643415129e-06
infonn,4.820330643415129e-06
jthe,4.820330643415129e-06
synth,4.820330643415129e-06
progressiv,4.820330643415129e-06
dissatisfac,4.820330643415129e-06
overextend,4.820330643415129e-06
hyster,4.6900514368363415e-06
overbal,4.6900514368363415e-06
asumpt,4.6900514368363415e-06
onom,4.6900514368363415e-06
severest,4.6900514368363415e-06
neater,4.6900514368363415e-06
thea,4.6900514368363415e-06
thlat,4.6900514368363415e-06
levelth,4.6900514368363415e-06
paperthat,4.6900514368363415e-06
orgin,4.6900514368363415e-06
andth,4.6900514368363415e-06
luctanc,4.6900514368363415e-06
consumptioni,4.6900514368363415e-06
methodolo,4.6900514368363415e-06
wvhile,4.6900514368363415e-06
concentrat,4.559772230257554e-06
betwen,4.559772230257554e-06
realisti,4.559772230257554e-06
isin,4.559772230257554e-06
singu,4.559772230257554e-06
wellaccept,4.559772230257554e-06
normaliz,4.559772230257554e-06
frorn,4.559772230257554e-06
literatureth,4.559772230257554e-06
thes,4.559772230257554e-06
governmn,4.559772230257554e-06
terat,4.429493023678767e-06
primafaci,4.429493023678767e-06
plausibil,4.2992138170999794e-06
