word,freq
lemma,0.007372024546813354
matrix,0.005844083509708826
avers,0.0044533080172845215
convex,0.004396779186749642
finit,0.004379321753790341
sequenc,0.004284552832011279
des,0.004171495170941521
path,0.004001077373005488
axiom,0.0039046458385636356
les,0.0038539361523485236
portfolio,0.0038381413320520133
converg,0.003828996962406665
concav,0.003574617224999709
stochast,0.0034864987538718094
represent,0.0033651280294880984
equilibria,0.0030966160844474225
feasibl,0.0029253669801799945
que,0.0028638503116567436
monoton,0.002858862473668372
endow,0.0024432093079707314
nonneg,0.0024290771003370117
homogen,0.0023259951152439966
mathemat,0.0023135255202730676
belief,0.0023126942139416722
est,0.002247021013761445
max,0.0021988052465405188
subset,0.0021838417325754037
infinit,0.0021505894793195923
qed,0.002119831145057967
ambigu,0.0020209056916219285
transform,0.001971858618069607
budget,0.0019618829420928637
investor,0.001956063797773097
par,0.0019444255091335626
transact,0.001907016724220775
specul,0.0018895592912614742
stationari,0.0018829088406103118
lim,0.0018679453266451968
row,0.0018188982530928752
dan,0.0018055973517905506
pareto,0.0017781642428545065
map,0.0017399241516103236
indiffer,0.0017374302326161376
pour,0.0017216354123196272
pair,0.0017091658173486982
une,0.0016958649160463736
regular,0.001688383159063816
arrow,0.0016867205464010254
root,0.0016825640147440492
horizon,0.001673419645098701
riski,0.0016709257261045152
trader,0.0016518056804824238
forecast,0.0016443239234998663
corollari,0.0016110716702440549
compact,0.0016035899132614973
static,0.0015894577056277776
household,0.0015545428397091758
lotteri,0.0015395793257440608
matric,0.001534591487755689
arbitrari,0.0015154714421335975
cycl,0.0015071583788196447
contradict,0.0014980140091742967
samuelson,0.0014938574775173203
notat,0.0014863757205347628
densiti,0.0014788939635522053
certainti,0.0014622678369242996
ith,0.0014489669356219752
uniform,0.0014456417102963939
spot,0.0014273529710056977
inventori,0.0013990885557382583
rank,0.001395763330412677
programm,0.0013367405808836122
labour,0.0013317527428952404
asymptot,0.0013292588239010546
option,0.001318451841592916
upper,0.0013167892289301254
optimum,0.001297669183308034
nonlinear,0.0012910187326568717
qui,0.0012818743630115235
game,0.0012793804440173378
dividend,0.001277717831354547
symmetr,0.0012735612996975707
learn,0.0012702360743719896
invers,0.0012452968844301312
algorithm,0.0012295020641336209
quadrat,0.0012170324691626916
behaviour,0.0011904306665580426
von,0.0011887680538952522
diagon,0.0011854428285696709
shock,0.0011846115222382758
connect,0.001176298458924323
equiti,0.001149696656319674
recurs,0.0011422148993371164
notion,0.0011388896740115353
transit,0.0011339018360231636
verifi,0.001132239223360373
dual,0.0011305766106975825
sell,0.0011289139980347918
bond,0.001126420079040606
topolog,0.001126420079040606
steadi,0.00112392616004642
nous,0.00112392616004642
whenev,0.001111456565075491
partit,0.001108962646081305
min,0.001108962646081305
cash,0.00110813133974991
global,0.0011073000334185146
inflat,0.0011014808890987475
hedg,0.0010915052131220042
smooth,0.0010906739067906089
forward,0.001079035618151075
payoff,0.0010782043118196796
interior,0.0010773730054882845
guarante,0.0010757103928254938
discret,0.0010715538611685174
domain,0.0010540964282092166
belong,0.0010532651218778213
formula,0.0010516025092150306
sup,0.0010349763825871251
criterion,0.001031651157261544
qualit,0.0010274946256045676
slope,0.001010868498976662
boundari,0.0010075432736510808
likelihood,0.001002555435662709
intertempor,0.000993411066017361
flexibl,0.000987591921697594
buy,0.0009709657950696884
capac,0.0009601588127615497
insur,0.0009584962000987592
violat,0.0009560022811045734
notic,0.0009385448481452725
moment,0.0009302317848313196
conting,0.0009260752531743432
longrun,0.0009260752531743432
modifi,0.0009227500278487621
neumann,0.000919424802523181
nonzero,0.0009119430455406235
termin,0.0009036299822266706
constrain,0.0009027986758952753
invari,0.0009011360632324848
storag,0.0008894977745929508
firstord,0.0008886664682615556
compens,0.0008861725492673697
assert,0.0008836786302731838
sunspot,0.0008820160176103933
said,0.0008695464226394641
bundl,0.0008620646656569066
maker,0.0008545829086743491
exhibit,0.0008479324580231868
borrow,0.0008404507010406293
bien,0.0008379567820464434
nonempti,0.0008354628630522576
proper,0.0008346315567208623
sur,0.0008346315567208623
premium,0.0008263184934069094
iter,0.0008213306554185378
homothet,0.0008213306554185378
prix,0.0008204993490871425
attain,0.0008204993490871425
covari,0.0008038732224592369
sont,0.0007988853844708652
classic,0.0007963914654766794
convers,0.0007963914654766794
accumul,0.0007905723211569124
uncertain,0.0007889097084941218
pas,0.0007872470958313313
markov,0.0007839218705057502
princip,0.0007814279515115643
ces,0.0007789340325173784
dimens,0.0007614765995580775
realiz,0.0007581513742324964
signal,0.0007515009235813341
incomplet,0.0007515009235813341
debreu,0.0007506696172499389
dualiti,0.0007398626349418003
mutual,0.000739031328610405
adapt,0.0007365374096162191
expans,0.000733212184290638
menu,0.000733212184290638
straightforward,0.0007290556526336616
arbitrag,0.0007257304273080805
intersect,0.0007224052019824994
gambl,0.000721573895651104
fonction,0.0007157547513313371
epstein,0.0007115982196743607
entri,0.0007107669133429654
liquid,0.0007099356070115701
debt,0.0007091043006801749
righthand,0.0007074416880173842
princeton,0.000706610381685989
exp,0.000706610381685989
fisher,0.0007057790753545937
cett,0.0007049477690231985
unemploy,0.0007049477690231985
determinist,0.0006966347057092456
walrasian,0.0006958033993778504
neighborhood,0.0006883216423952928
hypothes,0.0006849964170697117
leontief,0.0006825024980755258
scheme,0.0006791772727499447
eigenvalu,0.0006783459664185495
tout,0.0006783459664185495
preced,0.0006783459664185495
trivial,0.0006733581284301777
disturb,0.0006692015967732013
admiss,0.0006633824524534343
attitud,0.0006625511461220391
ant,0.0006600572271278532
reader,0.0006575633081336675
integ,0.0006575633081336675
peut,0.0006567320018022721
quasiconcav,0.0006567320018022721
her,0.0006559006954708768
norm,0.0006517441638139005
coordin,0.0006500815511511098
nondecreas,0.0006492502448197146
coincid,0.0006467563258255287
stronger,0.0006450937131627382
commit,0.0006417684878371571
frequenc,0.0006392745688429712
riskless,0.0006392745688429712
uniti,0.0006367806498487853
graph,0.0006351180371859948
length,0.0006351180371859948
dimension,0.0006334554245232042
unknown,0.0006317928118604137
perturb,0.0006259736675406467
son,0.0006243110548778562
post,0.0006226484422150656
symmetri,0.0006193232168894845
conjectur,0.0006193232168894845
target,0.0006193232168894845
compani,0.0006168292978952987
valeur,0.0006168292978952987
scalar,0.0006151666852325081
postul,0.0006143353789011128
hahn,0.0006135040725697176
cone,0.0006126727662383222
decompos,0.0006126727662383222
arbitrarili,0.0006126727662383222
jth,0.0006093475409127411
func,0.0006076849282499506
quantit,0.0006051910092557647
surplus,0.0006043597029243694
infin,0.0006043597029243694
insid,0.0006035283965929742
entrepreneur,0.0006035283965929742
stiglitz,0.0005993718649359977
simplic,0.0005977092522732072
she,0.0005977092522732072
trajectori,0.0005943840269476261
iff,0.0005935527206162308
extern,0.0005935527206162308
ineffici,0.0005927214142848354
neutral,0.0005893961889592543
unambigu,0.0005893961889592543
distanc,0.0005893961889592543
imposs,0.0005869022699650685
fluctuat,0.0005852396573022779
weaker,0.0005844083509708827
null,0.0005835770446394874
anticip,0.0005785892066511157
turnpik,0.0005785892066511157
menus,0.0005777579003197204
stream,0.0005777579003197204
ordin,0.0005744326749941393
analyt,0.0005719387559999534
surfac,0.0005702761433371629
polynomi,0.0005694448370057677
nomin,0.000567782224342977
valuat,0.0005652883053487912
manner,0.0005652883053487912
locat,0.0005586378546976289
cas,0.0005586378546976289
goe,0.0005578065483662337
aij,0.0005553126293720478
everywher,0.0005536500167092573
suitabl,0.0005536500167092573
behav,0.000552818710377862
wiley,0.0005519874040464667
martingal,0.0005503247913836762
temporari,0.0005486621787208855
stanford,0.0005478308723894903
aux,0.0005478308723894903
macroeconom,0.0005461682597266998
hick,0.0005453369533953044
suffic,0.0005453369533953044
comm,0.0005436743407325139
plant,0.0005436743407325139
repeat,0.0005436743407325139
prospect,0.0005420117280697233
mix,0.0005378551964127469
robust,0.0005345299710871658
preserv,0.0005320360520929799
node,0.0005320360520929799
var,0.0005312047457615847
admit,0.0005312047457615847
unchang,0.0005303734394301894
luca,0.0005303734394301894
ray,0.0005287108267673988
disequilibrium,0.0005278795204360035
twice,0.000526216907773213
chain,0.0005253856014418177
day,0.0005253856014418177
manuscript,0.0005253856014418177
inf,0.0005245542951104224
temptat,0.0005228916824476319
monopolist,0.0005220603761162365
realize,0.0005179038444592601
noth,0.0005179038444592601
professor,0.0005170725381278649
gale,0.0005154099254650744
corpor,0.0005129160064708885
metric,0.0005112533938080979
segment,0.0005095907811453074
eventu,0.0005079281684825168
tast,0.0005079281684825168
planner,0.0005079281684825168
possess,0.0005037716368255404
savag,0.0005037716368255404
riskavers,0.0005029403304941451
logarithm,0.0005012777178313545
ordinari,0.0005012777178313545
old,0.000499615105168564
player,0.000499615105168564
mai,0.0004979524925057734
sequenti,0.0004929646545174018
axiomat,0.0004929646545174018
parametr,0.0004913020418546111
taxat,0.00048797681652903004
spread,0.00048714551019763476
simul,0.0004863142038662395
residu,0.0004863142038662395
volatil,0.0004854828975348442
decomposit,0.00048382028487205367
malinvaud,0.00048298897854065834
translat,0.00048215767220926306
induct,0.00048215767220926306
dune,0.00048215767220926306
sort,0.0004813263658778678
inconsist,0.0004813263658778678
tree,0.0004804950595464725
heterogen,0.00047966375321507724
necess,0.0004780011405522867
season,0.0004780011405522867
parallel,0.0004763385278894961
format,0.0004763385278894961
soit,0.0004763385278894961
bear,0.00047467591522670554
radner,0.00047467591522670554
tell,0.00047467591522670554
durabl,0.00047467591522670554
secondord,0.00047384460889531027
span,0.0004721819962325197
semidefinit,0.00047135068990112445
volum,0.0004705193835697291
decisionmak,0.0004705193835697291
overlap,0.00046968807723833385
shortrun,0.00046885677090693857
intermedi,0.0004680254645755433
cumul,0.000467194158244148
unstabl,0.00046636285191275275
nontrivi,0.0004655315455813575
bet,0.0004655315455813575
hurwicz,0.0004630376265871716
cross,0.0004630376265871716
steadyst,0.0004605437075929858
geometr,0.00045888109493019523
affin,0.00045389325694182353
entr,0.00045306195061042826
phase,0.00045306195061042826
art,0.0004505680316162424
avec,0.0004497367252848471
simplex,0.0004497367252848471
schmeidler,0.00044807411262205656
familiar,0.000446411499959266
octob,0.00044558019362787074
minor,0.0004447488872964754
crucial,0.0004447488872964754
loan,0.0004447488872964754
prob,0.0004447488872964754
det,0.00044391758096508013
numerair,0.00044308627463368486
priori,0.0004414236619708943
engel,0.0004414236619708943
regim,0.00044059235563949904
decentr,0.00043809843664531316
readili,0.00043809843664531316
marinacci,0.0004364358239825226
meme,0.0004364358239825226
gorman,0.0004364358239825226
compat,0.0004339419049883368
mixtur,0.0004331105986569415
bubbl,0.0004331105986569415
slutski,0.0004331105986569415
koopman,0.0004331105986569415
enabl,0.0004331105986569415
diewert,0.0004322792923255462
probabilist,0.00042978537333136037
shape,0.00042978537333136037
neoclass,0.0004289540669999651
nest,0.0004281227606685698
etr,0.0004281227606685698
him,0.00042729145433717454
indeterminaci,0.00042729145433717454
houthakk,0.0004264601480057792
deux,0.00042562884167438394
keynesian,0.00042562884167438394
dun,0.0004231349226801981
via,0.0004231349226801981
largest,0.0004231349226801981
foresight,0.00042230361634880285
diamond,0.00041980969735461697
tableau,0.00041980969735461697
frontier,0.00041980969735461697
primit,0.0004189783910232217
binari,0.0004181470846918264
fulfil,0.00041731577836043115
posterior,0.00041731577836043115
oxford,0.00041648447202903587
longterm,0.0004148218593662453
core,0.0004148218593662453
bayesian,0.0004148218593662453
mckenzi,0.0004131592467034547
agre,0.0004131592467034547
block,0.00041232794037205945
complement,0.0004106653277092689
intens,0.0004098340213778736
instrument,0.00040900271504647835
sophist,0.00040734010238368775
unbound,0.0004065087960522925
algebra,0.0004065087960522925
dispos,0.0004056774897208972
panel,0.0004056774897208972
criteria,0.00040401487705810665
uzawa,0.0004031835707267114
vanish,0.0004031835707267114
walra,0.00040152095806392083
deliveri,0.00040152095806392083
imperfect,0.0004006896517325255
schedul,0.0003981957327383397
tobin,0.0003981957327383397
rev,0.0003973644264069444
inputoutput,0.0003973644264069444
exponenti,0.0003973644264069444
accur,0.00039653312007554913
cyclic,0.00039570181374415386
relax,0.00039487050741275853
morishima,0.00039487050741275853
solow,0.00039487050741275853
donc,0.00039403920108136326
diversif,0.000393207894749968
california,0.000393207894749968
circumst,0.000393207894749968
axi,0.0003923765884185727
divis,0.0003923765884185727
sometim,0.00039154528208717743
dispers,0.00039071397575578216
systemat,0.0003898826694243869
pass,0.0003898826694243869
credit,0.0003882200567615963
resp,0.000387388750430201
februari,0.000387388750430201
perceiv,0.000387388750430201
sumption,0.00038655744409880574
physic,0.0003840635251046199
backward,0.00038323221877322464
shortterm,0.00038240091244182937
text,0.00038240091244182937
smallest,0.00038156960611043404
wellknown,0.00038156960611043404
subscript,0.00038073829977903876
identif,0.0003799069934476435
arrowdebreu,0.0003799069934476435
footnot,0.0003790756871162482
empti,0.0003790756871162482
speak,0.0003790756871162482
pose,0.00037824438078485294
semicontinu,0.00037741307445345767
default,0.00037575046179066707
constitut,0.00037575046179066707
transvers,0.0003749191554592718
cardin,0.0003740878491278765
display,0.0003740878491278765
union,0.0003740878491278765
modif,0.00037242523646508597
grandmont,0.00036993131747090015
amsterdam,0.00036993131747090015
divers,0.00036993131747090015
seek,0.00036993131747090015
week,0.00036993131747090015
seller,0.0003691000111395048
generic,0.00036826870480810954
motion,0.00036826870480810954
resolv,0.00036826870480810954
logic,0.00036826870480810954
cit,0.00036826870480810954
instantan,0.00036743739847671427
equi,0.00036494347948252845
fait,0.00036494347948252845
exhaust,0.00036494347948252845
fig,0.00036244956048834257
perspect,0.00036244956048834257
field,0.00036244956048834257
xit,0.0003616182541569473
countabl,0.000360786947825552
william,0.000360786947825552
novemb,0.000360786947825552
nash,0.00035995564149415675
quil,0.0003591243351627615
subspac,0.0003582930288313662
chapter,0.0003582930288313662
lipschitz,0.00035746172249997093
lend,0.0003566304161685756
young,0.0003566304161685756
ideal,0.0003557991098371803
monopoli,0.0003557991098371803
shadow,0.0003557991098371803
cov,0.0003541364971743898
depreci,0.0003541364971743898
communiti,0.0003533051908429945
announc,0.0003533051908429945
stop,0.0003533051908429945
nonincreas,0.0003533051908429945
remaind,0.00035247388451159923
contrari,0.00035247388451159923
sold,0.0003508112718488087
experiment,0.0003508112718488087
condi,0.00034997996551741335
profil,0.0003491486591860181
jacobian,0.0003483173528546228
mcfadden,0.00034748604652322753
jump,0.00034665474019183226
store,0.000345823433860437
prevail,0.0003449921275290417
remov,0.0003441608211976464
serial,0.0003441608211976464
forthcom,0.0003441608211976464
attract,0.0003441608211976464
nonsingular,0.0003441608211976464
int,0.00034166690220346056
appeal,0.00034000428954067
pari,0.00033917298320927474
paradox,0.00033917298320927474
spectral,0.00033834167687787946
assump,0.00033834167687787946
lefthand,0.00033751037054648413
evolut,0.00033667906421508886
essay,0.00033667906421508886
arriv,0.00033667906421508886
persist,0.00033667906421508886
iid,0.00033667906421508886
complementar,0.0003350164515522983
multivari,0.00033418514522090304
assur,0.0003325225325581125
ses,0.0003325225325581125
briefli,0.0003325225325581125
resolut,0.00033169122622671716
exercis,0.0003308599198953219
rewrit,0.0003308599198953219
disjoint,0.00032919730723253134
rich,0.00032836600090113607
krep,0.00032836600090113607
ell,0.0003275346945697408
vertic,0.0003275346945697408
downward,0.0003275346945697408
deliv,0.0003267033882383455
distort,0.00032587208190695024
read,0.0003250407755755549
asymmetr,0.0003250407755755549
book,0.0003250407755755549
equilib,0.00032420946924415964
brown,0.00032337816291276437
therebi,0.00032337816291276437
sharehold,0.0003225468565813691
exploit,0.0003225468565813691
premier,0.00032088424391857854
alor,0.000319221631255788
librium,0.00031839032492439267
nois,0.00031839032492439267
updat,0.00031839032492439267
paul,0.00031839032492439267
diverg,0.0003175590185929974
san,0.0003167277122616021
mass,0.0003167277122616021
orthant,0.00031506509959881157
complementari,0.00031506509959881157
manifold,0.000313402486936021
peter,0.0003125711806046257
singleton,0.0003117398742732304
euler,0.0003117398742732304
indebt,0.00031090856794183515
pratt,0.00031090856794183515
rearrang,0.0003100772616104399
mimeo,0.0003100772616104399
economica,0.0003100772616104399
crosssect,0.0003100772616104399
sargent,0.0003092459552790446
cass,0.0003092459552790446
presum,0.0003084146489476493
meaning,0.0003084146489476493
retain,0.00030758334261625405
vii,0.00030758334261625405
consomm,0.00030758334261625405
meanvari,0.0003067520362848588
ross,0.0003067520362848588
gilboa,0.0003067520362848588
rent,0.0003067520362848588
lorenz,0.0003067520362848588
rium,0.00030592072995346345
taylor,0.00030592072995346345
unfortun,0.00030592072995346345
hicksian,0.00030592072995346345
regret,0.0003050894236220682
hyperplan,0.0003050894236220682
singular,0.0003050894236220682
hessian,0.0003050894236220682
locus,0.0003042581172906729
switch,0.0003042581172906729
bellman,0.0003042581172906729
diminish,0.0003042581172906729
instabl,0.0003042581172906729
tempor,0.00030342681095927763
regardless,0.00030259550462788235
urn,0.00030259550462788235
leur,0.00030259550462788235
abstract,0.00030259550462788235
tel,0.0003009328919650918
dont,0.0003009328919650918
bad,0.0003009328919650918
task,0.0003001015856336965
pick,0.0003001015856336965
upward,0.0003001015856336965
buyer,0.0003001015856336965
confirm,0.0002992702793023012
friedman,0.00029843897297090593
analogu,0.00029760766663951065
accuraci,0.0002967763603081154
outlin,0.0002959450539767201
lifetim,0.0002959450539767201
theil,0.0002959450539767201
mascolel,0.00029511374764532483
unpublish,0.00029428244131392956
speed,0.00029345113498253423
invert,0.00029345113498253423
brock,0.00029345113498253423
michael,0.00029261982865113896
man,0.00029261982865113896
leisur,0.0002917885223197437
plane,0.0002917885223197437
bind,0.0002909572159883484
neighbourhood,0.00029012590965695313
mine,0.00029012590965695313
ball,0.00028929460332555786
russel,0.0002884632969941626
methodolog,0.0002876319906627673
minus,0.0002876319906627673
roy,0.000286800684331372
cest,0.000286800684331372
sec,0.0002859693779999767
wors,0.0002859693779999767
content,0.0002859693779999767
auction,0.00028513807166858144
sharp,0.00028430676533718616
mit,0.00028430676533718616
surviv,0.0002834754590057909
curvatur,0.0002826441526743956
neumannmorgenstern,0.0002826441526743956
realli,0.0002826441526743956
exposit,0.000280981540011605
euclidean,0.000280981540011605
dition,0.000280981540011605
green,0.00028015023368020974
ainsi,0.00028015023368020974
hope,0.00028015023368020974
safe,0.00027931892734881446
northholland,0.00027931892734881446
diversifi,0.0002784876210174192
nonposit,0.0002784876210174192
deduc,0.0002776563146860239
indecompos,0.0002776563146860239
preliminari,0.0002776563146860239
chipman,0.0002776563146860239
met,0.00027682500835462864
odd,0.00027682500835462864
valuabl,0.00027599370202323337
reaction,0.00027599370202323337
macmillan,0.00027599370202323337
impati,0.00027599370202323337
weaken,0.0002751623956918381
risqu,0.0002751623956918381
manufactur,0.0002751623956918381
tradeoff,0.00027433108936044276
aim,0.00027433108936044276
equip,0.00027433108936044276
superior,0.00027433108936044276
gul,0.00027433108936044276
mind,0.00027433108936044276
merton,0.00027433108936044276
cobbdougla,0.00027433108936044276
strotz,0.0002734997830290475
maccheroni,0.0002734997830290475
scheinkman,0.0002734997830290475
compt,0.0002726684766976522
led,0.0002726684766976522
distribu,0.00027183717036625694
straight,0.00027183717036625694
welldefin,0.00027100586403486167
discontinu,0.0002701745577034664
machina,0.0002693432513720711
hart,0.0002693432513720711
fashion,0.0002676806387092805
counterpart,0.00026684933237788524
elementari,0.00026601802604648997
academ,0.00026601802604648997
univ,0.00026601802604648997
edit,0.00026601802604648997
selfcontrol,0.0002651867197150947
kth,0.0002651867197150947
tool,0.0002651867197150947
lon,0.0002651867197150947
freedom,0.0002643554133836994
charg,0.0002643554133836994
multiperiod,0.0002643554133836994
cell,0.00026352410705230415
portion,0.00026352410705230415
economiqu,0.00026352410705230415
car,0.00026352410705230415
ramsey,0.0002626928007209089
realist,0.00026186149438951355
quantil,0.00026186149438951355
sole,0.00026186149438951355
background,0.00026103018805811827
rustichini,0.000260198881726723
hansen,0.000260198881726723
item,0.0002593675753953277
gradient,0.0002593675753953277
myopic,0.00025853626906393245
rewritten,0.00025853626906393245
quasi,0.00025853626906393245
chanc,0.00025853626906393245
match,0.00025853626906393245
rothschild,0.0002577049627325372
phenomenon,0.0002577049627325372
lose,0.0002577049627325372
twoperiod,0.0002577049627325372
setup,0.0002577049627325372
insight,0.0002577049627325372
median,0.0002577049627325372
dens,0.0002568736564011419
propens,0.0002568736564011419
expens,0.0002568736564011419
donn,0.0002568736564011419
goal,0.00025604235006974663
cournot,0.0002552110437383513
inferior,0.0002552110437383513
corr,0.000254379737406956
abnorm,0.000254379737406956
bounded,0.000254379737406956
news,0.00025354843107556075
bracket,0.00025354843107556075
page,0.00025354843107556075
poverti,0.00025354843107556075
terminolog,0.0002527171247441655
confid,0.0002518858184127702
justif,0.0002518858184127702
increment,0.00025105451208137493
dreze,0.00025105451208137493
cooper,0.00025105451208137493
custom,0.00025022320574997965
oneperiod,0.00025022320574997965
irrelev,0.00025022320574997965
moditi,0.00025022320574997965
maxi,0.00025022320574997965
beta,0.00025022320574997965
spend,0.00025022320574997965
label,0.0002493918994185843
afriat,0.00024856059308718905
exit,0.00024856059308718905
symbol,0.00024856059308718905
laroqu,0.00024856059308718905
bequest,0.00024856059308718905
andor,0.0002477292867557938
degener,0.0002477292867557938
consump,0.0002477292867557938
saddl,0.0002468979804243985
blackorbi,0.0002468979804243985
owner,0.0002468979804243985
whatev,0.0002468979804243985
gap,0.00024606667409300323
capita,0.00024606667409300323
berkeley,0.00024523536776160796
simplest,0.00024523536776160796
regul,0.00024523536776160796
irrevers,0.00024523536776160796
today,0.0002444040614302127
annal,0.00024357275509881738
transport,0.00024357275509881738
compound,0.00024357275509881738
rapport,0.00024357275509881738
replic,0.00024357275509881738
chaqu,0.0002427414487674221
van,0.0002427414487674221
understood,0.0002427414487674221
truncat,0.0002427414487674221
escap,0.00024191014243602683
nth,0.00024191014243602683
sin,0.00024107883610463153
parameter,0.00024024752977323626
count,0.00024024752977323626
sandmo,0.00024024752977323626
strengthen,0.00023941622344184098
normat,0.00023941622344184098
fama,0.00023941622344184098
incur,0.0002385849171104457
exclus,0.00023692230444765513
micro,0.00023692230444765513
suivant,0.00023692230444765513
versus,0.00023692230444765513
you,0.00023692230444765513
simpler,0.00023692230444765513
grossman,0.00023609099811625986
aii,0.00023525969178486456
eigenvector,0.00023525969178486456
kenneth,0.00023442838545346929
depict,0.000233597079122074
duction,0.000233597079122074
rigor,0.00023276577279067874
tatonn,0.00023276577279067874
tran,0.00023276577279067874
acycl,0.00023276577279067874
autoregress,0.00023276577279067874
classif,0.00023193446645928344
virtual,0.00023193446645928344
proxi,0.00023193446645928344
tractabl,0.00023193446645928344
yaari,0.00023110316012788816
black,0.00023110316012788816
closur,0.00023110316012788816
suit,0.0002302718537964929
xij,0.0002302718537964929
attach,0.0002302718537964929
paragraph,0.0002302718537964929
dekel,0.0002302718537964929
fore,0.0002302718537964929
subtract,0.0002302718537964929
calculus,0.00022944054746509761
rationaliz,0.0002286092411337023
isol,0.0002286092411337023
unobserv,0.0002286092411337023
paint,0.00022777793480230704
ont,0.00022777793480230704
matur,0.00022777793480230704
microeconom,0.00022694662847091176
closer,0.00022694662847091176
api,0.0002261153221395165
messag,0.0002252840158081212
duffi,0.0002252840158081212
variant,0.0002252840158081212
stay,0.0002252840158081212
clower,0.0002252840158081212
ground,0.0002252840158081212
perman,0.00022445270947672592
satisfactori,0.00022445270947672592
fourth,0.00022445270947672592
satisfact,0.00022362140314533064
brownian,0.00022362140314533064
ndimension,0.00022362140314533064
top,0.00022279009681393537
autr,0.00022195879048254007
mation,0.00022195879048254007
levi,0.00022195879048254007
jorgenson,0.00022195879048254007
tous,0.00022195879048254007
lender,0.00022195879048254007
nonstochast,0.00022195879048254007
tation,0.00022195879048254007
parti,0.0002211274841511448
handl,0.0002211274841511448
shell,0.00022029617781974952
denomin,0.00022029617781974952
effet,0.00022029617781974952
nonnul,0.00021946487148835422
defini,0.00021946487148835422
doubl,0.00021946487148835422
irreduc,0.00021946487148835422
port,0.00021946487148835422
orthogon,0.00021946487148835422
lau,0.00021946487148835422
habit,0.00021863356515695894
coher,0.00021863356515695894
golden,0.00021863356515695894
simplif,0.00021863356515695894
polar,0.00021863356515695894
imagin,0.00021863356515695894
simon,0.00021780225882556367
georg,0.00021780225882556367
charact,0.00021780225882556367
hous,0.0002169709524941684
causal,0.0002169709524941684
compos,0.0002161396461627731
recommend,0.0002161396461627731
kernel,0.0002161396461627731
spectrum,0.00021530833983137782
tangent,0.00021530833983137782
els,0.00021530833983137782
sgn,0.00021447703349998255
innov,0.00021447703349998255
strateg,0.00021447703349998255
diagram,0.00021447703349998255
bankruptci,0.00021447703349998255
gini,0.00021364572716858727
ito,0.00021281442083719197
capm,0.00021281442083719197
seu,0.00021281442083719197
feel,0.00021281442083719197
sustain,0.0002119831145057967
prescott,0.0002119831145057967
tth,0.0002119831145057967
clarifi,0.00021115180817440142
psycholog,0.00021115180817440142
stationar,0.00021032050184300615
pect,0.00021032050184300615
tail,0.00021032050184300615
morgenstern,0.00021032050184300615
twostag,0.00020948919551161085
phd,0.00020948919551161085
feedback,0.00020948919551161085
apart,0.00020865788918021557
reward,0.00020865788918021557
submatrix,0.00020865788918021557
entail,0.00020865788918021557
born,0.0002078265828488203
sketch,0.0002078265828488203
pli,0.0002078265828488203
manipul,0.0002078265828488203
piecewis,0.0002078265828488203
extra,0.0002078265828488203
counterexampl,0.00020699527651742503
imag,0.00020616397018602972
inner,0.00020616397018602972
luce,0.00020616397018602972
oppos,0.00020616397018602972
nombr,0.00020616397018602972
repr,0.00020533266385463445
idiosyncrat,0.00020533266385463445
devot,0.00020533266385463445
elsewher,0.00020450135752323918
diffus,0.00020450135752323918
agenc,0.00020450135752323918
round,0.00020450135752323918
someth,0.00020450135752323918
acceler,0.00020450135752323918
biliti,0.00020450135752323918
primal,0.00020450135752323918
modern,0.00020367005119184387
mobil,0.00020367005119184387
grand,0.00020367005119184387
subsect,0.00020367005119184387
apt,0.00020367005119184387
lebesgu,0.00020367005119184387
arrang,0.00020367005119184387
comport,0.0002028387448604486
harvest,0.0002028387448604486
six,0.0002028387448604486
smith,0.0002028387448604486
scope,0.0002028387448604486
tribut,0.00020200743852905333
repli,0.00020200743852905333
histor,0.00020200743852905333
tainti,0.00020117613219765805
borel,0.00020117613219765805
maxmin,0.00020117613219765805
scarf,0.00020034482586626275
fals,0.00020034482586626275
spirit,0.00020034482586626275
ate,0.00020034482586626275
conceptu,0.0001986822132034722
nonwalrasian,0.0001986822132034722
wilson,0.0001986822132034722
cite,0.0001986822132034722
bid,0.00019785090687207693
accommod,0.00019785090687207693
capitalist,0.00019785090687207693
subsystem,0.00019701960054068163
uncer,0.00019701960054068163
uncorrel,0.00019701960054068163
envelop,0.00019701960054068163
confer,0.00019701960054068163
usa,0.00019701960054068163
cos,0.00019701960054068163
ghirardato,0.00019701960054068163
uct,0.00019618829420928635
cut,0.00019618829420928635
facilit,0.00019618829420928635
supplement,0.00019618829420928635
entrepris,0.00019618829420928635
hedger,0.00019535698787789108
asymmetri,0.00019535698787789108
pesendorf,0.00019535698787789108
automat,0.0001945256815464958
pti,0.0001945256815464958
communic,0.0001936943752151005
econo,0.0001936943752151005
columbia,0.0001936943752151005
inclus,0.0001936943752151005
ownership,0.00019286306888370523
socal,0.00019286306888370523
break,0.00019286306888370523
equa,0.00019286306888370523
hildenbrand,0.00019203176255230996
acquir,0.00019203176255230996
enterpris,0.00019120045622091468
tain,0.00019120045622091468
bewley,0.00019120045622091468
contour,0.00019120045622091468
exempl,0.00019036914988951938
hotel,0.00019036914988951938
deter,0.00019036914988951938
triangl,0.00019036914988951938
piec,0.00019036914988951938
corner,0.00019036914988951938
conform,0.00019036914988951938
commiss,0.0001895378435581241
inc,0.0001895378435581241
lagrang,0.0001895378435581241
realvalu,0.0001895378435581241
sider,0.0001895378435581241
record,0.0001895378435581241
entropi,0.0001895378435581241
choix,0.0001895378435581241
ellsberg,0.0001895378435581241
informa,0.0001895378435581241
prize,0.00018870653722672883
border,0.00018870653722672883
promis,0.00018870653722672883
educ,0.00018870653722672883
aumann,0.00018870653722672883
centr,0.00018870653722672883
indetermin,0.00018787523089533353
phillip,0.00018787523089533353
brief,0.00018787523089533353
multisector,0.00018787523089533353
ultim,0.00018787523089533353
dissert,0.00018787523089533353
nonconvex,0.00018704392456393826
continuum,0.00018704392456393826
wrong,0.00018704392456393826
fine,0.00018621261823254298
canon,0.00018621261823254298
divisia,0.00018621261823254298
sent,0.00018621261823254298
allai,0.00018621261823254298
agreement,0.00018621261823254298
niveau,0.0001853813119011477
straint,0.0001853813119011477
lognorm,0.0001853813119011477
neglect,0.0001845500055697524
ici,0.0001845500055697524
capabl,0.0001845500055697524
riskneutr,0.0001845500055697524
board,0.0001845500055697524
yale,0.00018371869923835714
auxiliari,0.00018371869923835714
delet,0.00018371869923835714
sen,0.00018371869923835714
varian,0.00018288739290696186
probabilit,0.00018288739290696186
behind,0.00018288739290696186
proven,0.00018288739290696186
aussi,0.00018288739290696186
frisch,0.00018288739290696186
adequ,0.00018288739290696186
seul,0.00018288739290696186
moin,0.00018288739290696186
coalit,0.0001820560865755666
trace,0.0001820560865755666
plot,0.0001820560865755666
onto,0.0001820560865755666
letter,0.0001820560865755666
configur,0.00018122478024417129
pursu,0.00018122478024417129
modulus,0.00018122478024417129
analyst,0.00018122478024417129
tor,0.00018122478024417129
sous,0.00018122478024417129
intend,0.00018122478024417129
lectur,0.00018122478024417129
keyn,0.00018122478024417129
lowest,0.00018122478024417129
augment,0.00018122478024417129
woodford,0.000180393473912776
unabl,0.000180393473912776
bought,0.000180393473912776
pit,0.000180393473912776
frank,0.000180393473912776
penalti,0.000180393473912776
contempl,0.000180393473912776
inherit,0.00017956216758138074
hull,0.00017956216758138074
redistribut,0.00017873086124998546
deaton,0.00017873086124998546
phenomena,0.00017873086124998546
sonnenschein,0.00017789955491859016
cal,0.00017789955491859016
convert,0.00017789955491859016
judg,0.0001770682485871949
sim,0.0001770682485871949
candid,0.0001770682485871949
nonparametr,0.0001770682485871949
unaffect,0.0001770682485871949
richter,0.0001770682485871949
primarili,0.0001770682485871949
tempt,0.00017623694225579961
sumer,0.00017623694225579961
extract,0.00017623694225579961
mand,0.00017623694225579961
confin,0.00017623694225579961
permut,0.00017623694225579961
facet,0.00017540563592440434
tendenc,0.00017540563592440434
embodi,0.00017540563592440434
unanim,0.00017540563592440434
reformul,0.00017540563592440434
dummi,0.00017540563592440434
ergod,0.00017540563592440434
million,0.00017457432959300904
intrins,0.00017457432959300904
riskfre,0.00017457432959300904
cor,0.00017457432959300904
lensembl,0.00017374302326161377
white,0.00017374302326161377
kaldor,0.00017374302326161377
viewpoint,0.00017374302326161377
cowl,0.00017374302326161377
wheat,0.00017374302326161377
conjug,0.0001729117169302185
quot,0.0001729117169302185
north,0.0001729117169302185
marshallian,0.0001720804105988232
manageri,0.0001720804105988232
karlin,0.0001720804105988232
unexpect,0.00017124910426742792
facil,0.00017124910426742792
ind,0.00017124910426742792
avert,0.00017124910426742792
usc,0.00017124910426742792
land,0.00017041779793603264
unconstrain,0.00017041779793603264
redund,0.00017041779793603264
appreci,0.00017041779793603264
neglig,0.00017041779793603264
puzzl,0.00016958649160463737
sake,0.00016958649160463737
cet,0.00016958649160463737
autocorrel,0.00016958649160463737
pollak,0.00016958649160463737
explanatori,0.00016958649160463737
rational,0.00016875518527324207
muellbauer,0.00016875518527324207
selfdual,0.00016875518527324207
dept,0.00016875518527324207
skew,0.00016875518527324207
lem,0.00016875518527324207
franc,0.00016875518527324207
drive,0.0001679238789418468
constitu,0.0001679238789418468
liabil,0.0001679238789418468
hanoch,0.0001679238789418468
bay,0.0001679238789418468
reproduc,0.0001679238789418468
equilibr,0.00016709257261045152
stress,0.00016709257261045152
deflat,0.00016709257261045152
macro,0.00016709257261045152
marschak,0.00016709257261045152
dealer,0.00016709257261045152
benassi,0.00016709257261045152
ourselv,0.00016626126627905624
disappear,0.00016626126627905624
petit,0.00016626126627905624
larri,0.00016626126627905624
inelast,0.00016626126627905624
forego,0.00016626126627905624
indi,0.00016626126627905624
levin,0.00016542995994766094
charl,0.00016542995994766094
graduat,0.00016542995994766094
cation,0.00016542995994766094
massachusett,0.00016542995994766094
predictor,0.00016542995994766094
baumol,0.00016542995994766094
farmer,0.00016542995994766094
occup,0.00016459865361626567
duce,0.00016459865361626567
draft,0.00016459865361626567
barter,0.0001637673472848704
continuoustim,0.0001637673472848704
easier,0.0001637673472848704
discrimin,0.0001637673472848704
dautr,0.0001637673472848704
dif,0.0001637673472848704
modigliani,0.0001637673472848704
tech,0.0001637673472848704
avon,0.0001637673472848704
worst,0.0001637673472848704
math,0.00016293604095347512
vice,0.00016293604095347512
evan,0.00016293604095347512
elabor,0.00016293604095347512
ten,0.00016293604095347512
profitmaxim,0.00016210473462207982
conduct,0.00016210473462207982
hall,0.00016210473462207982
ket,0.00016210473462207982
wald,0.00016210473462207982
refin,0.00016210473462207982
kurz,0.00016210473462207982
produit,0.00016127342829068455
dom,0.00016127342829068455
huang,0.00016127342829068455
costless,0.00016127342829068455
topic,0.00016127342829068455
fsd,0.00016127342829068455
conflict,0.00016127342829068455
axt,0.00016127342829068455
subgroup,0.00016127342829068455
amer,0.00016127342829068455
filter,0.00016044212195928927
invok,0.00016044212195928927
notr,0.00016044212195928927
martin,0.00016044212195928927
oscil,0.00016044212195928927
policymak,0.00016044212195928927
forth,0.00016044212195928927
kuhntuck,0.00016044212195928927
encor,0.00016044212195928927
trial,0.000159610815627894
bonus,0.000159610815627894
circl,0.000159610815627894
anc,0.000159610815627894
quintil,0.000159610815627894
obey,0.000159610815627894
nonjoint,0.000159610815627894
fewer,0.000159610815627894
offic,0.0001587795092964987
sume,0.0001587795092964987
thesi,0.0001587795092964987
turnovski,0.0001587795092964987
prescrib,0.0001587795092964987
egal,0.0001587795092964987
voir,0.0001587795092964987
mukerji,0.00015794820296510342
stockhold,0.00015794820296510342
access,0.00015794820296510342
testabl,0.00015794820296510342
sse,0.00015794820296510342
devic,0.00015794820296510342
logit,0.00015794820296510342
keho,0.00015794820296510342
ait,0.00015794820296510342
likewis,0.00015794820296510342
reciproc,0.00015711689663370815
agricultur,0.00015711689663370815
virtu,0.00015711689663370815
incorrect,0.00015711689663370815
uncondit,0.00015711689663370815
lipman,0.00015628559030231285
interpol,0.00015628559030231285
fallaci,0.00015628559030231285
mcgrawhil,0.00015628559030231285
negishi,0.00015628559030231285
doubt,0.00015628559030231285
rendement,0.00015628559030231285
allen,0.00015628559030231285
ensembl,0.00015545428397091757
percept,0.00015545428397091757
fiscal,0.00015545428397091757
rout,0.00015545428397091757
der,0.00015545428397091757
rental,0.0001546229776395223
blackwel,0.0001546229776395223
bij,0.0001546229776395223
hausdorff,0.0001546229776395223
discov,0.0001546229776395223
henceforth,0.0001546229776395223
supp,0.0001546229776395223
neighbor,0.00015379167130812703
popular,0.00015379167130812703
horizont,0.00015379167130812703
uix,0.00015379167130812703
peak,0.00015379167130812703
hire,0.00015379167130812703
phelp,0.00015379167130812703
bit,0.00015379167130812703
coupl,0.00015379167130812703
disaggreg,0.00015379167130812703
erenc,0.00015296036497673172
tant,0.00015296036497673172
nerlov,0.00015296036497673172
qualif,0.00015296036497673172
drift,0.00015296036497673172
stein,0.00015296036497673172
realiti,0.00015296036497673172
miller,0.00015212905864533645
spond,0.00015212905864533645
job,0.00015129775231394118
aid,0.00015129775231394118
carlo,0.00015129775231394118
rockafellar,0.00015129775231394118
stori,0.00015129775231394118
delay,0.00015129775231394118
kink,0.00015129775231394118
henri,0.00015129775231394118
risktak,0.00015129775231394118
nikaido,0.00015129775231394118
heurist,0.0001504664459825459
cancel,0.0001504664459825459
oligopoli,0.0001504664459825459
denc,0.0001504664459825459
statistiqu,0.0001504664459825459
arithmet,0.0001504664459825459
nondegener,0.0001504664459825459
jensen,0.0001496351396511506
mont,0.0001496351396511506
mode,0.0001496351396511506
artifici,0.0001496351396511506
peuvent,0.0001496351396511506
shephard,0.00014880383331975533
split,0.00014880383331975533
fxi,0.00014880383331975533
box,0.00014880383331975533
stokey,0.00014880383331975533
ssd,0.00014880383331975533
telser,0.00014797252698836005
driven,0.00014797252698836005
klibanoff,0.00014797252698836005
fishburn,0.00014797252698836005
arrowpratt,0.00014797252698836005
encourag,0.00014714122065696478
springerverlag,0.00014714122065696478
hierarchi,0.00014714122065696478
onedimension,0.00014714122065696478
subsidi,0.00014714122065696478
lar,0.00014714122065696478
particuli,0.00014714122065696478
faster,0.00014714122065696478
dpi,0.00014714122065696478
tween,0.00014630991432556948
inher,0.00014630991432556948
markowitz,0.00014630991432556948
peleg,0.00014630991432556948
ation,0.00014630991432556948
jan,0.00014630991432556948
gen,0.0001454786079941742
spillov,0.0001454786079941742
british,0.0001454786079941742
interdepend,0.0001454786079941742
xlt,0.0001454786079941742
confus,0.0001454786079941742
head,0.0001454786079941742
bution,0.0001454786079941742
restat,0.0001454786079941742
viii,0.0001454786079941742
barrier,0.0001454786079941742
strike,0.00014464730166277893
conceiv,0.00014464730166277893
arc,0.00014464730166277893
naiv,0.00014464730166277893
coin,0.00014464730166277893
leland,0.00014381599533138366
rememb,0.00014381599533138366
gaussian,0.00014381599533138366
pref,0.00014381599533138366
himself,0.00014381599533138366
parent,0.00014381599533138366
pivot,0.00014381599533138366
pointwis,0.00014381599533138366
guid,0.00014381599533138366
accomplish,0.00014381599533138366
proportion,0.00014381599533138366
indefinit,0.00014298468899998835
sera,0.00014298468899998835
doit,0.00014298468899998835
render,0.00014298468899998835
giffen,0.00014298468899998835
bernoulli,0.00014298468899998835
uxi,0.00014215338266859308
bodi,0.00014215338266859308
distri,0.00014215338266859308
export,0.00014215338266859308
rela,0.00014215338266859308
quell,0.00014215338266859308
inada,0.00014215338266859308
quick,0.0001413220763371978
dlr,0.0001413220763371978
domest,0.0001413220763371978
pictur,0.0001413220763371978
conjunct,0.0001413220763371978
guesneri,0.0001404907700058025
editor,0.0001404907700058025
unrestrict,0.0001404907700058025
ptx,0.0001404907700058025
dec,0.00013965946367440723
intervent,0.00013965946367440723
resultat,0.00013965946367440723
opinion,0.00013965946367440723
frame,0.00013965946367440723
summat,0.00013965946367440723
spent,0.00013965946367440723
contractu,0.00013965946367440723
atkinson,0.00013965946367440723
food,0.00013965946367440723
weitzman,0.00013882815734301196
daili,0.00013882815734301196
tripl,0.00013882815734301196
xip,0.00013882815734301196
inspect,0.00013882815734301196
broker,0.00013882815734301196
graphic,0.00013882815734301196
concret,0.00013799685101161668
execut,0.00013799685101161668
saddlepoint,0.00013799685101161668
marshal,0.00013799685101161668
seminar,0.00013799685101161668
ness,0.00013799685101161668
nice,0.00013799685101161668
slack,0.00013716554468022138
prepar,0.00013716554468022138
engag,0.00013716554468022138
lumpsum,0.00013716554468022138
european,0.00013716554468022138
routin,0.00013716554468022138
sensibl,0.00013716554468022138
ent,0.00013716554468022138
oil,0.0001363342383488261
tomorrow,0.0001363342383488261
flat,0.0001363342383488261
laspeyr,0.0001363342383488261
rigid,0.0001363342383488261
tres,0.00013550293201743083
transpos,0.00013550293201743083
cox,0.00013550293201743083
expectedutil,0.00013550293201743083
nonexist,0.00013550293201743083
edward,0.00013550293201743083
lattic,0.00013550293201743083
ceu,0.00013550293201743083
tverski,0.00013550293201743083
fol,0.00013550293201743083
ship,0.00013550293201743083
stephen,0.00013550293201743083
crop,0.00013467162568603556
cij,0.00013467162568603556
etant,0.00013467162568603556
strength,0.00013467162568603556
foreign,0.00013467162568603556
joseph,0.00013467162568603556
starr,0.00013467162568603556
versa,0.00013467162568603556
hour,0.00013384031935464026
nonconst,0.00013384031935464026
indepen,0.00013384031935464026
hirshleif,0.00013384031935464026
statedepend,0.00013384031935464026
awar,0.00013300901302324499
choquet,0.00013300901302324499
encount,0.00013300901302324499
evolv,0.00013300901302324499
premia,0.00013300901302324499
intermediari,0.00013300901302324499
memori,0.00013300901302324499
collater,0.00013300901302324499
vertex,0.00013300901302324499
intercept,0.0001321777066918497
klein,0.0001321777066918497
timeseri,0.0001321777066918497
ree,0.0001321777066918497
geanakoplo,0.0001321777066918497
keyword,0.00013134640036045444
meant,0.00013134640036045444
cestadir,0.00013134640036045444
oct,0.00013134640036045444
symposium,0.00013134640036045444
recov,0.00013134640036045444
xii,0.00013134640036045444
infinitesim,0.00013134640036045444
emphasi,0.00013134640036045444
recherch,0.00013051509402905914
bifurc,0.00013051509402905914
paretooptim,0.00013051509402905914
react,0.00013051509402905914
lump,0.00013051509402905914
bargain,0.00013051509402905914
alli,0.00013051509402905914
cautious,0.00013051509402905914
benchmark,0.00013051509402905914
gradual,0.00013051509402905914
superscript,0.00013051509402905914
middl,0.00013051509402905914
holland,0.00012968378769766386
muth,0.00012968378769766386
optima,0.00012968378769766386
ple,0.00012968378769766386
infor,0.00012968378769766386
fiat,0.00012968378769766386
mental,0.00012968378769766386
heal,0.00012968378769766386
instant,0.00012968378769766386
branch,0.00012968378769766386
meyer,0.00012968378769766386
attack,0.00012968378769766386
postpon,0.00012968378769766386
cast,0.0001288524813662686
suppress,0.0001288524813662686
somm,0.0001288524813662686
unbias,0.0001288524813662686
kuhn,0.0001288524813662686
ize,0.0001288524813662686
lui,0.0001288524813662686
narrow,0.0001288524813662686
anyth,0.00012802117503487331
rep,0.00012802117503487331
harri,0.00012802117503487331
chao,0.00012802117503487331
theo,0.00012802117503487331
discoveri,0.00012802117503487331
cient,0.00012802117503487331
undertaken,0.00012802117503487331
pixi,0.00012802117503487331
eux,0.000127189868703478
interchang,0.000127189868703478
hit,0.000127189868703478
discrep,0.000127189868703478
critiqu,0.000127189868703478
pos,0.000127189868703478
clark,0.000127189868703478
brought,0.000127189868703478
durat,0.00012635856237208274
user,0.00012635856237208274
orbit,0.00012635856237208274
quun,0.00012635856237208274
rare,0.00012635856237208274
slowli,0.00012635856237208274
besid,0.00012552725604068746
status,0.00012552725604068746
calli,0.00012552725604068746
thompson,0.00012552725604068746
supremum,0.00012552725604068746
compet,0.00012552725604068746
iia,0.00012552725604068746
vide,0.00012552725604068746
merger,0.00012469594970929216
metrica,0.00012469594970929216
succeed,0.00012469594970929216
mispric,0.00012469594970929216
hammond,0.00012469594970929216
lagrangian,0.00012469594970929216
chiappori,0.00012469594970929216
satiat,0.0001238646433778969
stub,0.0001238646433778969
expon,0.0001238646433778969
contraint,0.0001238646433778969
merit,0.0001238646433778969
tinuous,0.0001238646433778969
maximis,0.0001238646433778969
triangular,0.00012303333704650162
tight,0.00012303333704650162
northwestern,0.00012303333704650162
aucun,0.00012303333704650162
wit,0.00012303333704650162
greatest,0.00012303333704650162
utilis,0.00012303333704650162
jone,0.00012303333704650162
bell,0.00012303333704650162
anderson,0.00012220203071510634
dealt,0.00012220203071510634
quirk,0.00012220203071510634
withdraw,0.00012220203071510634
hamiltonian,0.00012220203071510634
supplier,0.00012220203071510634
multi,0.00012220203071510634
threshold,0.00012220203071510634
becker,0.00012220203071510634
mirman,0.00012220203071510634
moor,0.00012220203071510634
suffer,0.00012220203071510634
boston,0.00012137072438371105
dfx,0.00012137072438371105
fortun,0.00012137072438371105
undertak,0.00012137072438371105
occurr,0.00012137072438371105
zih,0.00012137072438371105
destabil,0.00012053941805231577
stringent,0.00012053941805231577
constanc,0.00012053941805231577
anscombeaumann,0.00012053941805231577
unhedg,0.00012053941805231577
sraffa,0.00012053941805231577
stitut,0.00012053941805231577
parenthes,0.00012053941805231577
uninform,0.00012053941805231577
retail,0.00012053941805231577
medium,0.00011970811172092049
sept,0.00011970811172092049
expost,0.00011970811172092049
yit,0.00011970811172092049
edg,0.00011970811172092049
reliabl,0.00011970811172092049
dantzig,0.00011970811172092049
tucker,0.00011970811172092049
grain,0.00011970811172092049
document,0.00011970811172092049
ward,0.00011970811172092049
ptl,0.00011970811172092049
rand,0.0001188768053895252
wolf,0.0001188768053895252
fast,0.0001188768053895252
spatial,0.00011804549905812993
ete,0.00011804549905812993
pennsylvania,0.00011804549905812993
fie,0.00011804549905812993
freeli,0.00011804549905812993
santo,0.00011804549905812993
viz,0.00011804549905812993
departur,0.00011804549905812993
holder,0.00011804549905812993
summer,0.00011804549905812993
master,0.00011804549905812993
cliff,0.00011721419272673464
classifi,0.00011721419272673464
qit,0.00011721419272673464
polemarchaki,0.00011721419272673464
stimul,0.00011721419272673464
warrant,0.00011721419272673464
readi,0.00011721419272673464
hoc,0.00011721419272673464
blume,0.00011721419272673464
johnson,0.00011638288639533937
hadar,0.00011638288639533937
inessenti,0.00011638288639533937
shorter,0.00011638288639533937
stone,0.00011638288639533937
opti,0.00011638288639533937
realis,0.00011638288639533937
canada,0.00011638288639533937
expecta,0.00011638288639533937
multidimension,0.00011638288639533937
grid,0.00011555158006394408
band,0.00011555158006394408
barro,0.00011555158006394408
fischer,0.00011555158006394408
buffer,0.00011555158006394408
whom,0.00011555158006394408
join,0.00011555158006394408
gambler,0.00011555158006394408
tat,0.00011555158006394408
exposur,0.00011555158006394408
prime,0.00011555158006394408
ous,0.00011555158006394408
everyon,0.00011472027373254881
embed,0.00011472027373254881
approxi,0.00011472027373254881
pairwis,0.00011472027373254881
eral,0.00011472027373254881
yti,0.00011472027373254881
uni,0.00011388896740115352
andrew,0.00011388896740115352
logist,0.00011388896740115352
mesur,0.00011388896740115352
gold,0.00011388896740115352
talent,0.00011388896740115352
tic,0.00011388896740115352
walk,0.00011388896740115352
offdiagon,0.00011388896740115352
signifi,0.00011388896740115352
charac,0.00011388896740115352
plete,0.00011388896740115352
visit,0.00011388896740115352
conserv,0.00011388896740115352
mea,0.00011388896740115352
ter,0.00011388896740115352
edgeworth,0.00011388896740115352
exi,0.00011305766106975825
charn,0.00011305766106975825
sea,0.00011305766106975825
mathmatiqu,0.00011305766106975825
fxt,0.00011305766106975825
insert,0.00011305766106975825
solvabl,0.00011222635473836296
student,0.00011222635473836296
stigler,0.00011222635473836296
ktl,0.00011222635473836296
undesir,0.00011222635473836296
eas,0.00011222635473836296
nonaddit,0.00011222635473836296
cofactor,0.00011222635473836296
marketclear,0.00011222635473836296
faut,0.00011139504840696768
preclud,0.00011139504840696768
feb,0.00011139504840696768
magil,0.00011139504840696768
reachabl,0.00011139504840696768
resembl,0.00011139504840696768
quand,0.00011139504840696768
dasgupta,0.00011139504840696768
predetermin,0.00011139504840696768
self,0.00011139504840696768
limt,0.00011139504840696768
speci,0.0001105637420755724
apk,0.0001105637420755724
temp,0.0001105637420755724
ver,0.0001105637420755724
cluster,0.0001105637420755724
burmeist,0.0001105637420755724
chose,0.0001105637420755724
vidual,0.0001105637420755724
nonetheless,0.0001105637420755724
quenc,0.0001105637420755724
gave,0.0001105637420755724
timeconsist,0.00010973243574417711
nonsati,0.00010973243574417711
seo,0.00010973243574417711
outstand,0.00010973243574417711
translog,0.00010973243574417711
thoma,0.00010973243574417711
bill,0.00010973243574417711
representa,0.00010973243574417711
daniel,0.00010890112941278183
aki,0.00010890112941278183
monnai,0.00010890112941278183
enlarg,0.00010890112941278183
oiu,0.00010890112941278183
notabl,0.00010890112941278183
acquisit,0.00010890112941278183
quandt,0.00010890112941278183
aver,0.00010890112941278183
taux,0.00010890112941278183
cohort,0.00010890112941278183
berlin,0.00010890112941278183
downsid,0.00010890112941278183
rem,0.00010890112941278183
wang,0.00010890112941278183
wait,0.00010890112941278183
nonuniqu,0.00010806982308138655
ber,0.00010806982308138655
subsidiari,0.00010806982308138655
travail,0.00010806982308138655
foi,0.00010806982308138655
rectangular,0.00010806982308138655
patinkin,0.00010806982308138655
dot,0.00010806982308138655
sit,0.00010806982308138655
soon,0.00010806982308138655
deplet,0.00010806982308138655
citi,0.00010806982308138655
gamma,0.00010723851674999127
englewood,0.00010723851674999127
essenc,0.00010723851674999127
vnm,0.00010723851674999127
red,0.00010723851674999127
quasiconvex,0.00010723851674999127
yes,0.00010723851674999127
writer,0.00010723851674999127
olg,0.00010723851674999127
gate,0.00010723851674999127
dara,0.00010723851674999127
wellbehav,0.00010723851674999127
homo,0.00010723851674999127
ble,0.00010723851674999127
screen,0.00010640721041859599
nonstationari,0.00010640721041859599
hazard,0.00010640721041859599
nal,0.00010640721041859599
isoqu,0.00010640721041859599
demograph,0.00010640721041859599
proba,0.00010640721041859599
revenus,0.00010640721041859599
dent,0.00010640721041859599
conomiqu,0.00010557590408720071
lancast,0.00010557590408720071
accru,0.00010557590408720071
trigger,0.00010557590408720071
judgment,0.00010557590408720071
lagrangean,0.00010557590408720071
xti,0.00010557590408720071
moyen,0.00010557590408720071
ahead,0.00010557590408720071
onetoon,0.00010557590408720071
submatric,0.00010557590408720071
donne,0.00010557590408720071
youn,0.00010557590408720071
alloca,0.00010557590408720071
seulement,0.00010557590408720071
fin,0.00010557590408720071
moder,0.00010557590408720071
ail,0.00010557590408720071
detect,0.00010557590408720071
quadrant,0.00010557590408720071
mitra,0.00010474459775580542
mal,0.00010474459775580542
ptt,0.00010474459775580542
pratiqu,0.00010474459775580542
spite,0.00010474459775580542
dernier,0.00010474459775580542
administr,0.00010474459775580542
stem,0.00010474459775580542
dorfman,0.00010474459775580542
posi,0.00010474459775580542
omi,0.00010391329142441015
aji,0.00010391329142441015
euw,0.00010391329142441015
fudenberg,0.00010391329142441015
receipt,0.00010391329142441015
lorsqu,0.00010391329142441015
nvector,0.00010391329142441015
imput,0.00010391329142441015
advic,0.00010308198509301486
supermodular,0.00010308198509301486
shorrock,0.00010308198509301486
autonom,0.00010308198509301486
joumal,0.00010308198509301486
ytl,0.00010308198509301486
asid,0.00010308198509301486
caballero,0.00010308198509301486
hypothet,0.00010308198509301486
western,0.00010308198509301486
discretetim,0.00010225067876161959
vue,0.00010225067876161959
segal,0.00010225067876161959
shannon,0.00010225067876161959
south,0.00010225067876161959
resent,0.00010225067876161959
necessair,0.00010225067876161959
pervers,0.00010225067876161959
equili,0.00010225067876161959
pix,0.00010225067876161959
naval,0.0001014193724302243
convinc,0.0001014193724302243
mainten,0.0001014193724302243
mini,0.0001014193724302243
shiller,0.0001014193724302243
absent,0.0001014193724302243
ann,0.0001014193724302243
ergin,0.0001014193724302243
currenc,0.00010058806609882903
disadvantag,0.00010058806609882903
tedious,0.00010058806609882903
generalis,0.00010058806609882903
unrealist,0.00010058806609882903
addi,0.00010058806609882903
lost,0.00010058806609882903
royal,0.00010058806609882903
lation,0.00010058806609882903
factorpric,0.00010058806609882903
garp,0.00010058806609882903
barnett,0.00010058806609882903
universit,0.00010058806609882903
tet,0.00010058806609882903
rochest,0.00010058806609882903
disappoint,0.00010058806609882903
trust,0.00010058806609882903
dissimilar,9.975675976743374e-05
quelqu,9.975675976743374e-05
team,9.975675976743374e-05
celui,9.975675976743374e-05
mum,9.975675976743374e-05
pea,9.975675976743374e-05
harrison,9.975675976743374e-05
sati,9.975675976743374e-05
infinitehorizon,9.975675976743374e-05
gix,9.975675976743374e-05
chacun,9.975675976743374e-05
fee,9.975675976743374e-05
unifi,9.892545343603846e-05
fij,9.892545343603846e-05
machin,9.892545343603846e-05
suspect,9.892545343603846e-05
arg,9.892545343603846e-05
minimax,9.892545343603846e-05
grilich,9.892545343603846e-05
engin,9.892545343603846e-05
request,9.892545343603846e-05
dyt,9.892545343603846e-05
vintag,9.892545343603846e-05
folio,9.892545343603846e-05
processor,9.892545343603846e-05
mild,9.892545343603846e-05
axe,9.809414710464318e-05
dit,9.809414710464318e-05
calendar,9.809414710464318e-05
apr,9.809414710464318e-05
indivis,9.809414710464318e-05
siti,9.809414710464318e-05
ual,9.809414710464318e-05
fan,9.809414710464318e-05
owe,9.809414710464318e-05
die,9.809414710464318e-05
remarqu,9.809414710464318e-05
entrepreneuri,9.809414710464318e-05
siniscalchi,9.809414710464318e-05
vulner,9.72628407732479e-05
vestment,9.72628407732479e-05
lee,9.72628407732479e-05
wrt,9.72628407732479e-05
heavili,9.72628407732479e-05
pin,9.72628407732479e-05
raison,9.72628407732479e-05
paasch,9.72628407732479e-05
searcher,9.72628407732479e-05
vti,9.72628407732479e-05
wakker,9.72628407732479e-05
matic,9.72628407732479e-05
respec,9.72628407732479e-05
cour,9.72628407732479e-05
cap,9.72628407732479e-05
mize,9.72628407732479e-05
tariff,9.72628407732479e-05
brium,9.72628407732479e-05
lot,9.72628407732479e-05
lintner,9.72628407732479e-05
polyhedr,9.643153444185262e-05
array,9.643153444185262e-05
loi,9.643153444185262e-05
singlevalu,9.643153444185262e-05
kihlstrom,9.643153444185262e-05
danthin,9.643153444185262e-05
slave,9.643153444185262e-05
fpe,9.643153444185262e-05
overcom,9.643153444185262e-05
peu,9.643153444185262e-05
potato,9.643153444185262e-05
realloc,9.643153444185262e-05
cons,9.643153444185262e-05
elasticit,9.643153444185262e-05
pri,9.643153444185262e-05
ala,9.643153444185262e-05
pxi,9.643153444185262e-05
compris,9.643153444185262e-05
ampl,9.643153444185262e-05
endpoint,9.643153444185262e-05
twosector,9.643153444185262e-05
nehr,9.643153444185262e-05
mossin,9.643153444185262e-05
tdt,9.560022811045734e-05
permiss,9.560022811045734e-05
excel,9.560022811045734e-05
weiss,9.560022811045734e-05
pool,9.560022811045734e-05
deterior,9.560022811045734e-05
hth,9.560022811045734e-05
prise,9.560022811045734e-05
instruct,9.560022811045734e-05
exam,9.560022811045734e-05
brook,9.560022811045734e-05
chew,9.560022811045734e-05
milgrom,9.560022811045734e-05
employe,9.560022811045734e-05
propriet,9.560022811045734e-05
quah,9.560022811045734e-05
distant,9.560022811045734e-05
manier,9.560022811045734e-05
filtrat,9.560022811045734e-05
laffont,9.476892177906205e-05
marcet,9.476892177906205e-05
etud,9.476892177906205e-05
integrand,9.476892177906205e-05
schwartz,9.476892177906205e-05
xix,9.476892177906205e-05
ari,9.476892177906205e-05
dxi,9.476892177906205e-05
afford,9.476892177906205e-05
slow,9.476892177906205e-05
addilog,9.476892177906205e-05
unnecessari,9.476892177906205e-05
profession,9.476892177906205e-05
secondari,9.476892177906205e-05
pendent,9.476892177906205e-05
ceas,9.476892177906205e-05
window,9.476892177906205e-05
chap,9.476892177906205e-05
deci,9.476892177906205e-05
crsp,9.393761544766677e-05
illus,9.393761544766677e-05
herbert,9.393761544766677e-05
solid,9.393761544766677e-05
feldstein,9.393761544766677e-05
starrett,9.393761544766677e-05
bottom,9.393761544766677e-05
rosen,9.393761544766677e-05
wise,9.393761544766677e-05
heller,9.393761544766677e-05
dapr,9.393761544766677e-05
manifest,9.310630911627149e-05
insignific,9.310630911627149e-05
unusu,9.310630911627149e-05
highlight,9.310630911627149e-05
french,9.310630911627149e-05
educt,9.310630911627149e-05
poisson,9.310630911627149e-05
kept,9.310630911627149e-05
rotterdam,9.310630911627149e-05
stateconting,9.310630911627149e-05
winter,9.310630911627149e-05
insensit,9.310630911627149e-05
burden,9.310630911627149e-05
precautionari,9.310630911627149e-05
network,9.22750027848762e-05
adjac,9.22750027848762e-05
xht,9.22750027848762e-05
raw,9.22750027848762e-05
cot,9.22750027848762e-05
frobenius,9.22750027848762e-05
duplic,9.22750027848762e-05
occasion,9.22750027848762e-05
franklin,9.22750027848762e-05
christensen,9.22750027848762e-05
ill,9.22750027848762e-05
lyapunov,9.22750027848762e-05
circul,9.22750027848762e-05
xrx,9.22750027848762e-05
permet,9.22750027848762e-05
repartit,9.22750027848762e-05
nber,9.22750027848762e-05
unreason,9.144369645348093e-05
gnp,9.144369645348093e-05
deposit,9.144369645348093e-05
soviet,9.144369645348093e-05
queue,9.144369645348093e-05
settl,9.144369645348093e-05
legitim,9.144369645348093e-05
confront,9.144369645348093e-05
overtak,9.144369645348093e-05
willing,9.144369645348093e-05
offici,9.061239012208564e-05
zin,9.061239012208564e-05
favour,9.061239012208564e-05
advertis,9.061239012208564e-05
successor,9.061239012208564e-05
worthwhil,9.061239012208564e-05
approv,9.061239012208564e-05
soient,9.061239012208564e-05
flux,9.061239012208564e-05
courb,9.061239012208564e-05
fect,9.061239012208564e-05
davi,9.061239012208564e-05
big,9.061239012208564e-05
fill,8.978108379069037e-05
inact,8.978108379069037e-05
whenc,8.978108379069037e-05
ist,8.978108379069037e-05
mathematiqu,8.978108379069037e-05
decay,8.978108379069037e-05
mon,8.978108379069037e-05
roger,8.978108379069037e-05
ought,8.978108379069037e-05
sult,8.978108379069037e-05
xex,8.978108379069037e-05
payout,8.978108379069037e-05
sentat,8.978108379069037e-05
miss,8.978108379069037e-05
mirrle,8.978108379069037e-05
color,8.978108379069037e-05
ipi,8.978108379069037e-05
stant,8.978108379069037e-05
thori,8.978108379069037e-05
aea,8.978108379069037e-05
forev,8.978108379069037e-05
easley,8.894977745929508e-05
cobweb,8.894977745929508e-05
lieu,8.894977745929508e-05
sil,8.894977745929508e-05
fip,8.894977745929508e-05
riskbear,8.894977745929508e-05
absorb,8.894977745929508e-05
tan,8.894977745929508e-05
xtl,8.894977745929508e-05
twodimension,8.894977745929508e-05
unitari,8.894977745929508e-05
onesector,8.894977745929508e-05
secondperiod,8.894977745929508e-05
rao,8.894977745929508e-05
arbitrageur,8.894977745929508e-05
pii,8.894977745929508e-05
redefin,8.894977745929508e-05
competi,8.894977745929508e-05
incompat,8.894977745929508e-05
stud,8.811847112789981e-05
nyse,8.811847112789981e-05
minnesota,8.811847112789981e-05
mistak,8.811847112789981e-05
ceteri,8.811847112789981e-05
lang,8.811847112789981e-05
loos,8.811847112789981e-05
nolog,8.811847112789981e-05
movabl,8.811847112789981e-05
nci,8.811847112789981e-05
uixi,8.811847112789981e-05
conduit,8.811847112789981e-05
los,8.728716479650452e-05
truth,8.728716479650452e-05
quota,8.728716479650452e-05
outset,8.728716479650452e-05
reinterpret,8.728716479650452e-05
wider,8.728716479650452e-05
load,8.728716479650452e-05
puisqu,8.728716479650452e-05
vij,8.728716479650452e-05
nece,8.728716479650452e-05
rth,8.728716479650452e-05
zhang,8.728716479650452e-05
toujour,8.728716479650452e-05
etf,8.728716479650452e-05
fellow,8.728716479650452e-05
represen,8.728716479650452e-05
degeneraci,8.728716479650452e-05
tableaux,8.728716479650452e-05
dictat,8.728716479650452e-05
skill,8.728716479650452e-05
consensus,8.728716479650452e-05
gerard,8.728716479650452e-05
param,8.728716479650452e-05
air,8.728716479650452e-05
nonrandom,8.645585846510925e-05
willig,8.645585846510925e-05
dow,8.645585846510925e-05
kemp,8.645585846510925e-05
baselin,8.645585846510925e-05
fli,8.645585846510925e-05
meanpreserv,8.645585846510925e-05
facteur,8.645585846510925e-05
regressor,8.645585846510925e-05
extrapol,8.645585846510925e-05
previs,8.645585846510925e-05
zame,8.645585846510925e-05
aggr,8.645585846510925e-05
partir,8.645585846510925e-05
maxima,8.645585846510925e-05
pend,8.645585846510925e-05
michel,8.645585846510925e-05
scenario,8.645585846510925e-05
marxian,8.645585846510925e-05
dividu,8.645585846510925e-05
enjoy,8.562455213371396e-05
uxa,8.562455213371396e-05
rabin,8.562455213371396e-05
sibl,8.562455213371396e-05
diver,8.562455213371396e-05
esti,8.562455213371396e-05
differen,8.562455213371396e-05
spring,8.562455213371396e-05
nelson,8.562455213371396e-05
homeomorph,8.562455213371396e-05
zellner,8.562455213371396e-05
dlog,8.562455213371396e-05
borch,8.562455213371396e-05
premultipli,8.562455213371396e-05
batch,8.479324580231868e-05
propor,8.479324580231868e-05
quo,8.479324580231868e-05
style,8.479324580231868e-05
markovian,8.479324580231868e-05
pur,8.479324580231868e-05
bulletin,8.479324580231868e-05
serait,8.479324580231868e-05
sato,8.479324580231868e-05
infimum,8.479324580231868e-05
sij,8.479324580231868e-05
ahn,8.479324580231868e-05
paribus,8.479324580231868e-05
bon,8.479324580231868e-05
mislead,8.479324580231868e-05
cyp,8.479324580231868e-05
tangenc,8.479324580231868e-05
graham,8.479324580231868e-05
lexicograph,8.479324580231868e-05
eequilibrium,8.479324580231868e-05
havior,8.479324580231868e-05
languag,8.479324580231868e-05
werner,8.479324580231868e-05
ferenc,8.479324580231868e-05
displac,8.39619394709234e-05
perfectforesight,8.39619394709234e-05
vxi,8.39619394709234e-05
brace,8.39619394709234e-05
nonspecul,8.39619394709234e-05
dpt,8.39619394709234e-05
dms,8.39619394709234e-05
client,8.39619394709234e-05
banach,8.39619394709234e-05
caution,8.39619394709234e-05
pij,8.39619394709234e-05
bergson,8.39619394709234e-05
insist,8.39619394709234e-05
chaotic,8.39619394709234e-05
amplitud,8.39619394709234e-05
jour,8.39619394709234e-05
stigum,8.39619394709234e-05
roll,8.39619394709234e-05
levhari,8.39619394709234e-05
fer,8.39619394709234e-05
individ,8.39619394709234e-05
gather,8.39619394709234e-05
ein,8.39619394709234e-05
environment,8.39619394709234e-05
chateli,8.39619394709234e-05
breviti,8.39619394709234e-05
possibilit,8.39619394709234e-05
prop,8.39619394709234e-05
division,8.39619394709234e-05
cate,8.39619394709234e-05
accompani,8.39619394709234e-05
determinaci,8.39619394709234e-05
longliv,8.313063313952812e-05
holt,8.313063313952812e-05
plicat,8.313063313952812e-05
extrins,8.313063313952812e-05
politiqu,8.313063313952812e-05
aaa,8.313063313952812e-05
subproblem,8.313063313952812e-05
specialist,8.313063313952812e-05
overlappinggener,8.313063313952812e-05
izat,8.313063313952812e-05
zation,8.313063313952812e-05
handbook,8.313063313952812e-05
track,8.313063313952812e-05
springer,8.313063313952812e-05
wallac,8.313063313952812e-05
uxt,8.313063313952812e-05
tstatist,8.229932680813283e-05
war,8.229932680813283e-05
sequel,8.229932680813283e-05
univari,8.229932680813283e-05
leverag,8.229932680813283e-05
oblig,8.229932680813283e-05
anscomb,8.229932680813283e-05
aftertax,8.229932680813283e-05
outperform,8.229932680813283e-05
harberg,8.229932680813283e-05
aix,8.229932680813283e-05
tial,8.146802047673756e-05
apj,8.146802047673756e-05
ept,8.146802047673756e-05
dougla,8.146802047673756e-05
nonexpect,8.146802047673756e-05
etal,8.146802047673756e-05
debat,8.146802047673756e-05
unforeseen,8.146802047673756e-05
provis,8.146802047673756e-05
sis,8.146802047673756e-05
alpha,8.146802047673756e-05
suboptim,8.146802047673756e-05
indispens,8.146802047673756e-05
robinson,8.146802047673756e-05
pricetak,8.146802047673756e-05
subgradi,8.146802047673756e-05
kubler,8.146802047673756e-05
honor,8.146802047673756e-05
pert,8.146802047673756e-05
send,8.063671414534227e-05
exdividend,8.063671414534227e-05
involuntari,8.063671414534227e-05
recurr,8.063671414534227e-05
prenticehal,8.063671414534227e-05
foral,8.063671414534227e-05
retir,8.063671414534227e-05
death,8.063671414534227e-05
restor,8.063671414534227e-05
rader,8.063671414534227e-05
donaldson,8.063671414534227e-05
capitallabor,8.063671414534227e-05
session,8.063671414534227e-05
pressur,8.063671414534227e-05
xis,8.063671414534227e-05
solvenc,8.063671414534227e-05
riskier,8.063671414534227e-05
mono,8.063671414534227e-05
substitu,8.063671414534227e-05
quotat,8.063671414534227e-05
hereaft,8.063671414534227e-05
unsatisfactori,7.9805407813947e-05
aug,7.9805407813947e-05
lit,7.9805407813947e-05
zeckhaus,7.9805407813947e-05
lent,7.9805407813947e-05
crash,7.9805407813947e-05
metzler,7.9805407813947e-05
alipranti,7.9805407813947e-05
built,7.9805407813947e-05
equiva,7.9805407813947e-05
kalman,7.9805407813947e-05
att,7.9805407813947e-05
precommit,7.9805407813947e-05
vit,7.9805407813947e-05
francisco,7.9805407813947e-05
lionel,7.9805407813947e-05
viabl,7.897410148255171e-05
thereaft,7.897410148255171e-05
collaps,7.897410148255171e-05
den,7.897410148255171e-05
chen,7.897410148255171e-05
ati,7.897410148255171e-05
cdf,7.897410148255171e-05
eat,7.897410148255171e-05
leastsquar,7.897410148255171e-05
nsf,7.897410148255171e-05
montr,7.897410148255171e-05
maximin,7.897410148255171e-05
palm,7.897410148255171e-05
ptxt,7.897410148255171e-05
caplin,7.897410148255171e-05
fxx,7.814279515115642e-05
ast,7.814279515115642e-05
dispens,7.814279515115642e-05
pearc,7.814279515115642e-05
minneapoli,7.814279515115642e-05
centuri,7.814279515115642e-05
kingdom,7.814279515115642e-05
felic,7.814279515115642e-05
ixi,7.814279515115642e-05
comprehens,7.814279515115642e-05
yij,7.814279515115642e-05
mehra,7.814279515115642e-05
recess,7.814279515115642e-05
maximand,7.814279515115642e-05
perpetu,7.814279515115642e-05
subeconomi,7.814279515115642e-05
collinear,7.814279515115642e-05
older,7.814279515115642e-05
ztl,7.814279515115642e-05
sym,7.814279515115642e-05
win,7.814279515115642e-05
doctor,7.814279515115642e-05
lawrenc,7.731148881976115e-05
solu,7.731148881976115e-05
chamberlain,7.731148881976115e-05
pat,7.731148881976115e-05
jej,7.731148881976115e-05
cpb,7.731148881976115e-05
berg,7.731148881976115e-05
benvenist,7.731148881976115e-05
tre,7.731148881976115e-05
carryov,7.731148881976115e-05
rubinstein,7.731148881976115e-05
iiii,7.731148881976115e-05
spectra,7.731148881976115e-05
cess,7.731148881976115e-05
attractor,7.731148881976115e-05
lineair,7.731148881976115e-05
sureth,7.731148881976115e-05
insuffici,7.731148881976115e-05
fxl,7.731148881976115e-05
ccc,7.731148881976115e-05
ran,7.731148881976115e-05
majumdar,7.731148881976115e-05
variancecovari,7.731148881976115e-05
shafer,7.731148881976115e-05
gener,7.648018248836586e-05
dire,7.648018248836586e-05
dim,7.648018248836586e-05
zilcha,7.648018248836586e-05
firstperiod,7.648018248836586e-05
intro,7.648018248836586e-05
fruit,7.648018248836586e-05
scribe,7.648018248836586e-05
foster,7.648018248836586e-05
pjt,7.648018248836586e-05
scott,7.648018248836586e-05
consecut,7.648018248836586e-05
elicit,7.648018248836586e-05
rcr,7.648018248836586e-05
irrat,7.648018248836586e-05
mill,7.648018248836586e-05
droit,7.648018248836586e-05
channel,7.648018248836586e-05
bar,7.564887615697059e-05
creation,7.564887615697059e-05
gas,7.564887615697059e-05
toler,7.564887615697059e-05
billion,7.564887615697059e-05
soc,7.564887615697059e-05
fractil,7.564887615697059e-05
depress,7.564887615697059e-05
rhs,7.564887615697059e-05
peculiar,7.564887615697059e-05
irrespect,7.564887615697059e-05
xbi,7.564887615697059e-05
homm,7.564887615697059e-05
hemicontinu,7.564887615697059e-05
goldman,7.564887615697059e-05
mrs,7.564887615697059e-05
hill,7.564887615697059e-05
train,7.564887615697059e-05
controversi,7.564887615697059e-05
shade,7.564887615697059e-05
karl,7.564887615697059e-05
primont,7.564887615697059e-05
safeti,7.564887615697059e-05
career,7.564887615697059e-05
ago,7.564887615697059e-05
reinforc,7.564887615697059e-05
inertia,7.564887615697059e-05
cela,7.564887615697059e-05
challeng,7.564887615697059e-05
proxim,7.48175698255753e-05
hakansson,7.48175698255753e-05
bridg,7.48175698255753e-05
calibr,7.48175698255753e-05
everyth,7.48175698255753e-05
res,7.48175698255753e-05
fur,7.48175698255753e-05
optimist,7.48175698255753e-05
inflationari,7.48175698255753e-05
actuari,7.48175698255753e-05
finish,7.48175698255753e-05
possi,7.48175698255753e-05
qualifi,7.48175698255753e-05
wold,7.48175698255753e-05
blanchard,7.48175698255753e-05
feller,7.48175698255753e-05
dixit,7.48175698255753e-05
tract,7.48175698255753e-05
ele,7.48175698255753e-05
decad,7.48175698255753e-05
scientifiqu,7.48175698255753e-05
ipo,7.48175698255753e-05
guess,7.48175698255753e-05
semi,7.398626349418003e-05
syndic,7.398626349418003e-05
vill,7.398626349418003e-05
proposi,7.398626349418003e-05
mann,7.398626349418003e-05
print,7.398626349418003e-05
ical,7.398626349418003e-05
quon,7.398626349418003e-05
avoir,7.398626349418003e-05
told,7.398626349418003e-05
rit,7.398626349418003e-05
ali,7.398626349418003e-05
azariadi,7.398626349418003e-05
aer,7.398626349418003e-05
nul,7.398626349418003e-05
hip,7.398626349418003e-05
deserv,7.398626349418003e-05
subclass,7.315495716278474e-05
euy,7.315495716278474e-05
aik,7.315495716278474e-05
counter,7.315495716278474e-05
nontatonn,7.315495716278474e-05
incident,7.315495716278474e-05
angel,7.315495716278474e-05
fort,7.315495716278474e-05
whinston,7.315495716278474e-05
latent,7.315495716278474e-05
para,7.315495716278474e-05
semiposit,7.315495716278474e-05
knight,7.315495716278474e-05
love,7.315495716278474e-05
pxa,7.315495716278474e-05
quantifi,7.315495716278474e-05
credibl,7.315495716278474e-05
endofperiod,7.315495716278474e-05
boyd,7.315495716278474e-05
convey,7.315495716278474e-05
era,7.315495716278474e-05
struc,7.315495716278474e-05
altogeth,7.315495716278474e-05
proach,7.232365083138947e-05
ponent,7.232365083138947e-05
toronto,7.232365083138947e-05
strang,7.232365083138947e-05
paretian,7.232365083138947e-05
ili,7.232365083138947e-05
benhabib,7.232365083138947e-05
fortiori,7.232365083138947e-05
verif,7.232365083138947e-05
enforc,7.232365083138947e-05
autocovari,7.232365083138947e-05
fiml,7.232365083138947e-05
pip,7.232365083138947e-05
cartel,7.232365083138947e-05
sphere,7.232365083138947e-05
deriva,7.232365083138947e-05
descend,7.232365083138947e-05
batra,7.232365083138947e-05
fifth,7.232365083138947e-05
tal,7.232365083138947e-05
xri,7.149234449999418e-05
coffe,7.149234449999418e-05
reprint,7.149234449999418e-05
ayt,7.149234449999418e-05
clarendon,7.149234449999418e-05
balasko,7.149234449999418e-05
sheshinski,7.149234449999418e-05
alterna,7.149234449999418e-05
protect,7.149234449999418e-05
titl,7.149234449999418e-05
parallelogram,7.149234449999418e-05
promot,7.149234449999418e-05
workshop,7.149234449999418e-05
clude,7.149234449999418e-05
theorist,7.149234449999418e-05
num,7.149234449999418e-05
apu,7.149234449999418e-05
econometrician,7.149234449999418e-05
val,7.149234449999418e-05
nate,7.149234449999418e-05
romer,7.149234449999418e-05
took,7.149234449999418e-05
imposit,7.149234449999418e-05
richer,7.149234449999418e-05
unrel,7.149234449999418e-05
fxo,7.149234449999418e-05
harmon,7.06610381685989e-05
shop,7.06610381685989e-05
compel,7.06610381685989e-05
broader,7.06610381685989e-05
pxx,7.06610381685989e-05
farm,7.06610381685989e-05
ifi,7.06610381685989e-05
shleifer,7.06610381685989e-05
presid,7.06610381685989e-05
mod,7.06610381685989e-05
christoph,7.06610381685989e-05
zit,7.06610381685989e-05
ttr,7.06610381685989e-05
hood,7.06610381685989e-05
kiefer,7.06610381685989e-05
angl,7.06610381685989e-05
scarc,7.06610381685989e-05
gram,7.06610381685989e-05
selfconfirm,7.06610381685989e-05
pioneer,7.06610381685989e-05
stolpersamuelson,7.06610381685989e-05
hix,7.06610381685989e-05
eugen,6.982973183720362e-05
eleg,6.982973183720362e-05
erti,6.982973183720362e-05
isomorph,6.982973183720362e-05
newman,6.982973183720362e-05
vko,6.982973183720362e-05
xil,6.982973183720362e-05
ucl,6.982973183720362e-05
varia,6.982973183720362e-05
asi,6.982973183720362e-05
underestim,6.982973183720362e-05
commerci,6.982973183720362e-05
nonproduc,6.982973183720362e-05
lish,6.982973183720362e-05
factori,6.982973183720362e-05
loo,6.982973183720362e-05
iri,6.982973183720362e-05
revisit,6.982973183720362e-05
unanticip,6.982973183720362e-05
noncoop,6.982973183720362e-05
portant,6.982973183720362e-05
transactor,6.982973183720362e-05
vkt,6.982973183720362e-05
loglinear,6.982973183720362e-05
weil,6.982973183720362e-05
char,6.982973183720362e-05
rectangl,6.982973183720362e-05
ceux,6.899842550580834e-05
nega,6.899842550580834e-05
fkt,6.899842550580834e-05
necessit,6.899842550580834e-05
hilbert,6.899842550580834e-05
xia,6.899842550580834e-05
envisag,6.899842550580834e-05
threat,6.899842550580834e-05
radius,6.899842550580834e-05
bus,6.899842550580834e-05
reexamin,6.899842550580834e-05
premis,6.899842550580834e-05
porter,6.899842550580834e-05
troubl,6.899842550580834e-05
friction,6.899842550580834e-05
interrel,6.899842550580834e-05
nos,6.899842550580834e-05
pnt,6.899842550580834e-05
chase,6.899842550580834e-05
erat,6.899842550580834e-05
pertain,6.899842550580834e-05
merg,6.899842550580834e-05
turnov,6.816711917441305e-05
defici,6.816711917441305e-05
pml,6.816711917441305e-05
assez,6.816711917441305e-05
prohibit,6.816711917441305e-05
treasuri,6.816711917441305e-05
council,6.816711917441305e-05
pres,6.816711917441305e-05
ceci,6.816711917441305e-05
maxx,6.816711917441305e-05
cowel,6.816711917441305e-05
code,6.816711917441305e-05
truli,6.816711917441305e-05
apprais,6.816711917441305e-05
quir,6.816711917441305e-05
araujo,6.816711917441305e-05
contemporan,6.816711917441305e-05
inappropri,6.816711917441305e-05
alt,6.816711917441305e-05
nonsubstitut,6.816711917441305e-05
xax,6.816711917441305e-05
sta,6.816711917441305e-05
push,6.816711917441305e-05
minimis,6.816711917441305e-05
substant,6.816711917441305e-05
expec,6.816711917441305e-05
vie,6.816711917441305e-05
afx,6.816711917441305e-05
fss,6.733581284301778e-05
voluntari,6.733581284301778e-05
steeper,6.733581284301778e-05
cial,6.733581284301778e-05
shortag,6.733581284301778e-05
prudenc,6.733581284301778e-05
sugar,6.733581284301778e-05
qua,6.733581284301778e-05
submit,6.733581284301778e-05
kuga,6.733581284301778e-05
exant,6.733581284301778e-05
utc,6.733581284301778e-05
troi,6.733581284301778e-05
treadway,6.733581284301778e-05
perish,6.733581284301778e-05
limn,6.733581284301778e-05
chisquar,6.733581284301778e-05
polyhedron,6.733581284301778e-05
axk,6.733581284301778e-05
crude,6.733581284301778e-05
ayi,6.650450651162249e-05
pdf,6.650450651162249e-05
dpj,6.650450651162249e-05
walter,6.650450651162249e-05
island,6.650450651162249e-05
contrair,6.650450651162249e-05
goetzmann,6.650450651162249e-05
encompass,6.650450651162249e-05
chow,6.650450651162249e-05
defer,6.650450651162249e-05
cii,6.650450651162249e-05
cur,6.650450651162249e-05
schole,6.650450651162249e-05
lesser,6.650450651162249e-05
leconomi,6.650450651162249e-05
legal,6.650450651162249e-05
allj,6.650450651162249e-05
kahneman,6.650450651162249e-05
acp,6.650450651162249e-05
indistinguish,6.650450651162249e-05
monotoni,6.567320018022722e-05
paretoeffici,6.567320018022722e-05
intrilig,6.567320018022722e-05
phrase,6.567320018022722e-05
restric,6.567320018022722e-05
mth,6.567320018022722e-05
fare,6.567320018022722e-05
tori,6.567320018022722e-05
synthet,6.567320018022722e-05
davidson,6.567320018022722e-05
foley,6.567320018022722e-05
nonmonetari,6.567320018022722e-05
utilitarian,6.567320018022722e-05
trouv,6.567320018022722e-05
ori,6.567320018022722e-05
xxi,6.567320018022722e-05
loci,6.567320018022722e-05
donald,6.567320018022722e-05
deadweight,6.567320018022722e-05
axx,6.567320018022722e-05
your,6.567320018022722e-05
increa,6.484189384883193e-05
releas,6.484189384883193e-05
uco,6.484189384883193e-05
debreus,6.484189384883193e-05
cer,6.484189384883193e-05
unequ,6.484189384883193e-05
transient,6.484189384883193e-05
jpe,6.484189384883193e-05
abus,6.484189384883193e-05
devis,6.484189384883193e-05
valueweight,6.484189384883193e-05
supnorm,6.484189384883193e-05
priceincom,6.484189384883193e-05
oliv,6.484189384883193e-05
doi,6.484189384883193e-05
deduct,6.484189384883193e-05
altruism,6.484189384883193e-05
harcourt,6.484189384883193e-05
partner,6.484189384883193e-05
jeu,6.484189384883193e-05
bivari,6.484189384883193e-05
atl,6.484189384883193e-05
bliss,6.484189384883193e-05
dpf,6.484189384883193e-05
applica,6.484189384883193e-05
contin,6.484189384883193e-05
kajii,6.401058751743666e-05
honkapohja,6.401058751743666e-05
michigan,6.401058751743666e-05
schneider,6.401058751743666e-05
suffi,6.401058751743666e-05
evi,6.401058751743666e-05
usag,6.401058751743666e-05
gordon,6.401058751743666e-05
leonid,6.401058751743666e-05
berndt,6.401058751743666e-05
ien,6.401058751743666e-05
atom,6.401058751743666e-05
leijonhufvud,6.401058751743666e-05
vagu,6.401058751743666e-05
eit,6.401058751743666e-05
concurr,6.401058751743666e-05
scientif,6.401058751743666e-05
avi,6.401058751743666e-05
geneous,6.401058751743666e-05
euu,6.401058751743666e-05
granger,6.401058751743666e-05
rival,6.401058751743666e-05
disregard,6.401058751743666e-05
eua,6.401058751743666e-05
tperiod,6.401058751743666e-05
ostroy,6.317928118604137e-05
judd,6.317928118604137e-05
epi,6.317928118604137e-05
frechet,6.317928118604137e-05
sought,6.317928118604137e-05
ford,6.317928118604137e-05
porteus,6.317928118604137e-05
probit,6.317928118604137e-05
dichotomi,6.317928118604137e-05
observa,6.317928118604137e-05
twoparamet,6.317928118604137e-05
ibid,6.317928118604137e-05
passiv,6.317928118604137e-05
oligopolist,6.317928118604137e-05
kendrick,6.317928118604137e-05
revel,6.317928118604137e-05
canadian,6.317928118604137e-05
ode,6.317928118604137e-05
steven,6.317928118604137e-05
reel,6.317928118604137e-05
nonstandard,6.317928118604137e-05
infeas,6.317928118604137e-05
koo,6.317928118604137e-05
dabord,6.317928118604137e-05
quel,6.317928118604137e-05
frictionless,6.317928118604137e-05
eip,6.317928118604137e-05
probabil,6.317928118604137e-05
famous,6.317928118604137e-05
eag,6.317928118604137e-05
iix,6.317928118604137e-05
invalid,6.317928118604137e-05
storabl,6.317928118604137e-05
sat,6.317928118604137e-05
nov,6.317928118604137e-05
databas,6.317928118604137e-05
dxj,6.317928118604137e-05
bandwidth,6.317928118604137e-05
stan,6.317928118604137e-05
propo,6.234797485464608e-05
raiffa,6.234797485464608e-05
ryder,6.234797485464608e-05
ginal,6.234797485464608e-05
fii,6.234797485464608e-05
dfinit,6.234797485464608e-05
danger,6.234797485464608e-05
passag,6.234797485464608e-05
pyt,6.234797485464608e-05
fiveyear,6.234797485464608e-05
tent,6.234797485464608e-05
ticular,6.234797485464608e-05
styliz,6.234797485464608e-05
dwt,6.234797485464608e-05
instal,6.234797485464608e-05
superieur,6.234797485464608e-05
dij,6.234797485464608e-05
wale,6.234797485464608e-05
textbook,6.234797485464608e-05
jai,6.234797485464608e-05
aip,6.234797485464608e-05
clt,6.234797485464608e-05
selffulfil,6.234797485464608e-05
twostep,6.234797485464608e-05
stipul,6.234797485464608e-05
vec,6.234797485464608e-05
afp,6.234797485464608e-05
shubik,6.151666852325081e-05
nil,6.151666852325081e-05
ipt,6.151666852325081e-05
becam,6.151666852325081e-05
copi,6.151666852325081e-05
shed,6.151666852325081e-05
farrel,6.151666852325081e-05
imprecis,6.151666852325081e-05
intent,6.151666852325081e-05
vix,6.151666852325081e-05
rust,6.151666852325081e-05
xst,6.151666852325081e-05
cartesian,6.151666852325081e-05
flip,6.151666852325081e-05
dpl,6.151666852325081e-05
trap,6.151666852325081e-05
problemat,6.151666852325081e-05
tupl,6.151666852325081e-05
transpar,6.151666852325081e-05
hal,6.151666852325081e-05
mimeograph,6.151666852325081e-05
unimod,6.151666852325081e-05
entiti,6.151666852325081e-05
gxi,6.151666852325081e-05
mme,6.151666852325081e-05
theoriqu,6.151666852325081e-05
cave,6.151666852325081e-05
nent,6.151666852325081e-05
welldiversifi,6.151666852325081e-05
modest,6.151666852325081e-05
harsanyi,6.151666852325081e-05
tirol,6.151666852325081e-05
breeden,6.151666852325081e-05
closest,6.151666852325081e-05
peck,6.151666852325081e-05
walrass,6.151666852325081e-05
app,6.151666852325081e-05
mediat,6.068536219185553e-05
preorder,6.068536219185553e-05
ajj,6.068536219185553e-05
inquiri,6.068536219185553e-05
warp,6.068536219185553e-05
promin,6.068536219185553e-05
wherebi,6.068536219185553e-05
transmit,6.068536219185553e-05
coeffi,6.068536219185553e-05
sudden,6.068536219185553e-05
competitor,6.068536219185553e-05
younger,6.068536219185553e-05
constantinid,6.068536219185553e-05
williamson,6.068536219185553e-05
wonder,6.068536219185553e-05
pound,6.068536219185553e-05
ria,6.068536219185553e-05
sug,6.068536219185553e-05
supermartingal,6.068536219185553e-05
ronald,6.068536219185553e-05
reflex,6.068536219185553e-05
cto,6.068536219185553e-05
west,6.068536219185553e-05
fixedpoint,6.068536219185553e-05
wiener,6.068536219185553e-05
ftx,5.9854055860460246e-05
iit,5.9854055860460246e-05
abandon,5.9854055860460246e-05
presumpt,5.9854055860460246e-05
croissanc,5.9854055860460246e-05
orient,5.9854055860460246e-05
aai,5.9854055860460246e-05
outweigh,5.9854055860460246e-05
bigger,5.9854055860460246e-05
hebrew,5.9854055860460246e-05
grower,5.9854055860460246e-05
vote,5.9854055860460246e-05
ming,5.9854055860460246e-05
broken,5.9854055860460246e-05
billingsley,5.9854055860460246e-05
verlag,5.9854055860460246e-05
yht,5.9854055860460246e-05
academi,5.9854055860460246e-05
societ,5.9854055860460246e-05
knightian,5.9854055860460246e-05
energi,5.9854055860460246e-05
paradigm,5.9854055860460246e-05
und,5.9854055860460246e-05
rnt,5.9854055860460246e-05
dybvig,5.9854055860460246e-05
insofar,5.9854055860460246e-05
struct,5.9854055860460246e-05
particu,5.9854055860460246e-05
effi,5.9854055860460246e-05
cant,5.9854055860460246e-05
fixpric,5.9854055860460246e-05
yip,5.9854055860460246e-05
kemeni,5.9854055860460246e-05
jersey,5.9854055860460246e-05
siam,5.9854055860460246e-05
england,5.9854055860460246e-05
akk,5.9854055860460246e-05
satur,5.9022749529064965e-05
overestim,5.9022749529064965e-05
ere,5.9022749529064965e-05
ste,5.9022749529064965e-05
rij,5.9022749529064965e-05
unlimit,5.9022749529064965e-05
imbal,5.9022749529064965e-05
onesid,5.9022749529064965e-05
versiti,5.9022749529064965e-05
tht,5.9022749529064965e-05
col,5.9022749529064965e-05
demon,5.9022749529064965e-05
strain,5.9022749529064965e-05
stanc,5.9022749529064965e-05
english,5.9022749529064965e-05
implaus,5.9022749529064965e-05
georgescuroegen,5.9022749529064965e-05
star,5.9022749529064965e-05
nearbi,5.9022749529064965e-05
submodular,5.9022749529064965e-05
ofor,5.9022749529064965e-05
ingersol,5.9022749529064965e-05
donner,5.9022749529064965e-05
peq,5.9022749529064965e-05
eight,5.9022749529064965e-05
jean,5.9022749529064965e-05
dramat,5.9022749529064965e-05
sistent,5.9022749529064965e-05
saw,5.9022749529064965e-05
subsist,5.9022749529064965e-05
novel,5.9022749529064965e-05
outer,5.9022749529064965e-05
sys,5.8191443197669684e-05
reconsid,5.8191443197669684e-05
tit,5.8191443197669684e-05
quentli,5.8191443197669684e-05
laplac,5.8191443197669684e-05
ess,5.8191443197669684e-05
moral,5.8191443197669684e-05
bonn,5.8191443197669684e-05
benefici,5.8191443197669684e-05
bull,5.8191443197669684e-05
file,5.8191443197669684e-05
unalt,5.8191443197669684e-05
impor,5.8191443197669684e-05
ferent,5.8191443197669684e-05
basket,5.8191443197669684e-05
automobil,5.8191443197669684e-05
const,5.8191443197669684e-05
quasiequilibrium,5.8191443197669684e-05
abbrevi,5.8191443197669684e-05
tem,5.8191443197669684e-05
cision,5.8191443197669684e-05
goldberg,5.8191443197669684e-05
agreeabl,5.8191443197669684e-05
wellb,5.8191443197669684e-05
boldrin,5.7360136866274404e-05
skiada,5.7360136866274404e-05
destroy,5.7360136866274404e-05
expos,5.7360136866274404e-05
patent,5.7360136866274404e-05
bankrupt,5.7360136866274404e-05
irv,5.7360136866274404e-05
blue,5.7360136866274404e-05
zabel,5.7360136866274404e-05
compromis,5.7360136866274404e-05
cepend,5.7360136866274404e-05
extremum,5.7360136866274404e-05
xlx,5.7360136866274404e-05
hopkin,5.7360136866274404e-05
tinbergen,5.7360136866274404e-05
kimbal,5.7360136866274404e-05
tical,5.7360136866274404e-05
bernheim,5.7360136866274404e-05
taker,5.7360136866274404e-05
discard,5.7360136866274404e-05
enhanc,5.7360136866274404e-05
intergener,5.7360136866274404e-05
ject,5.7360136866274404e-05
gastwirth,5.7360136866274404e-05
rect,5.7360136866274404e-05
sargan,5.7360136866274404e-05
nanc,5.7360136866274404e-05
helsinki,5.7360136866274404e-05
orp,5.7360136866274404e-05
restraint,5.7360136866274404e-05
yii,5.7360136866274404e-05
vxt,5.7360136866274404e-05
tialli,5.7360136866274404e-05
fst,5.7360136866274404e-05
dii,5.7360136866274404e-05
sharpli,5.7360136866274404e-05
pindyck,5.7360136866274404e-05
germani,5.7360136866274404e-05
experienc,5.7360136866274404e-05
axj,5.652883053487912e-05
seven,5.652883053487912e-05
xpi,5.652883053487912e-05
cht,5.652883053487912e-05
aia,5.652883053487912e-05
gra,5.652883053487912e-05
monograph,5.652883053487912e-05
woodland,5.652883053487912e-05
nontransit,5.652883053487912e-05
someon,5.652883053487912e-05
autarki,5.652883053487912e-05
hayashi,5.652883053487912e-05
everybodi,5.652883053487912e-05
halfspac,5.652883053487912e-05
jacob,5.652883053487912e-05
silver,5.652883053487912e-05
quiggin,5.652883053487912e-05
steep,5.652883053487912e-05
biject,5.652883053487912e-05
wisconsin,5.652883053487912e-05
southern,5.652883053487912e-05
rankdepend,5.652883053487912e-05
exprim,5.652883053487912e-05
pkt,5.652883053487912e-05
commerc,5.652883053487912e-05
pessimist,5.652883053487912e-05
merten,5.652883053487912e-05
xpo,5.652883053487912e-05
addisonwesley,5.652883053487912e-05
gin,5.652883053487912e-05
exert,5.652883053487912e-05
sional,5.652883053487912e-05
cubic,5.569752420348384e-05
nativ,5.569752420348384e-05
innocu,5.569752420348384e-05
ljung,5.569752420348384e-05
zone,5.569752420348384e-05
refut,5.569752420348384e-05
tyt,5.569752420348384e-05
qtt,5.569752420348384e-05
pensat,5.569752420348384e-05
aoki,5.569752420348384e-05
floor,5.569752420348384e-05
delta,5.569752420348384e-05
vacuous,5.569752420348384e-05
pst,5.569752420348384e-05
fis,5.569752420348384e-05
shapley,5.569752420348384e-05
pascal,5.569752420348384e-05
samuel,5.569752420348384e-05
gollier,5.569752420348384e-05
itt,5.569752420348384e-05
rotat,5.569752420348384e-05
herstein,5.569752420348384e-05
rationnel,5.569752420348384e-05
guidanc,5.569752420348384e-05
fourier,5.569752420348384e-05
curs,5.569752420348384e-05
xtj,5.569752420348384e-05
coexist,5.569752420348384e-05
eij,5.569752420348384e-05
egg,5.569752420348384e-05
park,5.569752420348384e-05
shrink,5.569752420348384e-05
sir,5.569752420348384e-05
schmidt,5.569752420348384e-05
ceil,5.569752420348384e-05
supposit,5.569752420348384e-05
noisi,5.569752420348384e-05
arbi,5.569752420348384e-05
amen,5.569752420348384e-05
xiii,5.569752420348384e-05
advers,5.4866217872088554e-05
customari,5.4866217872088554e-05
ascertain,5.4866217872088554e-05
holthausen,5.4866217872088554e-05
noo,5.4866217872088554e-05
liter,5.4866217872088554e-05
jordan,5.4866217872088554e-05
dpn,5.4866217872088554e-05
nonnorm,5.4866217872088554e-05
unimport,5.4866217872088554e-05
conv,5.4866217872088554e-05
afl,5.4866217872088554e-05
lign,5.4866217872088554e-05
marc,5.4866217872088554e-05
xtt,5.4866217872088554e-05
mis,5.4866217872088554e-05
fenchel,5.4866217872088554e-05
subtl,5.4866217872088554e-05
sembl,5.4866217872088554e-05
cern,5.4866217872088554e-05
nonhomogen,5.4866217872088554e-05
sto,5.4866217872088554e-05
darrel,5.4866217872088554e-05
lerner,5.4866217872088554e-05
lin,5.4866217872088554e-05
timevari,5.4866217872088554e-05
plain,5.4866217872088554e-05
dfi,5.4034911540693273e-05
brennan,5.4034911540693273e-05
cornel,5.4034911540693273e-05
stati,5.4034911540693273e-05
vent,5.4034911540693273e-05
vpt,5.4034911540693273e-05
sep,5.4034911540693273e-05
glanc,5.4034911540693273e-05
resal,5.4034911540693273e-05
enfin,5.4034911540693273e-05
slide,5.4034911540693273e-05
pie,5.4034911540693273e-05
boolean,5.4034911540693273e-05
ini,5.4034911540693273e-05
auto,5.4034911540693273e-05
pap,5.4034911540693273e-05
ert,5.4034911540693273e-05
congress,5.4034911540693273e-05
travel,5.4034911540693273e-05
edinburgh,5.4034911540693273e-05
bold,5.4034911540693273e-05
damp,5.4034911540693273e-05
clearinghous,5.4034911540693273e-05
fuller,5.4034911540693273e-05
consult,5.4034911540693273e-05
peer,5.4034911540693273e-05
pis,5.4034911540693273e-05
eli,5.4034911540693273e-05
rose,5.4034911540693273e-05
musgrav,5.4034911540693273e-05
sight,5.4034911540693273e-05
dash,5.4034911540693273e-05
campbel,5.4034911540693273e-05
repay,5.4034911540693273e-05
committe,5.4034911540693273e-05
transitori,5.4034911540693273e-05
compo,5.4034911540693273e-05
illinoi,5.4034911540693273e-05
patholog,5.4034911540693273e-05
quan,5.320360520929799e-05
shortcom,5.320360520929799e-05
score,5.320360520929799e-05
polak,5.320360520929799e-05
netherland,5.320360520929799e-05
budgetair,5.320360520929799e-05
renew,5.320360520929799e-05
bray,5.320360520929799e-05
hundr,5.320360520929799e-05
eisner,5.320360520929799e-05
xmt,5.320360520929799e-05
jeffrey,5.320360520929799e-05
tenu,5.320360520929799e-05
semin,5.320360520929799e-05
nondur,5.320360520929799e-05
iden,5.320360520929799e-05
uic,5.320360520929799e-05
dwo,5.320360520929799e-05
surround,5.320360520929799e-05
zvi,5.320360520929799e-05
overlook,5.320360520929799e-05
tude,5.320360520929799e-05
touch,5.320360520929799e-05
mij,5.320360520929799e-05
statistician,5.320360520929799e-05
beckmann,5.320360520929799e-05
subsampl,5.320360520929799e-05
xki,5.320360520929799e-05
epu,5.320360520929799e-05
rel,5.320360520929799e-05
subgam,5.320360520929799e-05
osaka,5.320360520929799e-05
illiquid,5.320360520929799e-05
postwar,5.320360520929799e-05
pta,5.320360520929799e-05
gari,5.320360520929799e-05
zti,5.237229887790271e-05
limo,5.237229887790271e-05
tentat,5.237229887790271e-05
stockflow,5.237229887790271e-05
worri,5.237229887790271e-05
osp,5.237229887790271e-05
drastic,5.237229887790271e-05
xll,5.237229887790271e-05
binomi,5.237229887790271e-05
theme,5.237229887790271e-05
kolmogorov,5.237229887790271e-05
silberberg,5.237229887790271e-05
enthoven,5.237229887790271e-05
terist,5.237229887790271e-05
myopia,5.237229887790271e-05
weather,5.237229887790271e-05
famill,5.237229887790271e-05
calvo,5.237229887790271e-05
xfx,5.237229887790271e-05
australian,5.237229887790271e-05
courant,5.237229887790271e-05
cootner,5.237229887790271e-05
ptyt,5.237229887790271e-05
eter,5.237229887790271e-05
michio,5.237229887790271e-05
home,5.237229887790271e-05
div,5.237229887790271e-05
toss,5.237229887790271e-05
pectat,5.237229887790271e-05
stanley,5.237229887790271e-05
istic,5.237229887790271e-05
front,5.237229887790271e-05
thaler,5.237229887790271e-05
percentil,5.237229887790271e-05
drawback,5.237229887790271e-05
abel,5.237229887790271e-05
trait,5.237229887790271e-05
rti,5.237229887790271e-05
vex,5.237229887790271e-05
thick,5.237229887790271e-05
pox,5.154099254650743e-05
oij,5.154099254650743e-05
kakutani,5.154099254650743e-05
egalitarian,5.154099254650743e-05
timothi,5.154099254650743e-05
hospit,5.154099254650743e-05
ifx,5.154099254650743e-05
unrat,5.154099254650743e-05
fct,5.154099254650743e-05
jas,5.154099254650743e-05
fuss,5.154099254650743e-05
national,5.154099254650743e-05
uax,5.154099254650743e-05
bii,5.154099254650743e-05
alien,5.154099254650743e-05
wave,5.154099254650743e-05
dxl,5.154099254650743e-05
dale,5.154099254650743e-05
manc,5.154099254650743e-05
thorough,5.154099254650743e-05
closedend,5.154099254650743e-05
reinvest,5.154099254650743e-05
finitedimension,5.154099254650743e-05
paa,5.154099254650743e-05
detr,5.154099254650743e-05
combinatori,5.154099254650743e-05
svensson,5.154099254650743e-05
somehow,5.154099254650743e-05
pollut,5.154099254650743e-05
hedon,5.154099254650743e-05
inspir,5.154099254650743e-05
nonhomothet,5.154099254650743e-05
philip,5.154099254650743e-05
lequel,5.154099254650743e-05
cramer,5.070968621511215e-05
doob,5.070968621511215e-05
riskadjust,5.070968621511215e-05
economet,5.070968621511215e-05
hardi,5.070968621511215e-05
loui,5.070968621511215e-05
allo,5.070968621511215e-05
uxx,5.070968621511215e-05
mcmanus,5.070968621511215e-05
fyt,5.070968621511215e-05
axo,5.070968621511215e-05
presentvalu,5.070968621511215e-05
inabl,5.070968621511215e-05
grade,5.070968621511215e-05
advisor,5.070968621511215e-05
apo,5.070968621511215e-05
cax,5.070968621511215e-05
luck,5.070968621511215e-05
street,5.070968621511215e-05
coi,5.070968621511215e-05
alan,5.070968621511215e-05
amend,5.070968621511215e-05
unx,5.070968621511215e-05
newberi,5.070968621511215e-05
mnl,5.070968621511215e-05
twogood,5.070968621511215e-05
singleperiod,5.070968621511215e-05
temporarili,5.070968621511215e-05
ousli,5.070968621511215e-05
haven,5.070968621511215e-05
visual,5.070968621511215e-05
occas,5.070968621511215e-05
nishimura,5.070968621511215e-05
standpoint,5.070968621511215e-05
health,5.070968621511215e-05
negoti,5.070968621511215e-05
srinivasan,5.070968621511215e-05
dard,5.070968621511215e-05
forj,5.070968621511215e-05
xnt,5.070968621511215e-05
remind,5.070968621511215e-05
irregular,5.070968621511215e-05
intract,5.070968621511215e-05
xjt,5.070968621511215e-05
tiviti,5.070968621511215e-05
stake,5.070968621511215e-05
coverag,5.070968621511215e-05
beaucoup,5.070968621511215e-05
lequilibr,5.070968621511215e-05
hierarch,4.987837988371687e-05
mantel,4.987837988371687e-05
brechl,4.987837988371687e-05
situa,4.987837988371687e-05
dunford,4.987837988371687e-05
zij,4.987837988371687e-05
illumin,4.987837988371687e-05
ptpt,4.987837988371687e-05
esp,4.987837988371687e-05
perfor,4.987837988371687e-05
liaison,4.987837988371687e-05
outlay,4.987837988371687e-05
xto,4.987837988371687e-05
etat,4.987837988371687e-05
gest,4.987837988371687e-05
sci,4.987837988371687e-05
iai,4.987837988371687e-05
sig,4.987837988371687e-05
vast,4.987837988371687e-05
disagr,4.987837988371687e-05
antonelli,4.987837988371687e-05
multiattribut,4.987837988371687e-05
sive,4.987837988371687e-05
synthesi,4.987837988371687e-05
discourag,4.987837988371687e-05
ira,4.987837988371687e-05
lime,4.987837988371687e-05
ext,4.987837988371687e-05
jectiv,4.987837988371687e-05
ptkt,4.987837988371687e-05
destin,4.987837988371687e-05
hartman,4.987837988371687e-05
aura,4.987837988371687e-05
approxima,4.987837988371687e-05
sari,4.987837988371687e-05
nen,4.987837988371687e-05
quant,4.987837988371687e-05
mdimension,4.987837988371687e-05
pep,4.987837988371687e-05
ata,4.904707355232159e-05
spell,4.904707355232159e-05
vth,4.904707355232159e-05
axa,4.904707355232159e-05
coo,4.904707355232159e-05
worstcas,4.904707355232159e-05
neous,4.904707355232159e-05
denni,4.904707355232159e-05
consi,4.904707355232159e-05
ior,4.904707355232159e-05
swami,4.904707355232159e-05
ulx,4.904707355232159e-05
flt,4.904707355232159e-05
tari,4.904707355232159e-05
costofliv,4.904707355232159e-05
steadili,4.904707355232159e-05
domar,4.904707355232159e-05
waugh,4.904707355232159e-05
saito,4.904707355232159e-05
anyon,4.904707355232159e-05
riod,4.904707355232159e-05
room,4.904707355232159e-05
cutoff,4.904707355232159e-05
inaccur,4.904707355232159e-05
aag,4.904707355232159e-05
mps,4.904707355232159e-05
townsend,4.904707355232159e-05
cauchi,4.904707355232159e-05
orem,4.904707355232159e-05
hing,4.904707355232159e-05
andreu,4.904707355232159e-05
birth,4.904707355232159e-05
fellowship,4.904707355232159e-05
noteworthi,4.904707355232159e-05
useless,4.904707355232159e-05
widespread,4.904707355232159e-05
aixi,4.821576722092631e-05
ventur,4.821576722092631e-05
abc,4.821576722092631e-05
census,4.821576722092631e-05
throw,4.821576722092631e-05
disagre,4.821576722092631e-05
impress,4.821576722092631e-05
meter,4.821576722092631e-05
began,4.821576722092631e-05
preston,4.821576722092631e-05
tenc,4.821576722092631e-05
twenti,4.821576722092631e-05
rica,4.821576722092631e-05
contact,4.821576722092631e-05
court,4.821576722092631e-05
hatta,4.821576722092631e-05
pretat,4.821576722092631e-05
sacrific,4.821576722092631e-05
uxl,4.821576722092631e-05
koyck,4.821576722092631e-05
libria,4.821576722092631e-05
transac,4.821576722092631e-05
kolm,4.821576722092631e-05
quasifix,4.821576722092631e-05
dislik,4.821576722092631e-05
onestag,4.821576722092631e-05
xie,4.821576722092631e-05
ogi,4.821576722092631e-05
resort,4.821576722092631e-05
takayama,4.821576722092631e-05
nickel,4.821576722092631e-05
albeit,4.821576722092631e-05
casual,4.821576722092631e-05
genc,4.821576722092631e-05
recipi,4.821576722092631e-05
correspon,4.821576722092631e-05
estab,4.821576722092631e-05
inevit,4.821576722092631e-05
champernown,4.821576722092631e-05
repetit,4.821576722092631e-05
nonoptim,4.821576722092631e-05
pension,4.821576722092631e-05
cho,4.821576722092631e-05
cuss,4.821576722092631e-05
pronounc,4.821576722092631e-05
ptk,4.821576722092631e-05
convexvalu,4.738446088953103e-05
adj,4.738446088953103e-05
irt,4.738446088953103e-05
improp,4.738446088953103e-05
arthur,4.738446088953103e-05
gourieroux,4.738446088953103e-05
archimedean,4.738446088953103e-05
uncontrol,4.738446088953103e-05
tjall,4.738446088953103e-05
submarket,4.738446088953103e-05
louvain,4.738446088953103e-05
lun,4.738446088953103e-05
xio,4.738446088953103e-05
fax,4.738446088953103e-05
certaintyequival,4.738446088953103e-05
katzner,4.738446088953103e-05
nine,4.738446088953103e-05
rescal,4.738446088953103e-05
verg,4.738446088953103e-05
pigou,4.738446088953103e-05
ethic,4.738446088953103e-05
station,4.738446088953103e-05
nonstor,4.738446088953103e-05
yis,4.738446088953103e-05
vers,4.738446088953103e-05
aci,4.738446088953103e-05
morgan,4.738446088953103e-05
jerusalem,4.738446088953103e-05
hirofumi,4.738446088953103e-05
anali,4.738446088953103e-05
hyperbol,4.738446088953103e-05
pza,4.738446088953103e-05
inadequ,4.738446088953103e-05
twocommod,4.6553154558135746e-05
tonic,4.6553154558135746e-05
ctl,4.6553154558135746e-05
reconcil,4.6553154558135746e-05
eii,4.6553154558135746e-05
anl,4.6553154558135746e-05
sic,4.6553154558135746e-05
hori,4.6553154558135746e-05
amin,4.6553154558135746e-05
borei,4.6553154558135746e-05
pertin,4.6553154558135746e-05
vehicl,4.6553154558135746e-05
iip,4.6553154558135746e-05
timal,4.6553154558135746e-05
santa,4.6553154558135746e-05
cam,4.6553154558135746e-05
atempor,4.6553154558135746e-05
reform,4.6553154558135746e-05
plp,4.6553154558135746e-05
carnegi,4.6553154558135746e-05
nouvell,4.6553154558135746e-05
poo,4.6553154558135746e-05
kahn,4.6553154558135746e-05
tsiang,4.6553154558135746e-05
nondegeneraci,4.6553154558135746e-05
ful,4.6553154558135746e-05
cout,4.6553154558135746e-05
coeditor,4.6553154558135746e-05
atx,4.6553154558135746e-05
finan,4.6553154558135746e-05
roo,4.6553154558135746e-05
disast,4.6553154558135746e-05
karni,4.6553154558135746e-05
cara,4.6553154558135746e-05
ahi,4.6553154558135746e-05
aal,4.6553154558135746e-05
multivalu,4.6553154558135746e-05
ensu,4.6553154558135746e-05
uci,4.6553154558135746e-05
geometri,4.6553154558135746e-05
ando,4.6553154558135746e-05
duncan,4.6553154558135746e-05
mayer,4.6553154558135746e-05
aat,4.5721848226740465e-05
leahi,4.5721848226740465e-05
pil,4.5721848226740465e-05
nielsen,4.5721848226740465e-05
relativ,4.5721848226740465e-05
predecessor,4.5721848226740465e-05
domi,4.5721848226740465e-05
letud,4.5721848226740465e-05
lippman,4.5721848226740465e-05
ppi,4.5721848226740465e-05
gip,4.5721848226740465e-05
felt,4.5721848226740465e-05
pnl,4.5721848226740465e-05
maximiza,4.5721848226740465e-05
psi,4.5721848226740465e-05
inflex,4.5721848226740465e-05
dxt,4.5721848226740465e-05
thin,4.5721848226740465e-05
irwin,4.5721848226740465e-05
lor,4.5721848226740465e-05
ferguson,4.5721848226740465e-05
xin,4.5721848226740465e-05
wolfowitz,4.5721848226740465e-05
xji,4.5721848226740465e-05
strate,4.5721848226740465e-05
grad,4.5721848226740465e-05
errorfre,4.5721848226740465e-05
uti,4.5721848226740465e-05
swedish,4.5721848226740465e-05
ficient,4.5721848226740465e-05
invent,4.5721848226740465e-05
incomeconsumpt,4.5721848226740465e-05
chastic,4.5721848226740465e-05
permett,4.5721848226740465e-05
ton,4.5721848226740465e-05
revert,4.5721848226740465e-05
subvector,4.5721848226740465e-05
revu,4.5721848226740465e-05
unadjust,4.5721848226740465e-05
introductori,4.5721848226740465e-05
todd,4.5721848226740465e-05
hong,4.5721848226740465e-05
shortsal,4.5721848226740465e-05
cadr,4.5721848226740465e-05
king,4.5721848226740465e-05
superl,4.5721848226740465e-05
realism,4.5721848226740465e-05
mpc,4.5721848226740465e-05
iei,4.4890541895345184e-05
club,4.4890541895345184e-05
cir,4.4890541895345184e-05
cti,4.4890541895345184e-05
ain,4.4890541895345184e-05
mauric,4.4890541895345184e-05
unival,4.4890541895345184e-05
nasdaq,4.4890541895345184e-05
poli,4.4890541895345184e-05
siegel,4.4890541895345184e-05
ucla,4.4890541895345184e-05
sul,4.4890541895345184e-05
mandelbrot,4.4890541895345184e-05
metroeconomica,4.4890541895345184e-05
finitehorizon,4.4890541895345184e-05
consol,4.4890541895345184e-05
vis,4.4890541895345184e-05
peg,4.4890541895345184e-05
sequent,4.4890541895345184e-05
width,4.4890541895345184e-05
cussion,4.4890541895345184e-05
stockout,4.4890541895345184e-05
rmin,4.4890541895345184e-05
kko,4.4890541895345184e-05
kelley,4.4890541895345184e-05
xsx,4.4890541895345184e-05
qtl,4.4890541895345184e-05
deconomi,4.4890541895345184e-05
closed,4.4890541895345184e-05
tko,4.4890541895345184e-05
pontryagin,4.4890541895345184e-05
ticket,4.4890541895345184e-05
lhs,4.4890541895345184e-05
ajk,4.4890541895345184e-05
spectiv,4.4890541895345184e-05
fyo,4.4890541895345184e-05
defect,4.4890541895345184e-05
hybrid,4.4890541895345184e-05
ttt,4.4890541895345184e-05
oxi,4.4890541895345184e-05
explos,4.4890541895345184e-05
fictiti,4.4890541895345184e-05
disutil,4.4890541895345184e-05
mistaken,4.4890541895345184e-05
fox,4.4890541895345184e-05
ferenti,4.4890541895345184e-05
unfair,4.4890541895345184e-05
blinder,4.4890541895345184e-05
subperiod,4.4890541895345184e-05
baron,4.4890541895345184e-05
cube,4.4890541895345184e-05
vtx,4.4890541895345184e-05
howitt,4.4890541895345184e-05
rationalexpect,4.4890541895345184e-05
coupon,4.4890541895345184e-05
needless,4.4890541895345184e-05
firststag,4.4890541895345184e-05
loser,4.4890541895345184e-05
implica,4.4890541895345184e-05
appro,4.4890541895345184e-05
veloc,4.4890541895345184e-05
ppp,4.4890541895345184e-05
oci,4.4059235563949904e-05
kydland,4.4059235563949904e-05
ontario,4.4059235563949904e-05
disk,4.4059235563949904e-05
priat,4.4059235563949904e-05
newli,4.4059235563949904e-05
laboratori,4.4059235563949904e-05
werlang,4.4059235563949904e-05
claud,4.4059235563949904e-05
plusieur,4.4059235563949904e-05
terest,4.4059235563949904e-05
arch,4.4059235563949904e-05
remedi,4.4059235563949904e-05
harder,4.4059235563949904e-05
advoc,4.4059235563949904e-05
gmm,4.4059235563949904e-05
declar,4.4059235563949904e-05
ucc,4.4059235563949904e-05
pto,4.4059235563949904e-05
ativ,4.4059235563949904e-05
somewher,4.4059235563949904e-05
easiest,4.4059235563949904e-05
ushap,4.4059235563949904e-05
fkp,4.4059235563949904e-05
morri,4.4059235563949904e-05
came,4.4059235563949904e-05
cept,4.4059235563949904e-05
corn,4.4059235563949904e-05
sound,4.4059235563949904e-05
loglikelihood,4.4059235563949904e-05
xhi,4.4059235563949904e-05
timeinvari,4.4059235563949904e-05
deconometri,4.4059235563949904e-05
edwin,4.4059235563949904e-05
bip,4.4059235563949904e-05
affirm,4.4059235563949904e-05
eti,4.4059235563949904e-05
aet,4.4059235563949904e-05
gdp,4.4059235563949904e-05
mortensen,4.4059235563949904e-05
pxl,4.4059235563949904e-05
tiabl,4.4059235563949904e-05
salair,4.4059235563949904e-05
finer,4.4059235563949904e-05
nonoverlap,4.4059235563949904e-05
monetair,4.4059235563949904e-05
pouvoir,4.4059235563949904e-05
ytt,4.4059235563949904e-05
scrap,4.4059235563949904e-05
xkt,4.4059235563949904e-05
effectu,4.322792923255462e-05
oneshot,4.322792923255462e-05
asterisk,4.322792923255462e-05
altruist,4.322792923255462e-05
unprofit,4.322792923255462e-05
vxo,4.322792923255462e-05
taneous,4.322792923255462e-05
xik,4.322792923255462e-05
qti,4.322792923255462e-05
ond,4.322792923255462e-05
unspecifi,4.322792923255462e-05
nonatom,4.322792923255462e-05
priceset,4.322792923255462e-05
rii,4.322792923255462e-05
faculti,4.322792923255462e-05
expert,4.322792923255462e-05
basin,4.322792923255462e-05
incid,4.322792923255462e-05
spurious,4.322792923255462e-05
pol,4.322792923255462e-05
loop,4.322792923255462e-05
bor,4.322792923255462e-05
resist,4.322792923255462e-05
closedform,4.322792923255462e-05
vtt,4.322792923255462e-05
riskshar,4.322792923255462e-05
yki,4.322792923255462e-05
xxx,4.322792923255462e-05
anid,4.322792923255462e-05
eichhorn,4.322792923255462e-05
yik,4.322792923255462e-05
logchang,4.322792923255462e-05
pik,4.322792923255462e-05
franco,4.322792923255462e-05
minkowski,4.322792923255462e-05
dpk,4.322792923255462e-05
super,4.322792923255462e-05
machineri,4.322792923255462e-05
jack,4.322792923255462e-05
emb,4.322792923255462e-05
wast,4.322792923255462e-05
ana,4.322792923255462e-05
cienci,4.322792923255462e-05
fear,4.322792923255462e-05
tinuiti,4.322792923255462e-05
azt,4.322792923255462e-05
slater,4.322792923255462e-05
dqi,4.322792923255462e-05
infinitedimension,4.322792923255462e-05
verbal,4.322792923255462e-05
isfi,4.322792923255462e-05
bal,4.322792923255462e-05
itzhak,4.322792923255462e-05
thereof,4.322792923255462e-05
acter,4.322792923255462e-05
axl,4.322792923255462e-05
argmax,4.322792923255462e-05
sandroni,4.239662290115934e-05
chamber,4.239662290115934e-05
fixedpric,4.239662290115934e-05
schmitz,4.239662290115934e-05
issuanc,4.239662290115934e-05
wtl,4.239662290115934e-05
cumbersom,4.239662290115934e-05
knew,4.239662290115934e-05
judgement,4.239662290115934e-05
unpredict,4.239662290115934e-05
lay,4.239662290115934e-05
reproduct,4.239662290115934e-05
oii,4.239662290115934e-05
qij,4.239662290115934e-05
convolut,4.239662290115934e-05
rpx,4.239662290115934e-05
font,4.239662290115934e-05
scatter,4.239662290115934e-05
timeless,4.239662290115934e-05
jacqu,4.239662290115934e-05
pxt,4.239662290115934e-05
pseudo,4.239662290115934e-05
logiqu,4.239662290115934e-05
nowher,4.239662290115934e-05
envi,4.239662290115934e-05
cxi,4.239662290115934e-05
guy,4.239662290115934e-05
ficat,4.239662290115934e-05
omiss,4.239662290115934e-05
christian,4.239662290115934e-05
mosak,4.239662290115934e-05
crea,4.239662290115934e-05
benjamin,4.239662290115934e-05
diseconomi,4.239662290115934e-05
clearer,4.239662290115934e-05
yli,4.239662290115934e-05
giora,4.239662290115934e-05
gould,4.239662290115934e-05
namic,4.239662290115934e-05
heavi,4.239662290115934e-05
nationalis,4.239662290115934e-05
takeov,4.239662290115934e-05
besoin,4.239662290115934e-05
economywid,4.239662290115934e-05
mose,4.239662290115934e-05
ingredi,4.239662290115934e-05
grave,4.239662290115934e-05
diego,4.239662290115934e-05
glx,4.239662290115934e-05
vco,4.239662290115934e-05
sos,4.239662290115934e-05
alp,4.239662290115934e-05
catch,4.239662290115934e-05
dhryme,4.239662290115934e-05
xqx,4.239662290115934e-05
tpt,4.239662290115934e-05
zjt,4.239662290115934e-05
occupi,4.239662290115934e-05
izi,4.239662290115934e-05
manchest,4.239662290115934e-05
vtc,4.239662290115934e-05
jovanovich,4.239662290115934e-05
deni,4.239662290115934e-05
striction,4.239662290115934e-05
fold,4.156531656976406e-05
duke,4.156531656976406e-05
scarciti,4.156531656976406e-05
rene,4.156531656976406e-05
disequilibria,4.156531656976406e-05
ning,4.156531656976406e-05
pretax,4.156531656976406e-05
elaps,4.156531656976406e-05
recognit,4.156531656976406e-05
opt,4.156531656976406e-05
tij,4.156531656976406e-05
electr,4.156531656976406e-05
fto,4.156531656976406e-05
nau,4.156531656976406e-05
vct,4.156531656976406e-05
teriz,4.156531656976406e-05
tionship,4.156531656976406e-05
conver,4.156531656976406e-05
choicetheoret,4.156531656976406e-05
pni,4.156531656976406e-05
lis,4.156531656976406e-05
suscept,4.156531656976406e-05
prete,4.156531656976406e-05
interim,4.156531656976406e-05
ara,4.156531656976406e-05
undiscount,4.156531656976406e-05
titi,4.156531656976406e-05
compustat,4.156531656976406e-05
preneur,4.156531656976406e-05
nondifferenti,4.156531656976406e-05
sition,4.156531656976406e-05
noncapit,4.156531656976406e-05
mimic,4.156531656976406e-05
sti,4.156531656976406e-05
tkt,4.156531656976406e-05
pyx,4.156531656976406e-05
organiz,4.156531656976406e-05
harold,4.156531656976406e-05
consumptioninvest,4.156531656976406e-05
norman,4.156531656976406e-05
honour,4.156531656976406e-05
cri,4.156531656976406e-05
howard,4.156531656976406e-05
pole,4.156531656976406e-05
xcx,4.156531656976406e-05
anal,4.156531656976406e-05
pia,4.156531656976406e-05
ular,4.156531656976406e-05
subdivis,4.156531656976406e-05
idd,4.156531656976406e-05
fpt,4.156531656976406e-05
tip,4.156531656976406e-05
ting,4.156531656976406e-05
hij,4.156531656976406e-05
entitl,4.156531656976406e-05
ypi,4.156531656976406e-05
futia,4.156531656976406e-05
arguabl,4.156531656976406e-05
inflow,4.156531656976406e-05
epp,4.156531656976406e-05
vxx,4.156531656976406e-05
marcel,4.156531656976406e-05
onward,4.156531656976406e-05
lever,4.156531656976406e-05
labormanag,4.156531656976406e-05
ducer,4.156531656976406e-05
stocha,4.156531656976406e-05
seconddegre,4.156531656976406e-05
jeanmichel,4.156531656976406e-05
txt,4.156531656976406e-05
goo,4.073401023836878e-05
cnt,4.073401023836878e-05
krishna,4.073401023836878e-05
fini,4.073401023836878e-05
kakwani,4.073401023836878e-05
abli,4.073401023836878e-05
lutilit,4.073401023836878e-05
fll,4.073401023836878e-05
jaffe,4.073401023836878e-05
pex,4.073401023836878e-05
indiff,4.073401023836878e-05
outr,4.073401023836878e-05
pft,4.073401023836878e-05
trop,4.073401023836878e-05
fell,4.073401023836878e-05
fiy,4.073401023836878e-05
momentum,4.073401023836878e-05
del,4.073401023836878e-05
equiv,4.073401023836878e-05
packag,4.073401023836878e-05
cis,4.073401023836878e-05
aka,4.073401023836878e-05
misspecif,4.073401023836878e-05
bourguignon,4.073401023836878e-05
eia,4.073401023836878e-05
pisi,4.073401023836878e-05
ido,4.073401023836878e-05
heckman,4.073401023836878e-05
brainard,4.073401023836878e-05
hendri,4.073401023836878e-05
unn,4.073401023836878e-05
interven,4.073401023836878e-05
unsatisfi,4.073401023836878e-05
mirror,4.073401023836878e-05
justic,4.073401023836878e-05
gps,4.073401023836878e-05
zez,4.073401023836878e-05
xiv,4.073401023836878e-05
pot,4.073401023836878e-05
mari,4.073401023836878e-05
abraham,4.073401023836878e-05
def,4.073401023836878e-05
connor,4.073401023836878e-05
ian,4.073401023836878e-05
children,4.073401023836878e-05
uyt,4.073401023836878e-05
ath,4.073401023836878e-05
dubey,4.073401023836878e-05
thumb,4.073401023836878e-05
avant,3.99027039069735e-05
holdenday,3.99027039069735e-05
reestim,3.99027039069735e-05
maxp,3.99027039069735e-05
onegood,3.99027039069735e-05
quart,3.99027039069735e-05
ordinarili,3.99027039069735e-05
subsum,3.99027039069735e-05
ital,3.99027039069735e-05
polygon,3.99027039069735e-05
zeitschrift,3.99027039069735e-05
yfi,3.99027039069735e-05
unavoid,3.99027039069735e-05
scitovski,3.99027039069735e-05
friend,3.99027039069735e-05
pnn,3.99027039069735e-05
mizat,3.99027039069735e-05
adam,3.99027039069735e-05
shorten,3.99027039069735e-05
chart,3.99027039069735e-05
riskreturn,3.99027039069735e-05
hellwig,3.99027039069735e-05
barten,3.99027039069735e-05
harvey,3.99027039069735e-05
uss,3.99027039069735e-05
itl,3.99027039069735e-05
kit,3.99027039069735e-05
specu,3.99027039069735e-05
camer,3.99027039069735e-05
zlt,3.99027039069735e-05
recover,3.99027039069735e-05
predomin,3.99027039069735e-05
nonbayesian,3.99027039069735e-05
amemiya,3.99027039069735e-05
viy,3.99027039069735e-05
dutta,3.99027039069735e-05
estat,3.99027039069735e-05
fsl,3.99027039069735e-05
slower,3.99027039069735e-05
intratempor,3.99027039069735e-05
monfort,3.99027039069735e-05
andj,3.99027039069735e-05
ixt,3.99027039069735e-05
vwt,3.99027039069735e-05
exploratori,3.99027039069735e-05
elsevi,3.99027039069735e-05
timeaddit,3.99027039069735e-05
proc,3.99027039069735e-05
pdx,3.99027039069735e-05
sloan,3.99027039069735e-05
obscur,3.99027039069735e-05
ecta,3.99027039069735e-05
iowa,3.99027039069735e-05
dax,3.99027039069735e-05
piy,3.99027039069735e-05
cotton,3.907139757557821e-05
coup,3.907139757557821e-05
philipp,3.907139757557821e-05
reiter,3.907139757557821e-05
socialist,3.907139757557821e-05
laitner,3.907139757557821e-05
spp,3.907139757557821e-05
arbitragefre,3.907139757557821e-05
mvector,3.907139757557821e-05
kaplan,3.907139757557821e-05
conglomer,3.907139757557821e-05
diag,3.907139757557821e-05
monitor,3.907139757557821e-05
therein,3.907139757557821e-05
dustri,3.907139757557821e-05
wright,3.907139757557821e-05
squareintegr,3.907139757557821e-05
cts,3.907139757557821e-05
kim,3.907139757557821e-05
atp,3.907139757557821e-05
diffeomorph,3.907139757557821e-05
wmax,3.907139757557821e-05
contra,3.907139757557821e-05
iom,3.907139757557821e-05
madden,3.907139757557821e-05
nontrad,3.907139757557821e-05
diagrammat,3.907139757557821e-05
disclosur,3.907139757557821e-05
ikt,3.907139757557821e-05
bob,3.907139757557821e-05
byproduct,3.907139757557821e-05
shortfal,3.907139757557821e-05
lxi,3.907139757557821e-05
substi,3.907139757557821e-05
euc,3.907139757557821e-05
secondstag,3.907139757557821e-05
deem,3.907139757557821e-05
prof,3.907139757557821e-05
mariotti,3.907139757557821e-05
mouvement,3.907139757557821e-05
acx,3.907139757557821e-05
ela,3.907139757557821e-05
viabil,3.907139757557821e-05
ctt,3.907139757557821e-05
byt,3.907139757557821e-05
isi,3.907139757557821e-05
wct,3.907139757557821e-05
reswitch,3.907139757557821e-05
portray,3.907139757557821e-05
takashi,3.907139757557821e-05
sme,3.907139757557821e-05
vishni,3.907139757557821e-05
contemporari,3.907139757557821e-05
caveat,3.907139757557821e-05
puttyclay,3.907139757557821e-05
contr,3.907139757557821e-05
consumptionsav,3.907139757557821e-05
anomali,3.824009124418293e-05
gov,3.824009124418293e-05
overview,3.824009124418293e-05
cxo,3.824009124418293e-05
mccall,3.824009124418293e-05
senior,3.824009124418293e-05
yin,3.824009124418293e-05
akin,3.824009124418293e-05
dana,3.824009124418293e-05
stateindepend,3.824009124418293e-05
andf,3.824009124418293e-05
foregon,3.824009124418293e-05
cqt,3.824009124418293e-05
minima,3.824009124418293e-05
indif,3.824009124418293e-05
clusion,3.824009124418293e-05
wlog,3.824009124418293e-05
dqn,3.824009124418293e-05
collus,3.824009124418293e-05
alo,3.824009124418293e-05
massimo,3.824009124418293e-05
appl,3.824009124418293e-05
iej,3.824009124418293e-05
colleagu,3.824009124418293e-05
fire,3.824009124418293e-05
miln,3.824009124418293e-05
recur,3.824009124418293e-05
bruce,3.824009124418293e-05
ricardian,3.824009124418293e-05
cli,3.824009124418293e-05
blackschol,3.824009124418293e-05
heaton,3.824009124418293e-05
rxt,3.824009124418293e-05
deficit,3.824009124418293e-05
pko,3.824009124418293e-05
bil,3.824009124418293e-05
oalgebra,3.824009124418293e-05
banker,3.824009124418293e-05
urban,3.824009124418293e-05
categor,3.824009124418293e-05
rtt,3.824009124418293e-05
milnor,3.824009124418293e-05
pui,3.824009124418293e-05
richess,3.824009124418293e-05
fac,3.824009124418293e-05
whilst,3.824009124418293e-05
erron,3.824009124418293e-05
ijk,3.824009124418293e-05
awt,3.824009124418293e-05
reconsider,3.824009124418293e-05
quinzii,3.824009124418293e-05
pare,3.824009124418293e-05
idl,3.824009124418293e-05
ift,3.824009124418293e-05
fik,3.824009124418293e-05
ftt,3.824009124418293e-05
qnt,3.824009124418293e-05
aic,3.824009124418293e-05
dxp,3.740878491278765e-05
neyman,3.740878491278765e-05
undoubt,3.740878491278765e-05
commodi,3.740878491278765e-05
nonbas,3.740878491278765e-05
sondermann,3.740878491278765e-05
catastroph,3.740878491278765e-05
transforma,3.740878491278765e-05
cedur,3.740878491278765e-05
race,3.740878491278765e-05
prescript,3.740878491278765e-05
vectorvalu,3.740878491278765e-05
amongst,3.740878491278765e-05
nav,3.740878491278765e-05
saposnik,3.740878491278765e-05
lief,3.740878491278765e-05
shoven,3.740878491278765e-05
road,3.740878491278765e-05
otc,3.740878491278765e-05
gramm,3.740878491278765e-05
fqx,3.740878491278765e-05
height,3.740878491278765e-05
lumpi,3.740878491278765e-05
limk,3.740878491278765e-05
lesson,3.740878491278765e-05
aeu,3.740878491278765e-05
whitin,3.740878491278765e-05
interet,3.740878491278765e-05
xli,3.740878491278765e-05
cake,3.740878491278765e-05
bassett,3.740878491278765e-05
uncompens,3.740878491278765e-05
bread,3.740878491278765e-05
fond,3.740878491278765e-05
dfc,3.740878491278765e-05
doesnt,3.740878491278765e-05
underperform,3.740878491278765e-05
tin,3.740878491278765e-05
ragnar,3.740878491278765e-05
strat,3.740878491278765e-05
bti,3.740878491278765e-05
pec,3.740878491278765e-05
pio,3.740878491278765e-05
pai,3.740878491278765e-05
biolog,3.740878491278765e-05
strip,3.740878491278765e-05
overpr,3.740878491278765e-05
erod,3.740878491278765e-05
ris,3.740878491278765e-05
transcendent,3.740878491278765e-05
dzt,3.740878491278765e-05
schultz,3.740878491278765e-05
wii,3.740878491278765e-05
matzkin,3.740878491278765e-05
tot,3.740878491278765e-05
ptp,3.740878491278765e-05
aggrega,3.740878491278765e-05
ekeland,3.740878491278765e-05
preval,3.740878491278765e-05
dimen,3.740878491278765e-05
laid,3.740878491278765e-05
hpi,3.740878491278765e-05
requisit,3.740878491278765e-05
utt,3.740878491278765e-05
formanc,3.740878491278765e-05
financier,3.740878491278765e-05
safra,3.740878491278765e-05
eric,3.740878491278765e-05
mundlak,3.740878491278765e-05
maskin,3.740878491278765e-05
xtxt,3.740878491278765e-05
lloyd,3.740878491278765e-05
finetti,3.740878491278765e-05
lewi,3.740878491278765e-05
aggrav,3.740878491278765e-05
poral,3.740878491278765e-05
visibl,3.740878491278765e-05
hpt,3.740878491278765e-05
imaginari,3.740878491278765e-05
pfp,3.740878491278765e-05
ufx,3.740878491278765e-05
wan,3.740878491278765e-05
xih,3.740878491278765e-05
dierker,3.740878491278765e-05
appel,3.657747858139237e-05
abt,3.657747858139237e-05
conven,3.657747858139237e-05
mise,3.657747858139237e-05
marx,3.657747858139237e-05
mes,3.657747858139237e-05
uxn,3.657747858139237e-05
marri,3.657747858139237e-05
pecuniari,3.657747858139237e-05
chung,3.657747858139237e-05
characteri,3.657747858139237e-05
volv,3.657747858139237e-05
bidask,3.657747858139237e-05
xif,3.657747858139237e-05
xmi,3.657747858139237e-05
suf,3.657747858139237e-05
xim,3.657747858139237e-05
foc,3.657747858139237e-05
pci,3.657747858139237e-05
overwhelm,3.657747858139237e-05
rubin,3.657747858139237e-05
eav,3.657747858139237e-05
unaccept,3.657747858139237e-05
farther,3.657747858139237e-05
quotient,3.657747858139237e-05
multiproduct,3.657747858139237e-05
anyway,3.657747858139237e-05
loewenstein,3.657747858139237e-05
nperiod,3.657747858139237e-05
hen,3.657747858139237e-05
csi,3.657747858139237e-05
ivi,3.657747858139237e-05
abi,3.657747858139237e-05
taxsubsidi,3.657747858139237e-05
fia,3.657747858139237e-05
nific,3.657747858139237e-05
cart,3.657747858139237e-05
mlr,3.657747858139237e-05
homog,3.657747858139237e-05
uiy,3.657747858139237e-05
nonfinanci,3.657747858139237e-05
higherord,3.657747858139237e-05
gestion,3.657747858139237e-05
theoti,3.657747858139237e-05
transmiss,3.657747858139237e-05
lindahl,3.657747858139237e-05
pff,3.657747858139237e-05
chocol,3.657747858139237e-05
cla,3.657747858139237e-05
cepremap,3.657747858139237e-05
fko,3.657747858139237e-05
epm,3.657747858139237e-05
payer,3.657747858139237e-05
xkl,3.657747858139237e-05
vip,3.657747858139237e-05
uij,3.657747858139237e-05
espac,3.657747858139237e-05
polya,3.657747858139237e-05
unclear,3.657747858139237e-05
anywher,3.657747858139237e-05
itiv,3.657747858139237e-05
enorm,3.657747858139237e-05
jonathan,3.657747858139237e-05
qst,3.657747858139237e-05
haut,3.657747858139237e-05
epoch,3.657747858139237e-05
ydi,3.657747858139237e-05
xla,3.657747858139237e-05
funda,3.657747858139237e-05
convexifi,3.657747858139237e-05
ullah,3.657747858139237e-05
worthless,3.657747858139237e-05
alent,3.657747858139237e-05
notrad,3.657747858139237e-05
carolina,3.657747858139237e-05
nostrand,3.657747858139237e-05
oti,3.657747858139237e-05
riedel,3.657747858139237e-05
axn,3.657747858139237e-05
stretch,3.657747858139237e-05
fpi,3.657747858139237e-05
secondbest,3.657747858139237e-05
nonmarket,3.657747858139237e-05
wet,3.574617224999709e-05
mul,3.574617224999709e-05
vfi,3.574617224999709e-05
undefin,3.574617224999709e-05
ddt,3.574617224999709e-05
oco,3.574617224999709e-05
restaur,3.574617224999709e-05
trate,3.574617224999709e-05
cyt,3.574617224999709e-05
fkj,3.574617224999709e-05
male,3.574617224999709e-05
chichilniski,3.574617224999709e-05
signif,3.574617224999709e-05
adjustmentcost,3.574617224999709e-05
readjust,3.574617224999709e-05
unavail,3.574617224999709e-05
fea,3.574617224999709e-05
afi,3.574617224999709e-05
ponzi,3.574617224999709e-05
strongest,3.574617224999709e-05
forf,3.574617224999709e-05
agnar,3.574617224999709e-05
twofold,3.574617224999709e-05
selfjustifi,3.574617224999709e-05
lla,3.574617224999709e-05
buyandhold,3.574617224999709e-05
niqu,3.574617224999709e-05
esi,3.574617224999709e-05
titman,3.574617224999709e-05
wht,3.574617224999709e-05
lii,3.574617224999709e-05
merchant,3.574617224999709e-05
akj,3.574617224999709e-05
prioriti,3.574617224999709e-05
fhp,3.574617224999709e-05
aua,3.574617224999709e-05
lovel,3.574617224999709e-05
xjj,3.574617224999709e-05
pop,3.574617224999709e-05
nadiri,3.574617224999709e-05
utx,3.574617224999709e-05
ufi,3.574617224999709e-05
computa,3.574617224999709e-05
cpt,3.574617224999709e-05
bend,3.574617224999709e-05
asymp,3.574617224999709e-05
sigma,3.574617224999709e-05
refus,3.574617224999709e-05
aoo,3.574617224999709e-05
interpreta,3.574617224999709e-05
asn,3.574617224999709e-05
pal,3.574617224999709e-05
gametheoret,3.574617224999709e-05
jay,3.574617224999709e-05
utilitymaxim,3.574617224999709e-05
ptat,3.574617224999709e-05
dress,3.574617224999709e-05
josef,3.574617224999709e-05
leamer,3.574617224999709e-05
pki,3.574617224999709e-05
israel,3.574617224999709e-05
prai,3.574617224999709e-05
onehalf,3.491486591860181e-05
coy,3.491486591860181e-05
lover,3.491486591860181e-05
obstacl,3.491486591860181e-05
proce,3.491486591860181e-05
iat,3.491486591860181e-05
steel,3.491486591860181e-05
littlewood,3.491486591860181e-05
developp,3.491486591860181e-05
aca,3.491486591860181e-05
capi,3.491486591860181e-05
cfk,3.491486591860181e-05
debtor,3.491486591860181e-05
ull,3.491486591860181e-05
xpt,3.491486591860181e-05
don,3.491486591860181e-05
alfr,3.491486591860181e-05
haim,3.491486591860181e-05
releg,3.491486591860181e-05
epv,3.491486591860181e-05
dam,3.491486591860181e-05
pkxk,3.491486591860181e-05
intersci,3.491486591860181e-05
alchian,3.491486591860181e-05
iiy,3.491486591860181e-05
hugo,3.491486591860181e-05
eri,3.491486591860181e-05
contriv,3.491486591860181e-05
quasir,3.491486591860181e-05
totic,3.491486591860181e-05
tfx,3.491486591860181e-05
director,3.491486591860181e-05
heath,3.491486591860181e-05
regr,3.491486591860181e-05
activit,3.491486591860181e-05
randal,3.491486591860181e-05
conclu,3.491486591860181e-05
specula,3.491486591860181e-05
inv,3.491486591860181e-05
forese,3.491486591860181e-05
downwardslop,3.491486591860181e-05
kannai,3.491486591860181e-05
cpi,3.491486591860181e-05
stuart,3.491486591860181e-05
yiy,3.491486591860181e-05
gone,3.491486591860181e-05
wherev,3.491486591860181e-05
dia,3.491486591860181e-05
chakravarti,3.491486591860181e-05
snell,3.491486591860181e-05
froot,3.491486591860181e-05
metal,3.491486591860181e-05
defens,3.491486591860181e-05
ternat,3.491486591860181e-05
rightcontinu,3.491486591860181e-05
fkx,3.491486591860181e-05
ser,3.491486591860181e-05
gard,3.491486591860181e-05
ada,3.491486591860181e-05
interperson,3.491486591860181e-05
ffx,3.491486591860181e-05
german,3.491486591860181e-05
nonsepar,3.491486591860181e-05
reput,3.491486591860181e-05
ellison,3.408355958720653e-05
inst,3.408355958720653e-05
poi,3.408355958720653e-05
diction,3.408355958720653e-05
clb,3.408355958720653e-05
eman,3.408355958720653e-05
stockholm,3.408355958720653e-05
leining,3.408355958720653e-05
overst,3.408355958720653e-05
east,3.408355958720653e-05
swap,3.408355958720653e-05
asl,3.408355958720653e-05
alog,3.408355958720653e-05
twopoint,3.408355958720653e-05
qje,3.408355958720653e-05
dxn,3.408355958720653e-05
impuls,3.408355958720653e-05
lyt,3.408355958720653e-05
physiqu,3.408355958720653e-05
heiner,3.408355958720653e-05
ecol,3.408355958720653e-05
commenc,3.408355958720653e-05
invit,3.408355958720653e-05
esteban,3.408355958720653e-05
cognit,3.408355958720653e-05
mulat,3.408355958720653e-05
friedmansavag,3.408355958720653e-05
genuin,3.408355958720653e-05
logi,3.408355958720653e-05
fuel,3.408355958720653e-05
fuch,3.408355958720653e-05
iij,3.408355958720653e-05
rne,3.408355958720653e-05
ted,3.408355958720653e-05
aoj,3.408355958720653e-05
intransit,3.408355958720653e-05
kohn,3.408355958720653e-05
wholli,3.408355958720653e-05
arma,3.408355958720653e-05
luxuri,3.408355958720653e-05
jewitt,3.408355958720653e-05
cxt,3.408355958720653e-05
mci,3.408355958720653e-05
shi,3.408355958720653e-05
adher,3.408355958720653e-05
quadratur,3.408355958720653e-05
ijt,3.408355958720653e-05
iji,3.408355958720653e-05
decom,3.408355958720653e-05
johansen,3.408355958720653e-05
voi,3.408355958720653e-05
identi,3.408355958720653e-05
spt,3.408355958720653e-05
tis,3.408355958720653e-05
tute,3.408355958720653e-05
seldom,3.408355958720653e-05
aep,3.408355958720653e-05
talk,3.408355958720653e-05
subinterv,3.408355958720653e-05
regulatori,3.408355958720653e-05
akl,3.408355958720653e-05
vpp,3.408355958720653e-05
generalequilibrium,3.408355958720653e-05
atj,3.408355958720653e-05
fti,3.408355958720653e-05
thejth,3.408355958720653e-05
orang,3.408355958720653e-05
fri,3.408355958720653e-05
gxt,3.408355958720653e-05
anxieti,3.408355958720653e-05
apx,3.408355958720653e-05
placement,3.408355958720653e-05
tanc,3.408355958720653e-05
boiteux,3.408355958720653e-05
extran,3.408355958720653e-05
enumer,3.408355958720653e-05
bushel,3.408355958720653e-05
rio,3.408355958720653e-05
ite,3.408355958720653e-05
gantmach,3.408355958720653e-05
uninterest,3.408355958720653e-05
xoo,3.3252253255811246e-05
aht,3.3252253255811246e-05
beal,3.3252253255811246e-05
spondenc,3.3252253255811246e-05
elev,3.3252253255811246e-05
cheaper,3.3252253255811246e-05
gkt,3.3252253255811246e-05
hypoth,3.3252253255811246e-05
aln,3.3252253255811246e-05
undervalu,3.3252253255811246e-05
maddala,3.3252253255811246e-05
aliv,3.3252253255811246e-05
riesz,3.3252253255811246e-05
uat,3.3252253255811246e-05
ktt,3.3252253255811246e-05
kenichi,3.3252253255811246e-05
zkt,3.3252253255811246e-05
gei,3.3252253255811246e-05
kendal,3.3252253255811246e-05
adt,3.3252253255811246e-05
weizsack,3.3252253255811246e-05
grove,3.3252253255811246e-05
prentic,3.3252253255811246e-05
thousand,3.3252253255811246e-05
uous,3.3252253255811246e-05
devia,3.3252253255811246e-05
undergo,3.3252253255811246e-05
zto,3.3252253255811246e-05
overreact,3.3252253255811246e-05
beach,3.3252253255811246e-05
depui,3.3252253255811246e-05
hir,3.3252253255811246e-05
malkiel,3.3252253255811246e-05
prive,3.3252253255811246e-05
command,3.3252253255811246e-05
ilt,3.3252253255811246e-05
ire,3.3252253255811246e-05
rebalanc,3.3252253255811246e-05
trick,3.3252253255811246e-05
assetpr,3.3252253255811246e-05
characteris,3.3252253255811246e-05
brouwer,3.3252253255811246e-05
vyy,3.3252253255811246e-05
vax,3.3252253255811246e-05
vation,3.3252253255811246e-05
stern,3.3252253255811246e-05
hik,3.3252253255811246e-05
yrjo,3.3252253255811246e-05
mckinnon,3.3252253255811246e-05
defi,3.3252253255811246e-05
equicontinu,3.3252253255811246e-05
britain,3.3252253255811246e-05
rea,3.3252253255811246e-05
spe,3.3252253255811246e-05
crra,3.3252253255811246e-05
maxa,3.3252253255811246e-05
multistag,3.3252253255811246e-05
yjt,3.3252253255811246e-05
sharpen,3.3252253255811246e-05
companion,3.3252253255811246e-05
pnp,3.3252253255811246e-05
neighbour,3.3252253255811246e-05
fourfactor,3.3252253255811246e-05
xay,3.3252253255811246e-05
compactvalu,3.3252253255811246e-05
itx,3.3252253255811246e-05
yji,3.3252253255811246e-05
memorandum,3.3252253255811246e-05
eup,3.3252253255811246e-05
delic,3.3252253255811246e-05
dean,3.3252253255811246e-05
adjoin,3.3252253255811246e-05
fdp,3.3252253255811246e-05
aalgebra,3.3252253255811246e-05
kxt,3.3252253255811246e-05
kennedi,3.3252253255811246e-05
fki,3.3252253255811246e-05
mond,3.3252253255811246e-05
xtx,3.3252253255811246e-05
lanalys,3.3252253255811246e-05
bls,3.3252253255811246e-05
poqo,3.3252253255811246e-05
fxdx,3.3252253255811246e-05
slaveri,3.3252253255811246e-05
zii,3.3252253255811246e-05
cashinadv,3.3252253255811246e-05
loin,3.3252253255811246e-05
ioo,3.3252253255811246e-05
advis,3.3252253255811246e-05
clearcut,3.3252253255811246e-05
aax,3.3252253255811246e-05
spect,3.3252253255811246e-05
subaggreg,3.2420946924415965e-05
uit,3.2420946924415965e-05
lpi,3.2420946924415965e-05
parkin,3.2420946924415965e-05
ava,3.2420946924415965e-05
sharper,3.2420946924415965e-05
krantz,3.2420946924415965e-05
stewart,3.2420946924415965e-05
gewek,3.2420946924415965e-05
iva,3.2420946924415965e-05
limsup,3.2420946924415965e-05
lakonishok,3.2420946924415965e-05
firstdegre,3.2420946924415965e-05
sobel,3.2420946924415965e-05
graviti,3.2420946924415965e-05
tlt,3.2420946924415965e-05
spec,3.2420946924415965e-05
xta,3.2420946924415965e-05
goodwin,3.2420946924415965e-05
tra,3.2420946924415965e-05
dite,3.2420946924415965e-05
econometri,3.2420946924415965e-05
firmspecif,3.2420946924415965e-05
wil,3.2420946924415965e-05
leroy,3.2420946924415965e-05
uaa,3.2420946924415965e-05
clair,3.2420946924415965e-05
vergenc,3.2420946924415965e-05
ppo,3.2420946924415965e-05
femal,3.2420946924415965e-05
correla,3.2420946924415965e-05
iyi,3.2420946924415965e-05
topki,3.2420946924415965e-05
parat,3.2420946924415965e-05
ypt,3.2420946924415965e-05
wpl,3.2420946924415965e-05
dynast,3.2420946924415965e-05
quirement,3.2420946924415965e-05
crisp,3.2420946924415965e-05
xni,3.2420946924415965e-05
bradford,3.2420946924415965e-05
imax,3.2420946924415965e-05
evanston,3.2420946924415965e-05
timehomogen,3.2420946924415965e-05
dgp,3.2420946924415965e-05
men,3.2420946924415965e-05
sth,3.2420946924415965e-05
dpo,3.2420946924415965e-05
litera,3.2420946924415965e-05
lax,3.2420946924415965e-05
xjp,3.2420946924415965e-05
begun,3.2420946924415965e-05
ordr,3.2420946924415965e-05
costa,3.2420946924415965e-05
xpx,3.2420946924415965e-05
giy,3.2420946924415965e-05
zil,3.2420946924415965e-05
vestor,3.2420946924415965e-05
pfi,3.2420946924415965e-05
deliber,3.2420946924415965e-05
inven,3.2420946924415965e-05
uncov,3.2420946924415965e-05
meaningless,3.2420946924415965e-05
sarin,3.2420946924415965e-05
chemic,3.2420946924415965e-05
ineffect,3.2420946924415965e-05
cixi,3.2420946924415965e-05
wis,3.2420946924415965e-05
furnish,3.2420946924415965e-05
uip,3.2420946924415965e-05
ykt,3.2420946924415965e-05
vienna,3.2420946924415965e-05
aaz,3.2420946924415965e-05
xxt,3.2420946924415965e-05
manski,3.2420946924415965e-05
ear,3.2420946924415965e-05
erwin,3.2420946924415965e-05
maxt,3.2420946924415965e-05
ilk,3.2420946924415965e-05
aex,3.2420946924415965e-05
lapplic,3.2420946924415965e-05
wti,3.2420946924415965e-05
tativ,3.2420946924415965e-05
circum,3.2420946924415965e-05
scp,3.2420946924415965e-05
lunch,3.2420946924415965e-05
lal,3.2420946924415965e-05
fnx,3.2420946924415965e-05
divi,3.2420946924415965e-05
relianc,3.2420946924415965e-05
heart,3.2420946924415965e-05
interregion,3.2420946924415965e-05
ski,3.2420946924415965e-05
victor,3.2420946924415965e-05
histogram,3.2420946924415965e-05
ciat,3.2420946924415965e-05
disconnect,3.2420946924415965e-05
lpt,3.2420946924415965e-05
troublesom,3.2420946924415965e-05
presuppos,3.2420946924415965e-05
devant,3.2420946924415965e-05
lecol,3.2420946924415965e-05
ibm,3.2420946924415965e-05
yil,3.2420946924415965e-05
ptj,3.2420946924415965e-05
beginningofperiod,3.2420946924415965e-05
affili,3.2420946924415965e-05
uncount,3.2420946924415965e-05
carr,3.2420946924415965e-05
pute,3.2420946924415965e-05
meilleur,3.2420946924415965e-05
tiebreak,3.2420946924415965e-05
wxi,3.2420946924415965e-05
redeem,3.2420946924415965e-05
iel,3.2420946924415965e-05
spear,3.2420946924415965e-05
bli,3.1589640593020685e-05
hypersurfac,3.1589640593020685e-05
spiral,3.1589640593020685e-05
paq,3.1589640593020685e-05
misclassif,3.1589640593020685e-05
vant,3.1589640593020685e-05
soo,3.1589640593020685e-05
dat,3.1589640593020685e-05
predic,3.1589640593020685e-05
rawl,3.1589640593020685e-05
ltd,3.1589640593020685e-05
akt,3.1589640593020685e-05
ynt,3.1589640593020685e-05
fkk,3.1589640593020685e-05
copper,3.1589640593020685e-05
leonard,3.1589640593020685e-05
contamin,3.1589640593020685e-05
fjx,3.1589640593020685e-05
xea,3.1589640593020685e-05
discus,3.1589640593020685e-05
concis,3.1589640593020685e-05
pens,3.1589640593020685e-05
bernard,3.1589640593020685e-05
sixth,3.1589640593020685e-05
nonlabor,3.1589640593020685e-05
appendic,3.1589640593020685e-05
bilater,3.1589640593020685e-05
cantor,3.1589640593020685e-05
berger,3.1589640593020685e-05
penal,3.1589640593020685e-05
edi,3.1589640593020685e-05
lehmann,3.1589640593020685e-05
paroush,3.1589640593020685e-05
temperatur,3.1589640593020685e-05
dilut,3.1589640593020685e-05
yix,3.1589640593020685e-05
interna,3.1589640593020685e-05
expr,3.1589640593020685e-05
ceiv,3.1589640593020685e-05
knowl,3.1589640593020685e-05
aqt,3.1589640593020685e-05
sex,3.1589640593020685e-05
aio,3.1589640593020685e-05
evolutionari,3.1589640593020685e-05
xnl,3.1589640593020685e-05
simi,3.1589640593020685e-05
oppor,3.1589640593020685e-05
piqi,3.1589640593020685e-05
russian,3.1589640593020685e-05
qjt,3.1589640593020685e-05
patient,3.1589640593020685e-05
collector,3.1589640593020685e-05
royden,3.1589640593020685e-05
ben,3.1589640593020685e-05
expendi,3.1589640593020685e-05
specifica,3.1589640593020685e-05
lambda,3.1589640593020685e-05
cointegr,3.1589640593020685e-05
till,3.1589640593020685e-05
disciplin,3.1589640593020685e-05
yll,3.1589640593020685e-05
bootstrap,3.1589640593020685e-05
las,3.1589640593020685e-05
emr,3.1589640593020685e-05
myself,3.1589640593020685e-05
smale,3.1589640593020685e-05
salient,3.1589640593020685e-05
vtj,3.1589640593020685e-05
qkk,3.1589640593020685e-05
circular,3.1589640593020685e-05
ibl,3.1589640593020685e-05
pux,3.1589640593020685e-05
industriell,3.1589640593020685e-05
milton,3.1589640593020685e-05
tionari,3.1589640593020685e-05
unsystemat,3.1589640593020685e-05
combina,3.1589640593020685e-05
reminisc,3.1589640593020685e-05
ifp,3.1589640593020685e-05
almon,3.1589640593020685e-05
joel,3.1589640593020685e-05
newton,3.1589640593020685e-05
lst,3.1589640593020685e-05
onlin,3.1589640593020685e-05
git,3.1589640593020685e-05
yyt,3.1589640593020685e-05
parsimoni,3.1589640593020685e-05
elog,3.1589640593020685e-05
ooo,3.1589640593020685e-05
radic,3.1589640593020685e-05
approx,3.1589640593020685e-05
clarif,3.1589640593020685e-05
str,3.1589640593020685e-05
chevali,3.1589640593020685e-05
intact,3.1589640593020685e-05
philosophi,3.1589640593020685e-05
euf,3.1589640593020685e-05
dirac,3.1589640593020685e-05
pxp,3.1589640593020685e-05
philadelphia,3.1589640593020685e-05
got,3.1589640593020685e-05
ellipsoid,3.1589640593020685e-05
lxt,3.1589640593020685e-05
exemplifi,3.1589640593020685e-05
stateprefer,3.0758334261625404e-05
ujx,3.0758334261625404e-05
intim,3.0758334261625404e-05
salari,3.0758334261625404e-05
clariti,3.0758334261625404e-05
zht,3.0758334261625404e-05
sobolev,3.0758334261625404e-05
creditor,3.0758334261625404e-05
bertola,3.0758334261625404e-05
brokerag,3.0758334261625404e-05
cie,3.0758334261625404e-05
dip,3.0758334261625404e-05
constantreturn,3.0758334261625404e-05
align,3.0758334261625404e-05
selffinanc,3.0758334261625404e-05
quasilinear,3.0758334261625404e-05
flj,3.0758334261625404e-05
kloek,3.0758334261625404e-05
nonmanufactur,3.0758334261625404e-05
binat,3.0758334261625404e-05
bpp,3.0758334261625404e-05
avx,3.0758334261625404e-05
condens,3.0758334261625404e-05
cnrs,3.0758334261625404e-05
hap,3.0758334261625404e-05
bruno,3.0758334261625404e-05
champsaur,3.0758334261625404e-05
kti,3.0758334261625404e-05
anticipatori,3.0758334261625404e-05
afterward,3.0758334261625404e-05
ayo,3.0758334261625404e-05
dataset,3.0758334261625404e-05
nxn,3.0758334261625404e-05
aab,3.0758334261625404e-05
partic,3.0758334261625404e-05
pleas,3.0758334261625404e-05
cochran,3.0758334261625404e-05
krugman,3.0758334261625404e-05
ern,3.0758334261625404e-05
dowment,3.0758334261625404e-05
expositori,3.0758334261625404e-05
inject,3.0758334261625404e-05
tuniti,3.0758334261625404e-05
massel,3.0758334261625404e-05
zip,3.0758334261625404e-05
strive,3.0758334261625404e-05
watson,3.0758334261625404e-05
obstfeld,3.0758334261625404e-05
bishop,3.0758334261625404e-05
utilit,3.0758334261625404e-05
imsss,3.0758334261625404e-05
ami,3.0758334261625404e-05
highvolum,3.0758334261625404e-05
asso,3.0758334261625404e-05
vtl,3.0758334261625404e-05
baldwin,3.0758334261625404e-05
ott,3.0758334261625404e-05
markup,3.0758334261625404e-05
xdx,3.0758334261625404e-05
jxi,3.0758334261625404e-05
wst,3.0758334261625404e-05
superflu,3.0758334261625404e-05
rybczynski,3.0758334261625404e-05
pji,3.0758334261625404e-05
reducedform,3.0758334261625404e-05
wolfgang,3.0758334261625404e-05
decentraliz,3.0758334261625404e-05
tenur,3.0758334261625404e-05
pax,3.0758334261625404e-05
lix,3.0758334261625404e-05
consumptionloan,3.0758334261625404e-05
squeez,3.0758334261625404e-05
goldfeld,3.0758334261625404e-05
flx,3.0758334261625404e-05
uxo,3.0758334261625404e-05
pothesi,3.0758334261625404e-05
explic,3.0758334261625404e-05
resum,3.0758334261625404e-05
verdoorn,3.0758334261625404e-05
travaux,3.0758334261625404e-05
uii,3.0758334261625404e-05
decil,3.0758334261625404e-05
plx,3.0758334261625404e-05
multimarket,3.0758334261625404e-05
herd,3.0758334261625404e-05
softwar,3.0758334261625404e-05
cord,3.0758334261625404e-05
ztt,3.0758334261625404e-05
reindex,3.0758334261625404e-05
efi,2.9927027930230123e-05
swing,2.9927027930230123e-05
basil,2.9927027930230123e-05
semimartingal,2.9927027930230123e-05
gray,2.9927027930230123e-05
phenomen,2.9927027930230123e-05
punish,2.9927027930230123e-05
lipsey,2.9927027930230123e-05
accom,2.9927027930230123e-05
connected,2.9927027930230123e-05
adjoint,2.9927027930230123e-05
setvalu,2.9927027930230123e-05
rie,2.9927027930230123e-05
iib,2.9927027930230123e-05
sii,2.9927027930230123e-05
serrano,2.9927027930230123e-05
inquir,2.9927027930230123e-05
soft,2.9927027930230123e-05
galor,2.9927027930230123e-05
ofu,2.9927027930230123e-05
bio,2.9927027930230123e-05
skip,2.9927027930230123e-05
nonsingleton,2.9927027930230123e-05
mieux,2.9927027930230123e-05
yoram,2.9927027930230123e-05
faa,2.9927027930230123e-05
ricardo,2.9927027930230123e-05
eax,2.9927027930230123e-05
tim,2.9927027930230123e-05
rice,2.9927027930230123e-05
jel,2.9927027930230123e-05
yxi,2.9927027930230123e-05
realworld,2.9927027930230123e-05
inegalit,2.9927027930230123e-05
rlp,2.9927027930230123e-05
opera,2.9927027930230123e-05
sarili,2.9927027930230123e-05
aja,2.9927027930230123e-05
vts,2.9927027930230123e-05
postmultipli,2.9927027930230123e-05
cise,2.9927027930230123e-05
mpo,2.9927027930230123e-05
cohen,2.9927027930230123e-05
incen,2.9927027930230123e-05
pessim,2.9927027930230123e-05
quasicompetit,2.9927027930230123e-05
nonnega,2.9927027930230123e-05
grandeur,2.9927027930230123e-05
ofi,2.9927027930230123e-05
xaxi,2.9927027930230123e-05
vni,2.9927027930230123e-05
agi,2.9927027930230123e-05
isoelast,2.9927027930230123e-05
pcc,2.9927027930230123e-05
ure,2.9927027930230123e-05
wedg,2.9927027930230123e-05
digit,2.9927027930230123e-05
plt,2.9927027930230123e-05
baltimor,2.9927027930230123e-05
lxl,2.9927027930230123e-05
efx,2.9927027930230123e-05
whatsoev,2.9927027930230123e-05
different,2.9927027930230123e-05
curiti,2.9927027930230123e-05
deep,2.9927027930230123e-05
cta,2.9927027930230123e-05
ykk,2.9927027930230123e-05
contradictori,2.9927027930230123e-05
appliqu,2.9927027930230123e-05
dps,2.9927027930230123e-05
congruenc,2.9927027930230123e-05
fzt,2.9927027930230123e-05
eigen,2.9927027930230123e-05
ladi,2.9927027930230123e-05
oat,2.9927027930230123e-05
fut,2.9927027930230123e-05
hawkin,2.9927027930230123e-05
dal,2.9927027930230123e-05
wtp,2.9927027930230123e-05
misalloc,2.9927027930230123e-05
considera,2.9927027930230123e-05
geari,2.9927027930230123e-05
cope,2.9927027930230123e-05
suppl,2.9927027930230123e-05
water,2.9927027930230123e-05
eyt,2.9927027930230123e-05
rho,2.9927027930230123e-05
menger,2.9927027930230123e-05
compl,2.9927027930230123e-05
tna,2.9927027930230123e-05
nuffield,2.9927027930230123e-05
demandfunct,2.9927027930230123e-05
oscillatori,2.9927027930230123e-05
anim,2.9927027930230123e-05
iln,2.9927027930230123e-05
selden,2.9927027930230123e-05
fkl,2.9927027930230123e-05
dobel,2.9927027930230123e-05
modal,2.9927027930230123e-05
yni,2.9927027930230123e-05
staff,2.9927027930230123e-05
ambi,2.9927027930230123e-05
aap,2.9927027930230123e-05
guiti,2.9927027930230123e-05
purestrategi,2.9927027930230123e-05
awkward,2.9927027930230123e-05
cientli,2.9927027930230123e-05
bilinear,2.9927027930230123e-05
ucx,2.9095721598834842e-05
agement,2.9095721598834842e-05
oskar,2.9095721598834842e-05
pya,2.9095721598834842e-05
diminu,2.9095721598834842e-05
lewbel,2.9095721598834842e-05
dispar,2.9095721598834842e-05
cloth,2.9095721598834842e-05
metri,2.9095721598834842e-05
itali,2.9095721598834842e-05
lengthi,2.9095721598834842e-05
austrian,2.9095721598834842e-05
olivi,2.9095721598834842e-05
eddi,2.9095721598834842e-05
herself,2.9095721598834842e-05
malli,2.9095721598834842e-05
mcnalli,2.9095721598834842e-05
eui,2.9095721598834842e-05
intertem,2.9095721598834842e-05
rft,2.9095721598834842e-05
xtk,2.9095721598834842e-05
aiy,2.9095721598834842e-05
oui,2.9095721598834842e-05
compli,2.9095721598834842e-05
pond,2.9095721598834842e-05
haan,2.9095721598834842e-05
dover,2.9095721598834842e-05
hara,2.9095721598834842e-05
ect,2.9095721598834842e-05
xux,2.9095721598834842e-05
ato,2.9095721598834842e-05
neil,2.9095721598834842e-05
jim,2.9095721598834842e-05
prin,2.9095721598834842e-05
walli,2.9095721598834842e-05
ductiv,2.9095721598834842e-05
pco,2.9095721598834842e-05
exig,2.9095721598834842e-05
murray,2.9095721598834842e-05
apl,2.9095721598834842e-05
rix,2.9095721598834842e-05
xvi,2.9095721598834842e-05
infini,2.9095721598834842e-05
eut,2.9095721598834842e-05
whittl,2.9095721598834842e-05
sutherland,2.9095721598834842e-05
defend,2.9095721598834842e-05
cagan,2.9095721598834842e-05
pariti,2.9095721598834842e-05
xts,2.9095721598834842e-05
email,2.9095721598834842e-05
coas,2.9095721598834842e-05
outward,2.9095721598834842e-05
lsc,2.9095721598834842e-05
ila,2.9095721598834842e-05
oth,2.9095721598834842e-05
mathematischen,2.9095721598834842e-05
ken,2.9095721598834842e-05
ute,2.9095721598834842e-05
yio,2.9095721598834842e-05
excis,2.9095721598834842e-05
engl,2.9095721598834842e-05
pake,2.9095721598834842e-05
macromodel,2.9095721598834842e-05
alx,2.9095721598834842e-05
anx,2.9095721598834842e-05
pris,2.9095721598834842e-05
xtp,2.9095721598834842e-05
largescal,2.9095721598834842e-05
absurd,2.9095721598834842e-05
dqk,2.9095721598834842e-05
ffi,2.9095721598834842e-05
wall,2.9095721598834842e-05
kxk,2.9095721598834842e-05
individualist,2.9095721598834842e-05
xlviii,2.9095721598834842e-05
txs,2.9095721598834842e-05
pgx,2.9095721598834842e-05
wagner,2.9095721598834842e-05
logp,2.9095721598834842e-05
unduli,2.9095721598834842e-05
rcp,2.9095721598834842e-05
tait,2.9095721598834842e-05
aco,2.9095721598834842e-05
wih,2.9095721598834842e-05
cio,2.9095721598834842e-05
ceed,2.9095721598834842e-05
zingal,2.9095721598834842e-05
formu,2.9095721598834842e-05
xxl,2.9095721598834842e-05
jci,2.9095721598834842e-05
popula,2.9095721598834842e-05
anthoni,2.9095721598834842e-05
interindustri,2.9095721598834842e-05
recast,2.9095721598834842e-05
proced,2.9095721598834842e-05
gent,2.9095721598834842e-05
cheapest,2.9095721598834842e-05
postsec,2.9095721598834842e-05
harper,2.9095721598834842e-05
momentari,2.9095721598834842e-05
indiana,2.9095721598834842e-05
ieee,2.9095721598834842e-05
norway,2.9095721598834842e-05
contend,2.9095721598834842e-05
bai,2.826441526743956e-05
fyi,2.826441526743956e-05
allud,2.826441526743956e-05
dend,2.826441526743956e-05
expen,2.826441526743956e-05
quanti,2.826441526743956e-05
vein,2.826441526743956e-05
alik,2.826441526743956e-05
mead,2.826441526743956e-05
uber,2.826441526743956e-05
amelior,2.826441526743956e-05
twostat,2.826441526743956e-05
crs,2.826441526743956e-05
shs,2.826441526743956e-05
vantag,2.826441526743956e-05
lip,2.826441526743956e-05
soci,2.826441526743956e-05
denumer,2.826441526743956e-05
outlier,2.826441526743956e-05
itj,2.826441526743956e-05
obser,2.826441526743956e-05
northwest,2.826441526743956e-05
phi,2.826441526743956e-05
attend,2.826441526743956e-05
thetic,2.826441526743956e-05
tution,2.826441526743956e-05
geneiti,2.826441526743956e-05
xlp,2.826441526743956e-05
inclin,2.826441526743956e-05
willi,2.826441526743956e-05
fso,2.826441526743956e-05
gil,2.826441526743956e-05
ntupl,2.826441526743956e-05
mcguir,2.826441526743956e-05
pet,2.826441526743956e-05
bxt,2.826441526743956e-05
dir,2.826441526743956e-05
liv,2.826441526743956e-05
pts,2.826441526743956e-05
taa,2.826441526743956e-05
egi,2.826441526743956e-05
twofactor,2.826441526743956e-05
gerald,2.826441526743956e-05
epl,2.826441526743956e-05
cahier,2.826441526743956e-05
overhead,2.826441526743956e-05
dkt,2.826441526743956e-05
purdu,2.826441526743956e-05
ahp,2.826441526743956e-05
eeckhoudt,2.826441526743956e-05
propag,2.826441526743956e-05
forest,2.826441526743956e-05
expir,2.826441526743956e-05
poincar,2.826441526743956e-05
hayn,2.826441526743956e-05
herein,2.826441526743956e-05
avp,2.826441526743956e-05
xey,2.826441526743956e-05
bunch,2.826441526743956e-05
cst,2.826441526743956e-05
xci,2.826441526743956e-05
yto,2.826441526743956e-05
adi,2.826441526743956e-05
bnt,2.826441526743956e-05
alvarez,2.826441526743956e-05
neat,2.826441526743956e-05
infus,2.826441526743956e-05
seminair,2.826441526743956e-05
andrei,2.826441526743956e-05
construc,2.826441526743956e-05
pendenc,2.826441526743956e-05
commercial,2.826441526743956e-05
afa,2.826441526743956e-05
pfl,2.826441526743956e-05
cuc,2.826441526743956e-05
php,2.826441526743956e-05
selfish,2.826441526743956e-05
hay,2.826441526743956e-05
sentenc,2.826441526743956e-05
oeuvr,2.826441526743956e-05
tual,2.826441526743956e-05
aldin,2.826441526743956e-05
yax,2.826441526743956e-05
twelv,2.826441526743956e-05
yoo,2.826441526743956e-05
indecis,2.826441526743956e-05
dation,2.826441526743956e-05
lexington,2.826441526743956e-05
minut,2.826441526743956e-05
kuh,2.826441526743956e-05
yey,2.826441526743956e-05
sacrif,2.826441526743956e-05
atr,2.826441526743956e-05
multigood,2.826441526743956e-05
irl,2.826441526743956e-05
manuel,2.826441526743956e-05
beat,2.826441526743956e-05
subrahmanyam,2.826441526743956e-05
japan,2.826441526743956e-05
immateri,2.826441526743956e-05
propriat,2.826441526743956e-05
renumb,2.826441526743956e-05
entrant,2.826441526743956e-05
ppl,2.826441526743956e-05
fxr,2.826441526743956e-05
pzi,2.826441526743956e-05
ramet,2.7433108936044277e-05
maximumlikelihood,2.7433108936044277e-05
nat,2.7433108936044277e-05
rtl,2.7433108936044277e-05
tai,2.7433108936044277e-05
cpo,2.7433108936044277e-05
fvi,2.7433108936044277e-05
bulk,2.7433108936044277e-05
boot,2.7433108936044277e-05
xlb,2.7433108936044277e-05
allan,2.7433108936044277e-05
affair,2.7433108936044277e-05
purifi,2.7433108936044277e-05
tas,2.7433108936044277e-05
prod,2.7433108936044277e-05
hxo,2.7433108936044277e-05
linstitut,2.7433108936044277e-05
site,2.7433108936044277e-05
rele,2.7433108936044277e-05
philosoph,2.7433108936044277e-05
datum,2.7433108936044277e-05
jaff,2.7433108936044277e-05
sheridan,2.7433108936044277e-05
libr,2.7433108936044277e-05
hidden,2.7433108936044277e-05
xot,2.7433108936044277e-05
pyp,2.7433108936044277e-05
iil,2.7433108936044277e-05
ulat,2.7433108936044277e-05
wtt,2.7433108936044277e-05
asp,2.7433108936044277e-05
winston,2.7433108936044277e-05
fat,2.7433108936044277e-05
schwert,2.7433108936044277e-05
bas,2.7433108936044277e-05
boom,2.7433108936044277e-05
benefic,2.7433108936044277e-05
yst,2.7433108936044277e-05
fln,2.7433108936044277e-05
andi,2.7433108936044277e-05
inadmiss,2.7433108936044277e-05
ytj,2.7433108936044277e-05
limto,2.7433108936044277e-05
jes,2.7433108936044277e-05
fixedincom,2.7433108936044277e-05
olszewski,2.7433108936044277e-05
openend,2.7433108936044277e-05
uhc,2.7433108936044277e-05
sam,2.7433108936044277e-05
ergebniss,2.7433108936044277e-05
lio,2.7433108936044277e-05
synchron,2.7433108936044277e-05
chief,2.7433108936044277e-05
aha,2.7433108936044277e-05
wip,2.7433108936044277e-05
entiabl,2.7433108936044277e-05
mei,2.7433108936044277e-05
simmon,2.7433108936044277e-05
ticiti,2.7433108936044277e-05
dpm,2.7433108936044277e-05
flatter,2.7433108936044277e-05
treatis,2.7433108936044277e-05
rip,2.7433108936044277e-05
oce,2.7433108936044277e-05
monopsonist,2.7433108936044277e-05
echeniqu,2.7433108936044277e-05
investi,2.7433108936044277e-05
vki,2.7433108936044277e-05
andp,2.7433108936044277e-05
kohlberg,2.7433108936044277e-05
qkt,2.7433108936044277e-05
neari,2.7433108936044277e-05
fio,2.7433108936044277e-05
northeast,2.7433108936044277e-05
firstbest,2.7433108936044277e-05
ajo,2.7433108936044277e-05
gco,2.7433108936044277e-05
aao,2.7433108936044277e-05
tii,2.7433108936044277e-05
processus,2.7433108936044277e-05
raa,2.7433108936044277e-05
fth,2.7433108936044277e-05
fpa,2.7433108936044277e-05
kareken,2.7433108936044277e-05
virginia,2.7433108936044277e-05
duopolist,2.7433108936044277e-05
aol,2.7433108936044277e-05
uxk,2.7433108936044277e-05
descrip,2.7433108936044277e-05
stimulus,2.7433108936044277e-05
weakest,2.7433108936044277e-05
yves,2.7433108936044277e-05
sest,2.7433108936044277e-05
plh,2.7433108936044277e-05
makoto,2.7433108936044277e-05
determinant,2.7433108936044277e-05
struction,2.7433108936044277e-05
diminut,2.7433108936044277e-05
noninform,2.7433108936044277e-05
aot,2.7433108936044277e-05
eisenberg,2.7433108936044277e-05
neu,2.7433108936044277e-05
bloomington,2.7433108936044277e-05
fre,2.7433108936044277e-05
pqt,2.7433108936044277e-05
akx,2.7433108936044277e-05
discriminatori,2.7433108936044277e-05
underst,2.7433108936044277e-05
xiy,2.7433108936044277e-05
uht,2.7433108936044277e-05
comov,2.7433108936044277e-05
yex,2.7433108936044277e-05
reni,2.7433108936044277e-05
ginsburgh,2.7433108936044277e-05
nancial,2.7433108936044277e-05
warn,2.7433108936044277e-05
arnold,2.7433108936044277e-05
rive,2.7433108936044277e-05
logt,2.7433108936044277e-05
ptct,2.7433108936044277e-05
xtn,2.7433108936044277e-05
mpt,2.7433108936044277e-05
textil,2.7433108936044277e-05
mle,2.7433108936044277e-05
dex,2.7433108936044277e-05
xdi,2.7433108936044277e-05
pth,2.7433108936044277e-05
ratchet,2.7433108936044277e-05
idr,2.7433108936044277e-05
heat,2.6601802604648996e-05
conomi,2.6601802604648996e-05
yan,2.6601802604648996e-05
dws,2.6601802604648996e-05
schlesing,2.6601802604648996e-05
nanci,2.6601802604648996e-05
cia,2.6601802604648996e-05
hatanaka,2.6601802604648996e-05
agx,2.6601802604648996e-05
errat,2.6601802604648996e-05
substanc,2.6601802604648996e-05
wel,2.6601802604648996e-05
lemploi,2.6601802604648996e-05
functionf,2.6601802604648996e-05
breakdown,2.6601802604648996e-05
cashflow,2.6601802604648996e-05
tzt,2.6601802604648996e-05
rim,2.6601802604648996e-05
concord,2.6601802604648996e-05
qip,2.6601802604648996e-05
montreal,2.6601802604648996e-05
abscissa,2.6601802604648996e-05
plement,2.6601802604648996e-05
pxo,2.6601802604648996e-05
collec,2.6601802604648996e-05
bailey,2.6601802604648996e-05
teri,2.6601802604648996e-05
sticki,2.6601802604648996e-05
mcgraw,2.6601802604648996e-05
preassign,2.6601802604648996e-05
din,2.6601802604648996e-05
proj,2.6601802604648996e-05
suc,2.6601802604648996e-05
infti,2.6601802604648996e-05
rmt,2.6601802604648996e-05
ner,2.6601802604648996e-05
vap,2.6601802604648996e-05
thatf,2.6601802604648996e-05
heteroskedast,2.6601802604648996e-05
cdi,2.6601802604648996e-05
dissemin,2.6601802604648996e-05
pxj,2.6601802604648996e-05
noarbitrag,2.6601802604648996e-05
hvi,2.6601802604648996e-05
dvelopp,2.6601802604648996e-05
cnx,2.6601802604648996e-05
selten,2.6601802604648996e-05
adelman,2.6601802604648996e-05
mel,2.6601802604648996e-05
repurchas,2.6601802604648996e-05
dampen,2.6601802604648996e-05
coun,2.6601802604648996e-05
trs,2.6601802604648996e-05
bottleneck,2.6601802604648996e-05
plim,2.6601802604648996e-05
mclennan,2.6601802604648996e-05
dhi,2.6601802604648996e-05
cji,2.6601802604648996e-05
pfb,2.6601802604648996e-05
coars,2.6601802604648996e-05
wild,2.6601802604648996e-05
nett,2.6601802604648996e-05
wpw,2.6601802604648996e-05
stabilit,2.6601802604648996e-05
award,2.6601802604648996e-05
rsr,2.6601802604648996e-05
costat,2.6601802604648996e-05
ulu,2.6601802604648996e-05
ght,2.6601802604648996e-05
fai,2.6601802604648996e-05
txi,2.6601802604648996e-05
wij,2.6601802604648996e-05
ditur,2.6601802604648996e-05
hirsch,2.6601802604648996e-05
iyt,2.6601802604648996e-05
murphi,2.6601802604648996e-05
sheet,2.6601802604648996e-05
transfor,2.6601802604648996e-05
wik,2.6601802604648996e-05
instru,2.6601802604648996e-05
linkag,2.6601802604648996e-05
shorthand,2.6601802604648996e-05
nition,2.6601802604648996e-05
gregat,2.6601802604648996e-05
sixmonth,2.6601802604648996e-05
bxi,2.6601802604648996e-05
gal,2.6601802604648996e-05
norton,2.6601802604648996e-05
wal,2.6601802604648996e-05
faruk,2.6601802604648996e-05
essen,2.6601802604648996e-05
carlson,2.6601802604648996e-05
explod,2.6601802604648996e-05
nonr,2.6601802604648996e-05
prone,2.6601802604648996e-05
klaus,2.6601802604648996e-05
attenu,2.6601802604648996e-05
aaj,2.6601802604648996e-05
reluct,2.6601802604648996e-05
sshape,2.6601802604648996e-05
vixi,2.6601802604648996e-05
elect,2.6601802604648996e-05
selv,2.6601802604648996e-05
float,2.6601802604648996e-05
fif,2.6601802604648996e-05
vdp,2.6601802604648996e-05
pll,2.6601802604648996e-05
rochet,2.6601802604648996e-05
mizon,2.6601802604648996e-05
fish,2.6601802604648996e-05
radonnikodym,2.6601802604648996e-05
degroot,2.6601802604648996e-05
homewood,2.6601802604648996e-05
onestep,2.6601802604648996e-05
grinblatt,2.6601802604648996e-05
postlewait,2.6601802604648996e-05
archetyp,2.5770496273253716e-05
btl,2.5770496273253716e-05
poorer,2.5770496273253716e-05
anomal,2.5770496273253716e-05
earner,2.5770496273253716e-05
selfreferenti,2.5770496273253716e-05
eye,2.5770496273253716e-05
acc,2.5770496273253716e-05
pih,2.5770496273253716e-05
tco,2.5770496273253716e-05
vive,2.5770496273253716e-05
fsi,2.5770496273253716e-05
ctk,2.5770496273253716e-05
curious,2.5770496273253716e-05
kii,2.5770496273253716e-05
brand,2.5770496273253716e-05
amplifi,2.5770496273253716e-05
infla,2.5770496273253716e-05
threemonth,2.5770496273253716e-05
elucid,2.5770496273253716e-05
pub,2.5770496273253716e-05
pms,2.5770496273253716e-05
subs,2.5770496273253716e-05
rjj,2.5770496273253716e-05
lai,2.5770496273253716e-05
eta,2.5770496273253716e-05
nationalokonomi,2.5770496273253716e-05
dbt,2.5770496273253716e-05
xixj,2.5770496273253716e-05
explana,2.5770496273253716e-05
satisfactorili,2.5770496273253716e-05
valorem,2.5770496273253716e-05
wrote,2.5770496273253716e-05
sluggish,2.5770496273253716e-05
ipl,2.5770496273253716e-05
karatza,2.5770496273253716e-05
sibil,2.5770496273253716e-05
sjl,2.5770496273253716e-05
popi,2.5770496273253716e-05
multiregion,2.5770496273253716e-05
fir,2.5770496273253716e-05
xlvii,2.5770496273253716e-05
bis,2.5770496273253716e-05
mone,2.5770496273253716e-05
mutati,2.5770496273253716e-05
pbc,2.5770496273253716e-05
foun,2.5770496273253716e-05
okuno,2.5770496273253716e-05
lettr,2.5770496273253716e-05
pss,2.5770496273253716e-05
zst,2.5770496273253716e-05
spline,2.5770496273253716e-05
nspace,2.5770496273253716e-05
microfound,2.5770496273253716e-05
stat,2.5770496273253716e-05
ployment,2.5770496273253716e-05
alleg,2.5770496273253716e-05
tackl,2.5770496273253716e-05
tlc,2.5770496273253716e-05
straightfor,2.5770496273253716e-05
huberman,2.5770496273253716e-05
aob,2.5770496273253716e-05
gaug,2.5770496273253716e-05
ajp,2.5770496273253716e-05
weigh,2.5770496273253716e-05
trivedi,2.5770496273253716e-05
iea,2.5770496273253716e-05
dmt,2.5770496273253716e-05
rue,2.5770496273253716e-05
dja,2.5770496273253716e-05
imm,2.5770496273253716e-05
rpl,2.5770496273253716e-05
avenu,2.5770496273253716e-05
bat,2.5770496273253716e-05
usx,2.5770496273253716e-05
conspicu,2.5770496273253716e-05
manuelli,2.5770496273253716e-05
sand,2.5770496273253716e-05
artist,2.5770496273253716e-05
uxj,2.5770496273253716e-05
distributionfre,2.5770496273253716e-05
cip,2.5770496273253716e-05
coc,2.5770496273253716e-05
redefinit,2.5770496273253716e-05
sponsor,2.5770496273253716e-05
confound,2.5770496273253716e-05
rend,2.5770496273253716e-05
harrodneutr,2.5770496273253716e-05
bpi,2.5770496273253716e-05
ceo,2.5770496273253716e-05
kleingoldberg,2.5770496273253716e-05
dunod,2.5770496273253716e-05
gilbert,2.5770496273253716e-05
stick,2.5770496273253716e-05
kmenta,2.5770496273253716e-05
aczel,2.5770496273253716e-05
dutch,2.5770496273253716e-05
fed,2.5770496273253716e-05
seg,2.5770496273253716e-05
ongo,2.5770496273253716e-05
indus,2.5770496273253716e-05
dto,2.5770496273253716e-05
ujc,2.5770496273253716e-05
aft,2.5770496273253716e-05
depen,2.5770496273253716e-05
das,2.5770496273253716e-05
aigner,2.5770496273253716e-05
agenda,2.5770496273253716e-05
smart,2.5770496273253716e-05
wkt,2.5770496273253716e-05
hine,2.5770496273253716e-05
weibul,2.5770496273253716e-05
shipment,2.5770496273253716e-05
dirichlet,2.5770496273253716e-05
patienc,2.5770496273253716e-05
went,2.5770496273253716e-05
gjx,2.5770496273253716e-05
mathematica,2.5770496273253716e-05
tst,2.5770496273253716e-05
vsi,2.5770496273253716e-05
tintner,2.5770496273253716e-05
stockpil,2.5770496273253716e-05
ysis,2.5770496273253716e-05
multinomi,2.5770496273253716e-05
ware,2.5770496273253716e-05
nonneutr,2.5770496273253716e-05
timedepend,2.5770496273253716e-05
leftcontinu,2.5770496273253716e-05
uwo,2.5770496273253716e-05
optimiza,2.5770496273253716e-05
oit,2.5770496273253716e-05
aga,2.5770496273253716e-05
modulo,2.5770496273253716e-05
roland,2.5770496273253716e-05
direc,2.5770496273253716e-05
ide,2.5770496273253716e-05
piecem,2.5770496273253716e-05
entertain,2.5770496273253716e-05
fabio,2.5770496273253716e-05
summabl,2.5770496273253716e-05
semiparametr,2.5770496273253716e-05
deeper,2.4939189941858435e-05
fji,2.4939189941858435e-05
queen,2.4939189941858435e-05
pricechang,2.4939189941858435e-05
reg,2.4939189941858435e-05
rla,2.4939189941858435e-05
pen,2.4939189941858435e-05
eil,2.4939189941858435e-05
atn,2.4939189941858435e-05
sist,2.4939189941858435e-05
circumv,2.4939189941858435e-05
ocx,2.4939189941858435e-05
luenberg,2.4939189941858435e-05
tension,2.4939189941858435e-05
marsh,2.4939189941858435e-05
anj,2.4939189941858435e-05
whichev,2.4939189941858435e-05
vital,2.4939189941858435e-05
eduardo,2.4939189941858435e-05
uiq,2.4939189941858435e-05
shortsel,2.4939189941858435e-05
securi,2.4939189941858435e-05
spulber,2.4939189941858435e-05
alnajjar,2.4939189941858435e-05
realwag,2.4939189941858435e-05
mitig,2.4939189941858435e-05
rosenblatt,2.4939189941858435e-05
wherein,2.4939189941858435e-05
televis,2.4939189941858435e-05
bpt,2.4939189941858435e-05
salant,2.4939189941858435e-05
differenc,2.4939189941858435e-05
riti,2.4939189941858435e-05
zhi,2.4939189941858435e-05
iwt,2.4939189941858435e-05
feed,2.4939189941858435e-05
uil,2.4939189941858435e-05
opx,2.4939189941858435e-05
jacobi,2.4939189941858435e-05
halevi,2.4939189941858435e-05
dyf,2.4939189941858435e-05
kdimension,2.4939189941858435e-05
tokyo,2.4939189941858435e-05
albert,2.4939189941858435e-05
tsls,2.4939189941858435e-05
heir,2.4939189941858435e-05
edt,2.4939189941858435e-05
transposit,2.4939189941858435e-05
kelejian,2.4939189941858435e-05
rpi,2.4939189941858435e-05
ther,2.4939189941858435e-05
iui,2.4939189941858435e-05
oxj,2.4939189941858435e-05
indian,2.4939189941858435e-05
cil,2.4939189941858435e-05
clx,2.4939189941858435e-05
equalis,2.4939189941858435e-05
omnisci,2.4939189941858435e-05
aviv,2.4939189941858435e-05
kevin,2.4939189941858435e-05
fei,2.4939189941858435e-05
gxl,2.4939189941858435e-05
windfal,2.4939189941858435e-05
plb,2.4939189941858435e-05
backlog,2.4939189941858435e-05
spons,2.4939189941858435e-05
gonzalez,2.4939189941858435e-05
hat,2.4939189941858435e-05
twoperson,2.4939189941858435e-05
iwai,2.4939189941858435e-05
overvalu,2.4939189941858435e-05
gie,2.4939189941858435e-05
fxk,2.4939189941858435e-05
plicit,2.4939189941858435e-05
tsi,2.4939189941858435e-05
polytop,2.4939189941858435e-05
exog,2.4939189941858435e-05
catholiqu,2.4939189941858435e-05
sls,2.4939189941858435e-05
exx,2.4939189941858435e-05
rankord,2.4939189941858435e-05
pric,2.4939189941858435e-05
colour,2.4939189941858435e-05
mas,2.4939189941858435e-05
compen,2.4939189941858435e-05
pmax,2.4939189941858435e-05
duesenberri,2.4939189941858435e-05
cheat,2.4939189941858435e-05
annuiti,2.4939189941858435e-05
spi,2.4939189941858435e-05
vil,2.4939189941858435e-05
rle,2.4939189941858435e-05
schechtman,2.4939189941858435e-05
pact,2.4939189941858435e-05
lemk,2.4939189941858435e-05
maliti,2.4939189941858435e-05
latin,2.4939189941858435e-05
deepli,2.4939189941858435e-05
zdz,2.4939189941858435e-05
fjp,2.4939189941858435e-05
borderlin,2.4939189941858435e-05
noah,2.4939189941858435e-05
child,2.4939189941858435e-05
wio,2.4939189941858435e-05
rithm,2.4939189941858435e-05
treme,2.4939189941858435e-05
bacharach,2.4939189941858435e-05
qil,2.4939189941858435e-05
unsign,2.4939189941858435e-05
midpoint,2.4107883610463154e-05
essex,2.4107883610463154e-05
dvt,2.4107883610463154e-05
maxf,2.4107883610463154e-05
jovanov,2.4107883610463154e-05
fiu,2.4107883610463154e-05
xdf,2.4107883610463154e-05
underpin,2.4107883610463154e-05
asa,2.4107883610463154e-05
debtequ,2.4107883610463154e-05
conlisk,2.4107883610463154e-05
sba,2.4107883610463154e-05
underlin,2.4107883610463154e-05
sjx,2.4107883610463154e-05
fxj,2.4107883610463154e-05
aec,2.4107883610463154e-05
aoa,2.4107883610463154e-05
cco,2.4107883610463154e-05
lehrer,2.4107883610463154e-05
halflin,2.4107883610463154e-05
capitalgain,2.4107883610463154e-05
foo,2.4107883610463154e-05
decisiontheoret,2.4107883610463154e-05
alvaro,2.4107883610463154e-05
velop,2.4107883610463154e-05
consequenti,2.4107883610463154e-05
ptqt,2.4107883610463154e-05
vxl,2.4107883610463154e-05
justment,2.4107883610463154e-05
undomin,2.4107883610463154e-05
vest,2.4107883610463154e-05
fault,2.4107883610463154e-05
ktk,2.4107883610463154e-05
servat,2.4107883610463154e-05
sjk,2.4107883610463154e-05
aut,2.4107883610463154e-05
mathemati,2.4107883610463154e-05
pac,2.4107883610463154e-05
objec,2.4107883610463154e-05
mile,2.4107883610463154e-05
gregori,2.4107883610463154e-05
consumptionbas,2.4107883610463154e-05
bergstrom,2.4107883610463154e-05
fpf,2.4107883610463154e-05
jose,2.4107883610463154e-05
counterintuit,2.4107883610463154e-05
til,2.4107883610463154e-05
gation,2.4107883610463154e-05
xkj,2.4107883610463154e-05
divert,2.4107883610463154e-05
frederick,2.4107883610463154e-05
epo,2.4107883610463154e-05
pjs,2.4107883610463154e-05
japanes,2.4107883610463154e-05
liii,2.4107883610463154e-05
exj,2.4107883610463154e-05
schumpet,2.4107883610463154e-05
neokeynesian,2.4107883610463154e-05
contribu,2.4107883610463154e-05
btt,2.4107883610463154e-05
orthonorm,2.4107883610463154e-05
mak,2.4107883610463154e-05
ijp,2.4107883610463154e-05
myron,2.4107883610463154e-05
coat,2.4107883610463154e-05
tient,2.4107883610463154e-05
edmond,2.4107883610463154e-05
mse,2.4107883610463154e-05
rpt,2.4107883610463154e-05
pvx,2.4107883610463154e-05
aay,2.4107883610463154e-05
discern,2.4107883610463154e-05
champ,2.4107883610463154e-05
kurtosi,2.4107883610463154e-05
prespecifi,2.4107883610463154e-05
dfq,2.4107883610463154e-05
subcas,2.4107883610463154e-05
aya,2.4107883610463154e-05
commune,2.4107883610463154e-05
pent,2.4107883610463154e-05
gauss,2.4107883610463154e-05
furnitur,2.4107883610463154e-05
bur,2.4107883610463154e-05
uia,2.4107883610463154e-05
append,2.4107883610463154e-05
interpr,2.4107883610463154e-05
proviso,2.4107883610463154e-05
bibliographi,2.4107883610463154e-05
imat,2.4107883610463154e-05
xat,2.4107883610463154e-05
unfamiliar,2.4107883610463154e-05
rtf,2.4107883610463154e-05
riskavert,2.4107883610463154e-05
aei,2.4107883610463154e-05
sweden,2.4107883610463154e-05
dst,2.4107883610463154e-05
vfx,2.4107883610463154e-05
meansquar,2.4107883610463154e-05
jarrow,2.4107883610463154e-05
procur,2.4107883610463154e-05
lth,2.4107883610463154e-05
inconveni,2.4107883610463154e-05
aforement,2.4107883610463154e-05
timeperiod,2.4107883610463154e-05
iiia,2.4107883610463154e-05
mccallum,2.4107883610463154e-05
prudent,2.4107883610463154e-05
matthew,2.4107883610463154e-05
profess,2.4107883610463154e-05
worsen,2.4107883610463154e-05
decumul,2.4107883610463154e-05
nont,2.4107883610463154e-05
stark,2.4107883610463154e-05
aox,2.4107883610463154e-05
eiu,2.4107883610463154e-05
xfi,2.4107883610463154e-05
winner,2.4107883610463154e-05
sco,2.4107883610463154e-05
xxix,2.4107883610463154e-05
administ,2.4107883610463154e-05
mil,2.4107883610463154e-05
compara,2.4107883610463154e-05
nonsmooth,2.4107883610463154e-05
pkl,2.4107883610463154e-05
audienc,2.4107883610463154e-05
kpi,2.4107883610463154e-05
laissezfair,2.4107883610463154e-05
preemptiv,2.4107883610463154e-05
vicin,2.4107883610463154e-05
stahl,2.4107883610463154e-05
beauti,2.4107883610463154e-05
probabili,2.4107883610463154e-05
carnegiemellon,2.4107883610463154e-05
vanguard,2.4107883610463154e-05
sink,2.4107883610463154e-05
addingup,2.4107883610463154e-05
wayn,2.4107883610463154e-05
iiv,2.4107883610463154e-05
leon,2.3276577279067873e-05
disposit,2.3276577279067873e-05
orthodox,2.3276577279067873e-05
por,2.3276577279067873e-05
schlaifer,2.3276577279067873e-05
uli,2.3276577279067873e-05
dix,2.3276577279067873e-05
aliz,2.3276577279067873e-05
porat,2.3276577279067873e-05
morton,2.3276577279067873e-05
middleag,2.3276577279067873e-05
tto,2.3276577279067873e-05
helpman,2.3276577279067873e-05
trage,2.3276577279067873e-05
butter,2.3276577279067873e-05
noncompar,2.3276577279067873e-05
kco,2.3276577279067873e-05
mtr,2.3276577279067873e-05
iron,2.3276577279067873e-05
accid,2.3276577279067873e-05
ownpric,2.3276577279067873e-05
ptm,2.3276577279067873e-05
ihi,2.3276577279067873e-05
pao,2.3276577279067873e-05
fgx,2.3276577279067873e-05
kic,2.3276577279067873e-05
timat,2.3276577279067873e-05
tenant,2.3276577279067873e-05
pliciti,2.3276577279067873e-05
mordecai,2.3276577279067873e-05
ptc,2.3276577279067873e-05
retent,2.3276577279067873e-05
nongener,2.3276577279067873e-05
uppersemicontinu,2.3276577279067873e-05
minist,2.3276577279067873e-05
plug,2.3276577279067873e-05
fertil,2.3276577279067873e-05
loom,2.3276577279067873e-05
bin,2.3276577279067873e-05
membership,2.3276577279067873e-05
lausann,2.3276577279067873e-05
limi,2.3276577279067873e-05
nonrecurs,2.3276577279067873e-05
tern,2.3276577279067873e-05
tqt,2.3276577279067873e-05
pvalu,2.3276577279067873e-05
perpendicular,2.3276577279067873e-05
dux,2.3276577279067873e-05
idi,2.3276577279067873e-05
dqt,2.3276577279067873e-05
birkhoff,2.3276577279067873e-05
cheneri,2.3276577279067873e-05
subsid,2.3276577279067873e-05
ras,2.3276577279067873e-05
elizabeth,2.3276577279067873e-05
dvi,2.3276577279067873e-05
jam,2.3276577279067873e-05
overaccumul,2.3276577279067873e-05
vma,2.3276577279067873e-05
tape,2.3276577279067873e-05
lob,2.3276577279067873e-05
posttax,2.3276577279067873e-05
fallen,2.3276577279067873e-05
ybi,2.3276577279067873e-05
lvi,2.3276577279067873e-05
timeindepend,2.3276577279067873e-05
pmi,2.3276577279067873e-05
ioi,2.3276577279067873e-05
eoo,2.3276577279067873e-05
biguiti,2.3276577279067873e-05
subaddit,2.3276577279067873e-05
aaf,2.3276577279067873e-05
stack,2.3276577279067873e-05
ayl,2.3276577279067873e-05
generaliza,2.3276577279067873e-05
ploy,2.3276577279067873e-05
jarrel,2.3276577279067873e-05
paolo,2.3276577279067873e-05
commut,2.3276577279067873e-05
tia,2.3276577279067873e-05
kalecki,2.3276577279067873e-05
retum,2.3276577279067873e-05
genera,2.3276577279067873e-05
christiano,2.3276577279067873e-05
aqi,2.3276577279067873e-05
vli,2.3276577279067873e-05
sate,2.3276577279067873e-05
han,2.3276577279067873e-05
undetermin,2.3276577279067873e-05
pir,2.3276577279067873e-05
hxt,2.3276577279067873e-05
moulin,2.3276577279067873e-05
forestri,2.3276577279067873e-05
acf,2.3276577279067873e-05
emploi,2.3276577279067873e-05
inapplic,2.3276577279067873e-05
pricedividend,2.3276577279067873e-05
morn,2.3276577279067873e-05
beef,2.3276577279067873e-05
oneyear,2.3276577279067873e-05
opn,2.3276577279067873e-05
xai,2.3276577279067873e-05
dismiss,2.3276577279067873e-05
temper,2.3276577279067873e-05
nonvanish,2.3276577279067873e-05
spenc,2.3276577279067873e-05
technol,2.3276577279067873e-05
normalis,2.3276577279067873e-05
questionnair,2.3276577279067873e-05
pic,2.3276577279067873e-05
caa,2.3276577279067873e-05
hax,2.3276577279067873e-05
hayek,2.3276577279067873e-05
gss,2.3276577279067873e-05
inat,2.3276577279067873e-05
faith,2.3276577279067873e-05
shortcut,2.3276577279067873e-05
putat,2.3276577279067873e-05
weber,2.3276577279067873e-05
cobb,2.3276577279067873e-05
vin,2.3276577279067873e-05
insti,2.3276577279067873e-05
principia,2.3276577279067873e-05
dfs,2.3276577279067873e-05
mission,2.3276577279067873e-05
iso,2.3276577279067873e-05
nin,2.3276577279067873e-05
minimand,2.3276577279067873e-05
mount,2.3276577279067873e-05
epx,2.3276577279067873e-05
shepherd,2.3276577279067873e-05
pleasur,2.3276577279067873e-05
comonoton,2.3276577279067873e-05
relabel,2.3276577279067873e-05
duopoli,2.3276577279067873e-05
foreseen,2.3276577279067873e-05
xox,2.3276577279067873e-05
richardson,2.3276577279067873e-05
endog,2.3276577279067873e-05
contrad,2.3276577279067873e-05
bst,2.3276577279067873e-05
hiy,2.3276577279067873e-05
europ,2.3276577279067873e-05
liviatan,2.3276577279067873e-05
katz,2.3276577279067873e-05
emot,2.3276577279067873e-05
henderson,2.3276577279067873e-05
supplementari,2.3276577279067873e-05
ezt,2.3276577279067873e-05
hii,2.3276577279067873e-05
sip,2.3276577279067873e-05
gpi,2.3276577279067873e-05
vik,2.3276577279067873e-05
pde,2.3276577279067873e-05
nichola,2.3276577279067873e-05
azi,2.3276577279067873e-05
mie,2.3276577279067873e-05
twolevel,2.3276577279067873e-05
cjl,2.3276577279067873e-05
medic,2.3276577279067873e-05
distributedlag,2.3276577279067873e-05
carl,2.3276577279067873e-05
uki,2.3276577279067873e-05
edu,2.3276577279067873e-05
founda,2.3276577279067873e-05
geograph,2.3276577279067873e-05
resel,2.3276577279067873e-05
ozdenoren,2.3276577279067873e-05
vuong,2.2445270947672592e-05
greenberg,2.2445270947672592e-05
tea,2.2445270947672592e-05
wax,2.2445270947672592e-05
admi,2.2445270947672592e-05
xrt,2.2445270947672592e-05
earliest,2.2445270947672592e-05
kornai,2.2445270947672592e-05
pxh,2.2445270947672592e-05
freeman,2.2445270947672592e-05
causat,2.2445270947672592e-05
norwegian,2.2445270947672592e-05
deviant,2.2445270947672592e-05
iki,2.2445270947672592e-05
banerje,2.2445270947672592e-05
anxious,2.2445270947672592e-05
imparti,2.2445270947672592e-05
cni,2.2445270947672592e-05
pch,2.2445270947672592e-05
sji,2.2445270947672592e-05
nonmonoton,2.2445270947672592e-05
vate,2.2445270947672592e-05
elt,2.2445270947672592e-05
cls,2.2445270947672592e-05
ruin,2.2445270947672592e-05
retard,2.2445270947672592e-05
mem,2.2445270947672592e-05
vayano,2.2445270947672592e-05
amp,2.2445270947672592e-05
lien,2.2445270947672592e-05
kfk,2.2445270947672592e-05
maximi,2.2445270947672592e-05
halmo,2.2445270947672592e-05
lution,2.2445270947672592e-05
flu,2.2445270947672592e-05
flo,2.2445270947672592e-05
oni,2.2445270947672592e-05
aus,2.2445270947672592e-05
mii,2.2445270947672592e-05
complemen,2.2445270947672592e-05
donat,2.2445270947672592e-05
loc,2.2445270947672592e-05
publiqu,2.2445270947672592e-05
chernoff,2.2445270947672592e-05
deleg,2.2445270947672592e-05
situ,2.2445270947672592e-05
aub,2.2445270947672592e-05
logx,2.2445270947672592e-05
government,2.2445270947672592e-05
bax,2.2445270947672592e-05
separa,2.2445270947672592e-05
timeinconsist,2.2445270947672592e-05
counteract,2.2445270947672592e-05
governor,2.2445270947672592e-05
dissip,2.2445270947672592e-05
amt,2.2445270947672592e-05
aggress,2.2445270947672592e-05
accu,2.2445270947672592e-05
pab,2.2445270947672592e-05
intellig,2.2445270947672592e-05
beer,2.2445270947672592e-05
malmquist,2.2445270947672592e-05
ekt,2.2445270947672592e-05
flp,2.2445270947672592e-05
peng,2.2445270947672592e-05
offspr,2.2445270947672592e-05
surject,2.2445270947672592e-05
mat,2.2445270947672592e-05
apa,2.2445270947672592e-05
ples,2.2445270947672592e-05
ric,2.2445270947672592e-05
tti,2.2445270947672592e-05
irj,2.2445270947672592e-05
hartley,2.2445270947672592e-05
zon,2.2445270947672592e-05
yrs,2.2445270947672592e-05
ice,2.2445270947672592e-05
dentli,2.2445270947672592e-05
rli,2.2445270947672592e-05
brandenburg,2.2445270947672592e-05
rst,2.2445270947672592e-05
wiy,2.2445270947672592e-05
hurt,2.2445270947672592e-05
kak,2.2445270947672592e-05
fib,2.2445270947672592e-05
gtc,2.2445270947672592e-05
pbx,2.2445270947672592e-05
ejp,2.2445270947672592e-05
cko,2.2445270947672592e-05
ezi,2.2445270947672592e-05
ajt,2.2445270947672592e-05
liminf,2.2445270947672592e-05
tukey,2.2445270947672592e-05
fehr,2.2445270947672592e-05
repos,2.2445270947672592e-05
statespac,2.2445270947672592e-05
ascend,2.2445270947672592e-05
misspecifi,2.2445270947672592e-05
biometrika,2.2445270947672592e-05
rar,2.2445270947672592e-05
invis,2.2445270947672592e-05
ejt,2.2445270947672592e-05
synonym,2.2445270947672592e-05
aiii,2.2445270947672592e-05
lund,2.2445270947672592e-05
xjl,2.2445270947672592e-05
gij,2.2445270947672592e-05
ptn,2.2445270947672592e-05
jwt,2.2445270947672592e-05
tire,2.2445270947672592e-05
mht,2.2445270947672592e-05
sooner,2.2445270947672592e-05
decim,2.2445270947672592e-05
oneself,2.2445270947672592e-05
tee,2.2445270947672592e-05
schulz,2.2445270947672592e-05
rutger,2.2445270947672592e-05
hors,2.2445270947672592e-05
pesando,2.2445270947672592e-05
jerri,2.2445270947672592e-05
guaran,2.2445270947672592e-05
veb,2.2445270947672592e-05
righthandsid,2.2445270947672592e-05
tpo,2.2445270947672592e-05
pacif,2.2445270947672592e-05
regu,2.2445270947672592e-05
costminim,2.2445270947672592e-05
fleme,2.2445270947672592e-05
hermann,2.2445270947672592e-05
grew,2.2445270947672592e-05
xxo,2.2445270947672592e-05
shut,2.2445270947672592e-05
dri,2.2445270947672592e-05
actor,2.2445270947672592e-05
cll,2.2445270947672592e-05
ellman,2.2445270947672592e-05
depth,2.2445270947672592e-05
exo,2.2445270947672592e-05
vic,2.2445270947672592e-05
pmt,2.2445270947672592e-05
damag,2.2445270947672592e-05
enrich,2.2445270947672592e-05
xap,2.2445270947672592e-05
inse,2.2445270947672592e-05
inaccuraci,2.2445270947672592e-05
shopkeep,2.2445270947672592e-05
compu,2.2445270947672592e-05
texa,2.2445270947672592e-05
lifecycl,2.2445270947672592e-05
ticip,2.2445270947672592e-05
uyi,2.2445270947672592e-05
egx,2.2445270947672592e-05
prp,2.2445270947672592e-05
ping,2.2445270947672592e-05
lind,2.2445270947672592e-05
shreve,2.2445270947672592e-05
hjp,2.2445270947672592e-05
parison,2.2445270947672592e-05
apn,2.2445270947672592e-05
tpi,2.2445270947672592e-05
clerk,2.2445270947672592e-05
jenkin,2.2445270947672592e-05
afj,2.161396461627731e-05
remuner,2.161396461627731e-05
olt,2.161396461627731e-05
denecker,2.161396461627731e-05
bose,2.161396461627731e-05
digress,2.161396461627731e-05
certif,2.161396461627731e-05
tipl,2.161396461627731e-05
macroeconometr,2.161396461627731e-05
bertrand,2.161396461627731e-05
dti,2.161396461627731e-05
rothenberg,2.161396461627731e-05
mium,2.161396461627731e-05
metriz,2.161396461627731e-05
america,2.161396461627731e-05
grether,2.161396461627731e-05
pull,2.161396461627731e-05
onr,2.161396461627731e-05
ajx,2.161396461627731e-05
aba,2.161396461627731e-05
ped,2.161396461627731e-05
irr,2.161396461627731e-05
stabilis,2.161396461627731e-05
corrigendum,2.161396461627731e-05
tpp,2.161396461627731e-05
allp,2.161396461627731e-05
polish,2.161396461627731e-05
rln,2.161396461627731e-05
tvalu,2.161396461627731e-05
psb,2.161396461627731e-05
mct,2.161396461627731e-05
limoo,2.161396461627731e-05
harm,2.161396461627731e-05
colloqu,2.161396461627731e-05
fiz,2.161396461627731e-05
alk,2.161396461627731e-05
rcc,2.161396461627731e-05
fiction,2.161396461627731e-05
marg,2.161396461627731e-05
pierreandr,2.161396461627731e-05
mutandi,2.161396461627731e-05
amo,2.161396461627731e-05
unresolv,2.161396461627731e-05
wareh,2.161396461627731e-05
monopol,2.161396461627731e-05
eki,2.161396461627731e-05
samet,2.161396461627731e-05
sagi,2.161396461627731e-05
payabl,2.161396461627731e-05
cultur,2.161396461627731e-05
andr,2.161396461627731e-05
noncompetit,2.161396461627731e-05
pfx,2.161396461627731e-05
eckstein,2.161396461627731e-05
stt,2.161396461627731e-05
ttl,2.161396461627731e-05
fux,2.161396461627731e-05
ager,2.161396461627731e-05
exten,2.161396461627731e-05
fil,2.161396461627731e-05
ellips,2.161396461627731e-05
hst,2.161396461627731e-05
afield,2.161396461627731e-05
aan,2.161396461627731e-05
rni,2.161396461627731e-05
dou,2.161396461627731e-05
regroup,2.161396461627731e-05
pani,2.161396461627731e-05
hamada,2.161396461627731e-05
uxp,2.161396461627731e-05
lic,2.161396461627731e-05
sentiment,2.161396461627731e-05
aie,2.161396461627731e-05
posabl,2.161396461627731e-05
maxj,2.161396461627731e-05
quebec,2.161396461627731e-05
twelvemonth,2.161396461627731e-05
imt,2.161396461627731e-05
fgt,2.161396461627731e-05
vaa,2.161396461627731e-05
hxi,2.161396461627731e-05
cde,2.161396461627731e-05
steak,2.161396461627731e-05
manual,2.161396461627731e-05
previ,2.161396461627731e-05
sel,2.161396461627731e-05
vae,2.161396461627731e-05
ass,2.161396461627731e-05
fad,2.161396461627731e-05
barcelona,2.161396461627731e-05
pjk,2.161396461627731e-05
apparatus,2.161396461627731e-05
jti,2.161396461627731e-05
diffi,2.161396461627731e-05
rid,2.161396461627731e-05
limp,2.161396461627731e-05
superfici,2.161396461627731e-05
petersen,2.161396461627731e-05
slutzki,2.161396461627731e-05
joi,2.161396461627731e-05
kellogg,2.161396461627731e-05
cote,2.161396461627731e-05
ijth,2.161396461627731e-05
infinitelyliv,2.161396461627731e-05
aijxj,2.161396461627731e-05
fiw,2.161396461627731e-05
sax,2.161396461627731e-05
polytechniqu,2.161396461627731e-05
dichotom,2.161396461627731e-05
gli,2.161396461627731e-05
ral,2.161396461627731e-05
qualita,2.161396461627731e-05
archibald,2.161396461627731e-05
practition,2.161396461627731e-05
rua,2.161396461627731e-05
tct,2.161396461627731e-05
scherer,2.161396461627731e-05
iir,2.161396461627731e-05
widen,2.161396461627731e-05
iie,2.161396461627731e-05
howrey,2.161396461627731e-05
dordrecht,2.161396461627731e-05
sistenc,2.161396461627731e-05
loa,2.161396461627731e-05
oslo,2.161396461627731e-05
ftp,2.161396461627731e-05
fellner,2.161396461627731e-05
devel,2.161396461627731e-05
sxo,2.161396461627731e-05
tio,2.161396461627731e-05
multifactor,2.161396461627731e-05
arm,2.161396461627731e-05
portfo,2.161396461627731e-05
meal,2.161396461627731e-05
imi,2.161396461627731e-05
markham,2.161396461627731e-05
bjp,2.161396461627731e-05
xjo,2.161396461627731e-05
eet,2.161396461627731e-05
kis,2.161396461627731e-05
basmann,2.161396461627731e-05
cpa,2.161396461627731e-05
nonintegr,2.161396461627731e-05
secu,2.161396461627731e-05
ibi,2.161396461627731e-05
culat,2.161396461627731e-05
coarsest,2.161396461627731e-05
ibbotson,2.161396461627731e-05
meanstandard,2.161396461627731e-05
cdfs,2.161396461627731e-05
modiglianimil,2.161396461627731e-05
cac,2.161396461627731e-05
comparativestat,2.161396461627731e-05
gxx,2.161396461627731e-05
ifj,2.161396461627731e-05
infinitum,2.161396461627731e-05
infrequ,2.161396461627731e-05
sugden,2.161396461627731e-05
wisdom,2.161396461627731e-05
annex,2.078265828488203e-05
pression,2.078265828488203e-05
ppx,2.078265828488203e-05
laurent,2.078265828488203e-05
fte,2.078265828488203e-05
pxb,2.078265828488203e-05
rik,2.078265828488203e-05
vention,2.078265828488203e-05
xlk,2.078265828488203e-05
onestepahead,2.078265828488203e-05
resid,2.078265828488203e-05
mecha,2.078265828488203e-05
griffin,2.078265828488203e-05
gtt,2.078265828488203e-05
iht,2.078265828488203e-05
eel,2.078265828488203e-05
workabl,2.078265828488203e-05
savin,2.078265828488203e-05
replica,2.078265828488203e-05
nite,2.078265828488203e-05
distress,2.078265828488203e-05
vitamin,2.078265828488203e-05
celebr,2.078265828488203e-05
pear,2.078265828488203e-05
pencavel,2.078265828488203e-05
uncommon,2.078265828488203e-05
mxi,2.078265828488203e-05
asx,2.078265828488203e-05
chairman,2.078265828488203e-05
roulett,2.078265828488203e-05
sine,2.078265828488203e-05
parthasarathi,2.078265828488203e-05
aitchison,2.078265828488203e-05
ivb,2.078265828488203e-05
isl,2.078265828488203e-05
unawar,2.078265828488203e-05
sunk,2.078265828488203e-05
strand,2.078265828488203e-05
landsberg,2.078265828488203e-05
pate,2.078265828488203e-05
heh,2.078265828488203e-05
awa,2.078265828488203e-05
kin,2.078265828488203e-05
huge,2.078265828488203e-05
chi,2.078265828488203e-05
durbinwatson,2.078265828488203e-05
tinguish,2.078265828488203e-05
obrien,2.078265828488203e-05
piz,2.078265828488203e-05
qis,2.078265828488203e-05
liber,2.078265828488203e-05
barri,2.078265828488203e-05
xiyi,2.078265828488203e-05
bite,2.078265828488203e-05
januaryapril,2.078265828488203e-05
crt,2.078265828488203e-05
posttrad,2.078265828488203e-05
ppt,2.078265828488203e-05
pne,2.078265828488203e-05
abcd,2.078265828488203e-05
multiasset,2.078265828488203e-05
biguous,2.078265828488203e-05
demarzo,2.078265828488203e-05
jxj,2.078265828488203e-05
tta,2.078265828488203e-05
ytn,2.078265828488203e-05
logl,2.078265828488203e-05
nect,2.078265828488203e-05
prototyp,2.078265828488203e-05
pey,2.078265828488203e-05
fifti,2.078265828488203e-05
reorder,2.078265828488203e-05
terize,2.078265828488203e-05
kolloquium,2.078265828488203e-05
ious,2.078265828488203e-05
lxp,2.078265828488203e-05
baa,2.078265828488203e-05
distrib,2.078265828488203e-05
pib,2.078265828488203e-05
holm,2.078265828488203e-05
piric,2.078265828488203e-05
bll,2.078265828488203e-05
theless,2.078265828488203e-05
cassel,2.078265828488203e-05
redempt,2.078265828488203e-05
penditur,2.078265828488203e-05
assimil,2.078265828488203e-05
coordinatewis,2.078265828488203e-05
sandberg,2.078265828488203e-05
diagnost,2.078265828488203e-05
dem,2.078265828488203e-05
cxa,2.078265828488203e-05
comfort,2.078265828488203e-05
pfk,2.078265828488203e-05
jcj,2.078265828488203e-05
neigh,2.078265828488203e-05
hickss,2.078265828488203e-05
tighter,2.078265828488203e-05
ilm,2.078265828488203e-05
xxxi,2.078265828488203e-05
publi,2.078265828488203e-05
keith,2.078265828488203e-05
rin,2.078265828488203e-05
fap,2.078265828488203e-05
skeptic,2.078265828488203e-05
asym,2.078265828488203e-05
opj,2.078265828488203e-05
tfs,2.078265828488203e-05
nia,2.078265828488203e-05
prolong,2.078265828488203e-05
taxexempt,2.078265828488203e-05
immun,2.078265828488203e-05
lester,2.078265828488203e-05
ame,2.078265828488203e-05
pns,2.078265828488203e-05
sas,2.078265828488203e-05
expo,2.078265828488203e-05
steepen,2.078265828488203e-05
jagannathan,2.078265828488203e-05
contraposit,2.078265828488203e-05
impot,2.078265828488203e-05
hawkinssimon,2.078265828488203e-05
meat,2.078265828488203e-05
xjs,2.078265828488203e-05
brunnermei,2.078265828488203e-05
sono,2.078265828488203e-05
awi,2.078265828488203e-05
tte,2.078265828488203e-05
climat,2.078265828488203e-05
tone,2.078265828488203e-05
smoke,2.078265828488203e-05
interconnect,2.078265828488203e-05
disinvest,2.078265828488203e-05
xrz,2.078265828488203e-05
kpt,2.078265828488203e-05
yjp,2.078265828488203e-05
trt,2.078265828488203e-05
bjk,2.078265828488203e-05
glenn,2.078265828488203e-05
psa,2.078265828488203e-05
progr,2.078265828488203e-05
bia,2.078265828488203e-05
ancien,2.078265828488203e-05
pls,2.078265828488203e-05
museum,2.078265828488203e-05
nondomin,2.078265828488203e-05
elp,2.078265828488203e-05
parzen,2.078265828488203e-05
multicommod,2.078265828488203e-05
underreact,2.078265828488203e-05
vyo,2.078265828488203e-05
replenish,2.078265828488203e-05
abovement,2.078265828488203e-05
nonstationar,2.078265828488203e-05
apolog,2.078265828488203e-05
cheap,2.078265828488203e-05
ytyt,2.078265828488203e-05
hint,2.078265828488203e-05
hpl,2.078265828488203e-05
fef,2.078265828488203e-05
iic,2.078265828488203e-05
mathstrutc,2.078265828488203e-05
vte,2.078265828488203e-05
nondecrea,2.078265828488203e-05
underli,2.078265828488203e-05
youth,2.078265828488203e-05
visavi,2.078265828488203e-05
dyi,2.078265828488203e-05
kat,2.078265828488203e-05
hesh,2.078265828488203e-05
australia,2.078265828488203e-05
joan,2.078265828488203e-05
hannan,2.078265828488203e-05
pbi,2.078265828488203e-05
masterpiec,2.078265828488203e-05
maxo,2.078265828488203e-05
ilp,2.078265828488203e-05
petersburg,1.995135195348675e-05
congr,1.995135195348675e-05
xoi,1.995135195348675e-05
jectur,1.995135195348675e-05
tingent,1.995135195348675e-05
quar,1.995135195348675e-05
poten,1.995135195348675e-05
ktj,1.995135195348675e-05
taxpay,1.995135195348675e-05
thermodynam,1.995135195348675e-05
tauchen,1.995135195348675e-05
rain,1.995135195348675e-05
lane,1.995135195348675e-05
nism,1.995135195348675e-05
impair,1.995135195348675e-05
gnx,1.995135195348675e-05
grodal,1.995135195348675e-05
shum,1.995135195348675e-05
memoir,1.995135195348675e-05
xxviii,1.995135195348675e-05
horowitz,1.995135195348675e-05
lutz,1.995135195348675e-05
accumu,1.995135195348675e-05
quest,1.995135195348675e-05
spinoff,1.995135195348675e-05
roman,1.995135195348675e-05
baker,1.995135195348675e-05
stulz,1.995135195348675e-05
ama,1.995135195348675e-05
kuenn,1.995135195348675e-05
aif,1.995135195348675e-05
jeremi,1.995135195348675e-05
reappear,1.995135195348675e-05
xixi,1.995135195348675e-05
reopen,1.995135195348675e-05
modem,1.995135195348675e-05
cpu,1.995135195348675e-05
mortgag,1.995135195348675e-05
sorti,1.995135195348675e-05
allevi,1.995135195348675e-05
dki,1.995135195348675e-05
wegg,1.995135195348675e-05
iif,1.995135195348675e-05
eba,1.995135195348675e-05
minj,1.995135195348675e-05
habitform,1.995135195348675e-05
prs,1.995135195348675e-05
abram,1.995135195348675e-05
scrutini,1.995135195348675e-05
gottardi,1.995135195348675e-05
chris,1.995135195348675e-05
eber,1.995135195348675e-05
fiki,1.995135195348675e-05
tab,1.995135195348675e-05
apostol,1.995135195348675e-05
kij,1.995135195348675e-05
lift,1.995135195348675e-05
tbill,1.995135195348675e-05
ktn,1.995135195348675e-05
kirman,1.995135195348675e-05
ashenfelt,1.995135195348675e-05
pvi,1.995135195348675e-05
pricequant,1.995135195348675e-05
garcia,1.995135195348675e-05
percapita,1.995135195348675e-05
ascrib,1.995135195348675e-05
estima,1.995135195348675e-05
frozen,1.995135195348675e-05
xyz,1.995135195348675e-05
gasolin,1.995135195348675e-05
letf,1.995135195348675e-05
xipi,1.995135195348675e-05
upx,1.995135195348675e-05
vanek,1.995135195348675e-05
isd,1.995135195348675e-05
egoist,1.995135195348675e-05
ppf,1.995135195348675e-05
pqe,1.995135195348675e-05
wheel,1.995135195348675e-05
expend,1.995135195348675e-05
string,1.995135195348675e-05
tair,1.995135195348675e-05
ykl,1.995135195348675e-05
ukt,1.995135195348675e-05
enclos,1.995135195348675e-05
mpi,1.995135195348675e-05
nii,1.995135195348675e-05
ank,1.995135195348675e-05
vpi,1.995135195348675e-05
bji,1.995135195348675e-05
nonequilibrium,1.995135195348675e-05
mercuri,1.995135195348675e-05
jec,1.995135195348675e-05
sepa,1.995135195348675e-05
ernment,1.995135195348675e-05
fiv,1.995135195348675e-05
ilar,1.995135195348675e-05
ritter,1.995135195348675e-05
ichimura,1.995135195348675e-05
aiq,1.995135195348675e-05
truman,1.995135195348675e-05
comp,1.995135195348675e-05
fyx,1.995135195348675e-05
singer,1.995135195348675e-05
unwil,1.995135195348675e-05
pace,1.995135195348675e-05
unnecessarili,1.995135195348675e-05
poorest,1.995135195348675e-05
iiib,1.995135195348675e-05
imiz,1.995135195348675e-05
indebted,1.995135195348675e-05
bergsonsamuelson,1.995135195348675e-05
behalf,1.995135195348675e-05
generous,1.995135195348675e-05
thirdord,1.995135195348675e-05
prx,1.995135195348675e-05
hisher,1.995135195348675e-05
decrea,1.995135195348675e-05
gayer,1.995135195348675e-05
booktomarket,1.995135195348675e-05
formid,1.995135195348675e-05
pdq,1.995135195348675e-05
plql,1.995135195348675e-05
multiplieracceler,1.995135195348675e-05
rural,1.995135195348675e-05
xma,1.995135195348675e-05
recours,1.995135195348675e-05
unreal,1.995135195348675e-05
edd,1.995135195348675e-05
timmermann,1.995135195348675e-05
contem,1.995135195348675e-05
voo,1.995135195348675e-05
geq,1.995135195348675e-05
prw,1.995135195348675e-05
pjx,1.995135195348675e-05
cec,1.995135195348675e-05
pbt,1.995135195348675e-05
afk,1.995135195348675e-05
uap,1.995135195348675e-05
tarif,1.995135195348675e-05
poe,1.995135195348675e-05
trari,1.995135195348675e-05
inp,1.995135195348675e-05
dilemma,1.995135195348675e-05
fixi,1.995135195348675e-05
fyy,1.995135195348675e-05
vsj,1.995135195348675e-05
stl,1.995135195348675e-05
pyi,1.995135195348675e-05
donor,1.995135195348675e-05
jii,1.995135195348675e-05
alj,1.995135195348675e-05
script,1.995135195348675e-05
ine,1.995135195348675e-05
dys,1.995135195348675e-05
timesepar,1.995135195348675e-05
bine,1.995135195348675e-05
prompt,1.995135195348675e-05
uji,1.995135195348675e-05
modular,1.995135195348675e-05
crossparti,1.995135195348675e-05
miao,1.995135195348675e-05
pye,1.995135195348675e-05
influenti,1.995135195348675e-05
pyj,1.995135195348675e-05
minp,1.995135195348675e-05
sht,1.995135195348675e-05
chapel,1.995135195348675e-05
feo,1.995135195348675e-05
pps,1.995135195348675e-05
focal,1.995135195348675e-05
tll,1.995135195348675e-05
aiz,1.995135195348675e-05
erl,1.995135195348675e-05
tour,1.995135195348675e-05
utilityfunct,1.995135195348675e-05
eay,1.995135195348675e-05
clockwis,1.995135195348675e-05
crisi,1.995135195348675e-05
ace,1.995135195348675e-05
cki,1.995135195348675e-05
sizeabl,1.995135195348675e-05
minat,1.995135195348675e-05
prerequisit,1.995135195348675e-05
fcs,1.995135195348675e-05
qnl,1.9120045622091466e-05
dar,1.9120045622091466e-05
carrier,1.9120045622091466e-05
ztj,1.9120045622091466e-05
cat,1.9120045622091466e-05
infi,1.9120045622091466e-05
dxs,1.9120045622091466e-05
supe,1.9120045622091466e-05
poterba,1.9120045622091466e-05
autarchi,1.9120045622091466e-05
electron,1.9120045622091466e-05
dtl,1.9120045622091466e-05
lid,1.9120045622091466e-05
acterist,1.9120045622091466e-05
overshoot,1.9120045622091466e-05
auy,1.9120045622091466e-05
cic,1.9120045622091466e-05
nineteenth,1.9120045622091466e-05
mayjun,1.9120045622091466e-05
ttx,1.9120045622091466e-05
ingeni,1.9120045622091466e-05
hey,1.9120045622091466e-05
eik,1.9120045622091466e-05
julyoctob,1.9120045622091466e-05
cci,1.9120045622091466e-05
shield,1.9120045622091466e-05
limno,1.9120045622091466e-05
vind,1.9120045622091466e-05
piai,1.9120045622091466e-05
kol,1.9120045622091466e-05
fla,1.9120045622091466e-05
cheng,1.9120045622091466e-05
dct,1.9120045622091466e-05
schema,1.9120045622091466e-05
deform,1.9120045622091466e-05
fpm,1.9120045622091466e-05
teo,1.9120045622091466e-05
quid,1.9120045622091466e-05
aliti,1.9120045622091466e-05
cra,1.9120045622091466e-05
nobel,1.9120045622091466e-05
twa,1.9120045622091466e-05
bles,1.9120045622091466e-05
deu,1.9120045622091466e-05
pdp,1.9120045622091466e-05
hardwar,1.9120045622091466e-05
statisti,1.9120045622091466e-05
bowden,1.9120045622091466e-05
tif,1.9120045622091466e-05
angus,1.9120045622091466e-05
uxf,1.9120045622091466e-05
subutil,1.9120045622091466e-05
impressionist,1.9120045622091466e-05
amax,1.9120045622091466e-05
cen,1.9120045622091466e-05
fori,1.9120045622091466e-05
ixl,1.9120045622091466e-05
yyy,1.9120045622091466e-05
rir,1.9120045622091466e-05
hypo,1.9120045622091466e-05
nonproduct,1.9120045622091466e-05
nical,1.9120045622091466e-05
dvx,1.9120045622091466e-05
xjx,1.9120045622091466e-05
wealthi,1.9120045622091466e-05
iuj,1.9120045622091466e-05
constantreturnstoscal,1.9120045622091466e-05
rephras,1.9120045622091466e-05
alb,1.9120045622091466e-05
avt,1.9120045622091466e-05
determi,1.9120045622091466e-05
tss,1.9120045622091466e-05
xal,1.9120045622091466e-05
emax,1.9120045622091466e-05
fifteen,1.9120045622091466e-05
freixa,1.9120045622091466e-05
leakag,1.9120045622091466e-05
econonm,1.9120045622091466e-05
constel,1.9120045622091466e-05
ifo,1.9120045622091466e-05
ctx,1.9120045622091466e-05
wachter,1.9120045622091466e-05
dur,1.9120045622091466e-05
harmless,1.9120045622091466e-05
spo,1.9120045622091466e-05
xir,1.9120045622091466e-05
incor,1.9120045622091466e-05
uir,1.9120045622091466e-05
jahnsson,1.9120045622091466e-05
transi,1.9120045622091466e-05
jer,1.9120045622091466e-05
incomecompens,1.9120045622091466e-05
yzt,1.9120045622091466e-05
ypx,1.9120045622091466e-05
uoo,1.9120045622091466e-05
rct,1.9120045622091466e-05
dql,1.9120045622091466e-05
kroneck,1.9120045622091466e-05
pyk,1.9120045622091466e-05
ifa,1.9120045622091466e-05
chord,1.9120045622091466e-05
hanson,1.9120045622091466e-05
blb,1.9120045622091466e-05
avj,1.9120045622091466e-05
extinct,1.9120045622091466e-05
aui,1.9120045622091466e-05
dubious,1.9120045622091466e-05
ixj,1.9120045622091466e-05
aoi,1.9120045622091466e-05
laa,1.9120045622091466e-05
madison,1.9120045622091466e-05
commensur,1.9120045622091466e-05
congruent,1.9120045622091466e-05
suranc,1.9120045622091466e-05
vmax,1.9120045622091466e-05
xbt,1.9120045622091466e-05
compri,1.9120045622091466e-05
fex,1.9120045622091466e-05
perperiod,1.9120045622091466e-05
herman,1.9120045622091466e-05
fft,1.9120045622091466e-05
nevin,1.9120045622091466e-05
iffor,1.9120045622091466e-05
opi,1.9120045622091466e-05
onemonth,1.9120045622091466e-05
nperson,1.9120045622091466e-05
wxt,1.9120045622091466e-05
vio,1.9120045622091466e-05
bic,1.9120045622091466e-05
ayk,1.9120045622091466e-05
prr,1.9120045622091466e-05
rxi,1.9120045622091466e-05
interrelationship,1.9120045622091466e-05
monetarist,1.9120045622091466e-05
fta,1.9120045622091466e-05
udu,1.9120045622091466e-05
india,1.9120045622091466e-05
xlv,1.9120045622091466e-05
xol,1.9120045622091466e-05
travers,1.9120045622091466e-05
finest,1.9120045622091466e-05
palgrav,1.9120045622091466e-05
calif,1.9120045622091466e-05
roemer,1.9120045622091466e-05
dicat,1.9120045622091466e-05
trough,1.9120045622091466e-05
clean,1.9120045622091466e-05
elat,1.9120045622091466e-05
dish,1.9120045622091466e-05
skt,1.9120045622091466e-05
risen,1.9120045622091466e-05
mti,1.9120045622091466e-05
notate,1.9120045622091466e-05
drazen,1.9120045622091466e-05
bocconi,1.9120045622091466e-05
spivak,1.9120045622091466e-05
periment,1.9120045622091466e-05
xxvii,1.9120045622091466e-05
aff,1.9120045622091466e-05
fco,1.9120045622091466e-05
organis,1.9120045622091466e-05
minf,1.9120045622091466e-05
ptu,1.9120045622091466e-05
underpr,1.9120045622091466e-05
powel,1.9120045622091466e-05
pretend,1.9120045622091466e-05
artifact,1.9120045622091466e-05
cik,1.9120045622091466e-05
focuss,1.8288739290696185e-05
yay,1.8288739290696185e-05
pretti,1.8288739290696185e-05
yoy,1.8288739290696185e-05
angular,1.8288739290696185e-05
dli,1.8288739290696185e-05
pbb,1.8288739290696185e-05
iaa,1.8288739290696185e-05
solubl,1.8288739290696185e-05
lativ,1.8288739290696185e-05
vjp,1.8288739290696185e-05
emin,1.8288739290696185e-05
meltzer,1.8288739290696185e-05
subjec,1.8288739290696185e-05
intragroup,1.8288739290696185e-05
ownrat,1.8288739290696185e-05
psl,1.8288739290696185e-05
hlx,1.8288739290696185e-05
pla,1.8288739290696185e-05
princ,1.8288739290696185e-05
andfor,1.8288739290696185e-05
pnx,1.8288739290696185e-05
autumn,1.8288739290696185e-05
tribe,1.8288739290696185e-05
chicken,1.8288739290696185e-05
retrospect,1.8288739290696185e-05
oki,1.8288739290696185e-05
lamont,1.8288739290696185e-05
ohio,1.8288739290696185e-05
mentari,1.8288739290696185e-05
debit,1.8288739290696185e-05
soi,1.8288739290696185e-05
nra,1.8288739290696185e-05
hot,1.8288739290696185e-05
broaden,1.8288739290696185e-05
adr,1.8288739290696185e-05
pzl,1.8288739290696185e-05
trip,1.8288739290696185e-05
forgon,1.8288739290696185e-05
tifi,1.8288739290696185e-05
dll,1.8288739290696185e-05
collabor,1.8288739290696185e-05
yim,1.8288739290696185e-05
reinsur,1.8288739290696185e-05
ibe,1.8288739290696185e-05
gratitud,1.8288739290696185e-05
vat,1.8288739290696185e-05
unsolv,1.8288739290696185e-05
intang,1.8288739290696185e-05
pmp,1.8288739290696185e-05
trout,1.8288739290696185e-05
bierwag,1.8288739290696185e-05
rjk,1.8288739290696185e-05
durlauf,1.8288739290696185e-05
bute,1.8288739290696185e-05
prt,1.8288739290696185e-05
cfi,1.8288739290696185e-05
salvag,1.8288739290696185e-05
duct,1.8288739290696185e-05
toulous,1.8288739290696185e-05
pcx,1.8288739290696185e-05
wealthhold,1.8288739290696185e-05
afin,1.8288739290696185e-05
priceearn,1.8288739290696185e-05
drew,1.8288739290696185e-05
kansa,1.8288739290696185e-05
selfimpos,1.8288739290696185e-05
unfavor,1.8288739290696185e-05
qdt,1.8288739290696185e-05
oip,1.8288739290696185e-05
inft,1.8288739290696185e-05
rri,1.8288739290696185e-05
iwi,1.8288739290696185e-05
xvx,1.8288739290696185e-05
lion,1.8288739290696185e-05
phe,1.8288739290696185e-05
ita,1.8288739290696185e-05
lti,1.8288739290696185e-05
tomasz,1.8288739290696185e-05
pollack,1.8288739290696185e-05
unexplain,1.8288739290696185e-05
sue,1.8288739290696185e-05
hyperbola,1.8288739290696185e-05
pdi,1.8288739290696185e-05
har,1.8288739290696185e-05
sik,1.8288739290696185e-05
logc,1.8288739290696185e-05
telaviv,1.8288739290696185e-05
builder,1.8288739290696185e-05
qlt,1.8288739290696185e-05
cte,1.8288739290696185e-05
rkl,1.8288739290696185e-05
xkx,1.8288739290696185e-05
flect,1.8288739290696185e-05
rudin,1.8288739290696185e-05
elig,1.8288739290696185e-05
princi,1.8288739290696185e-05
mip,1.8288739290696185e-05
ker,1.8288739290696185e-05
athey,1.8288739290696185e-05
livr,1.8288739290696185e-05
repress,1.8288739290696185e-05
xco,1.8288739290696185e-05
maxk,1.8288739290696185e-05
het,1.8288739290696185e-05
empiri,1.8288739290696185e-05
mid,1.8288739290696185e-05
keeney,1.8288739290696185e-05
azo,1.8288739290696185e-05
fxn,1.8288739290696185e-05
unwin,1.8288739290696185e-05
izt,1.8288739290696185e-05
uet,1.8288739290696185e-05
voy,1.8288739290696185e-05
twoyear,1.8288739290696185e-05
metropolitan,1.8288739290696185e-05
disentangl,1.8288739290696185e-05
costreduc,1.8288739290696185e-05
summaris,1.8288739290696185e-05
zerosum,1.8288739290696185e-05
anm,1.8288739290696185e-05
jem,1.8288739290696185e-05
sie,1.8288739290696185e-05
triplet,1.8288739290696185e-05
hkt,1.8288739290696185e-05
irrate,1.8288739290696185e-05
gll,1.8288739290696185e-05
maximiz,1.8288739290696185e-05
xks,1.8288739290696185e-05
weston,1.8288739290696185e-05
xyt,1.8288739290696185e-05
pmx,1.8288739290696185e-05
lariti,1.8288739290696185e-05
nec,1.8288739290696185e-05
kek,1.8288739290696185e-05
tiat,1.8288739290696185e-05
sullivan,1.8288739290696185e-05
nonextrem,1.8288739290696185e-05
ene,1.8288739290696185e-05
fitch,1.8288739290696185e-05
calcu,1.8288739290696185e-05
wix,1.8288739290696185e-05
aiu,1.8288739290696185e-05
kio,1.8288739290696185e-05
slutskyhick,1.8288739290696185e-05
addison,1.8288739290696185e-05
pzt,1.8288739290696185e-05
grace,1.8288739290696185e-05
snack,1.8288739290696185e-05
deed,1.8288739290696185e-05
dead,1.8288739290696185e-05
spain,1.8288739290696185e-05
gree,1.8288739290696185e-05
wong,1.8288739290696185e-05
adult,1.8288739290696185e-05
bot,1.8288739290696185e-05
contest,1.8288739290696185e-05
asj,1.8288739290696185e-05
mlm,1.8288739290696185e-05
lci,1.8288739290696185e-05
niti,1.8288739290696185e-05
unnatur,1.8288739290696185e-05
hyperinfl,1.8288739290696185e-05
finitevalu,1.8288739290696185e-05
kil,1.8288739290696185e-05
ult,1.8288739290696185e-05
nonnumerair,1.8288739290696185e-05
pele,1.8288739290696185e-05
rnl,1.8288739290696185e-05
sage,1.8288739290696185e-05
fah,1.8288739290696185e-05
eht,1.8288739290696185e-05
ilx,1.8288739290696185e-05
reconstruct,1.8288739290696185e-05
overfulfil,1.8288739290696185e-05
apw,1.8288739290696185e-05
robbin,1.8288739290696185e-05
tradeabl,1.8288739290696185e-05
bowley,1.8288739290696185e-05
edmund,1.8288739290696185e-05
lps,1.8288739290696185e-05
burk,1.8288739290696185e-05
sac,1.8288739290696185e-05
dark,1.8288739290696185e-05
ctp,1.8288739290696185e-05
refrain,1.8288739290696185e-05
kmn,1.8288739290696185e-05
vll,1.8288739290696185e-05
fay,1.8288739290696185e-05
sus,1.8288739290696185e-05
diet,1.8288739290696185e-05
aiai,1.8288739290696185e-05
jermann,1.8288739290696185e-05
qxq,1.8288739290696185e-05
xavier,1.8288739290696185e-05
dijk,1.8288739290696185e-05
wfi,1.8288739290696185e-05
ase,1.8288739290696185e-05
rji,1.8288739290696185e-05
superaddit,1.8288739290696185e-05
geneva,1.8288739290696185e-05
qtp,1.8288739290696185e-05
attribu,1.8288739290696185e-05
cct,1.8288739290696185e-05
otl,1.8288739290696185e-05
lxx,1.8288739290696185e-05
delong,1.8288739290696185e-05
qik,1.8288739290696185e-05
maxv,1.8288739290696185e-05
rodney,1.7457432959300904e-05
klepper,1.7457432959300904e-05
coj,1.7457432959300904e-05
benabou,1.7457432959300904e-05
elimi,1.7457432959300904e-05
holden,1.7457432959300904e-05
threaten,1.7457432959300904e-05
neweywest,1.7457432959300904e-05
bould,1.7457432959300904e-05
smb,1.7457432959300904e-05
vdi,1.7457432959300904e-05
unsuit,1.7457432959300904e-05
vert,1.7457432959300904e-05
ril,1.7457432959300904e-05
immobil,1.7457432959300904e-05
lse,1.7457432959300904e-05
scs,1.7457432959300904e-05
asr,1.7457432959300904e-05
adequaci,1.7457432959300904e-05
ewt,1.7457432959300904e-05
mohr,1.7457432959300904e-05
selfexplanatori,1.7457432959300904e-05
vpo,1.7457432959300904e-05
psychic,1.7457432959300904e-05
nalli,1.7457432959300904e-05
pxn,1.7457432959300904e-05
psc,1.7457432959300904e-05
monica,1.7457432959300904e-05
trol,1.7457432959300904e-05
foot,1.7457432959300904e-05
ink,1.7457432959300904e-05
embarrass,1.7457432959300904e-05
ahm,1.7457432959300904e-05
wash,1.7457432959300904e-05
sia,1.7457432959300904e-05
chelsea,1.7457432959300904e-05
lpn,1.7457432959300904e-05
abund,1.7457432959300904e-05
ape,1.7457432959300904e-05
benartzi,1.7457432959300904e-05
amex,1.7457432959300904e-05
vir,1.7457432959300904e-05
tablish,1.7457432959300904e-05
emi,1.7457432959300904e-05
wei,1.7457432959300904e-05
nond,1.7457432959300904e-05
mao,1.7457432959300904e-05
varp,1.7457432959300904e-05
lengthen,1.7457432959300904e-05
uxux,1.7457432959300904e-05
knn,1.7457432959300904e-05
limx,1.7457432959300904e-05
thrift,1.7457432959300904e-05
quent,1.7457432959300904e-05
nobodi,1.7457432959300904e-05
ifl,1.7457432959300904e-05
newey,1.7457432959300904e-05
yig,1.7457432959300904e-05
itr,1.7457432959300904e-05
salani,1.7457432959300904e-05
frydman,1.7457432959300904e-05
unus,1.7457432959300904e-05
inward,1.7457432959300904e-05
sant,1.7457432959300904e-05
mpp,1.7457432959300904e-05
flv,1.7457432959300904e-05
tinu,1.7457432959300904e-05
stambaugh,1.7457432959300904e-05
unfil,1.7457432959300904e-05
ltt,1.7457432959300904e-05
didi,1.7457432959300904e-05
eyi,1.7457432959300904e-05
spiegler,1.7457432959300904e-05
richest,1.7457432959300904e-05
uation,1.7457432959300904e-05
opl,1.7457432959300904e-05
aperiod,1.7457432959300904e-05
balch,1.7457432959300904e-05
laboratoir,1.7457432959300904e-05
pfout,1.7457432959300904e-05
mifflin,1.7457432959300904e-05
houghton,1.7457432959300904e-05
cocoa,1.7457432959300904e-05
chip,1.7457432959300904e-05
eaa,1.7457432959300904e-05
nonpecuniari,1.7457432959300904e-05
benefitcost,1.7457432959300904e-05
intellectu,1.7457432959300904e-05
reassur,1.7457432959300904e-05
vlt,1.7457432959300904e-05
modi,1.7457432959300904e-05
faz,1.7457432959300904e-05
kll,1.7457432959300904e-05
statutori,1.7457432959300904e-05
frs,1.7457432959300904e-05
hess,1.7457432959300904e-05
uox,1.7457432959300904e-05
ymax,1.7457432959300904e-05
ftl,1.7457432959300904e-05
wyt,1.7457432959300904e-05
vvi,1.7457432959300904e-05
leas,1.7457432959300904e-05
qxi,1.7457432959300904e-05
happi,1.7457432959300904e-05
retic,1.7457432959300904e-05
tdtonnement,1.7457432959300904e-05
veblen,1.7457432959300904e-05
flood,1.7457432959300904e-05
maxu,1.7457432959300904e-05
excurs,1.7457432959300904e-05
tensor,1.7457432959300904e-05
banqu,1.7457432959300904e-05
lahiri,1.7457432959300904e-05
tam,1.7457432959300904e-05
risklov,1.7457432959300904e-05
damm,1.7457432959300904e-05
jji,1.7457432959300904e-05
ulc,1.7457432959300904e-05
ryan,1.7457432959300904e-05
atomist,1.7457432959300904e-05
geoffrey,1.7457432959300904e-05
hoard,1.7457432959300904e-05
pretest,1.7457432959300904e-05
tand,1.7457432959300904e-05
aup,1.7457432959300904e-05
sard,1.7457432959300904e-05
aak,1.7457432959300904e-05
tut,1.7457432959300904e-05
ziy,1.7457432959300904e-05
islm,1.7457432959300904e-05
acr,1.7457432959300904e-05
moi,1.7457432959300904e-05
xlix,1.7457432959300904e-05
vta,1.7457432959300904e-05
fpp,1.7457432959300904e-05
bowl,1.7457432959300904e-05
brazil,1.7457432959300904e-05
hci,1.7457432959300904e-05
introspect,1.7457432959300904e-05
annalen,1.7457432959300904e-05
facult,1.7457432959300904e-05
covi,1.7457432959300904e-05
vacanc,1.7457432959300904e-05
czt,1.7457432959300904e-05
bryant,1.7457432959300904e-05
tualli,1.7457432959300904e-05
intrillig,1.7457432959300904e-05
waldmann,1.7457432959300904e-05
satisf,1.7457432959300904e-05
chetti,1.7457432959300904e-05
stx,1.7457432959300904e-05
matematica,1.7457432959300904e-05
vyt,1.7457432959300904e-05
iax,1.7457432959300904e-05
danalys,1.7457432959300904e-05
frp,1.7457432959300904e-05
legendr,1.7457432959300904e-05
whiteman,1.7457432959300904e-05
wll,1.7457432959300904e-05
bart,1.7457432959300904e-05
doctrin,1.7457432959300904e-05
inconsequenti,1.7457432959300904e-05
subjectto,1.7457432959300904e-05
zpt,1.7457432959300904e-05
tbt,1.7457432959300904e-05
uif,1.7457432959300904e-05
algo,1.7457432959300904e-05
uzi,1.7457432959300904e-05
terenc,1.7457432959300904e-05
kst,1.7457432959300904e-05
bequeath,1.7457432959300904e-05
compil,1.7457432959300904e-05
tabul,1.7457432959300904e-05
mailath,1.7457432959300904e-05
nix,1.7457432959300904e-05
arn,1.7457432959300904e-05
zeroprofit,1.7457432959300904e-05
quenci,1.7457432959300904e-05
cosin,1.7457432959300904e-05
epj,1.7457432959300904e-05
tenyear,1.7457432959300904e-05
nota,1.7457432959300904e-05
patibl,1.7457432959300904e-05
xxv,1.7457432959300904e-05
oppon,1.7457432959300904e-05
qii,1.7457432959300904e-05
sai,1.7457432959300904e-05
ztf,1.7457432959300904e-05
manpow,1.7457432959300904e-05
threedimension,1.7457432959300904e-05
hyper,1.7457432959300904e-05
hml,1.7457432959300904e-05
merica,1.7457432959300904e-05
econometriqu,1.7457432959300904e-05
biy,1.7457432959300904e-05
steepest,1.7457432959300904e-05
munic,1.7457432959300904e-05
fpo,1.7457432959300904e-05
appelbaum,1.7457432959300904e-05
len,1.7457432959300904e-05
menahem,1.7457432959300904e-05
fni,1.7457432959300904e-05
irx,1.7457432959300904e-05
cxl,1.7457432959300904e-05
fred,1.7457432959300904e-05
warwick,1.7457432959300904e-05
caratheodori,1.7457432959300904e-05
eni,1.7457432959300904e-05
cof,1.7457432959300904e-05
stapleton,1.7457432959300904e-05
sengupta,1.7457432959300904e-05
yvi,1.7457432959300904e-05
ost,1.7457432959300904e-05
yellow,1.7457432959300904e-05
chs,1.7457432959300904e-05
xkp,1.7457432959300904e-05
fxa,1.7457432959300904e-05
florida,1.7457432959300904e-05
avg,1.7457432959300904e-05
tabli,1.6626126627905623e-05
xml,1.6626126627905623e-05
xlj,1.6626126627905623e-05
ial,1.6626126627905623e-05
pif,1.6626126627905623e-05
portun,1.6626126627905623e-05
oxo,1.6626126627905623e-05
compari,1.6626126627905623e-05
entiat,1.6626126627905623e-05
sws,1.6626126627905623e-05
thirti,1.6626126627905623e-05
flf,1.6626126627905623e-05
pim,1.6626126627905623e-05
stoker,1.6626126627905623e-05
lest,1.6626126627905623e-05
naylor,1.6626126627905623e-05
architectur,1.6626126627905623e-05
yts,1.6626126627905623e-05
erickson,1.6626126627905623e-05
sxi,1.6626126627905623e-05
nit,1.6626126627905623e-05
extraordinari,1.6626126627905623e-05
multioutput,1.6626126627905623e-05
unam,1.6626126627905623e-05
pump,1.6626126627905623e-05
brunner,1.6626126627905623e-05
eve,1.6626126627905623e-05
gth,1.6626126627905623e-05
duti,1.6626126627905623e-05
bryan,1.6626126627905623e-05
inaccess,1.6626126627905623e-05
forwardlook,1.6626126627905623e-05
plifi,1.6626126627905623e-05
arisen,1.6626126627905623e-05
jen,1.6626126627905623e-05
upgrad,1.6626126627905623e-05
llt,1.6626126627905623e-05
socioeconom,1.6626126627905623e-05
zot,1.6626126627905623e-05
twist,1.6626126627905623e-05
counterrevolut,1.6626126627905623e-05
pcp,1.6626126627905623e-05
hamburg,1.6626126627905623e-05
reviv,1.6626126627905623e-05
emphasis,1.6626126627905623e-05
econiom,1.6626126627905623e-05
gruber,1.6626126627905623e-05
ttg,1.6626126627905623e-05
txo,1.6626126627905623e-05
twoelement,1.6626126627905623e-05
stantial,1.6626126627905623e-05
gression,1.6626126627905623e-05
vab,1.6626126627905623e-05
lpl,1.6626126627905623e-05
avk,1.6626126627905623e-05
dfp,1.6626126627905623e-05
idt,1.6626126627905623e-05
rto,1.6626126627905623e-05
lock,1.6626126627905623e-05
jca,1.6626126627905623e-05
paj,1.6626126627905623e-05
substan,1.6626126627905623e-05
noncontrol,1.6626126627905623e-05
discretionari,1.6626126627905623e-05
pwt,1.6626126627905623e-05
tfi,1.6626126627905623e-05
ftk,1.6626126627905623e-05
halv,1.6626126627905623e-05
characteriza,1.6626126627905623e-05
eoi,1.6626126627905623e-05
tural,1.6626126627905623e-05
viousli,1.6626126627905623e-05
dzi,1.6626126627905623e-05
vpe,1.6626126627905623e-05
wlp,1.6626126627905623e-05
mitment,1.6626126627905623e-05
dff,1.6626126627905623e-05
nonuniform,1.6626126627905623e-05
hysteresi,1.6626126627905623e-05
vision,1.6626126627905623e-05
upset,1.6626126627905623e-05
railroad,1.6626126627905623e-05
tpx,1.6626126627905623e-05
intric,1.6626126627905623e-05
marglin,1.6626126627905623e-05
weinstein,1.6626126627905623e-05
mot,1.6626126627905623e-05
chari,1.6626126627905623e-05
unfor,1.6626126627905623e-05
ysi,1.6626126627905623e-05
unattract,1.6626126627905623e-05
rasian,1.6626126627905623e-05
hamilton,1.6626126627905623e-05
fiyi,1.6626126627905623e-05
falsifi,1.6626126627905623e-05
uay,1.6626126627905623e-05
regist,1.6626126627905623e-05
dxk,1.6626126627905623e-05
yfl,1.6626126627905623e-05
mbius,1.6626126627905623e-05
fts,1.6626126627905623e-05
countercycl,1.6626126627905623e-05
stockmarket,1.6626126627905623e-05
cxx,1.6626126627905623e-05
etl,1.6626126627905623e-05
srivastava,1.6626126627905623e-05
realm,1.6626126627905623e-05
carter,1.6626126627905623e-05
vious,1.6626126627905623e-05
rxr,1.6626126627905623e-05
zxi,1.6626126627905623e-05
archiv,1.6626126627905623e-05
tki,1.6626126627905623e-05
erj,1.6626126627905623e-05
impl,1.6626126627905623e-05
stacchetti,1.6626126627905623e-05
irp,1.6626126627905623e-05
nonunion,1.6626126627905623e-05
supt,1.6626126627905623e-05
dfa,1.6626126627905623e-05
rob,1.6626126627905623e-05
fzz,1.6626126627905623e-05
moo,1.6626126627905623e-05
cxj,1.6626126627905623e-05
hump,1.6626126627905623e-05
afu,1.6626126627905623e-05
terval,1.6626126627905623e-05
bush,1.6626126627905623e-05
igi,1.6626126627905623e-05
upwardslop,1.6626126627905623e-05
fluctua,1.6626126627905623e-05
ofx,1.6626126627905623e-05
universitat,1.6626126627905623e-05
stabiliza,1.6626126627905623e-05
utp,1.6626126627905623e-05
lator,1.6626126627905623e-05
eqi,1.6626126627905623e-05
cix,1.6626126627905623e-05
culbertson,1.6626126627905623e-05
qxt,1.6626126627905623e-05
rot,1.6626126627905623e-05
christi,1.6626126627905623e-05
quali,1.6626126627905623e-05
ett,1.6626126627905623e-05
constantutil,1.6626126627905623e-05
conseil,1.6626126627905623e-05
epf,1.6626126627905623e-05
yea,1.6626126627905623e-05
rebat,1.6626126627905623e-05
tangenti,1.6626126627905623e-05
wpt,1.6626126627905623e-05
vox,1.6626126627905623e-05
eei,1.6626126627905623e-05
durablegood,1.6626126627905623e-05
oyj,1.6626126627905623e-05
gxo,1.6626126627905623e-05
eval,1.6626126627905623e-05
pme,1.6626126627905623e-05
asm,1.6626126627905623e-05
fpq,1.6626126627905623e-05
steve,1.6626126627905623e-05
uai,1.6626126627905623e-05
uqo,1.6626126627905623e-05
concen,1.6626126627905623e-05
provision,1.6626126627905623e-05
gct,1.6626126627905623e-05
trad,1.6626126627905623e-05
dqj,1.6626126627905623e-05
inl,1.6626126627905623e-05
fcc,1.6626126627905623e-05
francoi,1.6626126627905623e-05
censor,1.6626126627905623e-05
sun,1.6626126627905623e-05
mula,1.6626126627905623e-05
sds,1.6626126627905623e-05
dictionari,1.6626126627905623e-05
disput,1.6626126627905623e-05
vincent,1.6626126627905623e-05
nomenclatur,1.6626126627905623e-05
ptf,1.6626126627905623e-05
vcs,1.6626126627905623e-05
vkk,1.6626126627905623e-05
pyl,1.6626126627905623e-05
hereditari,1.6626126627905623e-05
pfr,1.6626126627905623e-05
vogelsang,1.6626126627905623e-05
differentia,1.6626126627905623e-05
zur,1.6626126627905623e-05
withingroup,1.6626126627905623e-05
grasp,1.6626126627905623e-05
ztz,1.6626126627905623e-05
rfr,1.6626126627905623e-05
sot,1.6626126627905623e-05
biq,1.6626126627905623e-05
kto,1.6626126627905623e-05
mtupl,1.6626126627905623e-05
institu,1.6626126627905623e-05
ark,1.6626126627905623e-05
lln,1.6626126627905623e-05
atomless,1.6626126627905623e-05
xth,1.6626126627905623e-05
gkx,1.6626126627905623e-05
yia,1.6626126627905623e-05
vac,1.6626126627905623e-05
ore,1.6626126627905623e-05
stood,1.6626126627905623e-05
faction,1.6626126627905623e-05
qpt,1.6626126627905623e-05
yjj,1.6626126627905623e-05
allot,1.6626126627905623e-05
holbrook,1.6626126627905623e-05
jevon,1.6626126627905623e-05
twicecontinu,1.6626126627905623e-05
olc,1.6626126627905623e-05
multicollinear,1.6626126627905623e-05
fubini,1.6626126627905623e-05
firmlevel,1.6626126627905623e-05
minx,1.6626126627905623e-05
preexist,1.6626126627905623e-05
pyo,1.6626126627905623e-05
vmm,1.6626126627905623e-05
unem,1.6626126627905623e-05
glg,1.6626126627905623e-05
rpo,1.5794820296510342e-05
hadley,1.5794820296510342e-05
xgx,1.5794820296510342e-05
entrepr,1.5794820296510342e-05
piu,1.5794820296510342e-05
fpl,1.5794820296510342e-05
uhi,1.5794820296510342e-05
ytxt,1.5794820296510342e-05
rxo,1.5794820296510342e-05
pursuit,1.5794820296510342e-05
xnm,1.5794820296510342e-05
errorsinvari,1.5794820296510342e-05
caress,1.5794820296510342e-05
mimick,1.5794820296510342e-05
lkt,1.5794820296510342e-05
qaq,1.5794820296510342e-05
ylt,1.5794820296510342e-05
subgameperfect,1.5794820296510342e-05
vji,1.5794820296510342e-05
unconvent,1.5794820296510342e-05
sri,1.5794820296510342e-05
ijn,1.5794820296510342e-05
integra,1.5794820296510342e-05
kdt,1.5794820296510342e-05
crowd,1.5794820296510342e-05
wharton,1.5794820296510342e-05
wea,1.5794820296510342e-05
ledyard,1.5794820296510342e-05
mcmillan,1.5794820296510342e-05
singlestag,1.5794820296510342e-05
highway,1.5794820296510342e-05
persuad,1.5794820296510342e-05
simsek,1.5794820296510342e-05
tition,1.5794820296510342e-05
forali,1.5794820296510342e-05
minc,1.5794820296510342e-05
lyi,1.5794820296510342e-05
stb,1.5794820296510342e-05
clc,1.5794820296510342e-05
kix,1.5794820296510342e-05
oik,1.5794820296510342e-05
terpret,1.5794820296510342e-05
warehous,1.5794820296510342e-05
survivor,1.5794820296510342e-05
fun,1.5794820296510342e-05
disproportion,1.5794820296510342e-05
battig,1.5794820296510342e-05
banana,1.5794820296510342e-05
rapoport,1.5794820296510342e-05
borhood,1.5794820296510342e-05
lni,1.5794820296510342e-05
ftest,1.5794820296510342e-05
knt,1.5794820296510342e-05
kik,1.5794820296510342e-05
pgp,1.5794820296510342e-05
librari,1.5794820296510342e-05
tendanc,1.5794820296510342e-05
procycl,1.5794820296510342e-05
coa,1.5794820296510342e-05
anr,1.5794820296510342e-05
lif,1.5794820296510342e-05
lam,1.5794820296510342e-05
tantamount,1.5794820296510342e-05
recoveri,1.5794820296510342e-05
alia,1.5794820296510342e-05
peakload,1.5794820296510342e-05
invalu,1.5794820296510342e-05
dln,1.5794820296510342e-05
uncon,1.5794820296510342e-05
envis,1.5794820296510342e-05
greek,1.5794820296510342e-05
diff,1.5794820296510342e-05
patrick,1.5794820296510342e-05
iro,1.5794820296510342e-05
dei,1.5794820296510342e-05
tiqu,1.5794820296510342e-05
freq,1.5794820296510342e-05
provok,1.5794820296510342e-05
uwi,1.5794820296510342e-05
starmer,1.5794820296510342e-05
organiza,1.5794820296510342e-05
ueu,1.5794820296510342e-05
epa,1.5794820296510342e-05
qte,1.5794820296510342e-05
componentwis,1.5794820296510342e-05
interfer,1.5794820296510342e-05
eai,1.5794820296510342e-05
oht,1.5794820296510342e-05
profitshar,1.5794820296510342e-05
mathematisch,1.5794820296510342e-05
pont,1.5794820296510342e-05
posteriori,1.5794820296510342e-05
forget,1.5794820296510342e-05
vot,1.5794820296510342e-05
liapunov,1.5794820296510342e-05
rapproch,1.5794820296510342e-05
axax,1.5794820296510342e-05
lat,1.5794820296510342e-05
mac,1.5794820296510342e-05
bxl,1.5794820296510342e-05
uiti,1.5794820296510342e-05
recontract,1.5794820296510342e-05
mer,1.5794820296510342e-05
pln,1.5794820296510342e-05
antici,1.5794820296510342e-05
apb,1.5794820296510342e-05
uoi,1.5794820296510342e-05
helli,1.5794820296510342e-05
efl,1.5794820296510342e-05
qth,1.5794820296510342e-05
persson,1.5794820296510342e-05
gallant,1.5794820296510342e-05
qpi,1.5794820296510342e-05
manu,1.5794820296510342e-05
ahx,1.5794820296510342e-05
bare,1.5794820296510342e-05
boursier,1.5794820296510342e-05
ncommod,1.5794820296510342e-05
willingnesstopay,1.5794820296510342e-05
deflationari,1.5794820296510342e-05
maccini,1.5794820296510342e-05
nuisanc,1.5794820296510342e-05
colinear,1.5794820296510342e-05
unwarr,1.5794820296510342e-05
dtp,1.5794820296510342e-05
aiyagari,1.5794820296510342e-05
deutsch,1.5794820296510342e-05
ential,1.5794820296510342e-05
zeroth,1.5794820296510342e-05
multilater,1.5794820296510342e-05
stk,1.5794820296510342e-05
iyengar,1.5794820296510342e-05
etyt,1.5794820296510342e-05
seed,1.5794820296510342e-05
dpe,1.5794820296510342e-05
nounc,1.5794820296510342e-05
mason,1.5794820296510342e-05
lyo,1.5794820296510342e-05
lnp,1.5794820296510342e-05
wdt,1.5794820296510342e-05
axap,1.5794820296510342e-05
lct,1.5794820296510342e-05
schmalense,1.5794820296510342e-05
eci,1.5794820296510342e-05
torino,1.5794820296510342e-05
thread,1.5794820296510342e-05
eft,1.5794820296510342e-05
igt,1.5794820296510342e-05
pqp,1.5794820296510342e-05
wic,1.5794820296510342e-05
lak,1.5794820296510342e-05
threeperiod,1.5794820296510342e-05
pig,1.5794820296510342e-05
rivat,1.5794820296510342e-05
bix,1.5794820296510342e-05
koh,1.5794820296510342e-05
costi,1.5794820296510342e-05
diat,1.5794820296510342e-05
alal,1.5794820296510342e-05
qot,1.5794820296510342e-05
muller,1.5794820296510342e-05
bss,1.5794820296510342e-05
pkpk,1.5794820296510342e-05
apport,1.5794820296510342e-05
fjo,1.5794820296510342e-05
bate,1.5794820296510342e-05
tap,1.5794820296510342e-05
rum,1.5794820296510342e-05
ppe,1.5794820296510342e-05
leader,1.5794820296510342e-05
plenti,1.5794820296510342e-05
dxo,1.5794820296510342e-05
jjl,1.5794820296510342e-05
dui,1.5794820296510342e-05
aqj,1.5794820296510342e-05
rod,1.5794820296510342e-05
cattl,1.5794820296510342e-05
ahk,1.5794820296510342e-05
flk,1.5794820296510342e-05
mariz,1.5794820296510342e-05
biodivers,1.5794820296510342e-05
vxa,1.5794820296510342e-05
nant,1.5794820296510342e-05
leq,1.5794820296510342e-05
gravell,1.5794820296510342e-05
thirddegre,1.5794820296510342e-05
ckt,1.5794820296510342e-05
ebay,1.5794820296510342e-05
mccain,1.5794820296510342e-05
bypass,1.5794820296510342e-05
decomposi,1.5794820296510342e-05
ellipt,1.5794820296510342e-05
fsx,1.5794820296510342e-05
kagel,1.5794820296510342e-05
wko,1.5794820296510342e-05
uwt,1.5794820296510342e-05
neilson,1.5794820296510342e-05
vyi,1.5794820296510342e-05
expan,1.5794820296510342e-05
hti,1.5794820296510342e-05
unsuccess,1.5794820296510342e-05
international,1.5794820296510342e-05
zts,1.5794820296510342e-05
theoiy,1.5794820296510342e-05
telephon,1.5794820296510342e-05
loga,1.5794820296510342e-05
eleven,1.5794820296510342e-05
fls,1.5794820296510342e-05
couch,1.5794820296510342e-05
pes,1.5794820296510342e-05
aircraft,1.5794820296510342e-05
smoother,1.5794820296510342e-05
ofp,1.5794820296510342e-05
salmon,1.5794820296510342e-05
rjt,1.5794820296510342e-05
gfi,1.5794820296510342e-05
xer,1.5794820296510342e-05
brian,1.5794820296510342e-05
kleidon,1.5794820296510342e-05
forg,1.5794820296510342e-05
wjl,1.5794820296510342e-05
tacit,1.5794820296510342e-05
incap,1.5794820296510342e-05
txx,1.5794820296510342e-05
excessdemand,1.5794820296510342e-05
xiq,1.5794820296510342e-05
cvi,1.5794820296510342e-05
dempster,1.5794820296510342e-05
covp,1.5794820296510342e-05
ffp,1.5794820296510342e-05
pnk,1.5794820296510342e-05
yih,1.5794820296510342e-05
radial,1.5794820296510342e-05
bock,1.5794820296510342e-05
ded,1.5794820296510342e-05
citizen,1.5794820296510342e-05
nij,1.5794820296510342e-05
noninferior,1.5794820296510342e-05
urg,1.5794820296510342e-05
pitt,1.5794820296510342e-05
pici,1.5794820296510342e-05
unr,1.5794820296510342e-05
eiv,1.5794820296510342e-05
uca,1.5794820296510342e-05
farka,1.5794820296510342e-05
heidelberg,1.5794820296510342e-05
dogen,1.5794820296510342e-05
leftward,1.5794820296510342e-05
synthes,1.5794820296510342e-05
pqi,1.5794820296510342e-05
demandfor,1.5794820296510342e-05
sli,1.5794820296510342e-05
newer,1.5794820296510342e-05
retrac,1.5794820296510342e-05
ternal,1.5794820296510342e-05
distortionari,1.5794820296510342e-05
pkp,1.5794820296510342e-05
eur,1.5794820296510342e-05
pjl,1.5794820296510342e-05
fgi,1.5794820296510342e-05
shortperiod,1.5794820296510342e-05
nonneglig,1.5794820296510342e-05
stolper,1.5794820296510342e-05
chamley,1.5794820296510342e-05
rrr,1.5794820296510342e-05
owen,1.5794820296510342e-05
thi,1.5794820296510342e-05
eden,1.5794820296510342e-05
pierr,1.5794820296510342e-05
xaa,1.5794820296510342e-05
chc,1.5794820296510342e-05
dict,1.5794820296510342e-05
jei,1.5794820296510342e-05
sll,1.5794820296510342e-05
mts,1.4963513965115061e-05
twoasset,1.4963513965115061e-05
fatous,1.4963513965115061e-05
rfl,1.4963513965115061e-05
centiv,1.4963513965115061e-05
guggenheim,1.4963513965115061e-05
anism,1.4963513965115061e-05
csm,1.4963513965115061e-05
cwi,1.4963513965115061e-05
udt,1.4963513965115061e-05
ison,1.4963513965115061e-05
analo,1.4963513965115061e-05
disburs,1.4963513965115061e-05
worthi,1.4963513965115061e-05
pendix,1.4963513965115061e-05
notwithstand,1.4963513965115061e-05
meanwhil,1.4963513965115061e-05
yrx,1.4963513965115061e-05
mostel,1.4963513965115061e-05
xnx,1.4963513965115061e-05
alain,1.4963513965115061e-05
markus,1.4963513965115061e-05
ioral,1.4963513965115061e-05
cline,1.4963513965115061e-05
intrigu,1.4963513965115061e-05
gyt,1.4963513965115061e-05
vtv,1.4963513965115061e-05
viron,1.4963513965115061e-05
flam,1.4963513965115061e-05
reidel,1.4963513965115061e-05
yhi,1.4963513965115061e-05
neal,1.4963513965115061e-05
fanci,1.4963513965115061e-05
eot,1.4963513965115061e-05
jit,1.4963513965115061e-05
lli,1.4963513965115061e-05
trast,1.4963513965115061e-05
peo,1.4963513965115061e-05
incon,1.4963513965115061e-05
nonconcav,1.4963513965115061e-05
afc,1.4963513965115061e-05
jeanpierr,1.4963513965115061e-05
flaw,1.4963513965115061e-05
neo,1.4963513965115061e-05
latest,1.4963513965115061e-05
oneparamet,1.4963513965115061e-05
epn,1.4963513965115061e-05
sequen,1.4963513965115061e-05
uiz,1.4963513965115061e-05
surrog,1.4963513965115061e-05
iay,1.4963513965115061e-05
gik,1.4963513965115061e-05
fortran,1.4963513965115061e-05
kla,1.4963513965115061e-05
nagatani,1.4963513965115061e-05
eaton,1.4963513965115061e-05
saver,1.4963513965115061e-05
rtn,1.4963513965115061e-05
hendrik,1.4963513965115061e-05
wln,1.4963513965115061e-05
gether,1.4963513965115061e-05
alu,1.4963513965115061e-05
repercuss,1.4963513965115061e-05
biv,1.4963513965115061e-05
perron,1.4963513965115061e-05
pfs,1.4963513965115061e-05
imper,1.4963513965115061e-05
parabl,1.4963513965115061e-05
obvi,1.4963513965115061e-05
qtkt,1.4963513965115061e-05
xoa,1.4963513965115061e-05
vexiti,1.4963513965115061e-05
mpx,1.4963513965115061e-05
pzz,1.4963513965115061e-05
magnifi,1.4963513965115061e-05
dfd,1.4963513965115061e-05
maliz,1.4963513965115061e-05
crosssubstitut,1.4963513965115061e-05
lod,1.4963513965115061e-05
twin,1.4963513965115061e-05
genet,1.4963513965115061e-05
ptb,1.4963513965115061e-05
unbounded,1.4963513965115061e-05
endeavor,1.4963513965115061e-05
guard,1.4963513965115061e-05
intermitt,1.4963513965115061e-05
railway,1.4963513965115061e-05
hnn,1.4963513965115061e-05
penn,1.4963513965115061e-05
uto,1.4963513965115061e-05
tak,1.4963513965115061e-05
xxe,1.4963513965115061e-05
forbidden,1.4963513965115061e-05
uau,1.4963513965115061e-05
scandinavian,1.4963513965115061e-05
tome,1.4963513965115061e-05
nobay,1.4963513965115061e-05
drandaki,1.4963513965115061e-05
nonclass,1.4963513965115061e-05
idend,1.4963513965115061e-05
secretari,1.4963513965115061e-05
flem,1.4963513965115061e-05
xef,1.4963513965115061e-05
rawlsian,1.4963513965115061e-05
fixiti,1.4963513965115061e-05
artus,1.4963513965115061e-05
flavor,1.4963513965115061e-05
rightarrow,1.4963513965115061e-05
whalley,1.4963513965115061e-05
woi,1.4963513965115061e-05
cember,1.4963513965115061e-05
gardner,1.4963513965115061e-05
sct,1.4963513965115061e-05
sociat,1.4963513965115061e-05
tli,1.4963513965115061e-05
lambson,1.4963513965115061e-05
plm,1.4963513965115061e-05
yie,1.4963513965115061e-05
qki,1.4963513965115061e-05
yiq,1.4963513965115061e-05
valuemaxim,1.4963513965115061e-05
jeanjacqu,1.4963513965115061e-05
sundaresan,1.4963513965115061e-05
akp,1.4963513965115061e-05
fixer,1.4963513965115061e-05
jut,1.4963513965115061e-05
sophisti,1.4963513965115061e-05
cragg,1.4963513965115061e-05
quasicon,1.4963513965115061e-05
tradict,1.4963513965115061e-05
uiv,1.4963513965115061e-05
gua,1.4963513965115061e-05
costfunct,1.4963513965115061e-05
istenc,1.4963513965115061e-05
hua,1.4963513965115061e-05
upo,1.4963513965115061e-05
fqt,1.4963513965115061e-05
tci,1.4963513965115061e-05
fic,1.4963513965115061e-05
wcl,1.4963513965115061e-05
microdata,1.4963513965115061e-05
kluwer,1.4963513965115061e-05
oxa,1.4963513965115061e-05
terion,1.4963513965115061e-05
lml,1.4963513965115061e-05
returnstoscal,1.4963513965115061e-05
disc,1.4963513965115061e-05
xnk,1.4963513965115061e-05
genr,1.4963513965115061e-05
cific,1.4963513965115061e-05
jij,1.4963513965115061e-05
lhomm,1.4963513965115061e-05
marimon,1.4963513965115061e-05
recom,1.4963513965115061e-05
postulat,1.4963513965115061e-05
bxj,1.4963513965115061e-05
bergen,1.4963513965115061e-05
wool,1.4963513965115061e-05
lima,1.4963513965115061e-05
melvin,1.4963513965115061e-05
mysteri,1.4963513965115061e-05
kiyoshi,1.4963513965115061e-05
stoll,1.4963513965115061e-05
bra,1.4963513965115061e-05
cylind,1.4963513965115061e-05
hetero,1.4963513965115061e-05
spin,1.4963513965115061e-05
interview,1.4963513965115061e-05
applique,1.4963513965115061e-05
acj,1.4963513965115061e-05
paf,1.4963513965115061e-05
foreknowledg,1.4963513965115061e-05
xpp,1.4963513965115061e-05
mdp,1.4963513965115061e-05
eqn,1.4963513965115061e-05
xcp,1.4963513965115061e-05
sutch,1.4963513965115061e-05
howe,1.4963513965115061e-05
mellon,1.4963513965115061e-05
cumstanc,1.4963513965115061e-05
ymi,1.4963513965115061e-05
copenhagen,1.4963513965115061e-05
imize,1.4963513965115061e-05
prosper,1.4963513965115061e-05
mankiw,1.4963513965115061e-05
fragil,1.4963513965115061e-05
iap,1.4963513965115061e-05
etst,1.4963513965115061e-05
cleveland,1.4963513965115061e-05
tex,1.4963513965115061e-05
yaxi,1.4963513965115061e-05
quasiequilibria,1.4963513965115061e-05
tpk,1.4963513965115061e-05
barbara,1.4963513965115061e-05
nonident,1.4963513965115061e-05
nearest,1.4963513965115061e-05
instan,1.4963513965115061e-05
delin,1.4963513965115061e-05
kan,1.4963513965115061e-05
dant,1.4963513965115061e-05
dhx,1.4963513965115061e-05
wolfson,1.4963513965115061e-05
takatoshi,1.4963513965115061e-05
narrowli,1.4963513965115061e-05
unsur,1.4963513965115061e-05
dynamiqu,1.4963513965115061e-05
mic,1.4963513965115061e-05
litzenberg,1.4963513965115061e-05
sss,1.4963513965115061e-05
chesher,1.4963513965115061e-05
anf,1.4963513965115061e-05
rfp,1.4963513965115061e-05
solomon,1.4963513965115061e-05
wixi,1.4963513965115061e-05
obviat,1.4963513965115061e-05
impract,1.4963513965115061e-05
mcafe,1.4963513965115061e-05
whitney,1.4963513965115061e-05
pervas,1.4963513965115061e-05
perspec,1.4963513965115061e-05
vyx,1.4963513965115061e-05
partici,1.4963513965115061e-05
laissez,1.4963513965115061e-05
puw,1.4963513965115061e-05
ust,1.4963513965115061e-05
utili,1.4963513965115061e-05
argmin,1.4963513965115061e-05
tcc,1.4963513965115061e-05
linearquadrat,1.4963513965115061e-05
cipal,1.4963513965115061e-05
qdi,1.4963513965115061e-05
jki,1.4963513965115061e-05
jet,1.4963513965115061e-05
bed,1.4963513965115061e-05
moham,1.4963513965115061e-05
hausman,1.4963513965115061e-05
gixi,1.4963513965115061e-05
liu,1.4963513965115061e-05
llb,1.4963513965115061e-05
succinct,1.4963513965115061e-05
spars,1.4963513965115061e-05
bag,1.4963513965115061e-05
lemmata,1.4963513965115061e-05
efe,1.4963513965115061e-05
versal,1.4963513965115061e-05
hoo,1.4963513965115061e-05
succ,1.4963513965115061e-05
tdx,1.4963513965115061e-05
llx,1.4963513965115061e-05
aiv,1.4963513965115061e-05
xpm,1.4963513965115061e-05
myer,1.4963513965115061e-05
loeb,1.4963513965115061e-05
eastern,1.4963513965115061e-05
outofequilibrium,1.4963513965115061e-05
della,1.4963513965115061e-05
marketplac,1.4963513965115061e-05
elli,1.4963513965115061e-05
waverman,1.4963513965115061e-05
nom,1.4963513965115061e-05
mint,1.4963513965115061e-05
ctn,1.4963513965115061e-05
offpeak,1.4963513965115061e-05
phlip,1.4963513965115061e-05
mir,1.4963513965115061e-05
cum,1.4963513965115061e-05
walker,1.4963513965115061e-05
improb,1.4963513965115061e-05
ottawa,1.4963513965115061e-05
biweek,1.4963513965115061e-05
thrice,1.4963513965115061e-05
oxx,1.4963513965115061e-05
propheci,1.4963513965115061e-05
wji,1.4963513965115061e-05
paraphras,1.4963513965115061e-05
headquart,1.4963513965115061e-05
alexand,1.4963513965115061e-05
ijj,1.4963513965115061e-05
tild,1.4963513965115061e-05
pope,1.4963513965115061e-05
dhp,1.4963513965115061e-05
southwest,1.4963513965115061e-05
elm,1.4963513965115061e-05
xvii,1.4963513965115061e-05
mcs,1.4963513965115061e-05
tunat,1.4963513965115061e-05
zoo,1.4963513965115061e-05
belgium,1.4963513965115061e-05
vernon,1.4963513965115061e-05
momentarili,1.413220763371978e-05
pedagog,1.413220763371978e-05
ifr,1.413220763371978e-05
typescript,1.413220763371978e-05
meir,1.413220763371978e-05
rib,1.413220763371978e-05
halflif,1.413220763371978e-05
akerlof,1.413220763371978e-05
modifica,1.413220763371978e-05
mech,1.413220763371978e-05
economia,1.413220763371978e-05
ithaca,1.413220763371978e-05
incorpo,1.413220763371978e-05
americain,1.413220763371978e-05
ayj,1.413220763371978e-05
azj,1.413220763371978e-05
cook,1.413220763371978e-05
encod,1.413220763371978e-05
yrz,1.413220763371978e-05
coordi,1.413220763371978e-05
nonprofit,1.413220763371978e-05
rome,1.413220763371978e-05
watt,1.413220763371978e-05
troduc,1.413220763371978e-05
tvt,1.413220763371978e-05
china,1.413220763371978e-05
htl,1.413220763371978e-05
ussr,1.413220763371978e-05
aldo,1.413220763371978e-05
tilburg,1.413220763371978e-05
pql,1.413220763371978e-05
caviti,1.413220763371978e-05
ixx,1.413220763371978e-05
xdfx,1.413220763371978e-05
dtj,1.413220763371978e-05
macbeth,1.413220763371978e-05
dyo,1.413220763371978e-05
alr,1.413220763371978e-05
mcelroy,1.413220763371978e-05
hia,1.413220763371978e-05
boa,1.413220763371978e-05
uel,1.413220763371978e-05
kami,1.413220763371978e-05
eee,1.413220763371978e-05
ukx,1.413220763371978e-05
ion,1.413220763371978e-05
valua,1.413220763371978e-05
haavelmo,1.413220763371978e-05
kmt,1.413220763371978e-05
hagen,1.413220763371978e-05
maxc,1.413220763371978e-05
essai,1.413220763371978e-05
interplay,1.413220763371978e-05
lari,1.413220763371978e-05
cth,1.413220763371978e-05
mink,1.413220763371978e-05
gpp,1.413220763371978e-05
lebaron,1.413220763371978e-05
indet,1.413220763371978e-05
macroeco,1.413220763371978e-05
anova,1.413220763371978e-05
sire,1.413220763371978e-05
oyi,1.413220763371978e-05
keeler,1.413220763371978e-05
beneath,1.413220763371978e-05
fal,1.413220763371978e-05
shuffl,1.413220763371978e-05
monopsoni,1.413220763371978e-05
intu,1.413220763371978e-05
iiic,1.413220763371978e-05
wassili,1.413220763371978e-05
rih,1.413220763371978e-05
bennett,1.413220763371978e-05
ufl,1.413220763371978e-05
kent,1.413220763371978e-05
wesley,1.413220763371978e-05
entrepreneurship,1.413220763371978e-05
mcdonald,1.413220763371978e-05
revolut,1.413220763371978e-05
nsector,1.413220763371978e-05
johnston,1.413220763371978e-05
fxf,1.413220763371978e-05
barron,1.413220763371978e-05
bab,1.413220763371978e-05
decentralis,1.413220763371978e-05
irn,1.413220763371978e-05
ralph,1.413220763371978e-05
rer,1.413220763371978e-05
piv,1.413220763371978e-05
pkk,1.413220763371978e-05
conti,1.413220763371978e-05
solvent,1.413220763371978e-05
qia,1.413220763371978e-05
ddi,1.413220763371978e-05
wicksel,1.413220763371978e-05
cow,1.413220763371978e-05
smp,1.413220763371978e-05
rmn,1.413220763371978e-05
nik,1.413220763371978e-05
lnx,1.413220763371978e-05
tautolog,1.413220763371978e-05
pizi,1.413220763371978e-05
bla,1.413220763371978e-05
oqi,1.413220763371978e-05
theodor,1.413220763371978e-05
ition,1.413220763371978e-05
dil,1.413220763371978e-05
lap,1.413220763371978e-05
xfl,1.413220763371978e-05
xnj,1.413220763371978e-05
lia,1.413220763371978e-05
twoplay,1.413220763371978e-05
veal,1.413220763371978e-05
token,1.413220763371978e-05
atten,1.413220763371978e-05
unweight,1.413220763371978e-05
neousli,1.413220763371978e-05
ctdt,1.413220763371978e-05
uici,1.413220763371978e-05
zjl,1.413220763371978e-05
zeromean,1.413220763371978e-05
amm,1.413220763371978e-05
ception,1.413220763371978e-05
hes,1.413220763371978e-05
dtf,1.413220763371978e-05
cai,1.413220763371978e-05
overtim,1.413220763371978e-05
yef,1.413220763371978e-05
clue,1.413220763371978e-05
iaj,1.413220763371978e-05
ban,1.413220763371978e-05
maxb,1.413220763371978e-05
twicedifferenti,1.413220763371978e-05
pipi,1.413220763371978e-05
kuznet,1.413220763371978e-05
axc,1.413220763371978e-05
profound,1.413220763371978e-05
acut,1.413220763371978e-05
nomial,1.413220763371978e-05
buffalo,1.413220763371978e-05
lenc,1.413220763371978e-05
prelec,1.413220763371978e-05
ifk,1.413220763371978e-05
robin,1.413220763371978e-05
ancestor,1.413220763371978e-05
axb,1.413220763371978e-05
cab,1.413220763371978e-05
dni,1.413220763371978e-05
atv,1.413220763371978e-05
vtn,1.413220763371978e-05
mio,1.413220763371978e-05
opportu,1.413220763371978e-05
monet,1.413220763371978e-05
mous,1.413220763371978e-05
kes,1.413220763371978e-05
tjl,1.413220763371978e-05
pvt,1.413220763371978e-05
cus,1.413220763371978e-05
ryuzo,1.413220763371978e-05
thrall,1.413220763371978e-05
guilt,1.413220763371978e-05
dufwenberg,1.413220763371978e-05
pmf,1.413220763371978e-05
dissect,1.413220763371978e-05
unt,1.413220763371978e-05
fsj,1.413220763371978e-05
stead,1.413220763371978e-05
voluntarili,1.413220763371978e-05
orderpreserv,1.413220763371978e-05
quadrupl,1.413220763371978e-05
pwi,1.413220763371978e-05
otf,1.413220763371978e-05
wood,1.413220763371978e-05
mike,1.413220763371978e-05
onepric,1.413220763371978e-05
corp,1.413220763371978e-05
payoffrelev,1.413220763371978e-05
uhlig,1.413220763371978e-05
frustrat,1.413220763371978e-05
marciano,1.413220763371978e-05
fere,1.413220763371978e-05
tns,1.413220763371978e-05
thle,1.413220763371978e-05
media,1.413220763371978e-05
uik,1.413220763371978e-05
tft,1.413220763371978e-05
pnf,1.413220763371978e-05
universidad,1.413220763371978e-05
hzi,1.413220763371978e-05
upi,1.413220763371978e-05
qtdt,1.413220763371978e-05
magni,1.413220763371978e-05
wot,1.413220763371978e-05
ariel,1.413220763371978e-05
pjxj,1.413220763371978e-05
bidder,1.413220763371978e-05
dictabl,1.413220763371978e-05
imum,1.413220763371978e-05
psx,1.413220763371978e-05
dxdt,1.413220763371978e-05
pct,1.413220763371978e-05
yfx,1.413220763371978e-05
wellisz,1.413220763371978e-05
paus,1.413220763371978e-05
zll,1.413220763371978e-05
iim,1.413220763371978e-05
venienc,1.413220763371978e-05
scharfstein,1.413220763371978e-05
investiss,1.413220763371978e-05
monop,1.413220763371978e-05
atat,1.413220763371978e-05
vft,1.413220763371978e-05
whitmor,1.413220763371978e-05
pka,1.413220763371978e-05
culti,1.413220763371978e-05
timber,1.413220763371978e-05
consolid,1.413220763371978e-05
mathematician,1.413220763371978e-05
sav,1.413220763371978e-05
dai,1.413220763371978e-05
avu,1.413220763371978e-05
dgx,1.413220763371978e-05
confluenc,1.413220763371978e-05
dji,1.413220763371978e-05
tistic,1.413220763371978e-05
awl,1.413220763371978e-05
pricewag,1.413220763371978e-05
xtf,1.413220763371978e-05
cole,1.413220763371978e-05
rutledg,1.413220763371978e-05
scription,1.413220763371978e-05
cya,1.413220763371978e-05
hoffman,1.413220763371978e-05
unskil,1.413220763371978e-05
irk,1.413220763371978e-05
gsi,1.413220763371978e-05
dinat,1.413220763371978e-05
hsi,1.413220763371978e-05
coor,1.413220763371978e-05
twt,1.413220763371978e-05
cqp,1.413220763371978e-05
hulten,1.413220763371978e-05
gat,1.413220763371978e-05
mangasarian,1.413220763371978e-05
tln,1.413220763371978e-05
yrj,1.413220763371978e-05
tkk,1.413220763371978e-05
reshuffl,1.413220763371978e-05
nonbind,1.413220763371978e-05
qtj,1.413220763371978e-05
xsi,1.413220763371978e-05
archi,1.413220763371978e-05
evit,1.413220763371978e-05
trim,1.413220763371978e-05
safer,1.413220763371978e-05
kyt,1.413220763371978e-05
axp,1.413220763371978e-05
plk,1.413220763371978e-05
bto,1.413220763371978e-05
interestr,1.413220763371978e-05
amn,1.413220763371978e-05
uri,1.413220763371978e-05
settlement,1.413220763371978e-05
jpt,1.413220763371978e-05
aros,1.413220763371978e-05
beneficiari,1.413220763371978e-05
consumm,1.413220763371978e-05
petroleum,1.413220763371978e-05
piyi,1.413220763371978e-05
ventori,1.413220763371978e-05
qal,1.413220763371978e-05
flatten,1.413220763371978e-05
usabl,1.413220763371978e-05
bjj,1.413220763371978e-05
sno,1.413220763371978e-05
djt,1.413220763371978e-05
benakiva,1.413220763371978e-05
zinc,1.413220763371978e-05
vci,1.413220763371978e-05
pearson,1.413220763371978e-05
xwl,1.413220763371978e-05
mmr,1.413220763371978e-05
rnm,1.413220763371978e-05
rud,1.413220763371978e-05
imbed,1.413220763371978e-05
abilist,1.413220763371978e-05
yyl,1.413220763371978e-05
cex,1.413220763371978e-05
rat,1.413220763371978e-05
pzo,1.413220763371978e-05
sian,1.413220763371978e-05
dib,1.413220763371978e-05
groot,1.413220763371978e-05
reestablish,1.413220763371978e-05
xxa,1.413220763371978e-05
quartil,1.413220763371978e-05
tage,1.413220763371978e-05
ypp,1.413220763371978e-05
soviettyp,1.413220763371978e-05
dap,1.413220763371978e-05
economn,1.413220763371978e-05
mtl,1.413220763371978e-05
wear,1.413220763371978e-05
crossspectr,1.413220763371978e-05
byron,1.413220763371978e-05
holmstrom,1.413220763371978e-05
slice,1.413220763371978e-05
carnegierochest,1.413220763371978e-05
med,1.413220763371978e-05
outnumb,1.413220763371978e-05
waa,1.413220763371978e-05
aev,1.413220763371978e-05
prattarrow,1.413220763371978e-05
auc,1.413220763371978e-05
etx,1.413220763371978e-05
bdb,1.413220763371978e-05
tenth,1.3300901302324498e-05
optimis,1.3300901302324498e-05
agp,1.3300901302324498e-05
outflow,1.3300901302324498e-05
pel,1.3300901302324498e-05
xtv,1.3300901302324498e-05
pipo,1.3300901302324498e-05
ckj,1.3300901302324498e-05
sherwin,1.3300901302324498e-05
ome,1.3300901302324498e-05
arx,1.3300901302324498e-05
pna,1.3300901302324498e-05
tradabl,1.3300901302324498e-05
dae,1.3300901302324498e-05
menez,1.3300901302324498e-05
hopenhayn,1.3300901302324498e-05
rower,1.3300901302324498e-05
fuinction,1.3300901302324498e-05
overcompens,1.3300901302324498e-05
ocr,1.3300901302324498e-05
tff,1.3300901302324498e-05
xon,1.3300901302324498e-05
dlb,1.3300901302324498e-05
nabil,1.3300901302324498e-05
ipx,1.3300901302324498e-05
preferr,1.3300901302324498e-05
friday,1.3300901302324498e-05
rlx,1.3300901302324498e-05
zrx,1.3300901302324498e-05
oxl,1.3300901302324498e-05
mba,1.3300901302324498e-05
spike,1.3300901302324498e-05
lro,1.3300901302324498e-05
upt,1.3300901302324498e-05
oxt,1.3300901302324498e-05
ejj,1.3300901302324498e-05
rior,1.3300901302324498e-05
bother,1.3300901302324498e-05
rht,1.3300901302324498e-05
ctj,1.3300901302324498e-05
vtp,1.3300901302324498e-05
dwight,1.3300901302324498e-05
ubt,1.3300901302324498e-05
qes,1.3300901302324498e-05
immobl,1.3300901302324498e-05
vyn,1.3300901302324498e-05
pse,1.3300901302324498e-05
olog,1.3300901302324498e-05
auj,1.3300901302324498e-05
doa,1.3300901302324498e-05
qas,1.3300901302324498e-05
iik,1.3300901302324498e-05
fdt,1.3300901302324498e-05
uxu,1.3300901302324498e-05
egl,1.3300901302324498e-05
thomson,1.3300901302324498e-05
cxs,1.3300901302324498e-05
flm,1.3300901302324498e-05
aop,1.3300901302324498e-05
aey,1.3300901302324498e-05
pfa,1.3300901302324498e-05
rss,1.3300901302324498e-05
trix,1.3300901302324498e-05
formbi,1.3300901302324498e-05
mpn,1.3300901302324498e-05
ftm,1.3300901302324498e-05
ecm,1.3300901302324498e-05
ytk,1.3300901302324498e-05
ocl,1.3300901302324498e-05
pfo,1.3300901302324498e-05
rtkt,1.3300901302324498e-05
vey,1.3300901302324498e-05
meiselman,1.3300901302324498e-05
subdivid,1.3300901302324498e-05
viation,1.3300901302324498e-05
kjk,1.3300901302324498e-05
ioj,1.3300901302324498e-05
ywt,1.3300901302324498e-05
tufano,1.3300901302324498e-05
pile,1.3300901302324498e-05
lco,1.3300901302324498e-05
ucuc,1.3300901302324498e-05
cfo,1.3300901302324498e-05
orr,1.3300901302324498e-05
benporath,1.3300901302324498e-05
cursiv,1.3300901302324498e-05
carey,1.3300901302324498e-05
smallfirm,1.3300901302324498e-05
gki,1.3300901302324498e-05
thl,1.3300901302324498e-05
fci,1.3300901302324498e-05
nnn,1.3300901302324498e-05
keren,1.3300901302324498e-05
gpt,1.3300901302324498e-05
nonergod,1.3300901302324498e-05
yux,1.3300901302324498e-05
xpl,1.3300901302324498e-05
leser,1.3300901302324498e-05
hoch,1.3300901302324498e-05
highproduct,1.3300901302324498e-05
dua,1.3300901302324498e-05
uot,1.3300901302324498e-05
eae,1.3300901302324498e-05
choo,1.3300901302324498e-05
airi,1.3300901302324498e-05
beam,1.3300901302324498e-05
blackman,1.3300901302324498e-05
cyo,1.3300901302324498e-05
renorm,1.3300901302324498e-05
xxn,1.3300901302324498e-05
eoy,1.3300901302324498e-05
eak,1.3300901302324498e-05
capitallabour,1.3300901302324498e-05
underassumpt,1.3300901302324498e-05
dalton,1.3300901302324498e-05
stp,1.3300901302324498e-05
hildreth,1.3300901302324498e-05
gis,1.3300901302324498e-05
vfl,1.3300901302324498e-05
olsen,1.3300901302324498e-05
yri,1.3300901302324498e-05
whitak,1.3300901302324498e-05
sinusoid,1.3300901302324498e-05
uiyi,1.3300901302324498e-05
minq,1.3300901302324498e-05
hll,1.3300901302324498e-05
misunderstand,1.3300901302324498e-05
yearold,1.3300901302324498e-05
corol,1.3300901302324498e-05
occupa,1.3300901302324498e-05
matsuyama,1.3300901302324498e-05
quantum,1.3300901302324498e-05
sfp,1.3300901302324498e-05
huber,1.3300901302324498e-05
xhx,1.3300901302324498e-05
dut,1.3300901302324498e-05
actu,1.3300901302324498e-05
periodt,1.3300901302324498e-05
zaz,1.3300901302324498e-05
vyp,1.3300901302324498e-05
xes,1.3300901302324498e-05
wednesday,1.3300901302324498e-05
selfsuffici,1.3300901302324498e-05
web,1.3300901302324498e-05
succumb,1.3300901302324498e-05
recogniz,1.3300901302324498e-05
fcp,1.3300901302324498e-05
ocp,1.3300901302324498e-05
birkhaus,1.3300901302324498e-05
sbs,1.3300901302324498e-05
cdt,1.3300901302324498e-05
vjx,1.3300901302324498e-05
iqi,1.3300901302324498e-05
vior,1.3300901302324498e-05
clearanc,1.3300901302324498e-05
wat,1.3300901302324498e-05
ixp,1.3300901302324498e-05
barberi,1.3300901302324498e-05
pjj,1.3300901302324498e-05
kadan,1.3300901302324498e-05
sifi,1.3300901302324498e-05
instanta,1.3300901302324498e-05
luniversit,1.3300901302324498e-05
kxi,1.3300901302324498e-05
rell,1.3300901302324498e-05
kotz,1.3300901302324498e-05
xbx,1.3300901302324498e-05
oin,1.3300901302324498e-05
ipq,1.3300901302324498e-05
uin,1.3300901302324498e-05
vak,1.3300901302324498e-05
lxn,1.3300901302324498e-05
xviii,1.3300901302324498e-05
permi,1.3300901302324498e-05
sectorj,1.3300901302324498e-05
minm,1.3300901302324498e-05
cpv,1.3300901302324498e-05
qqo,1.3300901302324498e-05
nonvacu,1.3300901302324498e-05
ayf,1.3300901302324498e-05
nonsymmetr,1.3300901302324498e-05
uul,1.3300901302324498e-05
rodriguez,1.3300901302324498e-05
ado,1.3300901302324498e-05
hurst,1.3300901302324498e-05
tfl,1.3300901302324498e-05
evok,1.3300901302324498e-05
nti,1.3300901302324498e-05
pradeep,1.3300901302324498e-05
vlx,1.3300901302324498e-05
aibi,1.3300901302324498e-05
rainfal,1.3300901302324498e-05
vzz,1.3300901302324498e-05
rothschildstiglitz,1.3300901302324498e-05
zarnowitz,1.3300901302324498e-05
exa,1.3300901302324498e-05
boyan,1.3300901302324498e-05
vfo,1.3300901302324498e-05
eep,1.3300901302324498e-05
dta,1.3300901302324498e-05
decanio,1.3300901302324498e-05
plog,1.3300901302324498e-05
pcl,1.3300901302324498e-05
ruffin,1.3300901302324498e-05
ngood,1.3300901302324498e-05
qni,1.3300901302324498e-05
mpl,1.3300901302324498e-05
gmt,1.3300901302324498e-05
gsj,1.3300901302324498e-05
vto,1.3300901302324498e-05
oji,1.3300901302324498e-05
tuct,1.3300901302324498e-05
xyy,1.3300901302324498e-05
ptv,1.3300901302324498e-05
xak,1.3300901302324498e-05
recognis,1.3300901302324498e-05
ack,1.3300901302324498e-05
elton,1.3300901302324498e-05
axh,1.3300901302324498e-05
cpx,1.3300901302324498e-05
manuscriptreceiv,1.3300901302324498e-05
unreli,1.3300901302324498e-05
costbenefit,1.3300901302324498e-05
itk,1.3300901302324498e-05
traffic,1.3300901302324498e-05
mania,1.3300901302324498e-05
onstrat,1.3300901302324498e-05
eto,1.3300901302324498e-05
heteroscedast,1.3300901302324498e-05
exempt,1.3300901302324498e-05
pqq,1.3300901302324498e-05
rinehart,1.3300901302324498e-05
falk,1.3300901302324498e-05
clo,1.3300901302324498e-05
maryland,1.3300901302324498e-05
wagepric,1.3300901302324498e-05
ameri,1.3300901302324498e-05
tuesday,1.3300901302324498e-05
centrat,1.3300901302324498e-05
jil,1.3300901302324498e-05
yjk,1.3300901302324498e-05
twentieth,1.3300901302324498e-05
ptr,1.3300901302324498e-05
steiner,1.3300901302324498e-05
superimpos,1.3300901302324498e-05
bpl,1.3300901302324498e-05
tom,1.3300901302324498e-05
qtqt,1.3300901302324498e-05
conjec,1.3300901302324498e-05
rixi,1.3300901302324498e-05
tral,1.3300901302324498e-05
pan,1.3300901302324498e-05
irvin,1.3300901302324498e-05
quantityset,1.3300901302324498e-05
unilater,1.3300901302324498e-05
ftdt,1.3300901302324498e-05
jor,1.3300901302324498e-05
etk,1.3300901302324498e-05
nonown,1.3300901302324498e-05
underemploy,1.3300901302324498e-05
ayx,1.3300901302324498e-05
coleman,1.3300901302324498e-05
mckean,1.3300901302324498e-05
taxabl,1.3300901302324498e-05
glp,1.3300901302324498e-05
lake,1.3300901302324498e-05
scientist,1.3300901302324498e-05
sect,1.3300901302324498e-05
ckl,1.3300901302324498e-05
nextperiod,1.3300901302324498e-05
yci,1.3300901302324498e-05
garber,1.3300901302324498e-05
jacobsen,1.3300901302324498e-05
shortliv,1.3300901302324498e-05
prewar,1.3300901302324498e-05
burn,1.3300901302324498e-05
thrust,1.3300901302324498e-05
pack,1.3300901302324498e-05
wisconsinmadison,1.3300901302324498e-05
gym,1.3300901302324498e-05
nearer,1.3300901302324498e-05
tix,1.3300901302324498e-05
allenuzawa,1.3300901302324498e-05
propon,1.3300901302324498e-05
cib,1.3300901302324498e-05
oai,1.3300901302324498e-05
charit,1.3300901302324498e-05
kjt,1.3300901302324498e-05
vanc,1.3300901302324498e-05
rap,1.3300901302324498e-05
personnel,1.3300901302324498e-05
lambert,1.3300901302324498e-05
lil,1.3300901302324498e-05
subroutin,1.3300901302324498e-05
exagger,1.3300901302324498e-05
onetim,1.3300901302324498e-05
beforetax,1.3300901302324498e-05
plish,1.3300901302324498e-05
kennan,1.3300901302324498e-05
fjk,1.3300901302324498e-05
hugh,1.3300901302324498e-05
yyi,1.3300901302324498e-05
vestig,1.3300901302324498e-05
amir,1.3300901302324498e-05
techno,1.3300901302324498e-05
peripheri,1.3300901302324498e-05
undiversifi,1.3300901302324498e-05
ade,1.3300901302324498e-05
eam,1.3300901302324498e-05
tjk,1.3300901302324498e-05
tradi,1.3300901302324498e-05
haus,1.3300901302324498e-05
zix,1.3300901302324498e-05
onethird,1.3300901302324498e-05
cede,1.3300901302324498e-05
amx,1.3300901302324498e-05
sweep,1.3300901302324498e-05
kelvin,1.3300901302324498e-05
illeg,1.3300901302324498e-05
won,1.3300901302324498e-05
icc,1.3300901302324498e-05
carlton,1.3300901302324498e-05
catalog,1.3300901302324498e-05
phelan,1.2469594970929217e-05
mexico,1.2469594970929217e-05
bona,1.2469594970929217e-05
aqp,1.2469594970929217e-05
csr,1.2469594970929217e-05
melino,1.2469594970929217e-05
shavel,1.2469594970929217e-05
durbin,1.2469594970929217e-05
finitest,1.2469594970929217e-05
vfs,1.2469594970929217e-05
leo,1.2469594970929217e-05
bki,1.2469594970929217e-05
vpn,1.2469594970929217e-05
insati,1.2469594970929217e-05
mesh,1.2469594970929217e-05
wli,1.2469594970929217e-05
hester,1.2469594970929217e-05
rubl,1.2469594970929217e-05
cyert,1.2469594970929217e-05
contri,1.2469594970929217e-05
shout,1.2469594970929217e-05
tar,1.2469594970929217e-05
fro,1.2469594970929217e-05
marginalist,1.2469594970929217e-05
benevol,1.2469594970929217e-05
gibrat,1.2469594970929217e-05
mnemon,1.2469594970929217e-05
piq,1.2469594970929217e-05
nan,1.2469594970929217e-05
ykj,1.2469594970929217e-05
aae,1.2469594970929217e-05
yap,1.2469594970929217e-05
koenker,1.2469594970929217e-05
dwell,1.2469594970929217e-05
longest,1.2469594970929217e-05
dtt,1.2469594970929217e-05
greenwich,1.2469594970929217e-05
ijiri,1.2469594970929217e-05
forp,1.2469594970929217e-05
accustom,1.2469594970929217e-05
pte,1.2469594970929217e-05
aue,1.2469594970929217e-05
secret,1.2469594970929217e-05
minister,1.2469594970929217e-05
xrl,1.2469594970929217e-05
jfx,1.2469594970929217e-05
npi,1.2469594970929217e-05
clock,1.2469594970929217e-05
supervis,1.2469594970929217e-05
arti,1.2469594970929217e-05
pand,1.2469594970929217e-05
ger,1.2469594970929217e-05
sor,1.2469594970929217e-05
factur,1.2469594970929217e-05
assembl,1.2469594970929217e-05
fas,1.2469594970929217e-05
lyon,1.2469594970929217e-05
yxl,1.2469594970929217e-05
peri,1.2469594970929217e-05
dik,1.2469594970929217e-05
nonin,1.2469594970929217e-05
ajz,1.2469594970929217e-05
plier,1.2469594970929217e-05
yot,1.2469594970929217e-05
pjp,1.2469594970929217e-05
aau,1.2469594970929217e-05
integervalu,1.2469594970929217e-05
tarr,1.2469594970929217e-05
kolmogorovsmirnov,1.2469594970929217e-05
spontan,1.2469594970929217e-05
mmi,1.2469594970929217e-05
zet,1.2469594970929217e-05
jwi,1.2469594970929217e-05
bradi,1.2469594970929217e-05
hyt,1.2469594970929217e-05
deta,1.2469594970929217e-05
atic,1.2469594970929217e-05
gqt,1.2469594970929217e-05
cca,1.2469594970929217e-05
fzl,1.2469594970929217e-05
multinorm,1.2469594970929217e-05
merchandis,1.2469594970929217e-05
pba,1.2469594970929217e-05
cru,1.2469594970929217e-05
unansw,1.2469594970929217e-05
hewitt,1.2469594970929217e-05
possibili,1.2469594970929217e-05
deg,1.2469594970929217e-05
guillermo,1.2469594970929217e-05
repons,1.2469594970929217e-05
clientel,1.2469594970929217e-05
lea,1.2469594970929217e-05
dbi,1.2469594970929217e-05
evalua,1.2469594970929217e-05
yxx,1.2469594970929217e-05
ako,1.2469594970929217e-05
cjj,1.2469594970929217e-05
budapest,1.2469594970929217e-05
ydt,1.2469594970929217e-05
psp,1.2469594970929217e-05
gur,1.2469594970929217e-05
bossaert,1.2469594970929217e-05
nces,1.2469594970929217e-05
qjk,1.2469594970929217e-05
lux,1.2469594970929217e-05
mto,1.2469594970929217e-05
unpub,1.2469594970929217e-05
multiplica,1.2469594970929217e-05
purport,1.2469594970929217e-05
burton,1.2469594970929217e-05
ren,1.2469594970929217e-05
oft,1.2469594970929217e-05
dpa,1.2469594970929217e-05
calcula,1.2469594970929217e-05
lowercost,1.2469594970929217e-05
zat,1.2469594970929217e-05
coddington,1.2469594970929217e-05
commun,1.2469594970929217e-05
investmentcapit,1.2469594970929217e-05
ref,1.2469594970929217e-05
southeast,1.2469594970929217e-05
unu,1.2469594970929217e-05
kls,1.2469594970929217e-05
unbiased,1.2469594970929217e-05
canc,1.2469594970929217e-05
abreu,1.2469594970929217e-05
pja,1.2469594970929217e-05
hinder,1.2469594970929217e-05
schramm,1.2469594970929217e-05
lentli,1.2469594970929217e-05
itp,1.2469594970929217e-05
continua,1.2469594970929217e-05
fvt,1.2469594970929217e-05
hibit,1.2469594970929217e-05
xec,1.2469594970929217e-05
feasi,1.2469594970929217e-05
drug,1.2469594970929217e-05
rkt,1.2469594970929217e-05
unfavour,1.2469594970929217e-05
itf,1.2469594970929217e-05
dell,1.2469594970929217e-05
marxist,1.2469594970929217e-05
retriev,1.2469594970929217e-05
sophi,1.2469594970929217e-05
reap,1.2469594970929217e-05
limr,1.2469594970929217e-05
disprov,1.2469594970929217e-05
inasmuch,1.2469594970929217e-05
devon,1.2469594970929217e-05
mayb,1.2469594970929217e-05
verit,1.2469594970929217e-05
xiong,1.2469594970929217e-05
afe,1.2469594970929217e-05
unidentifi,1.2469594970929217e-05
singh,1.2469594970929217e-05
ptpti,1.2469594970929217e-05
penros,1.2469594970929217e-05
ledg,1.2469594970929217e-05
rendu,1.2469594970929217e-05
aac,1.2469594970929217e-05
gii,1.2469594970929217e-05
ruppert,1.2469594970929217e-05
minha,1.2469594970929217e-05
zis,1.2469594970929217e-05
vew,1.2469594970929217e-05
desiderata,1.2469594970929217e-05
episod,1.2469594970929217e-05
vwo,1.2469594970929217e-05
hjt,1.2469594970929217e-05
obsolesc,1.2469594970929217e-05
logpi,1.2469594970929217e-05
selfcontain,1.2469594970929217e-05
vif,1.2469594970929217e-05
routledg,1.2469594970929217e-05
courag,1.2469594970929217e-05
crossproduct,1.2469594970929217e-05
threegood,1.2469594970929217e-05
theoy,1.2469594970929217e-05
bei,1.2469594970929217e-05
doublelog,1.2469594970929217e-05
rtu,1.2469594970929217e-05
plxl,1.2469594970929217e-05
nonfundament,1.2469594970929217e-05
qio,1.2469594970929217e-05
eap,1.2469594970929217e-05
partialequilibrium,1.2469594970929217e-05
dfn,1.2469594970929217e-05
anchor,1.2469594970929217e-05
ope,1.2469594970929217e-05
pam,1.2469594970929217e-05
ydx,1.2469594970929217e-05
chan,1.2469594970929217e-05
nonredund,1.2469594970929217e-05
fra,1.2469594970929217e-05
bjs,1.2469594970929217e-05
rlt,1.2469594970929217e-05
accumula,1.2469594970929217e-05
abp,1.2469594970929217e-05
eih,1.2469594970929217e-05
ctc,1.2469594970929217e-05
cgi,1.2469594970929217e-05
altem,1.2469594970929217e-05
fjj,1.2469594970929217e-05
hco,1.2469594970929217e-05
cbc,1.2469594970929217e-05
technometr,1.2469594970929217e-05
grown,1.2469594970929217e-05
prac,1.2469594970929217e-05
epq,1.2469594970929217e-05
edf,1.2469594970929217e-05
tenci,1.2469594970929217e-05
chebyshev,1.2469594970929217e-05
fundamentalist,1.2469594970929217e-05
nuiti,1.2469594970929217e-05
cpm,1.2469594970929217e-05
reset,1.2469594970929217e-05
lht,1.2469594970929217e-05
exl,1.2469594970929217e-05
dump,1.2469594970929217e-05
nxo,1.2469594970929217e-05
tice,1.2469594970929217e-05
bmp,1.2469594970929217e-05
budgetari,1.2469594970929217e-05
impart,1.2469594970929217e-05
judici,1.2469594970929217e-05
xlo,1.2469594970929217e-05
xte,1.2469594970929217e-05
tangibl,1.2469594970929217e-05
constru,1.2469594970929217e-05
atb,1.2469594970929217e-05
card,1.2469594970929217e-05
eexp,1.2469594970929217e-05
nonmarketclear,1.2469594970929217e-05
attrac,1.2469594970929217e-05
birch,1.2469594970929217e-05
stieltj,1.2469594970929217e-05
qxl,1.2469594970929217e-05
temat,1.2469594970929217e-05
rbo,1.2469594970929217e-05
abramovitz,1.2469594970929217e-05
rec,1.2469594970929217e-05
drk,1.2469594970929217e-05
otto,1.2469594970929217e-05
pret,1.2469594970929217e-05
juic,1.2469594970929217e-05
dice,1.2469594970929217e-05
rsi,1.2469594970929217e-05
consumptionleisur,1.2469594970929217e-05
pon,1.2469594970929217e-05
internat,1.2469594970929217e-05
bfx,1.2469594970929217e-05
persuas,1.2469594970929217e-05
cialli,1.2469594970929217e-05
eja,1.2469594970929217e-05
rudimentari,1.2469594970929217e-05
zla,1.2469594970929217e-05
unex,1.2469594970929217e-05
crite,1.2469594970929217e-05
gvi,1.2469594970929217e-05
aaaa,1.2469594970929217e-05
cure,1.2469594970929217e-05
pondenc,1.2469594970929217e-05
kpk,1.2469594970929217e-05
sitiv,1.2469594970929217e-05
surpass,1.2469594970929217e-05
xtyt,1.2469594970929217e-05
mtt,1.2469594970929217e-05
psf,1.2469594970929217e-05
bergin,1.2469594970929217e-05
nongaussian,1.2469594970929217e-05
ael,1.2469594970929217e-05
vtz,1.2469594970929217e-05
bene,1.2469594970929217e-05
pricemak,1.2469594970929217e-05
ibt,1.2469594970929217e-05
kamien,1.2469594970929217e-05
ror,1.2469594970929217e-05
vls,1.2469594970929217e-05
xtb,1.2469594970929217e-05
tfo,1.2469594970929217e-05
okun,1.2469594970929217e-05
classi,1.2469594970929217e-05
realiza,1.2469594970929217e-05
annum,1.2469594970929217e-05
recapitul,1.2469594970929217e-05
fkf,1.2469594970929217e-05
neur,1.2469594970929217e-05
xxii,1.2469594970929217e-05
tailor,1.2469594970929217e-05
resolu,1.2469594970929217e-05
ddimension,1.2469594970929217e-05
atti,1.2469594970929217e-05
exacerb,1.2469594970929217e-05
surement,1.2469594970929217e-05
priceadjust,1.2469594970929217e-05
threefactor,1.2469594970929217e-05
lyze,1.2469594970929217e-05
famafrench,1.2469594970929217e-05
ipp,1.2469594970929217e-05
pei,1.2469594970929217e-05
ipn,1.2469594970929217e-05
feiwel,1.2469594970929217e-05
qto,1.2469594970929217e-05
woo,1.2469594970929217e-05
nonseason,1.2469594970929217e-05
rept,1.2469594970929217e-05
wpi,1.2469594970929217e-05
taxonom,1.2469594970929217e-05
aiw,1.2469594970929217e-05
caught,1.2469594970929217e-05
opk,1.2469594970929217e-05
bixi,1.2469594970929217e-05
ride,1.2469594970929217e-05
andx,1.2469594970929217e-05
rlr,1.2469594970929217e-05
fih,1.2469594970929217e-05
rota,1.2469594970929217e-05
nli,1.2469594970929217e-05
schaefer,1.2469594970929217e-05
makowski,1.2469594970929217e-05
lev,1.2469594970929217e-05
meanzero,1.2469594970929217e-05
whitenois,1.2469594970929217e-05
ytx,1.2469594970929217e-05
rkk,1.2469594970929217e-05
wolak,1.2469594970929217e-05
essari,1.2469594970929217e-05
fab,1.2469594970929217e-05
adp,1.2469594970929217e-05
reintroduc,1.2469594970929217e-05
jobfind,1.2469594970929217e-05
tnt,1.2469594970929217e-05
asc,1.2469594970929217e-05
sdr,1.2469594970929217e-05
precaut,1.2469594970929217e-05
kelli,1.2469594970929217e-05
wjc,1.2469594970929217e-05
mood,1.2469594970929217e-05
ajn,1.2469594970929217e-05
erasmus,1.2469594970929217e-05
threecommod,1.2469594970929217e-05
poa,1.2469594970929217e-05
allx,1.2469594970929217e-05
stj,1.2469594970929217e-05
ministri,1.2469594970929217e-05
glt,1.2469594970929217e-05
cfx,1.2469594970929217e-05
shortest,1.2469594970929217e-05
fjs,1.2469594970929217e-05
cide,1.2469594970929217e-05
wander,1.2469594970929217e-05
ivc,1.2469594970929217e-05
ponder,1.2469594970929217e-05
griffith,1.2469594970929217e-05
vay,1.2469594970929217e-05
supi,1.2469594970929217e-05
rant,1.2469594970929217e-05
layer,1.2469594970929217e-05
pok,1.2469594970929217e-05
lij,1.2469594970929217e-05
btp,1.2469594970929217e-05
ale,1.2469594970929217e-05
ipk,1.2469594970929217e-05
foa,1.1638288639533937e-05
bep,1.1638288639533937e-05
axm,1.1638288639533937e-05
poy,1.1638288639533937e-05
ler,1.1638288639533937e-05
etpt,1.1638288639533937e-05
imprimeri,1.1638288639533937e-05
ddp,1.1638288639533937e-05
gla,1.1638288639533937e-05
arizona,1.1638288639533937e-05
ntl,1.1638288639533937e-05
vhi,1.1638288639533937e-05
arima,1.1638288639533937e-05
lxvi,1.1638288639533937e-05
varga,1.1638288639533937e-05
deliver,1.1638288639533937e-05
voth,1.1638288639533937e-05
idempot,1.1638288639533937e-05
boo,1.1638288639533937e-05
compuls,1.1638288639533937e-05
irreplac,1.1638288639533937e-05
knifeedg,1.1638288639533937e-05
debut,1.1638288639533937e-05
selec,1.1638288639533937e-05
euz,1.1638288639533937e-05
wrr,1.1638288639533937e-05
ula,1.1638288639533937e-05
allf,1.1638288639533937e-05
tlog,1.1638288639533937e-05
aih,1.1638288639533937e-05
shutdown,1.1638288639533937e-05
inhibit,1.1638288639533937e-05
ambiti,1.1638288639533937e-05
sky,1.1638288639533937e-05
lzl,1.1638288639533937e-05
xtc,1.1638288639533937e-05
fydi,1.1638288639533937e-05
dubin,1.1638288639533937e-05
onl,1.1638288639533937e-05
caltech,1.1638288639533937e-05
gpx,1.1638288639533937e-05
stepwis,1.1638288639533937e-05
uyj,1.1638288639533937e-05
aww,1.1638288639533937e-05
xas,1.1638288639533937e-05
arb,1.1638288639533937e-05
novelti,1.1638288639533937e-05
hxl,1.1638288639533937e-05
bischoff,1.1638288639533937e-05
jul,1.1638288639533937e-05
iep,1.1638288639533937e-05
xei,1.1638288639533937e-05
afz,1.1638288639533937e-05
evx,1.1638288639533937e-05
oto,1.1638288639533937e-05
sla,1.1638288639533937e-05
tnk,1.1638288639533937e-05
levinson,1.1638288639533937e-05
macroeconomi,1.1638288639533937e-05
fmx,1.1638288639533937e-05
dpp,1.1638288639533937e-05
pxm,1.1638288639533937e-05
tinct,1.1638288639533937e-05
rfi,1.1638288639533937e-05
dfj,1.1638288639533937e-05
anb,1.1638288639533937e-05
wim,1.1638288639533937e-05
subtleti,1.1638288639533937e-05
optimiz,1.1638288639533937e-05
edp,1.1638288639533937e-05
vfa,1.1638288639533937e-05
renam,1.1638288639533937e-05
vfr,1.1638288639533937e-05
mediari,1.1638288639533937e-05
yoi,1.1638288639533937e-05
ynl,1.1638288639533937e-05
ypl,1.1638288639533937e-05
sjo,1.1638288639533937e-05
zfz,1.1638288639533937e-05
toa,1.1638288639533937e-05
enn,1.1638288639533937e-05
sps,1.1638288639533937e-05
crn,1.1638288639533937e-05
xmin,1.1638288639533937e-05
gyi,1.1638288639533937e-05
ijl,1.1638288639533937e-05
breach,1.1638288639533937e-05
isa,1.1638288639533937e-05
jerom,1.1638288639533937e-05
ejo,1.1638288639533937e-05
compress,1.1638288639533937e-05
uar,1.1638288639533937e-05
bea,1.1638288639533937e-05
surgeri,1.1638288639533937e-05
awj,1.1638288639533937e-05
dpx,1.1638288639533937e-05
yyo,1.1638288639533937e-05
unbalanc,1.1638288639533937e-05
sol,1.1638288639533937e-05
lxii,1.1638288639533937e-05
feldman,1.1638288639533937e-05
teoria,1.1638288639533937e-05
pca,1.1638288639533937e-05
qpq,1.1638288639533937e-05
iand,1.1638288639533937e-05
forsom,1.1638288639533937e-05
arbor,1.1638288639533937e-05
onecommod,1.1638288639533937e-05
xft,1.1638288639533937e-05
uiw,1.1638288639533937e-05
abba,1.1638288639533937e-05
imit,1.1638288639533937e-05
pno,1.1638288639533937e-05
wxl,1.1638288639533937e-05
warfar,1.1638288639533937e-05
qtx,1.1638288639533937e-05
unimpair,1.1638288639533937e-05
ilb,1.1638288639533937e-05
proud,1.1638288639533937e-05
incr,1.1638288639533937e-05
jeux,1.1638288639533937e-05
anteced,1.1638288639533937e-05
dau,1.1638288639533937e-05
efa,1.1638288639533937e-05
lao,1.1638288639533937e-05
uncommit,1.1638288639533937e-05
ppq,1.1638288639533937e-05
pbo,1.1638288639533937e-05
fisk,1.1638288639533937e-05
fiber,1.1638288639533937e-05
choi,1.1638288639533937e-05
ahl,1.1638288639533937e-05
unreport,1.1638288639533937e-05
fxs,1.1638288639533937e-05
markovperfect,1.1638288639533937e-05
manhour,1.1638288639533937e-05
wholesal,1.1638288639533937e-05
yee,1.1638288639533937e-05
recog,1.1638288639533937e-05
mim,1.1638288639533937e-05
arp,1.1638288639533937e-05
articul,1.1638288639533937e-05
preoccup,1.1638288639533937e-05
pretrad,1.1638288639533937e-05
downgrad,1.1638288639533937e-05
winsor,1.1638288639533937e-05
ueo,1.1638288639533937e-05
dfdx,1.1638288639533937e-05
vxe,1.1638288639533937e-05
plementari,1.1638288639533937e-05
snyder,1.1638288639533937e-05
xmx,1.1638288639533937e-05
venient,1.1638288639533937e-05
zri,1.1638288639533937e-05
lier,1.1638288639533937e-05
lrt,1.1638288639533937e-05
bvi,1.1638288639533937e-05
closedloop,1.1638288639533937e-05
mst,1.1638288639533937e-05
positivedefinit,1.1638288639533937e-05
alxl,1.1638288639533937e-05
pht,1.1638288639533937e-05
nes,1.1638288639533937e-05
zea,1.1638288639533937e-05
dlt,1.1638288639533937e-05
ajl,1.1638288639533937e-05
fim,1.1638288639533937e-05
hitherto,1.1638288639533937e-05
indica,1.1638288639533937e-05
coarser,1.1638288639533937e-05
simplist,1.1638288639533937e-05
kao,1.1638288639533937e-05
preferenti,1.1638288639533937e-05
kai,1.1638288639533937e-05
aql,1.1638288639533937e-05
selfevid,1.1638288639533937e-05
xca,1.1638288639533937e-05
theor,1.1638288639533937e-05
sui,1.1638288639533937e-05
rpj,1.1638288639533937e-05
drt,1.1638288639533937e-05
tji,1.1638288639533937e-05
rtj,1.1638288639533937e-05
ssi,1.1638288639533937e-05
circuit,1.1638288639533937e-05
fidel,1.1638288639533937e-05
stuck,1.1638288639533937e-05
naliz,1.1638288639533937e-05
tractual,1.1638288639533937e-05
rion,1.1638288639533937e-05
veil,1.1638288639533937e-05
lationship,1.1638288639533937e-05
dere,1.1638288639533937e-05
zji,1.1638288639533937e-05
mom,1.1638288639533937e-05
lzt,1.1638288639533937e-05
cosh,1.1638288639533937e-05
chamberlin,1.1638288639533937e-05
logr,1.1638288639533937e-05
liabl,1.1638288639533937e-05
fourthord,1.1638288639533937e-05
academia,1.1638288639533937e-05
wap,1.1638288639533937e-05
supplydemand,1.1638288639533937e-05
spoilag,1.1638288639533937e-05
topol,1.1638288639533937e-05
yixi,1.1638288639533937e-05
ica,1.1638288639533937e-05
supx,1.1638288639533937e-05
rerank,1.1638288639533937e-05
gls,1.1638288639533937e-05
conten,1.1638288639533937e-05
frx,1.1638288639533937e-05
lowercas,1.1638288639533937e-05
coe,1.1638288639533937e-05
sgs,1.1638288639533937e-05
eji,1.1638288639533937e-05
ucj,1.1638288639533937e-05
lqt,1.1638288639533937e-05
eqt,1.1638288639533937e-05
rif,1.1638288639533937e-05
wjt,1.1638288639533937e-05
ficienc,1.1638288639533937e-05
ths,1.1638288639533937e-05
tyi,1.1638288639533937e-05
fxz,1.1638288639533937e-05
repaid,1.1638288639533937e-05
uft,1.1638288639533937e-05
fff,1.1638288639533937e-05
subvent,1.1638288639533937e-05
jkl,1.1638288639533937e-05
coal,1.1638288639533937e-05
tme,1.1638288639533937e-05
terior,1.1638288639533937e-05
duf,1.1638288639533937e-05
pdo,1.1638288639533937e-05
choke,1.1638288639533937e-05
oand,1.1638288639533937e-05
ipm,1.1638288639533937e-05
acn,1.1638288639533937e-05
elim,1.1638288639533937e-05
ppn,1.1638288639533937e-05
tks,1.1638288639533937e-05
puy,1.1638288639533937e-05
wia,1.1638288639533937e-05
qtk,1.1638288639533937e-05
balanced,1.1638288639533937e-05
wurgler,1.1638288639533937e-05
aam,1.1638288639533937e-05
boost,1.1638288639533937e-05
macra,1.1638288639533937e-05
troll,1.1638288639533937e-05
diversi,1.1638288639533937e-05
bangbang,1.1638288639533937e-05
coef,1.1638288639533937e-05
rhode,1.1638288639533937e-05
yaron,1.1638288639533937e-05
gtk,1.1638288639533937e-05
nonsignific,1.1638288639533937e-05
ekl,1.1638288639533937e-05
commi,1.1638288639533937e-05
fstatist,1.1638288639533937e-05
highincom,1.1638288639533937e-05
monday,1.1638288639533937e-05
lerman,1.1638288639533937e-05
parabol,1.1638288639533937e-05
pattanaik,1.1638288639533937e-05
unidimension,1.1638288639533937e-05
omin,1.1638288639533937e-05
chapman,1.1638288639533937e-05
hto,1.1638288639533937e-05
startingpoint,1.1638288639533937e-05
snape,1.1638288639533937e-05
blanc,1.1638288639533937e-05
yfs,1.1638288639533937e-05
hubbard,1.1638288639533937e-05
ean,1.1638288639533937e-05
ijo,1.1638288639533937e-05
jkk,1.1638288639533937e-05
akn,1.1638288639533937e-05
hungarian,1.1638288639533937e-05
iut,1.1638288639533937e-05
reevalu,1.1638288639533937e-05
brother,1.1638288639533937e-05
harrod,1.1638288639533937e-05
tiabil,1.1638288639533937e-05
gift,1.1638288639533937e-05
nection,1.1638288639533937e-05
blaisdel,1.1638288639533937e-05
poc,1.1638288639533937e-05
tornqvist,1.1638288639533937e-05
tlx,1.1638288639533937e-05
dictatorship,1.1638288639533937e-05
troduct,1.1638288639533937e-05
ytf,1.1638288639533937e-05
battalio,1.1638288639533937e-05
kalai,1.1638288639533937e-05
headcount,1.1638288639533937e-05
fnn,1.1638288639533937e-05
imn,1.1638288639533937e-05
zjj,1.1638288639533937e-05
abrupt,1.1638288639533937e-05
underdevelop,1.1638288639533937e-05
jeff,1.1638288639533937e-05
claus,1.1638288639533937e-05
decen,1.1638288639533937e-05
breadth,1.1638288639533937e-05
infx,1.1638288639533937e-05
arabl,1.1638288639533937e-05
allingham,1.1638288639533937e-05
underwrit,1.1638288639533937e-05
rfx,1.1638288639533937e-05
biggest,1.1638288639533937e-05
alongsid,1.1638288639533937e-05
ilf,1.1638288639533937e-05
dfw,1.1638288639533937e-05
tiao,1.1638288639533937e-05
restrain,1.1638288639533937e-05
kpo,1.1638288639533937e-05
pso,1.1638288639533937e-05
lute,1.1638288639533937e-05
qix,1.1638288639533937e-05
jat,1.1638288639533937e-05
goldenrul,1.1638288639533937e-05
boil,1.1638288639533937e-05
representativeag,1.1638288639533937e-05
eio,1.1638288639533937e-05
tox,1.1638288639533937e-05
iot,1.1638288639533937e-05
taylorseri,1.1638288639533937e-05
sap,1.1638288639533937e-05
dzl,1.1638288639533937e-05
eighteenth,1.1638288639533937e-05
cpf,1.1638288639533937e-05
formalis,1.1638288639533937e-05
sess,1.1638288639533937e-05
coomb,1.1638288639533937e-05
eir,1.1638288639533937e-05
xyi,1.1638288639533937e-05
tariti,1.1638288639533937e-05
spill,1.1638288639533937e-05
ethier,1.1638288639533937e-05
akf,1.1638288639533937e-05
ciy,1.1638288639533937e-05
nonlin,1.1638288639533937e-05
eix,1.1638288639533937e-05
taxonomi,1.1638288639533937e-05
exf,1.1638288639533937e-05
expa,1.1638288639533937e-05
exe,1.1638288639533937e-05
eyj,1.1638288639533937e-05
vaf,1.1638288639533937e-05
lac,1.1638288639533937e-05
aye,1.1638288639533937e-05
kraus,1.1638288639533937e-05
untax,1.1638288639533937e-05
mobius,1.1638288639533937e-05
daa,1.1638288639533937e-05
portent,1.1638288639533937e-05
aor,1.1638288639533937e-05
arr,1.1638288639533937e-05
ave,1.1638288639533937e-05
issuer,1.1638288639533937e-05
xxxv,1.1638288639533937e-05
disserta,1.1638288639533937e-05
mother,1.1638288639533937e-05
xxxix,1.1638288639533937e-05
dos,1.1638288639533937e-05
distin,1.1638288639533937e-05
lowincom,1.1638288639533937e-05
rro,1.1638288639533937e-05
dfl,1.1638288639533937e-05
mnt,1.1638288639533937e-05
lection,1.1638288639533937e-05
vai,1.1638288639533937e-05
lpx,1.1638288639533937e-05
iio,1.1638288639533937e-05
shapiro,1.1638288639533937e-05
intersector,1.1638288639533937e-05
ikl,1.1638288639533937e-05
sln,1.1638288639533937e-05
yiv,1.1638288639533937e-05
gear,1.1638288639533937e-05
rtx,1.1638288639533937e-05
cert,1.1638288639533937e-05
ofe,1.1638288639533937e-05
afo,1.1638288639533937e-05
psycho,1.1638288639533937e-05
phistic,1.1638288639533937e-05
zpi,1.1638288639533937e-05
margarin,1.1638288639533937e-05
stabili,1.1638288639533937e-05
tingal,1.1638288639533937e-05
pain,1.0806982308138656e-05
launch,1.0806982308138656e-05
turbanc,1.0806982308138656e-05
eib,1.0806982308138656e-05
beha,1.0806982308138656e-05
bhattacharya,1.0806982308138656e-05
cop,1.0806982308138656e-05
xao,1.0806982308138656e-05
doubli,1.0806982308138656e-05
mclaren,1.0806982308138656e-05
akm,1.0806982308138656e-05
immens,1.0806982308138656e-05
relief,1.0806982308138656e-05
ccn,1.0806982308138656e-05
plq,1.0806982308138656e-05
lessen,1.0806982308138656e-05
rms,1.0806982308138656e-05
gtx,1.0806982308138656e-05
nonrenew,1.0806982308138656e-05
oxk,1.0806982308138656e-05
tightest,1.0806982308138656e-05
emmanuel,1.0806982308138656e-05
mentat,1.0806982308138656e-05
ssri,1.0806982308138656e-05
revalu,1.0806982308138656e-05
reckon,1.0806982308138656e-05
sfk,1.0806982308138656e-05
pxk,1.0806982308138656e-05
finland,1.0806982308138656e-05
gam,1.0806982308138656e-05
pee,1.0806982308138656e-05
airlin,1.0806982308138656e-05
ishii,1.0806982308138656e-05
igier,1.0806982308138656e-05
thermor,1.0806982308138656e-05
xxiii,1.0806982308138656e-05
stimuli,1.0806982308138656e-05
pyy,1.0806982308138656e-05
config,1.0806982308138656e-05
specialis,1.0806982308138656e-05
sensi,1.0806982308138656e-05
oldag,1.0806982308138656e-05
impedi,1.0806982308138656e-05
restructur,1.0806982308138656e-05
rush,1.0806982308138656e-05
dbs,1.0806982308138656e-05
ffl,1.0806982308138656e-05
puls,1.0806982308138656e-05
athan,1.0806982308138656e-05
mln,1.0806982308138656e-05
roth,1.0806982308138656e-05
limnoo,1.0806982308138656e-05
tei,1.0806982308138656e-05
eme,1.0806982308138656e-05
septemberoctob,1.0806982308138656e-05
ciq,1.0806982308138656e-05
yln,1.0806982308138656e-05
wlc,1.0806982308138656e-05
reexpress,1.0806982308138656e-05
corrobor,1.0806982308138656e-05
aipi,1.0806982308138656e-05
igor,1.0806982308138656e-05
motor,1.0806982308138656e-05
vtxt,1.0806982308138656e-05
eighth,1.0806982308138656e-05
uoc,1.0806982308138656e-05
balancedgrowth,1.0806982308138656e-05
boulder,1.0806982308138656e-05
ejk,1.0806982308138656e-05
oneway,1.0806982308138656e-05
byi,1.0806982308138656e-05
vux,1.0806982308138656e-05
crosselast,1.0806982308138656e-05
niehan,1.0806982308138656e-05
sst,1.0806982308138656e-05
wls,1.0806982308138656e-05
rwt,1.0806982308138656e-05
taut,1.0806982308138656e-05
lib,1.0806982308138656e-05
materiel,1.0806982308138656e-05
penetr,1.0806982308138656e-05
minaci,1.0806982308138656e-05
marriag,1.0806982308138656e-05
muniti,1.0806982308138656e-05
eal,1.0806982308138656e-05
irf,1.0806982308138656e-05
dxr,1.0806982308138656e-05
aixt,1.0806982308138656e-05
fipi,1.0806982308138656e-05
kong,1.0806982308138656e-05
alc,1.0806982308138656e-05
ikk,1.0806982308138656e-05
bacon,1.0806982308138656e-05
ixo,1.0806982308138656e-05
dea,1.0806982308138656e-05
ivt,1.0806982308138656e-05
poq,1.0806982308138656e-05
jpi,1.0806982308138656e-05
undon,1.0806982308138656e-05
surmis,1.0806982308138656e-05
twosid,1.0806982308138656e-05
ukk,1.0806982308138656e-05
toj,1.0806982308138656e-05
halt,1.0806982308138656e-05
bta,1.0806982308138656e-05
hts,1.0806982308138656e-05
piw,1.0806982308138656e-05
sif,1.0806982308138656e-05
marcus,1.0806982308138656e-05
dyl,1.0806982308138656e-05
yat,1.0806982308138656e-05
qdp,1.0806982308138656e-05
nashequilibrium,1.0806982308138656e-05
cedex,1.0806982308138656e-05
pragmat,1.0806982308138656e-05
dkk,1.0806982308138656e-05
determina,1.0806982308138656e-05
blur,1.0806982308138656e-05
dss,1.0806982308138656e-05
adject,1.0806982308138656e-05
erogen,1.0806982308138656e-05
dnn,1.0806982308138656e-05
utn,1.0806982308138656e-05
szego,1.0806982308138656e-05
dqdp,1.0806982308138656e-05
agj,1.0806982308138656e-05
eichenbaum,1.0806982308138656e-05
dfr,1.0806982308138656e-05
horn,1.0806982308138656e-05
jjj,1.0806982308138656e-05
jni,1.0806982308138656e-05
qfi,1.0806982308138656e-05
auz,1.0806982308138656e-05
oniki,1.0806982308138656e-05
sae,1.0806982308138656e-05
atc,1.0806982308138656e-05
etj,1.0806982308138656e-05
ajxj,1.0806982308138656e-05
longshort,1.0806982308138656e-05
iko,1.0806982308138656e-05
moorepenros,1.0806982308138656e-05
longhorizon,1.0806982308138656e-05
biai,1.0806982308138656e-05
mension,1.0806982308138656e-05
pathwis,1.0806982308138656e-05
beg,1.0806982308138656e-05
missibl,1.0806982308138656e-05
elk,1.0806982308138656e-05
umn,1.0806982308138656e-05
candi,1.0806982308138656e-05
qat,1.0806982308138656e-05
ino,1.0806982308138656e-05
bwt,1.0806982308138656e-05
lean,1.0806982308138656e-05
theni,1.0806982308138656e-05
birkbeck,1.0806982308138656e-05
twocountri,1.0806982308138656e-05
rco,1.0806982308138656e-05
ohlin,1.0806982308138656e-05
vpl,1.0806982308138656e-05
hirschleif,1.0806982308138656e-05
zheng,1.0806982308138656e-05
boat,1.0806982308138656e-05
mjt,1.0806982308138656e-05
uwx,1.0806982308138656e-05
cle,1.0806982308138656e-05
iet,1.0806982308138656e-05
twomemb,1.0806982308138656e-05
hor,1.0806982308138656e-05
miner,1.0806982308138656e-05
etari,1.0806982308138656e-05
outputinput,1.0806982308138656e-05
alw,1.0806982308138656e-05
vmi,1.0806982308138656e-05
boyc,1.0806982308138656e-05
editori,1.0806982308138656e-05
haltiwang,1.0806982308138656e-05
kdk,1.0806982308138656e-05
fca,1.0806982308138656e-05
sixti,1.0806982308138656e-05
lcl,1.0806982308138656e-05
xxj,1.0806982308138656e-05
jegadeesh,1.0806982308138656e-05
uuo,1.0806982308138656e-05
fluenc,1.0806982308138656e-05
dickinson,1.0806982308138656e-05
finn,1.0806982308138656e-05
fmp,1.0806982308138656e-05
sister,1.0806982308138656e-05
calcutta,1.0806982308138656e-05
kji,1.0806982308138656e-05
bondt,1.0806982308138656e-05
mtm,1.0806982308138656e-05
diu,1.0806982308138656e-05
utk,1.0806982308138656e-05
irc,1.0806982308138656e-05
undu,1.0806982308138656e-05
moodi,1.0806982308138656e-05
beforehand,1.0806982308138656e-05
ipat,1.0806982308138656e-05
forgo,1.0806982308138656e-05
cfl,1.0806982308138656e-05
fmi,1.0806982308138656e-05
bir,1.0806982308138656e-05
okonomi,1.0806982308138656e-05
rightward,1.0806982308138656e-05
nonnest,1.0806982308138656e-05
milk,1.0806982308138656e-05
dzo,1.0806982308138656e-05
cnp,1.0806982308138656e-05
vpx,1.0806982308138656e-05
forschungsgemeinschaft,1.0806982308138656e-05
ese,1.0806982308138656e-05
rtr,1.0806982308138656e-05
vjl,1.0806982308138656e-05
err,1.0806982308138656e-05
diversifica,1.0806982308138656e-05
seq,1.0806982308138656e-05
olkin,1.0806982308138656e-05
iqt,1.0806982308138656e-05
poser,1.0806982308138656e-05
temin,1.0806982308138656e-05
sirabl,1.0806982308138656e-05
underreport,1.0806982308138656e-05
fundamen,1.0806982308138656e-05
devalu,1.0806982308138656e-05
fiq,1.0806982308138656e-05
crimin,1.0806982308138656e-05
calzolari,1.0806982308138656e-05
tux,1.0806982308138656e-05
toy,1.0806982308138656e-05
roe,1.0806982308138656e-05
guerr,1.0806982308138656e-05
eliaz,1.0806982308138656e-05
stoni,1.0806982308138656e-05
agt,1.0806982308138656e-05
qipi,1.0806982308138656e-05
acb,1.0806982308138656e-05
refinanc,1.0806982308138656e-05
merril,1.0806982308138656e-05
guest,1.0806982308138656e-05
qpx,1.0806982308138656e-05
kessel,1.0806982308138656e-05
theoreti,1.0806982308138656e-05
await,1.0806982308138656e-05
uql,1.0806982308138656e-05
otn,1.0806982308138656e-05
ash,1.0806982308138656e-05
fot,1.0806982308138656e-05
osborn,1.0806982308138656e-05
bfi,1.0806982308138656e-05
dinform,1.0806982308138656e-05
neudeck,1.0806982308138656e-05
cpn,1.0806982308138656e-05
elhanan,1.0806982308138656e-05
mtx,1.0806982308138656e-05
rectifi,1.0806982308138656e-05
dyy,1.0806982308138656e-05
vst,1.0806982308138656e-05
grunfeld,1.0806982308138656e-05
dgt,1.0806982308138656e-05
peterson,1.0806982308138656e-05
securit,1.0806982308138656e-05
lifespan,1.0806982308138656e-05
summa,1.0806982308138656e-05
subsector,1.0806982308138656e-05
toothpast,1.0806982308138656e-05
pma,1.0806982308138656e-05
judith,1.0806982308138656e-05
nsi,1.0806982308138656e-05
wonnacott,1.0806982308138656e-05
objection,1.0806982308138656e-05
lab,1.0806982308138656e-05
zurich,1.0806982308138656e-05
ezx,1.0806982308138656e-05
richmond,1.0806982308138656e-05
grr,1.0806982308138656e-05
opo,1.0806982308138656e-05
lft,1.0806982308138656e-05
remot,1.0806982308138656e-05
mmn,1.0806982308138656e-05
berk,1.0806982308138656e-05
dft,1.0806982308138656e-05
newslett,1.0806982308138656e-05
clp,1.0806982308138656e-05
wiw,1.0806982308138656e-05
wci,1.0806982308138656e-05
usi,1.0806982308138656e-05
plex,1.0806982308138656e-05
ggg,1.0806982308138656e-05
pqj,1.0806982308138656e-05
contrac,1.0806982308138656e-05
ineffi,1.0806982308138656e-05
mayshar,1.0806982308138656e-05
generali,1.0806982308138656e-05
connec,1.0806982308138656e-05
stabiliz,1.0806982308138656e-05
ginti,1.0806982308138656e-05
sxx,1.0806982308138656e-05
conscious,1.0806982308138656e-05
bohm,1.0806982308138656e-05
xkk,1.0806982308138656e-05
voc,1.0806982308138656e-05
ksi,1.0806982308138656e-05
waud,1.0806982308138656e-05
earl,1.0806982308138656e-05
lect,1.0806982308138656e-05
eoe,1.0806982308138656e-05
hlt,1.0806982308138656e-05
barber,1.0806982308138656e-05
sation,1.0806982308138656e-05
zdt,1.0806982308138656e-05
popu,1.0806982308138656e-05
faulti,1.0806982308138656e-05
allyn,1.0806982308138656e-05
qao,1.0806982308138656e-05
silent,1.0806982308138656e-05
twoperiodliv,1.0806982308138656e-05
truck,1.0806982308138656e-05
ofield,1.0806982308138656e-05
brunswick,1.0806982308138656e-05
respecifi,1.0806982308138656e-05
bonin,1.0806982308138656e-05
tinction,1.0806982308138656e-05
bansal,1.0806982308138656e-05
oif,1.0806982308138656e-05
tpl,1.0806982308138656e-05
buse,1.0806982308138656e-05
eof,1.0806982308138656e-05
pcs,1.0806982308138656e-05
pkx,1.0806982308138656e-05
pxf,1.0806982308138656e-05
dga,1.0806982308138656e-05
odonoghu,1.0806982308138656e-05
pgi,1.0806982308138656e-05
ttn,1.0806982308138656e-05
teacher,1.0806982308138656e-05
abb,1.0806982308138656e-05
cxc,1.0806982308138656e-05
drj,1.0806982308138656e-05
indivi,1.0806982308138656e-05
skk,1.0806982308138656e-05
mri,1.0806982308138656e-05
hkl,1.0806982308138656e-05
thefollow,1.0806982308138656e-05
imping,1.0806982308138656e-05
thatfor,1.0806982308138656e-05
stagger,1.0806982308138656e-05
preannounc,1.0806982308138656e-05
westview,1.0806982308138656e-05
oyo,1.0806982308138656e-05
noninterest,1.0806982308138656e-05
erik,1.0806982308138656e-05
standalon,1.0806982308138656e-05
dwp,1.0806982308138656e-05
tbb,1.0806982308138656e-05
aje,1.0806982308138656e-05
lle,1.0806982308138656e-05
embrac,1.0806982308138656e-05
xlf,1.0806982308138656e-05
dub,1.0806982308138656e-05
labori,1.0806982308138656e-05
acu,1.0806982308138656e-05
ytp,1.0806982308138656e-05
fresh,1.0806982308138656e-05
fnl,1.0806982308138656e-05
eln,1.0806982308138656e-05
myerson,1.0806982308138656e-05
inx,1.0806982308138656e-05
tember,1.0806982308138656e-05
pisa,1.0806982308138656e-05
poll,1.0806982308138656e-05
moscow,1.0806982308138656e-05
tmax,1.0806982308138656e-05
eic,1.0806982308138656e-05
qiq,1.0806982308138656e-05
ciu,1.0806982308138656e-05
redistribu,1.0806982308138656e-05
tixi,1.0806982308138656e-05
kyklo,1.0806982308138656e-05
dominiqu,1.0806982308138656e-05
rrl,1.0806982308138656e-05
rki,1.0806982308138656e-05
orl,1.0806982308138656e-05
industryspecif,1.0806982308138656e-05
geo,1.0806982308138656e-05
municip,1.0806982308138656e-05
gardless,1.0806982308138656e-05
arl,1.0806982308138656e-05
varx,1.0806982308138656e-05
franz,1.0806982308138656e-05
uuu,1.0806982308138656e-05
crete,1.0806982308138656e-05
suchthat,1.0806982308138656e-05
singleequ,1.0806982308138656e-05
ano,1.0806982308138656e-05
meth,1.0806982308138656e-05
cicchetti,1.0806982308138656e-05
gun,1.0806982308138656e-05
origi,1.0806982308138656e-05
eab,1.0806982308138656e-05
isnt,1.0806982308138656e-05
tvi,1.0806982308138656e-05
xlz,1.0806982308138656e-05
ict,1.0806982308138656e-05
opportuni,1.0806982308138656e-05
paciti,1.0806982308138656e-05
goodman,1.0806982308138656e-05
peat,1.0806982308138656e-05
incred,1.0806982308138656e-05
millan,1.0806982308138656e-05
manov,1.0806982308138656e-05
hdh,1.0806982308138656e-05
rosenberg,1.0806982308138656e-05
apm,1.0806982308138656e-05
shark,1.0806982308138656e-05
lcp,1.0806982308138656e-05
logu,1.0806982308138656e-05
heavier,1.0806982308138656e-05
nonconverg,1.0806982308138656e-05
firmyear,1.0806982308138656e-05
cin,1.0806982308138656e-05
inflect,1.0806982308138656e-05
atlant,1.0806982308138656e-05
sev,1.0806982308138656e-05
cup,1.0806982308138656e-05
masahiko,1.0806982308138656e-05
pxr,1.0806982308138656e-05
rajan,1.0806982308138656e-05
disclos,1.0806982308138656e-05
zarembka,1.0806982308138656e-05
jackson,1.0806982308138656e-05
tear,1.0806982308138656e-05
pitfal,1.0806982308138656e-05
dydt,1.0806982308138656e-05
traction,1.0806982308138656e-05
viv,1.0806982308138656e-05
messi,1.0806982308138656e-05
largesampl,1.0806982308138656e-05
krusel,1.0806982308138656e-05
qqq,1.0806982308138656e-05
riley,1.0806982308138656e-05
deepen,1.0806982308138656e-05
wao,1.0806982308138656e-05
lna,1.0806982308138656e-05
colin,1.0806982308138656e-05
emt,1.0806982308138656e-05
abn,1.0806982308138656e-05
uja,1.0806982308138656e-05
boi,1.0806982308138656e-05
pfj,1.0806982308138656e-05
abso,1.0806982308138656e-05
economnetrica,1.0806982308138656e-05
dkl,1.0806982308138656e-05
vja,1.0806982308138656e-05
chong,1.0806982308138656e-05
freez,1.0806982308138656e-05
ixit,1.0806982308138656e-05
janapr,1.0806982308138656e-05
gabszewicz,1.0806982308138656e-05
qlq,1.0806982308138656e-05
nir,1.0806982308138656e-05
vks,1.0806982308138656e-05
perceptu,1.0806982308138656e-05
winn,1.0806982308138656e-05
fxw,1.0806982308138656e-05
fnt,9.975675976743375e-06
eac,9.975675976743375e-06
diamet,9.975675976743375e-06
logk,9.975675976743375e-06
schwarz,9.975675976743375e-06
messr,9.975675976743375e-06
loev,9.975675976743375e-06
dtd,9.975675976743375e-06
dlx,9.975675976743375e-06
qbi,9.975675976743375e-06
swt,9.975675976743375e-06
otk,9.975675976743375e-06
mll,9.975675976743375e-06
microstructur,9.975675976743375e-06
rbc,9.975675976743375e-06
rogoff,9.975675976743375e-06
aib,9.975675976743375e-06
mercier,9.975675976743375e-06
birmingham,9.975675976743375e-06
jeanmarc,9.975675976743375e-06
groundwork,9.975675976743375e-06
loge,9.975675976743375e-06
gox,9.975675976743375e-06
wsi,9.975675976743375e-06
patel,9.975675976743375e-06
akr,9.975675976743375e-06
bulow,9.975675976743375e-06
adduc,9.975675976743375e-06
expound,9.975675976743375e-06
submartingal,9.975675976743375e-06
bristol,9.975675976743375e-06
expedi,9.975675976743375e-06
inq,9.975675976743375e-06
rrj,9.975675976743375e-06
sft,9.975675976743375e-06
dad,9.975675976743375e-06
xnn,9.975675976743375e-06
tempo,9.975675976743375e-06
gft,9.975675976743375e-06
sydney,9.975675976743375e-06
quential,9.975675976743375e-06
marchand,9.975675976743375e-06
ikp,9.975675976743375e-06
pierc,9.975675976743375e-06
epr,9.975675976743375e-06
lld,9.975675976743375e-06
sei,9.975675976743375e-06
kocherlakota,9.975675976743375e-06
colloquium,9.975675976743375e-06
ynx,9.975675976743375e-06
bap,9.975675976743375e-06
rpp,9.975675976743375e-06
bnl,9.975675976743375e-06
accus,9.975675976743375e-06
xiw,9.975675976743375e-06
junction,9.975675976743375e-06
fiftyfifti,9.975675976743375e-06
dydx,9.975675976743375e-06
terribl,9.975675976743375e-06
gsp,9.975675976743375e-06
ywi,9.975675976743375e-06
higherqu,9.975675976743375e-06
daspremont,9.975675976743375e-06
xct,9.975675976743375e-06
laurenc,9.975675976743375e-06
reparameter,9.975675976743375e-06
sidney,9.975675976743375e-06
wicken,9.975675976743375e-06
mixedstrategi,9.975675976743375e-06
streamlin,9.975675976743375e-06
multiag,9.975675976743375e-06
pks,9.975675976743375e-06
guo,9.975675976743375e-06
baili,9.975675976743375e-06
rdt,9.975675976743375e-06
psd,9.975675976743375e-06
wnt,9.975675976743375e-06
apap,9.975675976743375e-06
fight,9.975675976743375e-06
xfs,9.975675976743375e-06
civil,9.975675976743375e-06
fja,9.975675976743375e-06
bernank,9.975675976743375e-06
tach,9.975675976743375e-06
cjx,9.975675976743375e-06
rari,9.975675976743375e-06
tmt,9.975675976743375e-06
ejx,9.975675976743375e-06
cream,9.975675976743375e-06
augustus,9.975675976743375e-06
lul,9.975675976743375e-06
fel,9.975675976743375e-06
excit,9.975675976743375e-06
ekj,9.975675976743375e-06
trognon,9.975675976743375e-06
steward,9.975675976743375e-06
unpleas,9.975675976743375e-06
tihe,9.975675976743375e-06
expj,9.975675976743375e-06
rationalis,9.975675976743375e-06
bth,9.975675976743375e-06
skiba,9.975675976743375e-06
inhabit,9.975675976743375e-06
tiv,9.975675976743375e-06
dsp,9.975675976743375e-06
dissatisfact,9.975675976743375e-06
sch,9.975675976743375e-06
efr,9.975675976743375e-06
ltl,9.975675976743375e-06
expt,9.975675976743375e-06
undergradu,9.975675976743375e-06
backwardbend,9.975675976743375e-06
quad,9.975675976743375e-06
ctct,9.975675976743375e-06
forbid,9.975675976743375e-06
reemphas,9.975675976743375e-06
fui,9.975675976743375e-06
qts,9.975675976743375e-06
ttj,9.975675976743375e-06
weinberg,9.975675976743375e-06
firmj,9.975675976743375e-06
dgi,9.975675976743375e-06
edn,9.975675976743375e-06
cyy,9.975675976743375e-06
ipj,9.975675976743375e-06
jix,9.975675976743375e-06
crosspric,9.975675976743375e-06
projector,9.975675976743375e-06
tof,9.975675976743375e-06
stonegeari,9.975675976743375e-06
steepli,9.975675976743375e-06
ndi,9.975675976743375e-06
heroic,9.975675976743375e-06
novshek,9.975675976743375e-06
tae,9.975675976743375e-06
offin,9.975675976743375e-06
capitaloutput,9.975675976743375e-06
psr,9.975675976743375e-06
massiv,9.975675976743375e-06
fyl,9.975675976743375e-06
vite,9.975675976743375e-06
kia,9.975675976743375e-06
flexi,9.975675976743375e-06
pmm,9.975675976743375e-06
metaphor,9.975675976743375e-06
qrs,9.975675976743375e-06
connecticut,9.975675976743375e-06
kvector,9.975675976743375e-06
bwi,9.975675976743375e-06
movingaverag,9.975675976743375e-06
amf,9.975675976743375e-06
aok,9.975675976743375e-06
signatur,9.975675976743375e-06
cln,9.975675976743375e-06
milieu,9.975675976743375e-06
ptw,9.975675976743375e-06
lan,9.975675976743375e-06
techni,9.975675976743375e-06
valent,9.975675976743375e-06
vzi,9.975675976743375e-06
bain,9.975675976743375e-06
yss,9.975675976743375e-06
dissav,9.975675976743375e-06
rab,9.975675976743375e-06
replan,9.975675976743375e-06
supa,9.975675976743375e-06
anp,9.975675976743375e-06
awx,9.975675976743375e-06
psu,9.975675976743375e-06
modat,9.975675976743375e-06
antagon,9.975675976743375e-06
versifi,9.975675976743375e-06
lucki,9.975675976743375e-06
ret,9.975675976743375e-06
tilt,9.975675976743375e-06
franoi,9.975675976743375e-06
hear,9.975675976743375e-06
pds,9.975675976743375e-06
jyj,9.975675976743375e-06
ltp,9.975675976743375e-06
bri,9.975675976743375e-06
traliz,9.975675976743375e-06
ooi,9.975675976743375e-06
betweengroup,9.975675976743375e-06
mckelvey,9.975675976743375e-06
outlet,9.975675976743375e-06
lnf,9.975675976743375e-06
misinterpret,9.975675976743375e-06
ksk,9.975675976743375e-06
bolton,9.975675976743375e-06
nto,9.975675976743375e-06
misstat,9.975675976743375e-06
wtw,9.975675976743375e-06
ake,9.975675976743375e-06
compensat,9.975675976743375e-06
wtx,9.975675976743375e-06
ific,9.975675976743375e-06
violent,9.975675976743375e-06
atw,9.975675976743375e-06
vyl,9.975675976743375e-06
ticat,9.975675976743375e-06
herschel,9.975675976743375e-06
hochman,9.975675976743375e-06
rxx,9.975675976743375e-06
herfindahl,9.975675976743375e-06
fullemploy,9.975675976743375e-06
wasserman,9.975675976743375e-06
xls,9.975675976743375e-06
unlev,9.975675976743375e-06
dza,9.975675976743375e-06
cold,9.975675976743375e-06
ymn,9.975675976743375e-06
kyoto,9.975675976743375e-06
wtj,9.975675976743375e-06
ftc,9.975675976743375e-06
xzt,9.975675976743375e-06
eiz,9.975675976743375e-06
selfinsur,9.975675976743375e-06
armi,9.975675976743375e-06
fortuit,9.975675976743375e-06
cue,9.975675976743375e-06
yamey,9.975675976743375e-06
uth,9.975675976743375e-06
neg,9.975675976743375e-06
lfl,9.975675976743375e-06
thf,9.975675976743375e-06
thh,9.975675976743375e-06
yta,9.975675976743375e-06
tjt,9.975675976743375e-06
fatigu,9.975675976743375e-06
semicon,9.975675976743375e-06
commodit,9.975675976743375e-06
organi,9.975675976743375e-06
warner,9.975675976743375e-06
sok,9.975675976743375e-06
ihe,9.975675976743375e-06
ghi,9.975675976743375e-06
combi,9.975675976743375e-06
shoe,9.975675976743375e-06
milan,9.975675976743375e-06
camera,9.975675976743375e-06
fzi,9.975675976743375e-06
fhi,9.975675976743375e-06
pak,9.975675976743375e-06
hyne,9.975675976743375e-06
brownle,9.975675976743375e-06
aiyi,9.975675976743375e-06
vickrey,9.975675976743375e-06
ota,9.975675976743375e-06
undistribut,9.975675976743375e-06
jpj,9.975675976743375e-06
cnn,9.975675976743375e-06
exh,9.975675976743375e-06
upsid,9.975675976743375e-06
yair,9.975675976743375e-06
joe,9.975675976743375e-06
oca,9.975675976743375e-06
evl,9.975675976743375e-06
disastr,9.975675976743375e-06
chatter,9.975675976743375e-06
diseas,9.975675976743375e-06
aici,9.975675976743375e-06
vjs,9.975675976743375e-06
pda,9.975675976743375e-06
iux,9.975675976743375e-06
kal,9.975675976743375e-06
craven,9.975675976743375e-06
masson,9.975675976743375e-06
naliti,9.975675976743375e-06
flq,9.975675976743375e-06
unequivoc,9.975675976743375e-06
tkl,9.975675976743375e-06
utl,9.975675976743375e-06
reper,9.975675976743375e-06
fkn,9.975675976743375e-06
forx,9.975675976743375e-06
vnt,9.975675976743375e-06
anv,9.975675976743375e-06
plementar,9.975675976743375e-06
zfi,9.975675976743375e-06
oscar,9.975675976743375e-06
wtc,9.975675976743375e-06
openmarket,9.975675976743375e-06
limao,9.975675976743375e-06
hiroshi,9.975675976743375e-06
protocol,9.975675976743375e-06
akb,9.975675976743375e-06
keen,9.975675976743375e-06
hqt,9.975675976743375e-06
haa,9.975675976743375e-06
mop,9.975675976743375e-06
init,9.975675976743375e-06
qta,9.975675976743375e-06
bondhold,9.975675976743375e-06
ikj,9.975675976743375e-06
quat,9.975675976743375e-06
xjk,9.975675976743375e-06
mortal,9.975675976743375e-06
mentar,9.975675976743375e-06
anecdot,9.975675976743375e-06
alyt,9.975675976743375e-06
fromm,9.975675976743375e-06
prc,9.975675976743375e-06
oldest,9.975675976743375e-06
wjj,9.975675976743375e-06
acg,9.975675976743375e-06
subscrib,9.975675976743375e-06
eatwel,9.975675976743375e-06
evt,9.975675976743375e-06
pjo,9.975675976743375e-06
unif,9.975675976743375e-06
pesaran,9.975675976743375e-06
hungari,9.975675976743375e-06
icr,9.975675976743375e-06
agr,9.975675976743375e-06
twoagent,9.975675976743375e-06
xliii,9.975675976743375e-06
ucm,9.975675976743375e-06
tse,9.975675976743375e-06
xyo,9.975675976743375e-06
switzerland,9.975675976743375e-06
pqk,9.975675976743375e-06
unwilling,9.975675976743375e-06
aef,9.975675976743375e-06
incompar,9.975675976743375e-06
tca,9.975675976743375e-06
degen,9.975675976743375e-06
elb,9.975675976743375e-06
inferenti,9.975675976743375e-06
behaviorist,9.975675976743375e-06
iiq,9.975675976743375e-06
recoup,9.975675976743375e-06
ufa,9.975675976743375e-06
jaj,9.975675976743375e-06
fdi,9.975675976743375e-06
impo,9.975675976743375e-06
ucn,9.975675976743375e-06
hicksallen,9.975675976743375e-06
identifica,9.975675976743375e-06
sankhya,9.975675976743375e-06
completemarket,9.975675976743375e-06
yep,9.975675976743375e-06
ffo,9.975675976743375e-06
utj,9.975675976743375e-06
pant,9.975675976743375e-06
setter,9.975675976743375e-06
lungfei,9.975675976743375e-06
luigi,9.975675976743375e-06
mitchel,9.975675976743375e-06
ring,9.975675976743375e-06
ilh,9.975675976743375e-06
pww,9.975675976743375e-06
blk,9.975675976743375e-06
swan,9.975675976743375e-06
dlp,9.975675976743375e-06
exk,9.975675976743375e-06
fop,9.975675976743375e-06
rection,9.975675976743375e-06
mep,9.975675976743375e-06
possibil,9.975675976743375e-06
zhou,9.975675976743375e-06
ssrc,9.975675976743375e-06
purg,9.975675976743375e-06
itz,9.975675976743375e-06
alg,9.975675976743375e-06
coax,9.975675976743375e-06
investiga,9.975675976743375e-06
sio,9.975675976743375e-06
turbat,9.975675976743375e-06
leve,9.975675976743375e-06
tlhe,9.975675976743375e-06
turb,9.975675976743375e-06
quantityconstrain,9.975675976743375e-06
diti,9.975675976743375e-06
sizabl,9.975675976743375e-06
lex,9.975675976743375e-06
rvi,9.975675976743375e-06
qxp,9.975675976743375e-06
lta,9.975675976743375e-06
noteth,9.975675976743375e-06
unfold,9.975675976743375e-06
plz,9.975675976743375e-06
mativ,9.975675976743375e-06
uux,9.975675976743375e-06
nxi,9.975675976743375e-06
austin,9.975675976743375e-06
lvii,9.975675976743375e-06
dva,9.975675976743375e-06
qli,9.975675976743375e-06
reorgan,9.975675976743375e-06
nitud,9.975675976743375e-06
iiw,9.975675976743375e-06
aqa,9.975675976743375e-06
klevorick,9.975675976743375e-06
eqq,9.975675976743375e-06
aah,9.975675976743375e-06
dnb,9.975675976743375e-06
lpp,9.975675976743375e-06
mag,9.975675976743375e-06
dkdt,9.975675976743375e-06
tts,9.975675976743375e-06
udi,9.975675976743375e-06
adz,9.975675976743375e-06
nicola,9.975675976743375e-06
iek,9.975675976743375e-06
bul,9.975675976743375e-06
fbp,9.975675976743375e-06
aho,9.975675976743375e-06
tournament,9.975675976743375e-06
bjt,9.975675976743375e-06
secondhand,9.975675976743375e-06
simulta,9.975675976743375e-06
thrown,9.975675976743375e-06
expertis,9.975675976743375e-06
agreedupon,9.975675976743375e-06
bout,9.975675976743375e-06
mkt,9.975675976743375e-06
stringenc,9.975675976743375e-06
ptz,9.975675976743375e-06
simpson,9.975675976743375e-06
legisl,9.975675976743375e-06
protter,9.975675976743375e-06
llp,9.975675976743375e-06
rqj,9.975675976743375e-06
upu,9.975675976743375e-06
dpdt,9.975675976743375e-06
xjxj,9.975675976743375e-06
cursori,9.975675976743375e-06
dob,9.975675976743375e-06
ylx,9.975675976743375e-06
leontieftyp,9.975675976743375e-06
concomit,9.975675976743375e-06
equalitarian,9.975675976743375e-06
kun,9.975675976743375e-06
conrad,9.975675976743375e-06
nno,9.975675976743375e-06
unten,9.975675976743375e-06
militari,9.975675976743375e-06
thatx,9.975675976743375e-06
kir,9.975675976743375e-06
frt,9.975675976743375e-06
watanab,9.975675976743375e-06
counterclockwis,9.975675976743375e-06
kindahl,9.975675976743375e-06
hoover,9.975675976743375e-06
flr,9.975675976743375e-06
yearend,9.975675976743375e-06
jess,9.975675976743375e-06
churchil,9.975675976743375e-06
hesit,9.975675976743375e-06
kax,9.975675976743375e-06
heretofor,9.975675976743375e-06
impetus,9.975675976743375e-06
suspicion,9.975675976743375e-06
dxx,9.975675976743375e-06
nfactor,9.975675976743375e-06
kok,9.975675976743375e-06
inconclus,9.975675976743375e-06
riskpremium,9.975675976743375e-06
iml,9.975675976743375e-06
phenom,9.975675976743375e-06
wha,9.975675976743375e-06
takeoff,9.975675976743375e-06
terri,9.975675976743375e-06
boyer,9.975675976743375e-06
pros,9.975675976743375e-06
efn,9.975675976743375e-06
ish,9.975675976743375e-06
gpl,9.975675976743375e-06
perti,9.975675976743375e-06
rra,9.975675976743375e-06
tuc,9.975675976743375e-06
lehman,9.975675976743375e-06
gustafson,9.975675976743375e-06
inm,9.975675976743375e-06
gous,9.975675976743375e-06
pling,9.975675976743375e-06
cipl,9.975675976743375e-06
dwl,9.975675976743375e-06
ilil,9.975675976743375e-06
cessiv,9.975675976743375e-06
orga,9.975675976743375e-06
counterfactu,9.975675976743375e-06
rjl,9.975675976743375e-06
dament,9.975675976743375e-06
liz,9.975675976743375e-06
ecx,9.975675976743375e-06
nakajima,9.975675976743375e-06
nue,9.975675976743375e-06
pau,9.975675976743375e-06
gni,9.975675976743375e-06
jis,9.975675976743375e-06
emn,9.975675976743375e-06
jxt,9.975675976743375e-06
dpdp,9.975675976743375e-06
eex,9.975675976743375e-06
crit,9.975675976743375e-06
noge,9.975675976743375e-06
ort,9.975675976743375e-06
ppj,9.975675976743375e-06
auerbach,9.975675976743375e-06
qtn,9.975675976743375e-06
dsi,9.975675976743375e-06
rai,9.975675976743375e-06
fullinform,9.975675976743375e-06
htp,9.975675976743375e-06
hao,9.975675976743375e-06
woj,9.975675976743375e-06
kyi,9.975675976743375e-06
subfamili,9.975675976743375e-06
tender,9.975675976743375e-06
ttm,9.975675976743375e-06
rial,9.975675976743375e-06
desk,9.975675976743375e-06
depriv,9.975675976743375e-06
afn,9.975675976743375e-06
thatp,9.975675976743375e-06
xel,9.975675976743375e-06
thorbeck,9.975675976743375e-06
pensiti,9.975675976743375e-06
onlv,9.975675976743375e-06
hicksneutr,9.975675976743375e-06
cdl,9.975675976743375e-06
krutilla,9.975675976743375e-06
zai,9.975675976743375e-06
christiansen,9.975675976743375e-06
tate,9.975675976743375e-06
sugg,9.975675976743375e-06
expla,9.975675976743375e-06
zpz,9.975675976743375e-06
measuretheoret,9.975675976743375e-06
guish,9.975675976743375e-06
ffn,9.975675976743375e-06
iiiv,9.975675976743375e-06
qja,9.975675976743375e-06
ernst,9.975675976743375e-06
equit,9.975675976743375e-06
pureexchang,9.975675976743375e-06
scholar,9.975675976743375e-06
apf,9.975675976743375e-06
splice,9.975675976743375e-06
gerardvaret,9.975675976743375e-06
uio,9.975675976743375e-06
drain,9.975675976743375e-06
rzi,9.975675976743375e-06
idp,9.975675976743375e-06
wol,9.975675976743375e-06
influ,9.975675976743375e-06
csp,9.975675976743375e-06
tini,9.975675976743375e-06
yiyi,9.975675976743375e-06
smyth,9.975675976743375e-06
zimmermann,9.975675976743375e-06
gjk,9.975675976743375e-06
dco,9.144369645348092e-06
sanford,9.144369645348092e-06
ylk,9.144369645348092e-06
brt,9.144369645348092e-06
persico,9.144369645348092e-06
durham,9.144369645348092e-06
multimod,9.144369645348092e-06
vard,9.144369645348092e-06
fourvari,9.144369645348092e-06
figlewski,9.144369645348092e-06
tenuous,9.144369645348092e-06
hjx,9.144369645348092e-06
ttp,9.144369645348092e-06
abe,9.144369645348092e-06
brumberg,9.144369645348092e-06
fxp,9.144369645348092e-06
lefthandsid,9.144369645348092e-06
xwx,9.144369645348092e-06
siy,9.144369645348092e-06
utilitv,9.144369645348092e-06
qct,9.144369645348092e-06
xwi,9.144369645348092e-06
iyx,9.144369645348092e-06
ogen,9.144369645348092e-06
pyatt,9.144369645348092e-06
goodj,9.144369645348092e-06
boj,9.144369645348092e-06
evw,9.144369645348092e-06
host,9.144369645348092e-06
stale,9.144369645348092e-06
stu,9.144369645348092e-06
internet,9.144369645348092e-06
iae,9.144369645348092e-06
welch,9.144369645348092e-06
aili,9.144369645348092e-06
subindic,9.144369645348092e-06
janeiro,9.144369645348092e-06
tac,9.144369645348092e-06
bean,9.144369645348092e-06
gxp,9.144369645348092e-06
jection,9.144369645348092e-06
aof,9.144369645348092e-06
sojourn,9.144369645348092e-06
effec,9.144369645348092e-06
gill,9.144369645348092e-06
tle,9.144369645348092e-06
rrt,9.144369645348092e-06
jaa,9.144369645348092e-06
wont,9.144369645348092e-06
evo,9.144369645348092e-06
xsj,9.144369645348092e-06
upf,9.144369645348092e-06
soybean,9.144369645348092e-06
empl,9.144369645348092e-06
trendstationari,9.144369645348092e-06
hin,9.144369645348092e-06
thatj,9.144369645348092e-06
ixn,9.144369645348092e-06
sociolog,9.144369645348092e-06
tnj,9.144369645348092e-06
detrend,9.144369645348092e-06
mnk,9.144369645348092e-06
selfinterest,9.144369645348092e-06
tcx,9.144369645348092e-06
equiproportion,9.144369645348092e-06
unproduct,9.144369645348092e-06
covf,9.144369645348092e-06
snt,9.144369645348092e-06
vvt,9.144369645348092e-06
lvt,9.144369645348092e-06
isj,9.144369645348092e-06
upshot,9.144369645348092e-06
rjx,9.144369645348092e-06
erc,9.144369645348092e-06
provinc,9.144369645348092e-06
viceversa,9.144369645348092e-06
axr,9.144369645348092e-06
afm,9.144369645348092e-06
yxt,9.144369645348092e-06
privileg,9.144369645348092e-06
euclidian,9.144369645348092e-06
hec,9.144369645348092e-06
llh,9.144369645348092e-06
ygi,9.144369645348092e-06
chava,9.144369645348092e-06
uff,9.144369645348092e-06
rail,9.144369645348092e-06
gotten,9.144369645348092e-06
uppermost,9.144369645348092e-06
bpb,9.144369645348092e-06
cogent,9.144369645348092e-06
mmt,9.144369645348092e-06
acta,9.144369645348092e-06
blend,9.144369645348092e-06
overidentifi,9.144369645348092e-06
qjs,9.144369645348092e-06
qfp,9.144369645348092e-06
participa,9.144369645348092e-06
pew,9.144369645348092e-06
bel,9.144369645348092e-06
pnc,9.144369645348092e-06
superposit,9.144369645348092e-06
jzt,9.144369645348092e-06
hct,9.144369645348092e-06
tpj,9.144369645348092e-06
wiz,9.144369645348092e-06
ajay,9.144369645348092e-06
troit,9.144369645348092e-06
ulph,9.144369645348092e-06
lei,9.144369645348092e-06
rwo,9.144369645348092e-06
std,9.144369645348092e-06
nis,9.144369645348092e-06
ftj,9.144369645348092e-06
uphil,9.144369645348092e-06
vcc,9.144369645348092e-06
russ,9.144369645348092e-06
vjc,9.144369645348092e-06
miqu,9.144369645348092e-06
tractor,9.144369645348092e-06
umi,9.144369645348092e-06
hch,9.144369645348092e-06
cushion,9.144369645348092e-06
maynard,9.144369645348092e-06
reichlin,9.144369645348092e-06
insul,9.144369645348092e-06
cular,9.144369645348092e-06
qrq,9.144369645348092e-06
rtk,9.144369645348092e-06
szs,9.144369645348092e-06
irreflex,9.144369645348092e-06
entireti,9.144369645348092e-06
businessmen,9.144369645348092e-06
modul,9.144369645348092e-06
awk,9.144369645348092e-06
sulla,9.144369645348092e-06
psh,9.144369645348092e-06
luxemburg,9.144369645348092e-06
oak,9.144369645348092e-06
enk,9.144369645348092e-06
tka,9.144369645348092e-06
clifford,9.144369645348092e-06
veto,9.144369645348092e-06
mehta,9.144369645348092e-06
registr,9.144369645348092e-06
alto,9.144369645348092e-06
ninth,9.144369645348092e-06
evidenc,9.144369645348092e-06
fsp,9.144369645348092e-06
ural,9.144369645348092e-06
vdt,9.144369645348092e-06
sincef,9.144369645348092e-06
devoid,9.144369645348092e-06
zaa,9.144369645348092e-06
irz,9.144369645348092e-06
xxxvi,9.144369645348092e-06
prl,9.144369645348092e-06
bhi,9.144369645348092e-06
hil,9.144369645348092e-06
lql,9.144369645348092e-06
oim,9.144369645348092e-06
uae,9.144369645348092e-06
colorado,9.144369645348092e-06
dyj,9.144369645348092e-06
banc,9.144369645348092e-06
advan,9.144369645348092e-06
amplif,9.144369645348092e-06
fountain,9.144369645348092e-06
tao,9.144369645348092e-06
mcconnel,9.144369645348092e-06
survivorship,9.144369645348092e-06
viti,9.144369645348092e-06
thurston,9.144369645348092e-06
jun,9.144369645348092e-06
jst,9.144369645348092e-06
mxt,9.144369645348092e-06
eah,9.144369645348092e-06
jax,9.144369645348092e-06
ina,9.144369645348092e-06
kle,9.144369645348092e-06
takahashi,9.144369645348092e-06
ruptci,9.144369645348092e-06
ktr,9.144369645348092e-06
inal,9.144369645348092e-06
dfz,9.144369645348092e-06
wlx,9.144369645348092e-06
nln,9.144369645348092e-06
pnq,9.144369645348092e-06
sxt,9.144369645348092e-06
xxiv,9.144369645348092e-06
macrodynam,9.144369645348092e-06
polist,9.144369645348092e-06
kate,9.144369645348092e-06
illegitim,9.144369645348092e-06
eec,9.144369645348092e-06
arbitr,9.144369645348092e-06
npx,9.144369645348092e-06
wilkinson,9.144369645348092e-06
oao,9.144369645348092e-06
vca,9.144369645348092e-06
dci,9.144369645348092e-06
roa,9.144369645348092e-06
houston,9.144369645348092e-06
xab,9.144369645348092e-06
xpk,9.144369645348092e-06
steer,9.144369645348092e-06
aou,9.144369645348092e-06
pzx,9.144369645348092e-06
distinc,9.144369645348092e-06
hitotsubashi,9.144369645348092e-06
hopeless,9.144369645348092e-06
hide,9.144369645348092e-06
ling,9.144369645348092e-06
slp,9.144369645348092e-06
bkk,9.144369645348092e-06
nonconting,9.144369645348092e-06
exc,9.144369645348092e-06
zamir,9.144369645348092e-06
oli,9.144369645348092e-06
gai,9.144369645348092e-06
nts,9.144369645348092e-06
refriger,9.144369645348092e-06
vzt,9.144369645348092e-06
spous,9.144369645348092e-06
praeger,9.144369645348092e-06
fisherian,9.144369645348092e-06
detriment,9.144369645348092e-06
rtdt,9.144369645348092e-06
gender,9.144369645348092e-06
mismeasur,9.144369645348092e-06
kzt,9.144369645348092e-06
curri,9.144369645348092e-06
npo,9.144369645348092e-06
gene,9.144369645348092e-06
fide,9.144369645348092e-06
dte,9.144369645348092e-06
xbb,9.144369645348092e-06
lxxx,9.144369645348092e-06
xka,9.144369645348092e-06
alla,9.144369645348092e-06
disrupt,9.144369645348092e-06
hav,9.144369645348092e-06
meantim,9.144369645348092e-06
iba,9.144369645348092e-06
subindex,9.144369645348092e-06
posal,9.144369645348092e-06
morrison,9.144369645348092e-06
tjj,9.144369645348092e-06
fak,9.144369645348092e-06
interrelated,9.144369645348092e-06
izl,9.144369645348092e-06
ytpt,9.144369645348092e-06
ayh,9.144369645348092e-06
inten,9.144369645348092e-06
kip,9.144369645348092e-06
rmr,9.144369645348092e-06
nonsystemat,9.144369645348092e-06
cyi,9.144369645348092e-06
ejl,9.144369645348092e-06
tha,9.144369645348092e-06
christ,9.144369645348092e-06
reliev,9.144369645348092e-06
plung,9.144369645348092e-06
desper,9.144369645348092e-06
night,9.144369645348092e-06
bestrepli,9.144369645348092e-06
ahj,9.144369645348092e-06
gxj,9.144369645348092e-06
talli,9.144369645348092e-06
oret,9.144369645348092e-06
isn,9.144369645348092e-06
rll,9.144369645348092e-06
qiv,9.144369645348092e-06
arat,9.144369645348092e-06
lawson,9.144369645348092e-06
qco,9.144369645348092e-06
satisfac,9.144369645348092e-06
repro,9.144369645348092e-06
oneil,9.144369645348092e-06
ducibl,9.144369645348092e-06
onepoint,9.144369645348092e-06
highrisk,9.144369645348092e-06
crossequ,9.144369645348092e-06
llc,9.144369645348092e-06
vigor,9.144369645348092e-06
minant,9.144369645348092e-06
portat,9.144369645348092e-06
adx,9.144369645348092e-06
terminist,9.144369645348092e-06
repair,9.144369645348092e-06
enh,9.144369645348092e-06
glo,9.144369645348092e-06
kumar,9.144369645348092e-06
vel,9.144369645348092e-06
premultipl,9.144369645348092e-06
workforc,9.144369645348092e-06
onceforal,9.144369645348092e-06
hfi,9.144369645348092e-06
mma,9.144369645348092e-06
axel,9.144369645348092e-06
trp,9.144369645348092e-06
flh,9.144369645348092e-06
psychologist,9.144369645348092e-06
thirtyyear,9.144369645348092e-06
tne,9.144369645348092e-06
eaj,9.144369645348092e-06
finess,9.144369645348092e-06
xliv,9.144369645348092e-06
xmax,9.144369645348092e-06
noncon,9.144369645348092e-06
stackelberg,9.144369645348092e-06
tlk,9.144369645348092e-06
nrp,9.144369645348092e-06
luc,9.144369645348092e-06
bnn,9.144369645348092e-06
mort,9.144369645348092e-06
stoke,9.144369645348092e-06
recruit,9.144369645348092e-06
ofj,9.144369645348092e-06
unjustifi,9.144369645348092e-06
hamper,9.144369645348092e-06
xno,9.144369645348092e-06
bradley,9.144369645348092e-06
lnt,9.144369645348092e-06
pxpx,9.144369645348092e-06
yth,9.144369645348092e-06
pwp,9.144369645348092e-06
pxs,9.144369645348092e-06
graft,9.144369645348092e-06
mdt,9.144369645348092e-06
omic,9.144369645348092e-06
ptst,9.144369645348092e-06
cessor,9.144369645348092e-06
uiu,9.144369645348092e-06
aav,9.144369645348092e-06
amaz,9.144369645348092e-06
annul,9.144369645348092e-06
wco,9.144369645348092e-06
tack,9.144369645348092e-06
vigo,9.144369645348092e-06
ico,9.144369645348092e-06
armen,9.144369645348092e-06
appen,9.144369645348092e-06
downturn,9.144369645348092e-06
ldimension,9.144369645348092e-06
genous,9.144369645348092e-06
eqp,9.144369645348092e-06
ise,9.144369645348092e-06
prewhiten,9.144369645348092e-06
clog,9.144369645348092e-06
enlighten,9.144369645348092e-06
sah,9.144369645348092e-06
rosett,9.144369645348092e-06
tier,9.144369645348092e-06
xfor,9.144369645348092e-06
ilo,9.144369645348092e-06
syo,9.144369645348092e-06
bub,9.144369645348092e-06
goldsmith,9.144369645348092e-06
wkl,9.144369645348092e-06
activist,9.144369645348092e-06
sential,9.144369645348092e-06
ppa,9.144369645348092e-06
acreag,9.144369645348092e-06
frankel,9.144369645348092e-06
vsk,9.144369645348092e-06
infiniteliv,9.144369645348092e-06
barrow,9.144369645348092e-06
rxl,9.144369645348092e-06
guidelin,9.144369645348092e-06
cay,9.144369645348092e-06
underinvest,9.144369645348092e-06
ocj,9.144369645348092e-06
deborah,9.144369645348092e-06
gjj,9.144369645348092e-06
hendrick,9.144369645348092e-06
cea,9.144369645348092e-06
aman,9.144369645348092e-06
threeyear,9.144369645348092e-06
evc,9.144369645348092e-06
tfk,9.144369645348092e-06
mlp,9.144369645348092e-06
sone,9.144369645348092e-06
statistik,9.144369645348092e-06
iih,9.144369645348092e-06
tration,9.144369645348092e-06
fiai,9.144369645348092e-06
esx,9.144369645348092e-06
facto,9.144369645348092e-06
tale,9.144369645348092e-06
ism,9.144369645348092e-06
joj,9.144369645348092e-06
centag,9.144369645348092e-06
zli,9.144369645348092e-06
presidenti,9.144369645348092e-06
flour,9.144369645348092e-06
magazin,9.144369645348092e-06
everyday,9.144369645348092e-06
lik,9.144369645348092e-06
fjl,9.144369645348092e-06
samuelsonian,9.144369645348092e-06
mrt,9.144369645348092e-06
proctor,9.144369645348092e-06
customarili,9.144369645348092e-06
crx,9.144369645348092e-06
rotemberg,9.144369645348092e-06
bkt,9.144369645348092e-06
historydepend,9.144369645348092e-06
schemat,9.144369645348092e-06
http,9.144369645348092e-06
rateofreturn,9.144369645348092e-06
roc,9.144369645348092e-06
inequali,9.144369645348092e-06
salop,9.144369645348092e-06
blair,9.144369645348092e-06
pck,9.144369645348092e-06
barzel,9.144369645348092e-06
qzt,9.144369645348092e-06
kmi,9.144369645348092e-06
aon,9.144369645348092e-06
gjs,9.144369645348092e-06
anoni,9.144369645348092e-06
sert,9.144369645348092e-06
experimen,9.144369645348092e-06
tbi,9.144369645348092e-06
acm,9.144369645348092e-06
faf,9.144369645348092e-06
palat,9.144369645348092e-06
shinichi,9.144369645348092e-06
tersect,9.144369645348092e-06
weyl,9.144369645348092e-06
atsushi,9.144369645348092e-06
besley,9.144369645348092e-06
jones,9.144369645348092e-06
underbid,9.144369645348092e-06
myriad,9.144369645348092e-06
reviewv,9.144369645348092e-06
plu,9.144369645348092e-06
zer,9.144369645348092e-06
upperbound,9.144369645348092e-06
gia,9.144369645348092e-06
mor,9.144369645348092e-06
yitzhaki,9.144369645348092e-06
dig,9.144369645348092e-06
acad,9.144369645348092e-06
pmin,9.144369645348092e-06
xiu,9.144369645348092e-06
cda,9.144369645348092e-06
worldwid,9.144369645348092e-06
gig,9.144369645348092e-06
xyj,9.144369645348092e-06
queu,9.144369645348092e-06
unwant,9.144369645348092e-06
undistort,9.144369645348092e-06
vof,9.144369645348092e-06
wager,9.144369645348092e-06
trail,9.144369645348092e-06
anti,9.144369645348092e-06
rxj,9.144369645348092e-06
kxl,9.144369645348092e-06
nonpric,9.144369645348092e-06
pcq,9.144369645348092e-06
zta,9.144369645348092e-06
wfp,9.144369645348092e-06
yuy,9.144369645348092e-06
rcx,9.144369645348092e-06
gta,9.144369645348092e-06
vtm,9.144369645348092e-06
bol,9.144369645348092e-06
amihud,9.144369645348092e-06
fsc,9.144369645348092e-06
xxxiv,9.144369645348092e-06
ohara,9.144369645348092e-06
irish,9.144369645348092e-06
renegoti,9.144369645348092e-06
recycl,9.144369645348092e-06
vise,9.144369645348092e-06
endof,9.144369645348092e-06
nni,9.144369645348092e-06
sylvest,9.144369645348092e-06
yab,9.144369645348092e-06
magnus,9.144369645348092e-06
torr,9.144369645348092e-06
gpo,9.144369645348092e-06
nize,9.144369645348092e-06
trq,9.144369645348092e-06
rpk,9.144369645348092e-06
dog,9.144369645348092e-06
aoc,9.144369645348092e-06
scientiarum,9.144369645348092e-06
cro,9.144369645348092e-06
awp,9.144369645348092e-06
conced,9.144369645348092e-06
inattent,9.144369645348092e-06
rnr,9.144369645348092e-06
river,9.144369645348092e-06
marseill,9.144369645348092e-06
tort,9.144369645348092e-06
ckk,9.144369645348092e-06
piero,9.144369645348092e-06
lhopit,9.144369645348092e-06
macrovari,9.144369645348092e-06
fpn,9.144369645348092e-06
gument,9.144369645348092e-06
pje,9.144369645348092e-06
girshick,9.144369645348092e-06
gpa,9.144369645348092e-06
eschew,9.144369645348092e-06
pmo,9.144369645348092e-06
enquiri,9.144369645348092e-06
ifc,9.144369645348092e-06
giannini,9.144369645348092e-06
doo,9.144369645348092e-06
wri,9.144369645348092e-06
ujt,9.144369645348092e-06
ybt,9.144369645348092e-06
ridg,9.144369645348092e-06
drill,9.144369645348092e-06
drs,9.144369645348092e-06
intergroup,9.144369645348092e-06
industrywid,9.144369645348092e-06
tegral,9.144369645348092e-06
stst,9.144369645348092e-06
yso,9.144369645348092e-06
yijt,9.144369645348092e-06
reson,9.144369645348092e-06
nsc,9.144369645348092e-06
gibbon,9.144369645348092e-06
salesman,9.144369645348092e-06
aguirregabiria,9.144369645348092e-06
aro,9.144369645348092e-06
btx,9.144369645348092e-06
nochang,9.144369645348092e-06
sawyer,9.144369645348092e-06
canner,9.144369645348092e-06
atm,9.144369645348092e-06
nomenon,9.144369645348092e-06
commo,9.144369645348092e-06
outlook,9.144369645348092e-06
eveiy,9.144369645348092e-06
dha,9.144369645348092e-06
disembodi,9.144369645348092e-06
shot,9.144369645348092e-06
pride,9.144369645348092e-06
orx,9.144369645348092e-06
nyarko,9.144369645348092e-06
absurdum,9.144369645348092e-06
disper,9.144369645348092e-06
mendelson,9.144369645348092e-06
ablest,9.144369645348092e-06
dinner,9.144369645348092e-06
zxx,9.144369645348092e-06
jin,9.144369645348092e-06
vut,9.144369645348092e-06
ziemba,9.144369645348092e-06
ysr,9.144369645348092e-06
tarski,9.144369645348092e-06
clr,9.144369645348092e-06
wav,9.144369645348092e-06
pqo,9.144369645348092e-06
skl,9.144369645348092e-06
atpt,9.144369645348092e-06
charlottesvill,9.144369645348092e-06
tertempor,9.144369645348092e-06
parenthesi,9.144369645348092e-06
ynn,9.144369645348092e-06
impa,9.144369645348092e-06
discon,9.144369645348092e-06
nla,9.144369645348092e-06
kay,9.144369645348092e-06
demang,9.144369645348092e-06
egt,9.144369645348092e-06
foy,9.144369645348092e-06
sidestep,9.144369645348092e-06
qeq,9.144369645348092e-06
eyl,9.144369645348092e-06
kurihara,9.144369645348092e-06
glean,8.313063313952812e-06
avn,8.313063313952812e-06
maxr,8.313063313952812e-06
dorothi,8.313063313952812e-06
hung,8.313063313952812e-06
qln,8.313063313952812e-06
plo,8.313063313952812e-06
habitat,8.313063313952812e-06
manser,8.313063313952812e-06
sop,8.313063313952812e-06
yfp,8.313063313952812e-06
riemann,8.313063313952812e-06
dqa,8.313063313952812e-06
logf,8.313063313952812e-06
secular,8.313063313952812e-06
qpa,8.313063313952812e-06
pru,8.313063313952812e-06
bci,8.313063313952812e-06
lxm,8.313063313952812e-06
neisser,8.313063313952812e-06
noa,8.313063313952812e-06
shorthorizon,8.313063313952812e-06
laval,8.313063313952812e-06
wheref,8.313063313952812e-06
bibliograph,8.313063313952812e-06
ascent,8.313063313952812e-06
tegrat,8.313063313952812e-06
nousli,8.313063313952812e-06
portrait,8.313063313952812e-06
rbi,8.313063313952812e-06
paternalist,8.313063313952812e-06
evp,8.313063313952812e-06
disclaim,8.313063313952812e-06
fez,8.313063313952812e-06
radiat,8.313063313952812e-06
upperhemicontinu,8.313063313952812e-06
nfirm,8.313063313952812e-06
giornal,8.313063313952812e-06
occ,8.313063313952812e-06
dmi,8.313063313952812e-06
harald,8.313063313952812e-06
genesi,8.313063313952812e-06
paz,8.313063313952812e-06
dtn,8.313063313952812e-06
utct,8.313063313952812e-06
sankar,8.313063313952812e-06
brs,8.313063313952812e-06
duel,8.313063313952812e-06
budg,8.313063313952812e-06
gyy,8.313063313952812e-06
interac,8.313063313952812e-06
aesthet,8.313063313952812e-06
godfrey,8.313063313952812e-06
gti,8.313063313952812e-06
aej,8.313063313952812e-06
assoc,8.313063313952812e-06
tbe,8.313063313952812e-06
rxs,8.313063313952812e-06
ahh,8.313063313952812e-06
tnl,8.313063313952812e-06
ttk,8.313063313952812e-06
dqdt,8.313063313952812e-06
cornwal,8.313063313952812e-06
piecewiselinear,8.313063313952812e-06
rdr,8.313063313952812e-06
riq,8.313063313952812e-06
afternoon,8.313063313952812e-06
feg,8.313063313952812e-06
asia,8.313063313952812e-06
driver,8.313063313952812e-06
cep,8.313063313952812e-06
unfortu,8.313063313952812e-06
immigr,8.313063313952812e-06
divorc,8.313063313952812e-06
aph,8.313063313952812e-06
dls,8.313063313952812e-06
eke,8.313063313952812e-06
coh,8.313063313952812e-06
inconsi,8.313063313952812e-06
qfl,8.313063313952812e-06
uim,8.313063313952812e-06
absorpt,8.313063313952812e-06
ebt,8.313063313952812e-06
gji,8.313063313952812e-06
xps,8.313063313952812e-06
wxo,8.313063313952812e-06
fbx,8.313063313952812e-06
crl,8.313063313952812e-06
prematur,8.313063313952812e-06
ytdt,8.313063313952812e-06
fork,8.313063313952812e-06
timeprefer,8.313063313952812e-06
bpa,8.313063313952812e-06
priceinduc,8.313063313952812e-06
qual,8.313063313952812e-06
bca,8.313063313952812e-06
hectar,8.313063313952812e-06
kwk,8.313063313952812e-06
shefrin,8.313063313952812e-06
nso,8.313063313952812e-06
flxi,8.313063313952812e-06
hindsight,8.313063313952812e-06
yrn,8.313063313952812e-06
eiq,8.313063313952812e-06
maint,8.313063313952812e-06
kci,8.313063313952812e-06
itn,8.313063313952812e-06
lori,8.313063313952812e-06
flg,8.313063313952812e-06
conceal,8.313063313952812e-06
lesli,8.313063313952812e-06
charter,8.313063313952812e-06
dtx,8.313063313952812e-06
vev,8.313063313952812e-06
vdv,8.313063313952812e-06
yje,8.313063313952812e-06
hxx,8.313063313952812e-06
fiom,8.313063313952812e-06
pxu,8.313063313952812e-06
loca,8.313063313952812e-06
statut,8.313063313952812e-06
italian,8.313063313952812e-06
bsi,8.313063313952812e-06
dio,8.313063313952812e-06
xcr,8.313063313952812e-06
vkl,8.313063313952812e-06
cob,8.313063313952812e-06
rajiv,8.313063313952812e-06
mandel,8.313063313952812e-06
epe,8.313063313952812e-06
xrn,8.313063313952812e-06
cod,8.313063313952812e-06
cjt,8.313063313952812e-06
httpdxdoiorgaer,8.313063313952812e-06
wilbur,8.313063313952812e-06
sut,8.313063313952812e-06
ven,8.313063313952812e-06
brilliant,8.313063313952812e-06
ive,8.313063313952812e-06
crockett,8.313063313952812e-06
gjt,8.313063313952812e-06
tkj,8.313063313952812e-06
mvt,8.313063313952812e-06
renc,8.313063313952812e-06
limv,8.313063313952812e-06
ard,8.313063313952812e-06
morck,8.313063313952812e-06
coinsur,8.313063313952812e-06
adap,8.313063313952812e-06
amster,8.313063313952812e-06
contrarian,8.313063313952812e-06
panic,8.313063313952812e-06
dorn,8.313063313952812e-06
ingenu,8.313063313952812e-06
ojx,8.313063313952812e-06
cjk,8.313063313952812e-06
deregul,8.313063313952812e-06
lbt,8.313063313952812e-06
numeri,8.313063313952812e-06
halpern,8.313063313952812e-06
yel,8.313063313952812e-06
una,8.313063313952812e-06
axu,8.313063313952812e-06
silverman,8.313063313952812e-06
pvp,8.313063313952812e-06
goodnessoffit,8.313063313952812e-06
vmp,8.313063313952812e-06
vtw,8.313063313952812e-06
mandatori,8.313063313952812e-06
littauer,8.313063313952812e-06
ican,8.313063313952812e-06
emat,8.313063313952812e-06
numrair,8.313063313952812e-06
xvt,8.313063313952812e-06
yntema,8.313063313952812e-06
accident,8.313063313952812e-06
subcov,8.313063313952812e-06
portug,8.313063313952812e-06
xxxvii,8.313063313952812e-06
otherregard,8.313063313952812e-06
krueger,8.313063313952812e-06
tua,8.313063313952812e-06
kelsey,8.313063313952812e-06
trepreneur,8.313063313952812e-06
fsa,8.313063313952812e-06
erag,8.313063313952812e-06
xlu,8.313063313952812e-06
dividendpric,8.313063313952812e-06
iss,8.313063313952812e-06
xtr,8.313063313952812e-06
shiftabl,8.313063313952812e-06
infant,8.313063313952812e-06
isp,8.313063313952812e-06
acknowl,8.313063313952812e-06
undat,8.313063313952812e-06
ayp,8.313063313952812e-06
lindley,8.313063313952812e-06
dedic,8.313063313952812e-06
bun,8.313063313952812e-06
sonabl,8.313063313952812e-06
dpr,8.313063313952812e-06
benoit,8.313063313952812e-06
clive,8.313063313952812e-06
usda,8.313063313952812e-06
lviii,8.313063313952812e-06
bjl,8.313063313952812e-06
oconnor,8.313063313952812e-06
rtat,8.313063313952812e-06
raveendra,8.313063313952812e-06
handler,8.313063313952812e-06
activi,8.313063313952812e-06
pagan,8.313063313952812e-06
auspic,8.313063313952812e-06
wai,8.313063313952812e-06
vare,8.313063313952812e-06
mueller,8.313063313952812e-06
yjl,8.313063313952812e-06
laibson,8.313063313952812e-06
kazuo,8.313063313952812e-06
jal,8.313063313952812e-06
xxxii,8.313063313952812e-06
intraperiod,8.313063313952812e-06
rlm,8.313063313952812e-06
vor,8.313063313952812e-06
sal,8.313063313952812e-06
maxw,8.313063313952812e-06
dtk,8.313063313952812e-06
klk,8.313063313952812e-06
peasant,8.313063313952812e-06
virgin,8.313063313952812e-06
bachelor,8.313063313952812e-06
dpw,8.313063313952812e-06
viola,8.313063313952812e-06
ocu,8.313063313952812e-06
deterr,8.313063313952812e-06
pkc,8.313063313952812e-06
newtonraphson,8.313063313952812e-06
kkl,8.313063313952812e-06
flight,8.313063313952812e-06
kft,8.313063313952812e-06
jpp,8.313063313952812e-06
fxu,8.313063313952812e-06
xxxiii,8.313063313952812e-06
ixa,8.313063313952812e-06
rex,8.313063313952812e-06
opr,8.313063313952812e-06
unnorm,8.313063313952812e-06
oppo,8.313063313952812e-06
dldt,8.313063313952812e-06
vib,8.313063313952812e-06
valueless,8.313063313952812e-06
cds,8.313063313952812e-06
equ,8.313063313952812e-06
lucid,8.313063313952812e-06
shlomo,8.313063313952812e-06
dol,8.313063313952812e-06
rpa,8.313063313952812e-06
startup,8.313063313952812e-06
nonsens,8.313063313952812e-06
decem,8.313063313952812e-06
agnost,8.313063313952812e-06
slx,8.313063313952812e-06
rts,8.313063313952812e-06
ofa,8.313063313952812e-06
nfl,8.313063313952812e-06
tuition,8.313063313952812e-06
qoa,8.313063313952812e-06
pjm,8.313063313952812e-06
timehorizon,8.313063313952812e-06
xand,8.313063313952812e-06
qak,8.313063313952812e-06
intraday,8.313063313952812e-06
detud,8.313063313952812e-06
fnd,8.313063313952812e-06
tpf,8.313063313952812e-06
qlp,8.313063313952812e-06
addict,8.313063313952812e-06
lzi,8.313063313952812e-06
econornetrica,8.313063313952812e-06
jft,8.313063313952812e-06
ojk,8.313063313952812e-06
qap,8.313063313952812e-06
ander,8.313063313952812e-06
congest,8.313063313952812e-06
jao,8.313063313952812e-06
jco,8.313063313952812e-06
unapp,8.313063313952812e-06
cieti,8.313063313952812e-06
gregg,8.313063313952812e-06
onestandarddevi,8.313063313952812e-06
bsignific,8.313063313952812e-06
naa,8.313063313952812e-06
rabl,8.313063313952812e-06
xoj,8.313063313952812e-06
perienc,8.313063313952812e-06
lhospit,8.313063313952812e-06
malevol,8.313063313952812e-06
alberto,8.313063313952812e-06
cauchyschwarz,8.313063313952812e-06
srl,8.313063313952812e-06
freedman,8.313063313952812e-06
fazzari,8.313063313952812e-06
portanc,8.313063313952812e-06
fzf,8.313063313952812e-06
hunter,8.313063313952812e-06
gic,8.313063313952812e-06
idiot,8.313063313952812e-06
extensiveform,8.313063313952812e-06
ujj,8.313063313952812e-06
pave,8.313063313952812e-06
caj,8.313063313952812e-06
pcr,8.313063313952812e-06
sific,8.313063313952812e-06
tba,8.313063313952812e-06
uga,8.313063313952812e-06
freder,8.313063313952812e-06
muench,8.313063313952812e-06
aqk,8.313063313952812e-06
aen,8.313063313952812e-06
ocb,8.313063313952812e-06
forsyth,8.313063313952812e-06
aoy,8.313063313952812e-06
lns,8.313063313952812e-06
ena,8.313063313952812e-06
ante,8.313063313952812e-06
agh,8.313063313952812e-06
andl,8.313063313952812e-06
info,8.313063313952812e-06
cka,8.313063313952812e-06
wrj,8.313063313952812e-06
bitrag,8.313063313952812e-06
kdi,8.313063313952812e-06
guar,8.313063313952812e-06
ditiv,8.313063313952812e-06
marco,8.313063313952812e-06
orj,8.313063313952812e-06
ysl,8.313063313952812e-06
uer,8.313063313952812e-06
kyo,8.313063313952812e-06
currentperiod,8.313063313952812e-06
neumannmorgen,8.313063313952812e-06
dfu,8.313063313952812e-06
overweight,8.313063313952812e-06
mahalanobi,8.313063313952812e-06
jyi,8.313063313952812e-06
palma,8.313063313952812e-06
bps,8.313063313952812e-06
tangl,8.313063313952812e-06
reagan,8.313063313952812e-06
jia,8.313063313952812e-06
auo,8.313063313952812e-06
mki,8.313063313952812e-06
kbi,8.313063313952812e-06
bro,8.313063313952812e-06
xpj,8.313063313952812e-06
cmt,8.313063313952812e-06
reemploy,8.313063313952812e-06
ibx,8.313063313952812e-06
welldevelop,8.313063313952812e-06
atur,8.313063313952812e-06
collegio,8.313063313952812e-06
esk,8.313063313952812e-06
umm,8.313063313952812e-06
higherdimension,8.313063313952812e-06
iee,8.313063313952812e-06
warren,8.313063313952812e-06
blog,8.313063313952812e-06
semilog,8.313063313952812e-06
ryr,8.313063313952812e-06
capitalis,8.313063313952812e-06
thefirm,8.313063313952812e-06
ccl,8.313063313952812e-06
frost,8.313063313952812e-06
dupuit,8.313063313952812e-06
imperson,8.313063313952812e-06
brazilian,8.313063313952812e-06
clever,8.313063313952812e-06
ono,8.313063313952812e-06
contributor,8.313063313952812e-06
gle,8.313063313952812e-06
vjj,8.313063313952812e-06
chair,8.313063313952812e-06
hln,8.313063313952812e-06
yja,8.313063313952812e-06
lotter,8.313063313952812e-06
ika,8.313063313952812e-06
itera,8.313063313952812e-06
cmi,8.313063313952812e-06
zeroprob,8.313063313952812e-06
pdt,8.313063313952812e-06
lpj,8.313063313952812e-06
enx,8.313063313952812e-06
singleag,8.313063313952812e-06
paretoimprov,8.313063313952812e-06
vlv,8.313063313952812e-06
doc,8.313063313952812e-06
rlk,8.313063313952812e-06
yeo,8.313063313952812e-06
ece,8.313063313952812e-06
mms,8.313063313952812e-06
aig,8.313063313952812e-06
allt,8.313063313952812e-06
lanzillotti,8.313063313952812e-06
pseudorandom,8.313063313952812e-06
typi,8.313063313952812e-06
plw,8.313063313952812e-06
dth,8.313063313952812e-06
aml,8.313063313952812e-06
xlog,8.313063313952812e-06
kkk,8.313063313952812e-06
ampli,8.313063313952812e-06
tlp,8.313063313952812e-06
phx,8.313063313952812e-06
reced,8.313063313952812e-06
hki,8.313063313952812e-06
minimiza,8.313063313952812e-06
yaa,8.313063313952812e-06
awo,8.313063313952812e-06
hkk,8.313063313952812e-06
salem,8.313063313952812e-06
xyx,8.313063313952812e-06
migrat,8.313063313952812e-06
generaliz,8.313063313952812e-06
coval,8.313063313952812e-06
fourdimension,8.313063313952812e-06
sfs,8.313063313952812e-06
lxxi,8.313063313952812e-06
iixi,8.313063313952812e-06
criti,8.313063313952812e-06
uyl,8.313063313952812e-06
ryx,8.313063313952812e-06
ucb,8.313063313952812e-06
plexiti,8.313063313952812e-06
instituto,8.313063313952812e-06
fixedcoeffici,8.313063313952812e-06
bielefeld,8.313063313952812e-06
ryt,8.313063313952812e-06
liti,8.313063313952812e-06
leeuw,8.313063313952812e-06
zlz,8.313063313952812e-06
undepreci,8.313063313952812e-06
dcx,8.313063313952812e-06
rrx,8.313063313952812e-06
sfor,8.313063313952812e-06
susan,8.313063313952812e-06
ucz,8.313063313952812e-06
mmm,8.313063313952812e-06
boe,8.313063313952812e-06
tjx,8.313063313952812e-06
highpric,8.313063313952812e-06
pgt,8.313063313952812e-06
autark,8.313063313952812e-06
kfor,8.313063313952812e-06
cyl,8.313063313952812e-06
srs,8.313063313952812e-06
crosscountri,8.313063313952812e-06
dle,8.313063313952812e-06
somej,8.313063313952812e-06
pollard,8.313063313952812e-06
cih,8.313063313952812e-06
ujp,8.313063313952812e-06
tratio,8.313063313952812e-06
ucp,8.313063313952812e-06
fabric,8.313063313952812e-06
seventh,8.313063313952812e-06
aad,8.313063313952812e-06
efficientmarket,8.313063313952812e-06
ftz,8.313063313952812e-06
wlk,8.313063313952812e-06
phil,8.313063313952812e-06
alf,8.313063313952812e-06
microeco,8.313063313952812e-06
dxa,8.313063313952812e-06
dud,8.313063313952812e-06
tionat,8.313063313952812e-06
cali,8.313063313952812e-06
skandinavisk,8.313063313952812e-06
tjn,8.313063313952812e-06
pxe,8.313063313952812e-06
ajb,8.313063313952812e-06
risktoler,8.313063313952812e-06
basispoint,8.313063313952812e-06
overthecount,8.313063313952812e-06
wahrscheinlichkeitstheori,8.313063313952812e-06
xqt,8.313063313952812e-06
xna,8.313063313952812e-06
unexplor,8.313063313952812e-06
jorgensen,8.313063313952812e-06
flc,8.313063313952812e-06
prk,8.313063313952812e-06
swiss,8.313063313952812e-06
jtj,8.313063313952812e-06
simplifica,8.313063313952812e-06
mend,8.313063313952812e-06
cooley,8.313063313952812e-06
yann,8.313063313952812e-06
uhl,8.313063313952812e-06
fns,8.313063313952812e-06
giv,8.313063313952812e-06
crossderiv,8.313063313952812e-06
queri,8.313063313952812e-06
ofk,8.313063313952812e-06
xijt,8.313063313952812e-06
fora,8.313063313952812e-06
eariti,8.313063313952812e-06
dgr,8.313063313952812e-06
intersec,8.313063313952812e-06
dali,8.313063313952812e-06
ycx,8.313063313952812e-06
inr,8.313063313952812e-06
robertson,8.313063313952812e-06
distur,8.313063313952812e-06
dyx,8.313063313952812e-06
fjt,8.313063313952812e-06
bruxell,8.313063313952812e-06
xle,8.313063313952812e-06
subordin,8.313063313952812e-06
exclu,8.313063313952812e-06
privaci,8.313063313952812e-06
maa,8.313063313952812e-06
undo,8.313063313952812e-06
specializa,8.313063313952812e-06
yqt,8.313063313952812e-06
lxo,8.313063313952812e-06
wpo,8.313063313952812e-06
opment,8.313063313952812e-06
fql,8.313063313952812e-06
mispercept,8.313063313952812e-06
voa,8.313063313952812e-06
uex,8.313063313952812e-06
fjn,8.313063313952812e-06
vaj,8.313063313952812e-06
csl,8.313063313952812e-06
lnl,8.313063313952812e-06
oro,8.313063313952812e-06
ypo,8.313063313952812e-06
mrp,8.313063313952812e-06
conjoint,8.313063313952812e-06
ajc,8.313063313952812e-06
xpr,8.313063313952812e-06
xan,8.313063313952812e-06
tus,8.313063313952812e-06
xnp,8.313063313952812e-06
compr,8.313063313952812e-06
dieter,8.313063313952812e-06
slip,8.313063313952812e-06
qnp,8.313063313952812e-06
schwodiauer,8.313063313952812e-06
rjp,8.313063313952812e-06
crr,8.313063313952812e-06
osit,8.313063313952812e-06
bud,8.313063313952812e-06
znt,8.313063313952812e-06
cok,8.313063313952812e-06
perturba,8.313063313952812e-06
vln,8.313063313952812e-06
terrel,8.313063313952812e-06
equilbrium,8.313063313952812e-06
franci,8.313063313952812e-06
xej,8.313063313952812e-06
nonrat,8.313063313952812e-06
wid,8.313063313952812e-06
bqt,8.313063313952812e-06
echelon,8.313063313952812e-06
qic,8.313063313952812e-06
hurdl,8.313063313952812e-06
suppo,8.313063313952812e-06
fam,8.313063313952812e-06
onefactor,8.313063313952812e-06
woodburi,8.313063313952812e-06
agk,8.313063313952812e-06
levitan,8.313063313952812e-06
anda,8.313063313952812e-06
respecif,8.313063313952812e-06
ziz,8.313063313952812e-06
nondiversifi,8.313063313952812e-06
tpn,8.313063313952812e-06
marketmak,8.313063313952812e-06
cpl,8.313063313952812e-06
vtk,8.313063313952812e-06
vrx,8.313063313952812e-06
hli,8.313063313952812e-06
nonmeasur,8.313063313952812e-06
fool,8.313063313952812e-06
onx,8.313063313952812e-06
oral,8.313063313952812e-06
thati,8.313063313952812e-06
guis,8.313063313952812e-06
nonmoney,8.313063313952812e-06
nkt,8.313063313952812e-06
sumabl,8.313063313952812e-06
sjj,8.313063313952812e-06
yer,8.313063313952812e-06
fht,8.313063313952812e-06
rbb,8.313063313952812e-06
recreat,8.313063313952812e-06
apq,8.313063313952812e-06
entryexit,8.313063313952812e-06
kel,8.313063313952812e-06
preponder,8.313063313952812e-06
aso,8.313063313952812e-06
wealthier,8.313063313952812e-06
eim,8.313063313952812e-06
djp,8.313063313952812e-06
atz,8.313063313952812e-06
osi,8.313063313952812e-06
xdt,8.313063313952812e-06
overconfid,8.313063313952812e-06
nkl,8.313063313952812e-06
innoc,8.313063313952812e-06
sih,8.313063313952812e-06
atdt,8.313063313952812e-06
varz,8.313063313952812e-06
statea,8.313063313952812e-06
vas,8.313063313952812e-06
unmatch,8.313063313952812e-06
kfl,8.313063313952812e-06
kanbur,8.313063313952812e-06
oswald,8.313063313952812e-06
pxpi,8.313063313952812e-06
zitzewitz,8.313063313952812e-06
semant,8.313063313952812e-06
iab,8.313063313952812e-06
tno,8.313063313952812e-06
uvt,8.313063313952812e-06
fade,8.313063313952812e-06
limtoo,8.313063313952812e-06
mist,8.313063313952812e-06
uie,8.313063313952812e-06
txl,8.313063313952812e-06
ier,8.313063313952812e-06
adq,8.313063313952812e-06
vpa,8.313063313952812e-06
vlj,8.313063313952812e-06
jrj,8.313063313952812e-06
laurit,8.313063313952812e-06
rejoind,8.313063313952812e-06
servabl,8.313063313952812e-06
cjs,8.313063313952812e-06
wvith,8.313063313952812e-06
jureen,8.313063313952812e-06
elimina,8.313063313952812e-06
oaa,8.313063313952812e-06
rpr,8.313063313952812e-06
hio,8.313063313952812e-06
jkj,7.481756982557531e-06
bation,7.481756982557531e-06
selfemploy,7.481756982557531e-06
crm,7.481756982557531e-06
atlt,7.481756982557531e-06
riskdomin,7.481756982557531e-06
nonpara,7.481756982557531e-06
yfor,7.481756982557531e-06
ilj,7.481756982557531e-06
uan,7.481756982557531e-06
somebodi,7.481756982557531e-06
ofek,7.481756982557531e-06
aktuarietidskrift,7.481756982557531e-06
blc,7.481756982557531e-06
buildup,7.481756982557531e-06
whale,7.481756982557531e-06
eue,7.481756982557531e-06
ytv,7.481756982557531e-06
abo,7.481756982557531e-06
qmax,7.481756982557531e-06
cdp,7.481756982557531e-06
mab,7.481756982557531e-06
tiaacref,7.481756982557531e-06
evad,7.481756982557531e-06
welcom,7.481756982557531e-06
curtail,7.481756982557531e-06
axti,7.481756982557531e-06
plott,7.481756982557531e-06
orm,7.481756982557531e-06
wwo,7.481756982557531e-06
equiproport,7.481756982557531e-06
ajr,7.481756982557531e-06
bes,7.481756982557531e-06
bilist,7.481756982557531e-06
mos,7.481756982557531e-06
planat,7.481756982557531e-06
rtc,7.481756982557531e-06
corpora,7.481756982557531e-06
olist,7.481756982557531e-06
koj,7.481756982557531e-06
crise,7.481756982557531e-06
roberd,7.481756982557531e-06
timum,7.481756982557531e-06
tard,7.481756982557531e-06
recessionari,7.481756982557531e-06
tml,7.481756982557531e-06
tfr,7.481756982557531e-06
floren,7.481756982557531e-06
pili,7.481756982557531e-06
halfway,7.481756982557531e-06
kuk,7.481756982557531e-06
hickman,7.481756982557531e-06
profe,7.481756982557531e-06
handicap,7.481756982557531e-06
raymond,7.481756982557531e-06
traliti,7.481756982557531e-06
fabra,7.481756982557531e-06
elx,7.481756982557531e-06
eyp,7.481756982557531e-06
qcq,7.481756982557531e-06
drawal,7.481756982557531e-06
hendel,7.481756982557531e-06
moskowitz,7.481756982557531e-06
businessman,7.481756982557531e-06
disap,7.481756982557531e-06
bergemann,7.481756982557531e-06
cautionari,7.481756982557531e-06
pertur,7.481756982557531e-06
nonregular,7.481756982557531e-06
colel,7.481756982557531e-06
yjo,7.481756982557531e-06
advent,7.481756982557531e-06
penner,7.481756982557531e-06
destruct,7.481756982557531e-06
ftg,7.481756982557531e-06
superset,7.481756982557531e-06
asignific,7.481756982557531e-06
unregul,7.481756982557531e-06
nonmyop,7.481756982557531e-06
julius,7.481756982557531e-06
pike,7.481756982557531e-06
crain,7.481756982557531e-06
yft,7.481756982557531e-06
bickel,7.481756982557531e-06
brandei,7.481756982557531e-06
eef,7.481756982557531e-06
iaii,7.481756982557531e-06
gtp,7.481756982557531e-06
rize,7.481756982557531e-06
precursor,7.481756982557531e-06
methodist,7.481756982557531e-06
nst,7.481756982557531e-06
pef,7.481756982557531e-06
incit,7.481756982557531e-06
aoh,7.481756982557531e-06
gilovich,7.481756982557531e-06
multitud,7.481756982557531e-06
divisor,7.481756982557531e-06
ffk,7.481756982557531e-06
popo,7.481756982557531e-06
inflexion,7.481756982557531e-06
fice,7.481756982557531e-06
zig,7.481756982557531e-06
silber,7.481756982557531e-06
ethnic,7.481756982557531e-06
efficaci,7.481756982557531e-06
cpk,7.481756982557531e-06
enl,7.481756982557531e-06
furstenberg,7.481756982557531e-06
equalweight,7.481756982557531e-06
narasimhan,7.481756982557531e-06
conduc,7.481756982557531e-06
apd,7.481756982557531e-06
yohe,7.481756982557531e-06
lae,7.481756982557531e-06
fsu,7.481756982557531e-06
karp,7.481756982557531e-06
sonal,7.481756982557531e-06
bif,7.481756982557531e-06
nonloc,7.481756982557531e-06
alq,7.481756982557531e-06
maxz,7.481756982557531e-06
layoff,7.481756982557531e-06
debentur,7.481756982557531e-06
qdq,7.481756982557531e-06
yfa,7.481756982557531e-06
smi,7.481756982557531e-06
dep,7.481756982557531e-06
qqt,7.481756982557531e-06
aul,7.481756982557531e-06
boy,7.481756982557531e-06
lxxxix,7.481756982557531e-06
ppc,7.481756982557531e-06
imp,7.481756982557531e-06
sixteen,7.481756982557531e-06
ham,7.481756982557531e-06
fron,7.481756982557531e-06
dds,7.481756982557531e-06
opp,7.481756982557531e-06
gdi,7.481756982557531e-06
rac,7.481756982557531e-06
dcs,7.481756982557531e-06
pou,7.481756982557531e-06
arj,7.481756982557531e-06
ytm,7.481756982557531e-06
bhagwati,7.481756982557531e-06
ofeconom,7.481756982557531e-06
xoc,7.481756982557531e-06
pietro,7.481756982557531e-06
warsaw,7.481756982557531e-06
cogniz,7.481756982557531e-06
rch,7.481756982557531e-06
acl,7.481756982557531e-06
iiz,7.481756982557531e-06
ewi,7.481756982557531e-06
symmet,7.481756982557531e-06
ehx,7.481756982557531e-06
upp,7.481756982557531e-06
ioc,7.481756982557531e-06
coil,7.481756982557531e-06
economisti,7.481756982557531e-06
vfe,7.481756982557531e-06
vya,7.481756982557531e-06
twotail,7.481756982557531e-06
euj,7.481756982557531e-06
minmax,7.481756982557531e-06
lichtenberg,7.481756982557531e-06
mml,7.481756982557531e-06
mfp,7.481756982557531e-06
surpri,7.481756982557531e-06
jfi,7.481756982557531e-06
noncycl,7.481756982557531e-06
elmendorf,7.481756982557531e-06
bao,7.481756982557531e-06
smt,7.481756982557531e-06
chiefli,7.481756982557531e-06
asymptoti,7.481756982557531e-06
aaron,7.481756982557531e-06
vart,7.481756982557531e-06
pxq,7.481756982557531e-06
ftr,7.481756982557531e-06
neiti,7.481756982557531e-06
dor,7.481756982557531e-06
linse,7.481756982557531e-06
iiu,7.481756982557531e-06
rabbit,7.481756982557531e-06
compa,7.481756982557531e-06
pqr,7.481756982557531e-06
okt,7.481756982557531e-06
ufu,7.481756982557531e-06
preneuri,7.481756982557531e-06
struggl,7.481756982557531e-06
myt,7.481756982557531e-06
expansionari,7.481756982557531e-06
malin,7.481756982557531e-06
hxh,7.481756982557531e-06
devi,7.481756982557531e-06
cxf,7.481756982557531e-06
sauer,7.481756982557531e-06
avinash,7.481756982557531e-06
rodger,7.481756982557531e-06
kfi,7.481756982557531e-06
pansion,7.481756982557531e-06
ostens,7.481756982557531e-06
pothes,7.481756982557531e-06
tou,7.481756982557531e-06
bert,7.481756982557531e-06
grossli,7.481756982557531e-06
tenfold,7.481756982557531e-06
qtpt,7.481756982557531e-06
aiji,7.481756982557531e-06
irra,7.481756982557531e-06
crk,7.481756982557531e-06
crosseffect,7.481756982557531e-06
weymark,7.481756982557531e-06
xmp,7.481756982557531e-06
hogarth,7.481756982557531e-06
lts,7.481756982557531e-06
entli,7.481756982557531e-06
eytan,7.481756982557531e-06
jtl,7.481756982557531e-06
vitiat,7.481756982557531e-06
lbi,7.481756982557531e-06
yak,7.481756982557531e-06
bkl,7.481756982557531e-06
ometrica,7.481756982557531e-06
rna,7.481756982557531e-06
oxn,7.481756982557531e-06
tag,7.481756982557531e-06
mansfield,7.481756982557531e-06
tempta,7.481756982557531e-06
conjunc,7.481756982557531e-06
xee,7.481756982557531e-06
provoc,7.481756982557531e-06
emx,7.481756982557531e-06
duj,7.481756982557531e-06
cwt,7.481756982557531e-06
elemen,7.481756982557531e-06
yhl,7.481756982557531e-06
pof,7.481756982557531e-06
tinsley,7.481756982557531e-06
hernandez,7.481756982557531e-06
hiv,7.481756982557531e-06
crux,7.481756982557531e-06
demandsuppli,7.481756982557531e-06
evj,7.481756982557531e-06
oql,7.481756982557531e-06
burger,7.481756982557531e-06
friedrich,7.481756982557531e-06
loy,7.481756982557531e-06
cae,7.481756982557531e-06
cratic,7.481756982557531e-06
dictum,7.481756982557531e-06
culmin,7.481756982557531e-06
misclassifi,7.481756982557531e-06
ehl,7.481756982557531e-06
manygood,7.481756982557531e-06
twoclass,7.481756982557531e-06
jtt,7.481756982557531e-06
ecl,7.481756982557531e-06
clm,7.481756982557531e-06
aju,7.481756982557531e-06
lew,7.481756982557531e-06
pompeu,7.481756982557531e-06
limko,7.481756982557531e-06
gerhard,7.481756982557531e-06
malcolm,7.481756982557531e-06
tes,7.481756982557531e-06
berri,7.481756982557531e-06
iem,7.481756982557531e-06
irrel,7.481756982557531e-06
alaa,7.481756982557531e-06
ofr,7.481756982557531e-06
nai,7.481756982557531e-06
healthi,7.481756982557531e-06
postu,7.481756982557531e-06
ang,7.481756982557531e-06
einhorn,7.481756982557531e-06
liml,7.481756982557531e-06
disequilib,7.481756982557531e-06
ovt,7.481756982557531e-06
ona,7.481756982557531e-06
expf,7.481756982557531e-06
joulrnal,7.481756982557531e-06
mountain,7.481756982557531e-06
macroeconomist,7.481756982557531e-06
qih,7.481756982557531e-06
fks,7.481756982557531e-06
xig,7.481756982557531e-06
margi,7.481756982557531e-06
reassess,7.481756982557531e-06
pigous,7.481756982557531e-06
commonsens,7.481756982557531e-06
cecchetti,7.481756982557531e-06
barrogrossman,7.481756982557531e-06
eul,7.481756982557531e-06
ineleg,7.481756982557531e-06
cult,7.481756982557531e-06
sthe,7.481756982557531e-06
vui,7.481756982557531e-06
fcl,7.481756982557531e-06
fexp,7.481756982557531e-06
cau,7.481756982557531e-06
wlt,7.481756982557531e-06
neoclassi,7.481756982557531e-06
cutler,7.481756982557531e-06
wok,7.481756982557531e-06
faj,7.481756982557531e-06
encyclopedia,7.481756982557531e-06
rci,7.481756982557531e-06
inadequaci,7.481756982557531e-06
taj,7.481756982557531e-06
lxxix,7.481756982557531e-06
rjr,7.481756982557531e-06
cova,7.481756982557531e-06
plate,7.481756982557531e-06
nev,7.481756982557531e-06
determini,7.481756982557531e-06
mav,7.481756982557531e-06
piti,7.481756982557531e-06
ifb,7.481756982557531e-06
covt,7.481756982557531e-06
hotz,7.481756982557531e-06
zwiebel,7.481756982557531e-06
hfl,7.481756982557531e-06
lmc,7.481756982557531e-06
ortho,7.481756982557531e-06
jtx,7.481756982557531e-06
uncoordin,7.481756982557531e-06
nolan,7.481756982557531e-06
pfq,7.481756982557531e-06
inn,7.481756982557531e-06
flit,7.481756982557531e-06
hfx,7.481756982557531e-06
jll,7.481756982557531e-06
efit,7.481756982557531e-06
imin,7.481756982557531e-06
savant,7.481756982557531e-06
gauthier,7.481756982557531e-06
pbj,7.481756982557531e-06
limj,7.481756982557531e-06
rein,7.481756982557531e-06
partment,7.481756982557531e-06
pation,7.481756982557531e-06
witt,7.481756982557531e-06
jri,7.481756982557531e-06
brodi,7.481756982557531e-06
icj,7.481756982557531e-06
cheapli,7.481756982557531e-06
autoregr,7.481756982557531e-06
ile,7.481756982557531e-06
hac,7.481756982557531e-06
igx,7.481756982557531e-06
infrastructur,7.481756982557531e-06
frequentist,7.481756982557531e-06
vps,7.481756982557531e-06
noe,7.481756982557531e-06
fya,7.481756982557531e-06
czi,7.481756982557531e-06
qlx,7.481756982557531e-06
dunn,7.481756982557531e-06
sdp,7.481756982557531e-06
periodogram,7.481756982557531e-06
reve,7.481756982557531e-06
ppm,7.481756982557531e-06
rml,7.481756982557531e-06
djk,7.481756982557531e-06
demnand,7.481756982557531e-06
vsx,7.481756982557531e-06
xhl,7.481756982557531e-06
blind,7.481756982557531e-06
byj,7.481756982557531e-06
xrp,7.481756982557531e-06
discours,7.481756982557531e-06
pha,7.481756982557531e-06
idiosyn,7.481756982557531e-06
gershon,7.481756982557531e-06
itc,7.481756982557531e-06
evant,7.481756982557531e-06
pom,7.481756982557531e-06
btb,7.481756982557531e-06
clj,7.481756982557531e-06
basketbal,7.481756982557531e-06
ulti,7.481756982557531e-06
steadygrowth,7.481756982557531e-06
cif,7.481756982557531e-06
barilan,7.481756982557531e-06
itm,7.481756982557531e-06
rax,7.481756982557531e-06
demsetz,7.481756982557531e-06
kyk,7.481756982557531e-06
jjk,7.481756982557531e-06
hier,7.481756982557531e-06
cou,7.481756982557531e-06
vail,7.481756982557531e-06
tfa,7.481756982557531e-06
resampl,7.481756982557531e-06
ykp,7.481756982557531e-06
ifd,7.481756982557531e-06
zzz,7.481756982557531e-06
jennrich,7.481756982557531e-06
fand,7.481756982557531e-06
ciz,7.481756982557531e-06
koop,7.481756982557531e-06
demonet,7.481756982557531e-06
ameasur,7.481756982557531e-06
ylj,7.481756982557531e-06
heterog,7.481756982557531e-06
minl,7.481756982557531e-06
canterburi,7.481756982557531e-06
raj,7.481756982557531e-06
denmark,7.481756982557531e-06
ctlt,7.481756982557531e-06
kegan,7.481756982557531e-06
alic,7.481756982557531e-06
axz,7.481756982557531e-06
tential,7.481756982557531e-06
gelb,7.481756982557531e-06
biii,7.481756982557531e-06
ley,7.481756982557531e-06
outofsampl,7.481756982557531e-06
lyn,7.481756982557531e-06
tjo,7.481756982557531e-06
abound,7.481756982557531e-06
shatter,7.481756982557531e-06
yardstick,7.481756982557531e-06
thiss,7.481756982557531e-06
ius,7.481756982557531e-06
aitken,7.481756982557531e-06
immort,7.481756982557531e-06
yqi,7.481756982557531e-06
auf,7.481756982557531e-06
yoa,7.481756982557531e-06
rkx,7.481756982557531e-06
sml,7.481756982557531e-06
gail,7.481756982557531e-06
qie,7.481756982557531e-06
cfc,7.481756982557531e-06
berman,7.481756982557531e-06
variet,7.481756982557531e-06
licens,7.481756982557531e-06
ventil,7.481756982557531e-06
aoal,7.481756982557531e-06
xln,7.481756982557531e-06
dpq,7.481756982557531e-06
istat,7.481756982557531e-06
bac,7.481756982557531e-06
adm,7.481756982557531e-06
vra,7.481756982557531e-06
transporta,7.481756982557531e-06
ayb,7.481756982557531e-06
theoriz,7.481756982557531e-06
epistem,7.481756982557531e-06
alert,7.481756982557531e-06
hai,7.481756982557531e-06
gist,7.481756982557531e-06
thie,7.481756982557531e-06
sirey,7.481756982557531e-06
ebi,7.481756982557531e-06
yal,7.481756982557531e-06
poirier,7.481756982557531e-06
onal,7.481756982557531e-06
bhm,7.481756982557531e-06
overtaken,7.481756982557531e-06
unitroot,7.481756982557531e-06
wto,7.481756982557531e-06
frenkel,7.481756982557531e-06
pdimension,7.481756982557531e-06
fkr,7.481756982557531e-06
timepath,7.481756982557531e-06
fixedcost,7.481756982557531e-06
uju,7.481756982557531e-06
oal,7.481756982557531e-06
exper,7.481756982557531e-06
euq,7.481756982557531e-06
nari,7.481756982557531e-06
gori,7.481756982557531e-06
factual,7.481756982557531e-06
taw,7.481756982557531e-06
iiiii,7.481756982557531e-06
sxs,7.481756982557531e-06
mdi,7.481756982557531e-06
prb,7.481756982557531e-06
spj,7.481756982557531e-06
cbl,7.481756982557531e-06
ajf,7.481756982557531e-06
arena,7.481756982557531e-06
dxdi,7.481756982557531e-06
lxxxviii,7.481756982557531e-06
axf,7.481756982557531e-06
fjf,7.481756982557531e-06
curiosum,7.481756982557531e-06
statistica,7.481756982557531e-06
foerder,7.481756982557531e-06
crawford,7.481756982557531e-06
eiw,7.481756982557531e-06
tsl,7.481756982557531e-06
latan,7.481756982557531e-06
universita,7.481756982557531e-06
ifxi,7.481756982557531e-06
lpa,7.481756982557531e-06
semidur,7.481756982557531e-06
kte,7.481756982557531e-06
ytr,7.481756982557531e-06
bik,7.481756982557531e-06
dyd,7.481756982557531e-06
acv,7.481756982557531e-06
inexhaust,7.481756982557531e-06
gronau,7.481756982557531e-06
preciat,7.481756982557531e-06
erx,7.481756982557531e-06
ctb,7.481756982557531e-06
ttc,7.481756982557531e-06
greg,7.481756982557531e-06
nomi,7.481756982557531e-06
threestag,7.481756982557531e-06
duma,7.481756982557531e-06
joriti,7.481756982557531e-06
tuitiv,7.481756982557531e-06
byl,7.481756982557531e-06
chines,7.481756982557531e-06
concaten,7.481756982557531e-06
cukierman,7.481756982557531e-06
ayr,7.481756982557531e-06
ding,7.481756982557531e-06
annihil,7.481756982557531e-06
otr,7.481756982557531e-06
qpo,7.481756982557531e-06
dryden,7.481756982557531e-06
lir,7.481756982557531e-06
cad,7.481756982557531e-06
ivo,7.481756982557531e-06
termi,7.481756982557531e-06
burdett,7.481756982557531e-06
pkj,7.481756982557531e-06
restart,7.481756982557531e-06
csc,7.481756982557531e-06
foreigntrad,7.481756982557531e-06
erm,7.481756982557531e-06
nizat,7.481756982557531e-06
oss,7.481756982557531e-06
aqf,7.481756982557531e-06
inb,7.481756982557531e-06
iment,7.481756982557531e-06
tsp,7.481756982557531e-06
publica,7.481756982557531e-06
cauchyschwartz,7.481756982557531e-06
auw,7.481756982557531e-06
tro,7.481756982557531e-06
capitalintens,7.481756982557531e-06
abr,7.481756982557531e-06
puter,7.481756982557531e-06
inclu,7.481756982557531e-06
qjp,7.481756982557531e-06
oix,7.481756982557531e-06
klt,7.481756982557531e-06
kei,7.481756982557531e-06
uac,7.481756982557531e-06
vial,7.481756982557531e-06
endors,7.481756982557531e-06
bartlett,7.481756982557531e-06
yzi,7.481756982557531e-06
qji,7.481756982557531e-06
riskpool,7.481756982557531e-06
knock,7.481756982557531e-06
lowrisk,7.481756982557531e-06
dotcom,7.481756982557531e-06
yor,7.481756982557531e-06
uce,7.481756982557531e-06
dxdp,7.481756982557531e-06
kif,7.481756982557531e-06
obi,7.481756982557531e-06
fvf,7.481756982557531e-06
typei,7.481756982557531e-06
ule,7.481756982557531e-06
gressiv,7.481756982557531e-06
plj,7.481756982557531e-06
tere,7.481756982557531e-06
xxs,7.481756982557531e-06
ppk,7.481756982557531e-06
rlf,7.481756982557531e-06
xxm,7.481756982557531e-06
dwu,7.481756982557531e-06
bakeri,7.481756982557531e-06
otp,7.481756982557531e-06
tos,7.481756982557531e-06
auster,7.481756982557531e-06
ulf,7.481756982557531e-06
gbp,7.481756982557531e-06
vtf,7.481756982557531e-06
inj,7.481756982557531e-06
xtq,7.481756982557531e-06
edj,7.481756982557531e-06
tivat,7.481756982557531e-06
vacuum,7.481756982557531e-06
frey,7.481756982557531e-06
siebert,7.481756982557531e-06
tyo,7.481756982557531e-06
communi,7.481756982557531e-06
latitud,7.481756982557531e-06
gfx,7.481756982557531e-06
xxxviii,7.481756982557531e-06
xxvi,7.481756982557531e-06
pbk,7.481756982557531e-06
jip,7.481756982557531e-06
methuen,7.481756982557531e-06
rolf,7.481756982557531e-06
collectivist,7.481756982557531e-06
exterior,7.481756982557531e-06
gros,7.481756982557531e-06
reu,7.481756982557531e-06
albani,7.481756982557531e-06
suspend,7.481756982557531e-06
astronom,7.481756982557531e-06
gainer,7.481756982557531e-06
xrr,7.481756982557531e-06
unl,7.481756982557531e-06
efk,7.481756982557531e-06
ijf,7.481756982557531e-06
cao,7.481756982557531e-06
xns,7.481756982557531e-06
wife,7.481756982557531e-06
tremend,7.481756982557531e-06
tgt,7.481756982557531e-06
mogen,7.481756982557531e-06
cxn,7.481756982557531e-06
eth,7.481756982557531e-06
rtm,7.481756982557531e-06
avc,7.481756982557531e-06
auu,7.481756982557531e-06
zic,7.481756982557531e-06
defenc,7.481756982557531e-06
indetermi,7.481756982557531e-06
depositori,7.481756982557531e-06
oax,7.481756982557531e-06
hee,7.481756982557531e-06
buchanan,7.481756982557531e-06
zth,7.481756982557531e-06
clas,7.481756982557531e-06
shrinkag,7.481756982557531e-06
cdx,7.481756982557531e-06
tmin,7.481756982557531e-06
afinit,7.481756982557531e-06
wae,7.481756982557531e-06
sick,7.481756982557531e-06
rwr,7.481756982557531e-06
unmodifi,7.481756982557531e-06
noninteg,7.481756982557531e-06
unsold,7.481756982557531e-06
jjx,7.481756982557531e-06
wow,7.481756982557531e-06
ixf,7.481756982557531e-06
gxk,7.481756982557531e-06
vul,7.481756982557531e-06
suspici,7.481756982557531e-06
mxm,7.481756982557531e-06
bernstein,7.481756982557531e-06
xmj,7.481756982557531e-06
nll,7.481756982557531e-06
lxxxii,7.481756982557531e-06
revealedprefer,7.481756982557531e-06
cqi,7.481756982557531e-06
athen,7.481756982557531e-06
fifi,7.481756982557531e-06
kandel,7.481756982557531e-06
rrs,7.481756982557531e-06
quicker,7.481756982557531e-06
unrespons,7.481756982557531e-06
cpp,7.481756982557531e-06
teach,7.481756982557531e-06
letp,7.481756982557531e-06
ordi,7.481756982557531e-06
wif,7.481756982557531e-06
kislev,7.481756982557531e-06
vtr,7.481756982557531e-06
teed,7.481756982557531e-06
maxl,7.481756982557531e-06
ciation,7.481756982557531e-06
syi,7.481756982557531e-06
pollu,7.481756982557531e-06
cnc,7.481756982557531e-06
separabil,7.481756982557531e-06
riskseek,7.481756982557531e-06
extraordinarili,7.481756982557531e-06
justi,7.481756982557531e-06
gvt,7.481756982557531e-06
mno,7.481756982557531e-06
contractor,7.481756982557531e-06
dee,7.481756982557531e-06
atxt,7.481756982557531e-06
ljungqvist,7.481756982557531e-06
capitalasset,7.481756982557531e-06
bzt,7.481756982557531e-06
undermin,7.481756982557531e-06
zontal,7.481756982557531e-06
izabl,7.481756982557531e-06
oqo,7.481756982557531e-06
lowcost,7.481756982557531e-06
bayess,7.481756982557531e-06
looser,7.481756982557531e-06
xlvi,7.481756982557531e-06
ordinalist,7.481756982557531e-06
nun,7.481756982557531e-06
hafner,7.481756982557531e-06
ovi,7.481756982557531e-06
clay,7.481756982557531e-06
mcgill,7.481756982557531e-06
dqo,7.481756982557531e-06
sanc,7.481756982557531e-06
loughran,7.481756982557531e-06
dwi,7.481756982557531e-06
lotka,7.481756982557531e-06
polk,7.481756982557531e-06
provement,7.481756982557531e-06
lxiv,7.481756982557531e-06
unfund,7.481756982557531e-06
ftq,7.481756982557531e-06
flw,7.481756982557531e-06
bengt,7.481756982557531e-06
qai,7.481756982557531e-06
cumula,6.650450651162249e-06
ltr,6.650450651162249e-06
nagel,6.650450651162249e-06
capitalaug,6.650450651162249e-06
jouirnal,6.650450651162249e-06
accommo,6.650450651162249e-06
oay,6.650450651162249e-06
nte,6.650450651162249e-06
gali,6.650450651162249e-06
evsey,6.650450651162249e-06
deb,6.650450651162249e-06
segreg,6.650450651162249e-06
layard,6.650450651162249e-06
fjc,6.650450651162249e-06
fda,6.650450651162249e-06
herv,6.650450651162249e-06
alize,6.650450651162249e-06
reneg,6.650450651162249e-06
uoa,6.650450651162249e-06
bbt,6.650450651162249e-06
learner,6.650450651162249e-06
cuse,6.650450651162249e-06
limf,6.650450651162249e-06
iiie,6.650450651162249e-06
atq,6.650450651162249e-06
elastici,6.650450651162249e-06
yjs,6.650450651162249e-06
heteroskedasticityrobust,6.650450651162249e-06
leven,6.650450651162249e-06
sbr,6.650450651162249e-06
nyt,6.650450651162249e-06
marketbas,6.650450651162249e-06
lindustri,6.650450651162249e-06
milgat,6.650450651162249e-06
largefirm,6.650450651162249e-06
xff,6.650450651162249e-06
counterbalanc,6.650450651162249e-06
hhh,6.650450651162249e-06
budd,6.650450651162249e-06
racin,6.650450651162249e-06
lxxxi,6.650450651162249e-06
aqx,6.650450651162249e-06
rhi,6.650450651162249e-06
xet,6.650450651162249e-06
psj,6.650450651162249e-06
furthest,6.650450651162249e-06
trent,6.650450651162249e-06
lxxxvi,6.650450651162249e-06
tthe,6.650450651162249e-06
alarm,6.650450651162249e-06
artific,6.650450651162249e-06
dfo,6.650450651162249e-06
slm,6.650450651162249e-06
danzig,6.650450651162249e-06
collard,6.650450651162249e-06
suffix,6.650450651162249e-06
ubiquit,6.650450651162249e-06
zia,6.650450651162249e-06
underneath,6.650450651162249e-06
ekx,6.650450651162249e-06
tum,6.650450651162249e-06
atu,6.650450651162249e-06
cxb,6.650450651162249e-06
alh,6.650450651162249e-06
vlc,6.650450651162249e-06
elu,6.650450651162249e-06
cid,6.650450651162249e-06
longman,6.650450651162249e-06
drx,6.650450651162249e-06
barclay,6.650450651162249e-06
beverag,6.650450651162249e-06
lnc,6.650450651162249e-06
posur,6.650450651162249e-06
jln,6.650450651162249e-06
sergio,6.650450651162249e-06
mendat,6.650450651162249e-06
gativ,6.650450651162249e-06
fornia,6.650450651162249e-06
flation,6.650450651162249e-06
mra,6.650450651162249e-06
inhomogen,6.650450651162249e-06
litic,6.650450651162249e-06
versatil,6.650450651162249e-06
aqq,6.650450651162249e-06
noneconom,6.650450651162249e-06
karen,6.650450651162249e-06
razin,6.650450651162249e-06
bimod,6.650450651162249e-06
onceandforal,6.650450651162249e-06
nzn,6.650450651162249e-06
lbb,6.650450651162249e-06
ofth,6.650450651162249e-06
riskavoid,6.650450651162249e-06
practi,6.650450651162249e-06
dionn,6.650450651162249e-06
bria,6.650450651162249e-06
bohmbawerk,6.650450651162249e-06
headlin,6.650450651162249e-06
fisheri,6.650450651162249e-06
dpdq,6.650450651162249e-06
nakamura,6.650450651162249e-06
giz,6.650450651162249e-06
utz,6.650450651162249e-06
mediev,6.650450651162249e-06
zzi,6.650450651162249e-06
intra,6.650450651162249e-06
apriori,6.650450651162249e-06
ockenfel,6.650450651162249e-06
distast,6.650450651162249e-06
broadest,6.650450651162249e-06
ssr,6.650450651162249e-06
swamp,6.650450651162249e-06
lshape,6.650450651162249e-06
zie,6.650450651162249e-06
xlii,6.650450651162249e-06
sincer,6.650450651162249e-06
sectorspecif,6.650450651162249e-06
csignific,6.650450651162249e-06
wki,6.650450651162249e-06
zang,6.650450651162249e-06
leagu,6.650450651162249e-06
kiyotaki,6.650450651162249e-06
mjc,6.650450651162249e-06
writ,6.650450651162249e-06
gmo,6.650450651162249e-06
lfk,6.650450651162249e-06
baromet,6.650450651162249e-06
shoot,6.650450651162249e-06
ravenscraft,6.650450651162249e-06
pashigian,6.650450651162249e-06
indexnumb,6.650450651162249e-06
precious,6.650450651162249e-06
ancillari,6.650450651162249e-06
ewx,6.650450651162249e-06
eratur,6.650450651162249e-06
trustworthi,6.650450651162249e-06
sshrc,6.650450651162249e-06
sheep,6.650450651162249e-06
lustrat,6.650450651162249e-06
orc,6.650450651162249e-06
epidem,6.650450651162249e-06
urt,6.650450651162249e-06
youngest,6.650450651162249e-06
pwa,6.650450651162249e-06
xiai,6.650450651162249e-06
vye,6.650450651162249e-06
jgi,6.650450651162249e-06
bow,6.650450651162249e-06
ron,6.650450651162249e-06
gre,6.650450651162249e-06
etdt,6.650450651162249e-06
oox,6.650450651162249e-06
nnm,6.650450651162249e-06
qvt,6.650450651162249e-06
antithet,6.650450651162249e-06
overpredict,6.650450651162249e-06
pheno,6.650450651162249e-06
gage,6.650450651162249e-06
fronm,6.650450651162249e-06
ferreira,6.650450651162249e-06
shackl,6.650450651162249e-06
tricki,6.650450651162249e-06
inanc,6.650450651162249e-06
mtp,6.650450651162249e-06
timediscount,6.650450651162249e-06
oneforon,6.650450651162249e-06
krieger,6.650450651162249e-06
och,6.650450651162249e-06
kts,6.650450651162249e-06
breton,6.650450651162249e-06
andrea,6.650450651162249e-06
aeq,6.650450651162249e-06
frj,6.650450651162249e-06
bird,6.650450651162249e-06
usu,6.650450651162249e-06
eko,6.650450651162249e-06
cxp,6.650450651162249e-06
xko,6.650450651162249e-06
byy,6.650450651162249e-06
carleton,6.650450651162249e-06
yfn,6.650450651162249e-06
bib,6.650450651162249e-06
magat,6.650450651162249e-06
psychol,6.650450651162249e-06
elus,6.650450651162249e-06
nondegen,6.650450651162249e-06
mathema,6.650450651162249e-06
pem,6.650450651162249e-06
mial,6.650450651162249e-06
ord,6.650450651162249e-06
ujr,6.650450651162249e-06
deprecia,6.650450651162249e-06
familys,6.650450651162249e-06
url,6.650450651162249e-06
minal,6.650450651162249e-06
opm,6.650450651162249e-06
hylland,6.650450651162249e-06
ipc,6.650450651162249e-06
ufo,6.650450651162249e-06
xcc,6.650450651162249e-06
sar,6.650450651162249e-06
holist,6.650450651162249e-06
vkv,6.650450651162249e-06
ixk,6.650450651162249e-06
tullock,6.650450651162249e-06
gratuit,6.650450651162249e-06
aall,6.650450651162249e-06
wili,6.650450651162249e-06
microdynam,6.650450651162249e-06
democrat,6.650450651162249e-06
georgia,6.650450651162249e-06
canberra,6.650450651162249e-06
wss,6.650450651162249e-06
tik,6.650450651162249e-06
websit,6.650450651162249e-06
weierstrass,6.650450651162249e-06
kiminori,6.650450651162249e-06
hog,6.650450651162249e-06
cqx,6.650450651162249e-06
mte,6.650450651162249e-06
longstand,6.650450651162249e-06
imal,6.650450651162249e-06
ane,6.650450651162249e-06
xcviii,6.650450651162249e-06
antic,6.650450651162249e-06
jls,6.650450651162249e-06
ippolito,6.650450651162249e-06
stor,6.650450651162249e-06
salomon,6.650450651162249e-06
itq,6.650450651162249e-06
aeh,6.650450651162249e-06
geg,6.650450651162249e-06
jef,6.650450651162249e-06
loosen,6.650450651162249e-06
nonequival,6.650450651162249e-06
avia,6.650450651162249e-06
ryl,6.650450651162249e-06
toi,6.650450651162249e-06
theres,6.650450651162249e-06
grt,6.650450651162249e-06
dyp,6.650450651162249e-06
ife,6.650450651162249e-06
jli,6.650450651162249e-06
natu,6.650450651162249e-06
mxn,6.650450651162249e-06
awb,6.650450651162249e-06
ulw,6.650450651162249e-06
prendergast,6.650450651162249e-06
mushroom,6.650450651162249e-06
foe,6.650450651162249e-06
ryj,6.650450651162249e-06
universitair,6.650450651162249e-06
bsj,6.650450651162249e-06
marchapril,6.650450651162249e-06
labouraug,6.650450651162249e-06
oir,6.650450651162249e-06
gomper,6.650450651162249e-06
mli,6.650450651162249e-06
fvx,6.650450651162249e-06
idw,6.650450651162249e-06
pred,6.650450651162249e-06
forti,6.650450651162249e-06
dks,6.650450651162249e-06
vvx,6.650450651162249e-06
tite,6.650450651162249e-06
rescu,6.650450651162249e-06
atk,6.650450651162249e-06
ntn,6.650450651162249e-06
frg,6.650450651162249e-06
rfk,6.650450651162249e-06
xiz,6.650450651162249e-06
uqt,6.650450651162249e-06
gainesvill,6.650450651162249e-06
nnt,6.650450651162249e-06
ravallion,6.650450651162249e-06
anjan,6.650450651162249e-06
psn,6.650450651162249e-06
oooo,6.650450651162249e-06
asser,6.650450651162249e-06
dpz,6.650450651162249e-06
marqu,6.650450651162249e-06
aqo,6.650450651162249e-06
vancouv,6.650450651162249e-06
tention,6.650450651162249e-06
mad,6.650450651162249e-06
mso,6.650450651162249e-06
confisc,6.650450651162249e-06
moti,6.650450651162249e-06
iyj,6.650450651162249e-06
asw,6.650450651162249e-06
lec,6.650450651162249e-06
obst,6.650450651162249e-06
riskreduc,6.650450651162249e-06
yule,6.650450651162249e-06
lxj,6.650450651162249e-06
flexibil,6.650450651162249e-06
xyl,6.650450651162249e-06
mors,6.650450651162249e-06
emphat,6.650450651162249e-06
breakpoint,6.650450651162249e-06
versif,6.650450651162249e-06
conn,6.650450651162249e-06
pua,6.650450651162249e-06
limita,6.650450651162249e-06
aqn,6.650450651162249e-06
vos,6.650450651162249e-06
taxtransf,6.650450651162249e-06
sherman,6.650450651162249e-06
assa,6.650450651162249e-06
ciii,6.650450651162249e-06
vvn,6.650450651162249e-06
wvt,6.650450651162249e-06
ugt,6.650450651162249e-06
stephenson,6.650450651162249e-06
likelihoodratio,6.650450651162249e-06
fletcher,6.650450651162249e-06
phh,6.650450651162249e-06
ctr,6.650450651162249e-06
kli,6.650450651162249e-06
gio,6.650450651162249e-06
trarili,6.650450651162249e-06
tinuat,6.650450651162249e-06
pej,6.650450651162249e-06
iam,6.650450651162249e-06
lxxviii,6.650450651162249e-06
lynch,6.650450651162249e-06
psps,6.650450651162249e-06
manipu,6.650450651162249e-06
raci,6.650450651162249e-06
braun,6.650450651162249e-06
ool,6.650450651162249e-06
lxviii,6.650450651162249e-06
ulk,6.650450651162249e-06
cyr,6.650450651162249e-06
overdetermin,6.650450651162249e-06
fwt,6.650450651162249e-06
dtdt,6.650450651162249e-06
wolff,6.650450651162249e-06
grs,6.650450651162249e-06
znn,6.650450651162249e-06
pva,6.650450651162249e-06
empiric,6.650450651162249e-06
quantita,6.650450651162249e-06
izj,6.650450651162249e-06
threesector,6.650450651162249e-06
rmi,6.650450651162249e-06
lsa,6.650450651162249e-06
llv,6.650450651162249e-06
cps,6.650450651162249e-06
semiannu,6.650450651162249e-06
iar,6.650450651162249e-06
ator,6.650450651162249e-06
fetch,6.650450651162249e-06
mnn,6.650450651162249e-06
qax,6.650450651162249e-06
klx,6.650450651162249e-06
ucf,6.650450651162249e-06
rodolfo,6.650450651162249e-06
bbi,6.650450651162249e-06
racial,6.650450651162249e-06
dist,6.650450651162249e-06
onf,6.650450651162249e-06
azk,6.650450651162249e-06
montecarlo,6.650450651162249e-06
schoar,6.650450651162249e-06
ulr,6.650450651162249e-06
longmemori,6.650450651162249e-06
firstgener,6.650450651162249e-06
blx,6.650450651162249e-06
wee,6.650450651162249e-06
mathematik,6.650450651162249e-06
ura,6.650450651162249e-06
tranch,6.650450651162249e-06
ndn,6.650450651162249e-06
uncorrect,6.650450651162249e-06
uninsur,6.650450651162249e-06
hpx,6.650450651162249e-06
bye,6.650450651162249e-06
kln,6.650450651162249e-06
hasten,6.650450651162249e-06
stole,6.650450651162249e-06
precondit,6.650450651162249e-06
wew,6.650450651162249e-06
evolu,6.650450651162249e-06
willard,6.650450651162249e-06
llm,6.650450651162249e-06
fluc,6.650450651162249e-06
vlp,6.650450651162249e-06
itii,6.650450651162249e-06
iul,6.650450651162249e-06
icant,6.650450651162249e-06
oer,6.650450651162249e-06
bxb,6.650450651162249e-06
opa,6.650450651162249e-06
ulo,6.650450651162249e-06
jla,6.650450651162249e-06
concur,6.650450651162249e-06
tog,6.650450651162249e-06
iig,6.650450651162249e-06
llll,6.650450651162249e-06
czech,6.650450651162249e-06
exer,6.650450651162249e-06
necessar,6.650450651162249e-06
mik,6.650450651162249e-06
drze,6.650450651162249e-06
supr,6.650450651162249e-06
amalgam,6.650450651162249e-06
ulm,6.650450651162249e-06
reapprais,6.650450651162249e-06
expx,6.650450651162249e-06
weltwirtschaftlich,6.650450651162249e-06
thenc,6.650450651162249e-06
nyu,6.650450651162249e-06
hurwitz,6.650450651162249e-06
door,6.650450651162249e-06
echo,6.650450651162249e-06
eyk,6.650450651162249e-06
rappoport,6.650450651162249e-06
economtrica,6.650450651162249e-06
kose,6.650450651162249e-06
terpart,6.650450651162249e-06
novemberdecemb,6.650450651162249e-06
assort,6.650450651162249e-06
bna,6.650450651162249e-06
cnl,6.650450651162249e-06
nevo,6.650450651162249e-06
responsi,6.650450651162249e-06
corpo,6.650450651162249e-06
tva,6.650450651162249e-06
sts,6.650450651162249e-06
strictiv,6.650450651162249e-06
utxt,6.650450651162249e-06
sopher,6.650450651162249e-06
uppsala,6.650450651162249e-06
hig,6.650450651162249e-06
thirteen,6.650450651162249e-06
persion,6.650450651162249e-06
nxl,6.650450651162249e-06
shortsight,6.650450651162249e-06
singlemarket,6.650450651162249e-06
trillion,6.650450651162249e-06
cvt,6.650450651162249e-06
hansmann,6.650450651162249e-06
xlm,6.650450651162249e-06
vwi,6.650450651162249e-06
xfk,6.650450651162249e-06
bent,6.650450651162249e-06
dab,6.650450651162249e-06
guiso,6.650450651162249e-06
llr,6.650450651162249e-06
intensif,6.650450651162249e-06
rysman,6.650450651162249e-06
munro,6.650450651162249e-06
nel,6.650450651162249e-06
ief,6.650450651162249e-06
gainloss,6.650450651162249e-06
eng,6.650450651162249e-06
nichol,6.650450651162249e-06
xiti,6.650450651162249e-06
xba,6.650450651162249e-06
lds,6.650450651162249e-06
liver,6.650450651162249e-06
crp,6.650450651162249e-06
nondiscriminatori,6.650450651162249e-06
pasadena,6.650450651162249e-06
dht,6.650450651162249e-06
epd,6.650450651162249e-06
lnu,6.650450651162249e-06
frf,6.650450651162249e-06
ezz,6.650450651162249e-06
llk,6.650450651162249e-06
nob,6.650450651162249e-06
tobit,6.650450651162249e-06
fof,6.650450651162249e-06
criminatori,6.650450651162249e-06
trnqvist,6.650450651162249e-06
xor,6.650450651162249e-06
dsl,6.650450651162249e-06
rtb,6.650450651162249e-06
ucu,6.650450651162249e-06
hlp,6.650450651162249e-06
xxf,6.650450651162249e-06
timeaggreg,6.650450651162249e-06
errorcorrect,6.650450651162249e-06
twoinput,6.650450651162249e-06
simonson,6.650450651162249e-06
eoj,6.650450651162249e-06
anniversari,6.650450651162249e-06
middleman,6.650450651162249e-06
jzj,6.650450651162249e-06
excep,6.650450651162249e-06
ock,6.650450651162249e-06
lpo,6.650450651162249e-06
toni,6.650450651162249e-06
hji,6.650450651162249e-06
honest,6.650450651162249e-06
szi,6.650450651162249e-06
subregion,6.650450651162249e-06
basel,6.650450651162249e-06
basu,6.650450651162249e-06
pym,6.650450651162249e-06
postintervent,6.650450651162249e-06
nie,6.650450651162249e-06
wjp,6.650450651162249e-06
ztn,6.650450651162249e-06
wind,6.650450651162249e-06
css,6.650450651162249e-06
isocost,6.650450651162249e-06
sceptic,6.650450651162249e-06
truste,6.650450651162249e-06
ujn,6.650450651162249e-06
dyn,6.650450651162249e-06
ddr,6.650450651162249e-06
loword,6.650450651162249e-06
cre,6.650450651162249e-06
ptq,6.650450651162249e-06
recomput,6.650450651162249e-06
sarnat,6.650450651162249e-06
trl,6.650450651162249e-06
upsw,6.650450651162249e-06
qib,6.650450651162249e-06
taught,6.650450651162249e-06
jon,6.650450651162249e-06
crown,6.650450651162249e-06
wuw,6.650450651162249e-06
soderstrom,6.650450651162249e-06
yib,6.650450651162249e-06
miscellan,6.650450651162249e-06
subcategori,6.650450651162249e-06
zzt,6.650450651162249e-06
heckscherohlin,6.650450651162249e-06
underscor,6.650450651162249e-06
yte,6.650450651162249e-06
slb,6.650450651162249e-06
sharpest,6.650450651162249e-06
qjx,6.650450651162249e-06
wlw,6.650450651162249e-06
hitch,6.650450651162249e-06
rxa,6.650450651162249e-06
syt,6.650450651162249e-06
gbi,6.650450651162249e-06
joo,6.650450651162249e-06
moneydemand,6.650450651162249e-06
unexploit,6.650450651162249e-06
roi,6.650450651162249e-06
syl,6.650450651162249e-06
yle,6.650450651162249e-06
txn,6.650450651162249e-06
gif,6.650450651162249e-06
shine,6.650450651162249e-06
skj,6.650450651162249e-06
puj,6.650450651162249e-06
limc,6.650450651162249e-06
sixi,6.650450651162249e-06
lowlevel,6.650450651162249e-06
hensiv,6.650450651162249e-06
annoy,6.650450651162249e-06
waltham,6.650450651162249e-06
asf,6.650450651162249e-06
nuanc,6.650450651162249e-06
mzt,6.650450651162249e-06
ladd,6.650450651162249e-06
dox,6.650450651162249e-06
ucr,6.650450651162249e-06
ceptual,6.650450651162249e-06
phasiz,6.650450651162249e-06
uhh,6.650450651162249e-06
kff,6.650450651162249e-06
wachtel,6.650450651162249e-06
dey,6.650450651162249e-06
llz,6.650450651162249e-06
mpr,6.650450651162249e-06
ariti,6.650450651162249e-06
residenti,6.650450651162249e-06
mare,6.650450651162249e-06
crw,6.650450651162249e-06
umbrella,6.650450651162249e-06
margaret,6.650450651162249e-06
xja,6.650450651162249e-06
hri,6.650450651162249e-06
pwl,6.650450651162249e-06
monopo,6.650450651162249e-06
juri,6.650450651162249e-06
hogan,6.650450651162249e-06
rmax,6.650450651162249e-06
mtmt,6.650450651162249e-06
naci,6.650450651162249e-06
jonesle,6.650450651162249e-06
fiir,6.650450651162249e-06
varan,6.650450651162249e-06
crosssec,6.650450651162249e-06
plagu,6.650450651162249e-06
composi,6.650450651162249e-06
ola,6.650450651162249e-06
tiu,6.650450651162249e-06
tkx,6.650450651162249e-06
azz,6.650450651162249e-06
repar,6.650450651162249e-06
neverth,6.650450651162249e-06
gumbel,6.650450651162249e-06
communica,6.650450651162249e-06
highfrequ,6.650450651162249e-06
imb,6.650450651162249e-06
iyl,6.650450651162249e-06
tine,6.650450651162249e-06
enunci,6.650450651162249e-06
epk,6.650450651162249e-06
gjc,6.650450651162249e-06
lowpric,6.650450651162249e-06
tdz,6.650450651162249e-06
tih,6.650450651162249e-06
deti,6.650450651162249e-06
chiappoli,6.650450651162249e-06
byf,6.650450651162249e-06
fastest,6.650450651162249e-06
twopric,6.650450651162249e-06
dtc,6.650450651162249e-06
chu,6.650450651162249e-06
fsf,6.650450651162249e-06
oot,6.650450651162249e-06
fps,6.650450651162249e-06
tso,6.650450651162249e-06
catalogu,6.650450651162249e-06
intem,6.650450651162249e-06
ldi,6.650450651162249e-06
iog,6.650450651162249e-06
ecc,6.650450651162249e-06
vht,6.650450651162249e-06
resnick,6.650450651162249e-06
blame,6.650450651162249e-06
concentra,6.650450651162249e-06
clearest,6.650450651162249e-06
ratic,6.650450651162249e-06
swift,6.650450651162249e-06
ekk,6.650450651162249e-06
fjz,6.650450651162249e-06
tfor,6.650450651162249e-06
pjqj,6.650450651162249e-06
scrambl,6.650450651162249e-06
randomwalk,6.650450651162249e-06
uwr,6.650450651162249e-06
irg,6.650450651162249e-06
yearbook,6.650450651162249e-06
xtu,6.650450651162249e-06
zap,6.650450651162249e-06
politica,6.650450651162249e-06
rei,6.650450651162249e-06
reinstat,6.650450651162249e-06
yco,6.650450651162249e-06
aar,6.650450651162249e-06
fatal,6.650450651162249e-06
eer,6.650450651162249e-06
nid,6.650450651162249e-06
ilog,6.650450651162249e-06
pgl,6.650450651162249e-06
felix,6.650450651162249e-06
yiti,6.650450651162249e-06
gtl,6.650450651162249e-06
evaluat,6.650450651162249e-06
slt,6.650450651162249e-06
overproduc,6.650450651162249e-06
lsl,6.650450651162249e-06
sisi,6.650450651162249e-06
uea,6.650450651162249e-06
dpb,6.650450651162249e-06
glauber,6.650450651162249e-06
dlm,6.650450651162249e-06
ymt,6.650450651162249e-06
cleaner,6.650450651162249e-06
campus,6.650450651162249e-06
dvj,6.650450651162249e-06
reconcili,6.650450651162249e-06
esc,6.650450651162249e-06
bartl,6.650450651162249e-06
ptbt,6.650450651162249e-06
apv,6.650450651162249e-06
citat,6.650450651162249e-06
futil,6.650450651162249e-06
curios,6.650450651162249e-06
fmt,6.650450651162249e-06
hawtrey,6.650450651162249e-06
nonstat,6.650450651162249e-06
ldt,6.650450651162249e-06
ooc,6.650450651162249e-06
mina,6.650450651162249e-06
etu,6.650450651162249e-06
yla,6.650450651162249e-06
roundabout,6.650450651162249e-06
tjc,6.650450651162249e-06
liberti,6.650450651162249e-06
vibrat,6.650450651162249e-06
yyj,6.650450651162249e-06
monash,6.650450651162249e-06
yariv,6.650450651162249e-06
buck,6.650450651162249e-06
timeconsum,6.650450651162249e-06
trr,6.650450651162249e-06
gor,6.650450651162249e-06
anticipa,6.650450651162249e-06
utu,6.650450651162249e-06
sad,6.650450651162249e-06
anld,6.650450651162249e-06
lxxv,6.650450651162249e-06
cak,6.650450651162249e-06
threestat,6.650450651162249e-06
unani,6.650450651162249e-06
tobacco,6.650450651162249e-06
gebiet,6.650450651162249e-06
extant,6.650450651162249e-06
atlanta,6.650450651162249e-06
qnn,6.650450651162249e-06
ruari,6.650450651162249e-06
digest,6.650450651162249e-06
exponen,6.650450651162249e-06
cnj,6.650450651162249e-06
rpm,6.650450651162249e-06
mrn,6.650450651162249e-06
wfw,6.650450651162249e-06
tui,6.650450651162249e-06
notori,6.650450651162249e-06
microlevel,6.650450651162249e-06
speaker,6.650450651162249e-06
stamp,6.650450651162249e-06
htx,6.650450651162249e-06
civ,6.650450651162249e-06
cjp,6.650450651162249e-06
unnot,6.650450651162249e-06
fml,6.650450651162249e-06
quantityqu,6.650450651162249e-06
kqt,6.650450651162249e-06
saint,6.650450651162249e-06
drl,6.650450651162249e-06
kkt,6.650450651162249e-06
graaff,6.650450651162249e-06
bitrari,6.650450651162249e-06
maenhout,6.650450651162249e-06
yic,6.650450651162249e-06
idimension,6.650450651162249e-06
gax,6.650450651162249e-06
kov,6.650450651162249e-06
xib,6.650450651162249e-06
rogerson,6.650450651162249e-06
populationweight,6.650450651162249e-06
kpl,6.650450651162249e-06
hyi,6.650450651162249e-06
nonspeci,6.650450651162249e-06
lrl,6.650450651162249e-06
ozt,6.650450651162249e-06
vfp,6.650450651162249e-06
cjo,6.650450651162249e-06
pwc,6.650450651162249e-06
butterworth,6.650450651162249e-06
owl,6.650450651162249e-06
flz,6.650450651162249e-06
lineag,6.650450651162249e-06
amort,6.650450651162249e-06
abbott,6.650450651162249e-06
tiz,6.650450651162249e-06
ctv,6.650450651162249e-06
cjc,6.650450651162249e-06
pizza,6.650450651162249e-06
vjt,6.650450651162249e-06
pbp,6.650450651162249e-06
nondiagon,6.650450651162249e-06
bayer,6.650450651162249e-06
localis,5.819144319766968e-06
fle,5.819144319766968e-06
rationaliza,5.819144319766968e-06
gan,5.819144319766968e-06
gay,5.819144319766968e-06
ploberg,5.819144319766968e-06
exuber,5.819144319766968e-06
gcc,5.819144319766968e-06
subjectivist,5.819144319766968e-06
revolv,5.819144319766968e-06
afg,5.819144319766968e-06
riskbas,5.819144319766968e-06
trapezoid,5.819144319766968e-06
nonbinari,5.819144319766968e-06
cruso,5.819144319766968e-06
stn,5.819144319766968e-06
thornton,5.819144319766968e-06
nei,5.819144319766968e-06
spencer,5.819144319766968e-06
ofer,5.819144319766968e-06
commend,5.819144319766968e-06
uyx,5.819144319766968e-06
ofl,5.819144319766968e-06
untru,5.819144319766968e-06
fourquart,5.819144319766968e-06
fixat,5.819144319766968e-06
abridg,5.819144319766968e-06
asq,5.819144319766968e-06
iac,5.819144319766968e-06
harl,5.819144319766968e-06
upl,5.819144319766968e-06
eie,5.819144319766968e-06
adler,5.819144319766968e-06
gog,5.819144319766968e-06
priceoutput,5.819144319766968e-06
overnight,5.819144319766968e-06
tibor,5.819144319766968e-06
ozo,5.819144319766968e-06
sical,5.819144319766968e-06
currentvalu,5.819144319766968e-06
yyn,5.819144319766968e-06
fpx,5.819144319766968e-06
hodrick,5.819144319766968e-06
trabajo,5.819144319766968e-06
datagener,5.819144319766968e-06
htn,5.819144319766968e-06
fav,5.819144319766968e-06
ronment,5.819144319766968e-06
bjo,5.819144319766968e-06
iwe,5.819144319766968e-06
evn,5.819144319766968e-06
andg,5.819144319766968e-06
pcb,5.819144319766968e-06
fiii,5.819144319766968e-06
txj,5.819144319766968e-06
mcleish,5.819144319766968e-06
hardl,5.819144319766968e-06
precari,5.819144319766968e-06
uneven,5.819144319766968e-06
septem,5.819144319766968e-06
qfn,5.819144319766968e-06
elder,5.819144319766968e-06
hoel,5.819144319766968e-06
vcx,5.819144319766968e-06
apc,5.819144319766968e-06
httpwww,5.819144319766968e-06
vlb,5.819144319766968e-06
facili,5.819144319766968e-06
pxz,5.819144319766968e-06
sbt,5.819144319766968e-06
luxembourg,5.819144319766968e-06
chronolog,5.819144319766968e-06
ofz,5.819144319766968e-06
diari,5.819144319766968e-06
tenabl,5.819144319766968e-06
mlrp,5.819144319766968e-06
uelson,5.819144319766968e-06
drink,5.819144319766968e-06
mfi,5.819144319766968e-06
xpa,5.819144319766968e-06
xcl,5.819144319766968e-06
cccc,5.819144319766968e-06
recommenda,5.819144319766968e-06
neapoli,5.819144319766968e-06
mns,5.819144319766968e-06
fsk,5.819144319766968e-06
granular,5.819144319766968e-06
impr,5.819144319766968e-06
jxx,5.819144319766968e-06
sundaram,5.819144319766968e-06
yxo,5.819144319766968e-06
valle,5.819144319766968e-06
puz,5.819144319766968e-06
scene,5.819144319766968e-06
tlo,5.819144319766968e-06
iho,5.819144319766968e-06
ema,5.819144319766968e-06
clu,5.819144319766968e-06
singleproduct,5.819144319766968e-06
tlj,5.819144319766968e-06
librairi,5.819144319766968e-06
swo,5.819144319766968e-06
tune,5.819144319766968e-06
oyt,5.819144319766968e-06
xye,5.819144319766968e-06
che,5.819144319766968e-06
weintraub,5.819144319766968e-06
ega,5.819144319766968e-06
aiti,5.819144319766968e-06
gestat,5.819144319766968e-06
avv,5.819144319766968e-06
qsl,5.819144319766968e-06
alvin,5.819144319766968e-06
jts,5.819144319766968e-06
bkj,5.819144319766968e-06
dconomi,5.819144319766968e-06
knl,5.819144319766968e-06
capitalgood,5.819144319766968e-06
rcs,5.819144319766968e-06
reinhard,5.819144319766968e-06
heft,5.819144319766968e-06
permu,5.819144319766968e-06
journlal,5.819144319766968e-06
ioa,5.819144319766968e-06
unord,5.819144319766968e-06
imped,5.819144319766968e-06
glad,5.819144319766968e-06
recip,5.819144319766968e-06
mrj,5.819144319766968e-06
nxk,5.819144319766968e-06
stf,5.819144319766968e-06
metcalf,5.819144319766968e-06
casa,5.819144319766968e-06
paola,5.819144319766968e-06
srk,5.819144319766968e-06
axii,5.819144319766968e-06
paretosuperior,5.819144319766968e-06
rosa,5.819144319766968e-06
kingston,5.819144319766968e-06
wipe,5.819144319766968e-06
pitch,5.819144319766968e-06
sternberg,5.819144319766968e-06
antisymmetr,5.819144319766968e-06
supo,5.819144319766968e-06
axw,5.819144319766968e-06
twentyf,5.819144319766968e-06
flex,5.819144319766968e-06
dag,5.819144319766968e-06
interfirm,5.819144319766968e-06
izn,5.819144319766968e-06
subramanian,5.819144319766968e-06
desideratum,5.819144319766968e-06
parabola,5.819144319766968e-06
blvd,5.819144319766968e-06
enact,5.819144319766968e-06
groningen,5.819144319766968e-06
boun,5.819144319766968e-06
ctd,5.819144319766968e-06
solicit,5.819144319766968e-06
nonessenti,5.819144319766968e-06
abadi,5.819144319766968e-06
pricep,5.819144319766968e-06
cnr,5.819144319766968e-06
nfi,5.819144319766968e-06
oih,5.819144319766968e-06
audit,5.819144319766968e-06
sfi,5.819144319766968e-06
frchet,5.819144319766968e-06
pdj,5.819144319766968e-06
ipa,5.819144319766968e-06
unproduc,5.819144319766968e-06
oregon,5.819144319766968e-06
ppb,5.819144319766968e-06
mira,5.819144319766968e-06
abab,5.819144319766968e-06
ejn,5.819144319766968e-06
struck,5.819144319766968e-06
xaf,5.819144319766968e-06
cascad,5.819144319766968e-06
xaj,5.819144319766968e-06
fxe,5.819144319766968e-06
vvv,5.819144319766968e-06
atd,5.819144319766968e-06
beb,5.819144319766968e-06
groceri,5.819144319766968e-06
ivv,5.819144319766968e-06
milder,5.819144319766968e-06
pys,5.819144319766968e-06
equil,5.819144319766968e-06
johnsen,5.819144319766968e-06
liy,5.819144319766968e-06
ycl,5.819144319766968e-06
qfx,5.819144319766968e-06
bco,5.819144319766968e-06
masahiro,5.819144319766968e-06
kni,5.819144319766968e-06
capitalus,5.819144319766968e-06
okj,5.819144319766968e-06
kjl,5.819144319766968e-06
lian,5.819144319766968e-06
lsj,5.819144319766968e-06
cdd,5.819144319766968e-06
puc,5.819144319766968e-06
uum,5.819144319766968e-06
efj,5.819144319766968e-06
dilip,5.819144319766968e-06
pwo,5.819144319766968e-06
tpa,5.819144319766968e-06
brute,5.819144319766968e-06
ipr,5.819144319766968e-06
cmr,5.819144319766968e-06
ssn,5.819144319766968e-06
cdz,5.819144319766968e-06
cultiv,5.819144319766968e-06
ayw,5.819144319766968e-06
rtd,5.819144319766968e-06
tni,5.819144319766968e-06
tralize,5.819144319766968e-06
ptd,5.819144319766968e-06
atil,5.819144319766968e-06
fgr,5.819144319766968e-06
mlt,5.819144319766968e-06
pmr,5.819144319766968e-06
offi,5.819144319766968e-06
shorterterm,5.819144319766968e-06
wellunderstood,5.819144319766968e-06
csx,5.819144319766968e-06
yir,5.819144319766968e-06
classifica,5.819144319766968e-06
tomer,5.819144319766968e-06
acquisi,5.819144319766968e-06
cww,5.819144319766968e-06
pontificia,5.819144319766968e-06
eaz,5.819144319766968e-06
dlc,5.819144319766968e-06
rangement,5.819144319766968e-06
qfj,5.819144319766968e-06
toe,5.819144319766968e-06
goss,5.819144319766968e-06
kvt,5.819144319766968e-06
eyn,5.819144319766968e-06
sca,5.819144319766968e-06
autor,5.819144319766968e-06
smsa,5.819144319766968e-06
lqi,5.819144319766968e-06
xsa,5.819144319766968e-06
appoint,5.819144319766968e-06
een,5.819144319766968e-06
enquir,5.819144319766968e-06
rrc,5.819144319766968e-06
timei,5.819144319766968e-06
flb,5.819144319766968e-06
hpo,5.819144319766968e-06
nic,5.819144319766968e-06
threefold,5.819144319766968e-06
xae,5.819144319766968e-06
fyj,5.819144319766968e-06
fate,5.819144319766968e-06
naivet,5.819144319766968e-06
brx,5.819144319766968e-06
yra,5.819144319766968e-06
alex,5.819144319766968e-06
xtm,5.819144319766968e-06
lyl,5.819144319766968e-06
cpq,5.819144319766968e-06
waterloo,5.819144319766968e-06
victim,5.819144319766968e-06
eje,5.819144319766968e-06
columbus,5.819144319766968e-06
tinuum,5.819144319766968e-06
mercer,5.819144319766968e-06
unmanag,5.819144319766968e-06
lail,5.819144319766968e-06
gloss,5.819144319766968e-06
yokohama,5.819144319766968e-06
dao,5.819144319766968e-06
dinal,5.819144319766968e-06
versibl,5.819144319766968e-06
whereupon,5.819144319766968e-06
pdz,5.819144319766968e-06
vla,5.819144319766968e-06
tttt,5.819144319766968e-06
rsk,5.819144319766968e-06
saa,5.819144319766968e-06
uzt,5.819144319766968e-06
iiit,5.819144319766968e-06
hht,5.819144319766968e-06
nonutil,5.819144319766968e-06
itat,5.819144319766968e-06
wts,5.819144319766968e-06
vand,5.819144319766968e-06
iak,5.819144319766968e-06
klu,5.819144319766968e-06
xdp,5.819144319766968e-06
crave,5.819144319766968e-06
turnbul,5.819144319766968e-06
confi,5.819144319766968e-06
omist,5.819144319766968e-06
uww,5.819144319766968e-06
associa,5.819144319766968e-06
dictatori,5.819144319766968e-06
loglog,5.819144319766968e-06
vcl,5.819144319766968e-06
reali,5.819144319766968e-06
phoebus,5.819144319766968e-06
vxj,5.819144319766968e-06
pipelin,5.819144319766968e-06
plural,5.819144319766968e-06
montia,5.819144319766968e-06
plotnick,5.819144319766968e-06
realincom,5.819144319766968e-06
andd,5.819144319766968e-06
uig,5.819144319766968e-06
vacat,5.819144319766968e-06
kjo,5.819144319766968e-06
eppl,5.819144319766968e-06
notax,5.819144319766968e-06
lessdevelop,5.819144319766968e-06
zdi,5.819144319766968e-06
rgi,5.819144319766968e-06
women,5.819144319766968e-06
unlucki,5.819144319766968e-06
yjr,5.819144319766968e-06
haz,5.819144319766968e-06
barski,5.819144319766968e-06
byp,5.819144319766968e-06
fabrizio,5.819144319766968e-06
boon,5.819144319766968e-06
cepr,5.819144319766968e-06
juin,5.819144319766968e-06
immin,5.819144319766968e-06
myo,5.819144319766968e-06
blundel,5.819144319766968e-06
forgotten,5.819144319766968e-06
makow,5.819144319766968e-06
vaughan,5.819144319766968e-06
roof,5.819144319766968e-06
riw,5.819144319766968e-06
seat,5.819144319766968e-06
snn,5.819144319766968e-06
hic,5.819144319766968e-06
equali,5.819144319766968e-06
esf,5.819144319766968e-06
nonmanipul,5.819144319766968e-06
admissi,5.819144319766968e-06
syndrom,5.819144319766968e-06
aghion,5.819144319766968e-06
qiu,5.819144319766968e-06
engend,5.819144319766968e-06
qiy,5.819144319766968e-06
xtz,5.819144319766968e-06
clf,5.819144319766968e-06
qrn,5.819144319766968e-06
laq,5.819144319766968e-06
yen,5.819144319766968e-06
jand,5.819144319766968e-06
dynami,5.819144319766968e-06
pura,5.819144319766968e-06
wcr,5.819144319766968e-06
amk,5.819144319766968e-06
cui,5.819144319766968e-06
resurg,5.819144319766968e-06
moon,5.819144319766968e-06
ylz,5.819144319766968e-06
endang,5.819144319766968e-06
principalag,5.819144319766968e-06
wherep,5.819144319766968e-06
extrema,5.819144319766968e-06
externali,5.819144319766968e-06
merican,5.819144319766968e-06
fmn,5.819144319766968e-06
npn,5.819144319766968e-06
decentraliza,5.819144319766968e-06
cpj,5.819144319766968e-06
kentucki,5.819144319766968e-06
ifu,5.819144319766968e-06
probx,5.819144319766968e-06
ficulti,5.819144319766968e-06
ktx,5.819144319766968e-06
giusepp,5.819144319766968e-06
icx,5.819144319766968e-06
whl,5.819144319766968e-06
rigour,5.819144319766968e-06
rte,5.819144319766968e-06
subcompon,5.819144319766968e-06
fqi,5.819144319766968e-06
unwieldi,5.819144319766968e-06
tir,5.819144319766968e-06
boulevard,5.819144319766968e-06
lyj,5.819144319766968e-06
pah,5.819144319766968e-06
ujk,5.819144319766968e-06
docu,5.819144319766968e-06
milano,5.819144319766968e-06
termina,5.819144319766968e-06
illustra,5.819144319766968e-06
rightmost,5.819144319766968e-06
demic,5.819144319766968e-06
wft,5.819144319766968e-06
esj,5.819144319766968e-06
coen,5.819144319766968e-06
muni,5.819144319766968e-06
cremer,5.819144319766968e-06
barton,5.819144319766968e-06
twovari,5.819144319766968e-06
rdx,5.819144319766968e-06
onn,5.819144319766968e-06
qri,5.819144319766968e-06
nienc,5.819144319766968e-06
picard,5.819144319766968e-06
mizer,5.819144319766968e-06
investigacion,5.819144319766968e-06
ttd,5.819144319766968e-06
morley,5.819144319766968e-06
tenet,5.819144319766968e-06
ptlt,5.819144319766968e-06
uei,5.819144319766968e-06
rafael,5.819144319766968e-06
consti,5.819144319766968e-06
dul,5.819144319766968e-06
oho,5.819144319766968e-06
indispen,5.819144319766968e-06
cft,5.819144319766968e-06
ahe,5.819144319766968e-06
pencil,5.819144319766968e-06
dura,5.819144319766968e-06
mxx,5.819144319766968e-06
rentier,5.819144319766968e-06
jtr,5.819144319766968e-06
palo,5.819144319766968e-06
mcintyr,5.819144319766968e-06
twodimen,5.819144319766968e-06
ccp,5.819144319766968e-06
untouch,5.819144319766968e-06
jpl,5.819144319766968e-06
movi,5.819144319766968e-06
equilibri,5.819144319766968e-06
xpz,5.819144319766968e-06
anew,5.819144319766968e-06
seton,5.819144319766968e-06
nrn,5.819144319766968e-06
zio,5.819144319766968e-06
bergla,5.819144319766968e-06
mmin,5.819144319766968e-06
laz,5.819144319766968e-06
pcn,5.819144319766968e-06
crb,5.819144319766968e-06
vyj,5.819144319766968e-06
yut,5.819144319766968e-06
shaw,5.819144319766968e-06
bonini,5.819144319766968e-06
nrt,5.819144319766968e-06
disaggr,5.819144319766968e-06
comprehend,5.819144319766968e-06
ifv,5.819144319766968e-06
heien,5.819144319766968e-06
volumin,5.819144319766968e-06
miscod,5.819144319766968e-06
abx,5.819144319766968e-06
dcd,5.819144319766968e-06
semilogarithm,5.819144319766968e-06
ija,5.819144319766968e-06
cator,5.819144319766968e-06
fortyyear,5.819144319766968e-06
tific,5.819144319766968e-06
parenthet,5.819144319766968e-06
listic,5.819144319766968e-06
ehud,5.819144319766968e-06
irrev,5.819144319766968e-06
repris,5.819144319766968e-06
mousli,5.819144319766968e-06
leak,5.819144319766968e-06
dod,5.819144319766968e-06
ytst,5.819144319766968e-06
oso,5.819144319766968e-06
cah,5.819144319766968e-06
vri,5.819144319766968e-06
lemon,5.819144319766968e-06
caf,5.819144319766968e-06
xeo,5.819144319766968e-06
nonincrea,5.819144319766968e-06
onm,5.819144319766968e-06
rausser,5.819144319766968e-06
ote,5.819144319766968e-06
commu,5.819144319766968e-06
cereal,5.819144319766968e-06
vxp,5.819144319766968e-06
innova,5.819144319766968e-06
vql,5.819144319766968e-06
deferr,5.819144319766968e-06
jsi,5.819144319766968e-06
dada,5.819144319766968e-06
disqualifi,5.819144319766968e-06
xxp,5.819144319766968e-06
rja,5.819144319766968e-06
iua,5.819144319766968e-06
secut,5.819144319766968e-06
svi,5.819144319766968e-06
sovereignti,5.819144319766968e-06
partha,5.819144319766968e-06
esl,5.819144319766968e-06
agl,5.819144319766968e-06
epw,5.819144319766968e-06
nonexplos,5.819144319766968e-06
theoryth,5.819144319766968e-06
tiq,5.819144319766968e-06
tighten,5.819144319766968e-06
lxxxiii,5.819144319766968e-06
ambient,5.819144319766968e-06
dcj,5.819144319766968e-06
latham,5.819144319766968e-06
limm,5.819144319766968e-06
autonoma,5.819144319766968e-06
fatten,5.819144319766968e-06
rfs,5.819144319766968e-06
navig,5.819144319766968e-06
navi,5.819144319766968e-06
equilibriumi,5.819144319766968e-06
gion,5.819144319766968e-06
dzj,5.819144319766968e-06
etut,5.819144319766968e-06
indistin,5.819144319766968e-06
xsl,5.819144319766968e-06
bcr,5.819144319766968e-06
ltk,5.819144319766968e-06
guishabl,5.819144319766968e-06
interestbear,5.819144319766968e-06
hab,5.819144319766968e-06
sergiu,5.819144319766968e-06
pork,5.819144319766968e-06
ciw,5.819144319766968e-06
iec,5.819144319766968e-06
georgetown,5.819144319766968e-06
dts,5.819144319766968e-06
eyf,5.819144319766968e-06
underpredict,5.819144319766968e-06
elr,5.819144319766968e-06
rak,5.819144319766968e-06
uln,5.819144319766968e-06
minr,5.819144319766968e-06
outputinfl,5.819144319766968e-06
perwork,5.819144319766968e-06
insolubl,5.819144319766968e-06
montgomeri,5.819144319766968e-06
palacioshuerta,5.819144319766968e-06
vid,5.819144319766968e-06
webb,5.819144319766968e-06
dles,5.819144319766968e-06
aur,5.819144319766968e-06
unrepres,5.819144319766968e-06
pnr,5.819144319766968e-06
linda,5.819144319766968e-06
afortiori,5.819144319766968e-06
eev,5.819144319766968e-06
centro,5.819144319766968e-06
fqq,5.819144319766968e-06
abj,5.819144319766968e-06
sfb,5.819144319766968e-06
zni,5.819144319766968e-06
irw,5.819144319766968e-06
relay,5.819144319766968e-06
itabl,5.819144319766968e-06
plr,5.819144319766968e-06
trn,5.819144319766968e-06
andfi,5.819144319766968e-06
nki,5.819144319766968e-06
evenson,5.819144319766968e-06
usr,5.819144319766968e-06
lop,5.819144319766968e-06
bbb,5.819144319766968e-06
ttu,5.819144319766968e-06
xro,5.819144319766968e-06
peac,5.819144319766968e-06
lhl,5.819144319766968e-06
blo,5.819144319766968e-06
rsx,5.819144319766968e-06
collar,5.819144319766968e-06
tile,5.819144319766968e-06
lwl,5.819144319766968e-06
kperiod,5.819144319766968e-06
mam,5.819144319766968e-06
counterparti,5.819144319766968e-06
eaf,5.819144319766968e-06
yaj,5.819144319766968e-06
boskin,5.819144319766968e-06
orley,5.819144319766968e-06
differentiat,5.819144319766968e-06
doubtless,5.819144319766968e-06
qll,5.819144319766968e-06
emm,5.819144319766968e-06
lji,5.819144319766968e-06
cripp,5.819144319766968e-06
curb,5.819144319766968e-06
lbl,5.819144319766968e-06
viq,5.819144319766968e-06
deleteri,5.819144319766968e-06
yrt,5.819144319766968e-06
wtwt,5.819144319766968e-06
ucg,5.819144319766968e-06
reallif,5.819144319766968e-06
yul,5.819144319766968e-06
tutabl,5.819144319766968e-06
qsi,5.819144319766968e-06
bsa,5.819144319766968e-06
orn,5.819144319766968e-06
urgent,5.819144319766968e-06
economico,5.819144319766968e-06
aaw,5.819144319766968e-06
pra,5.819144319766968e-06
delhi,5.819144319766968e-06
vvo,5.819144319766968e-06
communist,5.819144319766968e-06
jvj,5.819144319766968e-06
mincer,5.819144319766968e-06
gte,5.819144319766968e-06
wut,5.819144319766968e-06
pyh,5.819144319766968e-06
dnl,5.819144319766968e-06
cfa,5.819144319766968e-06
fiji,5.819144319766968e-06
rowthorn,5.819144319766968e-06
vnl,5.819144319766968e-06
gorithm,5.819144319766968e-06
ves,5.819144319766968e-06
ggi,5.819144319766968e-06
ifn,5.819144319766968e-06
vqt,5.819144319766968e-06
jeanfrancoi,5.819144319766968e-06
zjz,5.819144319766968e-06
itv,5.819144319766968e-06
mia,5.819144319766968e-06
vml,5.819144319766968e-06
unitcost,5.819144319766968e-06
ubi,5.819144319766968e-06
binswang,5.819144319766968e-06
bvt,5.819144319766968e-06
pnm,5.819144319766968e-06
arq,5.819144319766968e-06
qvi,5.819144319766968e-06
slovic,5.819144319766968e-06
straightlin,5.819144319766968e-06
kjj,5.819144319766968e-06
mvp,5.819144319766968e-06
hostil,5.819144319766968e-06
seizur,5.819144319766968e-06
kpp,5.819144319766968e-06
itw,5.819144319766968e-06
maccrimmon,5.819144319766968e-06
eighti,5.819144319766968e-06
ckr,5.819144319766968e-06
lxvii,5.819144319766968e-06
uwu,5.819144319766968e-06
nxx,5.819144319766968e-06
decept,5.819144319766968e-06
bcl,5.819144319766968e-06
afh,5.819144319766968e-06
hta,5.819144319766968e-06
lto,5.819144319766968e-06
illusori,5.819144319766968e-06
convict,5.819144319766968e-06
eao,5.819144319766968e-06
resold,5.819144319766968e-06
pashard,5.819144319766968e-06
lnpt,5.819144319766968e-06
slightest,5.819144319766968e-06
probabilityweight,5.819144319766968e-06
lowestpr,5.819144319766968e-06
edgar,5.819144319766968e-06
bust,5.819144319766968e-06
nore,5.819144319766968e-06
equlibrium,5.819144319766968e-06
noniid,5.819144319766968e-06
lll,5.819144319766968e-06
fectiv,5.819144319766968e-06
breiman,5.819144319766968e-06
astronomi,5.819144319766968e-06
dev,5.819144319766968e-06
disloc,5.819144319766968e-06
ecolog,5.819144319766968e-06
rtrt,5.819144319766968e-06
jik,5.819144319766968e-06
uwe,5.819144319766968e-06
rvo,5.819144319766968e-06
wealthmaxim,5.819144319766968e-06
zealand,5.819144319766968e-06
partisan,5.819144319766968e-06
vig,5.819144319766968e-06
xpn,5.819144319766968e-06
reo,5.819144319766968e-06
ijr,5.819144319766968e-06
joy,5.819144319766968e-06
tnn,5.819144319766968e-06
chile,5.819144319766968e-06
prq,5.819144319766968e-06
redi,5.819144319766968e-06
fpk,5.819144319766968e-06
xed,5.819144319766968e-06
iou,5.819144319766968e-06
abid,5.819144319766968e-06
welldocu,5.819144319766968e-06
superneutr,5.819144319766968e-06
battl,5.819144319766968e-06
tober,5.819144319766968e-06
heinemann,5.819144319766968e-06
embark,5.819144319766968e-06
odt,5.819144319766968e-06
drn,5.819144319766968e-06
biograph,5.819144319766968e-06
knot,5.819144319766968e-06
hop,5.819144319766968e-06
zki,5.819144319766968e-06
ede,5.819144319766968e-06
qla,5.819144319766968e-06
shin,5.819144319766968e-06
ymin,5.819144319766968e-06
hmso,5.819144319766968e-06
promi,5.819144319766968e-06
nineteen,5.819144319766968e-06
nick,5.819144319766968e-06
wlh,5.819144319766968e-06
saleabl,5.819144319766968e-06
kki,5.819144319766968e-06
cartwright,5.819144319766968e-06
wiu,5.819144319766968e-06
complianc,5.819144319766968e-06
llf,5.819144319766968e-06
empha,5.819144319766968e-06
cholog,5.819144319766968e-06
esd,5.819144319766968e-06
confidenti,5.819144319766968e-06
misreport,5.819144319766968e-06
retali,5.819144319766968e-06
gowrisankaran,5.819144319766968e-06
dartmouth,5.819144319766968e-06
tactic,5.819144319766968e-06
unin,5.819144319766968e-06
oaj,5.819144319766968e-06
emp,5.819144319766968e-06
derstand,5.819144319766968e-06
irrig,5.819144319766968e-06
eus,5.819144319766968e-06
suzumura,5.819144319766968e-06
ymm,5.819144319766968e-06
lri,5.819144319766968e-06
shelli,5.819144319766968e-06
seiz,5.819144319766968e-06
unravel,5.819144319766968e-06
teststatist,5.819144319766968e-06
uncom,5.819144319766968e-06
tious,5.819144319766968e-06
brandt,5.819144319766968e-06
tqj,5.819144319766968e-06
edo,5.819144319766968e-06
yam,5.819144319766968e-06
plpl,5.819144319766968e-06
reac,5.819144319766968e-06
mechanist,5.819144319766968e-06
sumner,5.819144319766968e-06
fvl,5.819144319766968e-06
kjx,5.819144319766968e-06
plastic,5.819144319766968e-06
irrevoc,5.819144319766968e-06
rebal,5.819144319766968e-06
greed,5.819144319766968e-06
clumsi,5.819144319766968e-06
tabular,5.819144319766968e-06
ilv,5.819144319766968e-06
surmount,5.819144319766968e-06
ramif,5.819144319766968e-06
eej,5.819144319766968e-06
brigham,5.819144319766968e-06
eeu,5.819144319766968e-06
defaultfre,5.819144319766968e-06
overinvest,5.819144319766968e-06
rfo,5.819144319766968e-06
lmax,5.819144319766968e-06
pittsburgh,5.819144319766968e-06
gabaix,5.819144319766968e-06
pdd,5.819144319766968e-06
qht,5.819144319766968e-06
preselect,5.819144319766968e-06
interquartil,5.819144319766968e-06
fascin,5.819144319766968e-06
phr,5.819144319766968e-06
pvl,5.819144319766968e-06
overturn,5.819144319766968e-06
ttest,5.819144319766968e-06
ifz,5.819144319766968e-06
bounc,5.819144319766968e-06
flavin,5.819144319766968e-06
circumscrib,5.819144319766968e-06
dic,5.819144319766968e-06
darrough,5.819144319766968e-06
xlr,5.819144319766968e-06
dickson,5.819144319766968e-06
bba,5.819144319766968e-06
olp,5.819144319766968e-06
ldx,5.819144319766968e-06
unintend,5.819144319766968e-06
eca,5.819144319766968e-06
tmi,5.819144319766968e-06
wheni,5.819144319766968e-06
wjk,5.819144319766968e-06
vila,5.819144319766968e-06
chronicl,5.819144319766968e-06
ram,5.819144319766968e-06
african,5.819144319766968e-06
abolish,5.819144319766968e-06
tentli,5.819144319766968e-06
mator,5.819144319766968e-06
lxix,5.819144319766968e-06
newspap,5.819144319766968e-06
henn,5.819144319766968e-06
ishikawa,5.819144319766968e-06
stantan,5.819144319766968e-06
jule,5.819144319766968e-06
mees,5.819144319766968e-06
pws,5.819144319766968e-06
cosslett,5.819144319766968e-06
metrick,5.819144319766968e-06
hwt,5.819144319766968e-06
consensu,5.819144319766968e-06
avner,5.819144319766968e-06
prat,5.819144319766968e-06
ssj,5.819144319766968e-06
skorohod,5.819144319766968e-06
domencich,5.819144319766968e-06
preceed,5.819144319766968e-06
klj,5.819144319766968e-06
enriqu,5.819144319766968e-06
avr,5.819144319766968e-06
ppr,5.819144319766968e-06
etw,5.819144319766968e-06
triffin,5.819144319766968e-06
ferior,5.819144319766968e-06
defeat,5.819144319766968e-06
pcf,5.819144319766968e-06
agricul,5.819144319766968e-06
hoh,5.819144319766968e-06
enm,5.819144319766968e-06
unsati,5.819144319766968e-06
ithi,5.819144319766968e-06
vain,5.819144319766968e-06
abd,5.819144319766968e-06
rrn,5.819144319766968e-06
fwo,5.819144319766968e-06
txk,5.819144319766968e-06
rsa,5.819144319766968e-06
balling,5.819144319766968e-06
polyno,5.819144319766968e-06
clv,5.819144319766968e-06
lizat,5.819144319766968e-06
unob,5.819144319766968e-06
qkl,5.819144319766968e-06
midwest,5.819144319766968e-06
shaki,5.819144319766968e-06
ayn,5.819144319766968e-06
liang,5.819144319766968e-06
walrasbowley,5.819144319766968e-06
zao,5.819144319766968e-06
lxv,5.819144319766968e-06
qoo,5.819144319766968e-06
amherst,5.819144319766968e-06
equiprob,5.819144319766968e-06
twodigit,5.819144319766968e-06
neq,5.819144319766968e-06
qwl,5.819144319766968e-06
jus,5.819144319766968e-06
rerun,5.819144319766968e-06
bauer,5.819144319766968e-06
supj,5.819144319766968e-06
entrench,5.819144319766968e-06
warm,5.819144319766968e-06
cja,5.819144319766968e-06
twoequat,5.819144319766968e-06
shake,5.819144319766968e-06
erev,5.819144319766968e-06
orf,5.819144319766968e-06
xifi,5.819144319766968e-06
cornerston,5.819144319766968e-06
stratif,5.819144319766968e-06
yellen,5.819144319766968e-06
veget,5.819144319766968e-06
qif,5.819144319766968e-06
fwj,5.819144319766968e-06
pivi,5.819144319766968e-06
dudley,5.819144319766968e-06
riy,5.819144319766968e-06
spoil,5.819144319766968e-06
blow,5.819144319766968e-06
hajim,5.819144319766968e-06
nmarket,5.819144319766968e-06
borger,5.819144319766968e-06
scan,5.819144319766968e-06
vinc,5.819144319766968e-06
wpa,5.819144319766968e-06
rock,5.819144319766968e-06
amb,5.819144319766968e-06
porari,5.819144319766968e-06
bpo,5.819144319766968e-06
paretodomin,5.819144319766968e-06
htj,5.819144319766968e-06
kuz,5.819144319766968e-06
ehess,5.819144319766968e-06
luttmer,5.819144319766968e-06
mmc,5.819144319766968e-06
yml,5.819144319766968e-06
secondstep,5.819144319766968e-06
exn,5.819144319766968e-06
withdrawn,5.819144319766968e-06
ibo,5.819144319766968e-06
nient,5.819144319766968e-06
upturn,5.819144319766968e-06
wpx,5.819144319766968e-06
ylp,5.819144319766968e-06
gsl,5.819144319766968e-06
rani,5.819144319766968e-06
intermarket,5.819144319766968e-06
qls,5.819144319766968e-06
presenta,5.819144319766968e-06
appr,5.819144319766968e-06
azl,5.819144319766968e-06
putti,5.819144319766968e-06
scx,4.9878379883716874e-06
hoeffd,4.9878379883716874e-06
rockefel,4.9878379883716874e-06
vpk,4.9878379883716874e-06
nar,4.9878379883716874e-06
tiw,4.9878379883716874e-06
crc,4.9878379883716874e-06
privatesector,4.9878379883716874e-06
wlo,4.9878379883716874e-06
ufc,4.9878379883716874e-06
confess,4.9878379883716874e-06
ptet,4.9878379883716874e-06
sweet,4.9878379883716874e-06
wwi,4.9878379883716874e-06
ucd,4.9878379883716874e-06
ccx,4.9878379883716874e-06
dvs,4.9878379883716874e-06
outofpocket,4.9878379883716874e-06
involuntarili,4.9878379883716874e-06
utb,4.9878379883716874e-06
libor,4.9878379883716874e-06
plore,4.9878379883716874e-06
ddl,4.9878379883716874e-06
puo,4.9878379883716874e-06
dissoci,4.9878379883716874e-06
tyj,4.9878379883716874e-06
reparametr,4.9878379883716874e-06
oic,4.9878379883716874e-06
irb,4.9878379883716874e-06
puu,4.9878379883716874e-06
unan,4.9878379883716874e-06
divestitur,4.9878379883716874e-06
razor,4.9878379883716874e-06
perl,4.9878379883716874e-06
ghs,4.9878379883716874e-06
bct,4.9878379883716874e-06
dkx,4.9878379883716874e-06
unconnect,4.9878379883716874e-06
tpr,4.9878379883716874e-06
potent,4.9878379883716874e-06
miy,4.9878379883716874e-06
ubc,4.9878379883716874e-06
nhn,4.9878379883716874e-06
epc,4.9878379883716874e-06
efp,4.9878379883716874e-06
jrl,4.9878379883716874e-06
equilibriumn,4.9878379883716874e-06
qol,4.9878379883716874e-06
inad,4.9878379883716874e-06
gqi,4.9878379883716874e-06
vou,4.9878379883716874e-06
inexpens,4.9878379883716874e-06
bpj,4.9878379883716874e-06
oba,4.9878379883716874e-06
lowproduct,4.9878379883716874e-06
ego,4.9878379883716874e-06
uneasi,4.9878379883716874e-06
org,4.9878379883716874e-06
umr,4.9878379883716874e-06
hni,4.9878379883716874e-06
ald,4.9878379883716874e-06
irh,4.9878379883716874e-06
feig,4.9878379883716874e-06
hls,4.9878379883716874e-06
essarili,4.9878379883716874e-06
rietz,4.9878379883716874e-06
pommerehn,4.9878379883716874e-06
xmn,4.9878379883716874e-06
wishart,4.9878379883716874e-06
rsj,4.9878379883716874e-06
tvo,4.9878379883716874e-06
intrafirm,4.9878379883716874e-06
yxa,4.9878379883716874e-06
fnr,4.9878379883716874e-06
wir,4.9878379883716874e-06
pqn,4.9878379883716874e-06
ccr,4.9878379883716874e-06
decompo,4.9878379883716874e-06
cck,4.9878379883716874e-06
anatomi,4.9878379883716874e-06
abroad,4.9878379883716874e-06
mpk,4.9878379883716874e-06
stochasti,4.9878379883716874e-06
cializ,4.9878379883716874e-06
pyle,4.9878379883716874e-06
fixedproport,4.9878379883716874e-06
sqs,4.9878379883716874e-06
vivid,4.9878379883716874e-06
bim,4.9878379883716874e-06
cld,4.9878379883716874e-06
trice,4.9878379883716874e-06
mandat,4.9878379883716874e-06
prn,4.9878379883716874e-06
pqx,4.9878379883716874e-06
ztzt,4.9878379883716874e-06
antilog,4.9878379883716874e-06
fuu,4.9878379883716874e-06
interpl,4.9878379883716874e-06
visitor,4.9878379883716874e-06
kirchsteig,4.9878379883716874e-06
harmoni,4.9878379883716874e-06
mne,4.9878379883716874e-06
gardin,4.9878379883716874e-06
ojj,4.9878379883716874e-06
mccormick,4.9878379883716874e-06
readabl,4.9878379883716874e-06
llj,4.9878379883716874e-06
bln,4.9878379883716874e-06
rcn,4.9878379883716874e-06
bagwel,4.9878379883716874e-06
ptit,4.9878379883716874e-06
prefac,4.9878379883716874e-06
aspir,4.9878379883716874e-06
unpack,4.9878379883716874e-06
yls,4.9878379883716874e-06
anzd,4.9878379883716874e-06
plf,4.9878379883716874e-06
logarith,4.9878379883716874e-06
cfj,4.9878379883716874e-06
demarc,4.9878379883716874e-06
pire,4.9878379883716874e-06
pfn,4.9878379883716874e-06
tay,4.9878379883716874e-06
yai,4.9878379883716874e-06
ixe,4.9878379883716874e-06
nonhuman,4.9878379883716874e-06
ohl,4.9878379883716874e-06
econiometrica,4.9878379883716874e-06
compensatori,4.9878379883716874e-06
manipula,4.9878379883716874e-06
probe,4.9878379883716874e-06
gst,4.9878379883716874e-06
plat,4.9878379883716874e-06
noninvest,4.9878379883716874e-06
iao,4.9878379883716874e-06
nonconform,4.9878379883716874e-06
mhi,4.9878379883716874e-06
deceas,4.9878379883716874e-06
pkr,4.9878379883716874e-06
bcs,4.9878379883716874e-06
pocket,4.9878379883716874e-06
marginalproduct,4.9878379883716874e-06
vtu,4.9878379883716874e-06
klo,4.9878379883716874e-06
sched,4.9878379883716874e-06
sheer,4.9878379883716874e-06
wand,4.9878379883716874e-06
katherin,4.9878379883716874e-06
normaliza,4.9878379883716874e-06
regain,4.9878379883716874e-06
pastor,4.9878379883716874e-06
kaj,4.9878379883716874e-06
singapor,4.9878379883716874e-06
tainabl,4.9878379883716874e-06
icp,4.9878379883716874e-06
cqc,4.9878379883716874e-06
colston,4.9878379883716874e-06
gto,4.9878379883716874e-06
assi,4.9878379883716874e-06
radii,4.9878379883716874e-06
mcj,4.9878379883716874e-06
bardhan,4.9878379883716874e-06
dsj,4.9878379883716874e-06
hle,4.9878379883716874e-06
northern,4.9878379883716874e-06
mca,4.9878379883716874e-06
incept,4.9878379883716874e-06
jcr,4.9878379883716874e-06
nometrica,4.9878379883716874e-06
iop,4.9878379883716874e-06
bok,4.9878379883716874e-06
covx,4.9878379883716874e-06
mlx,4.9878379883716874e-06
otj,4.9878379883716874e-06
grenand,4.9878379883716874e-06
vss,4.9878379883716874e-06
harrington,4.9878379883716874e-06
elliott,4.9878379883716874e-06
smorodinski,4.9878379883716874e-06
thieori,4.9878379883716874e-06
urib,4.9878379883716874e-06
bern,4.9878379883716874e-06
offirm,4.9878379883716874e-06
koi,4.9878379883716874e-06
submodel,4.9878379883716874e-06
poussin,4.9878379883716874e-06
npt,4.9878379883716874e-06
yxj,4.9878379883716874e-06
jolt,4.9878379883716874e-06
xexp,4.9878379883716874e-06
efg,4.9878379883716874e-06
lettau,4.9878379883716874e-06
solnik,4.9878379883716874e-06
gwt,4.9878379883716874e-06
lrm,4.9878379883716874e-06
rvt,4.9878379883716874e-06
pigovian,4.9878379883716874e-06
mhz,4.9878379883716874e-06
ztx,4.9878379883716874e-06
jurgen,4.9878379883716874e-06
yearbyyear,4.9878379883716874e-06
ubu,4.9878379883716874e-06
endofyear,4.9878379883716874e-06
itit,4.9878379883716874e-06
ybl,4.9878379883716874e-06
firn,4.9878379883716874e-06
goldstein,4.9878379883716874e-06
paral,4.9878379883716874e-06
rediscov,4.9878379883716874e-06
gral,4.9878379883716874e-06
spa,4.9878379883716874e-06
infect,4.9878379883716874e-06
equidist,4.9878379883716874e-06
disincent,4.9878379883716874e-06
cxv,4.9878379883716874e-06
tiy,4.9878379883716874e-06
pbs,4.9878379883716874e-06
pleasant,4.9878379883716874e-06
changeabl,4.9878379883716874e-06
pmn,4.9878379883716874e-06
jie,4.9878379883716874e-06
kot,4.9878379883716874e-06
nls,4.9878379883716874e-06
untrustworthi,4.9878379883716874e-06
okl,4.9878379883716874e-06
udc,4.9878379883716874e-06
productiv,4.9878379883716874e-06
etp,4.9878379883716874e-06
ejc,4.9878379883716874e-06
hlo,4.9878379883716874e-06
sab,4.9878379883716874e-06
urnal,4.9878379883716874e-06
vfv,4.9878379883716874e-06
rjn,4.9878379883716874e-06
beth,4.9878379883716874e-06
lauri,4.9878379883716874e-06
nell,4.9878379883716874e-06
blum,4.9878379883716874e-06
agg,4.9878379883716874e-06
potter,4.9878379883716874e-06
frk,4.9878379883716874e-06
yya,4.9878379883716874e-06
rys,4.9878379883716874e-06
bump,4.9878379883716874e-06
poison,4.9878379883716874e-06
plicabl,4.9878379883716874e-06
distributioni,4.9878379883716874e-06
gsa,4.9878379883716874e-06
ecj,4.9878379883716874e-06
gaussmarkov,4.9878379883716874e-06
yox,4.9878379883716874e-06
obsolet,4.9878379883716874e-06
redun,4.9878379883716874e-06
surrend,4.9878379883716874e-06
dlf,4.9878379883716874e-06
hale,4.9878379883716874e-06
bce,4.9878379883716874e-06
usj,4.9878379883716874e-06
depr,4.9878379883716874e-06
feebl,4.9878379883716874e-06
ocn,4.9878379883716874e-06
suh,4.9878379883716874e-06
sej,4.9878379883716874e-06
fring,4.9878379883716874e-06
eck,4.9878379883716874e-06
euv,4.9878379883716874e-06
nonlabour,4.9878379883716874e-06
gaj,4.9878379883716874e-06
interm,4.9878379883716874e-06
endless,4.9878379883716874e-06
sof,4.9878379883716874e-06
canzoneri,4.9878379883716874e-06
justifica,4.9878379883716874e-06
pricesupport,4.9878379883716874e-06
concess,4.9878379883716874e-06
qzi,4.9878379883716874e-06
alti,4.9878379883716874e-06
ccd,4.9878379883716874e-06
husband,4.9878379883716874e-06
outgo,4.9878379883716874e-06
iew,4.9878379883716874e-06
counti,4.9878379883716874e-06
arithm,4.9878379883716874e-06
jlk,4.9878379883716874e-06
lhi,4.9878379883716874e-06
xjn,4.9878379883716874e-06
reunion,4.9878379883716874e-06
conditioni,4.9878379883716874e-06
regula,4.9878379883716874e-06
rbt,4.9878379883716874e-06
pete,4.9878379883716874e-06
aza,4.9878379883716874e-06
eyx,4.9878379883716874e-06
minv,4.9878379883716874e-06
noninflationari,4.9878379883716874e-06
laj,4.9878379883716874e-06
examina,4.9878379883716874e-06
plau,4.9878379883716874e-06
xqi,4.9878379883716874e-06
ldp,4.9878379883716874e-06
noy,4.9878379883716874e-06
ryy,4.9878379883716874e-06
unblock,4.9878379883716874e-06
rqi,4.9878379883716874e-06
qyt,4.9878379883716874e-06
dsc,4.9878379883716874e-06
usl,4.9878379883716874e-06
pae,4.9878379883716874e-06
ution,4.9878379883716874e-06
thorsten,4.9878379883716874e-06
cbt,4.9878379883716874e-06
hoe,4.9878379883716874e-06
sing,4.9878379883716874e-06
jrr,4.9878379883716874e-06
econoinetrica,4.9878379883716874e-06
oyl,4.9878379883716874e-06
uuj,4.9878379883716874e-06
lazear,4.9878379883716874e-06
pzp,4.9878379883716874e-06
xrj,4.9878379883716874e-06
fua,4.9878379883716874e-06
vet,4.9878379883716874e-06
ndp,4.9878379883716874e-06
laf,4.9878379883716874e-06
jourdan,4.9878379883716874e-06
quasinewton,4.9878379883716874e-06
vei,4.9878379883716874e-06
ftf,4.9878379883716874e-06
malize,4.9878379883716874e-06
rootn,4.9878379883716874e-06
qpl,4.9878379883716874e-06
ole,4.9878379883716874e-06
www,4.9878379883716874e-06
kobe,4.9878379883716874e-06
genev,4.9878379883716874e-06
iqo,4.9878379883716874e-06
ihx,4.9878379883716874e-06
weed,4.9878379883716874e-06
euo,4.9878379883716874e-06
ehi,4.9878379883716874e-06
klog,4.9878379883716874e-06
eoa,4.9878379883716874e-06
stricter,4.9878379883716874e-06
saliti,4.9878379883716874e-06
etb,4.9878379883716874e-06
ilr,4.9878379883716874e-06
garner,4.9878379883716874e-06
eqe,4.9878379883716874e-06
bni,4.9878379883716874e-06
hqi,4.9878379883716874e-06
laps,4.9878379883716874e-06
zim,4.9878379883716874e-06
disguis,4.9878379883716874e-06
xgi,4.9878379883716874e-06
inap,4.9878379883716874e-06
interfac,4.9878379883716874e-06
yesterday,4.9878379883716874e-06
ydp,4.9878379883716874e-06
cqo,4.9878379883716874e-06
olat,4.9878379883716874e-06
pce,4.9878379883716874e-06
ltx,4.9878379883716874e-06
oversight,4.9878379883716874e-06
jdt,4.9878379883716874e-06
gdt,4.9878379883716874e-06
eea,4.9878379883716874e-06
machlup,4.9878379883716874e-06
chatterje,4.9878379883716874e-06
akira,4.9878379883716874e-06
ddx,4.9878379883716874e-06
vgi,4.9878379883716874e-06
intensifi,4.9878379883716874e-06
pju,4.9878379883716874e-06
folk,4.9878379883716874e-06
oda,4.9878379883716874e-06
enu,4.9878379883716874e-06
rta,4.9878379883716874e-06
lexp,4.9878379883716874e-06
lej,4.9878379883716874e-06
limz,4.9878379883716874e-06
leadlag,4.9878379883716874e-06
nonmaxim,4.9878379883716874e-06
wagerent,4.9878379883716874e-06
unplan,4.9878379883716874e-06
wcs,4.9878379883716874e-06
lxxiii,4.9878379883716874e-06
referenc,4.9878379883716874e-06
nonwag,4.9878379883716874e-06
symptom,4.9878379883716874e-06
fbi,4.9878379883716874e-06
afw,4.9878379883716874e-06
tls,4.9878379883716874e-06
uyo,4.9878379883716874e-06
hah,4.9878379883716874e-06
madanski,4.9878379883716874e-06
dari,4.9878379883716874e-06
julyaugust,4.9878379883716874e-06
ach,4.9878379883716874e-06
broom,4.9878379883716874e-06
dear,4.9878379883716874e-06
wjs,4.9878379883716874e-06
unpalat,4.9878379883716874e-06
ajai,4.9878379883716874e-06
alexandr,4.9878379883716874e-06
nondiscrimin,4.9878379883716874e-06
pke,4.9878379883716874e-06
bcd,4.9878379883716874e-06
kete,4.9878379883716874e-06
tulat,4.9878379883716874e-06
acq,4.9878379883716874e-06
warr,4.9878379883716874e-06
boldfac,4.9878379883716874e-06
nonintersect,4.9878379883716874e-06
stationaryst,4.9878379883716874e-06
oecd,4.9878379883716874e-06
substitutabil,4.9878379883716874e-06
mail,4.9878379883716874e-06
wolfram,4.9878379883716874e-06
nagi,4.9878379883716874e-06
fluctu,4.9878379883716874e-06
fxfx,4.9878379883716874e-06
dmn,4.9878379883716874e-06
infirm,4.9878379883716874e-06
rps,4.9878379883716874e-06
laborintens,4.9878379883716874e-06
nee,4.9878379883716874e-06
sein,4.9878379883716874e-06
mex,4.9878379883716874e-06
fke,4.9878379883716874e-06
schein,4.9878379883716874e-06
ljl,4.9878379883716874e-06
goldenag,4.9878379883716874e-06
blp,4.9878379883716874e-06
ypw,4.9878379883716874e-06
ceivabl,4.9878379883716874e-06
scrutin,4.9878379883716874e-06
korea,4.9878379883716874e-06
supersed,4.9878379883716874e-06
rsn,4.9878379883716874e-06
lgi,4.9878379883716874e-06
iql,4.9878379883716874e-06
markettobook,4.9878379883716874e-06
senc,4.9878379883716874e-06
blood,4.9878379883716874e-06
ivii,4.9878379883716874e-06
vola,4.9878379883716874e-06
ivl,4.9878379883716874e-06
wtk,4.9878379883716874e-06
bft,4.9878379883716874e-06
gossen,4.9878379883716874e-06
omega,4.9878379883716874e-06
riv,4.9878379883716874e-06
eek,4.9878379883716874e-06
junctur,4.9878379883716874e-06
excus,4.9878379883716874e-06
galbraith,4.9878379883716874e-06
gousli,4.9878379883716874e-06
clement,4.9878379883716874e-06
ageri,4.9878379883716874e-06
uec,4.9878379883716874e-06
rwi,4.9878379883716874e-06
jir,4.9878379883716874e-06
proprietari,4.9878379883716874e-06
overproduct,4.9878379883716874e-06
scn,4.9878379883716874e-06
republ,4.9878379883716874e-06
ggl,4.9878379883716874e-06
fnf,4.9878379883716874e-06
hyman,4.9878379883716874e-06
freight,4.9878379883716874e-06
elliot,4.9878379883716874e-06
otu,4.9878379883716874e-06
abnor,4.9878379883716874e-06
refineri,4.9878379883716874e-06
adg,4.9878379883716874e-06
viyi,4.9878379883716874e-06
mvi,4.9878379883716874e-06
ulj,4.9878379883716874e-06
dicksmireaux,4.9878379883716874e-06
thor,4.9878379883716874e-06
fraumeni,4.9878379883716874e-06
rls,4.9878379883716874e-06
paulo,4.9878379883716874e-06
currentyear,4.9878379883716874e-06
festing,4.9878379883716874e-06
qno,4.9878379883716874e-06
tsk,4.9878379883716874e-06
sao,4.9878379883716874e-06
caster,4.9878379883716874e-06
eager,4.9878379883716874e-06
yff,4.9878379883716874e-06
tib,4.9878379883716874e-06
tdistribut,4.9878379883716874e-06
auckland,4.9878379883716874e-06
wta,4.9878379883716874e-06
ullman,4.9878379883716874e-06
jkt,4.9878379883716874e-06
commonplac,4.9878379883716874e-06
gri,4.9878379883716874e-06
amj,4.9878379883716874e-06
nonexperiment,4.9878379883716874e-06
rlc,4.9878379883716874e-06
dac,4.9878379883716874e-06
woa,4.9878379883716874e-06
begg,4.9878379883716874e-06
factorintens,4.9878379883716874e-06
boylan,4.9878379883716874e-06
yang,4.9878379883716874e-06
pilot,4.9878379883716874e-06
pho,4.9878379883716874e-06
inequalityavers,4.9878379883716874e-06
bahadur,4.9878379883716874e-06
stockbrok,4.9878379883716874e-06
nyc,4.9878379883716874e-06
conway,4.9878379883716874e-06
hih,4.9878379883716874e-06
lanc,4.9878379883716874e-06
mander,4.9878379883716874e-06
sgi,4.9878379883716874e-06
erw,4.9878379883716874e-06
rnk,4.9878379883716874e-06
alxt,4.9878379883716874e-06
timelag,4.9878379883716874e-06
twoway,4.9878379883716874e-06
psk,4.9878379883716874e-06
eqj,4.9878379883716874e-06
coveri,4.9878379883716874e-06
swf,4.9878379883716874e-06
barbera,4.9878379883716874e-06
memo,4.9878379883716874e-06
qet,4.9878379883716874e-06
foreshadow,4.9878379883716874e-06
fon,4.9878379883716874e-06
voter,4.9878379883716874e-06
taxa,4.9878379883716874e-06
postkeynesian,4.9878379883716874e-06
vrp,4.9878379883716874e-06
ztk,4.9878379883716874e-06
soin,4.9878379883716874e-06
wor,4.9878379883716874e-06
salienc,4.9878379883716874e-06
imj,4.9878379883716874e-06
udp,4.9878379883716874e-06
brent,4.9878379883716874e-06
consent,4.9878379883716874e-06
snj,4.9878379883716874e-06
cincinnati,4.9878379883716874e-06
prima,4.9878379883716874e-06
typifi,4.9878379883716874e-06
nondepreci,4.9878379883716874e-06
uiui,4.9878379883716874e-06
isc,4.9878379883716874e-06
descent,4.9878379883716874e-06
abramowitz,4.9878379883716874e-06
nale,4.9878379883716874e-06
miliar,4.9878379883716874e-06
mccloskey,4.9878379883716874e-06
itam,4.9878379883716874e-06
hft,4.9878379883716874e-06
pppp,4.9878379883716874e-06
oor,4.9878379883716874e-06
sso,4.9878379883716874e-06
cfp,4.9878379883716874e-06
trian,4.9878379883716874e-06
fuzzi,4.9878379883716874e-06
jou,4.9878379883716874e-06
tiliti,4.9878379883716874e-06
koa,4.9878379883716874e-06
faci,4.9878379883716874e-06
styt,4.9878379883716874e-06
anyhow,4.9878379883716874e-06
seattl,4.9878379883716874e-06
dkd,4.9878379883716874e-06
ktkt,4.9878379883716874e-06
hbt,4.9878379883716874e-06
aow,4.9878379883716874e-06
econonmi,4.9878379883716874e-06
physica,4.9878379883716874e-06
chef,4.9878379883716874e-06
rosenth,4.9878379883716874e-06
hox,4.9878379883716874e-06
gci,4.9878379883716874e-06
suprema,4.9878379883716874e-06
thp,4.9878379883716874e-06
cand,4.9878379883716874e-06
kravi,4.9878379883716874e-06
optimi,4.9878379883716874e-06
inerti,4.9878379883716874e-06
acd,4.9878379883716874e-06
lel,4.9878379883716874e-06
bearer,4.9878379883716874e-06
subpopul,4.9878379883716874e-06
misrepres,4.9878379883716874e-06
siw,4.9878379883716874e-06
berkowitz,4.9878379883716874e-06
foro,4.9878379883716874e-06
adb,4.9878379883716874e-06
lut,4.9878379883716874e-06
hallmark,4.9878379883716874e-06
ime,4.9878379883716874e-06
disputandum,4.9878379883716874e-06
tlm,4.9878379883716874e-06
preci,4.9878379883716874e-06
inti,4.9878379883716874e-06
foolish,4.9878379883716874e-06
bih,4.9878379883716874e-06
juxtaposit,4.9878379883716874e-06
dedi,4.9878379883716874e-06
correlogram,4.9878379883716874e-06
icl,4.9878379883716874e-06
bos,4.9878379883716874e-06
variabil,4.9878379883716874e-06
shepard,4.9878379883716874e-06
oner,4.9878379883716874e-06
jyt,4.9878379883716874e-06
wiksel,4.9878379883716874e-06
agentspecif,4.9878379883716874e-06
titud,4.9878379883716874e-06
withhold,4.9878379883716874e-06
leipnik,4.9878379883716874e-06
sidrauski,4.9878379883716874e-06
xof,4.9878379883716874e-06
fvs,4.9878379883716874e-06
ezn,4.9878379883716874e-06
jlj,4.9878379883716874e-06
admini,4.9878379883716874e-06
taxfre,4.9878379883716874e-06
ratifi,4.9878379883716874e-06
ravi,4.9878379883716874e-06
daj,4.9878379883716874e-06
clara,4.9878379883716874e-06
admir,4.9878379883716874e-06
ujo,4.9878379883716874e-06
prf,4.9878379883716874e-06
afor,4.9878379883716874e-06
grope,4.9878379883716874e-06
utr,4.9878379883716874e-06
tfp,4.9878379883716874e-06
civilian,4.9878379883716874e-06
qqi,4.9878379883716874e-06
unsurpris,4.9878379883716874e-06
breakeven,4.9878379883716874e-06
wjw,4.9878379883716874e-06
hyperinflationari,4.9878379883716874e-06
hiz,4.9878379883716874e-06
fungibl,4.9878379883716874e-06
heard,4.9878379883716874e-06
hxj,4.9878379883716874e-06
amh,4.9878379883716874e-06
vle,4.9878379883716874e-06
outputpric,4.9878379883716874e-06
ilc,4.9878379883716874e-06
clutter,4.9878379883716874e-06
sns,4.9878379883716874e-06
contigu,4.9878379883716874e-06
wmw,4.9878379883716874e-06
physicaverlag,4.9878379883716874e-06
nistic,4.9878379883716874e-06
retroact,4.9878379883716874e-06
endo,4.9878379883716874e-06
tensiv,4.9878379883716874e-06
vus,4.9878379883716874e-06
uaw,4.9878379883716874e-06
hrh,4.9878379883716874e-06
physi,4.9878379883716874e-06
qtm,4.9878379883716874e-06
foj,4.9878379883716874e-06
joshua,4.9878379883716874e-06
cournottyp,4.9878379883716874e-06
unsound,4.9878379883716874e-06
ruback,4.9878379883716874e-06
upc,4.9878379883716874e-06
ttf,4.9878379883716874e-06
welfaremaxim,4.9878379883716874e-06
longerrun,4.9878379883716874e-06
ukl,4.9878379883716874e-06
inescap,4.9878379883716874e-06
plea,4.9878379883716874e-06
carol,4.9878379883716874e-06
freed,4.9878379883716874e-06
bronfenbrenn,4.9878379883716874e-06
deck,4.9878379883716874e-06
acti,4.9878379883716874e-06
dissatisfi,4.9878379883716874e-06
fection,4.9878379883716874e-06
stm,4.9878379883716874e-06
waldman,4.9878379883716874e-06
mercial,4.9878379883716874e-06
footwear,4.9878379883716874e-06
chakraborti,4.9878379883716874e-06
jht,4.9878379883716874e-06
mfl,4.9878379883716874e-06
lki,4.9878379883716874e-06
stration,4.9878379883716874e-06
templ,4.9878379883716874e-06
lnr,4.9878379883716874e-06
kang,4.9878379883716874e-06
aeb,4.9878379883716874e-06
itb,4.9878379883716874e-06
aand,4.9878379883716874e-06
bench,4.9878379883716874e-06
cohn,4.9878379883716874e-06
avl,4.9878379883716874e-06
eclips,4.9878379883716874e-06
beginningof,4.9878379883716874e-06
sja,4.9878379883716874e-06
leg,4.9878379883716874e-06
eoc,4.9878379883716874e-06
signment,4.9878379883716874e-06
elf,4.9878379883716874e-06
assumnpt,4.9878379883716874e-06
nonindepend,4.9878379883716874e-06
graybil,4.9878379883716874e-06
califomia,4.9878379883716874e-06
tfc,4.9878379883716874e-06
nonex,4.9878379883716874e-06
enj,4.9878379883716874e-06
pill,4.9878379883716874e-06
stuidi,4.9878379883716874e-06
timeinterv,4.9878379883716874e-06
qjq,4.9878379883716874e-06
ppu,4.9878379883716874e-06
atf,4.9878379883716874e-06
negro,4.9878379883716874e-06
coll,4.9878379883716874e-06
denison,4.9878379883716874e-06
peal,4.9878379883716874e-06
louri,4.9878379883716874e-06
happili,4.9878379883716874e-06
enous,4.9878379883716874e-06
lep,4.9878379883716874e-06
fienberg,4.9878379883716874e-06
ajh,4.9878379883716874e-06
cyc,4.9878379883716874e-06
cove,4.9878379883716874e-06
booth,4.9878379883716874e-06
nonproport,4.9878379883716874e-06
legiti,4.9878379883716874e-06
funcrion,4.9878379883716874e-06
klm,4.9878379883716874e-06
ljt,4.9878379883716874e-06
stray,4.9878379883716874e-06
pfz,4.9878379883716874e-06
fran,4.9878379883716874e-06
castro,4.9878379883716874e-06
bribe,4.9878379883716874e-06
oon,4.9878379883716874e-06
miguel,4.9878379883716874e-06
xra,4.9878379883716874e-06
nnl,4.9878379883716874e-06
greer,4.9878379883716874e-06
ervat,4.9878379883716874e-06
complica,4.9878379883716874e-06
burdensom,4.9878379883716874e-06
periodspecif,4.9878379883716874e-06
arid,4.9878379883716874e-06
nord,4.9878379883716874e-06
emo,4.9878379883716874e-06
affluent,4.9878379883716874e-06
pnj,4.9878379883716874e-06
garman,4.9878379883716874e-06
adf,4.9878379883716874e-06
abolit,4.9878379883716874e-06
artefact,4.9878379883716874e-06
wealthiest,4.9878379883716874e-06
expu,4.9878379883716874e-06
kej,4.9878379883716874e-06
reserva,4.9878379883716874e-06
flict,4.9878379883716874e-06
dih,4.9878379883716874e-06
mileag,4.9878379883716874e-06
braithwait,4.9878379883716874e-06
marker,4.9878379883716874e-06
nonrobust,4.9878379883716874e-06
belgian,4.9878379883716874e-06
ofperiod,4.9878379883716874e-06
lowabl,4.9878379883716874e-06
fld,4.9878379883716874e-06
cott,4.9878379883716874e-06
gabriel,4.9878379883716874e-06
dxc,4.9878379883716874e-06
hamermesh,4.9878379883716874e-06
unmeasur,4.9878379883716874e-06
urm,4.9878379883716874e-06
psz,4.9878379883716874e-06
hildebrand,4.9878379883716874e-06
walsh,4.9878379883716874e-06
maxm,4.9878379883716874e-06
handicraft,4.9878379883716874e-06
cbp,4.9878379883716874e-06
supernumerari,4.9878379883716874e-06
californialo,4.9878379883716874e-06
lfo,4.9878379883716874e-06
tsa,4.9878379883716874e-06
xxxx,4.9878379883716874e-06
ffs,4.9878379883716874e-06
farthest,4.9878379883716874e-06
glass,4.9878379883716874e-06
antitrust,4.9878379883716874e-06
rnn,4.9878379883716874e-06
kam,4.9878379883716874e-06
dpdx,4.9878379883716874e-06
acemoglu,4.9878379883716874e-06
tuation,4.9878379883716874e-06
avf,4.9878379883716874e-06
tul,4.9878379883716874e-06
unmodel,4.9878379883716874e-06
physiolog,4.9878379883716874e-06
reid,4.9878379883716874e-06
ctyt,4.9878379883716874e-06
medicar,4.9878379883716874e-06
kariv,4.9878379883716874e-06
dla,4.9878379883716874e-06
fsn,4.9878379883716874e-06
constantelasticityofsubstitut,4.9878379883716874e-06
utilitybas,4.9878379883716874e-06
coincident,4.9878379883716874e-06
uousli,4.9878379883716874e-06
bjx,4.9878379883716874e-06
collat,4.9878379883716874e-06
preferencebas,4.9878379883716874e-06
alabama,4.9878379883716874e-06
unfound,4.9878379883716874e-06
knit,4.9878379883716874e-06
hsl,4.9878379883716874e-06
fet,4.9878379883716874e-06
positiv,4.9878379883716874e-06
admati,4.9878379883716874e-06
zeld,4.9878379883716874e-06
outright,4.9878379883716874e-06
esrc,4.9878379883716874e-06
ctq,4.9878379883716874e-06
predet,4.9878379883716874e-06
xmm,4.9878379883716874e-06
alai,4.9878379883716874e-06
highdimension,4.9878379883716874e-06
rcj,4.9878379883716874e-06
gersovitz,4.9878379883716874e-06
leipzig,4.9878379883716874e-06
andreoni,4.9878379883716874e-06
uneconom,4.9878379883716874e-06
thom,4.9878379883716874e-06
nova,4.9878379883716874e-06
overparameter,4.9878379883716874e-06
scr,4.9878379883716874e-06
melbourn,4.9878379883716874e-06
fabian,4.9878379883716874e-06
irm,4.9878379883716874e-06
riosrul,4.9878379883716874e-06
cbd,4.9878379883716874e-06
yfo,4.9878379883716874e-06
taf,4.9878379883716874e-06
fqs,4.9878379883716874e-06
bower,4.9878379883716874e-06
dsa,4.9878379883716874e-06
hodg,4.9878379883716874e-06
void,4.9878379883716874e-06
jectori,4.9878379883716874e-06
gratifi,4.9878379883716874e-06
breakfast,4.9878379883716874e-06
kruskal,4.9878379883716874e-06
moot,4.9878379883716874e-06
htm,4.9878379883716874e-06
gustibus,4.9878379883716874e-06
shimer,4.9878379883716874e-06
kht,4.9878379883716874e-06
orig,4.9878379883716874e-06
upa,4.9878379883716874e-06
idei,4.9878379883716874e-06
indepth,4.9878379883716874e-06
monro,4.9878379883716874e-06
insignifi,4.9878379883716874e-06
prologu,4.9878379883716874e-06
qrt,4.9878379883716874e-06
emmett,4.9878379883716874e-06
tiie,4.9878379883716874e-06
qtc,4.9878379883716874e-06
senat,4.9878379883716874e-06
piri,4.9878379883716874e-06
dnk,4.9878379883716874e-06
gorton,4.9878379883716874e-06
lave,4.9878379883716874e-06
rkn,4.9878379883716874e-06
surcharg,4.9878379883716874e-06
aberr,4.9878379883716874e-06
underidentifi,4.9878379883716874e-06
quiditi,4.9878379883716874e-06
bergman,4.9878379883716874e-06
lou,4.9878379883716874e-06
ftn,4.9878379883716874e-06
emil,4.9878379883716874e-06
compulsori,4.9878379883716874e-06
qql,4.9878379883716874e-06
iyo,4.9878379883716874e-06
pnz,4.9878379883716874e-06
bmt,4.9878379883716874e-06
rajnish,4.9878379883716874e-06
hornstein,4.9878379883716874e-06
pad,4.9878379883716874e-06
bml,4.9878379883716874e-06
foremost,4.9878379883716874e-06
bach,4.9878379883716874e-06
alm,4.9878379883716874e-06
nipa,4.9878379883716874e-06
ttq,4.9878379883716874e-06
counterbal,4.9878379883716874e-06
fullrank,4.9878379883716874e-06
wla,4.9878379883716874e-06
paretoineffici,4.9878379883716874e-06
dnr,4.9878379883716874e-06
donna,4.9878379883716874e-06
isf,4.9878379883716874e-06
reed,4.9878379883716874e-06
epz,4.9878379883716874e-06
disjunct,4.9878379883716874e-06
spoke,4.9878379883716874e-06
boyl,4.9878379883716874e-06
sey,4.9878379883716874e-06
learningbydo,4.9878379883716874e-06
etv,4.9878379883716874e-06
cul,4.9878379883716874e-06
debraj,4.9878379883716874e-06
scotland,4.9878379883716874e-06
yrl,4.9878379883716874e-06
tryon,4.9878379883716874e-06
iyk,4.9878379883716874e-06
nox,4.9878379883716874e-06
stinchcomb,4.9878379883716874e-06
misdirect,4.9878379883716874e-06
bowman,4.9878379883716874e-06
wilk,4.9878379883716874e-06
anybodi,4.9878379883716874e-06
convexif,4.9878379883716874e-06
nondefault,4.9878379883716874e-06
tenanc,4.9878379883716874e-06
soul,4.9878379883716874e-06
mussa,4.9878379883716874e-06
supf,4.9878379883716874e-06
teu,4.9878379883716874e-06
visvi,4.9878379883716874e-06
rks,4.9878379883716874e-06
ement,4.9878379883716874e-06
permanentincom,4.9878379883716874e-06
gustav,4.9878379883716874e-06
salaimartin,4.9878379883716874e-06
tzi,4.9878379883716874e-06
welsch,4.9878379883716874e-06
perma,4.9878379883716874e-06
concem,4.9878379883716874e-06
dxd,4.9878379883716874e-06
nashbargain,4.9878379883716874e-06
dornbusch,4.9878379883716874e-06
ntp,4.9878379883716874e-06
inth,4.9878379883716874e-06
connot,4.9878379883716874e-06
weekend,4.9878379883716874e-06
liev,4.9878379883716874e-06
onz,4.9878379883716874e-06
micha,4.9878379883716874e-06
collin,4.9878379883716874e-06
viu,4.9878379883716874e-06
trica,4.9878379883716874e-06
coinci,4.9878379883716874e-06
inventor,4.9878379883716874e-06
sjt,4.9878379883716874e-06
fuqua,4.9878379883716874e-06
vkj,4.9878379883716874e-06
savingsinvest,4.9878379883716874e-06
goodwil,4.9878379883716874e-06
smeed,4.9878379883716874e-06
wwl,4.9878379883716874e-06
titat,4.9878379883716874e-06
erf,4.9878379883716874e-06
ezj,4.9878379883716874e-06
svejnar,4.9878379883716874e-06
gration,4.9878379883716874e-06
yvt,4.9878379883716874e-06
horney,4.9878379883716874e-06
rier,4.9878379883716874e-06
copeland,4.9878379883716874e-06
hou,4.9878379883716874e-06
reynold,4.9878379883716874e-06
genci,4.9878379883716874e-06
poj,4.9878379883716874e-06
extremevalu,4.9878379883716874e-06
bright,4.9878379883716874e-06
xic,4.9878379883716874e-06
bda,4.9878379883716874e-06
reser,4.9878379883716874e-06
unhealthi,4.9878379883716874e-06
eaw,4.9878379883716874e-06
njt,4.9878379883716874e-06
mutat,4.9878379883716874e-06
jerold,4.9878379883716874e-06
logw,4.9878379883716874e-06
leap,4.9878379883716874e-06
eon,4.9878379883716874e-06
eva,4.9878379883716874e-06
wyy,4.9878379883716874e-06
ptdt,4.9878379883716874e-06
kraft,4.9878379883716874e-06
withheld,4.9878379883716874e-06
rut,4.9878379883716874e-06
philippin,4.9878379883716874e-06
ecr,4.9878379883716874e-06
hirsh,4.9878379883716874e-06
aiaj,4.9878379883716874e-06
qlo,4.9878379883716874e-06
unnec,4.9878379883716874e-06
unction,4.9878379883716874e-06
victoria,4.9878379883716874e-06
munich,4.9878379883716874e-06
cce,4.9878379883716874e-06
fse,4.9878379883716874e-06
prelud,4.9878379883716874e-06
metro,4.9878379883716874e-06
elj,4.9878379883716874e-06
rye,4.9878379883716874e-06
sommer,4.9878379883716874e-06
mla,4.9878379883716874e-06
ume,4.9878379883716874e-06
silli,4.9878379883716874e-06
bezalel,4.9878379883716874e-06
pauli,4.9878379883716874e-06
auk,4.9878379883716874e-06
seventi,4.9878379883716874e-06
amnon,4.9878379883716874e-06
satieti,4.9878379883716874e-06
vcj,4.9878379883716874e-06
mpe,4.9878379883716874e-06
tlf,4.9878379883716874e-06
aguiar,4.9878379883716874e-06
weaver,4.9878379883716874e-06
subcon,4.9878379883716874e-06
sak,4.9878379883716874e-06
ancd,4.156531656976406e-06
idx,4.156531656976406e-06
ojl,4.156531656976406e-06
imr,4.156531656976406e-06
fms,4.156531656976406e-06
fma,4.156531656976406e-06
atheneum,4.156531656976406e-06
ylog,4.156531656976406e-06
builtin,4.156531656976406e-06
abf,4.156531656976406e-06
tow,4.156531656976406e-06
fka,4.156531656976406e-06
nbi,4.156531656976406e-06
gsb,4.156531656976406e-06
httpdxdoiorg,4.156531656976406e-06
agf,4.156531656976406e-06
duc,4.156531656976406e-06
stapl,4.156531656976406e-06
veg,4.156531656976406e-06
productionfunct,4.156531656976406e-06
yoj,4.156531656976406e-06
unaf,4.156531656976406e-06
mask,4.156531656976406e-06
fmm,4.156531656976406e-06
warranti,4.156531656976406e-06
eyo,4.156531656976406e-06
dqd,4.156531656976406e-06
rad,4.156531656976406e-06
logn,4.156531656976406e-06
eventstudi,4.156531656976406e-06
rwp,4.156531656976406e-06
ojt,4.156531656976406e-06
vsl,4.156531656976406e-06
liq,4.156531656976406e-06
tvs,4.156531656976406e-06
vav,4.156531656976406e-06
whoever,4.156531656976406e-06
hbi,4.156531656976406e-06
cks,4.156531656976406e-06
bgi,4.156531656976406e-06
erwis,4.156531656976406e-06
metr,4.156531656976406e-06
baruch,4.156531656976406e-06
wqi,4.156531656976406e-06
hayami,4.156531656976406e-06
visscher,4.156531656976406e-06
recalcul,4.156531656976406e-06
qpp,4.156531656976406e-06
conson,4.156531656976406e-06
inef,4.156531656976406e-06
acz,4.156531656976406e-06
overstat,4.156531656976406e-06
oet,4.156531656976406e-06
osk,4.156531656976406e-06
iivi,4.156531656976406e-06
lapan,4.156531656976406e-06
farreach,4.156531656976406e-06
dzz,4.156531656976406e-06
ffu,4.156531656976406e-06
eitheror,4.156531656976406e-06
consumptioni,4.156531656976406e-06
cdo,4.156531656976406e-06
ida,4.156531656976406e-06
shame,4.156531656976406e-06
discr,4.156531656976406e-06
lca,4.156531656976406e-06
urbanachampaign,4.156531656976406e-06
avraham,4.156531656976406e-06
urbana,4.156531656976406e-06
wellspecifi,4.156531656976406e-06
ora,4.156531656976406e-06
stratifi,4.156531656976406e-06
ieq,4.156531656976406e-06
ministr,4.156531656976406e-06
iari,4.156531656976406e-06
suiss,4.156531656976406e-06
nand,4.156531656976406e-06
qfr,4.156531656976406e-06
imperfec,4.156531656976406e-06
snapshot,4.156531656976406e-06
nfn,4.156531656976406e-06
dug,4.156531656976406e-06
lbn,4.156531656976406e-06
tmm,4.156531656976406e-06
asb,4.156531656976406e-06
tsr,4.156531656976406e-06
reductio,4.156531656976406e-06
nian,4.156531656976406e-06
marili,4.156531656976406e-06
cbs,4.156531656976406e-06
alit,4.156531656976406e-06
vergent,4.156531656976406e-06
expv,4.156531656976406e-06
wtr,4.156531656976406e-06
uun,4.156531656976406e-06
oio,4.156531656976406e-06
tionist,4.156531656976406e-06
crv,4.156531656976406e-06
dvo,4.156531656976406e-06
trajec,4.156531656976406e-06
lrn,4.156531656976406e-06
rithmic,4.156531656976406e-06
omt,4.156531656976406e-06
midway,4.156531656976406e-06
fbo,4.156531656976406e-06
optic,4.156531656976406e-06
nnj,4.156531656976406e-06
aze,4.156531656976406e-06
villag,4.156531656976406e-06
tall,4.156531656976406e-06
interperiod,4.156531656976406e-06
vocat,4.156531656976406e-06
csa,4.156531656976406e-06
lucass,4.156531656976406e-06
ucw,4.156531656976406e-06
fattail,4.156531656976406e-06
heinrich,4.156531656976406e-06
atkeson,4.156531656976406e-06
dawid,4.156531656976406e-06
unwis,4.156531656976406e-06
collud,4.156531656976406e-06
hur,4.156531656976406e-06
tidskrift,4.156531656976406e-06
wja,4.156531656976406e-06
hagu,4.156531656976406e-06
joram,4.156531656976406e-06
vpj,4.156531656976406e-06
atmospher,4.156531656976406e-06
breed,4.156531656976406e-06
surabl,4.156531656976406e-06
wpf,4.156531656976406e-06
fao,4.156531656976406e-06
threevari,4.156531656976406e-06
rba,4.156531656976406e-06
llo,4.156531656976406e-06
rjc,4.156531656976406e-06
magnif,4.156531656976406e-06
prece,4.156531656976406e-06
zeuthen,4.156531656976406e-06
lowerbound,4.156531656976406e-06
summand,4.156531656976406e-06
aboveaverag,4.156531656976406e-06
song,4.156531656976406e-06
barr,4.156531656976406e-06
jjp,4.156531656976406e-06
nap,4.156531656976406e-06
disson,4.156531656976406e-06
vih,4.156531656976406e-06
plow,4.156531656976406e-06
yand,4.156531656976406e-06
starv,4.156531656976406e-06
wvhich,4.156531656976406e-06
myi,4.156531656976406e-06
gjl,4.156531656976406e-06
impound,4.156531656976406e-06
dirk,4.156531656976406e-06
binmor,4.156531656976406e-06
tirl,4.156531656976406e-06
templat,4.156531656976406e-06
tingenc,4.156531656976406e-06
millman,4.156531656976406e-06
cfor,4.156531656976406e-06
nonconsum,4.156531656976406e-06
augustin,4.156531656976406e-06
blem,4.156531656976406e-06
silvey,4.156531656976406e-06
brain,4.156531656976406e-06
hadamard,4.156531656976406e-06
ifh,4.156531656976406e-06
watch,4.156531656976406e-06
hew,4.156531656976406e-06
fershtman,4.156531656976406e-06
bma,4.156531656976406e-06
ludwig,4.156531656976406e-06
hubert,4.156531656976406e-06
zeroon,4.156531656976406e-06
tsj,4.156531656976406e-06
poland,4.156531656976406e-06
businesscycl,4.156531656976406e-06
eitan,4.156531656976406e-06
iof,4.156531656976406e-06
fromn,4.156531656976406e-06
emul,4.156531656976406e-06
anci,4.156531656976406e-06
strictest,4.156531656976406e-06
longerterm,4.156531656976406e-06
economni,4.156531656976406e-06
sheffield,4.156531656976406e-06
lwi,4.156531656976406e-06
uari,4.156531656976406e-06
omn,4.156531656976406e-06
bourhood,4.156531656976406e-06
margoli,4.156531656976406e-06
aee,4.156531656976406e-06
dup,4.156531656976406e-06
atnd,4.156531656976406e-06
kane,4.156531656976406e-06
ntj,4.156531656976406e-06
pun,4.156531656976406e-06
jfc,4.156531656976406e-06
expz,4.156531656976406e-06
pev,4.156531656976406e-06
gibson,4.156531656976406e-06
chl,4.156531656976406e-06
peripher,4.156531656976406e-06
overbid,4.156531656976406e-06
qss,4.156531656976406e-06
sial,4.156531656976406e-06
dodo,4.156531656976406e-06
clayton,4.156531656976406e-06
gzi,4.156531656976406e-06
conserva,4.156531656976406e-06
pars,4.156531656976406e-06
intragener,4.156531656976406e-06
schuster,4.156531656976406e-06
undetect,4.156531656976406e-06
duo,4.156531656976406e-06
beck,4.156531656976406e-06
rrp,4.156531656976406e-06
attest,4.156531656976406e-06
rolph,4.156531656976406e-06
mpm,4.156531656976406e-06
astut,4.156531656976406e-06
casino,4.156531656976406e-06
golub,4.156531656976406e-06
anan,4.156531656976406e-06
sbi,4.156531656976406e-06
tjh,4.156531656976406e-06
fos,4.156531656976406e-06
ifor,4.156531656976406e-06
solo,4.156531656976406e-06
tcp,4.156531656976406e-06
pfe,4.156531656976406e-06
iqa,4.156531656976406e-06
pvo,4.156531656976406e-06
eph,4.156531656976406e-06
meng,4.156531656976406e-06
valuead,4.156531656976406e-06
wte,4.156531656976406e-06
cater,4.156531656976406e-06
catherin,4.156531656976406e-06
rre,4.156531656976406e-06
aov,4.156531656976406e-06
acumen,4.156531656976406e-06
cradl,4.156531656976406e-06
wirtschaft,4.156531656976406e-06
rpn,4.156531656976406e-06
trygv,4.156531656976406e-06
kuran,4.156531656976406e-06
changeov,4.156531656976406e-06
copyright,4.156531656976406e-06
discretechoic,4.156531656976406e-06
demis,4.156531656976406e-06
normalform,4.156531656976406e-06
sweezi,4.156531656976406e-06
typ,4.156531656976406e-06
econi,4.156531656976406e-06
bajari,4.156531656976406e-06
unlag,4.156531656976406e-06
yro,4.156531656976406e-06
coauthor,4.156531656976406e-06
janfeb,4.156531656976406e-06
uut,4.156531656976406e-06
lighten,4.156531656976406e-06
gsia,4.156531656976406e-06
onetail,4.156531656976406e-06
misperc,4.156531656976406e-06
vendor,4.156531656976406e-06
jqj,4.156531656976406e-06
econiomi,4.156531656976406e-06
rbr,4.156531656976406e-06
aniy,4.156531656976406e-06
jio,4.156531656976406e-06
wiq,4.156531656976406e-06
erk,4.156531656976406e-06
moen,4.156531656976406e-06
detour,4.156531656976406e-06
yun,4.156531656976406e-06
tyl,4.156531656976406e-06
ohi,4.156531656976406e-06
disr,4.156531656976406e-06
redistri,4.156531656976406e-06
marketwid,4.156531656976406e-06
deri,4.156531656976406e-06
rpe,4.156531656976406e-06
ynj,4.156531656976406e-06
ditto,4.156531656976406e-06
medicin,4.156531656976406e-06
ign,4.156531656976406e-06
eyr,4.156531656976406e-06
appa,4.156531656976406e-06
insampl,4.156531656976406e-06
ose,4.156531656976406e-06
fgo,4.156531656976406e-06
wwt,4.156531656976406e-06
gag,4.156531656976406e-06
mookherje,4.156531656976406e-06
wire,4.156531656976406e-06
sdi,4.156531656976406e-06
casualti,4.156531656976406e-06
goa,4.156531656976406e-06
btj,4.156531656976406e-06
expi,4.156531656976406e-06
claremont,4.156531656976406e-06
nacion,4.156531656976406e-06
gtn,4.156531656976406e-06
terminaci,4.156531656976406e-06
attanasio,4.156531656976406e-06
estadistica,4.156531656976406e-06
lef,4.156531656976406e-06
directori,4.156531656976406e-06
spawn,4.156531656976406e-06
yiz,4.156531656976406e-06
rqr,4.156531656976406e-06
standarddevi,4.156531656976406e-06
rtp,4.156531656976406e-06
monterey,4.156531656976406e-06
dgj,4.156531656976406e-06
shun,4.156531656976406e-06
kapteyn,4.156531656976406e-06
nthe,4.156531656976406e-06
plethora,4.156531656976406e-06
macdonald,4.156531656976406e-06
gbr,4.156531656976406e-06
fna,4.156531656976406e-06
pone,4.156531656976406e-06
disallow,4.156531656976406e-06
pletion,4.156531656976406e-06
sheppard,4.156531656976406e-06
tractibl,4.156531656976406e-06
ndc,4.156531656976406e-06
hang,4.156531656976406e-06
gyl,4.156531656976406e-06
politician,4.156531656976406e-06
rsl,4.156531656976406e-06
jfo,4.156531656976406e-06
approximat,4.156531656976406e-06
cwo,4.156531656976406e-06
elud,4.156531656976406e-06
transferr,4.156531656976406e-06
drought,4.156531656976406e-06
uis,4.156531656976406e-06
nonconstruct,4.156531656976406e-06
expp,4.156531656976406e-06
quartic,4.156531656976406e-06
lwt,4.156531656976406e-06
renci,4.156531656976406e-06
iiid,4.156531656976406e-06
heap,4.156531656976406e-06
abstain,4.156531656976406e-06
irq,4.156531656976406e-06
brussel,4.156531656976406e-06
appetit,4.156531656976406e-06
stockadjust,4.156531656976406e-06
humpshap,4.156531656976406e-06
detach,4.156531656976406e-06
cupat,4.156531656976406e-06
roeconom,4.156531656976406e-06
distor,4.156531656976406e-06
jdj,4.156531656976406e-06
preprint,4.156531656976406e-06
labourleisur,4.156531656976406e-06
gui,4.156531656976406e-06
nonfarm,4.156531656976406e-06
uphold,4.156531656976406e-06
witz,4.156531656976406e-06
oiy,4.156531656976406e-06
humor,4.156531656976406e-06
gtg,4.156531656976406e-06
tick,4.156531656976406e-06
terlizzes,4.156531656976406e-06
dogmat,4.156531656976406e-06
marti,4.156531656976406e-06
spare,4.156531656976406e-06
bak,4.156531656976406e-06
posner,4.156531656976406e-06
phia,4.156531656976406e-06
economnica,4.156531656976406e-06
eif,4.156531656976406e-06
ogous,4.156531656976406e-06
agri,4.156531656976406e-06
khan,4.156531656976406e-06
spx,4.156531656976406e-06
peston,4.156531656976406e-06
telescop,4.156531656976406e-06
forr,4.156531656976406e-06
cooo,4.156531656976406e-06
tennesse,4.156531656976406e-06
economii,4.156531656976406e-06
livestock,4.156531656976406e-06
vnn,4.156531656976406e-06
lxxxvii,4.156531656976406e-06
nifi,4.156531656976406e-06
einer,4.156531656976406e-06
blu,4.156531656976406e-06
attrit,4.156531656976406e-06
dro,4.156531656976406e-06
nondevi,4.156531656976406e-06
enci,4.156531656976406e-06
frm,4.156531656976406e-06
ijx,4.156531656976406e-06
assetreturn,4.156531656976406e-06
philo,4.156531656976406e-06
syn,4.156531656976406e-06
superconsist,4.156531656976406e-06
glb,4.156531656976406e-06
frequen,4.156531656976406e-06
wellfunct,4.156531656976406e-06
pipe,4.156531656976406e-06
wouldb,4.156531656976406e-06
ulrich,4.156531656976406e-06
uno,4.156531656976406e-06
bsp,4.156531656976406e-06
oan,4.156531656976406e-06
suzuki,4.156531656976406e-06
tsn,4.156531656976406e-06
stockman,4.156531656976406e-06
cpis,4.156531656976406e-06
dna,4.156531656976406e-06
andra,4.156531656976406e-06
dietrich,4.156531656976406e-06
qlk,4.156531656976406e-06
clw,4.156531656976406e-06
pricesensit,4.156531656976406e-06
weisbach,4.156531656976406e-06
saunder,4.156531656976406e-06
interf,4.156531656976406e-06
mundel,4.156531656976406e-06
nual,4.156531656976406e-06
chilean,4.156531656976406e-06
selfliquid,4.156531656976406e-06
accentu,4.156531656976406e-06
mjj,4.156531656976406e-06
evil,4.156531656976406e-06
koch,4.156531656976406e-06
applianc,4.156531656976406e-06
tsukuba,4.156531656976406e-06
fluke,4.156531656976406e-06
aiid,4.156531656976406e-06
sce,4.156531656976406e-06
lowerpr,4.156531656976406e-06
nlt,4.156531656976406e-06
inant,4.156531656976406e-06
impossi,4.156531656976406e-06
turbul,4.156531656976406e-06
waj,4.156531656976406e-06
priceweight,4.156531656976406e-06
dyadic,4.156531656976406e-06
fqo,4.156531656976406e-06
nol,4.156531656976406e-06
unconsum,4.156531656976406e-06
atal,4.156531656976406e-06
miniscul,4.156531656976406e-06
fragment,4.156531656976406e-06
theft,4.156531656976406e-06
kpj,4.156531656976406e-06
strenuous,4.156531656976406e-06
gtm,4.156531656976406e-06
xpq,4.156531656976406e-06
companyspecif,4.156531656976406e-06
coco,4.156531656976406e-06
californiaberkeley,4.156531656976406e-06
manna,4.156531656976406e-06
selfgener,4.156531656976406e-06
ibb,4.156531656976406e-06
staehl,4.156531656976406e-06
xzi,4.156531656976406e-06
akerman,4.156531656976406e-06
brito,4.156531656976406e-06
ttb,4.156531656976406e-06
fessor,4.156531656976406e-06
ntt,4.156531656976406e-06
zeit,4.156531656976406e-06
favorit,4.156531656976406e-06
sawtooth,4.156531656976406e-06
educa,4.156531656976406e-06
xtpt,4.156531656976406e-06
withstand,4.156531656976406e-06
gottschalk,4.156531656976406e-06
diz,4.156531656976406e-06
awh,4.156531656976406e-06
hui,4.156531656976406e-06
oae,4.156531656976406e-06
unsatisfac,4.156531656976406e-06
takeshi,4.156531656976406e-06
jappelli,4.156531656976406e-06
xxr,4.156531656976406e-06
onequart,4.156531656976406e-06
wellestablish,4.156531656976406e-06
tdi,4.156531656976406e-06
januarymarch,4.156531656976406e-06
yiw,4.156531656976406e-06
leeat,4.156531656976406e-06
ausubel,4.156531656976406e-06
fyn,4.156531656976406e-06
texp,4.156531656976406e-06
onion,4.156531656976406e-06
astray,4.156531656976406e-06
koichi,4.156531656976406e-06
mlj,4.156531656976406e-06
ssc,4.156531656976406e-06
pectiv,4.156531656976406e-06
kotlikoff,4.156531656976406e-06
tuo,4.156531656976406e-06
pjn,4.156531656976406e-06
qmt,4.156531656976406e-06
corlett,4.156531656976406e-06
vener,4.156531656976406e-06
undercut,4.156531656976406e-06
dialogu,4.156531656976406e-06
burr,4.156531656976406e-06
guinea,4.156531656976406e-06
ommend,4.156531656976406e-06
witlh,4.156531656976406e-06
eand,4.156531656976406e-06
stra,4.156531656976406e-06
dalla,4.156531656976406e-06
utmost,4.156531656976406e-06
bellshap,4.156531656976406e-06
turiti,4.156531656976406e-06
selfreport,4.156531656976406e-06
tcj,4.156531656976406e-06
iffi,4.156531656976406e-06
quall,4.156531656976406e-06
agc,4.156531656976406e-06
trinsic,4.156531656976406e-06
thinner,4.156531656976406e-06
fisherschultz,4.156531656976406e-06
popt,4.156531656976406e-06
nonmathemat,4.156531656976406e-06
randomiza,4.156531656976406e-06
znl,4.156531656976406e-06
ericson,4.156531656976406e-06
woe,4.156531656976406e-06
plc,4.156531656976406e-06
rda,4.156531656976406e-06
vbb,4.156531656976406e-06
hjj,4.156531656976406e-06
pointless,4.156531656976406e-06
eiy,4.156531656976406e-06
daw,4.156531656976406e-06
trj,4.156531656976406e-06
hate,4.156531656976406e-06
burgeon,4.156531656976406e-06
firmer,4.156531656976406e-06
fmax,4.156531656976406e-06
rqt,4.156531656976406e-06
rtq,4.156531656976406e-06
minimi,4.156531656976406e-06
exot,4.156531656976406e-06
almqvist,4.156531656976406e-06
nonparticip,4.156531656976406e-06
wui,4.156531656976406e-06
aind,4.156531656976406e-06
earth,4.156531656976406e-06
recon,4.156531656976406e-06
intrahousehold,4.156531656976406e-06
indulg,4.156531656976406e-06
caret,4.156531656976406e-06
penguin,4.156531656976406e-06
snow,4.156531656976406e-06
vba,4.156531656976406e-06
volun,4.156531656976406e-06
unattain,4.156531656976406e-06
selfenforc,4.156531656976406e-06
sertat,4.156531656976406e-06
habitu,4.156531656976406e-06
uncondi,4.156531656976406e-06
dratic,4.156531656976406e-06
viscos,4.156531656976406e-06
abigail,4.156531656976406e-06
ayay,4.156531656976406e-06
pestieau,4.156531656976406e-06
vrj,4.156531656976406e-06
hind,4.156531656976406e-06
ooa,4.156531656976406e-06
uaj,4.156531656976406e-06
mkl,4.156531656976406e-06
cma,4.156531656976406e-06
markoff,4.156531656976406e-06
minish,4.156531656976406e-06
yar,4.156531656976406e-06
niot,4.156531656976406e-06
ixh,4.156531656976406e-06
adc,4.156531656976406e-06
noninstitut,4.156531656976406e-06
kvi,4.156531656976406e-06
qfa,4.156531656976406e-06
lxk,4.156531656976406e-06
entranc,4.156531656976406e-06
acronym,4.156531656976406e-06
errant,4.156531656976406e-06
grg,4.156531656976406e-06
clemen,4.156531656976406e-06
awe,4.156531656976406e-06
southampton,4.156531656976406e-06
pauciti,4.156531656976406e-06
sjs,4.156531656976406e-06
horwich,4.156531656976406e-06
inadvert,4.156531656976406e-06
weightedaverag,4.156531656976406e-06
chronic,4.156531656976406e-06
ifm,4.156531656976406e-06
lippincott,4.156531656976406e-06
pint,4.156531656976406e-06
dej,4.156531656976406e-06
cathol,4.156531656976406e-06
ryo,4.156531656976406e-06
boxpierc,4.156531656976406e-06
benkard,4.156531656976406e-06
vindic,4.156531656976406e-06
purif,4.156531656976406e-06
brisk,4.156531656976406e-06
mif,4.156531656976406e-06
lig,4.156531656976406e-06
houthak,4.156531656976406e-06
uee,4.156531656976406e-06
fwf,4.156531656976406e-06
illi,4.156531656976406e-06
adv,4.156531656976406e-06
unc,4.156531656976406e-06
madrid,4.156531656976406e-06
exami,4.156531656976406e-06
pjc,4.156531656976406e-06
shovel,4.156531656976406e-06
diy,4.156531656976406e-06
parson,4.156531656976406e-06
kolstad,4.156531656976406e-06
cigar,4.156531656976406e-06
juan,4.156531656976406e-06
nalebuff,4.156531656976406e-06
mikhail,4.156531656976406e-06
njn,4.156531656976406e-06
fric,4.156531656976406e-06
concep,4.156531656976406e-06
lihood,4.156531656976406e-06
smallsampl,4.156531656976406e-06
nissan,4.156531656976406e-06
fba,4.156531656976406e-06
uvi,4.156531656976406e-06
offequilibrium,4.156531656976406e-06
graphi,4.156531656976406e-06
flog,4.156531656976406e-06
ttz,4.156531656976406e-06
profitabil,4.156531656976406e-06
dus,4.156531656976406e-06
keeper,4.156531656976406e-06
jason,4.156531656976406e-06
pow,4.156531656976406e-06
etn,4.156531656976406e-06
ryi,4.156531656976406e-06
endur,4.156531656976406e-06
xist,4.156531656976406e-06
jaw,4.156531656976406e-06
contenti,4.156531656976406e-06
dairi,4.156531656976406e-06
thirdparti,4.156531656976406e-06
pvv,4.156531656976406e-06
liveri,4.156531656976406e-06
centli,4.156531656976406e-06
tdp,4.156531656976406e-06
spr,4.156531656976406e-06
tropi,4.156531656976406e-06
nml,4.156531656976406e-06
eqa,4.156531656976406e-06
dynasti,4.156531656976406e-06
overcapac,4.156531656976406e-06
qtq,4.156531656976406e-06
ingram,4.156531656976406e-06
lmn,4.156531656976406e-06
pcj,4.156531656976406e-06
vanderbilt,4.156531656976406e-06
ifg,4.156531656976406e-06
avo,4.156531656976406e-06
shep,4.156531656976406e-06
farrar,4.156531656976406e-06
cim,4.156531656976406e-06
solver,4.156531656976406e-06
vlh,4.156531656976406e-06
aini,4.156531656976406e-06
barlow,4.156531656976406e-06
oddnumb,4.156531656976406e-06
wesleyan,4.156531656976406e-06
xlxl,4.156531656976406e-06
viw,4.156531656976406e-06
pdfs,4.156531656976406e-06
dissuad,4.156531656976406e-06
vro,4.156531656976406e-06
yate,4.156531656976406e-06
armstrong,4.156531656976406e-06
verwandt,4.156531656976406e-06
qjo,4.156531656976406e-06
denci,4.156531656976406e-06
bentolila,4.156531656976406e-06
modelth,4.156531656976406e-06
taiwan,4.156531656976406e-06
nential,4.156531656976406e-06
kerri,4.156531656976406e-06
kee,4.156531656976406e-06
bht,4.156531656976406e-06
supn,4.156531656976406e-06
mcp,4.156531656976406e-06
mian,4.156531656976406e-06
gallon,4.156531656976406e-06
xut,4.156531656976406e-06
tortion,4.156531656976406e-06
miv,4.156531656976406e-06
ythe,4.156531656976406e-06
easterlin,4.156531656976406e-06
leffler,4.156531656976406e-06
rical,4.156531656976406e-06
coopera,4.156531656976406e-06
tamura,4.156531656976406e-06
reissu,4.156531656976406e-06
fraud,4.156531656976406e-06
recombin,4.156531656976406e-06
statistisch,4.156531656976406e-06
ppw,4.156531656976406e-06
computer,4.156531656976406e-06
cyj,4.156531656976406e-06
uib,4.156531656976406e-06
nonstrict,4.156531656976406e-06
rjf,4.156531656976406e-06
lite,4.156531656976406e-06
contro,4.156531656976406e-06
lord,4.156531656976406e-06
leftov,4.156531656976406e-06
schumpeterian,4.156531656976406e-06
pitchford,4.156531656976406e-06
devereux,4.156531656976406e-06
gts,4.156531656976406e-06
rull,4.156531656976406e-06
hell,4.156531656976406e-06
signi,4.156531656976406e-06
macurdi,4.156531656976406e-06
dfk,4.156531656976406e-06
utut,4.156531656976406e-06
lall,4.156531656976406e-06
presen,4.156531656976406e-06
pvj,4.156531656976406e-06
infanc,4.156531656976406e-06
cdot,4.156531656976406e-06
evennumb,4.156531656976406e-06
andc,4.156531656976406e-06
tsf,4.156531656976406e-06
yehuda,4.156531656976406e-06
hain,4.156531656976406e-06
etlt,4.156531656976406e-06
administra,4.156531656976406e-06
downsw,4.156531656976406e-06
ges,4.156531656976406e-06
viscer,4.156531656976406e-06
nyn,4.156531656976406e-06
reservoir,4.156531656976406e-06
jrt,4.156531656976406e-06
zyi,4.156531656976406e-06
lfx,4.156531656976406e-06
nonagricultur,4.156531656976406e-06
tdr,4.156531656976406e-06
tooo,4.156531656976406e-06
gass,4.156531656976406e-06
kul,4.156531656976406e-06
cdc,4.156531656976406e-06
iyn,4.156531656976406e-06
jtn,4.156531656976406e-06
arent,4.156531656976406e-06
wymer,4.156531656976406e-06
ffa,4.156531656976406e-06
blatant,4.156531656976406e-06
ltn,4.156531656976406e-06
bollerslev,4.156531656976406e-06
bts,4.156531656976406e-06
yif,4.156531656976406e-06
unsuspect,4.156531656976406e-06
rag,4.156531656976406e-06
chester,4.156531656976406e-06
lnq,4.156531656976406e-06
misalign,4.156531656976406e-06
bera,4.156531656976406e-06
modela,4.156531656976406e-06
rkj,4.156531656976406e-06
ved,4.156531656976406e-06
theorv,4.156531656976406e-06
isard,4.156531656976406e-06
kircher,4.156531656976406e-06
rql,4.156531656976406e-06
formn,4.156531656976406e-06
orlean,4.156531656976406e-06
nullhypothesi,4.156531656976406e-06
inw,4.156531656976406e-06
toral,4.156531656976406e-06
poran,4.156531656976406e-06
hei,4.156531656976406e-06
pnpn,4.156531656976406e-06
workhors,4.156531656976406e-06
unchosen,4.156531656976406e-06
conservat,4.156531656976406e-06
jos,4.156531656976406e-06
wig,4.156531656976406e-06
knife,4.156531656976406e-06
firststep,4.156531656976406e-06
nondeterminist,4.156531656976406e-06
cheung,4.156531656976406e-06
immatur,4.156531656976406e-06
kkj,4.156531656976406e-06
conditon,4.156531656976406e-06
sem,4.156531656976406e-06
nji,4.156531656976406e-06
fcr,4.156531656976406e-06
ipant,4.156531656976406e-06
dye,4.156531656976406e-06
mainstream,4.156531656976406e-06
expl,4.156531656976406e-06
wul,4.156531656976406e-06
scl,4.156531656976406e-06
frc,4.156531656976406e-06
intricaci,4.156531656976406e-06
taub,4.156531656976406e-06
jto,4.156531656976406e-06
characteriz,4.156531656976406e-06
federico,4.156531656976406e-06
januaryfebruari,4.156531656976406e-06
veiy,4.156531656976406e-06
taq,4.156531656976406e-06
underweight,4.156531656976406e-06
wadhwani,4.156531656976406e-06
dww,4.156531656976406e-06
lvj,4.156531656976406e-06
csj,4.156531656976406e-06
cqr,4.156531656976406e-06
kri,4.156531656976406e-06
handi,4.156531656976406e-06
dma,4.156531656976406e-06
ivj,4.156531656976406e-06
diagramat,4.156531656976406e-06
upr,4.156531656976406e-06
dimitri,4.156531656976406e-06
microeconometr,4.156531656976406e-06
hid,4.156531656976406e-06
luci,4.156531656976406e-06
lowinterest,4.156531656976406e-06
syx,4.156531656976406e-06
typograph,4.156531656976406e-06
arnd,4.156531656976406e-06
curti,4.156531656976406e-06
enon,4.156531656976406e-06
paulson,4.156531656976406e-06
krannert,4.156531656976406e-06
laidler,4.156531656976406e-06
meanindepend,4.156531656976406e-06
hertz,4.156531656976406e-06
selfsustain,4.156531656976406e-06
heighten,4.156531656976406e-06
varf,4.156531656976406e-06
noninvert,4.156531656976406e-06
clare,4.156531656976406e-06
backus,4.156531656976406e-06
xui,4.156531656976406e-06
mannheim,4.156531656976406e-06
fid,4.156531656976406e-06
hatch,4.156531656976406e-06
hunch,4.156531656976406e-06
goere,4.156531656976406e-06
wileyintersci,4.156531656976406e-06
iga,4.156531656976406e-06
cism,4.156531656976406e-06
sxl,4.156531656976406e-06
fbr,4.156531656976406e-06
confirmatori,4.156531656976406e-06
aqr,4.156531656976406e-06
tief,4.156531656976406e-06
incarn,4.156531656976406e-06
gue,4.156531656976406e-06
music,4.156531656976406e-06
dko,4.156531656976406e-06
primi,4.156531656976406e-06
subj,4.156531656976406e-06
ngn,4.156531656976406e-06
kas,4.156531656976406e-06
swinkel,4.156531656976406e-06
loe,4.156531656976406e-06
sox,4.156531656976406e-06
finkelstein,4.156531656976406e-06
uiwi,4.156531656976406e-06
littlechild,4.156531656976406e-06
logyt,4.156531656976406e-06
sle,4.156531656976406e-06
qcc,4.156531656976406e-06
perrin,4.156531656976406e-06
bender,4.156531656976406e-06
bcb,4.156531656976406e-06
nlr,4.156531656976406e-06
unidirect,4.156531656976406e-06
commentari,4.156531656976406e-06
fds,4.156531656976406e-06
eya,4.156531656976406e-06
deardorff,4.156531656976406e-06
waiv,4.156531656976406e-06
christina,4.156531656976406e-06
uih,4.156531656976406e-06
pxc,4.156531656976406e-06
ofc,4.156531656976406e-06
bau,4.156531656976406e-06
ffc,4.156531656976406e-06
gever,4.156531656976406e-06
iah,4.156531656976406e-06
beaulieu,4.156531656976406e-06
astreint,4.156531656976406e-06
assumprion,4.156531656976406e-06
abovenorm,4.156531656976406e-06
ltj,4.156531656976406e-06
attri,4.156531656976406e-06
reappli,4.156531656976406e-06
ibrium,4.156531656976406e-06
addendum,4.156531656976406e-06
fck,4.156531656976406e-06
portabl,4.156531656976406e-06
nft,4.156531656976406e-06
nvn,4.156531656976406e-06
nullifi,4.156531656976406e-06
carrol,4.156531656976406e-06
nay,4.156531656976406e-06
legitimaci,4.156531656976406e-06
disequi,4.156531656976406e-06
humancapit,4.156531656976406e-06
kaa,4.156531656976406e-06
coumot,4.156531656976406e-06
dgo,4.156531656976406e-06
jahrbuch,4.156531656976406e-06
ireland,4.156531656976406e-06
raisin,4.156531656976406e-06
phj,4.156531656976406e-06
provinci,4.156531656976406e-06
wrw,4.156531656976406e-06
ffr,4.156531656976406e-06
nomena,4.156531656976406e-06
qjl,4.156531656976406e-06
wen,4.156531656976406e-06
cifi,4.156531656976406e-06
pissarid,4.156531656976406e-06
ecu,4.156531656976406e-06
dowrick,4.156531656976406e-06
eau,4.156531656976406e-06
sear,4.156531656976406e-06
sma,4.156531656976406e-06
ecut,4.156531656976406e-06
purcha,4.156531656976406e-06
snl,4.156531656976406e-06
onthejob,4.156531656976406e-06
ruth,4.156531656976406e-06
fem,4.156531656976406e-06
norma,4.156531656976406e-06
frazer,4.156531656976406e-06
forcement,4.156531656976406e-06
ylm,4.156531656976406e-06
ajm,4.156531656976406e-06
positivevalu,4.156531656976406e-06
leftsid,4.156531656976406e-06
myr,4.156531656976406e-06
partnership,4.156531656976406e-06
kaufman,4.156531656976406e-06
sibli,4.156531656976406e-06
rmpr,4.156531656976406e-06
porta,4.156531656976406e-06
satellit,4.156531656976406e-06
ipv,4.156531656976406e-06
fdistribut,4.156531656976406e-06
dwyer,4.156531656976406e-06
fhx,4.156531656976406e-06
dore,4.156531656976406e-06
finiteord,4.156531656976406e-06
popper,4.156531656976406e-06
analyti,4.156531656976406e-06
dgl,4.156531656976406e-06
graciela,4.156531656976406e-06
stagnat,4.156531656976406e-06
ijc,4.156531656976406e-06
quantal,4.156531656976406e-06
lnn,4.156531656976406e-06
tho,4.156531656976406e-06
nmt,4.156531656976406e-06
cici,4.156531656976406e-06
solon,4.156531656976406e-06
ebl,4.156531656976406e-06
stefan,4.156531656976406e-06
cxr,4.156531656976406e-06
finnish,4.156531656976406e-06
ozga,4.156531656976406e-06
exet,4.156531656976406e-06
universi,4.156531656976406e-06
antebellum,4.156531656976406e-06
servant,4.156531656976406e-06
gtj,4.156531656976406e-06
cbi,4.156531656976406e-06
implementa,4.156531656976406e-06
vpr,4.156531656976406e-06
ttdt,4.156531656976406e-06
zipf,4.156531656976406e-06
nep,4.156531656976406e-06
jap,4.156531656976406e-06
eixi,4.156531656976406e-06
branson,4.156531656976406e-06
ridicul,4.156531656976406e-06
yna,4.156531656976406e-06
ogniz,4.156531656976406e-06
grayham,4.156531656976406e-06
mmo,4.156531656976406e-06
caw,4.156531656976406e-06
daz,4.156531656976406e-06
lsi,4.156531656976406e-06
makeup,4.156531656976406e-06
nrl,4.156531656976406e-06
subfield,4.156531656976406e-06
reassign,4.156531656976406e-06
constantelast,4.156531656976406e-06
kon,4.156531656976406e-06
minimiz,4.156531656976406e-06
explora,4.156531656976406e-06
swallow,4.156531656976406e-06
afix,4.156531656976406e-06
bxx,4.156531656976406e-06
vbi,4.156531656976406e-06
tise,4.156531656976406e-06
climb,4.156531656976406e-06
ihn,4.156531656976406e-06
semiord,4.156531656976406e-06
lfi,4.156531656976406e-06
qff,4.156531656976406e-06
projec,4.156531656976406e-06
ahb,4.156531656976406e-06
awm,4.156531656976406e-06
dwr,4.156531656976406e-06
nas,4.156531656976406e-06
automati,4.156531656976406e-06
owneroccupi,4.156531656976406e-06
asv,4.156531656976406e-06
nag,4.156531656976406e-06
yses,4.156531656976406e-06
akak,4.156531656976406e-06
uqi,4.156531656976406e-06
tulan,4.156531656976406e-06
multilevel,4.156531656976406e-06
noncaus,4.156531656976406e-06
gkl,4.156531656976406e-06
zizi,4.156531656976406e-06
haust,4.156531656976406e-06
enquet,4.156531656976406e-06
dld,4.156531656976406e-06
graddi,4.156531656976406e-06
yei,4.156531656976406e-06
ttw,4.156531656976406e-06
fys,4.156531656976406e-06
labormarket,4.156531656976406e-06
creativ,4.156531656976406e-06
meanrevert,4.156531656976406e-06
unconvinc,4.156531656976406e-06
yugoslav,4.156531656976406e-06
slaughter,4.156531656976406e-06
sob,4.156531656976406e-06
wrx,4.156531656976406e-06
herhi,4.156531656976406e-06
ipe,4.156531656976406e-06
invento,4.156531656976406e-06
pjv,4.156531656976406e-06
lox,4.156531656976406e-06
octo,4.156531656976406e-06
gesamt,4.156531656976406e-06
steindl,4.156531656976406e-06
mni,4.156531656976406e-06
curvilinear,4.156531656976406e-06
nmn,4.156531656976406e-06
dissembl,4.156531656976406e-06
hiatus,4.156531656976406e-06
sensat,4.156531656976406e-06
wsj,4.156531656976406e-06
lkj,4.156531656976406e-06
sterl,4.156531656976406e-06
lexi,4.156531656976406e-06
nri,4.156531656976406e-06
vlw,4.156531656976406e-06
slowdown,4.156531656976406e-06
fullcost,4.156531656976406e-06
followup,4.156531656976406e-06
ibil,4.156531656976406e-06
startl,4.156531656976406e-06
findlay,4.156531656976406e-06
gop,4.156531656976406e-06
ertheless,4.156531656976406e-06
yjx,4.156531656976406e-06
gaussnewton,4.156531656976406e-06
cha,4.156531656976406e-06
agesex,4.156531656976406e-06
lnpi,4.156531656976406e-06
qjj,4.156531656976406e-06
evv,4.156531656976406e-06
siz,4.156531656976406e-06
stabi,4.156531656976406e-06
dvl,4.156531656976406e-06
meteorolog,4.156531656976406e-06
nfold,4.156531656976406e-06
atit,4.156531656976406e-06
nta,4.156531656976406e-06
terial,4.156531656976406e-06
knopf,4.156531656976406e-06
subsi,4.156531656976406e-06
ornsteinuhlenbeck,4.156531656976406e-06
xjf,4.156531656976406e-06
salad,4.156531656976406e-06
quantif,4.156531656976406e-06
rever,4.156531656976406e-06
marginalcost,4.156531656976406e-06
preintervent,4.156531656976406e-06
ctz,4.156531656976406e-06
trf,4.156531656976406e-06
bizarr,4.156531656976406e-06
hemi,4.156531656976406e-06
clk,4.156531656976406e-06
dmo,4.156531656976406e-06
ead,4.156531656976406e-06
globe,4.156531656976406e-06
retrad,4.156531656976406e-06
overadjust,4.156531656976406e-06
unj,4.156531656976406e-06
barna,4.156531656976406e-06
fivemonth,4.156531656976406e-06
yao,4.156531656976406e-06
amar,4.156531656976406e-06
sud,4.156531656976406e-06
literari,4.156531656976406e-06
bang,4.156531656976406e-06
xvalu,4.156531656976406e-06
apz,4.156531656976406e-06
mervyn,4.156531656976406e-06
bie,4.156531656976406e-06
prison,4.156531656976406e-06
tyy,4.156531656976406e-06
iciti,4.156531656976406e-06
rwl,4.156531656976406e-06
gonal,4.156531656976406e-06
euro,4.156531656976406e-06
ohta,4.156531656976406e-06
sqi,4.156531656976406e-06
fritz,4.156531656976406e-06
thicker,4.156531656976406e-06
yct,4.156531656976406e-06
emit,4.156531656976406e-06
chandler,4.156531656976406e-06
seeker,4.156531656976406e-06
seventeen,4.156531656976406e-06
fey,4.156531656976406e-06
nonobserv,4.156531656976406e-06
oln,4.156531656976406e-06
hzt,4.156531656976406e-06
lxxii,4.156531656976406e-06
rdp,4.156531656976406e-06
ltf,4.156531656976406e-06
pyn,4.156531656976406e-06
singlepric,4.156531656976406e-06
tcl,4.156531656976406e-06
alloy,4.156531656976406e-06
iqr,4.156531656976406e-06
shore,4.156531656976406e-06
fombi,4.156531656976406e-06
nmi,4.156531656976406e-06
mannmorgenstern,4.156531656976406e-06
hypergeometr,4.156531656976406e-06
zak,4.156531656976406e-06
vbl,4.156531656976406e-06
bureaus,4.156531656976406e-06
father,4.156531656976406e-06
sib,4.156531656976406e-06
dispel,4.156531656976406e-06
preparatori,4.156531656976406e-06
yong,4.156531656976406e-06
iun,4.156531656976406e-06
frbmit,4.156531656976406e-06
capitalincom,4.156531656976406e-06
poz,4.156531656976406e-06
tipi,4.156531656976406e-06
intertwin,4.156531656976406e-06
monetar,4.156531656976406e-06
pmc,4.156531656976406e-06
xac,4.156531656976406e-06
delist,4.156531656976406e-06
xili,4.156531656976406e-06
anh,4.156531656976406e-06
stc,4.156531656976406e-06
ycr,4.156531656976406e-06
regrett,4.156531656976406e-06
qoq,4.156531656976406e-06
frl,4.156531656976406e-06
polat,4.156531656976406e-06
kgk,4.156531656976406e-06
dra,4.156531656976406e-06
preferen,4.156531656976406e-06
relativepric,4.156531656976406e-06
flavour,4.156531656976406e-06
idc,4.156531656976406e-06
wpp,4.156531656976406e-06
irrespec,4.156531656976406e-06
ijh,4.156531656976406e-06
pwe,4.156531656976406e-06
stutzer,4.156531656976406e-06
polytechn,4.156531656976406e-06
zif,4.156531656976406e-06
uncorr,4.156531656976406e-06
verbatim,4.156531656976406e-06
rick,4.156531656976406e-06
quinn,4.156531656976406e-06
dcl,4.156531656976406e-06
lhpital,4.156531656976406e-06
ycc,4.156531656976406e-06
clusiv,4.156531656976406e-06
annali,4.156531656976406e-06
helm,4.156531656976406e-06
tmr,4.156531656976406e-06
glu,4.156531656976406e-06
ecp,4.156531656976406e-06
sonderforschungsbereich,4.156531656976406e-06
russia,4.156531656976406e-06
ifw,4.156531656976406e-06
rnx,4.156531656976406e-06
upstream,4.156531656976406e-06
laura,4.156531656976406e-06
anom,4.156531656976406e-06
pjz,4.156531656976406e-06
gga,3.3252253255811245e-06
drr,3.3252253255811245e-06
disad,3.3252253255811245e-06
inexor,3.3252253255811245e-06
axd,3.3252253255811245e-06
xjr,3.3252253255811245e-06
dmm,3.3252253255811245e-06
patch,3.3252253255811245e-06
rayon,3.3252253255811245e-06
headi,3.3252253255811245e-06
painter,3.3252253255811245e-06
fxb,3.3252253255811245e-06
prehens,3.3252253255811245e-06
demographi,3.3252253255811245e-06
lnm,3.3252253255811245e-06
mckinsey,3.3252253255811245e-06
vivi,3.3252253255811245e-06
tpm,3.3252253255811245e-06
hub,3.3252253255811245e-06
publ,3.3252253255811245e-06
tare,3.3252253255811245e-06
peltzman,3.3252253255811245e-06
endem,3.3252253255811245e-06
nearterm,3.3252253255811245e-06
swi,3.3252253255811245e-06
trum,3.3252253255811245e-06
magic,3.3252253255811245e-06
cqq,3.3252253255811245e-06
promissori,3.3252253255811245e-06
internalis,3.3252253255811245e-06
trost,3.3252253255811245e-06
wartim,3.3252253255811245e-06
theta,3.3252253255811245e-06
odic,3.3252253255811245e-06
repudi,3.3252253255811245e-06
garey,3.3252253255811245e-06
jounal,3.3252253255811245e-06
tfj,3.3252253255811245e-06
capitaltolabor,3.3252253255811245e-06
tourist,3.3252253255811245e-06
verv,3.3252253255811245e-06
hanc,3.3252253255811245e-06
aala,3.3252253255811245e-06
isk,3.3252253255811245e-06
oap,3.3252253255811245e-06
pjpj,3.3252253255811245e-06
elv,3.3252253255811245e-06
kick,3.3252253255811245e-06
barest,3.3252253255811245e-06
endogenis,3.3252253255811245e-06
elasti,3.3252253255811245e-06
reinterview,3.3252253255811245e-06
neuman,3.3252253255811245e-06
olf,3.3252253255811245e-06
welldetermin,3.3252253255811245e-06
thlat,3.3252253255811245e-06
bottl,3.3252253255811245e-06
baba,3.3252253255811245e-06
roundtrip,3.3252253255811245e-06
slj,3.3252253255811245e-06
yxz,3.3252253255811245e-06
anu,3.3252253255811245e-06
esem,3.3252253255811245e-06
lnk,3.3252253255811245e-06
bdi,3.3252253255811245e-06
yiu,3.3252253255811245e-06
wad,3.3252253255811245e-06
chancellor,3.3252253255811245e-06
bodkin,3.3252253255811245e-06
ild,3.3252253255811245e-06
omo,3.3252253255811245e-06
strout,3.3252253255811245e-06
vov,3.3252253255811245e-06
xbl,3.3252253255811245e-06
iwl,3.3252253255811245e-06
uck,3.3252253255811245e-06
marquardt,3.3252253255811245e-06
tep,3.3252253255811245e-06
owi,3.3252253255811245e-06
distract,3.3252253255811245e-06
singlecross,3.3252253255811245e-06
starvat,3.3252253255811245e-06
arit,3.3252253255811245e-06
rider,3.3252253255811245e-06
fosd,3.3252253255811245e-06
nyi,3.3252253255811245e-06
qwi,3.3252253255811245e-06
slowest,3.3252253255811245e-06
tester,3.3252253255811245e-06
oop,3.3252253255811245e-06
nair,3.3252253255811245e-06
frb,3.3252253255811245e-06
thereto,3.3252253255811245e-06
ivg,3.3252253255811245e-06
rariti,3.3252253255811245e-06
temporan,3.3252253255811245e-06
vilfredo,3.3252253255811245e-06
septoct,3.3252253255811245e-06
brl,3.3252253255811245e-06
yyp,3.3252253255811245e-06
nathan,3.3252253255811245e-06
transcend,3.3252253255811245e-06
merair,3.3252253255811245e-06
djx,3.3252253255811245e-06
leverhulm,3.3252253255811245e-06
lss,3.3252253255811245e-06
orthog,3.3252253255811245e-06
extrapola,3.3252253255811245e-06
yon,3.3252253255811245e-06
inexact,3.3252253255811245e-06
aem,3.3252253255811245e-06
withinperiod,3.3252253255811245e-06
tol,3.3252253255811245e-06
difer,3.3252253255811245e-06
multiindustri,3.3252253255811245e-06
cunningham,3.3252253255811245e-06
grc,3.3252253255811245e-06
riu,3.3252253255811245e-06
kill,3.3252253255811245e-06
lih,3.3252253255811245e-06
cmc,3.3252253255811245e-06
anat,3.3252253255811245e-06
twothird,3.3252253255811245e-06
singlegood,3.3252253255811245e-06
nih,3.3252253255811245e-06
dertaken,3.3252253255811245e-06
ofg,3.3252253255811245e-06
ijm,3.3252253255811245e-06
rebelo,3.3252253255811245e-06
crosscorrel,3.3252253255811245e-06
julyaug,3.3252253255811245e-06
dlk,3.3252253255811245e-06
expressli,3.3252253255811245e-06
tect,3.3252253255811245e-06
exu,3.3252253255811245e-06
passu,3.3252253255811245e-06
afq,3.3252253255811245e-06
matlab,3.3252253255811245e-06
egr,3.3252253255811245e-06
alcohol,3.3252253255811245e-06
cropper,3.3252253255811245e-06
nim,3.3252253255811245e-06
eha,3.3252253255811245e-06
oeec,3.3252253255811245e-06
unim,3.3252253255811245e-06
heali,3.3252253255811245e-06
hsieh,3.3252253255811245e-06
estell,3.3252253255811245e-06
nontechn,3.3252253255811245e-06
rae,3.3252253255811245e-06
stockpric,3.3252253255811245e-06
adop,3.3252253255811245e-06
sfl,3.3252253255811245e-06
diagnos,3.3252253255811245e-06
palfrey,3.3252253255811245e-06
wageprofit,3.3252253255811245e-06
hasti,3.3252253255811245e-06
discretecontinu,3.3252253255811245e-06
trio,3.3252253255811245e-06
blank,3.3252253255811245e-06
mcq,3.3252253255811245e-06
pettit,3.3252253255811245e-06
cusp,3.3252253255811245e-06
rateof,3.3252253255811245e-06
jorg,3.3252253255811245e-06
vsp,3.3252253255811245e-06
bort,3.3252253255811245e-06
energysav,3.3252253255811245e-06
tioni,3.3252253255811245e-06
dre,3.3252253255811245e-06
scratch,3.3252253255811245e-06
ceq,3.3252253255811245e-06
aqe,3.3252253255811245e-06
derstood,3.3252253255811245e-06
pinto,3.3252253255811245e-06
lindsey,3.3252253255811245e-06
procrastin,3.3252253255811245e-06
lne,3.3252253255811245e-06
delv,3.3252253255811245e-06
maxn,3.3252253255811245e-06
cummin,3.3252253255811245e-06
dimensionless,3.3252253255811245e-06
hannah,3.3252253255811245e-06
kandori,3.3252253255811245e-06
undertook,3.3252253255811245e-06
bling,3.3252253255811245e-06
wolpin,3.3252253255811245e-06
oia,3.3252253255811245e-06
legaci,3.3252253255811245e-06
ployer,3.3252253255811245e-06
cnd,3.3252253255811245e-06
riskiest,3.3252253255811245e-06
influx,3.3252253255811245e-06
lsee,3.3252253255811245e-06
misplac,3.3252253255811245e-06
dfg,3.3252253255811245e-06
lcd,3.3252253255811245e-06
estudio,3.3252253255811245e-06
nqn,3.3252253255811245e-06
jee,3.3252253255811245e-06
fes,3.3252253255811245e-06
maxh,3.3252253255811245e-06
zen,3.3252253255811245e-06
tps,3.3252253255811245e-06
wzi,3.3252253255811245e-06
mistic,3.3252253255811245e-06
rtpt,3.3252253255811245e-06
yatchew,3.3252253255811245e-06
scj,3.3252253255811245e-06
zft,3.3252253255811245e-06
tenni,3.3252253255811245e-06
cqj,3.3252253255811245e-06
ipw,3.3252253255811245e-06
vrt,3.3252253255811245e-06
shelter,3.3252253255811245e-06
wijt,3.3252253255811245e-06
nondictatorship,3.3252253255811245e-06
mlh,3.3252253255811245e-06
pfc,3.3252253255811245e-06
ucsd,3.3252253255811245e-06
inaugur,3.3252253255811245e-06
misunderstood,3.3252253255811245e-06
sunday,3.3252253255811245e-06
unitvalu,3.3252253255811245e-06
analisi,3.3252253255811245e-06
tqi,3.3252253255811245e-06
tja,3.3252253255811245e-06
wyo,3.3252253255811245e-06
colum,3.3252253255811245e-06
njl,3.3252253255811245e-06
ayc,3.3252253255811245e-06
rko,3.3252253255811245e-06
rfn,3.3252253255811245e-06
etz,3.3252253255811245e-06
jif,3.3252253255811245e-06
vativ,3.3252253255811245e-06
reinter,3.3252253255811245e-06
mukherje,3.3252253255811245e-06
ctw,3.3252253255811245e-06
fruitless,3.3252253255811245e-06
intrud,3.3252253255811245e-06
pitman,3.3252253255811245e-06
niko,3.3252253255811245e-06
elec,3.3252253255811245e-06
macrolevel,3.3252253255811245e-06
usp,3.3252253255811245e-06
zoz,3.3252253255811245e-06
missouri,3.3252253255811245e-06
lure,3.3252253255811245e-06
heckscher,3.3252253255811245e-06
mullainathan,3.3252253255811245e-06
interpola,3.3252253255811245e-06
oko,3.3252253255811245e-06
sporad,3.3252253255811245e-06
darwin,3.3252253255811245e-06
glob,3.3252253255811245e-06
reoptim,3.3252253255811245e-06
saet,3.3252253255811245e-06
binghamton,3.3252253255811245e-06
strauss,3.3252253255811245e-06
dian,3.3252253255811245e-06
skinner,3.3252253255811245e-06
trembl,3.3252253255811245e-06
ozi,3.3252253255811245e-06
wake,3.3252253255811245e-06
nonunitari,3.3252253255811245e-06
canyon,3.3252253255811245e-06
patricia,3.3252253255811245e-06
tinker,3.3252253255811245e-06
andt,3.3252253255811245e-06
nif,3.3252253255811245e-06
lindsay,3.3252253255811245e-06
discrimina,3.3252253255811245e-06
widerang,3.3252253255811245e-06
henceforward,3.3252253255811245e-06
ipcc,3.3252253255811245e-06
ledger,3.3252253255811245e-06
ipf,3.3252253255811245e-06
comit,3.3252253255811245e-06
supervisor,3.3252253255811245e-06
usf,3.3252253255811245e-06
ktlt,3.3252253255811245e-06
sed,3.3252253255811245e-06
fiduciari,3.3252253255811245e-06
obfusc,3.3252253255811245e-06
queensland,3.3252253255811245e-06
xtd,3.3252253255811245e-06
worstoff,3.3252253255811245e-06
rowley,3.3252253255811245e-06
bjd,3.3252253255811245e-06
kean,3.3252253255811245e-06
noteal,3.3252253255811245e-06
oei,3.3252253255811245e-06
marketlik,3.3252253255811245e-06
pinpoint,3.3252253255811245e-06
grang,3.3252253255811245e-06
rrb,3.3252253255811245e-06
anna,3.3252253255811245e-06
eox,3.3252253255811245e-06
parliament,3.3252253255811245e-06
angelo,3.3252253255811245e-06
rpq,3.3252253255811245e-06
rdk,3.3252253255811245e-06
baumoltobin,3.3252253255811245e-06
threeway,3.3252253255811245e-06
zweig,3.3252253255811245e-06
niel,3.3252253255811245e-06
economt,3.3252253255811245e-06
afb,3.3252253255811245e-06
lone,3.3252253255811245e-06
sett,3.3252253255811245e-06
marjori,3.3252253255811245e-06
dwindl,3.3252253255811245e-06
oversimplifi,3.3252253255811245e-06
carryforward,3.3252253255811245e-06
agraw,3.3252253255811245e-06
ffe,3.3252253255811245e-06
voj,3.3252253255811245e-06
subsec,3.3252253255811245e-06
wps,3.3252253255811245e-06
sugarcan,3.3252253255811245e-06
matt,3.3252253255811245e-06
territori,3.3252253255811245e-06
yol,3.3252253255811245e-06
emiss,3.3252253255811245e-06
tok,3.3252253255811245e-06
norbert,3.3252253255811245e-06
violenc,3.3252253255811245e-06
lundberg,3.3252253255811245e-06
aek,3.3252253255811245e-06
isx,3.3252253255811245e-06
meager,3.3252253255811245e-06
bloom,3.3252253255811245e-06
breweri,3.3252253255811245e-06
adda,3.3252253255811245e-06
htk,3.3252253255811245e-06
followon,3.3252253255811245e-06
nmo,3.3252253255811245e-06
reviewt,3.3252253255811245e-06
cong,3.3252253255811245e-06
html,3.3252253255811245e-06
anton,3.3252253255811245e-06
cba,3.3252253255811245e-06
faber,3.3252253255811245e-06
eey,3.3252253255811245e-06
httpwwweconometricsocietyorgecta,3.3252253255811245e-06
laborsuppli,3.3252253255811245e-06
maxq,3.3252253255811245e-06
historyindepend,3.3252253255811245e-06
hogg,3.3252253255811245e-06
lacuna,3.3252253255811245e-06
purest,3.3252253255811245e-06
cff,3.3252253255811245e-06
pfor,3.3252253255811245e-06
econonietrica,3.3252253255811245e-06
nax,3.3252253255811245e-06
andth,3.3252253255811245e-06
lucrat,3.3252253255811245e-06
newyork,3.3252253255811245e-06
nalysi,3.3252253255811245e-06
yyx,3.3252253255811245e-06
historian,3.3252253255811245e-06
mol,3.3252253255811245e-06
cournotnash,3.3252253255811245e-06
spectacular,3.3252253255811245e-06
ruc,3.3252253255811245e-06
chat,3.3252253255811245e-06
ulp,3.3252253255811245e-06
uizi,3.3252253255811245e-06
combinator,3.3252253255811245e-06
zyt,3.3252253255811245e-06
contradistinct,3.3252253255811245e-06
staatswissenschaft,3.3252253255811245e-06
vijt,3.3252253255811245e-06
iaf,3.3252253255811245e-06
jui,3.3252253255811245e-06
julio,3.3252253255811245e-06
simonsen,3.3252253255811245e-06
preview,3.3252253255811245e-06
rework,3.3252253255811245e-06
raider,3.3252253255811245e-06
indonesian,3.3252253255811245e-06
junior,3.3252253255811245e-06
koenig,3.3252253255811245e-06
hol,3.3252253255811245e-06
bundesrepublik,3.3252253255811245e-06
venezia,3.3252253255811245e-06
lopez,3.3252253255811245e-06
straddl,3.3252253255811245e-06
supermarket,3.3252253255811245e-06
jar,3.3252253255811245e-06
politi,3.3252253255811245e-06
lfr,3.3252253255811245e-06
rosi,3.3252253255811245e-06
rfa,3.3252253255811245e-06
bjb,3.3252253255811245e-06
highcost,3.3252253255811245e-06
strument,3.3252253255811245e-06
rossi,3.3252253255811245e-06
ralli,3.3252253255811245e-06
uui,3.3252253255811245e-06
arith,3.3252253255811245e-06
crack,3.3252253255811245e-06
xso,3.3252253255811245e-06
jfj,3.3252253255811245e-06
bja,3.3252253255811245e-06
balk,3.3252253255811245e-06
bwo,3.3252253255811245e-06
lra,3.3252253255811245e-06
vike,3.3252253255811245e-06
hare,3.3252253255811245e-06
prospectus,3.3252253255811245e-06
cpe,3.3252253255811245e-06
koszegi,3.3252253255811245e-06
descart,3.3252253255811245e-06
uol,3.3252253255811245e-06
osa,3.3252253255811245e-06
trepreneuri,3.3252253255811245e-06
anymor,3.3252253255811245e-06
keyston,3.3252253255811245e-06
xrs,3.3252253255811245e-06
diebold,3.3252253255811245e-06
paramount,3.3252253255811245e-06
redirect,3.3252253255811245e-06
ifq,3.3252253255811245e-06
flotat,3.3252253255811245e-06
pers,3.3252253255811245e-06
fake,3.3252253255811245e-06
yno,3.3252253255811245e-06
econt,3.3252253255811245e-06
wari,3.3252253255811245e-06
farfetch,3.3252253255811245e-06
underground,3.3252253255811245e-06
straus,3.3252253255811245e-06
harroddomar,3.3252253255811245e-06
mainder,3.3252253255811245e-06
fwi,3.3252253255811245e-06
stevenson,3.3252253255811245e-06
pergamon,3.3252253255811245e-06
computerassist,3.3252253255811245e-06
vwp,3.3252253255811245e-06
ncn,3.3252253255811245e-06
jct,3.3252253255811245e-06
intermediateterm,3.3252253255811245e-06
uncontroversi,3.3252253255811245e-06
infr,3.3252253255811245e-06
logg,3.3252253255811245e-06
unorthodox,3.3252253255811245e-06
zimmerman,3.3252253255811245e-06
lewellen,3.3252253255811245e-06
iceberg,3.3252253255811245e-06
xfj,3.3252253255811245e-06
lls,3.3252253255811245e-06
ipso,3.3252253255811245e-06
dastic,3.3252253255811245e-06
frw,3.3252253255811245e-06
collateraliz,3.3252253255811245e-06
dph,3.3252253255811245e-06
perri,3.3252253255811245e-06
functioni,3.3252253255811245e-06
chandis,3.3252253255811245e-06
ujnivers,3.3252253255811245e-06
nonequ,3.3252253255811245e-06
champaign,3.3252253255811245e-06
withf,3.3252253255811245e-06
francais,3.3252253255811245e-06
econoni,3.3252253255811245e-06
woman,3.3252253255811245e-06
rmo,3.3252253255811245e-06
logm,3.3252253255811245e-06
johan,3.3252253255811245e-06
dnt,3.3252253255811245e-06
marko,3.3252253255811245e-06
vso,3.3252253255811245e-06
starkest,3.3252253255811245e-06
leigh,3.3252253255811245e-06
exr,3.3252253255811245e-06
vej,3.3252253255811245e-06
nondistort,3.3252253255811245e-06
kreb,3.3252253255811245e-06
classroom,3.3252253255811245e-06
rjs,3.3252253255811245e-06
grey,3.3252253255811245e-06
yfk,3.3252253255811245e-06
mlk,3.3252253255811245e-06
swe,3.3252253255811245e-06
wtv,3.3252253255811245e-06
fifthord,3.3252253255811245e-06
chariti,3.3252253255811245e-06
dart,3.3252253255811245e-06
benzion,3.3252253255811245e-06
gse,3.3252253255811245e-06
ficant,3.3252253255811245e-06
ogt,3.3252253255811245e-06
commissariat,3.3252253255811245e-06
hiu,3.3252253255811245e-06
arv,3.3252253255811245e-06
siu,3.3252253255811245e-06
lixi,3.3252253255811245e-06
dlo,3.3252253255811245e-06
irma,3.3252253255811245e-06
hunt,3.3252253255811245e-06
wlj,3.3252253255811245e-06
despair,3.3252253255811245e-06
ploye,3.3252253255811245e-06
dozen,3.3252253255811245e-06
rui,3.3252253255811245e-06
ranc,3.3252253255811245e-06
kss,3.3252253255811245e-06
rear,3.3252253255811245e-06
adolesc,3.3252253255811245e-06
structiv,3.3252253255811245e-06
nco,3.3252253255811245e-06
yjn,3.3252253255811245e-06
misus,3.3252253255811245e-06
jrn,3.3252253255811245e-06
patterson,3.3252253255811245e-06
ktf,3.3252253255811245e-06
higherpr,3.3252253255811245e-06
forb,3.3252253255811245e-06
aoao,3.3252253255811245e-06
mitte,3.3252253255811245e-06
ccz,3.3252253255811245e-06
submiss,3.3252253255811245e-06
mathrmexp,3.3252253255811245e-06
progenitor,3.3252253255811245e-06
intraperson,3.3252253255811245e-06
djj,3.3252253255811245e-06
twolimit,3.3252253255811245e-06
delawar,3.3252253255811245e-06
eighteen,3.3252253255811245e-06
barn,3.3252253255811245e-06
disabl,3.3252253255811245e-06
otal,3.3252253255811245e-06
pup,3.3252253255811245e-06
eliakim,3.3252253255811245e-06
axq,3.3252253255811245e-06
helen,3.3252253255811245e-06
bortkiewicz,3.3252253255811245e-06
nds,3.3252253255811245e-06
sid,3.3252253255811245e-06
varq,3.3252253255811245e-06
repackag,3.3252253255811245e-06
stanci,3.3252253255811245e-06
fjr,3.3252253255811245e-06
fragmentari,3.3252253255811245e-06
defla,3.3252253255811245e-06
amartya,3.3252253255811245e-06
antonio,3.3252253255811245e-06
yildiz,3.3252253255811245e-06
eiti,3.3252253255811245e-06
adrian,3.3252253255811245e-06
siv,3.3252253255811245e-06
vicker,3.3252253255811245e-06
jjn,3.3252253255811245e-06
liw,3.3252253255811245e-06
goldfeldquandt,3.3252253255811245e-06
toxic,3.3252253255811245e-06
lyy,3.3252253255811245e-06
dda,3.3252253255811245e-06
malmendi,3.3252253255811245e-06
kie,3.3252253255811245e-06
cog,3.3252253255811245e-06
turi,3.3252253255811245e-06
preconceiv,3.3252253255811245e-06
vcr,3.3252253255811245e-06
hamil,3.3252253255811245e-06
cain,3.3252253255811245e-06
dismay,3.3252253255811245e-06
xriy,3.3252253255811245e-06
vega,3.3252253255811245e-06
cne,3.3252253255811245e-06
raton,3.3252253255811245e-06
runkl,3.3252253255811245e-06
nlp,3.3252253255811245e-06
bbc,3.3252253255811245e-06
howel,3.3252253255811245e-06
lfa,3.3252253255811245e-06
seoul,3.3252253255811245e-06
misjudg,3.3252253255811245e-06
tube,3.3252253255811245e-06
misestim,3.3252253255811245e-06
variableth,3.3252253255811245e-06
sjp,3.3252253255811245e-06
crj,3.3252253255811245e-06
rentli,3.3252253255811245e-06
indonesia,3.3252253255811245e-06
newbold,3.3252253255811245e-06
gerd,3.3252253255811245e-06
insensi,3.3252253255811245e-06
smolenski,3.3252253255811245e-06
inflict,3.3252253255811245e-06
wfl,3.3252253255811245e-06
rtst,3.3252253255811245e-06
umu,3.3252253255811245e-06
downpay,3.3252253255811245e-06
casebycas,3.3252253255811245e-06
mrr,3.3252253255811245e-06
ntnt,3.3252253255811245e-06
creditr,3.3252253255811245e-06
microtheori,3.3252253255811245e-06
fourthquart,3.3252253255811245e-06
hole,3.3252253255811245e-06
iur,3.3252253255811245e-06
emer,3.3252253255811245e-06
counsel,3.3252253255811245e-06
dhl,3.3252253255811245e-06
analvsi,3.3252253255811245e-06
policyori,3.3252253255811245e-06
fourperiod,3.3252253255811245e-06
satisfic,3.3252253255811245e-06
louis,3.3252253255811245e-06
alcoa,3.3252253255811245e-06
choicebas,3.3252253255811245e-06
nnx,3.3252253255811245e-06
imf,3.3252253255811245e-06
meckl,3.3252253255811245e-06
marketpric,3.3252253255811245e-06
leifer,3.3252253255811245e-06
dirti,3.3252253255811245e-06
gmi,3.3252253255811245e-06
haviour,3.3252253255811245e-06
kindleberg,3.3252253255811245e-06
nlf,3.3252253255811245e-06
crane,3.3252253255811245e-06
inu,3.3252253255811245e-06
socio,3.3252253255811245e-06
wastag,3.3252253255811245e-06
fcj,3.3252253255811245e-06
sawmil,3.3252253255811245e-06
realest,3.3252253255811245e-06
fbl,3.3252253255811245e-06
bearish,3.3252253255811245e-06
cisionmak,3.3252253255811245e-06
festschrift,3.3252253255811245e-06
tvj,3.3252253255811245e-06
yeh,3.3252253255811245e-06
jih,3.3252253255811245e-06
mlo,3.3252253255811245e-06
magnet,3.3252253255811245e-06
syy,3.3252253255811245e-06
testifi,3.3252253255811245e-06
dewey,3.3252253255811245e-06
twentyfour,3.3252253255811245e-06
kand,3.3252253255811245e-06
hss,3.3252253255811245e-06
dublin,3.3252253255811245e-06
balloon,3.3252253255811245e-06
jjs,3.3252253255811245e-06
zzo,3.3252253255811245e-06
nicol,3.3252253255811245e-06
afflict,3.3252253255811245e-06
smn,3.3252253255811245e-06
changer,3.3252253255811245e-06
supposi,3.3252253255811245e-06
widow,3.3252253255811245e-06
cramerrao,3.3252253255811245e-06
ilz,3.3252253255811245e-06
lowel,3.3252253255811245e-06
bbo,3.3252253255811245e-06
ualli,3.3252253255811245e-06
zir,3.3252253255811245e-06
fcar,3.3252253255811245e-06
haliasso,3.3252253255811245e-06
difficul,3.3252253255811245e-06
iexp,3.3252253255811245e-06
asumpt,3.3252253255811245e-06
baj,3.3252253255811245e-06
toda,3.3252253255811245e-06
nordhaus,3.3252253255811245e-06
gional,3.3252253255811245e-06
ylo,3.3252253255811245e-06
factorproport,3.3252253255811245e-06
stall,3.3252253255811245e-06
orb,3.3252253255811245e-06
paulin,3.3252253255811245e-06
ejr,3.3252253255811245e-06
tdl,3.3252253255811245e-06
dkj,3.3252253255811245e-06
dani,3.3252253255811245e-06
htt,3.3252253255811245e-06
yus,3.3252253255811245e-06
urr,3.3252253255811245e-06
bandit,3.3252253255811245e-06
rul,3.3252253255811245e-06
costlier,3.3252253255811245e-06
pricesa,3.3252253255811245e-06
primer,3.3252253255811245e-06
blanket,3.3252253255811245e-06
iuo,3.3252253255811245e-06
eho,3.3252253255811245e-06
pointment,3.3252253255811245e-06
subopti,3.3252253255811245e-06
balancesheet,3.3252253255811245e-06
alet,3.3252253255811245e-06
wellner,3.3252253255811245e-06
wojciech,3.3252253255811245e-06
benton,3.3252253255811245e-06
medi,3.3252253255811245e-06
krt,3.3252253255811245e-06
configura,3.3252253255811245e-06
lytic,3.3252253255811245e-06
vva,3.3252253255811245e-06
menon,3.3252253255811245e-06
accompli,3.3252253255811245e-06
pfm,3.3252253255811245e-06
nof,3.3252253255811245e-06
kaneko,3.3252253255811245e-06
nonsteadi,3.3252253255811245e-06
dbo,3.3252253255811245e-06
belmont,3.3252253255811245e-06
dimin,3.3252253255811245e-06
ferson,3.3252253255811245e-06
flee,3.3252253255811245e-06
diago,3.3252253255811245e-06
wadsworth,3.3252253255811245e-06
wiv,3.3252253255811245e-06
mori,3.3252253255811245e-06
nhi,3.3252253255811245e-06
fishman,3.3252253255811245e-06
hartigan,3.3252253255811245e-06
gma,3.3252253255811245e-06
miniatur,3.3252253255811245e-06
tru,3.3252253255811245e-06
jtf,3.3252253255811245e-06
uso,3.3252253255811245e-06
odi,3.3252253255811245e-06
vnk,3.3252253255811245e-06
jvi,3.3252253255811245e-06
lowerqu,3.3252253255811245e-06
carryback,3.3252253255811245e-06
bertaut,3.3252253255811245e-06
fyf,3.3252253255811245e-06
iwa,3.3252253255811245e-06
captain,3.3252253255811245e-06
iwo,3.3252253255811245e-06
parimutuel,3.3252253255811245e-06
goodhart,3.3252253255811245e-06
curat,3.3252253255811245e-06
aom,3.3252253255811245e-06
wheeler,3.3252253255811245e-06
turvey,3.3252253255811245e-06
thatin,3.3252253255811245e-06
roma,3.3252253255811245e-06
zzl,3.3252253255811245e-06
homoskedast,3.3252253255811245e-06
dml,3.3252253255811245e-06
multifacet,3.3252253255811245e-06
msi,3.3252253255811245e-06
trw,3.3252253255811245e-06
ouput,3.3252253255811245e-06
dwj,3.3252253255811245e-06
haberl,3.3252253255811245e-06
pul,3.3252253255811245e-06
wernerfelt,3.3252253255811245e-06
ugi,3.3252253255811245e-06
provabl,3.3252253255811245e-06
vend,3.3252253255811245e-06
lre,3.3252253255811245e-06
backwardlook,3.3252253255811245e-06
soar,3.3252253255811245e-06
sponsibl,3.3252253255811245e-06
cheshir,3.3252253255811245e-06
gottfri,3.3252253255811245e-06
mestic,3.3252253255811245e-06
hiw,3.3252253255811245e-06
tuj,3.3252253255811245e-06
transcript,3.3252253255811245e-06
oar,3.3252253255811245e-06
phone,3.3252253255811245e-06
sandwich,3.3252253255811245e-06
gfl,3.3252253255811245e-06
mclean,3.3252253255811245e-06
isin,3.3252253255811245e-06
tbr,3.3252253255811245e-06
unrecogn,3.3252253255811245e-06
schleifer,3.3252253255811245e-06
nnp,3.3252253255811245e-06
pav,3.3252253255811245e-06
alnd,3.3252253255811245e-06
labi,3.3252253255811245e-06
vfc,3.3252253255811245e-06
janu,3.3252253255811245e-06
bueno,3.3252253255811245e-06
sjr,3.3252253255811245e-06
bzi,3.3252253255811245e-06
nuclear,3.3252253255811245e-06
exter,3.3252253255811245e-06
michi,3.3252253255811245e-06
wnp,3.3252253255811245e-06
elq,3.3252253255811245e-06
eun,3.3252253255811245e-06
austria,3.3252253255811245e-06
seer,3.3252253255811245e-06
ktp,3.3252253255811245e-06
svs,3.3252253255811245e-06
upheld,3.3252253255811245e-06
tnr,3.3252253255811245e-06
dient,3.3252253255811245e-06
tionar,3.3252253255811245e-06
adag,3.3252253255811245e-06
fatter,3.3252253255811245e-06
sten,3.3252253255811245e-06
gzt,3.3252253255811245e-06
reloc,3.3252253255811245e-06
zpx,3.3252253255811245e-06
cialist,3.3252253255811245e-06
apit,3.3252253255811245e-06
supernorm,3.3252253255811245e-06
inflationinduc,3.3252253255811245e-06
averi,3.3252253255811245e-06
homer,3.3252253255811245e-06
ima,3.3252253255811245e-06
tds,3.3252253255811245e-06
plv,3.3252253255811245e-06
pathdepend,3.3252253255811245e-06
czechoslovakia,3.3252253255811245e-06
bloomfield,3.3252253255811245e-06
intertempo,3.3252253255811245e-06
architect,3.3252253255811245e-06
incomeelast,3.3252253255811245e-06
irti,3.3252253255811245e-06
steuer,3.3252253255811245e-06
yugoslavia,3.3252253255811245e-06
motiva,3.3252253255811245e-06
extrac,3.3252253255811245e-06
icq,3.3252253255811245e-06
possessor,3.3252253255811245e-06
gupta,3.3252253255811245e-06
efron,3.3252253255811245e-06
livingston,3.3252253255811245e-06
momen,3.3252253255811245e-06
noneu,3.3252253255811245e-06
geert,3.3252253255811245e-06
mahoney,3.3252253255811245e-06
smithi,3.3252253255811245e-06
hyl,3.3252253255811245e-06
brealey,3.3252253255811245e-06
ghg,3.3252253255811245e-06
logconcav,3.3252253255811245e-06
qin,3.3252253255811245e-06
insepar,3.3252253255811245e-06
qpn,3.3252253255811245e-06
analag,3.3252253255811245e-06
wtpt,3.3252253255811245e-06
automot,3.3252253255811245e-06
datta,3.3252253255811245e-06
taint,3.3252253255811245e-06
woodrow,3.3252253255811245e-06
problemth,3.3252253255811245e-06
discharg,3.3252253255811245e-06
teleolog,3.3252253255811245e-06
sna,3.3252253255811245e-06
ninetyninth,3.3252253255811245e-06
ooj,3.3252253255811245e-06
bewild,3.3252253255811245e-06
psycholo,3.3252253255811245e-06
fusion,3.3252253255811245e-06
belowaverag,3.3252253255811245e-06
whittington,3.3252253255811245e-06
vironment,3.3252253255811245e-06
fewest,3.3252253255811245e-06
mackinnon,3.3252253255811245e-06
doherti,3.3252253255811245e-06
pqc,3.3252253255811245e-06
nsa,3.3252253255811245e-06
tarian,3.3252253255811245e-06
biz,3.3252253255811245e-06
sala,3.3252253255811245e-06
nobl,3.3252253255811245e-06
pid,3.3252253255811245e-06
djs,3.3252253255811245e-06
eid,3.3252253255811245e-06
probi,3.3252253255811245e-06
ajv,3.3252253255811245e-06
luo,3.3252253255811245e-06
ehj,3.3252253255811245e-06
xlc,3.3252253255811245e-06
thisjourn,3.3252253255811245e-06
chore,3.3252253255811245e-06
exv,3.3252253255811245e-06
canning,3.3252253255811245e-06
morgen,3.3252253255811245e-06
ogo,3.3252253255811245e-06
film,3.3252253255811245e-06
rayo,3.3252253255811245e-06
raaj,3.3252253255811245e-06
unperturb,3.3252253255811245e-06
wtf,3.3252253255811245e-06
statespecif,3.3252253255811245e-06
marsden,3.3252253255811245e-06
nottingham,3.3252253255811245e-06
olm,3.3252253255811245e-06
venabl,3.3252253255811245e-06
randmcnal,3.3252253255811245e-06
allus,3.3252253255811245e-06
mles,3.3252253255811245e-06
halfliv,3.3252253255811245e-06
snp,3.3252253255811245e-06
isfactori,3.3252253255811245e-06
icn,3.3252253255811245e-06
descriptor,3.3252253255811245e-06
ober,3.3252253255811245e-06
overconsumpt,3.3252253255811245e-06
uncompen,3.3252253255811245e-06
ekelund,3.3252253255811245e-06
dum,3.3252253255811245e-06
erb,3.3252253255811245e-06
delimit,3.3252253255811245e-06
prefix,3.3252253255811245e-06
lore,3.3252253255811245e-06
interconnected,3.3252253255811245e-06
highyield,3.3252253255811245e-06
arw,3.3252253255811245e-06
universiteit,3.3252253255811245e-06
idiosyncrasi,3.3252253255811245e-06
hmt,3.3252253255811245e-06
unearn,3.3252253255811245e-06
faq,3.3252253255811245e-06
vau,3.3252253255811245e-06
tgo,3.3252253255811245e-06
elena,3.3252253255811245e-06
tabil,3.3252253255811245e-06
intoler,3.3252253255811245e-06
journey,3.3252253255811245e-06
qjn,3.3252253255811245e-06
misund,3.3252253255811245e-06
shrewd,3.3252253255811245e-06
bake,3.3252253255811245e-06
exti,3.3252253255811245e-06
agarw,3.3252253255811245e-06
routh,3.3252253255811245e-06
devil,3.3252253255811245e-06
nutshel,3.3252253255811245e-06
hazel,3.3252253255811245e-06
vatur,3.3252253255811245e-06
xav,3.3252253255811245e-06
yej,3.3252253255811245e-06
rou,3.3252253255811245e-06
crement,3.3252253255811245e-06
ewj,3.3252253255811245e-06
flower,3.3252253255811245e-06
obliga,3.3252253255811245e-06
toto,3.3252253255811245e-06
unorgan,3.3252253255811245e-06
wageemploy,3.3252253255811245e-06
ivd,3.3252253255811245e-06
pipj,3.3252253255811245e-06
rudebusch,3.3252253255811245e-06
typewrit,3.3252253255811245e-06
burst,3.3252253255811245e-06
newborn,3.3252253255811245e-06
systemwid,3.3252253255811245e-06
weisbrod,3.3252253255811245e-06
avw,3.3252253255811245e-06
tmp,3.3252253255811245e-06
arbitrar,3.3252253255811245e-06
sach,3.3252253255811245e-06
manent,3.3252253255811245e-06
cipi,3.3252253255811245e-06
innumer,3.3252253255811245e-06
yorkshir,3.3252253255811245e-06
benigno,3.3252253255811245e-06
surg,3.3252253255811245e-06
journial,3.3252253255811245e-06
twi,3.3252253255811245e-06
sionmak,3.3252253255811245e-06
yewkwang,3.3252253255811245e-06
vse,3.3252253255811245e-06
inop,3.3252253255811245e-06
bowen,3.3252253255811245e-06
lgl,3.3252253255811245e-06
incumb,3.3252253255811245e-06
ster,3.3252253255811245e-06
edlin,3.3252253255811245e-06
zei,3.3252253255811245e-06
ljk,3.3252253255811245e-06
seal,3.3252253255811245e-06
ertt,3.3252253255811245e-06
wulf,3.3252253255811245e-06
iww,3.3252253255811245e-06
wardslop,3.3252253255811245e-06
uyu,3.3252253255811245e-06
fourteen,3.3252253255811245e-06
tjp,3.3252253255811245e-06
milit,3.3252253255811245e-06
fbb,3.3252253255811245e-06
threedigit,3.3252253255811245e-06
widest,3.3252253255811245e-06
xxb,3.3252253255811245e-06
fnj,3.3252253255811245e-06
olx,3.3252253255811245e-06
dictor,3.3252253255811245e-06
mtpt,3.3252253255811245e-06
qaa,3.3252253255811245e-06
stratum,3.3252253255811245e-06
unwork,3.3252253255811245e-06
carbon,3.3252253255811245e-06
monthend,3.3252253255811245e-06
juj,3.3252253255811245e-06
threeparamet,3.3252253255811245e-06
ocd,3.3252253255811245e-06
involun,3.3252253255811245e-06
canova,3.3252253255811245e-06
oab,3.3252253255811245e-06
mcculloch,3.3252253255811245e-06
lize,3.3252253255811245e-06
orchard,3.3252253255811245e-06
env,3.3252253255811245e-06
bfb,3.3252253255811245e-06
infring,3.3252253255811245e-06
uarter,3.3252253255811245e-06
ddj,3.3252253255811245e-06
dfv,3.3252253255811245e-06
pbl,3.3252253255811245e-06
refund,3.3252253255811245e-06
precipit,3.3252253255811245e-06
valimaki,3.3252253255811245e-06
qim,3.3252253255811245e-06
ajg,3.3252253255811245e-06
leighton,3.3252253255811245e-06
realtim,3.3252253255811245e-06
frr,3.3252253255811245e-06
jaroslav,3.3252253255811245e-06
cancer,3.3252253255811245e-06
fdx,3.3252253255811245e-06
transpir,3.3252253255811245e-06
oll,3.3252253255811245e-06
insuffi,3.3252253255811245e-06
tributor,3.3252253255811245e-06
iwv,3.3252253255811245e-06
pjf,3.3252253255811245e-06
afv,3.3252253255811245e-06
atot,3.3252253255811245e-06
lpr,3.3252253255811245e-06
tang,3.3252253255811245e-06
syracus,3.3252253255811245e-06
wvl,3.3252253255811245e-06
fow,3.3252253255811245e-06
darbi,3.3252253255811245e-06
ciqi,3.3252253255811245e-06
yop,3.3252253255811245e-06
spurt,3.3252253255811245e-06
injunct,3.3252253255811245e-06
morrow,3.3252253255811245e-06
tza,3.3252253255811245e-06
concentrationprofit,3.3252253255811245e-06
rns,3.3252253255811245e-06
tint,3.3252253255811245e-06
bertseka,3.3252253255811245e-06
dqq,3.3252253255811245e-06
pablo,3.3252253255811245e-06
kinki,3.3252253255811245e-06
pict,3.3252253255811245e-06
dmdt,3.3252253255811245e-06
agn,3.3252253255811245e-06
mpcs,3.3252253255811245e-06
wro,3.3252253255811245e-06
wre,3.3252253255811245e-06
carn,3.3252253255811245e-06
ltb,3.3252253255811245e-06
crystal,3.3252253255811245e-06
parker,3.3252253255811245e-06
hindranc,3.3252253255811245e-06
moy,3.3252253255811245e-06
xjm,3.3252253255811245e-06
dxf,3.3252253255811245e-06
fidenc,3.3252253255811245e-06
lustig,3.3252253255811245e-06
amnerican,3.3252253255811245e-06
ocq,3.3252253255811245e-06
maneuv,3.3252253255811245e-06
spendabl,3.3252253255811245e-06
middlemen,3.3252253255811245e-06
rnj,3.3252253255811245e-06
noussair,3.3252253255811245e-06
fuc,3.3252253255811245e-06
eno,3.3252253255811245e-06
suni,3.3252253255811245e-06
specimen,3.3252253255811245e-06
kyle,3.3252253255811245e-06
freeentri,3.3252253255811245e-06
tsai,3.3252253255811245e-06
vrs,3.3252253255811245e-06
svstem,3.3252253255811245e-06
lys,3.3252253255811245e-06
heu,3.3252253255811245e-06
corrupt,3.3252253255811245e-06
fallback,3.3252253255811245e-06
rousseau,3.3252253255811245e-06
vam,3.3252253255811245e-06
thev,3.3252253255811245e-06
epsilon,3.3252253255811245e-06
ington,3.3252253255811245e-06
pricesett,3.3252253255811245e-06
progressiv,3.3252253255811245e-06
walt,3.3252253255811245e-06
alz,3.3252253255811245e-06
blown,3.3252253255811245e-06
bothersom,3.3252253255811245e-06
gro,3.3252253255811245e-06
supplant,3.3252253255811245e-06
edr,3.3252253255811245e-06
firstdiffer,3.3252253255811245e-06
lva,3.3252253255811245e-06
phs,3.3252253255811245e-06
sdt,3.3252253255811245e-06
economl,3.3252253255811245e-06
vqi,3.3252253255811245e-06
genier,3.3252253255811245e-06
keim,3.3252253255811245e-06
destabiliz,3.3252253255811245e-06
eran,3.3252253255811245e-06
atg,3.3252253255811245e-06
wff,3.3252253255811245e-06
zsi,3.3252253255811245e-06
hmi,3.3252253255811245e-06
vtvt,3.3252253255811245e-06
itu,3.3252253255811245e-06
memoryless,3.3252253255811245e-06
errata,3.3252253255811245e-06
nxt,3.3252253255811245e-06
tiplier,3.3252253255811245e-06
zxt,3.3252253255811245e-06
adolph,3.3252253255811245e-06
cession,3.3252253255811245e-06
rasch,3.3252253255811245e-06
jol,3.3252253255811245e-06
devolut,3.3252253255811245e-06
reliant,3.3252253255811245e-06
tke,3.3252253255811245e-06
zjs,3.3252253255811245e-06
dose,3.3252253255811245e-06
hoa,3.3252253255811245e-06
aaq,3.3252253255811245e-06
phk,3.3252253255811245e-06
wjo,3.3252253255811245e-06
xcvii,3.3252253255811245e-06
ballot,3.3252253255811245e-06
isoprofit,3.3252253255811245e-06
hos,3.3252253255811245e-06
tornel,3.3252253255811245e-06
tigat,3.3252253255811245e-06
samn,3.3252253255811245e-06
interlock,3.3252253255811245e-06
lete,3.3252253255811245e-06
wzt,3.3252253255811245e-06
fpj,3.3252253255811245e-06
timet,3.3252253255811245e-06
alna,3.3252253255811245e-06
presentday,3.3252253255811245e-06
mnodel,3.3252253255811245e-06
pital,3.3252253255811245e-06
keel,3.3252253255811245e-06
jlp,3.3252253255811245e-06
brenner,3.3252253255811245e-06
obliter,3.3252253255811245e-06
crossov,3.3252253255811245e-06
haifa,3.3252253255811245e-06
sgp,3.3252253255811245e-06
unexception,3.3252253255811245e-06
pifi,3.3252253255811245e-06
balanceofpay,3.3252253255811245e-06
camp,3.3252253255811245e-06
premi,3.3252253255811245e-06
adu,3.3252253255811245e-06
wgi,3.3252253255811245e-06
mji,3.3252253255811245e-06
arous,3.3252253255811245e-06
mnarket,3.3252253255811245e-06
cnk,3.3252253255811245e-06
papb,3.3252253255811245e-06
ucit,3.3252253255811245e-06
hlk,3.3252253255811245e-06
blockdiagon,3.3252253255811245e-06
moscarini,3.3252253255811245e-06
plateau,3.3252253255811245e-06
zle,3.3252253255811245e-06
hlh,3.3252253255811245e-06
bernardo,3.3252253255811245e-06
pensiv,3.3252253255811245e-06
macrofin,3.3252253255811245e-06
laborleisur,3.3252253255811245e-06
verti,3.3252253255811245e-06
sensus,3.3252253255811245e-06
choleski,3.3252253255811245e-06
uninforma,3.3252253255811245e-06
grangercaus,3.3252253255811245e-06
rtbt,3.3252253255811245e-06
fcx,3.3252253255811245e-06
tej,3.3252253255811245e-06
conformist,3.3252253255811245e-06
ncr,3.3252253255811245e-06
ccj,3.3252253255811245e-06
nexttolast,3.3252253255811245e-06
tau,3.3252253255811245e-06
smallscal,3.3252253255811245e-06
insurmount,3.3252253255811245e-06
redemp,3.3252253255811245e-06
innat,3.3252253255811245e-06
estimat,3.3252253255811245e-06
misnom,3.3252253255811245e-06
vjn,3.3252253255811245e-06
nentli,3.3252253255811245e-06
undi,3.3252253255811245e-06
cardi,3.3252253255811245e-06
planet,3.3252253255811245e-06
josh,3.3252253255811245e-06
uta,3.3252253255811245e-06
crepanc,3.3252253255811245e-06
haller,3.3252253255811245e-06
toth,3.3252253255811245e-06
vara,3.3252253255811245e-06
disconcert,3.3252253255811245e-06
jrs,3.3252253255811245e-06
wom,3.3252253255811245e-06
czc,3.3252253255811245e-06
produict,3.3252253255811245e-06
cham,3.3252253255811245e-06
tjs,3.3252253255811245e-06
zfl,3.3252253255811245e-06
precept,3.3252253255811245e-06
guitton,3.3252253255811245e-06
bronar,3.3252253255811245e-06
bfl,3.3252253255811245e-06
arbit,3.3252253255811245e-06
overpay,3.3252253255811245e-06
ston,3.3252253255811245e-06
systema,3.3252253255811245e-06
thefirst,3.3252253255811245e-06
rdi,3.3252253255811245e-06
nesian,3.3252253255811245e-06
nonexi,3.3252253255811245e-06
juxtapos,3.3252253255811245e-06
domize,3.3252253255811245e-06
boc,3.3252253255811245e-06
countless,3.3252253255811245e-06
rol,3.3252253255811245e-06
mothet,3.3252253255811245e-06
ulb,3.3252253255811245e-06
possibi,3.3252253255811245e-06
lwe,3.3252253255811245e-06
thrive,3.3252253255811245e-06
unfeas,3.3252253255811245e-06
efo,3.3252253255811245e-06
ntk,3.3252253255811245e-06
moneymarket,3.3252253255811245e-06
expedit,3.3252253255811245e-06
wed,3.3252253255811245e-06
compass,3.3252253255811245e-06
gir,3.3252253255811245e-06
cel,3.3252253255811245e-06
exhib,3.3252253255811245e-06
northhol,3.3252253255811245e-06
ecb,3.3252253255811245e-06
saddlepath,3.3252253255811245e-06
eutut,3.3252253255811245e-06
dlj,3.3252253255811245e-06
philadel,3.3252253255811245e-06
teenth,3.3252253255811245e-06
coarsen,3.3252253255811245e-06
mayo,3.3252253255811245e-06
inh,3.3252253255811245e-06
neater,3.3252253255811245e-06
xcii,3.3252253255811245e-06
zas,3.3252253255811245e-06
toric,3.3252253255811245e-06
profitmaximiz,3.3252253255811245e-06
hdt,3.3252253255811245e-06
lkl,3.3252253255811245e-06
xciv,3.3252253255811245e-06
valley,3.3252253255811245e-06
californiadavi,3.3252253255811245e-06
forma,3.3252253255811245e-06
nonselect,3.3252253255811245e-06
venu,3.3252253255811245e-06
traci,3.3252253255811245e-06
mckay,3.3252253255811245e-06
kmax,3.3252253255811245e-06
elc,3.3252253255811245e-06
roug,3.3252253255811245e-06
ivf,3.3252253255811245e-06
shopper,3.3252253255811245e-06
heterosk,3.3252253255811245e-06
gee,3.3252253255811245e-06
woodward,3.3252253255811245e-06
vee,3.3252253255811245e-06
modelsj,3.3252253255811245e-06
revi,3.3252253255811245e-06
bullard,3.3252253255811245e-06
quin,3.3252253255811245e-06
vbt,3.3252253255811245e-06
wox,3.3252253255811245e-06
bfor,3.3252253255811245e-06
uab,3.3252253255811245e-06
vgt,3.3252253255811245e-06
yipi,3.3252253255811245e-06
sayer,3.3252253255811245e-06
discrimi,3.3252253255811245e-06
ajaj,3.3252253255811245e-06
ork,3.3252253255811245e-06
armament,3.3252253255811245e-06
meric,3.3252253255811245e-06
tcn,3.3252253255811245e-06
nouncement,3.3252253255811245e-06
kenya,3.3252253255811245e-06
outrag,3.3252253255811245e-06
abk,3.3252253255811245e-06
sweeney,3.3252253255811245e-06
surtax,3.3252253255811245e-06
ptg,3.3252253255811245e-06
hamiltonjacobibellman,3.3252253255811245e-06
overrid,3.3252253255811245e-06
detat,3.3252253255811245e-06
conundrum,3.3252253255811245e-06
tye,3.3252253255811245e-06
permuta,3.3252253255811245e-06
fiur,3.3252253255811245e-06
sovereign,3.3252253255811245e-06
vrl,3.3252253255811245e-06
figurf,3.3252253255811245e-06
tizat,3.3252253255811245e-06
usher,3.3252253255811245e-06
ellickson,3.3252253255811245e-06
betray,3.3252253255811245e-06
illdefin,3.3252253255811245e-06
phys,3.3252253255811245e-06
papa,3.3252253255811245e-06
novem,3.3252253255811245e-06
infl,3.3252253255811245e-06
gmc,3.3252253255811245e-06
pseudolikelihood,3.3252253255811245e-06
srr,3.3252253255811245e-06
gao,3.3252253255811245e-06
ertdt,3.3252253255811245e-06
trun,3.3252253255811245e-06
neocla,3.3252253255811245e-06
highspe,3.3252253255811245e-06
eeo,3.3252253255811245e-06
rpf,3.3252253255811245e-06
riz,3.3252253255811245e-06
hwi,3.3252253255811245e-06
mlb,3.3252253255811245e-06
oscilla,3.3252253255811245e-06
unbundl,3.3252253255811245e-06
leibniz,3.3252253255811245e-06
pitl,3.3252253255811245e-06
plg,3.3252253255811245e-06
cowork,3.3252253255811245e-06
lysi,3.3252253255811245e-06
rvl,3.3252253255811245e-06
nineteenthcenturi,3.3252253255811245e-06
voyag,3.3252253255811245e-06
ofn,3.3252253255811245e-06
jib,3.3252253255811245e-06
gress,3.3252253255811245e-06
ficult,3.3252253255811245e-06
inflationadjust,3.3252253255811245e-06
pita,3.3252253255811245e-06
mss,3.3252253255811245e-06
edx,3.3252253255811245e-06
qsp,3.3252253255811245e-06
advisori,3.3252253255811245e-06
etxt,3.3252253255811245e-06
respon,3.3252253255811245e-06
gular,3.3252253255811245e-06
vvl,3.3252253255811245e-06
lmt,3.3252253255811245e-06
awn,3.3252253255811245e-06
sketchi,3.3252253255811245e-06
req,3.3252253255811245e-06
absolv,3.3252253255811245e-06
stoneman,3.3252253255811245e-06
fhs,3.3252253255811245e-06
eiii,3.3252253255811245e-06
ebr,3.3252253255811245e-06
asian,3.3252253255811245e-06
fqf,3.3252253255811245e-06
apex,3.3252253255811245e-06
forgiv,3.3252253255811245e-06
cpc,3.3252253255811245e-06
incomeleisur,3.3252253255811245e-06
iru,3.3252253255811245e-06
availa,3.3252253255811245e-06
highabl,3.3252253255811245e-06
viat,3.3252253255811245e-06
compensa,3.3252253255811245e-06
tfn,3.3252253255811245e-06
okk,3.3252253255811245e-06
ponenti,3.3252253255811245e-06
wine,3.3252253255811245e-06
chant,3.3252253255811245e-06
astonish,3.3252253255811245e-06
coordina,3.3252253255811245e-06
eist,3.3252253255811245e-06
yaw,3.3252253255811245e-06
sean,3.3252253255811245e-06
industrialis,3.3252253255811245e-06
dbl,3.3252253255811245e-06
misprint,3.3252253255811245e-06
cfs,3.3252253255811245e-06
fasc,3.3252253255811245e-06
tled,3.3252253255811245e-06
keller,3.3252253255811245e-06
meanvalu,3.3252253255811245e-06
egali,3.3252253255811245e-06
rwe,3.3252253255811245e-06
jpa,3.3252253255811245e-06
birthday,3.3252253255811245e-06
tvc,3.3252253255811245e-06
rvs,3.3252253255811245e-06
longitudin,3.3252253255811245e-06
chirinko,3.3252253255811245e-06
bogus,3.3252253255811245e-06
terranc,3.3252253255811245e-06
bef,3.3252253255811245e-06
ership,3.3252253255811245e-06
isg,3.3252253255811245e-06
surer,3.3252253255811245e-06
vao,3.3252253255811245e-06
betweeni,3.3252253255811245e-06
understat,3.3252253255811245e-06
onj,3.3252253255811245e-06
fru,3.3252253255811245e-06
shirk,3.3252253255811245e-06
cpd,3.3252253255811245e-06
thwart,3.3252253255811245e-06
percep,3.3252253255811245e-06
selffin,3.3252253255811245e-06
seppo,3.3252253255811245e-06
jail,3.3252253255811245e-06
itd,3.3252253255811245e-06
uiai,3.3252253255811245e-06
idenc,3.3252253255811245e-06
scal,3.3252253255811245e-06
ced,3.3252253255811245e-06
miami,3.3252253255811245e-06
nicholson,3.3252253255811245e-06
standarderror,3.3252253255811245e-06
easter,3.3252253255811245e-06
mediumterm,3.3252253255811245e-06
lockin,3.3252253255811245e-06
complaint,3.3252253255811245e-06
forfeit,3.3252253255811245e-06
vvj,3.3252253255811245e-06
sorghum,3.3252253255811245e-06
autoregressivemov,3.3252253255811245e-06
nometr,3.3252253255811245e-06
driftless,3.3252253255811245e-06
execu,3.3252253255811245e-06
disadvan,3.3252253255811245e-06
anger,3.3252253255811245e-06
fww,3.3252253255811245e-06
saf,3.3252253255811245e-06
brew,3.3252253255811245e-06
gwi,3.3252253255811245e-06
dtr,3.3252253255811245e-06
modelbuild,3.3252253255811245e-06
levich,3.3252253255811245e-06
finger,3.3252253255811245e-06
gut,3.3252253255811245e-06
alberta,3.3252253255811245e-06
otm,3.3252253255811245e-06
triv,2.4939189941858437e-06
wos,2.4939189941858437e-06
nonmon,2.4939189941858437e-06
pothet,2.4939189941858437e-06
wra,2.4939189941858437e-06
ceterisparibus,2.4939189941858437e-06
esa,2.4939189941858437e-06
illuminat,2.4939189941858437e-06
kathryn,2.4939189941858437e-06
xwt,2.4939189941858437e-06
rej,2.4939189941858437e-06
redon,2.4939189941858437e-06
alin,2.4939189941858437e-06
wiggin,2.4939189941858437e-06
npp,2.4939189941858437e-06
niceti,2.4939189941858437e-06
undet,2.4939189941858437e-06
dobson,2.4939189941858437e-06
iiiiii,2.4939189941858437e-06
cowley,2.4939189941858437e-06
selfdeni,2.4939189941858437e-06
reto,2.4939189941858437e-06
loj,2.4939189941858437e-06
msc,2.4939189941858437e-06
pek,2.4939189941858437e-06
garrison,2.4939189941858437e-06
ultimatum,2.4939189941858437e-06
repossess,2.4939189941858437e-06
nio,2.4939189941858437e-06
infonn,2.4939189941858437e-06
qiqi,2.4939189941858437e-06
garland,2.4939189941858437e-06
insta,2.4939189941858437e-06
xce,2.4939189941858437e-06
italic,2.4939189941858437e-06
nagar,2.4939189941858437e-06
behrman,2.4939189941858437e-06
jansson,2.4939189941858437e-06
ercis,2.4939189941858437e-06
kyl,2.4939189941858437e-06
nex,2.4939189941858437e-06
uganda,2.4939189941858437e-06
enz,2.4939189941858437e-06
armin,2.4939189941858437e-06
hallock,2.4939189941858437e-06
sleep,2.4939189941858437e-06
owt,2.4939189941858437e-06
janic,2.4939189941858437e-06
foreclos,2.4939189941858437e-06
weiner,2.4939189941858437e-06
proverb,2.4939189941858437e-06
wfa,2.4939189941858437e-06
reliabil,2.4939189941858437e-06
unb,2.4939189941858437e-06
resourcealloc,2.4939189941858437e-06
ssp,2.4939189941858437e-06
moneyhold,2.4939189941858437e-06
uam,2.4939189941858437e-06
nonact,2.4939189941858437e-06
xid,2.4939189941858437e-06
bug,2.4939189941858437e-06
dave,2.4939189941858437e-06
oja,2.4939189941858437e-06
corri,2.4939189941858437e-06
sssr,2.4939189941858437e-06
tnd,2.4939189941858437e-06
pnces,2.4939189941858437e-06
iol,2.4939189941858437e-06
manor,2.4939189941858437e-06
neurial,2.4939189941858437e-06
aku,2.4939189941858437e-06
shorterrun,2.4939189941858437e-06
monetis,2.4939189941858437e-06
inept,2.4939189941858437e-06
zoe,2.4939189941858437e-06
liken,2.4939189941858437e-06
mystifi,2.4939189941858437e-06
bornstein,2.4939189941858437e-06
pedant,2.4939189941858437e-06
cane,2.4939189941858437e-06
lint,2.4939189941858437e-06
alyz,2.4939189941858437e-06
blemish,2.4939189941858437e-06
favourit,2.4939189941858437e-06
feu,2.4939189941858437e-06
nava,2.4939189941858437e-06
kor,2.4939189941858437e-06
bthe,2.4939189941858437e-06
fulltim,2.4939189941858437e-06
substituta,2.4939189941858437e-06
cig,2.4939189941858437e-06
marketvalu,2.4939189941858437e-06
holzman,2.4939189941858437e-06
trevor,2.4939189941858437e-06
kaldorhick,2.4939189941858437e-06
leti,2.4939189941858437e-06
bygon,2.4939189941858437e-06
blt,2.4939189941858437e-06
theamerican,2.4939189941858437e-06
wein,2.4939189941858437e-06
canic,2.4939189941858437e-06
krishnamurthi,2.4939189941858437e-06
redo,2.4939189941858437e-06
dqp,2.4939189941858437e-06
axv,2.4939189941858437e-06
gere,2.4939189941858437e-06
andw,2.4939189941858437e-06
mcm,2.4939189941858437e-06
requi,2.4939189941858437e-06
granick,2.4939189941858437e-06
ije,2.4939189941858437e-06
constrast,2.4939189941858437e-06
priestley,2.4939189941858437e-06
iiif,2.4939189941858437e-06
wvill,2.4939189941858437e-06
oac,2.4939189941858437e-06
inelig,2.4939189941858437e-06
counterargu,2.4939189941858437e-06
kos,2.4939189941858437e-06
disintegr,2.4939189941858437e-06
mae,2.4939189941858437e-06
eda,2.4939189941858437e-06
downstream,2.4939189941858437e-06
amanda,2.4939189941858437e-06
ghetto,2.4939189941858437e-06
euit,2.4939189941858437e-06
kwt,2.4939189941858437e-06
wlhere,2.4939189941858437e-06
matsui,2.4939189941858437e-06
stituent,2.4939189941858437e-06
lemat,2.4939189941858437e-06
adventur,2.4939189941858437e-06
rav,2.4939189941858437e-06
ipd,2.4939189941858437e-06
gradat,2.4939189941858437e-06
democraci,2.4939189941858437e-06
unshad,2.4939189941858437e-06
resem,2.4939189941858437e-06
sitat,2.4939189941858437e-06
northsouth,2.4939189941858437e-06
wellinform,2.4939189941858437e-06
ddc,2.4939189941858437e-06
curva,2.4939189941858437e-06
rudd,2.4939189941858437e-06
tote,2.4939189941858437e-06
oversav,2.4939189941858437e-06
qfo,2.4939189941858437e-06
fier,2.4939189941858437e-06
mariano,2.4939189941858437e-06
keio,2.4939189941858437e-06
eras,2.4939189941858437e-06
hungri,2.4939189941858437e-06
scb,2.4939189941858437e-06
vns,2.4939189941858437e-06
signaltonois,2.4939189941858437e-06
laffer,2.4939189941858437e-06
matician,2.4939189941858437e-06
arili,2.4939189941858437e-06
oka,2.4939189941858437e-06
benston,2.4939189941858437e-06
overweigh,2.4939189941858437e-06
conjunctur,2.4939189941858437e-06
npj,2.4939189941858437e-06
ngo,2.4939189941858437e-06
feinstein,2.4939189941858437e-06
odo,2.4939189941858437e-06
nlog,2.4939189941858437e-06
unint,2.4939189941858437e-06
ofm,2.4939189941858437e-06
illa,2.4939189941858437e-06
nisbet,2.4939189941858437e-06
coz,2.4939189941858437e-06
nonadjust,2.4939189941858437e-06
schur,2.4939189941858437e-06
valenc,2.4939189941858437e-06
pob,2.4939189941858437e-06
rrm,2.4939189941858437e-06
yew,2.4939189941858437e-06
nonfinan,2.4939189941858437e-06
hoi,2.4939189941858437e-06
mtn,2.4939189941858437e-06
tamper,2.4939189941858437e-06
zwick,2.4939189941858437e-06
fec,2.4939189941858437e-06
vno,2.4939189941858437e-06
guelph,2.4939189941858437e-06
tradea,2.4939189941858437e-06
amerik,2.4939189941858437e-06
haustibl,2.4939189941858437e-06
kab,2.4939189941858437e-06
indivisi,2.4939189941858437e-06
demanddetermin,2.4939189941858437e-06
lander,2.4939189941858437e-06
wxx,2.4939189941858437e-06
finement,2.4939189941858437e-06
sophistica,2.4939189941858437e-06
afd,2.4939189941858437e-06
ppd,2.4939189941858437e-06
aspi,2.4939189941858437e-06
terl,2.4939189941858437e-06
mcmaster,2.4939189941858437e-06
mut,2.4939189941858437e-06
oooi,2.4939189941858437e-06
ilg,2.4939189941858437e-06
assumn,2.4939189941858437e-06
aod,2.4939189941858437e-06
greenspan,2.4939189941858437e-06
wellendow,2.4939189941858437e-06
pag,2.4939189941858437e-06
jbi,2.4939189941858437e-06
fortin,2.4939189941858437e-06
tec,2.4939189941858437e-06
hoy,2.4939189941858437e-06
contextu,2.4939189941858437e-06
mana,2.4939189941858437e-06
bookkeep,2.4939189941858437e-06
roni,2.4939189941858437e-06
uld,2.4939189941858437e-06
luckili,2.4939189941858437e-06
coca,2.4939189941858437e-06
highwag,2.4939189941858437e-06
duit,2.4939189941858437e-06
termediari,2.4939189941858437e-06
illyria,2.4939189941858437e-06
spur,2.4939189941858437e-06
tlr,2.4939189941858437e-06
illog,2.4939189941858437e-06
tpe,2.4939189941858437e-06
xxk,2.4939189941858437e-06
predat,2.4939189941858437e-06
cola,2.4939189941858437e-06
lapham,2.4939189941858437e-06
lill,2.4939189941858437e-06
spf,2.4939189941858437e-06
useabl,2.4939189941858437e-06
nonspecialist,2.4939189941858437e-06
agei,2.4939189941858437e-06
oaf,2.4939189941858437e-06
inconm,2.4939189941858437e-06
nonrevers,2.4939189941858437e-06
dcc,2.4939189941858437e-06
qoi,2.4939189941858437e-06
guthri,2.4939189941858437e-06
periodbyperiod,2.4939189941858437e-06
yid,2.4939189941858437e-06
locali,2.4939189941858437e-06
limbo,2.4939189941858437e-06
arcan,2.4939189941858437e-06
vjo,2.4939189941858437e-06
tiplic,2.4939189941858437e-06
threecountri,2.4939189941858437e-06
beset,2.4939189941858437e-06
vaca,2.4939189941858437e-06
tifiabl,2.4939189941858437e-06
schipper,2.4939189941858437e-06
assethold,2.4939189941858437e-06
deciph,2.4939189941858437e-06
zik,2.4939189941858437e-06
adn,2.4939189941858437e-06
investmentth,2.4939189941858437e-06
crudest,2.4939189941858437e-06
dak,2.4939189941858437e-06
ero,2.4939189941858437e-06
jurg,2.4939189941858437e-06
atori,2.4939189941858437e-06
nanda,2.4939189941858437e-06
ryn,2.4939189941858437e-06
embellish,2.4939189941858437e-06
oom,2.4939189941858437e-06
sanguin,2.4939189941858437e-06
moneya,2.4939189941858437e-06
srj,2.4939189941858437e-06
continent,2.4939189941858437e-06
fdo,2.4939189941858437e-06
selector,2.4939189941858437e-06
countervail,2.4939189941858437e-06
pus,2.4939189941858437e-06
onp,2.4939189941858437e-06
glenco,2.4939189941858437e-06
amit,2.4939189941858437e-06
jeopard,2.4939189941858437e-06
incorporat,2.4939189941858437e-06
xiiy,2.4939189941858437e-06
alejandro,2.4939189941858437e-06
sterdam,2.4939189941858437e-06
gruyter,2.4939189941858437e-06
noneth,2.4939189941858437e-06
pattem,2.4939189941858437e-06
heter,2.4939189941858437e-06
thn,2.4939189941858437e-06
gnn,2.4939189941858437e-06
tob,2.4939189941858437e-06
didat,2.4939189941858437e-06
laureat,2.4939189941858437e-06
nutter,2.4939189941858437e-06
confu,2.4939189941858437e-06
twoindustri,2.4939189941858437e-06
capitalmarket,2.4939189941858437e-06
twe,2.4939189941858437e-06
lol,2.4939189941858437e-06
custo,2.4939189941858437e-06
pricelevel,2.4939189941858437e-06
blowup,2.4939189941858437e-06
gaffney,2.4939189941858437e-06
jtk,2.4939189941858437e-06
ejf,2.4939189941858437e-06
centenari,2.4939189941858437e-06
twentyfirst,2.4939189941858437e-06
hif,2.4939189941858437e-06
wtlt,2.4939189941858437e-06
mcgarri,2.4939189941858437e-06
ventor,2.4939189941858437e-06
bing,2.4939189941858437e-06
alv,2.4939189941858437e-06
hel,2.4939189941858437e-06
gol,2.4939189941858437e-06
jerzi,2.4939189941858437e-06
fae,2.4939189941858437e-06
footstep,2.4939189941858437e-06
rfor,2.4939189941858437e-06
anw,2.4939189941858437e-06
iiti,2.4939189941858437e-06
outputcapit,2.4939189941858437e-06
unstructur,2.4939189941858437e-06
overthrow,2.4939189941858437e-06
tcr,2.4939189941858437e-06
otq,2.4939189941858437e-06
waller,2.4939189941858437e-06
oof,2.4939189941858437e-06
wellorgan,2.4939189941858437e-06
ezl,2.4939189941858437e-06
olr,2.4939189941858437e-06
antoin,2.4939189941858437e-06
functionth,2.4939189941858437e-06
qfq,2.4939189941858437e-06
exil,2.4939189941858437e-06
dessert,2.4939189941858437e-06
particl,2.4939189941858437e-06
nak,2.4939189941858437e-06
reten,2.4939189941858437e-06
coordinat,2.4939189941858437e-06
wmt,2.4939189941858437e-06
cei,2.4939189941858437e-06
marketth,2.4939189941858437e-06
amierican,2.4939189941858437e-06
andif,2.4939189941858437e-06
langelern,2.4939189941858437e-06
ncs,2.4939189941858437e-06
oneon,2.4939189941858437e-06
tve,2.4939189941858437e-06
osc,2.4939189941858437e-06
eww,2.4939189941858437e-06
izz,2.4939189941858437e-06
dime,2.4939189941858437e-06
baseperiod,2.4939189941858437e-06
jlo,2.4939189941858437e-06
mgt,2.4939189941858437e-06
ftft,2.4939189941858437e-06
lessthan,2.4939189941858437e-06
burgess,2.4939189941858437e-06
dmp,2.4939189941858437e-06
discrim,2.4939189941858437e-06
dall,2.4939189941858437e-06
jesus,2.4939189941858437e-06
lye,2.4939189941858437e-06
edgeworthbowley,2.4939189941858437e-06
ortega,2.4939189941858437e-06
tani,2.4939189941858437e-06
ech,2.4939189941858437e-06
leam,2.4939189941858437e-06
undefl,2.4939189941858437e-06
qqqq,2.4939189941858437e-06
rlo,2.4939189941858437e-06
ddd,2.4939189941858437e-06
ccq,2.4939189941858437e-06
eql,2.4939189941858437e-06
relinquish,2.4939189941858437e-06
ancl,2.4939189941858437e-06
untri,2.4939189941858437e-06
dyer,2.4939189941858437e-06
souza,2.4939189941858437e-06
xxc,2.4939189941858437e-06
unscrambl,2.4939189941858437e-06
qlr,2.4939189941858437e-06
lvl,2.4939189941858437e-06
cilit,2.4939189941858437e-06
crts,2.4939189941858437e-06
tdimension,2.4939189941858437e-06
rrw,2.4939189941858437e-06
tjr,2.4939189941858437e-06
tuna,2.4939189941858437e-06
tmn,2.4939189941858437e-06
yesno,2.4939189941858437e-06
chuck,2.4939189941858437e-06
emu,2.4939189941858437e-06
manoeuvr,2.4939189941858437e-06
kut,2.4939189941858437e-06
ferabl,2.4939189941858437e-06
caseth,2.4939189941858437e-06
notwith,2.4939189941858437e-06
lira,2.4939189941858437e-06
geomet,2.4939189941858437e-06
guido,2.4939189941858437e-06
oqt,2.4939189941858437e-06
cjf,2.4939189941858437e-06
ioe,2.4939189941858437e-06
gant,2.4939189941858437e-06
ipit,2.4939189941858437e-06
obl,2.4939189941858437e-06
uid,2.4939189941858437e-06
suicid,2.4939189941858437e-06
initio,2.4939189941858437e-06
demean,2.4939189941858437e-06
tce,2.4939189941858437e-06
redress,2.4939189941858437e-06
cropshar,2.4939189941858437e-06
feld,2.4939189941858437e-06
vow,2.4939189941858437e-06
detec,2.4939189941858437e-06
hermit,2.4939189941858437e-06
spotti,2.4939189941858437e-06
ofd,2.4939189941858437e-06
dof,2.4939189941858437e-06
pricecost,2.4939189941858437e-06
departamento,2.4939189941858437e-06
dso,2.4939189941858437e-06
pail,2.4939189941858437e-06
centroid,2.4939189941858437e-06
finiti,2.4939189941858437e-06
gln,2.4939189941858437e-06
flynn,2.4939189941858437e-06
isola,2.4939189941858437e-06
consecu,2.4939189941858437e-06
orgin,2.4939189941858437e-06
macrotheori,2.4939189941858437e-06
acrosstheboard,2.4939189941858437e-06
mjs,2.4939189941858437e-06
paw,2.4939189941858437e-06
onom,2.4939189941858437e-06
meani,2.4939189941858437e-06
flesh,2.4939189941858437e-06
forerunn,2.4939189941858437e-06
scheff,2.4939189941858437e-06
soil,2.4939189941858437e-06
banal,2.4939189941858437e-06
consen,2.4939189941858437e-06
olo,2.4939189941858437e-06
krs,2.4939189941858437e-06
reinhold,2.4939189941858437e-06
alii,2.4939189941858437e-06
autocorrela,2.4939189941858437e-06
oob,2.4939189941858437e-06
pfleider,2.4939189941858437e-06
eetet,2.4939189941858437e-06
protest,2.4939189941858437e-06
minneapo,2.4939189941858437e-06
instinct,2.4939189941858437e-06
matu,2.4939189941858437e-06
instit,2.4939189941858437e-06
nauk,2.4939189941858437e-06
sdx,2.4939189941858437e-06
unantici,2.4939189941858437e-06
prg,2.4939189941858437e-06
rca,2.4939189941858437e-06
erabl,2.4939189941858437e-06
dauphin,2.4939189941858437e-06
kullback,2.4939189941858437e-06
ihl,2.4939189941858437e-06
lhe,2.4939189941858437e-06
periodtwo,2.4939189941858437e-06
eqr,2.4939189941858437e-06
dcr,2.4939189941858437e-06
toc,2.4939189941858437e-06
jrg,2.4939189941858437e-06
multicountri,2.4939189941858437e-06
lxxxiv,2.4939189941858437e-06
maj,2.4939189941858437e-06
eff,2.4939189941858437e-06
wade,2.4939189941858437e-06
rhee,2.4939189941858437e-06
repeti,2.4939189941858437e-06
ujl,2.4939189941858437e-06
dekker,2.4939189941858437e-06
nego,2.4939189941858437e-06
generi,2.4939189941858437e-06
avid,2.4939189941858437e-06
antoinett,2.4939189941858437e-06
ddb,2.4939189941858437e-06
selfcon,2.4939189941858437e-06
adhoc,2.4939189941858437e-06
marin,2.4939189941858437e-06
prescient,2.4939189941858437e-06
lxxvii,2.4939189941858437e-06
uch,2.4939189941858437e-06
blau,2.4939189941858437e-06
knees,2.4939189941858437e-06
jlt,2.4939189941858437e-06
accomod,2.4939189941858437e-06
mre,2.4939189941858437e-06
kro,2.4939189941858437e-06
micromodel,2.4939189941858437e-06
esn,2.4939189941858437e-06
nove,2.4939189941858437e-06
thc,2.4939189941858437e-06
pjr,2.4939189941858437e-06
seafood,2.4939189941858437e-06
rur,2.4939189941858437e-06
plenum,2.4939189941858437e-06
xgt,2.4939189941858437e-06
ownermanag,2.4939189941858437e-06
periodtoperiod,2.4939189941858437e-06
ick,2.4939189941858437e-06
adelaid,2.4939189941858437e-06
bitrarili,2.4939189941858437e-06
fein,2.4939189941858437e-06
llw,2.4939189941858437e-06
recordkeep,2.4939189941858437e-06
bilize,2.4939189941858437e-06
fbt,2.4939189941858437e-06
braical,2.4939189941858437e-06
malaria,2.4939189941858437e-06
teract,2.4939189941858437e-06
polic,2.4939189941858437e-06
numera,2.4939189941858437e-06
immiser,2.4939189941858437e-06
worrisom,2.4939189941858437e-06
mortenson,2.4939189941858437e-06
insen,2.4939189941858437e-06
bait,2.4939189941858437e-06
som,2.4939189941858437e-06
soap,2.4939189941858437e-06
singlefactor,2.4939189941858437e-06
idio,2.4939189941858437e-06
gime,2.4939189941858437e-06
reuben,2.4939189941858437e-06
brasil,2.4939189941858437e-06
hie,2.4939189941858437e-06
carvalho,2.4939189941858437e-06
rds,2.4939189941858437e-06
ahr,2.4939189941858437e-06
istatist,2.4939189941858437e-06
tinm,2.4939189941858437e-06
evf,2.4939189941858437e-06
detract,2.4939189941858437e-06
nonidentifi,2.4939189941858437e-06
clar,2.4939189941858437e-06
limitedli,2.4939189941858437e-06
famil,2.4939189941858437e-06
ahd,2.4939189941858437e-06
tonn,2.4939189941858437e-06
iqj,2.4939189941858437e-06
dilig,2.4939189941858437e-06
erad,2.4939189941858437e-06
incompati,2.4939189941858437e-06
reflec,2.4939189941858437e-06
consu,2.4939189941858437e-06
fhl,2.4939189941858437e-06
mnent,2.4939189941858437e-06
productionposs,2.4939189941858437e-06
fibr,2.4939189941858437e-06
ztr,2.4939189941858437e-06
lili,2.4939189941858437e-06
ofw,2.4939189941858437e-06
malleabl,2.4939189941858437e-06
workleisur,2.4939189941858437e-06
paki,2.4939189941858437e-06
kap,2.4939189941858437e-06
economyth,2.4939189941858437e-06
nui,2.4939189941858437e-06
lcs,2.4939189941858437e-06
symm,2.4939189941858437e-06
malcomson,2.4939189941858437e-06
invoc,2.4939189941858437e-06
florian,2.4939189941858437e-06
thermomet,2.4939189941858437e-06
feast,2.4939189941858437e-06
froin,2.4939189941858437e-06
vera,2.4939189941858437e-06
bya,2.4939189941858437e-06
nimiti,2.4939189941858437e-06
goodi,2.4939189941858437e-06
qyi,2.4939189941858437e-06
btr,2.4939189941858437e-06
yrr,2.4939189941858437e-06
heston,2.4939189941858437e-06
sultant,2.4939189941858437e-06
imo,2.4939189941858437e-06
ceptabl,2.4939189941858437e-06
yas,2.4939189941858437e-06
unpr,2.4939189941858437e-06
xcix,2.4939189941858437e-06
fullerton,2.4939189941858437e-06
bns,2.4939189941858437e-06
braic,2.4939189941858437e-06
minski,2.4939189941858437e-06
fifo,2.4939189941858437e-06
psychometrika,2.4939189941858437e-06
llq,2.4939189941858437e-06
mulligan,2.4939189941858437e-06
multipleproduct,2.4939189941858437e-06
switzer,2.4939189941858437e-06
enron,2.4939189941858437e-06
hussey,2.4939189941858437e-06
pph,2.4939189941858437e-06
gnt,2.4939189941858437e-06
npa,2.4939189941858437e-06
odean,2.4939189941858437e-06
zigzag,2.4939189941858437e-06
ghz,2.4939189941858437e-06
seventyf,2.4939189941858437e-06
iwj,2.4939189941858437e-06
thesmar,2.4939189941858437e-06
holiday,2.4939189941858437e-06
opaqu,2.4939189941858437e-06
jsj,2.4939189941858437e-06
rzt,2.4939189941858437e-06
ripe,2.4939189941858437e-06
lectiv,2.4939189941858437e-06
pud,2.4939189941858437e-06
ikn,2.4939189941858437e-06
quasihyperbol,2.4939189941858437e-06
barnard,2.4939189941858437e-06
sprang,2.4939189941858437e-06
ajit,2.4939189941858437e-06
sapienza,2.4939189941858437e-06
cogley,2.4939189941858437e-06
barrel,2.4939189941858437e-06
feinberg,2.4939189941858437e-06
broadway,2.4939189941858437e-06
wahba,2.4939189941858437e-06
septembernovemb,2.4939189941858437e-06
vho,2.4939189941858437e-06
vmn,2.4939189941858437e-06
smsas,2.4939189941858437e-06
unambig,2.4939189941858437e-06
astatist,2.4939189941858437e-06
flawless,2.4939189941858437e-06
dardiz,2.4939189941858437e-06
encycloped,2.4939189941858437e-06
hla,2.4939189941858437e-06
midsiz,2.4939189941858437e-06
spatt,2.4939189941858437e-06
propen,2.4939189941858437e-06
bee,2.4939189941858437e-06
incomn,2.4939189941858437e-06
opec,2.4939189941858437e-06
journalist,2.4939189941858437e-06
virtuous,2.4939189941858437e-06
eeit,2.4939189941858437e-06
assetpric,2.4939189941858437e-06
onth,2.4939189941858437e-06
tgi,2.4939189941858437e-06
underconsumpt,2.4939189941858437e-06
lfp,2.4939189941858437e-06
housewif,2.4939189941858437e-06
emj,2.4939189941858437e-06
encour,2.4939189941858437e-06
inflationunemploy,2.4939189941858437e-06
stir,2.4939189941858437e-06
duboi,2.4939189941858437e-06
mcl,2.4939189941858437e-06
prim,2.4939189941858437e-06
bosworth,2.4939189941858437e-06
btn,2.4939189941858437e-06
noi,2.4939189941858437e-06
durand,2.4939189941858437e-06
intui,2.4939189941858437e-06
unscal,2.4939189941858437e-06
lasall,2.4939189941858437e-06
ounc,2.4939189941858437e-06
butler,2.4939189941858437e-06
religion,2.4939189941858437e-06
universitv,2.4939189941858437e-06
overbar,2.4939189941858437e-06
mjl,2.4939189941858437e-06
cdr,2.4939189941858437e-06
limitedinform,2.4939189941858437e-06
arial,2.4939189941858437e-06
johansson,2.4939189941858437e-06
litig,2.4939189941858437e-06
mendelsohn,2.4939189941858437e-06
slowmov,2.4939189941858437e-06
seep,2.4939189941858437e-06
fowler,2.4939189941858437e-06
perforc,2.4939189941858437e-06
xfo,2.4939189941858437e-06
avari,2.4939189941858437e-06
jeopardi,2.4939189941858437e-06
wisconsinmilwauke,2.4939189941858437e-06
ineffectu,2.4939189941858437e-06
etqt,2.4939189941858437e-06
equivoc,2.4939189941858437e-06
datastream,2.4939189941858437e-06
arnott,2.4939189941858437e-06
raini,2.4939189941858437e-06
wes,2.4939189941858437e-06
knk,2.4939189941858437e-06
bestknown,2.4939189941858437e-06
oversimplif,2.4939189941858437e-06
cqn,2.4939189941858437e-06
joumnal,2.4939189941858437e-06
rakesh,2.4939189941858437e-06
obliqu,2.4939189941858437e-06
acqui,2.4939189941858437e-06
tore,2.4939189941858437e-06
rus,2.4939189941858437e-06
mib,2.4939189941858437e-06
lisa,2.4939189941858437e-06
transla,2.4939189941858437e-06
cred,2.4939189941858437e-06
salli,2.4939189941858437e-06
herald,2.4939189941858437e-06
fittest,2.4939189941858437e-06
buri,2.4939189941858437e-06
etern,2.4939189941858437e-06
ufactur,2.4939189941858437e-06
zzzz,2.4939189941858437e-06
priest,2.4939189941858437e-06
sender,2.4939189941858437e-06
sander,2.4939189941858437e-06
annuit,2.4939189941858437e-06
unsecur,2.4939189941858437e-06
dise,2.4939189941858437e-06
ljx,2.4939189941858437e-06
leadership,2.4939189941858437e-06
selfdef,2.4939189941858437e-06
moni,2.4939189941858437e-06
manelli,2.4939189941858437e-06
payrol,2.4939189941858437e-06
nucleus,2.4939189941858437e-06
fourdigit,2.4939189941858437e-06
ekonomika,2.4939189941858437e-06
wmi,2.4939189941858437e-06
kaiman,2.4939189941858437e-06
extinguish,2.4939189941858437e-06
efect,2.4939189941858437e-06
ffq,2.4939189941858437e-06
rethink,2.4939189941858437e-06
perplex,2.4939189941858437e-06
edific,2.4939189941858437e-06
utah,2.4939189941858437e-06
logq,2.4939189941858437e-06
kohler,2.4939189941858437e-06
delgado,2.4939189941858437e-06
fno,2.4939189941858437e-06
halvorsen,2.4939189941858437e-06
bleak,2.4939189941858437e-06
dame,2.4939189941858437e-06
itor,2.4939189941858437e-06
freund,2.4939189941858437e-06
subtler,2.4939189941858437e-06
postsecondari,2.4939189941858437e-06
champion,2.4939189941858437e-06
frangoi,2.4939189941858437e-06
eor,2.4939189941858437e-06
jeanpaul,2.4939189941858437e-06
basingstok,2.4939189941858437e-06
stepahead,2.4939189941858437e-06
wiwi,2.4939189941858437e-06
bradstreet,2.4939189941858437e-06
clash,2.4939189941858437e-06
exem,2.4939189941858437e-06
voic,2.4939189941858437e-06
leif,2.4939189941858437e-06
burtless,2.4939189941858437e-06
collectiv,2.4939189941858437e-06
bolder,2.4939189941858437e-06
marvin,2.4939189941858437e-06
lrs,2.4939189941858437e-06
rqq,2.4939189941858437e-06
oeo,2.4939189941858437e-06
demonstra,2.4939189941858437e-06
dick,2.4939189941858437e-06
dwd,2.4939189941858437e-06
wjr,2.4939189941858437e-06
informationbas,2.4939189941858437e-06
detroit,2.4939189941858437e-06
dhd,2.4939189941858437e-06
presupposit,2.4939189941858437e-06
watersh,2.4939189941858437e-06
wsl,2.4939189941858437e-06
complain,2.4939189941858437e-06
httpdxdoiorgecta,2.4939189941858437e-06
economv,2.4939189941858437e-06
tyson,2.4939189941858437e-06
parliamentari,2.4939189941858437e-06
gxs,2.4939189941858437e-06
discredit,2.4939189941858437e-06
forcibl,2.4939189941858437e-06
idem,2.4939189941858437e-06
novic,2.4939189941858437e-06
credenc,2.4939189941858437e-06
chael,2.4939189941858437e-06
kopp,2.4939189941858437e-06
betweensubject,2.4939189941858437e-06
fpc,2.4939189941858437e-06
nonearn,2.4939189941858437e-06
oldfashion,2.4939189941858437e-06
xaz,2.4939189941858437e-06
ahf,2.4939189941858437e-06
trea,2.4939189941858437e-06
underproduct,2.4939189941858437e-06
smiley,2.4939189941858437e-06
fep,2.4939189941858437e-06
penultim,2.4939189941858437e-06
culprit,2.4939189941858437e-06
sexual,2.4939189941858437e-06
bgp,2.4939189941858437e-06
swer,2.4939189941858437e-06
ocm,2.4939189941858437e-06
dishoard,2.4939189941858437e-06
horst,2.4939189941858437e-06
fourweek,2.4939189941858437e-06
sorenson,2.4939189941858437e-06
ssee,2.4939189941858437e-06
cloud,2.4939189941858437e-06
harsh,2.4939189941858437e-06
pmk,2.4939189941858437e-06
renter,2.4939189941858437e-06
croson,2.4939189941858437e-06
injur,2.4939189941858437e-06
inno,2.4939189941858437e-06
erer,2.4939189941858437e-06
bohnet,2.4939189941858437e-06
kih,2.4939189941858437e-06
cian,2.4939189941858437e-06
dole,2.4939189941858437e-06
counteroff,2.4939189941858437e-06
uwl,2.4939189941858437e-06
cident,2.4939189941858437e-06
gtr,2.4939189941858437e-06
hdi,2.4939189941858437e-06
speedili,2.4939189941858437e-06
turkey,2.4939189941858437e-06
overreport,2.4939189941858437e-06
msm,2.4939189941858437e-06
arrest,2.4939189941858437e-06
revolt,2.4939189941858437e-06
asu,2.4939189941858437e-06
ffv,2.4939189941858437e-06
commer,2.4939189941858437e-06
ghk,2.4939189941858437e-06
extem,2.4939189941858437e-06
clinton,2.4939189941858437e-06
vff,2.4939189941858437e-06
krug,2.4939189941858437e-06
knowhow,2.4939189941858437e-06
marketa,2.4939189941858437e-06
supplemen,2.4939189941858437e-06
overemploy,2.4939189941858437e-06
ewe,2.4939189941858437e-06
ssl,2.4939189941858437e-06
decent,2.4939189941858437e-06
econtom,2.4939189941858437e-06
torn,2.4939189941858437e-06
blyt,2.4939189941858437e-06
contagion,2.4939189941858437e-06
voke,2.4939189941858437e-06
herenc,2.4939189941858437e-06
gdpt,2.4939189941858437e-06
lnj,2.4939189941858437e-06
kar,2.4939189941858437e-06
wdw,2.4939189941858437e-06
buiter,2.4939189941858437e-06
lhave,2.4939189941858437e-06
underrepres,2.4939189941858437e-06
ninetenth,2.4939189941858437e-06
preworld,2.4939189941858437e-06
sharecrop,2.4939189941858437e-06
vogel,2.4939189941858437e-06
leonardo,2.4939189941858437e-06
ylf,2.4939189941858437e-06
rutherford,2.4939189941858437e-06
vmt,2.4939189941858437e-06
singlepeak,2.4939189941858437e-06
cathi,2.4939189941858437e-06
quisit,2.4939189941858437e-06
theoretician,2.4939189941858437e-06
qel,2.4939189941858437e-06
etet,2.4939189941858437e-06
multan,2.4939189941858437e-06
semifinish,2.4939189941858437e-06
tur,2.4939189941858437e-06
lma,2.4939189941858437e-06
lxa,2.4939189941858437e-06
rnf,2.4939189941858437e-06
operation,2.4939189941858437e-06
forsak,2.4939189941858437e-06
falcon,2.4939189941858437e-06
dca,2.4939189941858437e-06
spanish,2.4939189941858437e-06
mov,2.4939189941858437e-06
xciii,2.4939189941858437e-06
speech,2.4939189941858437e-06
kathleen,2.4939189941858437e-06
maxd,2.4939189941858437e-06
sinn,2.4939189941858437e-06
vjk,2.4939189941858437e-06
rosss,2.4939189941858437e-06
tvv,2.4939189941858437e-06
cns,2.4939189941858437e-06
grubel,2.4939189941858437e-06
cycleperman,2.4939189941858437e-06
lamp,2.4939189941858437e-06
radioact,2.4939189941858437e-06
nonmargin,2.4939189941858437e-06
ihh,2.4939189941858437e-06
prolifer,2.4939189941858437e-06
unload,2.4939189941858437e-06
somn,2.4939189941858437e-06
plummet,2.4939189941858437e-06
invoic,2.4939189941858437e-06
energyintens,2.4939189941858437e-06
specialpurpos,2.4939189941858437e-06
undersuppli,2.4939189941858437e-06
glut,2.4939189941858437e-06
manyperson,2.4939189941858437e-06
revista,2.4939189941858437e-06
labora,2.4939189941858437e-06
trys,2.4939189941858437e-06
folklor,2.4939189941858437e-06
advo,2.4939189941858437e-06
michell,2.4939189941858437e-06
romano,2.4939189941858437e-06
econoin,2.4939189941858437e-06
pvector,2.4939189941858437e-06
pale,2.4939189941858437e-06
breakthrough,2.4939189941858437e-06
yoav,2.4939189941858437e-06
zlx,2.4939189941858437e-06
pqs,2.4939189941858437e-06
slum,2.4939189941858437e-06
vlk,2.4939189941858437e-06
calgari,2.4939189941858437e-06
lobbi,2.4939189941858437e-06
prti,2.4939189941858437e-06
discour,2.4939189941858437e-06
feasibil,2.4939189941858437e-06
cher,2.4939189941858437e-06
svt,2.4939189941858437e-06
canadianj,2.4939189941858437e-06
knut,2.4939189941858437e-06
phic,2.4939189941858437e-06
recapit,2.4939189941858437e-06
falsiti,2.4939189941858437e-06
kkn,2.4939189941858437e-06
nearrat,2.4939189941858437e-06
hhl,2.4939189941858437e-06
herebi,2.4939189941858437e-06
reactiv,2.4939189941858437e-06
cna,2.4939189941858437e-06
lcr,2.4939189941858437e-06
hirschman,2.4939189941858437e-06
withl,2.4939189941858437e-06
lament,2.4939189941858437e-06
knox,2.4939189941858437e-06
uppercas,2.4939189941858437e-06
termn,2.4939189941858437e-06
fyp,2.4939189941858437e-06
iph,2.4939189941858437e-06
gkk,2.4939189941858437e-06
resi,2.4939189941858437e-06
cvc,2.4939189941858437e-06
larson,2.4939189941858437e-06
ricultur,2.4939189941858437e-06
ulh,2.4939189941858437e-06
arkansa,2.4939189941858437e-06
heaven,2.4939189941858437e-06
devarajan,2.4939189941858437e-06
wore,2.4939189941858437e-06
plific,2.4939189941858437e-06
anglosaxon,2.4939189941858437e-06
thr,2.4939189941858437e-06
mica,2.4939189941858437e-06
onepercentagepoint,2.4939189941858437e-06
fog,2.4939189941858437e-06
zerocost,2.4939189941858437e-06
tame,2.4939189941858437e-06
disapprov,2.4939189941858437e-06
ctm,2.4939189941858437e-06
bloc,2.4939189941858437e-06
canvass,2.4939189941858437e-06
commonknowledg,2.4939189941858437e-06
expn,2.4939189941858437e-06
individualspecif,2.4939189941858437e-06
gsx,2.4939189941858437e-06
nigeria,2.4939189941858437e-06
lognor,2.4939189941858437e-06
kaushik,2.4939189941858437e-06
frenzi,2.4939189941858437e-06
colombia,2.4939189941858437e-06
aeo,2.4939189941858437e-06
foul,2.4939189941858437e-06
multifirm,2.4939189941858437e-06
ijv,2.4939189941858437e-06
ficial,2.4939189941858437e-06
terminus,2.4939189941858437e-06
diffu,2.4939189941858437e-06
barren,2.4939189941858437e-06
bomb,2.4939189941858437e-06
louvainlaneuv,2.4939189941858437e-06
syncrat,2.4939189941858437e-06
sag,2.4939189941858437e-06
rivalri,2.4939189941858437e-06
mosh,2.4939189941858437e-06
perus,2.4939189941858437e-06
fortyf,2.4939189941858437e-06
underway,2.4939189941858437e-06
nowaday,2.4939189941858437e-06
reluc,2.4939189941858437e-06
ondord,2.4939189941858437e-06
stupid,2.4939189941858437e-06
hero,2.4939189941858437e-06
whiclh,2.4939189941858437e-06
tlle,2.4939189941858437e-06
nutrit,2.4939189941858437e-06
infra,2.4939189941858437e-06
unnam,2.4939189941858437e-06
xar,2.4939189941858437e-06
mccabe,2.4939189941858437e-06
ssss,2.4939189941858437e-06
kzi,2.4939189941858437e-06
ump,2.4939189941858437e-06
neth,2.4939189941858437e-06
mercantil,2.4939189941858437e-06
nineti,2.4939189941858437e-06
cms,2.4939189941858437e-06
costof,2.4939189941858437e-06
kszegi,2.4939189941858437e-06
qxx,2.4939189941858437e-06
repertoir,2.4939189941858437e-06
lthis,2.4939189941858437e-06
gratif,2.4939189941858437e-06
founder,2.4939189941858437e-06
satting,2.4939189941858437e-06
tomari,2.4939189941858437e-06
seigniorag,2.4939189941858437e-06
synopsi,2.4939189941858437e-06
peso,2.4939189941858437e-06
predomi,2.4939189941858437e-06
taxi,2.4939189941858437e-06
pseudor,2.4939189941858437e-06
falsif,2.4939189941858437e-06
cashin,2.4939189941858437e-06
sushil,2.4939189941858437e-06
interrupt,2.4939189941858437e-06
thorstein,2.4939189941858437e-06
hammour,2.4939189941858437e-06
ftw,2.4939189941858437e-06
belgiqu,2.4939189941858437e-06
averch,2.4939189941858437e-06
postal,2.4939189941858437e-06
medit,2.4939189941858437e-06
telegraph,2.4939189941858437e-06
jcaxi,2.4939189941858437e-06
tanner,2.4939189941858437e-06
intergenera,2.4939189941858437e-06
baffl,2.4939189941858437e-06
lowfrequ,2.4939189941858437e-06
tyx,2.4939189941858437e-06
lippi,2.4939189941858437e-06
admin,2.4939189941858437e-06
vww,2.4939189941858437e-06
controvert,2.4939189941858437e-06
solitari,2.4939189941858437e-06
miyazaki,2.4939189941858437e-06
irrit,2.4939189941858437e-06
refocus,2.4939189941858437e-06
fjh,2.4939189941858437e-06
ilu,2.4939189941858437e-06
bdt,2.4939189941858437e-06
cleric,2.4939189941858437e-06
mathew,2.4939189941858437e-06
illb,2.4939189941858437e-06
instrumentalvari,2.4939189941858437e-06
curaci,2.4939189941858437e-06
evr,2.4939189941858437e-06
outgrowth,2.4939189941858437e-06
passthrough,2.4939189941858437e-06
athanasio,2.4939189941858437e-06
fulbright,2.4939189941858437e-06
rdimension,2.4939189941858437e-06
afr,2.4939189941858437e-06
anni,2.4939189941858437e-06
newhous,2.4939189941858437e-06
chineri,2.4939189941858437e-06
normaliz,2.4939189941858437e-06
zln,2.4939189941858437e-06
supra,2.4939189941858437e-06
occam,2.4939189941858437e-06
fest,2.4939189941858437e-06
enrol,2.4939189941858437e-06
humboldt,2.4939189941858437e-06
cabl,2.4939189941858437e-06
nurks,2.4939189941858437e-06
worm,2.4939189941858437e-06
iran,2.4939189941858437e-06
maclaurin,2.4939189941858437e-06
holli,2.4939189941858437e-06
bgt,2.4939189941858437e-06
sadka,2.4939189941858437e-06
tray,2.4939189941858437e-06
ixb,2.4939189941858437e-06
gravit,2.4939189941858437e-06
viceira,2.4939189941858437e-06
conf,2.4939189941858437e-06
zum,2.4939189941858437e-06
maldistribut,2.4939189941858437e-06
rig,2.4939189941858437e-06
hnt,2.4939189941858437e-06
mui,2.4939189941858437e-06
restudrdr,2.4939189941858437e-06
factoraug,2.4939189941858437e-06
exz,2.4939189941858437e-06
kiel,2.4939189941858437e-06
robson,2.4939189941858437e-06
peacock,2.4939189941858437e-06
asg,2.4939189941858437e-06
distributor,2.4939189941858437e-06
dwa,2.4939189941858437e-06
wrinkl,2.4939189941858437e-06
commemor,2.4939189941858437e-06
undisturb,2.4939189941858437e-06
concoct,2.4939189941858437e-06
consign,2.4939189941858437e-06
bekker,2.4939189941858437e-06
related,2.4939189941858437e-06
trx,2.4939189941858437e-06
rubber,2.4939189941858437e-06
frugal,2.4939189941858437e-06
muse,2.4939189941858437e-06
energyus,2.4939189941858437e-06
caricatur,2.4939189941858437e-06
sms,2.4939189941858437e-06
chop,2.4939189941858437e-06
minz,2.4939189941858437e-06
apprehens,2.4939189941858437e-06
observatori,2.4939189941858437e-06
semblanc,2.4939189941858437e-06
sacr,2.4939189941858437e-06
trc,2.4939189941858437e-06
grawhil,2.4939189941858437e-06
scarcer,2.4939189941858437e-06
klr,2.4939189941858437e-06
bureaucrat,2.4939189941858437e-06
yos,2.4939189941858437e-06
hesi,2.4939189941858437e-06
novat,2.4939189941858437e-06
lof,2.4939189941858437e-06
qualifica,2.4939189941858437e-06
malais,2.4939189941858437e-06
cedent,2.4939189941858437e-06
qsq,2.4939189941858437e-06
barger,2.4939189941858437e-06
jewel,2.4939189941858437e-06
shanken,2.4939189941858437e-06
pjb,2.4939189941858437e-06
belittl,2.4939189941858437e-06
religi,2.4939189941858437e-06
michihiro,2.4939189941858437e-06
cutback,2.4939189941858437e-06
stubborn,2.4939189941858437e-06
kenen,2.4939189941858437e-06
crosssector,2.4939189941858437e-06
crest,2.4939189941858437e-06
aristotl,2.4939189941858437e-06
inconsider,2.4939189941858437e-06
wist,2.4939189941858437e-06
disquiet,2.4939189941858437e-06
igo,2.4939189941858437e-06
manufac,2.4939189941858437e-06
gneezi,2.4939189941858437e-06
remem,2.4939189941858437e-06
lire,2.4939189941858437e-06
nach,2.4939189941858437e-06
berl,2.4939189941858437e-06
slk,2.4939189941858437e-06
lrb,2.4939189941858437e-06
twl,2.4939189941858437e-06
slog,2.4939189941858437e-06
burgh,2.4939189941858437e-06
emeri,2.4939189941858437e-06
seventeenth,2.4939189941858437e-06
parlanc,2.4939189941858437e-06
guilti,2.4939189941858437e-06
lise,2.4939189941858437e-06
pene,2.4939189941858437e-06
nationalist,2.4939189941858437e-06
siq,2.4939189941858437e-06
tla,2.4939189941858437e-06
wso,2.4939189941858437e-06
pbe,2.4939189941858437e-06
qir,2.4939189941858437e-06
inch,2.4939189941858437e-06
doomsday,2.4939189941858437e-06
gab,2.4939189941858437e-06
lull,2.4939189941858437e-06
asymm,2.4939189941858437e-06
ondperiod,2.4939189941858437e-06
ascer,2.4939189941858437e-06
multiequ,2.4939189941858437e-06
monev,2.4939189941858437e-06
fvv,2.4939189941858437e-06
shrunk,2.4939189941858437e-06
judi,2.4939189941858437e-06
fromii,2.4939189941858437e-06
twentysix,2.4939189941858437e-06
congeni,2.4939189941858437e-06
tsiddon,2.4939189941858437e-06
ferber,2.4939189941858437e-06
swl,2.4939189941858437e-06
majluf,2.4939189941858437e-06
systemn,2.4939189941858437e-06
accep,2.4939189941858437e-06
nonzerosum,2.4939189941858437e-06
eighteenthcenturi,2.4939189941858437e-06
ecn,2.4939189941858437e-06
havoc,2.4939189941858437e-06
kiviet,2.4939189941858437e-06
contingen,2.4939189941858437e-06
binder,2.4939189941858437e-06
christma,2.4939189941858437e-06
meatpack,2.4939189941858437e-06
fratio,2.4939189941858437e-06
sophic,2.4939189941858437e-06
pell,2.4939189941858437e-06
ammunit,2.4939189941858437e-06
ruleofthumb,2.4939189941858437e-06
harwood,2.4939189941858437e-06
eleventh,2.4939189941858437e-06
intraclass,2.4939189941858437e-06
samwick,2.4939189941858437e-06
precom,2.4939189941858437e-06
aprilmay,2.4939189941858437e-06
archer,2.4939189941858437e-06
wjf,2.4939189941858437e-06
vkx,2.4939189941858437e-06
ilit,2.4939189941858437e-06
germ,2.4939189941858437e-06
axit,2.4939189941858437e-06
upsurg,2.4939189941858437e-06
subnorm,2.4939189941858437e-06
anderlini,2.4939189941858437e-06
logj,2.4939189941858437e-06
mta,2.4939189941858437e-06
paradigmat,2.4939189941858437e-06
prz,2.4939189941858437e-06
calori,2.4939189941858437e-06
exemplari,2.4939189941858437e-06
erect,2.4939189941858437e-06
gcl,2.4939189941858437e-06
eol,2.4939189941858437e-06
tric,2.4939189941858437e-06
indefi,2.4939189941858437e-06
nlj,2.4939189941858437e-06
gradu,2.4939189941858437e-06
complish,2.4939189941858437e-06
kantorovich,2.4939189941858437e-06
ucq,2.4939189941858437e-06
ytz,2.4939189941858437e-06
simplemind,2.4939189941858437e-06
ntm,2.4939189941858437e-06
kna,2.4939189941858437e-06
hierar,2.4939189941858437e-06
bohn,2.4939189941858437e-06
kochin,2.4939189941858437e-06
eiei,2.4939189941858437e-06
partak,2.4939189941858437e-06
populac,2.4939189941858437e-06
nrm,2.4939189941858437e-06
cybernet,2.4939189941858437e-06
bne,2.4939189941858437e-06
valentin,2.4939189941858437e-06
biw,2.4939189941858437e-06
plac,2.4939189941858437e-06
parkinson,2.4939189941858437e-06
obj,2.4939189941858437e-06
autonomi,2.4939189941858437e-06
provi,2.4939189941858437e-06
rebutt,2.4939189941858437e-06
nario,2.4939189941858437e-06
ltlt,2.4939189941858437e-06
harlow,2.4939189941858437e-06
certifi,2.4939189941858437e-06
nna,2.4939189941858437e-06
riversid,2.4939189941858437e-06
hon,2.4939189941858437e-06
holzer,2.4939189941858437e-06
ncl,2.4939189941858437e-06
intraregion,2.4939189941858437e-06
misguid,2.4939189941858437e-06
spl,2.4939189941858437e-06
cynic,2.4939189941858437e-06
dnp,2.4939189941858437e-06
unstat,2.4939189941858437e-06
pazner,2.4939189941858437e-06
enigma,2.4939189941858437e-06
hymer,2.4939189941858437e-06
kleindorf,2.4939189941858437e-06
andrzej,2.4939189941858437e-06
plead,2.4939189941858437e-06
xjc,2.4939189941858437e-06
habilit,2.4939189941858437e-06
carmen,2.4939189941858437e-06
nonparamet,2.4939189941858437e-06
eign,2.4939189941858437e-06
immut,2.4939189941858437e-06
ioii,2.4939189941858437e-06
garbl,2.4939189941858437e-06
abrog,2.4939189941858437e-06
bbl,2.4939189941858437e-06
lyst,2.4939189941858437e-06
fcn,2.4939189941858437e-06
oneto,2.4939189941858437e-06
empiricist,2.4939189941858437e-06
profitmak,2.4939189941858437e-06
disag,2.4939189941858437e-06
biologist,2.4939189941858437e-06
whittak,2.4939189941858437e-06
mismatch,2.4939189941858437e-06
lafayett,2.4939189941858437e-06
turner,2.4939189941858437e-06
vember,2.4939189941858437e-06
passim,2.4939189941858437e-06
cargo,2.4939189941858437e-06
probt,2.4939189941858437e-06
farsight,2.4939189941858437e-06
olley,2.4939189941858437e-06
pwr,2.4939189941858437e-06
shoulder,2.4939189941858437e-06
econmico,2.4939189941858437e-06
rnp,2.4939189941858437e-06
mls,2.4939189941858437e-06
wrp,2.4939189941858437e-06
bolster,2.4939189941858437e-06
doom,2.4939189941858437e-06
factorili,2.4939189941858437e-06
dixon,2.4939189941858437e-06
tegi,2.4939189941858437e-06
adem,2.4939189941858437e-06
isr,2.4939189941858437e-06
keizai,2.4939189941858437e-06
helmut,2.4939189941858437e-06
dpd,2.4939189941858437e-06
phasi,2.4939189941858437e-06
fernando,2.4939189941858437e-06
nmodel,2.4939189941858437e-06
ylr,2.4939189941858437e-06
xcv,2.4939189941858437e-06
cej,2.4939189941858437e-06
iag,2.4939189941858437e-06
encapsul,2.4939189941858437e-06
spn,2.4939189941858437e-06
toll,2.4939189941858437e-06
lope,2.4939189941858437e-06
macropolici,2.4939189941858437e-06
propel,2.4939189941858437e-06
trb,2.4939189941858437e-06
merc,2.4939189941858437e-06
fruition,2.4939189941858437e-06
ciencia,2.4939189941858437e-06
agerel,2.4939189941858437e-06
codifi,2.4939189941858437e-06
leduc,2.4939189941858437e-06
obo,2.4939189941858437e-06
rga,2.4939189941858437e-06
vna,2.4939189941858437e-06
ambit,2.4939189941858437e-06
kullbackleibl,2.4939189941858437e-06
arf,2.4939189941858437e-06
reenter,2.4939189941858437e-06
diagnosi,2.4939189941858437e-06
dewatripont,2.4939189941858437e-06
slant,2.4939189941858437e-06
aggregat,2.4939189941858437e-06
magnac,2.4939189941858437e-06
pesek,2.4939189941858437e-06
multidivision,2.4939189941858437e-06
incomeeffect,2.4939189941858437e-06
ssf,2.4939189941858437e-06
rkr,2.4939189941858437e-06
xkxk,2.4939189941858437e-06
meghir,2.4939189941858437e-06
cse,2.4939189941858437e-06
patern,2.4939189941858437e-06
ivan,2.4939189941858437e-06
fairer,2.4939189941858437e-06
tnat,2.4939189941858437e-06
ajq,2.4939189941858437e-06
publicgood,2.4939189941858437e-06
smirnov,2.4939189941858437e-06
noncom,2.4939189941858437e-06
tidi,2.4939189941858437e-06
liam,2.4939189941858437e-06
raf,2.4939189941858437e-06
carlsson,2.4939189941858437e-06
kjs,2.4939189941858437e-06
khi,2.4939189941858437e-06
didnt,2.4939189941858437e-06
thei,2.4939189941858437e-06
pervad,2.4939189941858437e-06
pere,2.4939189941858437e-06
vani,2.4939189941858437e-06
replant,2.4939189941858437e-06
modus,2.4939189941858437e-06
cbr,2.4939189941858437e-06
piccion,2.4939189941858437e-06
overemphas,2.4939189941858437e-06
pathbreak,2.4939189941858437e-06
costpric,2.4939189941858437e-06
egj,2.4939189941858437e-06
neck,2.4939189941858437e-06
atlas,2.4939189941858437e-06
acknow,2.4939189941858437e-06
nwo,2.4939189941858437e-06
ivar,2.4939189941858437e-06
punch,2.4939189941858437e-06
melitz,2.4939189941858437e-06
biometr,2.4939189941858437e-06
utopian,2.4939189941858437e-06
liminari,2.4939189941858437e-06
milwauke,2.4939189941858437e-06
allornoth,2.4939189941858437e-06
coextens,2.4939189941858437e-06
ramon,2.4939189941858437e-06
posttransf,2.4939189941858437e-06
noisier,2.4939189941858437e-06
verrecchia,2.4939189941858437e-06
subsam,2.4939189941858437e-06
protein,2.4939189941858437e-06
dnj,2.4939189941858437e-06
mnm,2.4939189941858437e-06
macroecon,2.4939189941858437e-06
stanislaw,2.4939189941858437e-06
nbn,2.4939189941858437e-06
nonreject,2.4939189941858437e-06
nca,2.4939189941858437e-06
seater,2.4939189941858437e-06
tonnag,2.4939189941858437e-06
osl,2.4939189941858437e-06
pedersen,2.4939189941858437e-06
undevelop,2.4939189941858437e-06
eswaran,2.4939189941858437e-06
dustrial,2.4939189941858437e-06
lamb,2.4939189941858437e-06
clh,2.4939189941858437e-06
slottj,2.4939189941858437e-06
aitsahalia,2.4939189941858437e-06
nonmiss,2.4939189941858437e-06
novdec,2.4939189941858437e-06
homeown,2.4939189941858437e-06
gaa,2.4939189941858437e-06
liquor,2.4939189941858437e-06
nebraska,2.4939189941858437e-06
accelera,2.4939189941858437e-06
febru,2.4939189941858437e-06
iad,2.4939189941858437e-06
varw,2.4939189941858437e-06
eyal,2.4939189941858437e-06
hypothesistest,2.4939189941858437e-06
xqq,2.4939189941858437e-06
gyp,2.4939189941858437e-06
wellsuit,2.4939189941858437e-06
drp,2.4939189941858437e-06
covu,2.4939189941858437e-06
perioda,2.4939189941858437e-06
pkn,2.4939189941858437e-06
qhi,2.4939189941858437e-06
sidiz,2.4939189941858437e-06
jtp,2.4939189941858437e-06
dataa,2.4939189941858437e-06
tbl,2.4939189941858437e-06
yjc,2.4939189941858437e-06
thermal,2.4939189941858437e-06
abstractthi,2.4939189941858437e-06
tfm,2.4939189941858437e-06
iiiiv,2.4939189941858437e-06
underidentif,2.4939189941858437e-06
reorient,2.4939189941858437e-06
wrn,2.4939189941858437e-06
perkin,2.4939189941858437e-06
vnj,2.4939189941858437e-06
dfe,2.4939189941858437e-06
glk,2.4939189941858437e-06
weo,2.4939189941858437e-06
meier,2.4939189941858437e-06
hhi,2.4939189941858437e-06
soni,2.4939189941858437e-06
pharmaceut,2.4939189941858437e-06
noll,2.4939189941858437e-06
cutthroat,2.4939189941858437e-06
lnd,2.4939189941858437e-06
jhi,2.4939189941858437e-06
nopolist,2.4939189941858437e-06
hartmann,2.4939189941858437e-06
smuggl,2.4939189941858437e-06
rehabilit,2.4939189941858437e-06
hillclimb,2.4939189941858437e-06
referencedepend,2.4939189941858437e-06
incomeinduc,2.4939189941858437e-06
vrr,2.4939189941858437e-06
mechani,2.4939189941858437e-06
uncor,2.4939189941858437e-06
lgt,2.4939189941858437e-06
forn,2.4939189941858437e-06
jealous,2.4939189941858437e-06
boxjenkin,2.4939189941858437e-06
edz,2.4939189941858437e-06
glossari,2.4939189941858437e-06
vjr,2.4939189941858437e-06
exposi,2.4939189941858437e-06
jjr,2.4939189941858437e-06
garden,2.4939189941858437e-06
qps,2.4939189941858437e-06
agit,2.4939189941858437e-06
wnl,2.4939189941858437e-06
loath,2.4939189941858437e-06
teigen,2.4939189941858437e-06
noncash,2.4939189941858437e-06
tid,2.4939189941858437e-06
tercept,2.4939189941858437e-06
mller,2.4939189941858437e-06
yard,2.4939189941858437e-06
pictori,2.4939189941858437e-06
linearis,2.4939189941858437e-06
panion,2.4939189941858437e-06
timer,2.4939189941858437e-06
rnc,2.4939189941858437e-06
massachu,2.4939189941858437e-06
outlaw,2.4939189941858437e-06
versial,2.4939189941858437e-06
fession,2.4939189941858437e-06
utdt,2.4939189941858437e-06
unqualifi,2.4939189941858437e-06
ntb,2.4939189941858437e-06
sra,2.4939189941858437e-06
proprieti,2.4939189941858437e-06
paretorank,2.4939189941858437e-06
standin,2.4939189941858437e-06
authorit,2.4939189941858437e-06
vhf,2.4939189941858437e-06
doj,2.4939189941858437e-06
schaller,2.4939189941858437e-06
aftermath,2.4939189941858437e-06
jnt,2.4939189941858437e-06
seitz,2.4939189941858437e-06
penc,2.4939189941858437e-06
jane,2.4939189941858437e-06
infp,2.4939189941858437e-06
schiller,2.4939189941858437e-06
burstein,2.4939189941858437e-06
incipi,2.4939189941858437e-06
overshadow,2.4939189941858437e-06
cso,2.4939189941858437e-06
zmi,2.4939189941858437e-06
liabili,2.4939189941858437e-06
rcl,2.4939189941858437e-06
rdl,2.4939189941858437e-06
aeronaut,2.4939189941858437e-06
tervent,2.4939189941858437e-06
cef,2.4939189941858437e-06
modelspecif,2.4939189941858437e-06
simulationbas,2.4939189941858437e-06
investmentoutput,2.4939189941858437e-06
chartist,2.4939189941858437e-06
tzl,2.4939189941858437e-06
tiein,2.4939189941858437e-06
infa,2.4939189941858437e-06
aru,2.4939189941858437e-06
blain,2.4939189941858437e-06
holmstrm,2.4939189941858437e-06
nontransfer,2.4939189941858437e-06
noncred,2.4939189941858437e-06
industria,2.4939189941858437e-06
banknot,2.4939189941858437e-06
bmm,2.4939189941858437e-06
coach,2.4939189941858437e-06
bmi,2.4939189941858437e-06
revankar,2.4939189941858437e-06
shareweight,2.4939189941858437e-06
valiant,2.4939189941858437e-06
hjl,2.4939189941858437e-06
dete,2.4939189941858437e-06
lastperiod,2.4939189941858437e-06
orcutt,2.4939189941858437e-06
leftout,2.4939189941858437e-06
yuval,2.4939189941858437e-06
ivn,2.4939189941858437e-06
visualis,2.4939189941858437e-06
demot,2.4939189941858437e-06
rau,2.4939189941858437e-06
kck,2.4939189941858437e-06
zal,2.4939189941858437e-06
crandal,2.4939189941858437e-06
wert,2.4939189941858437e-06
jeann,2.4939189941858437e-06
divest,2.4939189941858437e-06
crocker,2.4939189941858437e-06
statebyst,2.4939189941858437e-06
olson,2.4939189941858437e-06
rist,2.4939189941858437e-06
opc,2.4939189941858437e-06
lans,2.4939189941858437e-06
huston,2.4939189941858437e-06
hph,2.4939189941858437e-06
guardian,2.4939189941858437e-06
rosenfeld,2.4939189941858437e-06
hoboken,2.4939189941858437e-06
impend,2.4939189941858437e-06
dill,2.4939189941858437e-06
jourmal,2.4939189941858437e-06
accent,2.4939189941858437e-06
longrang,2.4939189941858437e-06
wbi,2.4939189941858437e-06
piet,2.4939189941858437e-06
macavoy,2.4939189941858437e-06
republican,2.4939189941858437e-06
thleori,2.4939189941858437e-06
gulf,2.4939189941858437e-06
brutal,2.4939189941858437e-06
spc,2.4939189941858437e-06
ewr,2.4939189941858437e-06
xss,2.4939189941858437e-06
histoir,2.4939189941858437e-06
jorion,2.4939189941858437e-06
meanrevers,2.4939189941858437e-06
oversea,2.4939189941858437e-06
trig,2.4939189941858437e-06
passeng,2.4939189941858437e-06
eed,2.4939189941858437e-06
stun,2.4939189941858437e-06
noninterestbear,2.4939189941858437e-06
frankfurt,2.4939189941858437e-06
deleeuw,2.4939189941858437e-06
seam,2.4939189941858437e-06
stranger,2.4939189941858437e-06
vje,2.4939189941858437e-06
floud,2.4939189941858437e-06
incomea,2.4939189941858437e-06
bekaert,2.4939189941858437e-06
qwt,2.4939189941858437e-06
csic,2.4939189941858437e-06
etm,2.4939189941858437e-06
consumptionsmooth,2.4939189941858437e-06
grom,2.4939189941858437e-06
supergam,2.4939189941858437e-06
propa,2.4939189941858437e-06
opin,2.4939189941858437e-06
tienc,2.4939189941858437e-06
taxinduc,2.4939189941858437e-06
econometnca,2.4939189941858437e-06
jot,2.4939189941858437e-06
paralyz,2.4939189941858437e-06
periodi,2.4939189941858437e-06
pragu,2.4939189941858437e-06
eso,2.4939189941858437e-06
wie,2.4939189941858437e-06
yye,2.4939189941858437e-06
consumergood,2.4939189941858437e-06
ypj,2.4939189941858437e-06
enthusiast,2.4939189941858437e-06
ecf,2.4939189941858437e-06
reshap,2.4939189941858437e-06
incompletemarket,2.4939189941858437e-06
priation,2.4939189941858437e-06
jfl,2.4939189941858437e-06
sidiari,2.4939189941858437e-06
pbr,2.4939189941858437e-06
rfe,2.4939189941858437e-06
prune,2.4939189941858437e-06
urp,2.4939189941858437e-06
eqo,2.4939189941858437e-06
treasurybil,2.4939189941858437e-06
overinsur,2.4939189941858437e-06
dpu,2.4939189941858437e-06
jeong,2.4939189941858437e-06
equals,2.4939189941858437e-06
siecl,2.4939189941858437e-06
ebj,2.4939189941858437e-06
iza,2.4939189941858437e-06
azit,2.4939189941858437e-06
bsb,2.4939189941858437e-06
vijay,2.4939189941858437e-06
elw,2.4939189941858437e-06
vcv,2.4939189941858437e-06
nile,2.4939189941858437e-06
interr,2.4939189941858437e-06
pvn,2.4939189941858437e-06
llog,2.4939189941858437e-06
hvt,2.4939189941858437e-06
leastcost,2.4939189941858437e-06
kogan,2.4939189941858437e-06
pyr,2.4939189941858437e-06
splendid,2.4939189941858437e-06
bore,2.4939189941858437e-06
nocommit,2.4939189941858437e-06
highgrowth,2.4939189941858437e-06
collier,2.4939189941858437e-06
taper,2.4939189941858437e-06
ykx,2.4939189941858437e-06
corba,2.4939189941858437e-06
amr,2.4939189941858437e-06
sabbat,2.4939189941858437e-06
formi,2.4939189941858437e-06
sall,2.4939189941858437e-06
informationth,2.4939189941858437e-06
ftu,2.4939189941858437e-06
lbs,2.4939189941858437e-06
mediocr,2.4939189941858437e-06
etd,2.4939189941858437e-06
aeaweb,2.4939189941858437e-06
adl,2.4939189941858437e-06
prejudic,2.4939189941858437e-06
ocean,2.4939189941858437e-06
credul,2.4939189941858437e-06
qpr,2.4939189941858437e-06
gase,2.4939189941858437e-06
accel,2.4939189941858437e-06
putnam,2.4939189941858437e-06
acid,2.4939189941858437e-06
fwl,2.4939189941858437e-06
ypn,2.4939189941858437e-06
nsn,2.4939189941858437e-06
sonm,2.4939189941858437e-06
thee,2.4939189941858437e-06
avalu,2.4939189941858437e-06
kre,2.4939189941858437e-06
dejong,2.4939189941858437e-06
brb,2.4939189941858437e-06
vim,2.4939189941858437e-06
tobia,2.4939189941858437e-06
timid,2.4939189941858437e-06
subscrip,2.4939189941858437e-06
everett,2.4939189941858437e-06
ruler,2.4939189941858437e-06
ojo,2.4939189941858437e-06
reder,2.4939189941858437e-06
propertyright,2.4939189941858437e-06
mould,2.4939189941858437e-06
brilling,2.4939189941858437e-06
physicist,2.4939189941858437e-06
opportunist,2.4939189941858437e-06
mentabl,2.4939189941858437e-06
twelfth,2.4939189941858437e-06
raghuram,2.4939189941858437e-06
headway,2.4939189941858437e-06
lmi,2.4939189941858437e-06
district,2.4939189941858437e-06
hydroelectr,2.4939189941858437e-06
viai,2.4939189941858437e-06
cool,2.4939189941858437e-06
yjf,2.4939189941858437e-06
disci,2.4939189941858437e-06
sunshin,2.4939189941858437e-06
mow,2.4939189941858437e-06
curi,2.4939189941858437e-06
heidhu,2.4939189941858437e-06
yeartoyear,2.4939189941858437e-06
handsom,2.4939189941858437e-06
alley,2.4939189941858437e-06
unborn,2.4939189941858437e-06
mediums,2.4939189941858437e-06
mrl,2.4939189941858437e-06
ackerberg,2.4939189941858437e-06
koc,2.4939189941858437e-06
lthe,2.4939189941858437e-06
pline,2.4939189941858437e-06
soso,2.4939189941858437e-06
produkt,2.4939189941858437e-06
pranab,2.4939189941858437e-06
onili,2.4939189941858437e-06
ministerio,2.4939189941858437e-06
shinkai,2.4939189941858437e-06
goyal,2.4939189941858437e-06
lazi,2.4939189941858437e-06
garbad,2.4939189941858437e-06
thereupon,2.4939189941858437e-06
cashbal,2.4939189941858437e-06
nomica,2.4939189941858437e-06
taubman,2.4939189941858437e-06
transplant,2.4939189941858437e-06
detain,2.4939189941858437e-06
unsettl,2.4939189941858437e-06
mackinlay,2.4939189941858437e-06
mute,2.4939189941858437e-06
rhp,2.4939189941858437e-06
nib,2.4939189941858437e-06
withi,2.4939189941858437e-06
iya,2.4939189941858437e-06
sga,2.4939189941858437e-06
unitelast,2.4939189941858437e-06
logz,2.4939189941858437e-06
hereinaft,2.4939189941858437e-06
retreat,2.4939189941858437e-06
ldc,2.4939189941858437e-06
undifferenti,2.4939189941858437e-06
bless,2.4939189941858437e-06
covariancestationari,2.4939189941858437e-06
tulken,2.4939189941858437e-06
nopoli,2.4939189941858437e-06
priceelast,2.4939189941858437e-06
stylist,2.4939189941858437e-06
stephan,2.4939189941858437e-06
assetmarket,2.4939189941858437e-06
ficti,2.4939189941858437e-06
cherish,2.4939189941858437e-06
thrifti,2.4939189941858437e-06
terminol,2.4939189941858437e-06
ctf,2.4939189941858437e-06
yeart,2.4939189941858437e-06
wicksellian,2.4939189941858437e-06
joskow,2.4939189941858437e-06
centerpiec,1.6626126627905623e-06
quasirandom,1.6626126627905623e-06
oman,1.6626126627905623e-06
proval,1.6626126627905623e-06
hoeffler,1.6626126627905623e-06
hail,1.6626126627905623e-06
nonpro,1.6626126627905623e-06
zwe,1.6626126627905623e-06
glamour,1.6626126627905623e-06
freeenterpris,1.6626126627905623e-06
muendler,1.6626126627905623e-06
heteroskedasticityconsist,1.6626126627905623e-06
explo,1.6626126627905623e-06
gnl,1.6626126627905623e-06
periodth,1.6626126627905623e-06
straw,1.6626126627905623e-06
orazio,1.6626126627905623e-06
spolaor,1.6626126627905623e-06
gradi,1.6626126627905623e-06
gabor,1.6626126627905623e-06
cairn,1.6626126627905623e-06
untest,1.6626126627905623e-06
drama,1.6626126627905623e-06
fallow,1.6626126627905623e-06
reestab,1.6626126627905623e-06
lnb,1.6626126627905623e-06
aerl,1.6626126627905623e-06
multiarm,1.6626126627905623e-06
deutschland,1.6626126627905623e-06
professorship,1.6626126627905623e-06
bhatt,1.6626126627905623e-06
mohamad,1.6626126627905623e-06
hoshi,1.6626126627905623e-06
slesnick,1.6626126627905623e-06
memor,1.6626126627905623e-06
industryj,1.6626126627905623e-06
abysm,1.6626126627905623e-06
stuttgart,1.6626126627905623e-06
zct,1.6626126627905623e-06
apac,1.6626126627905623e-06
dillon,1.6626126627905623e-06
tue,1.6626126627905623e-06
rung,1.6626126627905623e-06
png,1.6626126627905623e-06
prog,1.6626126627905623e-06
tenn,1.6626126627905623e-06
highreturn,1.6626126627905623e-06
ogl,1.6626126627905623e-06
sow,1.6626126627905623e-06
ctu,1.6626126627905623e-06
buyout,1.6626126627905623e-06
ewp,1.6626126627905623e-06
audio,1.6626126627905623e-06
learnt,1.6626126627905623e-06
incomemaxim,1.6626126627905623e-06
priceratio,1.6626126627905623e-06
lowwag,1.6626126627905623e-06
perlman,1.6626126627905623e-06
comptrol,1.6626126627905623e-06
sticerd,1.6626126627905623e-06
nicer,1.6626126627905623e-06
oneday,1.6626126627905623e-06
stoppag,1.6626126627905623e-06
deterg,1.6626126627905623e-06
iooi,1.6626126627905623e-06
tew,1.6626126627905623e-06
imperi,1.6626126627905623e-06
ches,1.6626126627905623e-06
nini,1.6626126627905623e-06
wvi,1.6626126627905623e-06
yare,1.6626126627905623e-06
unreach,1.6626126627905623e-06
recap,1.6626126627905623e-06
siviti,1.6626126627905623e-06
wtu,1.6626126627905623e-06
transmitt,1.6626126627905623e-06
kct,1.6626126627905623e-06
thursday,1.6626126627905623e-06
epistemolog,1.6626126627905623e-06
jig,1.6626126627905623e-06
saxon,1.6626126627905623e-06
peyton,1.6626126627905623e-06
uru,1.6626126627905623e-06
mokyr,1.6626126627905623e-06
kaufmann,1.6626126627905623e-06
franchis,1.6626126627905623e-06
presumptu,1.6626126627905623e-06
nonwork,1.6626126627905623e-06
ixr,1.6626126627905623e-06
oneunit,1.6626126627905623e-06
looo,1.6626126627905623e-06
rectif,1.6626126627905623e-06
termedi,1.6626126627905623e-06
paretoinferior,1.6626126627905623e-06
fullest,1.6626126627905623e-06
lowdimension,1.6626126627905623e-06
chattopadhyay,1.6626126627905623e-06
srt,1.6626126627905623e-06
psychophys,1.6626126627905623e-06
unverifi,1.6626126627905623e-06
intramargin,1.6626126627905623e-06
asynchron,1.6626126627905623e-06
gazett,1.6626126627905623e-06
riskspread,1.6626126627905623e-06
birger,1.6626126627905623e-06
offshor,1.6626126627905623e-06
fullsampl,1.6626126627905623e-06
scottish,1.6626126627905623e-06
prescrip,1.6626126627905623e-06
vulnera,1.6626126627905623e-06
bernhardt,1.6626126627905623e-06
nonkeynesian,1.6626126627905623e-06
sebastian,1.6626126627905623e-06
smal,1.6626126627905623e-06
erent,1.6626126627905623e-06
roderick,1.6626126627905623e-06
nonsynchron,1.6626126627905623e-06
okunofujiwara,1.6626126627905623e-06
vasco,1.6626126627905623e-06
zhu,1.6626126627905623e-06
inkoo,1.6626126627905623e-06
dare,1.6626126627905623e-06
intellec,1.6626126627905623e-06
unad,1.6626126627905623e-06
webster,1.6626126627905623e-06
lindbeck,1.6626126627905623e-06
snower,1.6626126627905623e-06
bretton,1.6626126627905623e-06
potenc,1.6626126627905623e-06
rvr,1.6626126627905623e-06
kqi,1.6626126627905623e-06
empow,1.6626126627905623e-06
uninfor,1.6626126627905623e-06
altonji,1.6626126627905623e-06
ofo,1.6626126627905623e-06
predilect,1.6626126627905623e-06
rudolph,1.6626126627905623e-06
ouliari,1.6626126627905623e-06
rxp,1.6626126627905623e-06
subcommitte,1.6626126627905623e-06
gerial,1.6626126627905623e-06
punctual,1.6626126627905623e-06
httpwwweconometricsocietyorgectasupmat,1.6626126627905623e-06
wilhelm,1.6626126627905623e-06
daunt,1.6626126627905623e-06
oftentim,1.6626126627905623e-06
japa,1.6626126627905623e-06
abovemedian,1.6626126627905623e-06
tcs,1.6626126627905623e-06
notowidigdo,1.6626126627905623e-06
artisan,1.6626126627905623e-06
lefort,1.6626126627905623e-06
freer,1.6626126627905623e-06
ackley,1.6626126627905623e-06
bela,1.6626126627905623e-06
valuesa,1.6626126627905623e-06
amador,1.6626126627905623e-06
brittain,1.6626126627905623e-06
deepest,1.6626126627905623e-06
mccoy,1.6626126627905623e-06
hue,1.6626126627905623e-06
lace,1.6626126627905623e-06
aoe,1.6626126627905623e-06
soldier,1.6626126627905623e-06
merl,1.6626126627905623e-06
problemn,1.6626126627905623e-06
bimatrix,1.6626126627905623e-06
iooo,1.6626126627905623e-06
heinz,1.6626126627905623e-06
wendel,1.6626126627905623e-06
bureaucraci,1.6626126627905623e-06
doublelogarithm,1.6626126627905623e-06
nese,1.6626126627905623e-06
underproduc,1.6626126627905623e-06
dominion,1.6626126627905623e-06
demo,1.6626126627905623e-06
topel,1.6626126627905623e-06
stockton,1.6626126627905623e-06
accessori,1.6626126627905623e-06
bookstor,1.6626126627905623e-06
thm,1.6626126627905623e-06
technician,1.6626126627905623e-06
reassert,1.6626126627905623e-06
trickier,1.6626126627905623e-06
retire,1.6626126627905623e-06
billi,1.6626126627905623e-06
westerfield,1.6626126627905623e-06
economicus,1.6626126627905623e-06
lrr,1.6626126627905623e-06
erv,1.6626126627905623e-06
warshawski,1.6626126627905623e-06
trac,1.6626126627905623e-06
unctad,1.6626126627905623e-06
tobacman,1.6626126627905623e-06
unutil,1.6626126627905623e-06
postgradu,1.6626126627905623e-06
whe,1.6626126627905623e-06
clarenc,1.6626126627905623e-06
somer,1.6626126627905623e-06
botond,1.6626126627905623e-06
nieuwerburgh,1.6626126627905623e-06
hmo,1.6626126627905623e-06
charm,1.6626126627905623e-06
hea,1.6626126627905623e-06
uournal,1.6626126627905623e-06
ezekiel,1.6626126627905623e-06
netoftax,1.6626126627905623e-06
jung,1.6626126627905623e-06
fullblown,1.6626126627905623e-06
payday,1.6626126627905623e-06
tionabl,1.6626126627905623e-06
irri,1.6626126627905623e-06
etic,1.6626126627905623e-06
rrf,1.6626126627905623e-06
usbas,1.6626126627905623e-06
angeleto,1.6626126627905623e-06
sendhil,1.6626126627905623e-06
firstrat,1.6626126627905623e-06
utiliza,1.6626126627905623e-06
fixedwag,1.6626126627905623e-06
oven,1.6626126627905623e-06
alib,1.6626126627905623e-06
unfulfil,1.6626126627905623e-06
superstar,1.6626126627905623e-06
pierreolivi,1.6626126627905623e-06
hypotheti,1.6626126627905623e-06
unison,1.6626126627905623e-06
weldon,1.6626126627905623e-06
newel,1.6626126627905623e-06
unspeci,1.6626126627905623e-06
ostrovski,1.6626126627905623e-06
westport,1.6626126627905623e-06
himmelberg,1.6626126627905623e-06
metrika,1.6626126627905623e-06
redrawn,1.6626126627905623e-06
higg,1.6626126627905623e-06
ringstad,1.6626126627905623e-06
circumspect,1.6626126627905623e-06
lengthier,1.6626126627905623e-06
poh,1.6626126627905623e-06
drake,1.6626126627905623e-06
fisman,1.6626126627905623e-06
economich,1.6626126627905623e-06
volker,1.6626126627905623e-06
kotaro,1.6626126627905623e-06
soa,1.6626126627905623e-06
dili,1.6626126627905623e-06
shea,1.6626126627905623e-06
hardest,1.6626126627905623e-06
flinn,1.6626126627905623e-06
naf,1.6626126627905623e-06
lovallo,1.6626126627905623e-06
wyi,1.6626126627905623e-06
town,1.6626126627905623e-06
enp,1.6626126627905623e-06
piketti,1.6626126627905623e-06
josevictor,1.6626126627905623e-06
lowyield,1.6626126627905623e-06
sown,1.6626126627905623e-06
stationeri,1.6626126627905623e-06
cargil,1.6626126627905623e-06
fouryear,1.6626126627905623e-06
joutrnal,1.6626126627905623e-06
cont,1.6626126627905623e-06
nave,1.6626126627905623e-06
groupspecif,1.6626126627905623e-06
tstat,1.6626126627905623e-06
sotomayor,1.6626126627905623e-06
abili,1.6626126627905623e-06
twobytwo,1.6626126627905623e-06
bristl,1.6626126627905623e-06
usd,1.6626126627905623e-06
italiana,1.6626126627905623e-06
lessli,1.6626126627905623e-06
vnx,1.6626126627905623e-06
lydal,1.6626126627905623e-06
debtservic,1.6626126627905623e-06
reev,1.6626126627905623e-06
carver,1.6626126627905623e-06
wagetenur,1.6626126627905623e-06
pine,1.6626126627905623e-06
highwealth,1.6626126627905623e-06
megginson,1.6626126627905623e-06
hair,1.6626126627905623e-06
bassi,1.6626126627905623e-06
tlh,1.6626126627905623e-06
riat,1.6626126627905623e-06
sedlacek,1.6626126627905623e-06
sheldon,1.6626126627905623e-06
janet,1.6626126627905623e-06
paglin,1.6626126627905623e-06
kasper,1.6626126627905623e-06
demerit,1.6626126627905623e-06
intergovernment,1.6626126627905623e-06
walton,1.6626126627905623e-06
vlimki,1.6626126627905623e-06
thema,1.6626126627905623e-06
battaglini,1.6626126627905623e-06
leibenstein,1.6626126627905623e-06
gennaioli,1.6626126627905623e-06
thicket,1.6626126627905623e-06
orgarticlesphp,1.6626126627905623e-06
kpx,1.6626126627905623e-06
telecommun,1.6626126627905623e-06
juuso,1.6626126627905623e-06
beli,1.6626126627905623e-06
lrx,1.6626126627905623e-06
rsc,1.6626126627905623e-06
hamid,1.6626126627905623e-06
pean,1.6626126627905623e-06
misinform,1.6626126627905623e-06
stijn,1.6626126627905623e-06
huffman,1.6626126627905623e-06
storesletten,1.6626126627905623e-06
stolen,1.6626126627905623e-06
menzio,1.6626126627905623e-06
fane,1.6626126627905623e-06
rudolf,1.6626126627905623e-06
huggett,1.6626126627905623e-06
clcl,1.6626126627905623e-06
dickeyful,1.6626126627905623e-06
wtn,1.6626126627905623e-06
stagflat,1.6626126627905623e-06
gsg,1.6626126627905623e-06
plight,1.6626126627905623e-06
whit,1.6626126627905623e-06
lomax,1.6626126627905623e-06
symon,1.6626126627905623e-06
doublecount,1.6626126627905623e-06
jacobson,1.6626126627905623e-06
cruder,1.6626126627905623e-06
abovecit,1.6626126627905623e-06
overrepres,1.6626126627905623e-06
andersen,1.6626126627905623e-06
decrement,1.6626126627905623e-06
wessel,1.6626126627905623e-06
counterpoint,1.6626126627905623e-06
lxxxv,1.6626126627905623e-06
speciali,1.6626126627905623e-06
olin,1.6626126627905623e-06
surveybas,1.6626126627905623e-06
laeven,1.6626126627905623e-06
sudipto,1.6626126627905623e-06
oie,1.6626126627905623e-06
salih,1.6626126627905623e-06
disaggrega,1.6626126627905623e-06
selfesteem,1.6626126627905623e-06
triopoli,1.6626126627905623e-06
skirt,1.6626126627905623e-06
andb,1.6626126627905623e-06
ofb,1.6626126627905623e-06
inegalitarian,1.6626126627905623e-06
forgiven,1.6626126627905623e-06
rajeev,1.6626126627905623e-06
pov,1.6626126627905623e-06
rami,1.6626126627905623e-06
haphazard,1.6626126627905623e-06
celer,1.6626126627905623e-06
mcx,1.6626126627905623e-06
miodel,1.6626126627905623e-06
arik,1.6626126627905623e-06
ethan,1.6626126627905623e-06
reemerg,1.6626126627905623e-06
grammat,1.6626126627905623e-06
vlo,1.6626126627905623e-06
erlich,1.6626126627905623e-06
counterspecul,1.6626126627905623e-06
guasch,1.6626126627905623e-06
ferrous,1.6626126627905623e-06
handcollect,1.6626126627905623e-06
pga,1.6626126627905623e-06
unwit,1.6626126627905623e-06
wrap,1.6626126627905623e-06
bum,1.6626126627905623e-06
selfcontradictori,1.6626126627905623e-06
payback,1.6626126627905623e-06
firmsiz,1.6626126627905623e-06
econon,1.6626126627905623e-06
ruinous,1.6626126627905623e-06
selfreinforc,1.6626126627905623e-06
governmn,1.6626126627905623e-06
reallo,1.6626126627905623e-06
prohib,1.6626126627905623e-06
balassa,1.6626126627905623e-06
einstein,1.6626126627905623e-06
athi,1.6626126627905623e-06
vrn,1.6626126627905623e-06
groundless,1.6626126627905623e-06
symposia,1.6626126627905623e-06
vlr,1.6626126627905623e-06
litterman,1.6626126627905623e-06
assunmpt,1.6626126627905623e-06
hurri,1.6626126627905623e-06
eliminat,1.6626126627905623e-06
pmj,1.6626126627905623e-06
degrad,1.6626126627905623e-06
twos,1.6626126627905623e-06
pretransf,1.6626126627905623e-06
earthquak,1.6626126627905623e-06
earningspric,1.6626126627905623e-06
periodon,1.6626126627905623e-06
claimant,1.6626126627905623e-06
mall,1.6626126627905623e-06
lom,1.6626126627905623e-06
survi,1.6626126627905623e-06
textual,1.6626126627905623e-06
malden,1.6626126627905623e-06
singlesector,1.6626126627905623e-06
fujita,1.6626126627905623e-06
hsu,1.6626126627905623e-06
scalabl,1.6626126627905623e-06
qor,1.6626126627905623e-06
mec,1.6626126627905623e-06
sweeten,1.6626126627905623e-06
sium,1.6626126627905623e-06
disser,1.6626126627905623e-06
dsd,1.6626126627905623e-06
loayza,1.6626126627905623e-06
jeroen,1.6626126627905623e-06
underdetermin,1.6626126627905623e-06
borja,1.6626126627905623e-06
timn,1.6626126627905623e-06
atyp,1.6626126627905623e-06
audi,1.6626126627905623e-06
realloca,1.6626126627905623e-06
peel,1.6626126627905623e-06
enum,1.6626126627905623e-06
wks,1.6626126627905623e-06
izer,1.6626126627905623e-06
mses,1.6626126627905623e-06
greenwald,1.6626126627905623e-06
cretionari,1.6626126627905623e-06
erp,1.6626126627905623e-06
eijk,1.6626126627905623e-06
commoditypric,1.6626126627905623e-06
incalcul,1.6626126627905623e-06
gandhi,1.6626126627905623e-06
microscop,1.6626126627905623e-06
misconcept,1.6626126627905623e-06
manfr,1.6626126627905623e-06
miron,1.6626126627905623e-06
wahlbeck,1.6626126627905623e-06
outgrow,1.6626126627905623e-06
drdt,1.6626126627905623e-06
skim,1.6626126627905623e-06
downright,1.6626126627905623e-06
clus,1.6626126627905623e-06
informationtheoret,1.6626126627905623e-06
sussex,1.6626126627905623e-06
timediscret,1.6626126627905623e-06
functionalform,1.6626126627905623e-06
unw,1.6626126627905623e-06
barndorffnielsen,1.6626126627905623e-06
whichi,1.6626126627905623e-06
asher,1.6626126627905623e-06
qtheori,1.6626126627905623e-06
pdr,1.6626126627905623e-06
fdr,1.6626126627905623e-06
tldot,1.6626126627905623e-06
ypf,1.6626126627905623e-06
vian,1.6626126627905623e-06
sef,1.6626126627905623e-06
gyourko,1.6626126627905623e-06
openloop,1.6626126627905623e-06
compati,1.6626126627905623e-06
datasei,1.6626126627905623e-06
mcr,1.6626126627905623e-06
breast,1.6626126627905623e-06
designa,1.6626126627905623e-06
unsustain,1.6626126627905623e-06
paycheck,1.6626126627905623e-06
revela,1.6626126627905623e-06
peti,1.6626126627905623e-06
bloch,1.6626126627905623e-06
meissner,1.6626126627905623e-06
httpwwwaeaweborgarticlesphpdoia,1.6626126627905623e-06
ucdavi,1.6626126627905623e-06
sanm,1.6626126627905623e-06
senti,1.6626126627905623e-06
eightfold,1.6626126627905623e-06
ssa,1.6626126627905623e-06
ajd,1.6626126627905623e-06
typolog,1.6626126627905623e-06
varl,1.6626126627905623e-06
nip,1.6626126627905623e-06
dooley,1.6626126627905623e-06
inforn,1.6626126627905623e-06
valuebas,1.6626126627905623e-06
tarili,1.6626126627905623e-06
qac,1.6626126627905623e-06
kojima,1.6626126627905623e-06
epb,1.6626126627905623e-06
bex,1.6626126627905623e-06
reckless,1.6626126627905623e-06
disbelief,1.6626126627905623e-06
xiao,1.6626126627905623e-06
isat,1.6626126627905623e-06
ustatist,1.6626126627905623e-06
collis,1.6626126627905623e-06
ener,1.6626126627905623e-06
duan,1.6626126627905623e-06
fqr,1.6626126627905623e-06
higgin,1.6626126627905623e-06
nonrepres,1.6626126627905623e-06
protec,1.6626126627905623e-06
merat,1.6626126627905623e-06
undiminish,1.6626126627905623e-06
lichtenstein,1.6626126627905623e-06
pointtopoint,1.6626126627905623e-06
nonemploy,1.6626126627905623e-06
flanneri,1.6626126627905623e-06
shiryaev,1.6626126627905623e-06
shel,1.6626126627905623e-06
realbal,1.6626126627905623e-06
limb,1.6626126627905623e-06
bele,1.6626126627905623e-06
dermot,1.6626126627905623e-06
neutralis,1.6626126627905623e-06
statisticalassoci,1.6626126627905623e-06
evoc,1.6626126627905623e-06
parameteris,1.6626126627905623e-06
timescal,1.6626126627905623e-06
gott,1.6626126627905623e-06
sidual,1.6626126627905623e-06
tablet,1.6626126627905623e-06
kamenica,1.6626126627905623e-06
nehru,1.6626126627905623e-06
mco,1.6626126627905623e-06
vvs,1.6626126627905623e-06
perenni,1.6626126627905623e-06
zci,1.6626126627905623e-06
dwx,1.6626126627905623e-06
ytu,1.6626126627905623e-06
irreconcil,1.6626126627905623e-06
dupli,1.6626126627905623e-06
yfj,1.6626126627905623e-06
ihr,1.6626126627905623e-06
hrs,1.6626126627905623e-06
layman,1.6626126627905623e-06
ludger,1.6626126627905623e-06
seminonparametr,1.6626126627905623e-06
vishvi,1.6626126627905623e-06
hinich,1.6626126627905623e-06
glosten,1.6626126627905623e-06
xds,1.6626126627905623e-06
darius,1.6626126627905623e-06
iex,1.6626126627905623e-06
plantspecif,1.6626126627905623e-06
downplay,1.6626126627905623e-06
profita,1.6626126627905623e-06
betteroff,1.6626126627905623e-06
wvs,1.6626126627905623e-06
iosyncrat,1.6626126627905623e-06
lte,1.6626126627905623e-06
subtitl,1.6626126627905623e-06
tageous,1.6626126627905623e-06
kac,1.6626126627905623e-06
boycko,1.6626126627905623e-06
leftright,1.6626126627905623e-06
locust,1.6626126627905623e-06
vanderkamp,1.6626126627905623e-06
chay,1.6626126627905623e-06
benign,1.6626126627905623e-06
christofid,1.6626126627905623e-06
deploy,1.6626126627905623e-06
patronag,1.6626126627905623e-06
appendag,1.6626126627905623e-06
worn,1.6626126627905623e-06
traderel,1.6626126627905623e-06
profici,1.6626126627905623e-06
massa,1.6626126627905623e-06
smetter,1.6626126627905623e-06
wmn,1.6626126627905623e-06
phl,1.6626126627905623e-06
infam,1.6626126627905623e-06
taxbas,1.6626126627905623e-06
gne,1.6626126627905623e-06
btu,1.6626126627905623e-06
ctg,1.6626126627905623e-06
greenland,1.6626126627905623e-06
utat,1.6626126627905623e-06
substract,1.6626126627905623e-06
osn,1.6626126627905623e-06
fabl,1.6626126627905623e-06
ometr,1.6626126627905623e-06
nigel,1.6626126627905623e-06
bedevil,1.6626126627905623e-06
inac,1.6626126627905623e-06
slop,1.6626126627905623e-06
feat,1.6626126627905623e-06
molina,1.6626126627905623e-06
homoscedast,1.6626126627905623e-06
tough,1.6626126627905623e-06
muddi,1.6626126627905623e-06
randomcoeffici,1.6626126627905623e-06
gautam,1.6626126627905623e-06
augustseptemb,1.6626126627905623e-06
depar,1.6626126627905623e-06
expel,1.6626126627905623e-06
harlan,1.6626126627905623e-06
denial,1.6626126627905623e-06
cxii,1.6626126627905623e-06
abreast,1.6626126627905623e-06
teria,1.6626126627905623e-06
minneapolisst,1.6626126627905623e-06
earhart,1.6626126627905623e-06
priorit,1.6626126627905623e-06
harley,1.6626126627905623e-06
sponsorship,1.6626126627905623e-06
devin,1.6626126627905623e-06
preset,1.6626126627905623e-06
menil,1.6626126627905623e-06
outof,1.6626126627905623e-06
tipli,1.6626126627905623e-06
valui,1.6626126627905623e-06
coq,1.6626126627905623e-06
awr,1.6626126627905623e-06
smm,1.6626126627905623e-06
rrd,1.6626126627905623e-06
photo,1.6626126627905623e-06
langer,1.6626126627905623e-06
dxdx,1.6626126627905623e-06
winsten,1.6626126627905623e-06
schuh,1.6626126627905623e-06
nonus,1.6626126627905623e-06
fpr,1.6626126627905623e-06
xvhat,1.6626126627905623e-06
huck,1.6626126627905623e-06
andin,1.6626126627905623e-06
modelthat,1.6626126627905623e-06
penni,1.6626126627905623e-06
cumber,1.6626126627905623e-06
overse,1.6626126627905623e-06
predispos,1.6626126627905623e-06
assumptionthat,1.6626126627905623e-06
arh,1.6626126627905623e-06
overoptimist,1.6626126627905623e-06
hnl,1.6626126627905623e-06
pursuant,1.6626126627905623e-06
narayanan,1.6626126627905623e-06
goldfarb,1.6626126627905623e-06
timein,1.6626126627905623e-06
mcneil,1.6626126627905623e-06
marion,1.6626126627905623e-06
ambig,1.6626126627905623e-06
sympo,1.6626126627905623e-06
toh,1.6626126627905623e-06
obstin,1.6626126627905623e-06
tade,1.6626126627905623e-06
priceconsumpt,1.6626126627905623e-06
fantasi,1.6626126627905623e-06
rmse,1.6626126627905623e-06
aestim,1.6626126627905623e-06
sorri,1.6626126627905623e-06
gilt,1.6626126627905623e-06
sff,1.6626126627905623e-06
fha,1.6626126627905623e-06
overton,1.6626126627905623e-06
snowbal,1.6626126627905623e-06
ilib,1.6626126627905623e-06
spq,1.6626126627905623e-06
amano,1.6626126627905623e-06
breath,1.6626126627905623e-06
indefens,1.6626126627905623e-06
occu,1.6626126627905623e-06
uhf,1.6626126627905623e-06
overidentif,1.6626126627905623e-06
omous,1.6626126627905623e-06
rightsid,1.6626126627905623e-06
ganiz,1.6626126627905623e-06
server,1.6626126627905623e-06
threestep,1.6626126627905623e-06
divulg,1.6626126627905623e-06
collid,1.6626126627905623e-06
sang,1.6626126627905623e-06
tradein,1.6626126627905623e-06
citibas,1.6626126627905623e-06
maisel,1.6626126627905623e-06
scanlon,1.6626126627905623e-06
lepper,1.6626126627905623e-06
rstatist,1.6626126627905623e-06
platt,1.6626126627905623e-06
coni,1.6626126627905623e-06
pnce,1.6626126627905623e-06
sfr,1.6626126627905623e-06
kimber,1.6626126627905623e-06
tionism,1.6626126627905623e-06
alumni,1.6626126627905623e-06
sheila,1.6626126627905623e-06
monolith,1.6626126627905623e-06
dina,1.6626126627905623e-06
preemption,1.6626126627905623e-06
enr,1.6626126627905623e-06
arbitra,1.6626126627905623e-06
scholarship,1.6626126627905623e-06
decre,1.6626126627905623e-06
ubo,1.6626126627905623e-06
moreno,1.6626126627905623e-06
mathstrutmboxboldmath,1.6626126627905623e-06
timiz,1.6626126627905623e-06
randj,1.6626126627905623e-06
debbi,1.6626126627905623e-06
delight,1.6626126627905623e-06
milbourn,1.6626126627905623e-06
mds,1.6626126627905623e-06
tiresom,1.6626126627905623e-06
triumph,1.6626126627905623e-06
kato,1.6626126627905623e-06
bullish,1.6626126627905623e-06
assn,1.6626126627905623e-06
figuir,1.6626126627905623e-06
scanner,1.6626126627905623e-06
irrefut,1.6626126627905623e-06
arab,1.6626126627905623e-06
fishlow,1.6626126627905623e-06
jeancharl,1.6626126627905623e-06
saling,1.6626126627905623e-06
shelley,1.6626126627905623e-06
wrl,1.6626126627905623e-06
impractic,1.6626126627905623e-06
uptod,1.6626126627905623e-06
qcl,1.6626126627905623e-06
yearsth,1.6626126627905623e-06
randi,1.6626126627905623e-06
importexport,1.6626126627905623e-06
adjud,1.6626126627905623e-06
avow,1.6626126627905623e-06
triest,1.6626126627905623e-06
villasboa,1.6626126627905623e-06
demandandsuppli,1.6626126627905623e-06
greec,1.6626126627905623e-06
circula,1.6626126627905623e-06
wni,1.6626126627905623e-06
assay,1.6626126627905623e-06
nipul,1.6626126627905623e-06
agon,1.6626126627905623e-06
bikhchandani,1.6626126627905623e-06
asymmet,1.6626126627905623e-06
tug,1.6626126627905623e-06
epsteinzin,1.6626126627905623e-06
threequart,1.6626126627905623e-06
polem,1.6626126627905623e-06
gilligan,1.6626126627905623e-06
indiscrimin,1.6626126627905623e-06
wpj,1.6626126627905623e-06
painstak,1.6626126627905623e-06
fumio,1.6626126627905623e-06
catchal,1.6626126627905623e-06
jobsearch,1.6626126627905623e-06
rfj,1.6626126627905623e-06
cribe,1.6626126627905623e-06
forum,1.6626126627905623e-06
lyx,1.6626126627905623e-06
feudal,1.6626126627905623e-06
nwn,1.6626126627905623e-06
cannan,1.6626126627905623e-06
weighti,1.6626126627905623e-06
rjv,1.6626126627905623e-06
harvardmit,1.6626126627905623e-06
alist,1.6626126627905623e-06
telmer,1.6626126627905623e-06
staiger,1.6626126627905623e-06
misl,1.6626126627905623e-06
eew,1.6626126627905623e-06
danc,1.6626126627905623e-06
gachter,1.6626126627905623e-06
reenen,1.6626126627905623e-06
lff,1.6626126627905623e-06
jonung,1.6626126627905623e-06
threefourth,1.6626126627905623e-06
oneproduct,1.6626126627905623e-06
giveni,1.6626126627905623e-06
duli,1.6626126627905623e-06
yyk,1.6626126627905623e-06
bagnoli,1.6626126627905623e-06
preshock,1.6626126627905623e-06
orat,1.6626126627905623e-06
quarterlyjourn,1.6626126627905623e-06
reverber,1.6626126627905623e-06
bulb,1.6626126627905623e-06
untim,1.6626126627905623e-06
tdiscuss,1.6626126627905623e-06
resurrect,1.6626126627905623e-06
lice,1.6626126627905623e-06
egypt,1.6626126627905623e-06
priceexpect,1.6626126627905623e-06
ssas,1.6626126627905623e-06
salvador,1.6626126627905623e-06
sethi,1.6626126627905623e-06
grauw,1.6626126627905623e-06
wickste,1.6626126627905623e-06
brate,1.6626126627905623e-06
mesquita,1.6626126627905623e-06
anmerican,1.6626126627905623e-06
capitalth,1.6626126627905623e-06
belowmedian,1.6626126627905623e-06
lurk,1.6626126627905623e-06
bsl,1.6626126627905623e-06
undeni,1.6626126627905623e-06
buf,1.6626126627905623e-06
driffil,1.6626126627905623e-06
onefifth,1.6626126627905623e-06
felicit,1.6626126627905623e-06
costplus,1.6626126627905623e-06
restudrdq,1.6626126627905623e-06
elgar,1.6626126627905623e-06
gertner,1.6626126627905623e-06
diw,1.6626126627905623e-06
umt,1.6626126627905623e-06
longev,1.6626126627905623e-06
multiperson,1.6626126627905623e-06
radio,1.6626126627905623e-06
kadiyala,1.6626126627905623e-06
lanjouw,1.6626126627905623e-06
pieti,1.6626126627905623e-06
proactiv,1.6626126627905623e-06
fourak,1.6626126627905623e-06
isra,1.6626126627905623e-06
zorn,1.6626126627905623e-06
jarqu,1.6626126627905623e-06
mcgee,1.6626126627905623e-06
zhuravskaya,1.6626126627905623e-06
bhargava,1.6626126627905623e-06
jamaica,1.6626126627905623e-06
ska,1.6626126627905623e-06
monder,1.6626126627905623e-06
consumptionincom,1.6626126627905623e-06
garbag,1.6626126627905623e-06
bath,1.6626126627905623e-06
levinsohn,1.6626126627905623e-06
auton,1.6626126627905623e-06
nonobvi,1.6626126627905623e-06
byrd,1.6626126627905623e-06
kahan,1.6626126627905623e-06
bianchi,1.6626126627905623e-06
belton,1.6626126627905623e-06
qrr,1.6626126627905623e-06
timespecif,1.6626126627905623e-06
sprenger,1.6626126627905623e-06
krr,1.6626126627905623e-06
nba,1.6626126627905623e-06
minimumcost,1.6626126627905623e-06
ludvigson,1.6626126627905623e-06
ekonomisk,1.6626126627905623e-06
lowenstein,1.6626126627905623e-06
nonexclus,1.6626126627905623e-06
fob,1.6626126627905623e-06
madrian,1.6626126627905623e-06
niari,1.6626126627905623e-06
dcp,1.6626126627905623e-06
greenwood,1.6626126627905623e-06
mistrust,1.6626126627905623e-06
illfound,1.6626126627905623e-06
inappro,1.6626126627905623e-06
sock,1.6626126627905623e-06
perunit,1.6626126627905623e-06
papageorgiou,1.6626126627905623e-06
chem,1.6626126627905623e-06
prenat,1.6626126627905623e-06
ibrd,1.6626126627905623e-06
tize,1.6626126627905623e-06
myth,1.6626126627905623e-06
sonist,1.6626126627905623e-06
noh,1.6626126627905623e-06
trunk,1.6626126627905623e-06
prd,1.6626126627905623e-06
tuat,1.6626126627905623e-06
conflat,1.6626126627905623e-06
weapon,1.6626126627905623e-06
nonconsumpt,1.6626126627905623e-06
twoquart,1.6626126627905623e-06
raul,1.6626126627905623e-06
witl,1.6626126627905623e-06
lkk,1.6626126627905623e-06
taber,1.6626126627905623e-06
voe,1.6626126627905623e-06
insuf,1.6626126627905623e-06
credi,1.6626126627905623e-06
loophol,1.6626126627905623e-06
rtv,1.6626126627905623e-06
onetenth,1.6626126627905623e-06
singleperson,1.6626126627905623e-06
underinsur,1.6626126627905623e-06
chandra,1.6626126627905623e-06
jha,1.6626126627905623e-06
abat,1.6626126627905623e-06
diba,1.6626126627905623e-06
kuo,1.6626126627905623e-06
rka,1.6626126627905623e-06
tist,1.6626126627905623e-06
moran,1.6626126627905623e-06
kitt,1.6626126627905623e-06
dce,1.6626126627905623e-06
nondi,1.6626126627905623e-06
elabo,1.6626126627905623e-06
frontend,1.6626126627905623e-06
vsa,1.6626126627905623e-06
cordial,1.6626126627905623e-06
moreorless,1.6626126627905623e-06
nut,1.6626126627905623e-06
plantlevel,1.6626126627905623e-06
jthe,1.6626126627905623e-06
knowabl,1.6626126627905623e-06
brack,1.6626126627905623e-06
annett,1.6626126627905623e-06
lowperform,1.6626126627905623e-06
cmp,1.6626126627905623e-06
rebound,1.6626126627905623e-06
firsttim,1.6626126627905623e-06
wile,1.6626126627905623e-06
praag,1.6626126627905623e-06
upenn,1.6626126627905623e-06
timeaverag,1.6626126627905623e-06
cys,1.6626126627905623e-06
carpentri,1.6626126627905623e-06
enti,1.6626126627905623e-06
bestrespons,1.6626126627905623e-06
ideolog,1.6626126627905623e-06
notif,1.6626126627905623e-06
ghh,1.6626126627905623e-06
sveikauska,1.6626126627905623e-06
nonneu,1.6626126627905623e-06
unquantifi,1.6626126627905623e-06
dismantl,1.6626126627905623e-06
turer,1.6626126627905623e-06
vohra,1.6626126627905623e-06
kfir,1.6626126627905623e-06
acquaint,1.6626126627905623e-06
daron,1.6626126627905623e-06
lmo,1.6626126627905623e-06
taussig,1.6626126627905623e-06
scandal,1.6626126627905623e-06
trunca,1.6626126627905623e-06
astandard,1.6626126627905623e-06
eaten,1.6626126627905623e-06
ird,1.6626126627905623e-06
usgpo,1.6626126627905623e-06
genson,1.6626126627905623e-06
diwan,1.6626126627905623e-06
agespecif,1.6626126627905623e-06
sprinkl,1.6626126627905623e-06
alenc,1.6626126627905623e-06
cari,1.6626126627905623e-06
fuse,1.6626126627905623e-06
problemi,1.6626126627905623e-06
thorni,1.6626126627905623e-06
factormarket,1.6626126627905623e-06
rangel,1.6626126627905623e-06
glamor,1.6626126627905623e-06
nda,1.6626126627905623e-06
ljj,1.6626126627905623e-06
gomulka,1.6626126627905623e-06
highvalu,1.6626126627905623e-06
yxp,1.6626126627905623e-06
discord,1.6626126627905623e-06
singlefamili,1.6626126627905623e-06
scedast,1.6626126627905623e-06
informn,1.6626126627905623e-06
oee,1.6626126627905623e-06
strata,1.6626126627905623e-06
policv,1.6626126627905623e-06
performancebas,1.6626126627905623e-06
cordanc,1.6626126627905623e-06
cql,1.6626126627905623e-06
messier,1.6626126627905623e-06
nightmar,1.6626126627905623e-06
qft,1.6626126627905623e-06
talist,1.6626126627905623e-06
phpdoi,1.6626126627905623e-06
mcclelland,1.6626126627905623e-06
ntx,1.6626126627905623e-06
arbeit,1.6626126627905623e-06
ugo,1.6626126627905623e-06
ropean,1.6626126627905623e-06
mzi,1.6626126627905623e-06
noon,1.6626126627905623e-06
pathway,1.6626126627905623e-06
pler,1.6626126627905623e-06
sonia,1.6626126627905623e-06
apprecia,1.6626126627905623e-06
calendaryear,1.6626126627905623e-06
erratum,1.6626126627905623e-06
varet,1.6626126627905623e-06
fiscalyear,1.6626126627905623e-06
intran,1.6626126627905623e-06
witi,1.6626126627905623e-06
thoriti,1.6626126627905623e-06
destina,1.6626126627905623e-06
nonsteadyst,1.6626126627905623e-06
culiar,1.6626126627905623e-06
akc,1.6626126627905623e-06
oog,1.6626126627905623e-06
productioncost,1.6626126627905623e-06
diametr,1.6626126627905623e-06
cyprus,1.6626126627905623e-06
monoto,1.6626126627905623e-06
otw,1.6626126627905623e-06
djl,1.6626126627905623e-06
jcs,1.6626126627905623e-06
iod,1.6626126627905623e-06
disreput,1.6626126627905623e-06
qci,1.6626126627905623e-06
dream,1.6626126627905623e-06
lluch,1.6626126627905623e-06
ging,1.6626126627905623e-06
tallabor,1.6626126627905623e-06
fite,1.6626126627905623e-06
hanno,1.6626126627905623e-06
hanna,1.6626126627905623e-06
felli,1.6626126627905623e-06
enrico,1.6626126627905623e-06
equationi,1.6626126627905623e-06
oldtim,1.6626126627905623e-06
metrician,1.6626126627905623e-06
doxic,1.6626126627905623e-06
sou,1.6626126627905623e-06
pcd,1.6626126627905623e-06
tobi,1.6626126627905623e-06
extraeconom,1.6626126627905623e-06
intercorrel,1.6626126627905623e-06
sylvia,1.6626126627905623e-06
universitiesn,1.6626126627905623e-06
sinclair,1.6626126627905623e-06
nonrecur,1.6626126627905623e-06
impur,1.6626126627905623e-06
leaderfollow,1.6626126627905623e-06
bentley,1.6626126627905623e-06
rje,1.6626126627905623e-06
gothenburg,1.6626126627905623e-06
ilan,1.6626126627905623e-06
economya,1.6626126627905623e-06
wnk,1.6626126627905623e-06
kati,1.6626126627905623e-06
dovetail,1.6626126627905623e-06
sew,1.6626126627905623e-06
mattress,1.6626126627905623e-06
wvhen,1.6626126627905623e-06
wiggl,1.6626126627905623e-06
vacan,1.6626126627905623e-06
marek,1.6626126627905623e-06
mcbride,1.6626126627905623e-06
hook,1.6626126627905623e-06
incomeproduc,1.6626126627905623e-06
clhang,1.6626126627905623e-06
rama,1.6626126627905623e-06
prepay,1.6626126627905623e-06
hoffenberg,1.6626126627905623e-06
inequit,1.6626126627905623e-06
ordnanc,1.6626126627905623e-06
happier,1.6626126627905623e-06
efc,1.6626126627905623e-06
rlog,1.6626126627905623e-06
reinganum,1.6626126627905623e-06
republica,1.6626126627905623e-06
mimi,1.6626126627905623e-06
costeffici,1.6626126627905623e-06
sitori,1.6626126627905623e-06
steinberg,1.6626126627905623e-06
intl,1.6626126627905623e-06
sharon,1.6626126627905623e-06
cherri,1.6626126627905623e-06
mtd,1.6626126627905623e-06
acheson,1.6626126627905623e-06
haskel,1.6626126627905623e-06
hunger,1.6626126627905623e-06
nqi,1.6626126627905623e-06
puritan,1.6626126627905623e-06
dele,1.6626126627905623e-06
patric,1.6626126627905623e-06
stagnant,1.6626126627905623e-06
blackboard,1.6626126627905623e-06
subvers,1.6626126627905623e-06
keener,1.6626126627905623e-06
ramn,1.6626126627905623e-06
cumu,1.6626126627905623e-06
recollect,1.6626126627905623e-06
rudig,1.6626126627905623e-06
nonsequenti,1.6626126627905623e-06
katona,1.6626126627905623e-06
fwr,1.6626126627905623e-06
capa,1.6626126627905623e-06
esiz,1.6626126627905623e-06
disconti,1.6626126627905623e-06
ypz,1.6626126627905623e-06
multipart,1.6626126627905623e-06
thej,1.6626126627905623e-06
icm,1.6626126627905623e-06
rtz,1.6626126627905623e-06
microcosm,1.6626126627905623e-06
byb,1.6626126627905623e-06
xsn,1.6626126627905623e-06
concert,1.6626126627905623e-06
ultra,1.6626126627905623e-06
pier,1.6626126627905623e-06
offend,1.6626126627905623e-06
ltv,1.6626126627905623e-06
rekindl,1.6626126627905623e-06
allianc,1.6626126627905623e-06
schaft,1.6626126627905623e-06
denis,1.6626126627905623e-06
heritag,1.6626126627905623e-06
newburi,1.6626126627905623e-06
swann,1.6626126627905623e-06
jdi,1.6626126627905623e-06
xzz,1.6626126627905623e-06
grandios,1.6626126627905623e-06
mxl,1.6626126627905623e-06
amass,1.6626126627905623e-06
dumb,1.6626126627905623e-06
sise,1.6626126627905623e-06
expropri,1.6626126627905623e-06
vine,1.6626126627905623e-06
nonexhaust,1.6626126627905623e-06
roch,1.6626126627905623e-06
unchalleng,1.6626126627905623e-06
ewa,1.6626126627905623e-06
latori,1.6626126627905623e-06
sni,1.6626126627905623e-06
agea,1.6626126627905623e-06
gestur,1.6626126627905623e-06
titiv,1.6626126627905623e-06
datacollect,1.6626126627905623e-06
adjunct,1.6626126627905623e-06
overprovis,1.6626126627905623e-06
ucat,1.6626126627905623e-06
sijt,1.6626126627905623e-06
lowerlevel,1.6626126627905623e-06
bile,1.6626126627905623e-06
ineffec,1.6626126627905623e-06
ergo,1.6626126627905623e-06
gland,1.6626126627905623e-06
crosscheck,1.6626126627905623e-06
bhalla,1.6626126627905623e-06
chau,1.6626126627905623e-06
nake,1.6626126627905623e-06
twoarm,1.6626126627905623e-06
iox,1.6626126627905623e-06
ibj,1.6626126627905623e-06
cyrus,1.6626126627905623e-06
deme,1.6626126627905623e-06
offhand,1.6626126627905623e-06
outstrip,1.6626126627905623e-06
mcdougal,1.6626126627905623e-06
mna,1.6626126627905623e-06
rendit,1.6626126627905623e-06
unimprov,1.6626126627905623e-06
reus,1.6626126627905623e-06
brn,1.6626126627905623e-06
controv,1.6626126627905623e-06
syst,1.6626126627905623e-06
refil,1.6626126627905623e-06
rateth,1.6626126627905623e-06
effectth,1.6626126627905623e-06
ramey,1.6626126627905623e-06
hul,1.6626126627905623e-06
instabil,1.6626126627905623e-06
trench,1.6626126627905623e-06
bian,1.6626126627905623e-06
sourcebook,1.6626126627905623e-06
merci,1.6626126627905623e-06
minn,1.6626126627905623e-06
gos,1.6626126627905623e-06
reso,1.6626126627905623e-06
sinai,1.6626126627905623e-06
thes,1.6626126627905623e-06
eml,1.6626126627905623e-06
mena,1.6626126627905623e-06
kredit,1.6626126627905623e-06
gang,1.6626126627905623e-06
sylvania,1.6626126627905623e-06
minolog,1.6626126627905623e-06
debthold,1.6626126627905623e-06
someday,1.6626126627905623e-06
pledg,1.6626126627905623e-06
ney,1.6626126627905623e-06
conjoin,1.6626126627905623e-06
jac,1.6626126627905623e-06
lumber,1.6626126627905623e-06
miarket,1.6626126627905623e-06
lue,1.6626126627905623e-06
vickeri,1.6626126627905623e-06
maastricht,1.6626126627905623e-06
hun,1.6626126627905623e-06
importcompet,1.6626126627905623e-06
cijt,1.6626126627905623e-06
restock,1.6626126627905623e-06
bergsten,1.6626126627905623e-06
miracl,1.6626126627905623e-06
privi,1.6626126627905623e-06
backman,1.6626126627905623e-06
accrual,1.6626126627905623e-06
doubleauct,1.6626126627905623e-06
asti,1.6626126627905623e-06
kwh,1.6626126627905623e-06
unreward,1.6626126627905623e-06
nayv,1.6626126627905623e-06
mtj,1.6626126627905623e-06
demandshift,1.6626126627905623e-06
onefourth,1.6626126627905623e-06
trator,1.6626126627905623e-06
chalmer,1.6626126627905623e-06
aronson,1.6626126627905623e-06
pgg,1.6626126627905623e-06
lya,1.6626126627905623e-06
unprec,1.6626126627905623e-06
peril,1.6626126627905623e-06
teris,1.6626126627905623e-06
ojn,1.6626126627905623e-06
multin,1.6626126627905623e-06
mph,1.6626126627905623e-06
chiang,1.6626126627905623e-06
jano,1.6626126627905623e-06
transpor,1.6626126627905623e-06
desert,1.6626126627905623e-06
tld,1.6626126627905623e-06
highperform,1.6626126627905623e-06
satchel,1.6626126627905623e-06
nonintervent,1.6626126627905623e-06
leather,1.6626126627905623e-06
chiu,1.6626126627905623e-06
iness,1.6626126627905623e-06
nonsta,1.6626126627905623e-06
renaiss,1.6626126627905623e-06
wth,1.6626126627905623e-06
loglik,1.6626126627905623e-06
timize,1.6626126627905623e-06
steam,1.6626126627905623e-06
lup,1.6626126627905623e-06
veronesi,1.6626126627905623e-06
illl,1.6626126627905623e-06
rsp,1.6626126627905623e-06
kerr,1.6626126627905623e-06
modig,1.6626126627905623e-06
stylis,1.6626126627905623e-06
multidi,1.6626126627905623e-06
parish,1.6626126627905623e-06
dodg,1.6626126627905623e-06
hho,1.6626126627905623e-06
conscienc,1.6626126627905623e-06
betsi,1.6626126627905623e-06
pue,1.6626126627905623e-06
endofmonth,1.6626126627905623e-06
driv,1.6626126627905623e-06
mcn,1.6626126627905623e-06
joshi,1.6626126627905623e-06
trivari,1.6626126627905623e-06
flag,1.6626126627905623e-06
vita,1.6626126627905623e-06
heresi,1.6626126627905623e-06
blr,1.6626126627905623e-06
lpm,1.6626126627905623e-06
jta,1.6626126627905623e-06
dorf,1.6626126627905623e-06
popp,1.6626126627905623e-06
vignett,1.6626126627905623e-06
horton,1.6626126627905623e-06
overr,1.6626126627905623e-06
prem,1.6626126627905623e-06
liebman,1.6626126627905623e-06
nao,1.6626126627905623e-06
glasgow,1.6626126627905623e-06
crunch,1.6626126627905623e-06
melt,1.6626126627905623e-06
garegnani,1.6626126627905623e-06
strap,1.6626126627905623e-06
zair,1.6626126627905623e-06
severest,1.6626126627905623e-06
vival,1.6626126627905623e-06
sift,1.6626126627905623e-06
indianapoli,1.6626126627905623e-06
chine,1.6626126627905623e-06
impass,1.6626126627905623e-06
annu,1.6626126627905623e-06
rabil,1.6626126627905623e-06
cxk,1.6626126627905623e-06
spcific,1.6626126627905623e-06
elector,1.6626126627905623e-06
indig,1.6626126627905623e-06
sov,1.6626126627905623e-06
equilibriuma,1.6626126627905623e-06
urx,1.6626126627905623e-06
contrariwis,1.6626126627905623e-06
balestra,1.6626126627905623e-06
hanushek,1.6626126627905623e-06
baseyear,1.6626126627905623e-06
wher,1.6626126627905623e-06
npl,1.6626126627905623e-06
obe,1.6626126627905623e-06
impecc,1.6626126627905623e-06
varr,1.6626126627905623e-06
philoso,1.6626126627905623e-06
perk,1.6626126627905623e-06
delinqu,1.6626126627905623e-06
nonferr,1.6626126627905623e-06
hfh,1.6626126627905623e-06
nicolini,1.6626126627905623e-06
nma,1.6626126627905623e-06
kno,1.6626126627905623e-06
asd,1.6626126627905623e-06
emolu,1.6626126627905623e-06
mutton,1.6626126627905623e-06
pamphlet,1.6626126627905623e-06
depo,1.6626126627905623e-06
teller,1.6626126627905623e-06
dodd,1.6626126627905623e-06
elit,1.6626126627905623e-06
heim,1.6626126627905623e-06
foci,1.6626126627905623e-06
allay,1.6626126627905623e-06
igur,1.6626126627905623e-06
martinez,1.6626126627905623e-06
msn,1.6626126627905623e-06
persi,1.6626126627905623e-06
ssw,1.6626126627905623e-06
nonsouth,1.6626126627905623e-06
teresa,1.6626126627905623e-06
harbaugh,1.6626126627905623e-06
slash,1.6626126627905623e-06
presag,1.6626126627905623e-06
demolish,1.6626126627905623e-06
prakasa,1.6626126627905623e-06
prv,1.6626126627905623e-06
heck,1.6626126627905623e-06
capitaliza,1.6626126627905623e-06
cing,1.6626126627905623e-06
prelimi,1.6626126627905623e-06
fical,1.6626126627905623e-06
anatol,1.6626126627905623e-06
cana,1.6626126627905623e-06
schkade,1.6626126627905623e-06
missionari,1.6626126627905623e-06
spes,1.6626126627905623e-06
dpc,1.6626126627905623e-06
yui,1.6626126627905623e-06
jvt,1.6626126627905623e-06
turmoil,1.6626126627905623e-06
philanthropi,1.6626126627905623e-06
borenstein,1.6626126627905623e-06
suarez,1.6626126627905623e-06
cile,1.6626126627905623e-06
oconnel,1.6626126627905623e-06
firmat,1.6626126627905623e-06
ccb,1.6626126627905623e-06
trhe,1.6626126627905623e-06
blake,1.6626126627905623e-06
hillhous,1.6626126627905623e-06
denser,1.6626126627905623e-06
nevada,1.6626126627905623e-06
uro,1.6626126627905623e-06
smarter,1.6626126627905623e-06
unveil,1.6626126627905623e-06
uma,1.6626126627905623e-06
growthrat,1.6626126627905623e-06
behoov,1.6626126627905623e-06
markabl,1.6626126627905623e-06
ige,1.6626126627905623e-06
killingsworth,1.6626126627905623e-06
zoi,1.6626126627905623e-06
nht,1.6626126627905623e-06
cdn,1.6626126627905623e-06
nmm,1.6626126627905623e-06
mclaughlin,1.6626126627905623e-06
awf,1.6626126627905623e-06
famin,1.6626126627905623e-06
marron,1.6626126627905623e-06
incentivecompat,1.6626126627905623e-06
adverseselect,1.6626126627905623e-06
exorbit,1.6626126627905623e-06
ashworth,1.6626126627905623e-06
fleisher,1.6626126627905623e-06
jolla,1.6626126627905623e-06
rbs,1.6626126627905623e-06
aun,1.6626126627905623e-06
fcq,1.6626126627905623e-06
misint,1.6626126627905623e-06
crosstabul,1.6626126627905623e-06
borden,1.6626126627905623e-06
underutil,1.6626126627905623e-06
hutton,1.6626126627905623e-06
benson,1.6626126627905623e-06
jjt,1.6626126627905623e-06
erous,1.6626126627905623e-06
northeastern,1.6626126627905623e-06
wus,1.6626126627905623e-06
everincreas,1.6626126627905623e-06
costbas,1.6626126627905623e-06
arsenal,1.6626126627905623e-06
bration,1.6626126627905623e-06
uiditi,1.6626126627905623e-06
pecu,1.6626126627905623e-06
overland,1.6626126627905623e-06
vnp,1.6626126627905623e-06
iliari,1.6626126627905623e-06
kqk,1.6626126627905623e-06
sylvain,1.6626126627905623e-06
huntington,1.6626126627905623e-06
aidi,1.6626126627905623e-06
multidimen,1.6626126627905623e-06
serra,1.6626126627905623e-06
thurman,1.6626126627905623e-06
candl,1.6626126627905623e-06
qna,1.6626126627905623e-06
covar,1.6626126627905623e-06
cleve,1.6626126627905623e-06
vjv,1.6626126627905623e-06
nonunit,1.6626126627905623e-06
isit,1.6626126627905623e-06
hawaii,1.6626126627905623e-06
terdepend,1.6626126627905623e-06
racetrack,1.6626126627905623e-06
tiation,1.6626126627905623e-06
geophys,1.6626126627905623e-06
burg,1.6626126627905623e-06
soda,1.6626126627905623e-06
sara,1.6626126627905623e-06
teger,1.6626126627905623e-06
julian,1.6626126627905623e-06
qmi,1.6626126627905623e-06
jaim,1.6626126627905623e-06
idn,1.6626126627905623e-06
oioi,1.6626126627905623e-06
steal,1.6626126627905623e-06
fen,1.6626126627905623e-06
phylli,1.6626126627905623e-06
gow,1.6626126627905623e-06
dba,1.6626126627905623e-06
stekler,1.6626126627905623e-06
wlm,1.6626126627905623e-06
bisect,1.6626126627905623e-06
lockwood,1.6626126627905623e-06
slot,1.6626126627905623e-06
hwang,1.6626126627905623e-06
ypa,1.6626126627905623e-06
incontest,1.6626126627905623e-06
exploita,1.6626126627905623e-06
nss,1.6626126627905623e-06
disecono,1.6626126627905623e-06
pessi,1.6626126627905623e-06
cade,1.6626126627905623e-06
neue,1.6626126627905623e-06
antd,1.6626126627905623e-06
alpt,1.6626126627905623e-06
unbrand,1.6626126627905623e-06
priceinelast,1.6626126627905623e-06
secretariat,1.6626126627905623e-06
meagr,1.6626126627905623e-06
gurley,1.6626126627905623e-06
ftv,1.6626126627905623e-06
interbank,1.6626126627905623e-06
teori,1.6626126627905623e-06
wvhile,1.6626126627905623e-06
investn,1.6626126627905623e-06
moneysuppli,1.6626126627905623e-06
ceal,1.6626126627905623e-06
mob,1.6626126627905623e-06
ilia,1.6626126627905623e-06
lxxvi,1.6626126627905623e-06
ttv,1.6626126627905623e-06
chin,1.6626126627905623e-06
quandari,1.6626126627905623e-06
prophesi,1.6626126627905623e-06
gaussseidel,1.6626126627905623e-06
klp,1.6626126627905623e-06
uncomfort,1.6626126627905623e-06
unquest,1.6626126627905623e-06
mishan,1.6626126627905623e-06
cumvent,1.6626126627905623e-06
rfc,1.6626126627905623e-06
prosaic,1.6626126627905623e-06
nonwhit,1.6626126627905623e-06
platinum,1.6626126627905623e-06
otb,1.6626126627905623e-06
prest,1.6626126627905623e-06
adver,1.6626126627905623e-06
thatcher,1.6626126627905623e-06
gilli,1.6626126627905623e-06
reorganis,1.6626126627905623e-06
onset,1.6626126627905623e-06
fernandez,1.6626126627905623e-06
ient,1.6626126627905623e-06
womb,1.6626126627905623e-06
fleet,1.6626126627905623e-06
lipton,1.6626126627905623e-06
reweight,1.6626126627905623e-06
butz,1.6626126627905623e-06
baggag,1.6626126627905623e-06
transl,1.6626126627905623e-06
charlott,1.6626126627905623e-06
technolo,1.6626126627905623e-06
cmm,1.6626126627905623e-06
tong,1.6626126627905623e-06
affix,1.6626126627905623e-06
pest,1.6626126627905623e-06
repetiti,1.6626126627905623e-06
wib,1.6626126627905623e-06
mnay,1.6626126627905623e-06
printout,1.6626126627905623e-06
fkc,1.6626126627905623e-06
mpa,1.6626126627905623e-06
subperi,1.6626126627905623e-06
congression,1.6626126627905623e-06
rainwat,1.6626126627905623e-06
slr,1.6626126627905623e-06
lifo,1.6626126627905623e-06
geopolit,1.6626126627905623e-06
coalesc,1.6626126627905623e-06
nonreport,1.6626126627905623e-06
elz,1.6626126627905623e-06
jfk,1.6626126627905623e-06
cml,1.6626126627905623e-06
ovo,1.6626126627905623e-06
proverbi,1.6626126627905623e-06
vop,1.6626126627905623e-06
wellchosen,1.6626126627905623e-06
cize,1.6626126627905623e-06
nct,1.6626126627905623e-06
zax,1.6626126627905623e-06
dov,1.6626126627905623e-06
iren,1.6626126627905623e-06
fej,1.6626126627905623e-06
radcliff,1.6626126627905623e-06
obt,1.6626126627905623e-06
hillman,1.6626126627905623e-06
purview,1.6626126627905623e-06
jehiel,1.6626126627905623e-06
adept,1.6626126627905623e-06
insecur,1.6626126627905623e-06
nonresidenti,1.6626126627905623e-06
preposter,1.6626126627905623e-06
flll,1.6626126627905623e-06
figu,1.6626126627905623e-06
impercept,1.6626126627905623e-06
mro,1.6626126627905623e-06
ayd,1.6626126627905623e-06
vrv,1.6626126627905623e-06
ermisch,1.6626126627905623e-06
lecam,1.6626126627905623e-06
joke,1.6626126627905623e-06
schum,1.6626126627905623e-06
dome,1.6626126627905623e-06
prospec,1.6626126627905623e-06
shifter,1.6626126627905623e-06
moffitt,1.6626126627905623e-06
maris,1.6626126627905623e-06
mino,1.6626126627905623e-06
janssen,1.6626126627905623e-06
ploit,1.6626126627905623e-06
rff,1.6626126627905623e-06
stubblebin,1.6626126627905623e-06
modelfor,1.6626126627905623e-06
wien,1.6626126627905623e-06
natori,1.6626126627905623e-06
escal,1.6626126627905623e-06
salt,1.6626126627905623e-06
fivefold,1.6626126627905623e-06
ephemer,1.6626126627905623e-06
repugn,1.6626126627905623e-06
hend,1.6626126627905623e-06
patton,1.6626126627905623e-06
jpn,1.6626126627905623e-06
stig,1.6626126627905623e-06
recount,1.6626126627905623e-06
wern,1.6626126627905623e-06
sdo,1.6626126627905623e-06
bcc,1.6626126627905623e-06
decri,1.6626126627905623e-06
foray,1.6626126627905623e-06
chaser,1.6626126627905623e-06
ertl,1.6626126627905623e-06
listen,1.6626126627905623e-06
heroin,1.6626126627905623e-06
tegic,1.6626126627905623e-06
liverpool,1.6626126627905623e-06
formiti,1.6626126627905623e-06
glect,1.6626126627905623e-06
gustafsson,1.6626126627905623e-06
parsi,1.6626126627905623e-06
superb,1.6626126627905623e-06
volit,1.6626126627905623e-06
hak,1.6626126627905623e-06
xfa,1.6626126627905623e-06
guarantor,1.6626126627905623e-06
indent,1.6626126627905623e-06
priv,1.6626126627905623e-06
laggard,1.6626126627905623e-06
pgs,1.6626126627905623e-06
sorbonn,1.6626126627905623e-06
einaudi,1.6626126627905623e-06
pullman,1.6626126627905623e-06
vield,1.6626126627905623e-06
sorin,1.6626126627905623e-06
tlheori,1.6626126627905623e-06
jlx,1.6626126627905623e-06
streeten,1.6626126627905623e-06
gaston,1.6626126627905623e-06
expli,1.6626126627905623e-06
resumpt,1.6626126627905623e-06
midwestern,1.6626126627905623e-06
oligo,1.6626126627905623e-06
taxdef,1.6626126627905623e-06
agnostic,1.6626126627905623e-06
scant,1.6626126627905623e-06
suprem,1.6626126627905623e-06
treacher,1.6626126627905623e-06
restless,1.6626126627905623e-06
bqi,1.6626126627905623e-06
panacea,1.6626126627905623e-06
preva,1.6626126627905623e-06
pendulum,1.6626126627905623e-06
amateur,1.6626126627905623e-06
personspecif,1.6626126627905623e-06
slim,1.6626126627905623e-06
tihi,1.6626126627905623e-06
investigat,1.6626126627905623e-06
selfless,1.6626126627905623e-06
terrain,1.6626126627905623e-06
sami,1.6626126627905623e-06
pierpaolo,1.6626126627905623e-06
imhof,1.6626126627905623e-06
onh,1.6626126627905623e-06
hrr,1.6626126627905623e-06
cosmet,1.6626126627905623e-06
reconfirm,1.6626126627905623e-06
moritz,1.6626126627905623e-06
ofjoint,1.6626126627905623e-06
nicat,1.6626126627905623e-06
iabl,1.6626126627905623e-06
cruz,1.6626126627905623e-06
baum,1.6626126627905623e-06
separat,1.6626126627905623e-06
acced,1.6626126627905623e-06
yuan,1.6626126627905623e-06
tomor,1.6626126627905623e-06
alessandro,1.6626126627905623e-06
jorgen,1.6626126627905623e-06
creatur,1.6626126627905623e-06
reentri,1.6626126627905623e-06
weill,1.6626126627905623e-06
viour,1.6626126627905623e-06
autono,1.6626126627905623e-06
npv,1.6626126627905623e-06
ving,1.6626126627905623e-06
ivx,1.6626126627905623e-06
inordin,1.6626126627905623e-06
wing,1.6626126627905623e-06
etwt,1.6626126627905623e-06
runup,1.6626126627905623e-06
siev,1.6626126627905623e-06
raphi,1.6626126627905623e-06
giorgio,1.6626126627905623e-06
rivista,1.6626126627905623e-06
autarch,1.6626126627905623e-06
intrin,1.6626126627905623e-06
yourself,1.6626126627905623e-06
reh,1.6626126627905623e-06
kilomet,1.6626126627905623e-06
belfast,1.6626126627905623e-06
rwa,1.6626126627905623e-06
therefrom,1.6626126627905623e-06
hark,1.6626126627905623e-06
furni,1.6626126627905623e-06
grosskopf,1.6626126627905623e-06
brighter,1.6626126627905623e-06
nondiscretionari,1.6626126627905623e-06
maga,1.6626126627905623e-06
cano,1.6626126627905623e-06
cviii,1.6626126627905623e-06
workout,1.6626126627905623e-06
loot,1.6626126627905623e-06
enslav,1.6626126627905623e-06
fcf,1.6626126627905623e-06
mensur,1.6626126627905623e-06
carrot,1.6626126627905623e-06
gaskin,1.6626126627905623e-06
spree,1.6626126627905623e-06
menlo,1.6626126627905623e-06
njo,1.6626126627905623e-06
rey,1.6626126627905623e-06
bour,1.6626126627905623e-06
hancock,1.6626126627905623e-06
itg,1.6626126627905623e-06
ipz,1.6626126627905623e-06
repel,1.6626126627905623e-06
varv,1.6626126627905623e-06
rhl,1.6626126627905623e-06
wildcat,1.6626126627905623e-06
bertil,1.6626126627905623e-06
njj,1.6626126627905623e-06
nzi,1.6626126627905623e-06
sven,1.6626126627905623e-06
vermeulen,1.6626126627905623e-06
egon,1.6626126627905623e-06
brr,1.6626126627905623e-06
pled,1.6626126627905623e-06
slade,1.6626126627905623e-06
olivia,1.6626126627905623e-06
norri,1.6626126627905623e-06
yarrow,1.6626126627905623e-06
linden,1.6626126627905623e-06
invad,1.6626126627905623e-06
shirley,1.6626126627905623e-06
chooser,1.6626126627905623e-06
kcl,1.6626126627905623e-06
mccarthi,1.6626126627905623e-06
ladder,1.6626126627905623e-06
buckley,1.6626126627905623e-06
unwind,1.6626126627905623e-06
overflow,1.6626126627905623e-06
monahan,1.6626126627905623e-06
stroy,1.6626126627905623e-06
adw,1.6626126627905623e-06
bui,1.6626126627905623e-06
cousin,1.6626126627905623e-06
boca,1.6626126627905623e-06
cvs,1.6626126627905623e-06
farhi,1.6626126627905623e-06
pham,1.6626126627905623e-06
pyti,1.6626126627905623e-06
swung,1.6626126627905623e-06
aog,1.6626126627905623e-06
impervi,1.6626126627905623e-06
aiit,1.6626126627905623e-06
flfl,1.6626126627905623e-06
noel,1.6626126627905623e-06
aint,1.6626126627905623e-06
melo,1.6626126627905623e-06
predictabil,1.6626126627905623e-06
rthe,1.6626126627905623e-06
nld,1.6626126627905623e-06
subtot,1.6626126627905623e-06
augur,1.6626126627905623e-06
voprosi,1.6626126627905623e-06
awit,1.6626126627905623e-06
unalter,1.6626126627905623e-06
sway,1.6626126627905623e-06
tms,1.6626126627905623e-06
thou,1.6626126627905623e-06
mirag,1.6626126627905623e-06
originat,1.6626126627905623e-06
jnj,1.6626126627905623e-06
unstabil,1.6626126627905623e-06
injustic,1.6626126627905623e-06
horvath,1.6626126627905623e-06
stract,1.6626126627905623e-06
iok,1.6626126627905623e-06
ehrenberg,1.6626126627905623e-06
oren,1.6626126627905623e-06
euphoria,1.6626126627905623e-06
terpris,1.6626126627905623e-06
glare,1.6626126627905623e-06
disharmoni,1.6626126627905623e-06
lxiii,1.6626126627905623e-06
thursbi,1.6626126627905623e-06
sandi,1.6626126627905623e-06
sail,1.6626126627905623e-06
pcm,1.6626126627905623e-06
goldschmid,1.6626126627905623e-06
poss,1.6626126627905623e-06
errorsin,1.6626126627905623e-06
gwilym,1.6626126627905623e-06
suspens,1.6626126627905623e-06
royer,1.6626126627905623e-06
michen,1.6626126627905623e-06
configu,1.6626126627905623e-06
nus,1.6626126627905623e-06
advocaci,1.6626126627905623e-06
tempera,1.6626126627905623e-06
dpg,1.6626126627905623e-06
ruptur,1.6626126627905623e-06
kilogram,1.6626126627905623e-06
ninetyfifth,1.6626126627905623e-06
newcastl,1.6626126627905623e-06
commen,1.6626126627905623e-06
iill,1.6626126627905623e-06
bari,1.6626126627905623e-06
untap,1.6626126627905623e-06
uncrit,1.6626126627905623e-06
hendershott,1.6626126627905623e-06
danish,1.6626126627905623e-06
dissolv,1.6626126627905623e-06
venic,1.6626126627905623e-06
allel,1.6626126627905623e-06
authent,1.6626126627905623e-06
dint,1.6626126627905623e-06
putate,1.6626126627905623e-06
sevenfold,1.6626126627905623e-06
mus,1.6626126627905623e-06
creep,1.6626126627905623e-06
firstyear,1.6626126627905623e-06
nether,1.6626126627905623e-06
stoy,1.6626126627905623e-06
gyrat,1.6626126627905623e-06
suri,1.6626126627905623e-06
inot,1.6626126627905623e-06
ooh,1.6626126627905623e-06
dosag,1.6626126627905623e-06
stimu,1.6626126627905623e-06
brad,1.6626126627905623e-06
dertak,1.6626126627905623e-06
dona,1.6626126627905623e-06
zeroord,1.6626126627905623e-06
nea,1.6626126627905623e-06
sota,1.6626126627905623e-06
sociabl,1.6626126627905623e-06
cetera,1.6626126627905623e-06
cannon,1.6626126627905623e-06
mcnee,1.6626126627905623e-06
iith,1.6626126627905623e-06
journzal,1.6626126627905623e-06
flagrant,1.6626126627905623e-06
drag,1.6626126627905623e-06
adel,1.6626126627905623e-06
ikx,1.6626126627905623e-06
xpf,1.6626126627905623e-06
vict,1.6626126627905623e-06
jmi,1.6626126627905623e-06
earmark,1.6626126627905623e-06
lini,1.6626126627905623e-06
crossbord,1.6626126627905623e-06
beitrag,1.6626126627905623e-06
dresher,1.6626126627905623e-06
secondyear,1.6626126627905623e-06
econzom,1.6626126627905623e-06
santomero,1.6626126627905623e-06
fluid,1.6626126627905623e-06
esm,1.6626126627905623e-06
disproport,1.6626126627905623e-06
calm,1.6626126627905623e-06
clotfelt,1.6626126627905623e-06
crde,1.6626126627905623e-06
jss,1.6626126627905623e-06
neer,1.6626126627905623e-06
interdisciplinari,1.6626126627905623e-06
logv,1.6626126627905623e-06
carv,1.6626126627905623e-06
bev,1.6626126627905623e-06
grossoftax,1.6626126627905623e-06
szt,1.6626126627905623e-06
ynk,1.6626126627905623e-06
nlo,1.6626126627905623e-06
wle,1.6626126627905623e-06
onesixth,1.6626126627905623e-06
lus,1.6626126627905623e-06
trical,1.6626126627905623e-06
aban,1.6626126627905623e-06
spoken,1.6626126627905623e-06
predica,1.6626126627905623e-06
unemploymentinfl,1.6626126627905623e-06
lowestcost,1.6626126627905623e-06
unhappi,1.6626126627905623e-06
demin,1.6626126627905623e-06
leasehold,1.6626126627905623e-06
prom,1.6626126627905623e-06
effluent,1.6626126627905623e-06
niciti,1.6626126627905623e-06
ceipt,1.6626126627905623e-06
wherey,1.6626126627905623e-06
firmi,1.6626126627905623e-06
eclect,1.6626126627905623e-06
cipient,1.6626126627905623e-06
cmo,1.6626126627905623e-06
unconsci,1.6626126627905623e-06
cipat,1.6626126627905623e-06
predefin,1.6626126627905623e-06
sachusett,1.6626126627905623e-06
vhs,1.6626126627905623e-06
plaintiff,1.6626126627905623e-06
vall,1.6626126627905623e-06
reaffirm,1.6626126627905623e-06
noninfinitesim,1.6626126627905623e-06
inert,1.6626126627905623e-06
torial,1.6626126627905623e-06
neuberg,1.6626126627905623e-06
wouter,1.6626126627905623e-06
ooq,1.6626126627905623e-06
custodian,1.6626126627905623e-06
sacri,1.6626126627905623e-06
ljo,1.6626126627905623e-06
pustat,1.6626126627905623e-06
wordofmouth,1.6626126627905623e-06
mft,1.6626126627905623e-06
nonlineari,1.6626126627905623e-06
malt,1.6626126627905623e-06
ipal,1.6626126627905623e-06
acci,1.6626126627905623e-06
ttit,1.6626126627905623e-06
revolutionari,1.6626126627905623e-06
treati,1.6626126627905623e-06
eastwest,1.6626126627905623e-06
nathaniel,1.6626126627905623e-06
injuri,1.6626126627905623e-06
paterson,1.6626126627905623e-06
prerecess,1.6626126627905623e-06
toolbox,1.6626126627905623e-06
lucien,1.6626126627905623e-06
agger,1.6626126627905623e-06
fom,1.6626126627905623e-06
isaac,1.6626126627905623e-06
maxg,1.6626126627905623e-06
blith,1.6626126627905623e-06
preempt,1.6626126627905623e-06
bhmbawerk,1.6626126627905623e-06
interd,1.6626126627905623e-06
communaut,1.6626126627905623e-06
betancourt,1.6626126627905623e-06
unobjection,1.6626126627905623e-06
asli,1.6626126627905623e-06
stumbl,1.6626126627905623e-06
wmin,1.6626126627905623e-06
pupil,1.6626126627905623e-06
wyom,1.6626126627905623e-06
skedast,1.6626126627905623e-06
careless,1.6626126627905623e-06
albuquerqu,1.6626126627905623e-06
glejser,1.6626126627905623e-06
asbesto,1.6626126627905623e-06
versi,1.6626126627905623e-06
clinic,1.6626126627905623e-06
moralhazard,1.6626126627905623e-06
tensiti,1.6626126627905623e-06
prede,1.6626126627905623e-06
dispropor,1.6626126627905623e-06
highestvalu,1.6626126627905623e-06
retro,1.6626126627905623e-06
denomina,1.6626126627905623e-06
ltz,1.6626126627905623e-06
salter,1.6626126627905623e-06
itur,1.6626126627905623e-06
etrt,1.6626126627905623e-06
knack,1.6626126627905623e-06
maid,1.6626126627905623e-06
rarili,1.6626126627905623e-06
multist,1.6626126627905623e-06
lka,1.6626126627905623e-06
ccs,1.6626126627905623e-06
microsoft,1.6626126627905623e-06
ftb,1.6626126627905623e-06
hampshir,1.6626126627905623e-06
lmm,1.6626126627905623e-06
obedi,1.6626126627905623e-06
adk,1.6626126627905623e-06
skin,1.6626126627905623e-06
arndt,1.6626126627905623e-06
nonran,1.6626126627905623e-06
manuf,1.6626126627905623e-06
shen,1.6626126627905623e-06
rwn,1.6626126627905623e-06
twentyyear,1.6626126627905623e-06
schwartzstein,1.6626126627905623e-06
eccentr,1.6626126627905623e-06
dellavigna,1.6626126627905623e-06
unaccompani,1.6626126627905623e-06
unselfish,1.6626126627905623e-06
fortyeight,1.6626126627905623e-06
oneperson,1.6626126627905623e-06
hthe,1.6626126627905623e-06
forestal,1.6626126627905623e-06
styl,1.6626126627905623e-06
plantat,1.6626126627905623e-06
alesina,1.6626126627905623e-06
astound,1.6626126627905623e-06
coali,1.6626126627905623e-06
lrp,1.6626126627905623e-06
encumb,1.6626126627905623e-06
swenson,1.6626126627905623e-06
wheaton,1.6626126627905623e-06
dold,1.6626126627905623e-06
bog,1.6626126627905623e-06
costeffect,1.6626126627905623e-06
pecial,1.6626126627905623e-06
altitud,1.6626126627905623e-06
poker,1.6626126627905623e-06
tician,1.6626126627905623e-06
aud,1.6626126627905623e-06
goi,1.6626126627905623e-06
boadway,1.6626126627905623e-06
louisiana,1.6626126627905623e-06
bonhomm,1.6626126627905623e-06
postel,1.6626126627905623e-06
boiler,1.6626126627905623e-06
proprietor,1.6626126627905623e-06
napoleon,1.6626126627905623e-06
sibley,1.6626126627905623e-06
lighter,1.6626126627905623e-06
leicest,1.6626126627905623e-06
twentytwo,1.6626126627905623e-06
cheer,1.6626126627905623e-06
aait,1.6626126627905623e-06
boast,1.6626126627905623e-06
ettt,1.6626126627905623e-06
cera,1.6626126627905623e-06
kremer,1.6626126627905623e-06
flourish,1.6626126627905623e-06
mnp,1.6626126627905623e-06
camill,1.6626126627905623e-06
xiji,1.6626126627905623e-06
saj,1.6626126627905623e-06
silenc,1.6626126627905623e-06
instruc,1.6626126627905623e-06
plest,1.6626126627905623e-06
freerid,1.6626126627905623e-06
resurfac,1.6626126627905623e-06
upperleft,1.6626126627905623e-06
trativ,1.6626126627905623e-06
regressand,1.6626126627905623e-06
brendan,1.6626126627905623e-06
catchingup,1.6626126627905623e-06
precau,1.6626126627905623e-06
nearperfect,1.6626126627905623e-06
overutil,1.6626126627905623e-06
conser,1.6626126627905623e-06
hib,1.6626126627905623e-06
leiderman,1.6626126627905623e-06
maladi,1.6626126627905623e-06
maurin,1.6626126627905623e-06
cani,1.6626126627905623e-06
cock,1.6626126627905623e-06
hirano,1.6626126627905623e-06
gar,1.6626126627905623e-06
ntu,1.6626126627905623e-06
hitt,1.6626126627905623e-06
yue,1.6626126627905623e-06
petrol,1.6626126627905623e-06
overinterpret,1.6626126627905623e-06
cee,1.6626126627905623e-06
phelpsbrown,1.6626126627905623e-06
thani,1.6626126627905623e-06
astic,1.6626126627905623e-06
fdl,1.6626126627905623e-06
torsten,1.6626126627905623e-06
honesti,1.6626126627905623e-06
stroke,1.6626126627905623e-06
vito,1.6626126627905623e-06
taboo,1.6626126627905623e-06
gaso,1.6626126627905623e-06
ansley,1.6626126627905623e-06
exchequ,1.6626126627905623e-06
kappa,1.6626126627905623e-06
franais,1.6626126627905623e-06
selfselect,1.6626126627905623e-06
caprici,1.6626126627905623e-06
gremaq,1.6626126627905623e-06
straighten,1.6626126627905623e-06
condorcet,1.6626126627905623e-06
abstractth,1.6626126627905623e-06
instig,1.6626126627905623e-06
gentzkow,1.6626126627905623e-06
monument,1.6626126627905623e-06
fzj,1.6626126627905623e-06
pzj,1.6626126627905623e-06
interspers,1.6626126627905623e-06
functiona,1.6626126627905623e-06
ygt,1.6626126627905623e-06
depot,1.6626126627905623e-06
psych,1.6626126627905623e-06
stipu,1.6626126627905623e-06
bemdt,1.6626126627905623e-06
guaranti,1.6626126627905623e-06
utm,1.6626126627905623e-06
mansur,1.6626126627905623e-06
covet,1.6626126627905623e-06
palmer,1.6626126627905623e-06
lodg,1.6626126627905623e-06
canton,1.6626126627905623e-06
measurementerror,1.6626126627905623e-06
clan,1.6626126627905623e-06
fist,1.6626126627905623e-06
derestim,1.6626126627905623e-06
xthe,1.6626126627905623e-06
twopart,1.6626126627905623e-06
kiw,1.6626126627905623e-06
mack,1.6626126627905623e-06
robyn,1.6626126627905623e-06
viic,1.6626126627905623e-06
gust,1.6626126627905623e-06
scriber,1.6626126627905623e-06
sanction,1.6626126627905623e-06
ceremoni,1.6626126627905623e-06
shallow,1.6626126627905623e-06
yitl,1.6626126627905623e-06
varn,1.6626126627905623e-06
foss,1.6626126627905623e-06
expediti,1.6626126627905623e-06
twotenth,1.6626126627905623e-06
underesti,1.6626126627905623e-06
madi,1.6626126627905623e-06
laboursuppli,1.6626126627905623e-06
emir,1.6626126627905623e-06
kapit,1.6626126627905623e-06
nam,1.6626126627905623e-06
hansson,1.6626126627905623e-06
olof,1.6626126627905623e-06
inor,1.6626126627905623e-06
gns,1.6626126627905623e-06
crosshatch,1.6626126627905623e-06
fuir,1.6626126627905623e-06
soughtaft,1.6626126627905623e-06
licenc,1.6626126627905623e-06
misgiv,1.6626126627905623e-06
sham,1.6626126627905623e-06
visor,1.6626126627905623e-06
ancient,1.6626126627905623e-06
raleigh,1.6626126627905623e-06
payn,1.6626126627905623e-06
strin,1.6626126627905623e-06
frorn,1.6626126627905623e-06
lrd,1.6626126627905623e-06
mur,1.6626126627905623e-06
methodol,1.6626126627905623e-06
bosch,1.6626126627905623e-06
distrust,1.6626126627905623e-06
highlevel,1.6626126627905623e-06
uncompl,1.6626126627905623e-06
tql,1.6626126627905623e-06
pricebas,1.6626126627905623e-06
chestnut,1.6626126627905623e-06
acit,1.6626126627905623e-06
keefer,1.6626126627905623e-06
sylla,1.6626126627905623e-06
contempo,1.6626126627905623e-06
everpres,1.6626126627905623e-06
brake,1.6626126627905623e-06
inent,1.6626126627905623e-06
conc,1.6626126627905623e-06
lba,1.6626126627905623e-06
tread,1.6626126627905623e-06
bae,1.6626126627905623e-06
volunt,1.6626126627905623e-06
theorya,1.6626126627905623e-06
tertiari,1.6626126627905623e-06
yond,1.6626126627905623e-06
gabriell,1.6626126627905623e-06
spheric,1.6626126627905623e-06
cadillac,1.6626126627905623e-06
worksheet,1.6626126627905623e-06
minuscul,1.6626126627905623e-06
trine,1.6626126627905623e-06
macleod,1.6626126627905623e-06
commonproperti,1.6626126627905623e-06
unspent,1.6626126627905623e-06
newcomb,1.6626126627905623e-06
wvar,1.6626126627905623e-06
tenta,1.6626126627905623e-06
integrat,1.6626126627905623e-06
labourcapit,1.6626126627905623e-06
highdemand,1.6626126627905623e-06
vinay,1.6626126627905623e-06
uncompetit,1.6626126627905623e-06
unassign,1.6626126627905623e-06
califor,1.6626126627905623e-06
iqq,1.6626126627905623e-06
regener,1.6626126627905623e-06
fung,1.6626126627905623e-06
haubrich,1.6626126627905623e-06
djo,1.6626126627905623e-06
posium,1.6626126627905623e-06
haw,1.6626126627905623e-06
maxwel,1.6626126627905623e-06
uao,1.6626126627905623e-06
interestelast,1.6626126627905623e-06
suzann,1.6626126627905623e-06
braverman,1.6626126627905623e-06
overdu,1.6626126627905623e-06
cabral,1.6626126627905623e-06
sro,1.6626126627905623e-06
bolic,1.6626126627905623e-06
asch,1.6626126627905623e-06
ruud,1.6626126627905623e-06
gel,1.6626126627905623e-06
quarrel,1.6626126627905623e-06
magnific,1.6626126627905623e-06
geolog,1.6626126627905623e-06
xoy,1.6626126627905623e-06
experimenta,1.6626126627905623e-06
rili,1.6626126627905623e-06
bere,1.6626126627905623e-06
bachmann,1.6626126627905623e-06
cheapen,1.6626126627905623e-06
aijt,1.6626126627905623e-06
tun,1.6626126627905623e-06
java,1.6626126627905623e-06
rippl,1.6626126627905623e-06
altru,1.6626126627905623e-06
sidgwick,1.6626126627905623e-06
rostow,1.6626126627905623e-06
sensitiv,1.6626126627905623e-06
ebe,1.6626126627905623e-06
rosensteinrodan,1.6626126627905623e-06
genealog,1.6626126627905623e-06
nitzan,1.6626126627905623e-06
mackenzi,1.6626126627905623e-06
tijt,1.6626126627905623e-06
emili,1.6626126627905623e-06
mcc,1.6626126627905623e-06
ymous,1.6626126627905623e-06
highgrad,1.6626126627905623e-06
utrecht,1.6626126627905623e-06
ieo,1.6626126627905623e-06
nonadjac,1.6626126627905623e-06
unincorpor,1.6626126627905623e-06
tantal,1.6626126627905623e-06
crush,1.6626126627905623e-06
ugli,1.6626126627905623e-06
sks,1.6626126627905623e-06
conidit,1.6626126627905623e-06
ong,1.6626126627905623e-06
fernald,1.6626126627905623e-06
safeguard,1.6626126627905623e-06
cago,1.6626126627905623e-06
whin,1.6626126627905623e-06
itamar,1.6626126627905623e-06
blanch,1.6626126627905623e-06
oel,1.6626126627905623e-06
ianc,1.6626126627905623e-06
massey,1.6626126627905623e-06
southwestern,1.6626126627905623e-06
nikolai,1.6626126627905623e-06
proffer,1.6626126627905623e-06
thata,1.6626126627905623e-06
vocabulari,1.6626126627905623e-06
spotmarket,1.6626126627905623e-06
willett,1.6626126627905623e-06
narili,1.6626126627905623e-06
jamison,1.6626126627905623e-06
angloamerican,1.6626126627905623e-06
kiy,1.6626126627905623e-06
fordham,1.6626126627905623e-06
zar,1.6626126627905623e-06
overlaid,1.6626126627905623e-06
malouf,1.6626126627905623e-06
olut,1.6626126627905623e-06
bpe,1.6626126627905623e-06
finiteliv,1.6626126627905623e-06
comn,1.6626126627905623e-06
tlb,1.6626126627905623e-06
psychiatri,1.6626126627905623e-06
hauser,1.6626126627905623e-06
plough,1.6626126627905623e-06
inconceiv,1.6626126627905623e-06
heuri,1.6626126627905623e-06
sinha,1.6626126627905623e-06
expectedvalu,1.6626126627905623e-06
noc,1.6626126627905623e-06
wirtschaftsforschung,1.6626126627905623e-06
taxfinanc,1.6626126627905623e-06
unsta,1.6626126627905623e-06
drm,1.6626126627905623e-06
herrmann,1.6626126627905623e-06
mess,1.6626126627905623e-06
lederman,1.6626126627905623e-06
hut,1.6626126627905623e-06
modesti,1.6626126627905623e-06
submerg,1.6626126627905623e-06
systemati,1.6626126627905623e-06
monious,1.6626126627905623e-06
meta,1.6626126627905623e-06
muddl,1.6626126627905623e-06
pdl,1.6626126627905623e-06
encoun,1.6626126627905623e-06
cno,1.6626126627905623e-06
disinterest,1.6626126627905623e-06
sparsiti,1.6626126627905623e-06
lav,1.6626126627905623e-06
enthusiasm,1.6626126627905623e-06
zstatist,1.6626126627905623e-06
polariza,1.6626126627905623e-06
schiff,1.6626126627905623e-06
periodo,1.6626126627905623e-06
oid,1.6626126627905623e-06
smallcountri,1.6626126627905623e-06
cxviii,1.6626126627905623e-06
centraliza,1.6626126627905623e-06
nomist,1.6626126627905623e-06
libertarian,1.6626126627905623e-06
puf,1.6626126627905623e-06
disconfirm,1.6626126627905623e-06
scriptiv,1.6626126627905623e-06
pricedetermin,1.6626126627905623e-06
outspoken,1.6626126627905623e-06
christen,1.6626126627905623e-06
tele,1.6626126627905623e-06
stiff,1.6626126627905623e-06
davenport,1.6626126627905623e-06
pentti,1.6626126627905623e-06
wlhen,1.6626126627905623e-06
autocorr,1.6626126627905623e-06
couldnt,1.6626126627905623e-06
nvt,1.6626126627905623e-06
tinual,1.6626126627905623e-06
ainsli,1.6626126627905623e-06
verdict,1.6626126627905623e-06
blush,1.6626126627905623e-06
overload,1.6626126627905623e-06
mora,1.6626126627905623e-06
holloway,1.6626126627905623e-06
trigonometr,1.6626126627905623e-06
youngster,1.6626126627905623e-06
larges,1.6626126627905623e-06
edith,1.6626126627905623e-06
jennif,1.6626126627905623e-06
singlefirm,1.6626126627905623e-06
lms,1.6626126627905623e-06
sead,1.6626126627905623e-06
pjd,1.6626126627905623e-06
garrett,1.6626126627905623e-06
antagonist,1.6626126627905623e-06
god,1.6626126627905623e-06
gete,1.6626126627905623e-06
faulhab,1.6626126627905623e-06
sfe,1.6626126627905623e-06
rrq,1.6626126627905623e-06
sore,1.6626126627905623e-06
icerd,1.6626126627905623e-06
pog,1.6626126627905623e-06
brit,1.6626126627905623e-06
ipb,1.6626126627905623e-06
borcherd,1.6626126627905623e-06
humphrey,1.6626126627905623e-06
rater,1.6626126627905623e-06
hector,1.6626126627905623e-06
dysfunct,1.6626126627905623e-06
propound,1.6626126627905623e-06
giovanna,1.6626126627905623e-06
endeavour,1.6626126627905623e-06
lege,1.6626126627905623e-06
ramsay,1.6626126627905623e-06
laborforc,1.6626126627905623e-06
sane,1.6626126627905623e-06
nbernsf,1.6626126627905623e-06
revalua,1.6626126627905623e-06
icd,1.6626126627905623e-06
semest,1.6626126627905623e-06
idj,1.6626126627905623e-06
eig,1.6626126627905623e-06
friendship,1.6626126627905623e-06
porto,1.6626126627905623e-06
puriti,1.6626126627905623e-06
frn,1.6626126627905623e-06
unoffici,1.6626126627905623e-06
desirabil,1.6626126627905623e-06
forewarn,1.6626126627905623e-06
hus,1.6626126627905623e-06
gigant,1.6626126627905623e-06
auburn,1.6626126627905623e-06
operandi,1.6626126627905623e-06
lrf,1.6626126627905623e-06
mqi,1.6626126627905623e-06
bewar,1.6626126627905623e-06
yossi,1.6626126627905623e-06
ctit,1.6626126627905623e-06
jurisdict,8.313063313952811e-07
parameteriza,8.313063313952811e-07
overprovid,8.313063313952811e-07
threeplay,8.313063313952811e-07
offirst,8.313063313952811e-07
heckscherohlinvanek,8.313063313952811e-07
inforc,8.313063313952811e-07
downwardbias,8.313063313952811e-07
grandchildren,8.313063313952811e-07
ifest,8.313063313952811e-07
seak,8.313063313952811e-07
zijt,8.313063313952811e-07
countryj,8.313063313952811e-07
sectori,8.313063313952811e-07
dessein,8.313063313952811e-07
lessthanperfect,8.313063313952811e-07
rawlss,8.313063313952811e-07
commonwealth,8.313063313952811e-07
cfm,8.313063313952811e-07
haul,8.313063313952811e-07
statewid,8.313063313952811e-07
ratesa,8.313063313952811e-07
grubert,8.313063313952811e-07
bemheim,8.313063313952811e-07
gus,8.313063313952811e-07
americanj,8.313063313952811e-07
highinfl,8.313063313952811e-07
anant,8.313063313952811e-07
portney,8.313063313952811e-07
ppps,8.313063313952811e-07
corrobo,8.313063313952811e-07
lowinfl,8.313063313952811e-07
wheatsheaf,8.313063313952811e-07
paretopref,8.313063313952811e-07
noaa,8.313063313952811e-07
nalize,8.313063313952811e-07
mrss,8.313063313952811e-07
nonstan,8.313063313952811e-07
etct,8.313063313952811e-07
pricemargin,8.313063313952811e-07
pantheon,8.313063313952811e-07
strom,8.313063313952811e-07
overarch,8.313063313952811e-07
navin,8.313063313952811e-07
twoproduct,8.313063313952811e-07
srba,8.313063313952811e-07
yxit,8.313063313952811e-07
helicopt,8.313063313952811e-07
fhh,8.313063313952811e-07
sunlight,8.313063313952811e-07
mislaid,8.313063313952811e-07
decoupl,8.313063313952811e-07
komiya,8.313063313952811e-07
ucberkeley,8.313063313952811e-07
eurosclerosi,8.313063313952811e-07
reformu,8.313063313952811e-07
derson,8.313063313952811e-07
subp,8.313063313952811e-07
leptokurt,8.313063313952811e-07
mcf,8.313063313952811e-07
rhh,8.313063313952811e-07
endogenousgrowth,8.313063313952811e-07
nonsampl,8.313063313952811e-07
englegrang,8.313063313952811e-07
unenforc,8.313063313952811e-07
duesen,8.313063313952811e-07
nious,8.313063313952811e-07
neural,8.313063313952811e-07
partialadjust,8.313063313952811e-07
efta,8.313063313952811e-07
logyi,8.313063313952811e-07
woglom,8.313063313952811e-07
sellekaert,8.313063313952811e-07
termstructur,8.313063313952811e-07
onboard,8.313063313952811e-07
rebecca,8.313063313952811e-07
ffj,8.313063313952811e-07
pauzner,8.313063313952811e-07
tjf,8.313063313952811e-07
interst,8.313063313952811e-07
tivari,8.313063313952811e-07
rootnconsist,8.313063313952811e-07
tgeq,8.313063313952811e-07
duciv,8.313063313952811e-07
joachim,8.313063313952811e-07
healthrel,8.313063313952811e-07
emergingmarket,8.313063313952811e-07
iour,8.313063313952811e-07
argi,8.313063313952811e-07
higherfrequ,8.313063313952811e-07
friedland,8.313063313952811e-07
fishelson,8.313063313952811e-07
jing,8.313063313952811e-07
ecommerc,8.313063313952811e-07
privategood,8.313063313952811e-07
igat,8.313063313952811e-07
firmsa,8.313063313952811e-07
intermediaterun,8.313063313952811e-07
microbas,8.313063313952811e-07
lucrezia,8.313063313952811e-07
feet,8.313063313952811e-07
cgt,8.313063313952811e-07
modelj,8.313063313952811e-07
mfa,8.313063313952811e-07
heavytail,8.313063313952811e-07
nonmar,8.313063313952811e-07
porath,8.313063313952811e-07
recr,8.313063313952811e-07
pugel,8.313063313952811e-07
qiz,8.313063313952811e-07
cxix,8.313063313952811e-07
neurosci,8.313063313952811e-07
tensen,8.313063313952811e-07
linneman,8.313063313952811e-07
kleiman,8.313063313952811e-07
nwt,8.313063313952811e-07
skaperda,8.313063313952811e-07
sfbtr,8.313063313952811e-07
outcomebas,8.313063313952811e-07
multiobject,8.313063313952811e-07
wagesett,8.313063313952811e-07
eightdigit,8.313063313952811e-07
mnes,8.313063313952811e-07
angela,8.313063313952811e-07
twogroup,8.313063313952811e-07
reimburs,8.313063313952811e-07
ubiqu,8.313063313952811e-07
oasi,8.313063313952811e-07
rgt,8.313063313952811e-07
underfund,8.313063313952811e-07
dollardenomin,8.313063313952811e-07
idb,8.313063313952811e-07
bms,8.313063313952811e-07
conservationist,8.313063313952811e-07
gerk,8.313063313952811e-07
planck,8.313063313952811e-07
intermediar,8.313063313952811e-07
draconian,8.313063313952811e-07
doubledigit,8.313063313952811e-07
postperiod,8.313063313952811e-07
tomat,8.313063313952811e-07
selloff,8.313063313952811e-07
crg,8.313063313952811e-07
lucia,8.313063313952811e-07
crossgroup,8.313063313952811e-07
emmerson,8.313063313952811e-07
captial,8.313063313952811e-07
jeanphilipp,8.313063313952811e-07
fxit,8.313063313952811e-07
toscal,8.313063313952811e-07
cointegrat,8.313063313952811e-07
ldl,8.313063313952811e-07
shipper,8.313063313952811e-07
ulatori,8.313063313952811e-07
sociobiolog,8.313063313952811e-07
solar,8.313063313952811e-07
timur,8.313063313952811e-07
ournal,8.313063313952811e-07
stepfunct,8.313063313952811e-07
mukesh,8.313063313952811e-07
thte,8.313063313952811e-07
meritori,8.313063313952811e-07
quasiord,8.313063313952811e-07
giroux,8.313063313952811e-07
statesth,8.313063313952811e-07
attiyeh,8.313063313952811e-07
vka,8.313063313952811e-07
offtheequilibriumpath,8.313063313952811e-07
gibbard,8.313063313952811e-07
lude,8.313063313952811e-07
vhl,8.313063313952811e-07
fuell,8.313063313952811e-07
harmondsworth,8.313063313952811e-07
densi,8.313063313952811e-07
kouri,8.313063313952811e-07
accor,8.313063313952811e-07
jolurn,8.313063313952811e-07
tvb,8.313063313952811e-07
ythier,8.313063313952811e-07
rameter,8.313063313952811e-07
unintuit,8.313063313952811e-07
stiglitzj,8.313063313952811e-07
bodenhorn,8.313063313952811e-07
dmd,8.313063313952811e-07
stopgo,8.313063313952811e-07
eightquart,8.313063313952811e-07
huw,8.313063313952811e-07
laptop,8.313063313952811e-07
pseudomaximum,8.313063313952811e-07
klem,8.313063313952811e-07
ljungbox,8.313063313952811e-07
sprao,8.313063313952811e-07
tpc,8.313063313952811e-07
nrs,8.313063313952811e-07
xerox,8.313063313952811e-07
mortgageback,8.313063313952811e-07
differentiatedproduct,8.313063313952811e-07
starker,8.313063313952811e-07
qrl,8.313063313952811e-07
dwdt,8.313063313952811e-07
gredient,8.313063313952811e-07
slc,8.313063313952811e-07
blj,8.313063313952811e-07
evanc,8.313063313952811e-07
kau,8.313063313952811e-07
trh,8.313063313952811e-07
nns,8.313063313952811e-07
owo,8.313063313952811e-07
zoltan,8.313063313952811e-07
lok,8.313063313952811e-07
selfprotect,8.313063313952811e-07
stata,8.313063313952811e-07
kta,8.313063313952811e-07
ayit,8.313063313952811e-07
fdf,8.313063313952811e-07
octobernovemb,8.313063313952811e-07
intrasector,8.313063313952811e-07
stron,8.313063313952811e-07
moynihan,8.313063313952811e-07
olk,8.313063313952811e-07
chur,8.313063313952811e-07
demski,8.313063313952811e-07
mograph,8.313063313952811e-07
wml,8.313063313952811e-07
tecnologia,8.313063313952811e-07
frederico,8.313063313952811e-07
tatiana,8.313063313952811e-07
ayti,8.313063313952811e-07
welfarist,8.313063313952811e-07
fica,8.313063313952811e-07
cellular,8.313063313952811e-07
gloria,8.313063313952811e-07
yaf,8.313063313952811e-07
pater,8.313063313952811e-07
zkl,8.313063313952811e-07
ofpolit,8.313063313952811e-07
sidepay,8.313063313952811e-07
ijb,8.313063313952811e-07
hike,8.313063313952811e-07
maximisa,8.313063313952811e-07
employmentrel,8.313063313952811e-07
giancarlo,8.313063313952811e-07
jackknif,8.313063313952811e-07
murakami,8.313063313952811e-07
rema,8.313063313952811e-07
kruger,8.313063313952811e-07
twomonth,8.313063313952811e-07
cbo,8.313063313952811e-07
wnn,8.313063313952811e-07
interestearn,8.313063313952811e-07
ojc,8.313063313952811e-07
homecountri,8.313063313952811e-07
prepost,8.313063313952811e-07
mwi,8.313063313952811e-07
psm,8.313063313952811e-07
desai,8.313063313952811e-07
efficien,8.313063313952811e-07
janusz,8.313063313952811e-07
fce,8.313063313952811e-07
netic,8.313063313952811e-07
rva,8.313063313952811e-07
locomot,8.313063313952811e-07
tito,8.313063313952811e-07
sart,8.313063313952811e-07
misperceiv,8.313063313952811e-07
aum,8.313063313952811e-07
dsdt,8.313063313952811e-07
preex,8.313063313952811e-07
circumflex,8.313063313952811e-07
wtm,8.313063313952811e-07
dixi,8.313063313952811e-07
legisla,8.313063313952811e-07
fullcapac,8.313063313952811e-07
estimatesa,8.313063313952811e-07
elabora,8.313063313952811e-07
unneed,8.313063313952811e-07
blunt,8.313063313952811e-07
classmat,8.313063313952811e-07
anticipat,8.313063313952811e-07
shmuel,8.313063313952811e-07
syr,8.313063313952811e-07
economyand,8.313063313952811e-07
barrio,8.313063313952811e-07
quaci,8.313063313952811e-07
dthe,8.313063313952811e-07
rico,8.313063313952811e-07
highord,8.313063313952811e-07
infiniteord,8.313063313952811e-07
beri,8.313063313952811e-07
wherej,8.313063313952811e-07
threeequat,8.313063313952811e-07
clz,8.313063313952811e-07
pesticid,8.313063313952811e-07
purchasingpowerpar,8.313063313952811e-07
mississippi,8.313063313952811e-07
fortnight,8.313063313952811e-07
steinar,8.313063313952811e-07
niv,8.313063313952811e-07
odditi,8.313063313952811e-07
eitc,8.313063313952811e-07
wilder,8.313063313952811e-07
mda,8.313063313952811e-07
saez,8.313063313952811e-07
dental,8.313063313952811e-07
mfn,8.313063313952811e-07
primat,8.313063313952811e-07
jcf,8.313063313952811e-07
sqt,8.313063313952811e-07
tgl,8.313063313952811e-07
varu,8.313063313952811e-07
bauxit,8.313063313952811e-07
nsw,8.313063313952811e-07
morten,8.313063313952811e-07
nondu,8.313063313952811e-07
constantino,8.313063313952811e-07
mick,8.313063313952811e-07
staterun,8.313063313952811e-07
catchup,8.313063313952811e-07
postschool,8.313063313952811e-07
ypr,8.313063313952811e-07
eeh,8.313063313952811e-07
realisti,8.313063313952811e-07
smax,8.313063313952811e-07
scad,8.313063313952811e-07
beliefbas,8.313063313952811e-07
sieper,8.313063313952811e-07
inin,8.313063313952811e-07
sandra,8.313063313952811e-07
suv,8.313063313952811e-07
takeitorleaveit,8.313063313952811e-07
nonmanu,8.313063313952811e-07
dtv,8.313063313952811e-07
firemen,8.313063313952811e-07
tcq,8.313063313952811e-07
iant,8.313063313952811e-07
vxv,8.313063313952811e-07
soccer,8.313063313952811e-07
rjm,8.313063313952811e-07
teammat,8.313063313952811e-07
wildlif,8.313063313952811e-07
highervalu,8.313063313952811e-07
xfn,8.313063313952811e-07
ycs,8.313063313952811e-07
volcker,8.313063313952811e-07
sorensen,8.313063313952811e-07
lifestyl,8.313063313952811e-07
marshalllern,8.313063313952811e-07
twoterm,8.313063313952811e-07
hilton,8.313063313952811e-07
checkabl,8.313063313952811e-07
chichest,8.313063313952811e-07
venci,8.313063313952811e-07
firmwid,8.313063313952811e-07
soren,8.313063313952811e-07
opb,8.313063313952811e-07
waver,8.313063313952811e-07
nonco,8.313063313952811e-07
premarket,8.313063313952811e-07
estimn,8.313063313952811e-07
formulari,8.313063313952811e-07
ixc,8.313063313952811e-07
shakeout,8.313063313952811e-07
salvator,8.313063313952811e-07
penalis,8.313063313952811e-07
utilitymaximis,8.313063313952811e-07
dtz,8.313063313952811e-07
iqk,8.313063313952811e-07
hypothesisthat,8.313063313952811e-07
nard,8.313063313952811e-07
ddm,8.313063313952811e-07
perva,8.313063313952811e-07
inar,8.313063313952811e-07
guin,8.313063313952811e-07
oliveira,8.313063313952811e-07
hassan,8.313063313952811e-07
ruttan,8.313063313952811e-07
usb,8.313063313952811e-07
tullio,8.313063313952811e-07
secondmo,8.313063313952811e-07
nvi,8.313063313952811e-07
citibank,8.313063313952811e-07
yitt,8.313063313952811e-07
underutilis,8.313063313952811e-07
trainer,8.313063313952811e-07
hashem,8.313063313952811e-07
dddd,8.313063313952811e-07
cva,8.313063313952811e-07
intrast,8.313063313952811e-07
lowin,8.313063313952811e-07
ufe,8.313063313952811e-07
countermeasur,8.313063313952811e-07
dya,8.313063313952811e-07
ftd,8.313063313952811e-07
abstractw,8.313063313952811e-07
olj,8.313063313952811e-07
bilbao,8.313063313952811e-07
swanson,8.313063313952811e-07
overpaid,8.313063313952811e-07
trou,8.313063313952811e-07
edelstein,8.313063313952811e-07
incentiv,8.313063313952811e-07
churn,8.313063313952811e-07
inaccu,8.313063313952811e-07
nicolson,8.313063313952811e-07
blast,8.313063313952811e-07
bundesbank,8.313063313952811e-07
tsay,8.313063313952811e-07
withinyear,8.313063313952811e-07
rean,8.313063313952811e-07
fledgl,8.313063313952811e-07
jian,8.313063313952811e-07
psw,8.313063313952811e-07
leftmost,8.313063313952811e-07
kyd,8.313063313952811e-07
aeit,8.313063313952811e-07
terdam,8.313063313952811e-07
consortium,8.313063313952811e-07
leiden,8.313063313952811e-07
onon,8.313063313952811e-07
prometheus,8.313063313952811e-07
predi,8.313063313952811e-07
refug,8.313063313952811e-07
alicant,8.313063313952811e-07
nico,8.313063313952811e-07
understudi,8.313063313952811e-07
shelf,8.313063313952811e-07
wellaccept,8.313063313952811e-07
shap,8.313063313952811e-07
anytim,8.313063313952811e-07
toma,8.313063313952811e-07
jill,8.313063313952811e-07
singlecountri,8.313063313952811e-07
beginningofyear,8.313063313952811e-07
sgt,8.313063313952811e-07
bhatia,8.313063313952811e-07
ddo,8.313063313952811e-07
drc,8.313063313952811e-07
dhs,8.313063313952811e-07
vpv,8.313063313952811e-07
bioeconom,8.313063313952811e-07
donic,8.313063313952811e-07
ikr,8.313063313952811e-07
bram,8.313063313952811e-07
zlb,8.313063313952811e-07
antr,8.313063313952811e-07
lpk,8.313063313952811e-07
anticompetit,8.313063313952811e-07
wlr,8.313063313952811e-07
bwa,8.313063313952811e-07
imsl,8.313063313952811e-07
nlm,8.313063313952811e-07
njk,8.313063313952811e-07
bundesamt,8.313063313952811e-07
harrodian,8.313063313952811e-07
jordi,8.313063313952811e-07
jaap,8.313063313952811e-07
veld,8.313063313952811e-07
filip,8.313063313952811e-07
cativ,8.313063313952811e-07
sund,8.313063313952811e-07
jesper,8.313063313952811e-07
leaveit,8.313063313952811e-07
nwi,8.313063313952811e-07
alln,8.313063313952811e-07
oilexport,8.313063313952811e-07
qbt,8.313063313952811e-07
nonspecif,8.313063313952811e-07
tad,8.313063313952811e-07
nkn,8.313063313952811e-07
fang,8.313063313952811e-07
nonperform,8.313063313952811e-07
standbi,8.313063313952811e-07
econz,8.313063313952811e-07
rok,8.313063313952811e-07
labordemand,8.313063313952811e-07
amam,8.313063313952811e-07
mrm,8.313063313952811e-07
broadbas,8.313063313952811e-07
ntf,8.313063313952811e-07
oph,8.313063313952811e-07
lockstep,8.313063313952811e-07
otx,8.313063313952811e-07
pjq,8.313063313952811e-07
bbs,8.313063313952811e-07
falloff,8.313063313952811e-07
matthia,8.313063313952811e-07
rosengren,8.313063313952811e-07
tlu,8.313063313952811e-07
suburb,8.313063313952811e-07
untrunc,8.313063313952811e-07
iliti,8.313063313952811e-07
dwn,8.313063313952811e-07
overin,8.313063313952811e-07
olw,8.313063313952811e-07
tailormad,8.313063313952811e-07
majori,8.313063313952811e-07
unsupport,8.313063313952811e-07
eru,8.313063313952811e-07
harmonis,8.313063313952811e-07
ooe,8.313063313952811e-07
indexa,8.313063313952811e-07
pum,8.313063313952811e-07
cohabit,8.313063313952811e-07
icontinu,8.313063313952811e-07
imc,8.313063313952811e-07
jacquelin,8.313063313952811e-07
nonrecipi,8.313063313952811e-07
effortless,8.313063313952811e-07
nontarget,8.313063313952811e-07
bork,8.313063313952811e-07
equationsa,8.313063313952811e-07
samnpl,8.313063313952811e-07
mwt,8.313063313952811e-07
unlist,8.313063313952811e-07
cwp,8.313063313952811e-07
mig,8.313063313952811e-07
dmr,8.313063313952811e-07
modernday,8.313063313952811e-07
zling,8.313063313952811e-07
interp,8.313063313952811e-07
multicol,8.313063313952811e-07
burt,8.313063313952811e-07
quantityweight,8.313063313952811e-07
theoris,8.313063313952811e-07
deadend,8.313063313952811e-07
ashen,8.313063313952811e-07
ytc,8.313063313952811e-07
reanalysi,8.313063313952811e-07
articu,8.313063313952811e-07
ivol,8.313063313952811e-07
lrj,8.313063313952811e-07
lso,8.313063313952811e-07
oen,8.313063313952811e-07
thth,8.313063313952811e-07
gib,8.313063313952811e-07
onefor,8.313063313952811e-07
nament,8.313063313952811e-07
diagno,8.313063313952811e-07
nonverifi,8.313063313952811e-07
regulari,8.313063313952811e-07
ies,8.313063313952811e-07
equilibriumth,8.313063313952811e-07
preemin,8.313063313952811e-07
centu,8.313063313952811e-07
rbl,8.313063313952811e-07
sient,8.313063313952811e-07
pedestrian,8.313063313952811e-07
physician,8.313063313952811e-07
jakarta,8.313063313952811e-07
interhousehold,8.313063313952811e-07
rse,8.313063313952811e-07
terregion,8.313063313952811e-07
therapi,8.313063313952811e-07
severin,8.313063313952811e-07
tilli,8.313063313952811e-07
enrolle,8.313063313952811e-07
estimand,8.313063313952811e-07
highestqu,8.313063313952811e-07
jwj,8.313063313952811e-07
inventorysal,8.313063313952811e-07
pejor,8.313063313952811e-07
soften,8.313063313952811e-07
capabil,8.313063313952811e-07
endofquart,8.313063313952811e-07
bateman,8.313063313952811e-07
hnd,8.313063313952811e-07
jeanmari,8.313063313952811e-07
disem,8.313063313952811e-07
coeffic,8.313063313952811e-07
dollarpound,8.313063313952811e-07
ejm,8.313063313952811e-07
liani,8.313063313952811e-07
willpow,8.313063313952811e-07
felter,8.313063313952811e-07
eryon,8.313063313952811e-07
srensen,8.313063313952811e-07
nonfuel,8.313063313952811e-07
qut,8.313063313952811e-07
fondazion,8.313063313952811e-07
norwel,8.313063313952811e-07
ncc,8.313063313952811e-07
misin,8.313063313952811e-07
nga,8.313063313952811e-07
extrap,8.313063313952811e-07
overburden,8.313063313952811e-07
sundri,8.313063313952811e-07
wca,8.313063313952811e-07
crosscultur,8.313063313952811e-07
multiparti,8.313063313952811e-07
xxu,8.313063313952811e-07
jic,8.313063313952811e-07
thogon,8.313063313952811e-07
cvd,8.313063313952811e-07
mug,8.313063313952811e-07
orh,8.313063313952811e-07
eros,8.313063313952811e-07
constantpric,8.313063313952811e-07
ltc,8.313063313952811e-07
methodolo,8.313063313952811e-07
daytoday,8.313063313952811e-07
pnv,8.313063313952811e-07
giavazzi,8.313063313952811e-07
simler,8.313063313952811e-07
environmen,8.313063313952811e-07
atif,8.313063313952811e-07
lowestrank,8.313063313952811e-07
goran,8.313063313952811e-07
iila,8.313063313952811e-07
faso,8.313063313952811e-07
francesca,8.313063313952811e-07
patti,8.313063313952811e-07
unquestion,8.313063313952811e-07
pdn,8.313063313952811e-07
subnat,8.313063313952811e-07
monetarili,8.313063313952811e-07
hypothesis,8.313063313952811e-07
debtasset,8.313063313952811e-07
reclaim,8.313063313952811e-07
effectsth,8.313063313952811e-07
constantsum,8.313063313952811e-07
moreira,8.313063313952811e-07
deterio,8.313063313952811e-07
msl,8.313063313952811e-07
bolt,8.313063313952811e-07
bler,8.313063313952811e-07
unleash,8.313063313952811e-07
hyperparamet,8.313063313952811e-07
garch,8.313063313952811e-07
sass,8.313063313952811e-07
orthodoxi,8.313063313952811e-07
wtnt,8.313063313952811e-07
maier,8.313063313952811e-07
adriano,8.313063313952811e-07
lieberman,8.313063313952811e-07
spiro,8.313063313952811e-07
mara,8.313063313952811e-07
tella,8.313063313952811e-07
fant,8.313063313952811e-07
blejer,8.313063313952811e-07
sulat,8.313063313952811e-07
fiona,8.313063313952811e-07
leftwich,8.313063313952811e-07
shouyong,8.313063313952811e-07
cohes,8.313063313952811e-07
nanak,8.313063313952811e-07
overreject,8.313063313952811e-07
brasileira,8.313063313952811e-07
pijt,8.313063313952811e-07
inframargin,8.313063313952811e-07
orgarticl,8.313063313952811e-07
tsoungchao,8.313063313952811e-07
vcg,8.313063313952811e-07
zha,8.313063313952811e-07
offtheshelf,8.313063313952811e-07
similari,8.313063313952811e-07
veracierto,8.313063313952811e-07
eisfeldt,8.313063313952811e-07
fixedr,8.313063313952811e-07
botticini,8.313063313952811e-07
lowdemand,8.313063313952811e-07
elic,8.313063313952811e-07
asiapacif,8.313063313952811e-07
cointegra,8.313063313952811e-07
lowerpay,8.313063313952811e-07
rso,8.313063313952811e-07
onequarterahead,8.313063313952811e-07
garleanu,8.313063313952811e-07
moth,8.313063313952811e-07
msp,8.313063313952811e-07
computerbas,8.313063313952811e-07
slump,8.313063313952811e-07
throughput,8.313063313952811e-07
vicent,8.313063313952811e-07
chal,8.313063313952811e-07
hersh,8.313063313952811e-07
duckworth,8.313063313952811e-07
lfc,8.313063313952811e-07
rmb,8.313063313952811e-07
blackbox,8.313063313952811e-07
unionis,8.313063313952811e-07
mbi,8.313063313952811e-07
singlepeaked,8.313063313952811e-07
stateoftheart,8.313063313952811e-07
averagecost,8.313063313952811e-07
cergeei,8.313063313952811e-07
factorcost,8.313063313952811e-07
icpsr,8.313063313952811e-07
scatterplot,8.313063313952811e-07
mainfram,8.313063313952811e-07
intergen,8.313063313952811e-07
lagunoff,8.313063313952811e-07
doiaer,8.313063313952811e-07
vicki,8.313063313952811e-07
dixitstiglitz,8.313063313952811e-07
lael,8.313063313952811e-07
microelectron,8.313063313952811e-07
hhs,8.313063313952811e-07
bellj,8.313063313952811e-07
politicaleconom,8.313063313952811e-07
amc,8.313063313952811e-07
untruth,8.313063313952811e-07
growthjp,8.313063313952811e-07
secondtolast,8.313063313952811e-07
withinsubject,8.313063313952811e-07
bilat,8.313063313952811e-07
longitu,8.313063313952811e-07
yist,8.313063313952811e-07
peterian,8.313063313952811e-07
capitalabund,8.313063313952811e-07
christin,8.313063313952811e-07
predisplac,8.313063313952811e-07
royalti,8.313063313952811e-07
harvardedu,8.313063313952811e-07
journa,8.313063313952811e-07
satyajit,8.313063313952811e-07
modelfre,8.313063313952811e-07
combat,8.313063313952811e-07
lbo,8.313063313952811e-07
lossavers,8.313063313952811e-07
previousperiod,8.313063313952811e-07
overfit,8.313063313952811e-07
oechssler,8.313063313952811e-07
eurodollar,8.313063313952811e-07
parsimo,8.313063313952811e-07
quadrini,8.313063313952811e-07
hau,8.313063313952811e-07
speedi,8.313063313952811e-07
cuddington,8.313063313952811e-07
laboraug,8.313063313952811e-07
bino,8.313063313952811e-07
tuce,8.313063313952811e-07
cleanest,8.313063313952811e-07
singleindex,8.313063313952811e-07
labourintens,8.313063313952811e-07
insead,8.313063313952811e-07
rvalu,8.313063313952811e-07
rowman,8.313063313952811e-07
digm,8.313063313952811e-07
pentium,8.313063313952811e-07
ebert,8.313063313952811e-07
httpdxdoiorgaerl,8.313063313952811e-07
shachar,8.313063313952811e-07
fdc,8.313063313952811e-07
mirrorimag,8.313063313952811e-07
soe,8.313063313952811e-07
sucker,8.313063313952811e-07
rightcensor,8.313063313952811e-07
zimmer,8.313063313952811e-07
ltu,8.313063313952811e-07
mariann,8.313063313952811e-07
guth,8.313063313952811e-07
fwx,8.313063313952811e-07
temic,8.313063313952811e-07
alnl,8.313063313952811e-07
macroecono,8.313063313952811e-07
espen,8.313063313952811e-07
jcm,8.313063313952811e-07
sek,8.313063313952811e-07
pasteur,8.313063313952811e-07
goodspecif,8.313063313952811e-07
californiasan,8.313063313952811e-07
qstatist,8.313063313952811e-07
kletzer,8.313063313952811e-07
fuden,8.313063313952811e-07
plateaus,8.313063313952811e-07
vea,8.313063313952811e-07
statusquo,8.313063313952811e-07
stituenc,8.313063313952811e-07
ooz,8.313063313952811e-07
gine,8.313063313952811e-07
chunk,8.313063313952811e-07
ofliv,8.313063313952811e-07
worseoff,8.313063313952811e-07
nrj,8.313063313952811e-07
nonincom,8.313063313952811e-07
noncommit,8.313063313952811e-07
emphasiz,8.313063313952811e-07
ument,8.313063313952811e-07
lch,8.313063313952811e-07
croix,8.313063313952811e-07
himher,8.313063313952811e-07
paarsch,8.313063313952811e-07
gdr,8.313063313952811e-07
pfh,8.313063313952811e-07
giith,8.313063313952811e-07
oneoff,8.313063313952811e-07
aluminum,8.313063313952811e-07
hrner,8.313063313952811e-07
skrzypacz,8.313063313952811e-07
offpath,8.313063313952811e-07
vcm,8.313063313952811e-07
seaboard,8.313063313952811e-07
macmil,8.313063313952811e-07
vwl,8.313063313952811e-07
joural,8.313063313952811e-07
tribun,8.313063313952811e-07
jag,8.313063313952811e-07
nonmono,8.313063313952811e-07
fastestgrow,8.313063313952811e-07
biotech,8.313063313952811e-07
oftcit,8.313063313952811e-07
totowa,8.313063313952811e-07
hardwir,8.313063313952811e-07
themodel,8.313063313952811e-07
menucost,8.313063313952811e-07
misbehavior,8.313063313952811e-07
oml,8.313063313952811e-07
httpwwwaeaweborgarticl,8.313063313952811e-07
mdm,8.313063313952811e-07
predatori,8.313063313952811e-07
coop,8.313063313952811e-07
flagship,8.313063313952811e-07
saxonhous,8.313063313952811e-07
sdfs,8.313063313952811e-07
singledimension,8.313063313952811e-07
rdj,8.313063313952811e-07
ldot,8.313063313952811e-07
invali,8.313063313952811e-07
wildasin,8.313063313952811e-07
proflig,8.313063313952811e-07
nearzero,8.313063313952811e-07
montmarquett,8.313063313952811e-07
cagetti,8.313063313952811e-07
realbusinesscycl,8.313063313952811e-07
upwardbias,8.313063313952811e-07
cmsem,8.313063313952811e-07
deangelo,8.313063313952811e-07
hajivassiliou,8.313063313952811e-07
ggt,8.313063313952811e-07
semistrong,8.313063313952811e-07
roley,8.313063313952811e-07
usaid,8.313063313952811e-07
withinsampl,8.313063313952811e-07
oilpric,8.313063313952811e-07
debra,8.313063313952811e-07
rhd,8.313063313952811e-07
leng,8.313063313952811e-07
parenth,8.313063313952811e-07
miravet,8.313063313952811e-07
epanechnikov,8.313063313952811e-07
crei,8.313063313952811e-07
pamela,8.313063313952811e-07
crossnat,8.313063313952811e-07
unclassifi,8.313063313952811e-07
viscusi,8.313063313952811e-07
manytoon,8.313063313952811e-07
shane,8.313063313952811e-07
ailment,8.313063313952811e-07
tschirhart,8.313063313952811e-07
karlan,8.313063313952811e-07
ssrn,8.313063313952811e-07
lanka,8.313063313952811e-07
xing,8.313063313952811e-07
fixtur,8.313063313952811e-07
zeira,8.313063313952811e-07
prepaid,8.313063313952811e-07
intercon,8.313063313952811e-07
incompleteinform,8.313063313952811e-07
bioscienc,8.313063313952811e-07
squareroot,8.313063313952811e-07
tauman,8.313063313952811e-07
psid,8.313063313952811e-07
nonhomo,8.313063313952811e-07
imageri,8.313063313952811e-07
iviv,8.313063313952811e-07
airport,8.313063313952811e-07
lowwealth,8.313063313952811e-07
dartboard,8.313063313952811e-07
httpdx,8.313063313952811e-07
nondictatori,8.313063313952811e-07
erzo,8.313063313952811e-07
mcgrattan,8.313063313952811e-07
yacin,8.313063313952811e-07
heteroscedasticityconsist,8.313063313952811e-07
leuven,8.313063313952811e-07
altman,8.313063313952811e-07
commission,8.313063313952811e-07
bod,8.313063313952811e-07
ennio,8.313063313952811e-07
polaris,8.313063313952811e-07
plosser,8.313063313952811e-07
dropoff,8.313063313952811e-07
crossvalid,8.313063313952811e-07
biascorrect,8.313063313952811e-07
rno,8.313063313952811e-07
ucsb,8.313063313952811e-07
terfactu,8.313063313952811e-07
spousal,8.313063313952811e-07
afqt,8.313063313952811e-07
cesifo,8.313063313952811e-07
aytl,8.313063313952811e-07
vinod,8.313063313952811e-07
schmittgroh,8.313063313952811e-07
tabellini,8.313063313952811e-07
cobbdoug,8.313063313952811e-07
beij,8.313063313952811e-07
differenceindiffer,8.313063313952811e-07
lowerright,8.313063313952811e-07
bisin,8.313063313952811e-07
economicjourn,8.313063313952811e-07
panzar,8.313063313952811e-07
unbi,8.313063313952811e-07
mirko,8.313063313952811e-07
chaim,8.313063313952811e-07
jagdish,8.313063313952811e-07
antibiot,8.313063313952811e-07
ghana,8.313063313952811e-07
efraim,8.313063313952811e-07
brickley,8.313063313952811e-07
politicaleconomi,8.313063313952811e-07
vwj,8.313063313952811e-07
peaktotrough,8.313063313952811e-07
iain,8.313063313952811e-07
healthcar,8.313063313952811e-07
adata,8.313063313952811e-07
rlj,8.313063313952811e-07
zew,8.313063313952811e-07
fray,8.313063313952811e-07
medicaid,8.313063313952811e-07
dka,8.313063313952811e-07
romant,8.313063313952811e-07
lewiss,8.313063313952811e-07
fixedeffect,8.313063313952811e-07
corden,8.313063313952811e-07
mismea,8.313063313952811e-07
crew,8.313063313952811e-07
misspecifica,8.313063313952811e-07
arvind,8.313063313952811e-07
prucha,8.313063313952811e-07
arora,8.313063313952811e-07
mechanismdesign,8.313063313952811e-07
nsl,8.313063313952811e-07
maya,8.313063313952811e-07
asymmetricinform,8.313063313952811e-07
buyback,8.313063313952811e-07
lizzeri,8.313063313952811e-07
gical,8.313063313952811e-07
qkj,8.313063313952811e-07
typedepend,8.313063313952811e-07
disclo,8.313063313952811e-07
marit,8.313063313952811e-07
leff,8.313063313952811e-07
frd,8.313063313952811e-07
hali,8.313063313952811e-07
costagom,8.313063313952811e-07
fstat,8.313063313952811e-07
marcelo,8.313063313952811e-07
wvv,8.313063313952811e-07
searchmatch,8.313063313952811e-07
tumn,8.313063313952811e-07
secondhighest,8.313063313952811e-07
omittedvari,8.313063313952811e-07
szeidl,8.313063313952811e-07
poksang,8.313063313952811e-07
kristin,8.313063313952811e-07
primeag,8.313063313952811e-07
hodrickprescott,8.313063313952811e-07
backcast,8.313063313952811e-07
countercyc,8.313063313952811e-07
recept,8.313063313952811e-07
ymptotic,8.313063313952811e-07
renegotiationproof,8.313063313952811e-07
backoftheenvelop,8.313063313952811e-07
strathclyd,8.313063313952811e-07
ballpark,8.313063313952811e-07
finitesampl,8.313063313952811e-07
dgps,8.313063313952811e-07
limiteddepend,8.313063313952811e-07
zaf,8.313063313952811e-07
zmb,8.313063313952811e-07
californiairvin,8.313063313952811e-07
clamor,8.313063313952811e-07
eroskedast,8.313063313952811e-07
qre,8.313063313952811e-07
presampl,8.313063313952811e-07
aphor,8.313063313952811e-07
tronic,8.313063313952811e-07
berdecemb,8.313063313952811e-07
igal,8.313063313952811e-07
highprofil,8.313063313952811e-07
unant,8.313063313952811e-07
vietnames,8.313063313952811e-07
yoe,8.313063313952811e-07
sanjay,8.313063313952811e-07
montral,8.313063313952811e-07
chassang,8.313063313952811e-07
rsquar,8.313063313952811e-07
cdrom,8.313063313952811e-07
bailli,8.313063313952811e-07
bfa,8.313063313952811e-07
highend,8.313063313952811e-07
comorbid,8.313063313952811e-07
bronwyn,8.313063313952811e-07
heterosceda,8.313063313952811e-07
triad,8.313063313952811e-07
orthogo,8.313063313952811e-07
growthaccount,8.313063313952811e-07
twoday,8.313063313952811e-07
notese,8.313063313952811e-07
scaledup,8.313063313952811e-07
feenberg,8.313063313952811e-07
werent,8.313063313952811e-07
aldershot,8.313063313952811e-07
interlink,8.313063313952811e-07
concentrat,8.313063313952811e-07
counterf,8.313063313952811e-07
quasidifferenc,8.313063313952811e-07
notestandard,8.313063313952811e-07
download,8.313063313952811e-07
establishmentlevel,8.313063313952811e-07
zeroinfl,8.313063313952811e-07
assaf,8.313063313952811e-07
fernandezvillaverd,8.313063313952811e-07
preindustri,8.313063313952811e-07
plos,8.313063313952811e-07
countryspecif,8.313063313952811e-07
strati,8.313063313952811e-07
tilman,8.313063313952811e-07
screw,8.313063313952811e-07
nonstrateg,8.313063313952811e-07
xfr,8.313063313952811e-07
hoj,8.313063313952811e-07
bnabou,8.313063313952811e-07
trajtenberg,8.313063313952811e-07
pravin,8.313063313952811e-07
tabi,8.313063313952811e-07
egor,8.313063313952811e-07
limdep,8.313063313952811e-07
repullo,8.313063313952811e-07
calomiri,8.313063313952811e-07
oligopsoni,8.313063313952811e-07
redistrib,8.313063313952811e-07
calculat,8.313063313952811e-07
timetobuild,8.313063313952811e-07
inputout,8.313063313952811e-07
modelbas,8.313063313952811e-07
anil,8.313063313952811e-07
matsushima,8.313063313952811e-07
torcuato,8.313063313952811e-07
mishkin,8.313063313952811e-07
almarin,8.313063313952811e-07
sentana,8.313063313952811e-07
sitc,8.313063313952811e-07
secondgener,8.313063313952811e-07
whop,8.313063313952811e-07
timeintens,8.313063313952811e-07
percentagepoint,8.313063313952811e-07
ligibl,8.313063313952811e-07
vissingjorgensen,8.313063313952811e-07
regionspecif,8.313063313952811e-07
outsourc,8.313063313952811e-07
offit,8.313063313952811e-07
lawmak,8.313063313952811e-07
intraeuropean,8.313063313952811e-07
resili,8.313063313952811e-07
sover,8.313063313952811e-07
illu,8.313063313952811e-07
fitzgerald,8.313063313952811e-07
lad,8.313063313952811e-07
cuit,8.313063313952811e-07
monnet,8.313063313952811e-07
fortynin,8.313063313952811e-07
thirtyon,8.313063313952811e-07
leningrad,8.313063313952811e-07
substandard,8.313063313952811e-07
marqui,8.313063313952811e-07
macaulay,8.313063313952811e-07
nualli,8.313063313952811e-07
vorabl,8.313063313952811e-07
agegroup,8.313063313952811e-07
malign,8.313063313952811e-07
equanim,8.313063313952811e-07
untidi,8.313063313952811e-07
predec,8.313063313952811e-07
lenient,8.313063313952811e-07
bett,8.313063313952811e-07
denom,8.313063313952811e-07
comer,8.313063313952811e-07
praisal,8.313063313952811e-07
thirtytwo,8.313063313952811e-07
hom,8.313063313952811e-07
maiden,8.313063313952811e-07
framer,8.313063313952811e-07
selforgan,8.313063313952811e-07
ghosh,8.313063313952811e-07
sanit,8.313063313952811e-07
vertibl,8.313063313952811e-07
oversubscrib,8.313063313952811e-07
appropria,8.313063313952811e-07
maci,8.313063313952811e-07
nonindustri,8.313063313952811e-07
gallup,8.313063313952811e-07
grab,8.313063313952811e-07
willem,8.313063313952811e-07
utter,8.313063313952811e-07
overlay,8.313063313952811e-07
inkl,8.313063313952811e-07
sene,8.313063313952811e-07
contracept,8.313063313952811e-07
lofti,8.313063313952811e-07
depopul,8.313063313952811e-07
nerv,8.313063313952811e-07
rece,8.313063313952811e-07
unend,8.313063313952811e-07
spindl,8.313063313952811e-07
middlesex,8.313063313952811e-07
ardent,8.313063313952811e-07
unsmooth,8.313063313952811e-07
broadcast,8.313063313952811e-07
kondratieff,8.313063313952811e-07
eisen,8.313063313952811e-07
tandem,8.313063313952811e-07
blakiston,8.313063313952811e-07
bno,8.313063313952811e-07
coeff,8.313063313952811e-07
ruhr,8.313063313952811e-07
premarit,8.313063313952811e-07
crat,8.313063313952811e-07
parttim,8.313063313952811e-07
damn,8.313063313952811e-07
abdul,8.313063313952811e-07
slacken,8.313063313952811e-07
retaliatori,8.313063313952811e-07
anon,8.313063313952811e-07
nise,8.313063313952811e-07
frieden,8.313063313952811e-07
laboursav,8.313063313952811e-07
evict,8.313063313952811e-07
abbr,8.313063313952811e-07
intensi,8.313063313952811e-07
deceiv,8.313063313952811e-07
noneconomist,8.313063313952811e-07
weidenfeld,8.313063313952811e-07
confiscatori,8.313063313952811e-07
oooooooooo,8.313063313952811e-07
sparkl,8.313063313952811e-07
ooii,8.313063313952811e-07
oiii,8.313063313952811e-07
sha,8.313063313952811e-07
goodsth,8.313063313952811e-07
thew,8.313063313952811e-07
shoemak,8.313063313952811e-07
presump,8.313063313952811e-07
ficanc,8.313063313952811e-07
chequ,8.313063313952811e-07
emerson,8.313063313952811e-07
newcom,8.313063313952811e-07
genus,8.313063313952811e-07
vivo,8.313063313952811e-07
woollen,8.313063313952811e-07
inheri,8.313063313952811e-07
pld,8.313063313952811e-07
timehonor,8.313063313952811e-07
highrank,8.313063313952811e-07
sizea,8.313063313952811e-07
unpaid,8.313063313952811e-07
siebeck,8.313063313952811e-07
reputa,8.313063313952811e-07
seymour,8.313063313952811e-07
shire,8.313063313952811e-07
belt,8.313063313952811e-07
blade,8.313063313952811e-07
sistant,8.313063313952811e-07
prekeynesian,8.313063313952811e-07
postag,8.313063313952811e-07
ciproc,8.313063313952811e-07
unilat,8.313063313952811e-07
longstaff,8.313063313952811e-07
tissu,8.313063313952811e-07
goric,8.313063313952811e-07
countrysid,8.313063313952811e-07
landlord,8.313063313952811e-07
fallibl,8.313063313952811e-07
manifesto,8.313063313952811e-07
fifteenth,8.313063313952811e-07
thirteenth,8.313063313952811e-07
thomp,8.313063313952811e-07
emori,8.313063313952811e-07
weld,8.313063313952811e-07
avalanch,8.313063313952811e-07
varlog,8.313063313952811e-07
lila,8.313063313952811e-07
midi,8.313063313952811e-07
sau,8.313063313952811e-07
nmore,8.313063313952811e-07
varnish,8.313063313952811e-07
ridder,8.313063313952811e-07
assidu,8.313063313952811e-07
timesav,8.313063313952811e-07
illadvis,8.313063313952811e-07
cutter,8.313063313952811e-07
hann,8.313063313952811e-07
longperiod,8.313063313952811e-07
rebuild,8.313063313952811e-07
wolfer,8.313063313952811e-07
lorenzo,8.313063313952811e-07
pristin,8.313063313952811e-07
chusett,8.313063313952811e-07
unforese,8.313063313952811e-07
agronom,8.313063313952811e-07
encyclopaedia,8.313063313952811e-07
semiskil,8.313063313952811e-07
marketlevel,8.313063313952811e-07
precon,8.313063313952811e-07
spectr,8.313063313952811e-07
franklyn,8.313063313952811e-07
pede,8.313063313952811e-07
pagano,8.313063313952811e-07
oversuppli,8.313063313952811e-07
gall,8.313063313952811e-07
mism,8.313063313952811e-07
tide,8.313063313952811e-07
nonroutin,8.313063313952811e-07
ramifi,8.313063313952811e-07
onslaught,8.313063313952811e-07
greenfield,8.313063313952811e-07
dahl,8.313063313952811e-07
dentistri,8.313063313952811e-07
haggl,8.313063313952811e-07
thresh,8.313063313952811e-07
delega,8.313063313952811e-07
detent,8.313063313952811e-07
closet,8.313063313952811e-07
glazer,8.313063313952811e-07
indifferencecurv,8.313063313952811e-07
prejudg,8.313063313952811e-07
nationst,8.313063313952811e-07
publicpriv,8.313063313952811e-07
periph,8.313063313952811e-07
vietnam,8.313063313952811e-07
alphabet,8.313063313952811e-07
sympathi,8.313063313952811e-07
librat,8.313063313952811e-07
rican,8.313063313952811e-07
tcd,8.313063313952811e-07
dupont,8.313063313952811e-07
prolif,8.313063313952811e-07
quiz,8.313063313952811e-07
ggo,8.313063313952811e-07
simu,8.313063313952811e-07
hsh,8.313063313952811e-07
centralis,8.313063313952811e-07
socialwelfar,8.313063313952811e-07
authoris,8.313063313952811e-07
collu,8.313063313952811e-07
unimpress,8.313063313952811e-07
capric,8.313063313952811e-07
sobr,8.313063313952811e-07
abramson,8.313063313952811e-07
midrang,8.313063313952811e-07
exchanger,8.313063313952811e-07
punctuat,8.313063313952811e-07
gleichgewicht,8.313063313952811e-07
estado,8.313063313952811e-07
rejec,8.313063313952811e-07
vicious,8.313063313952811e-07
biometrica,8.313063313952811e-07
ohn,8.313063313952811e-07
palli,8.313063313952811e-07
sori,8.313063313952811e-07
disobey,8.313063313952811e-07
registra,8.313063313952811e-07
lowvalu,8.313063313952811e-07
informationgath,8.313063313952811e-07
encom,8.313063313952811e-07
inevi,8.313063313952811e-07
comi,8.313063313952811e-07
houghtonmifflin,8.313063313952811e-07
painless,8.313063313952811e-07
ticehal,8.313063313952811e-07
seriatim,8.313063313952811e-07
veer,8.313063313952811e-07
lessor,8.313063313952811e-07
mainlin,8.313063313952811e-07
predom,8.313063313952811e-07
tionth,8.313063313952811e-07
freud,8.313063313952811e-07
nunmber,8.313063313952811e-07
unchart,8.313063313952811e-07
gentl,8.313063313952811e-07
dling,8.313063313952811e-07
littlefield,8.313063313952811e-07
unknow,8.313063313952811e-07
nurtur,8.313063313952811e-07
unreserv,8.313063313952811e-07
crossfirm,8.313063313952811e-07
debacl,8.313063313952811e-07
disincen,8.313063313952811e-07
dinarili,8.313063313952811e-07
accompa,8.313063313952811e-07
fifteenyear,8.313063313952811e-07
advi,8.313063313952811e-07
costpush,8.313063313952811e-07
nonnegoti,8.313063313952811e-07
cist,8.313063313952811e-07
liqui,8.313063313952811e-07
rtw,8.313063313952811e-07
nontax,8.313063313952811e-07
bail,8.313063313952811e-07
orlando,8.313063313952811e-07
abstrus,8.313063313952811e-07
arrear,8.313063313952811e-07
wagebil,8.313063313952811e-07
exegesi,8.313063313952811e-07
incomegener,8.313063313952811e-07
heel,8.313063313952811e-07
broach,8.313063313952811e-07
byyear,8.313063313952811e-07
chic,8.313063313952811e-07
rdsale,8.313063313952811e-07
concili,8.313063313952811e-07
detri,8.313063313952811e-07
quiet,8.313063313952811e-07
mario,8.313063313952811e-07
loanabl,8.313063313952811e-07
rebellion,8.313063313952811e-07
heret,8.313063313952811e-07
gator,8.313063313952811e-07
jrgen,8.313063313952811e-07
sverig,8.313063313952811e-07
sistema,8.313063313952811e-07
prowess,8.313063313952811e-07
edl,8.313063313952811e-07
reddi,8.313063313952811e-07
phoenix,8.313063313952811e-07
repercus,8.313063313952811e-07
mintz,8.313063313952811e-07
hearten,8.313063313952811e-07
loyola,8.313063313952811e-07
svn,8.313063313952811e-07
noti,8.313063313952811e-07
dyna,8.313063313952811e-07
footbal,8.313063313952811e-07
whitman,8.313063313952811e-07
colloqui,8.313063313952811e-07
wouldnt,8.313063313952811e-07
nwe,8.313063313952811e-07
rateand,8.313063313952811e-07
zurcher,8.313063313952811e-07
dormant,8.313063313952811e-07
mcleod,8.313063313952811e-07
ormerod,8.313063313952811e-07
microfilm,8.313063313952811e-07
barrag,8.313063313952811e-07
pior,8.313063313952811e-07
occa,8.313063313952811e-07
grievanc,8.313063313952811e-07
foretel,8.313063313952811e-07
rubric,8.313063313952811e-07
vocal,8.313063313952811e-07
transatlant,8.313063313952811e-07
outburst,8.313063313952811e-07
victori,8.313063313952811e-07
exec,8.313063313952811e-07
unsophist,8.313063313952811e-07
storey,8.313063313952811e-07
roper,8.313063313952811e-07
frailti,8.313063313952811e-07
autom,8.313063313952811e-07
joyc,8.313063313952811e-07
unaffili,8.313063313952811e-07
sympa,8.313063313952811e-07
imposi,8.313063313952811e-07
cidenc,8.313063313952811e-07
debas,8.313063313952811e-07
src,8.313063313952811e-07
noncommerci,8.313063313952811e-07
abhorr,8.313063313952811e-07
unjust,8.313063313952811e-07
tubingen,8.313063313952811e-07
dernburg,8.313063313952811e-07
tradeth,8.313063313952811e-07
infrastruc,8.313063313952811e-07
illiteraci,8.313063313952811e-07
bibl,8.313063313952811e-07
sda,8.313063313952811e-07
payasyougo,8.313063313952811e-07
spun,8.313063313952811e-07
plaza,8.313063313952811e-07
laborinput,8.313063313952811e-07
postmerg,8.313063313952811e-07
lous,8.313063313952811e-07
smc,8.313063313952811e-07
nonmemb,8.313063313952811e-07
golf,8.313063313952811e-07
spearman,8.313063313952811e-07
cloudi,8.313063313952811e-07
greet,8.313063313952811e-07
grati,8.313063313952811e-07
viktor,8.313063313952811e-07
leftist,8.313063313952811e-07
sher,8.313063313952811e-07
supremaci,8.313063313952811e-07
linger,8.313063313952811e-07
moe,8.313063313952811e-07
sailor,8.313063313952811e-07
noncorpor,8.313063313952811e-07
rox,8.313063313952811e-07
rasmussen,8.313063313952811e-07
ned,8.313063313952811e-07
selfhelp,8.313063313952811e-07
humani,8.313063313952811e-07
asquith,8.313063313952811e-07
counten,8.313063313952811e-07
lenin,8.313063313952811e-07
incontrovert,8.313063313952811e-07
icf,8.313063313952811e-07
distil,8.313063313952811e-07
emptor,8.313063313952811e-07
juggl,8.313063313952811e-07
orienta,8.313063313952811e-07
buch,8.313063313952811e-07
rhine,8.313063313952811e-07
produ,8.313063313952811e-07
curl,8.313063313952811e-07
sofar,8.313063313952811e-07
steelwork,8.313063313952811e-07
esr,8.313063313952811e-07
terrenc,8.313063313952811e-07
percen,8.313063313952811e-07
forbad,8.313063313952811e-07
jain,8.313063313952811e-07
undecid,8.313063313952811e-07
drove,8.313063313952811e-07
ocf,8.313063313952811e-07
slogan,8.313063313952811e-07
baer,8.313063313952811e-07
toon,8.313063313952811e-07
paradis,8.313063313952811e-07
tnc,8.313063313952811e-07
rack,8.313063313952811e-07
contraven,8.313063313952811e-07
apprentic,8.313063313952811e-07
selfcorrect,8.313063313952811e-07
ageincom,8.313063313952811e-07
quickest,8.313063313952811e-07
johann,8.313063313952811e-07
connolli,8.313063313952811e-07
shroud,8.313063313952811e-07
haley,8.313063313952811e-07
hundredth,8.313063313952811e-07
entrust,8.313063313952811e-07
homemad,8.313063313952811e-07
slippag,8.313063313952811e-07
toil,8.313063313952811e-07
fhe,8.313063313952811e-07
merchan,8.313063313952811e-07
kroner,8.313063313952811e-07
oioo,8.313063313952811e-07
sherri,8.313063313952811e-07
depositor,8.313063313952811e-07
teeth,8.313063313952811e-07
erupt,8.313063313952811e-07
compro,8.313063313952811e-07
martha,8.313063313952811e-07
wellpaid,8.313063313952811e-07
napl,8.313063313952811e-07
nijhoff,8.313063313952811e-07
vene,8.313063313952811e-07
primar,8.313063313952811e-07
volkswirtschaft,8.313063313952811e-07
greensboro,8.313063313952811e-07
westfield,8.313063313952811e-07
kunz,8.313063313952811e-07
subcom,8.313063313952811e-07
sixtyf,8.313063313952811e-07
justin,8.313063313952811e-07
gms,8.313063313952811e-07
betti,8.313063313952811e-07
kilo,8.313063313952811e-07
petro,8.313063313952811e-07
ciabli,8.313063313952811e-07
gruen,8.313063313952811e-07
duncker,8.313063313952811e-07
fash,8.313063313952811e-07
vom,8.313063313952811e-07
weir,8.313063313952811e-07
twoweek,8.313063313952811e-07
delud,8.313063313952811e-07
halbert,8.313063313952811e-07
testi,8.313063313952811e-07
erg,8.313063313952811e-07
dowd,8.313063313952811e-07
itth,8.313063313952811e-07
rowan,8.313063313952811e-07
cthe,8.313063313952811e-07
mortim,8.313063313952811e-07
blacksburg,8.313063313952811e-07
policyinduc,8.313063313952811e-07
gineer,8.313063313952811e-07
robot,8.313063313952811e-07
agen,8.313063313952811e-07
vincenzo,8.313063313952811e-07
holi,8.313063313952811e-07
jayn,8.313063313952811e-07
olga,8.313063313952811e-07
mitch,8.313063313952811e-07
atkin,8.313063313952811e-07
eton,8.313063313952811e-07
klemper,8.313063313952811e-07
alison,8.313063313952811e-07
memoranda,8.313063313952811e-07
kobayashi,8.313063313952811e-07
proletariat,8.313063313952811e-07
imbu,8.313063313952811e-07
flash,8.313063313952811e-07
hooper,8.313063313952811e-07
pedigre,8.313063313952811e-07
indisput,8.313063313952811e-07
sche,8.313063313952811e-07
niehaus,8.313063313952811e-07
kodak,8.313063313952811e-07
gian,8.313063313952811e-07
cyn,8.313063313952811e-07
disfavor,8.313063313952811e-07
renault,8.313063313952811e-07
nestor,8.313063313952811e-07
markusen,8.313063313952811e-07
hicl,8.313063313952811e-07
viet,8.313063313952811e-07
urat,8.313063313952811e-07
laird,8.313063313952811e-07
brighton,8.313063313952811e-07
sapir,8.313063313952811e-07
garth,8.313063313952811e-07
induistri,8.313063313952811e-07
bane,8.313063313952811e-07
prosecut,8.313063313952811e-07
scranton,8.313063313952811e-07
phraseolog,8.313063313952811e-07
preciabl,8.313063313952811e-07
mich,8.313063313952811e-07
nish,8.313063313952811e-07
discomfort,8.313063313952811e-07
pricesth,8.313063313952811e-07
threepoint,8.313063313952811e-07
delib,8.313063313952811e-07
coerciv,8.313063313952811e-07
dundant,8.313063313952811e-07
unencumb,8.313063313952811e-07
inconvert,8.313063313952811e-07
thoriz,8.313063313952811e-07
unprotect,8.313063313952811e-07
frus,8.313063313952811e-07
imprint,8.313063313952811e-07
thirtyfour,8.313063313952811e-07
dolbear,8.313063313952811e-07
messeng,8.313063313952811e-07
victorian,8.313063313952811e-07
development,8.313063313952811e-07
orien,8.313063313952811e-07
resound,8.313063313952811e-07
bland,8.313063313952811e-07
helliwel,8.313063313952811e-07
undivid,8.313063313952811e-07
eliza,8.313063313952811e-07
behold,8.313063313952811e-07
caliti,8.313063313952811e-07
aberdeen,8.313063313952811e-07
interwar,8.313063313952811e-07
simil,8.313063313952811e-07
outputi,8.313063313952811e-07
nondirect,8.313063313952811e-07
takehom,8.313063313952811e-07
chanic,8.313063313952811e-07
indubit,8.313063313952811e-07
bufferstock,8.313063313952811e-07
collabora,8.313063313952811e-07
intraindustri,8.313063313952811e-07
hod,8.313063313952811e-07
cashier,8.313063313952811e-07
button,8.313063313952811e-07
prais,8.313063313952811e-07
factbook,8.313063313952811e-07
qtr,8.313063313952811e-07
hazi,8.313063313952811e-07
wouild,8.313063313952811e-07
republish,8.313063313952811e-07
sunflow,8.313063313952811e-07
ood,8.313063313952811e-07
nondistortionari,8.313063313952811e-07
dignifi,8.313063313952811e-07
herring,8.313063313952811e-07
postmortem,8.313063313952811e-07
guag,8.313063313952811e-07
disequili,8.313063313952811e-07
prema,8.313063313952811e-07
incompet,8.313063313952811e-07
belknap,8.313063313952811e-07
freshman,8.313063313952811e-07
saul,8.313063313952811e-07
florenc,8.313063313952811e-07
fiftytwo,8.313063313952811e-07
suasion,8.313063313952811e-07
molecul,8.313063313952811e-07
smug,8.313063313952811e-07
repur,8.313063313952811e-07
nonclear,8.313063313952811e-07
adumbr,8.313063313952811e-07
erd,8.313063313952811e-07
broke,8.313063313952811e-07
retrain,8.313063313952811e-07
supplypric,8.313063313952811e-07
sunni,8.313063313952811e-07
starter,8.313063313952811e-07
powerless,8.313063313952811e-07
abas,8.313063313952811e-07
pedro,8.313063313952811e-07
freemarket,8.313063313952811e-07
relaxa,8.313063313952811e-07
thereon,8.313063313952811e-07
perquisit,8.313063313952811e-07
ergi,8.313063313952811e-07
nonavail,8.313063313952811e-07
peaked,8.313063313952811e-07
nhl,8.313063313952811e-07
problema,8.313063313952811e-07
newest,8.313063313952811e-07
producerconsum,8.313063313952811e-07
potash,8.313063313952811e-07
incomeexpenditur,8.313063313952811e-07
timeto,8.313063313952811e-07
flander,8.313063313952811e-07
scare,8.313063313952811e-07
amor,8.313063313952811e-07
hast,8.313063313952811e-07
tano,8.313063313952811e-07
tripartit,8.313063313952811e-07
glomer,8.313063313952811e-07
foresaw,8.313063313952811e-07
stru,8.313063313952811e-07
glen,8.313063313952811e-07
fluential,8.313063313952811e-07
prearrang,8.313063313952811e-07
cogenc,8.313063313952811e-07
sausag,8.313063313952811e-07
esoter,8.313063313952811e-07
aftereffect,8.313063313952811e-07
schill,8.313063313952811e-07
cardiff,8.313063313952811e-07
incis,8.313063313952811e-07
obstruct,8.313063313952811e-07
ectiv,8.313063313952811e-07
playground,8.313063313952811e-07
setback,8.313063313952811e-07
materialis,8.313063313952811e-07
firth,8.313063313952811e-07
tercycl,8.313063313952811e-07
conjur,8.313063313952811e-07
salon,8.313063313952811e-07
facilitat,8.313063313952811e-07
replet,8.313063313952811e-07
wick,8.313063313952811e-07
fullfledg,8.313063313952811e-07
snob,8.313063313952811e-07
contracycl,8.313063313952811e-07
coloni,8.313063313952811e-07
copious,8.313063313952811e-07
lath,8.313063313952811e-07
amorph,8.313063313952811e-07
underw,8.313063313952811e-07
postur,8.313063313952811e-07
bec,8.313063313952811e-07
unimped,8.313063313952811e-07
cleavag,8.313063313952811e-07
interpos,8.313063313952811e-07
preambl,8.313063313952811e-07
icanc,8.313063313952811e-07
microanalysi,8.313063313952811e-07
reconstitut,8.313063313952811e-07
whiski,8.313063313952811e-07
anumb,8.313063313952811e-07
shaft,8.313063313952811e-07
disord,8.313063313952811e-07
inet,8.313063313952811e-07
nada,8.313063313952811e-07
plosiv,8.313063313952811e-07
symptomat,8.313063313952811e-07
reconcilia,8.313063313952811e-07
specialti,8.313063313952811e-07
curement,8.313063313952811e-07
senil,8.313063313952811e-07
nelli,8.313063313952811e-07
convic,8.313063313952811e-07
disinfl,8.313063313952811e-07
xve,8.313063313952811e-07
pren,8.313063313952811e-07
betwen,8.313063313952811e-07
inexperienc,8.313063313952811e-07
biscuit,8.313063313952811e-07
outpac,8.313063313952811e-07
tyranni,8.313063313952811e-07
nationi,8.313063313952811e-07
imprud,8.313063313952811e-07
campaign,8.313063313952811e-07
desig,8.313063313952811e-07
packer,8.313063313952811e-07
sloth,8.313063313952811e-07
dns,8.313063313952811e-07
flock,8.313063313952811e-07
halifax,8.313063313952811e-07
nato,8.313063313952811e-07
faust,8.313063313952811e-07
allpow,8.313063313952811e-07
cere,8.313063313952811e-07
kathi,8.313063313952811e-07
backbon,8.313063313952811e-07
cessiti,8.313063313952811e-07
trifl,8.313063313952811e-07
sutton,8.313063313952811e-07
eugenio,8.313063313952811e-07
emascul,8.313063313952811e-07
barbado,8.313063313952811e-07
herent,8.313063313952811e-07
structureperform,8.313063313952811e-07
laymen,8.313063313952811e-07
agglomer,8.313063313952811e-07
annot,8.313063313952811e-07
shortrang,8.313063313952811e-07
mold,8.313063313952811e-07
esther,8.313063313952811e-07
unlock,8.313063313952811e-07
ernest,8.313063313952811e-07
wellord,8.313063313952811e-07
pall,8.313063313952811e-07
mote,8.313063313952811e-07
notforprofit,8.313063313952811e-07
forthright,8.313063313952811e-07
welt,8.313063313952811e-07
counterproduct,8.313063313952811e-07
hospi,8.313063313952811e-07
unbear,8.313063313952811e-07
testament,8.313063313952811e-07
marian,8.313063313952811e-07
inevita,8.313063313952811e-07
intel,8.313063313952811e-07
curr,8.313063313952811e-07
vertis,8.313063313952811e-07
profitmaxi,8.313063313952811e-07
jami,8.313063313952811e-07
postdoctor,8.313063313952811e-07
dissemi,8.313063313952811e-07
skeleton,8.313063313952811e-07
fighter,8.313063313952811e-07
zine,8.313063313952811e-07
monthtomonth,8.313063313952811e-07
obsess,8.313063313952811e-07
esthet,8.313063313952811e-07
indigen,8.313063313952811e-07
prairi,8.313063313952811e-07
buyersel,8.313063313952811e-07
mior,8.313063313952811e-07
spiegel,8.313063313952811e-07
junejuli,8.313063313952811e-07
particul,8.313063313952811e-07
therewith,8.313063313952811e-07
fiveday,8.313063313952811e-07
moneta,8.313063313952811e-07
dealership,8.313063313952811e-07
paula,8.313063313952811e-07
nadian,8.313063313952811e-07
holger,8.313063313952811e-07
stagna,8.313063313952811e-07
rug,8.313063313952811e-07
refor,8.313063313952811e-07
horror,8.313063313952811e-07
middleclass,8.313063313952811e-07
ncome,8.313063313952811e-07
lowerincom,8.313063313952811e-07
lowli,8.313063313952811e-07
extric,8.313063313952811e-07
lyse,8.313063313952811e-07
contrib,8.313063313952811e-07
superstructur,8.313063313952811e-07
deli,8.313063313952811e-07
discreet,8.313063313952811e-07
queer,8.313063313952811e-07
boll,8.313063313952811e-07
coloss,8.313063313952811e-07
thereabout,8.313063313952811e-07
nership,8.313063313952811e-07
swere,8.313063313952811e-07
stepbystep,8.313063313952811e-07
pink,8.313063313952811e-07
scien,8.313063313952811e-07
pawn,8.313063313952811e-07
capitol,8.313063313952811e-07
mystic,8.313063313952811e-07
dawn,8.313063313952811e-07
homeproduc,8.313063313952811e-07
methodo,8.313063313952811e-07
freak,8.313063313952811e-07
govem,8.313063313952811e-07
anticycl,8.313063313952811e-07
lishment,8.313063313952811e-07
randolph,8.313063313952811e-07
epitom,8.313063313952811e-07
comprehen,8.313063313952811e-07
antiinfl,8.313063313952811e-07
peacetim,8.313063313952811e-07
croeconom,8.313063313952811e-07
dav,8.313063313952811e-07
patron,8.313063313952811e-07
domesti,8.313063313952811e-07
incometax,8.313063313952811e-07
theresa,8.313063313952811e-07
snake,8.313063313952811e-07
innsbruck,8.313063313952811e-07
brochur,8.313063313952811e-07
statur,8.313063313952811e-07
ductori,8.313063313952811e-07
dictori,8.313063313952811e-07
inextric,8.313063313952811e-07
liner,8.313063313952811e-07
modernis,8.313063313952811e-07
buttress,8.313063313952811e-07
nail,8.313063313952811e-07
voor,8.313063313952811e-07
misfortun,8.313063313952811e-07
burrow,8.313063313952811e-07
sociologist,8.313063313952811e-07
crime,8.313063313952811e-07
accumulat,8.313063313952811e-07
milbank,8.313063313952811e-07
inson,8.313063313952811e-07
symp,8.313063313952811e-07
fanni,8.313063313952811e-07
chamberlinian,8.313063313952811e-07
prj,8.313063313952811e-07
entangl,8.313063313952811e-07
infal,8.313063313952811e-07
quixot,8.313063313952811e-07
inciden,8.313063313952811e-07
blockad,8.313063313952811e-07
stab,8.313063313952811e-07
nebul,8.313063313952811e-07
tress,8.313063313952811e-07
betterknown,8.313063313952811e-07
assault,8.313063313952811e-07
millar,8.313063313952811e-07
lawless,8.313063313952811e-07
runaway,8.313063313952811e-07
harbour,8.313063313952811e-07
pennsyl,8.313063313952811e-07
wieser,8.313063313952811e-07
thoroughgo,8.313063313952811e-07
maloney,8.313063313952811e-07
allpurpos,8.313063313952811e-07
dium,8.313063313952811e-07
revolu,8.313063313952811e-07
oberlin,8.313063313952811e-07
legend,8.313063313952811e-07
singu,8.313063313952811e-07
manifesta,8.313063313952811e-07
arrog,8.313063313952811e-07
rejoin,8.313063313952811e-07
truism,8.313063313952811e-07
brillianc,8.313063313952811e-07
renounc,8.313063313952811e-07
cute,8.313063313952811e-07
imagina,8.313063313952811e-07
foreword,8.313063313952811e-07
dwelt,8.313063313952811e-07
wheth,8.313063313952811e-07
devast,8.313063313952811e-07
dutton,8.313063313952811e-07
francesco,8.313063313952811e-07
geographi,8.313063313952811e-07
maverick,8.313063313952811e-07
forrest,8.313063313952811e-07
uruguay,8.313063313952811e-07
cuba,8.313063313952811e-07
giovanni,8.313063313952811e-07
dickey,8.313063313952811e-07
gustavo,8.313063313952811e-07
rupert,8.313063313952811e-07
forthwith,8.313063313952811e-07
carsten,8.313063313952811e-07
iceland,8.313063313952811e-07
mire,8.313063313952811e-07
czecho,8.313063313952811e-07
unmix,8.313063313952811e-07
frederik,8.313063313952811e-07
undisput,8.313063313952811e-07
kirk,8.313063313952811e-07
frag,8.313063313952811e-07
unpopular,8.313063313952811e-07
prey,8.313063313952811e-07
rash,8.313063313952811e-07
vogt,8.313063313952811e-07
desarrollo,8.313063313952811e-07
fantast,8.313063313952811e-07
javier,8.313063313952811e-07
narayana,8.313063313952811e-07
estatistica,8.313063313952811e-07
alfredo,8.313063313952811e-07
influen,8.313063313952811e-07
scorn,8.313063313952811e-07
hastili,8.313063313952811e-07
rope,8.313063313952811e-07
mapl,8.313063313952811e-07
aptitud,8.313063313952811e-07
americani,8.313063313952811e-07
gateway,8.313063313952811e-07
brandi,8.313063313952811e-07
communism,8.313063313952811e-07
glimps,8.313063313952811e-07
cele,8.313063313952811e-07
almeida,8.313063313952811e-07
elmer,8.313063313952811e-07
noncentr,8.313063313952811e-07
marketdetermin,8.313063313952811e-07
icat,8.313063313952811e-07
practis,8.313063313952811e-07
desti,8.313063313952811e-07
lilli,8.313063313952811e-07
helena,8.313063313952811e-07
medal,8.313063313952811e-07
alma,8.313063313952811e-07
aviat,8.313063313952811e-07
prefectur,8.313063313952811e-07
banco,8.313063313952811e-07
shorttim,8.313063313952811e-07
ruben,8.313063313952811e-07
riorat,8.313063313952811e-07
istituto,8.313063313952811e-07
ruthless,8.313063313952811e-07
omnibus,8.313063313952811e-07
hurd,8.313063313952811e-07
dweller,8.313063313952811e-07
dualism,8.313063313952811e-07
dishonesti,8.313063313952811e-07
pediatr,8.313063313952811e-07
emanuel,8.313063313952811e-07
belsley,8.313063313952811e-07
threw,8.313063313952811e-07
dentist,8.313063313952811e-07
millionair,8.313063313952811e-07
crept,8.313063313952811e-07
bestfit,8.313063313952811e-07
miti,8.313063313952811e-07
policyth,8.313063313952811e-07
bullion,8.313063313952811e-07
vladimir,8.313063313952811e-07
ifornia,8.313063313952811e-07
lavoro,8.313063313952811e-07
ceylon,8.313063313952811e-07
rede,8.313063313952811e-07
constantcost,8.313063313952811e-07
forschung,8.313063313952811e-07
readership,8.313063313952811e-07
impel,8.313063313952811e-07
stromberg,8.313063313952811e-07
humanist,8.313063313952811e-07
moun,8.313063313952811e-07
subdu,8.313063313952811e-07
nora,8.313063313952811e-07
foolhardi,8.313063313952811e-07
mens,8.313063313952811e-07
allison,8.313063313952811e-07
recogni,8.313063313952811e-07
jessica,8.313063313952811e-07
inbetween,8.313063313952811e-07
smallsiz,8.313063313952811e-07
circu,8.313063313952811e-07
ginsburg,8.313063313952811e-07
belgrad,8.313063313952811e-07
thinker,8.313063313952811e-07
prejud,8.313063313952811e-07
michal,8.313063313952811e-07
staten,8.313063313952811e-07
gower,8.313063313952811e-07
sertion,8.313063313952811e-07
slovakia,8.313063313952811e-07
aym,8.313063313952811e-07
roberto,8.313063313952811e-07
internazional,8.313063313952811e-07
eastman,8.313063313952811e-07
strasbourg,8.313063313952811e-07
sinica,8.313063313952811e-07
resign,8.313063313952811e-07
schmitt,8.313063313952811e-07
grard,8.313063313952811e-07
donovan,8.313063313952811e-07
jakob,8.313063313952811e-07
hyde,8.313063313952811e-07
nours,8.313063313952811e-07
troductori,8.313063313952811e-07
putoutput,8.313063313952811e-07
lauderdal,8.313063313952811e-07
corrado,8.313063313952811e-07
nesota,8.313063313952811e-07
erenti,8.313063313952811e-07
advanta,8.313063313952811e-07
jure,8.313063313952811e-07
unessenti,8.313063313952811e-07
cellent,8.313063313952811e-07
overconsum,8.313063313952811e-07
rath,8.313063313952811e-07
giacomo,8.313063313952811e-07
stafford,8.313063313952811e-07
rhetor,8.313063313952811e-07
moval,8.313063313952811e-07
lxxiv,8.313063313952811e-07
postscript,8.313063313952811e-07
jlr,8.313063313952811e-07
uncontest,8.313063313952811e-07
agrarian,8.313063313952811e-07
disequilibr,8.313063313952811e-07
ferdinand,8.313063313952811e-07
asit,8.313063313952811e-07
portend,8.313063313952811e-07
sieg,8.313063313952811e-07
cata,8.313063313952811e-07
platitud,8.313063313952811e-07
ageabl,8.313063313952811e-07
transcrib,8.313063313952811e-07
welltodo,8.313063313952811e-07
unrea,8.313063313952811e-07
aerospac,8.313063313952811e-07
istanbul,8.313063313952811e-07
southeastern,8.313063313952811e-07
elster,8.313063313952811e-07
tialiti,8.313063313952811e-07
tirement,8.313063313952811e-07
unaid,8.313063313952811e-07
gesellschaft,8.313063313952811e-07
viewer,8.313063313952811e-07
selfgovern,8.313063313952811e-07
elo,8.313063313952811e-07
amw,8.313063313952811e-07
ester,8.313063313952811e-07
noncontractu,8.313063313952811e-07
almanac,8.313063313952811e-07
aluminium,8.313063313952811e-07
trom,8.313063313952811e-07
herit,8.313063313952811e-07
laidoff,8.313063313952811e-07
ciplin,8.313063313952811e-07
efici,8.313063313952811e-07
fortifi,8.313063313952811e-07
croom,8.313063313952811e-07
wirtschaftlich,8.313063313952811e-07
igl,8.313063313952811e-07
nessmen,8.313063313952811e-07
britannica,8.313063313952811e-07
inviol,8.313063313952811e-07
litter,8.313063313952811e-07
inhospit,8.313063313952811e-07
surgeon,8.313063313952811e-07
dicken,8.313063313952811e-07
preneurship,8.313063313952811e-07
cenc,8.313063313952811e-07
mundan,8.313063313952811e-07
solac,8.313063313952811e-07
allur,8.313063313952811e-07
deft,8.313063313952811e-07
multiplicand,8.313063313952811e-07
novo,8.313063313952811e-07
notifi,8.313063313952811e-07
pauper,8.313063313952811e-07
petent,8.313063313952811e-07
overs,8.313063313952811e-07
castl,8.313063313952811e-07
superi,8.313063313952811e-07
fiti,8.313063313952811e-07
wornout,8.313063313952811e-07
producti,8.313063313952811e-07
afresh,8.313063313952811e-07
troversi,8.313063313952811e-07
forebear,8.313063313952811e-07
landus,8.313063313952811e-07
dobb,8.313063313952811e-07
easton,8.313063313952811e-07
pierson,8.313063313952811e-07
prudenti,8.313063313952811e-07
santiago,8.313063313952811e-07
chemist,8.313063313952811e-07
abort,8.313063313952811e-07
solidifi,8.313063313952811e-07
sho,8.313063313952811e-07
chemistri,8.313063313952811e-07
rocket,8.313063313952811e-07
quarterl,8.313063313952811e-07
labourmanag,8.313063313952811e-07
stiffen,8.313063313952811e-07
taliti,8.313063313952811e-07
endproduct,8.313063313952811e-07
interrog,8.313063313952811e-07
farr,8.313063313952811e-07
blossom,8.313063313952811e-07
forbear,8.313063313952811e-07
csn,8.313063313952811e-07
interwoven,8.313063313952811e-07
ailn,8.313063313952811e-07
centrifug,8.313063313952811e-07
nonelectr,8.313063313952811e-07
reattain,8.313063313952811e-07
underrepresent,8.313063313952811e-07
prei,8.313063313952811e-07
misc,8.313063313952811e-07
printer,8.313063313952811e-07
nonrespons,8.313063313952811e-07
costsa,8.313063313952811e-07
wolinski,8.313063313952811e-07
whet,8.313063313952811e-07
dislodg,8.313063313952811e-07
laborcapit,8.313063313952811e-07
hov,8.313063313952811e-07
nial,8.313063313952811e-07
tensifi,8.313063313952811e-07
embezzl,8.313063313952811e-07
haustiv,8.313063313952811e-07
enth,8.313063313952811e-07
cond,8.313063313952811e-07
unab,8.313063313952811e-07
funnel,8.313063313952811e-07
moulton,8.313063313952811e-07
rude,8.313063313952811e-07
inabil,8.313063313952811e-07
mnore,8.313063313952811e-07
selectiv,8.313063313952811e-07
thai,8.313063313952811e-07
parentag,8.313063313952811e-07
entrydeterr,8.313063313952811e-07
petrochem,8.313063313952811e-07
cheltenham,8.313063313952811e-07
nearmoney,8.313063313952811e-07
insig,8.313063313952811e-07
tcf,8.313063313952811e-07
noncoopera,8.313063313952811e-07
wellfound,8.313063313952811e-07
phantom,8.313063313952811e-07
matchspecif,8.313063313952811e-07
unrevis,8.313063313952811e-07
terborgh,8.313063313952811e-07
recipro,8.313063313952811e-07
xlh,8.313063313952811e-07
sickl,8.313063313952811e-07
bancroft,8.313063313952811e-07
mendershausen,8.313063313952811e-07
luctant,8.313063313952811e-07
automo,8.313063313952811e-07
banish,8.313063313952811e-07
marquett,8.313063313952811e-07
rce,8.313063313952811e-07
foodstuff,8.313063313952811e-07
knapp,8.313063313952811e-07
ravag,8.313063313952811e-07
menc,8.313063313952811e-07
oriti,8.313063313952811e-07
gunter,8.313063313952811e-07
sting,8.313063313952811e-07
icism,8.313063313952811e-07
iqn,8.313063313952811e-07
costsav,8.313063313952811e-07
ciabl,8.313063313952811e-07
genious,8.313063313952811e-07
soever,8.313063313952811e-07
alysi,8.313063313952811e-07
singlehand,8.313063313952811e-07
ficiari,8.313063313952811e-07
nonautocorrel,8.313063313952811e-07
profus,8.313063313952811e-07
pearanc,8.313063313952811e-07
obli,8.313063313952811e-07
asham,8.313063313952811e-07
vania,8.313063313952811e-07
jewelri,8.313063313952811e-07
authori,8.313063313952811e-07
fourfifth,8.313063313952811e-07
bridger,8.313063313952811e-07
creator,8.313063313952811e-07
industr,8.313063313952811e-07
midst,8.313063313952811e-07
gum,8.313063313952811e-07
afri,8.313063313952811e-07
coventri,8.313063313952811e-07
logician,8.313063313952811e-07
autobiographi,8.313063313952811e-07
datath,8.313063313952811e-07
maria,8.313063313952811e-07
illicit,8.313063313952811e-07
planatori,8.313063313952811e-07
softer,8.313063313952811e-07
wer,8.313063313952811e-07
remit,8.313063313952811e-07
pretens,8.313063313952811e-07
denmand,8.313063313952811e-07
landhold,8.313063313952811e-07
languish,8.313063313952811e-07
energet,8.313063313952811e-07
thea,8.313063313952811e-07
adja,8.313063313952811e-07
provin,8.313063313952811e-07
standardis,8.313063313952811e-07
stirl,8.313063313952811e-07
destini,8.313063313952811e-07
plausi,8.313063313952811e-07
visag,8.313063313952811e-07
bulg,8.313063313952811e-07
prm,8.313063313952811e-07
whittlesey,8.313063313952811e-07
kall,8.313063313952811e-07
pinch,8.313063313952811e-07
spiritu,8.313063313952811e-07
abet,8.313063313952811e-07
transmut,8.313063313952811e-07
savinginvest,8.313063313952811e-07
timor,8.313063313952811e-07
fiabl,8.313063313952811e-07
textur,8.313063313952811e-07
elti,8.313063313952811e-07
unintent,8.313063313952811e-07
jurist,8.313063313952811e-07
palpabl,8.313063313952811e-07
stuff,8.313063313952811e-07
tractiv,8.313063313952811e-07
beget,8.313063313952811e-07
summarili,8.313063313952811e-07
indo,8.313063313952811e-07
nurseri,8.313063313952811e-07
riefler,8.313063313952811e-07
mantl,8.313063313952811e-07
centripet,8.313063313952811e-07
andm,8.313063313952811e-07
gibb,8.313063313952811e-07
brunt,8.313063313952811e-07
stigma,8.313063313952811e-07
apprehend,8.313063313952811e-07
precipi,8.313063313952811e-07
ventiv,8.313063313952811e-07
legalist,8.313063313952811e-07
robberi,8.313063313952811e-07
rougher,8.313063313952811e-07
goodsa,8.313063313952811e-07
jettison,8.313063313952811e-07
alba,8.313063313952811e-07
schwab,8.313063313952811e-07
attrib,8.313063313952811e-07
antithesi,8.313063313952811e-07
logan,8.313063313952811e-07
reci,8.313063313952811e-07
idg,8.313063313952811e-07
nonviabl,8.313063313952811e-07
gaza,8.313063313952811e-07
cath,8.313063313952811e-07
jacquemin,8.313063313952811e-07
burglari,8.313063313952811e-07
pthe,8.313063313952811e-07
triniti,8.313063313952811e-07
radian,8.313063313952811e-07
undisclos,8.313063313952811e-07
carpent,8.313063313952811e-07
facad,8.313063313952811e-07
circumfer,8.313063313952811e-07
synth,8.313063313952811e-07
inkind,8.313063313952811e-07
hasnt,8.313063313952811e-07
valor,8.313063313952811e-07
rumor,8.313063313952811e-07
repu,8.313063313952811e-07
strictur,8.313063313952811e-07
ranch,8.313063313952811e-07
diss,8.313063313952811e-07
amazon,8.313063313952811e-07
gad,8.313063313952811e-07
incommensur,8.313063313952811e-07
incoher,8.313063313952811e-07
erica,8.313063313952811e-07
lawyer,8.313063313952811e-07
illinform,8.313063313952811e-07
permeat,8.313063313952811e-07
autocor,8.313063313952811e-07
hostag,8.313063313952811e-07
occident,8.313063313952811e-07
masteri,8.313063313952811e-07
antimonopoli,8.313063313952811e-07
xcvi,8.313063313952811e-07
embryon,8.313063313952811e-07
devote,8.313063313952811e-07
stantiv,8.313063313952811e-07
roebuck,8.313063313952811e-07
straitjacket,8.313063313952811e-07
alexandria,8.313063313952811e-07
evas,8.313063313952811e-07
tod,8.313063313952811e-07
transgress,8.313063313952811e-07
taipei,8.313063313952811e-07
nina,8.313063313952811e-07
loyal,8.313063313952811e-07
ishaq,8.313063313952811e-07
unwritten,8.313063313952811e-07
nose,8.313063313952811e-07
bombay,8.313063313952811e-07
thorn,8.313063313952811e-07
linguist,8.313063313952811e-07
hanov,8.313063313952811e-07
hsiao,8.313063313952811e-07
gestiv,8.313063313952811e-07
prociti,8.313063313952811e-07
jute,8.313063313952811e-07
thze,8.313063313952811e-07
handtomouth,8.313063313952811e-07
mnean,8.313063313952811e-07
jargon,8.313063313952811e-07
surgic,8.313063313952811e-07
excerpt,8.313063313952811e-07
largenumb,8.313063313952811e-07
gressor,8.313063313952811e-07
malthusian,8.313063313952811e-07
malthus,8.313063313952811e-07
vicari,8.313063313952811e-07
loaf,8.313063313952811e-07
beaten,8.313063313952811e-07
obvers,8.313063313952811e-07
scholast,8.313063313952811e-07
dicta,8.313063313952811e-07
deficien,8.313063313952811e-07
corpus,8.313063313952811e-07
leum,8.313063313952811e-07
exhaus,8.313063313952811e-07
posthum,8.313063313952811e-07
mauro,8.313063313952811e-07
lifeinsur,8.313063313952811e-07
syllog,8.313063313952811e-07
brush,8.313063313952811e-07
pice,8.313063313952811e-07
selfconsist,8.313063313952811e-07
housew,8.313063313952811e-07
engen,8.313063313952811e-07
sooo,8.313063313952811e-07
waw,8.313063313952811e-07
agil,8.313063313952811e-07
fixedweight,8.313063313952811e-07
reau,8.313063313952811e-07
straighttim,8.313063313952811e-07
stacl,8.313063313952811e-07
shouldnt,8.313063313952811e-07
intrafamili,8.313063313952811e-07
tireless,8.313063313952811e-07
oneth,8.313063313952811e-07
feminist,8.313063313952811e-07
logdiffer,8.313063313952811e-07
laborsav,8.313063313952811e-07
institution,8.313063313952811e-07
confirma,8.313063313952811e-07
verein,8.313063313952811e-07
entic,8.313063313952811e-07
overesti,8.313063313952811e-07
disparag,8.313063313952811e-07
workth,8.313063313952811e-07
rub,8.313063313952811e-07
seventytwo,8.313063313952811e-07
malic,8.313063313952811e-07
unconcern,8.313063313952811e-07
lcc,8.313063313952811e-07
prelim,8.313063313952811e-07
inari,8.313063313952811e-07
citywid,8.313063313952811e-07
adversari,8.313063313952811e-07
bds,8.313063313952811e-07
reex,8.313063313952811e-07
rite,8.313063313952811e-07
tnec,8.313063313952811e-07
sciousli,8.313063313952811e-07
credenti,8.313063313952811e-07
helpless,8.313063313952811e-07
tanker,8.313063313952811e-07
upperincom,8.313063313952811e-07
nepot,8.313063313952811e-07
rarer,8.313063313952811e-07
mater,8.313063313952811e-07
boxcox,8.313063313952811e-07
trician,8.313063313952811e-07
troy,8.313063313952811e-07
mentor,8.313063313952811e-07
rediscoveri,8.313063313952811e-07
longdat,8.313063313952811e-07
linen,8.313063313952811e-07
portland,8.313063313952811e-07
neymanpearson,8.313063313952811e-07
levela,8.313063313952811e-07
foreground,8.313063313952811e-07
tidsskrift,8.313063313952811e-07
thal,8.313063313952811e-07
fiftyseven,8.313063313952811e-07
nenc,8.313063313952811e-07
linton,8.313063313952811e-07
ophi,8.313063313952811e-07
tutori,8.313063313952811e-07
tens,8.313063313952811e-07
assessor,8.313063313952811e-07
quesnay,8.313063313952811e-07
overt,8.313063313952811e-07
rous,8.313063313952811e-07
renown,8.313063313952811e-07
grip,8.313063313952811e-07
amd,8.313063313952811e-07
lowgrad,8.313063313952811e-07
protract,8.313063313952811e-07
tya,8.313063313952811e-07
midmonth,8.313063313952811e-07
necessi,8.313063313952811e-07
damien,8.313063313952811e-07
inculc,8.313063313952811e-07
delicaci,8.313063313952811e-07
frighten,8.313063313952811e-07
weav,8.313063313952811e-07
giver,8.313063313952811e-07
sloppi,8.313063313952811e-07
ters,8.313063313952811e-07
alni,8.313063313952811e-07
swept,8.313063313952811e-07
miser,8.313063313952811e-07
tenden,8.313063313952811e-07
reclassifi,8.313063313952811e-07
oneeighth,8.313063313952811e-07
imprison,8.313063313952811e-07
basebal,8.313063313952811e-07
ceptiv,8.313063313952811e-07
nazi,8.313063313952811e-07
bpc,8.313063313952811e-07
breadwinn,8.313063313952811e-07
pqa,8.313063313952811e-07
revamp,8.313063313952811e-07
inorgan,8.313063313952811e-07
orchestra,8.313063313952811e-07
lard,8.313063313952811e-07
forefront,8.313063313952811e-07
witn,8.313063313952811e-07
reclassif,8.313063313952811e-07
legislatur,8.313063313952811e-07
operat,8.313063313952811e-07
postworld,8.313063313952811e-07
gentleman,8.313063313952811e-07
gentlemen,8.313063313952811e-07
daughter,8.313063313952811e-07
neurship,8.313063313952811e-07
eldest,8.313063313952811e-07
phar,8.313063313952811e-07
krk,8.313063313952811e-07
maceut,8.313063313952811e-07
untoward,8.313063313952811e-07
ephraim,8.313063313952811e-07
ascript,8.313063313952811e-07
ysx,8.313063313952811e-07
btus,8.313063313952811e-07
weari,8.313063313952811e-07
repeal,8.313063313952811e-07
raid,8.313063313952811e-07
appleton,8.313063313952811e-07
hutchinson,8.313063313952811e-07
bounti,8.313063313952811e-07
carbid,8.313063313952811e-07
hender,8.313063313952811e-07
oneseventh,8.313063313952811e-07
mott,8.313063313952811e-07
versaill,8.313063313952811e-07
lastminut,8.313063313952811e-07
unsaf,8.313063313952811e-07
waiver,8.313063313952811e-07
fong,8.313063313952811e-07
aria,8.313063313952811e-07
evinc,8.313063313952811e-07
omnipres,8.313063313952811e-07
inci,8.313063313952811e-07
unhappili,8.313063313952811e-07
availabil,8.313063313952811e-07
anthropologist,8.313063313952811e-07
lacroix,8.313063313952811e-07
investorown,8.313063313952811e-07
aron,8.313063313952811e-07
resultthat,8.313063313952811e-07
bori,8.313063313952811e-07
dictiv,8.313063313952811e-07
trapol,8.313063313952811e-07
cqs,8.313063313952811e-07
mobilis,8.313063313952811e-07
resultsth,8.313063313952811e-07
ivvi,8.313063313952811e-07
dissent,8.313063313952811e-07
barbar,8.313063313952811e-07
chanig,8.313063313952811e-07
seamless,8.313063313952811e-07
cori,8.313063313952811e-07
daf,8.313063313952811e-07
terror,8.313063313952811e-07
cork,8.313063313952811e-07
riot,8.313063313952811e-07
ress,8.313063313952811e-07
brun,8.313063313952811e-07
pwj,8.313063313952811e-07
allimport,8.313063313952811e-07
safest,8.313063313952811e-07
firmn,8.313063313952811e-07
checker,8.313063313952811e-07
kurt,8.313063313952811e-07
fitt,8.313063313952811e-07
fullscal,8.313063313952811e-07
mismanag,8.313063313952811e-07
suen,8.313063313952811e-07
spectat,8.313063313952811e-07
nasa,8.313063313952811e-07
wive,8.313063313952811e-07
blueprint,8.313063313952811e-07
mailord,8.313063313952811e-07
cuban,8.313063313952811e-07
uncomplet,8.313063313952811e-07
kerosen,8.313063313952811e-07
undersav,8.313063313952811e-07
champagn,8.313063313952811e-07
discriminat,8.313063313952811e-07
immeasur,8.313063313952811e-07
nexus,8.313063313952811e-07
fortyfour,8.313063313952811e-07
vider,8.313063313952811e-07
laden,8.313063313952811e-07
untangl,8.313063313952811e-07
incomprehens,8.313063313952811e-07
inex,8.313063313952811e-07
industrylevel,8.313063313952811e-07
lisbon,8.313063313952811e-07
overcapit,8.313063313952811e-07
insuper,8.313063313952811e-07
inicreas,8.313063313952811e-07
highskil,8.313063313952811e-07
gerardi,8.313063313952811e-07
miranda,8.313063313952811e-07
thrill,8.313063313952811e-07
racket,8.313063313952811e-07
unsolicit,8.313063313952811e-07
foolproof,8.313063313952811e-07
bala,8.313063313952811e-07
radar,8.313063313952811e-07
treasur,8.313063313952811e-07
octoberdecemb,8.313063313952811e-07
pervis,8.313063313952811e-07
debtfinanc,8.313063313952811e-07
agar,8.313063313952811e-07
letin,8.313063313952811e-07
monti,8.313063313952811e-07
rom,8.313063313952811e-07
lowanc,8.313063313952811e-07
usuri,8.313063313952811e-07
regi,8.313063313952811e-07
steril,8.313063313952811e-07
unwar,8.313063313952811e-07
deplor,8.313063313952811e-07
sword,8.313063313952811e-07
lno,8.313063313952811e-07
iha,8.313063313952811e-07
supplv,8.313063313952811e-07
licat,8.313063313952811e-07
implausi,8.313063313952811e-07
complimentari,8.313063313952811e-07
transmi,8.313063313952811e-07
riddel,8.313063313952811e-07
clq,8.313063313952811e-07
wve,8.313063313952811e-07
eightyf,8.313063313952811e-07
seismic,8.313063313952811e-07
fami,8.313063313952811e-07
smuggler,8.313063313952811e-07
nur,8.313063313952811e-07
nrc,8.313063313952811e-07
crf,8.313063313952811e-07
arduous,8.313063313952811e-07
passion,8.313063313952811e-07
doug,8.313063313952811e-07
farley,8.313063313952811e-07
honorari,8.313063313952811e-07
peaktopeak,8.313063313952811e-07
publicfin,8.313063313952811e-07
maturi,8.313063313952811e-07
gles,8.313063313952811e-07
abhor,8.313063313952811e-07
highqual,8.313063313952811e-07
productiona,8.313063313952811e-07
spate,8.313063313952811e-07
egger,8.313063313952811e-07
incremen,8.313063313952811e-07
bem,8.313063313952811e-07
aisi,8.313063313952811e-07
nosi,8.313063313952811e-07
problenm,8.313063313952811e-07
internation,8.313063313952811e-07
fromi,8.313063313952811e-07
emancip,8.313063313952811e-07
urement,8.313063313952811e-07
eignti,8.313063313952811e-07
cape,8.313063313952811e-07
illconceiv,8.313063313952811e-07
vivor,8.313063313952811e-07
gregor,8.313063313952811e-07
fournal,8.313063313952811e-07
heflebow,8.313063313952811e-07
konstanz,8.313063313952811e-07
patriot,8.313063313952811e-07
sidelin,8.313063313952811e-07
invol,8.313063313952811e-07
anes,8.313063313952811e-07
endar,8.313063313952811e-07
highprior,8.313063313952811e-07
fastergrow,8.313063313952811e-07
onedigit,8.313063313952811e-07
elisha,8.313063313952811e-07
smithian,8.313063313952811e-07
workplac,8.313063313952811e-07
osha,8.313063313952811e-07
slate,8.313063313952811e-07
wellarticul,8.313063313952811e-07
whither,8.313063313952811e-07
hps,8.313063313952811e-07
battlefield,8.313063313952811e-07
icon,8.313063313952811e-07
prh,8.313063313952811e-07
pyramid,8.313063313952811e-07
anted,8.313063313952811e-07
selfmanag,8.313063313952811e-07
newfoundland,8.313063313952811e-07
nce,8.313063313952811e-07
wrought,8.313063313952811e-07
fraser,8.313063313952811e-07
underpric,8.313063313952811e-07
grappl,8.313063313952811e-07
nfa,8.313063313952811e-07
coke,8.313063313952811e-07
desist,8.313063313952811e-07
governmen,8.313063313952811e-07
deus,8.313063313952811e-07
wvas,8.313063313952811e-07
forgot,8.313063313952811e-07
interdepen,8.313063313952811e-07
fluenci,8.313063313952811e-07
overspend,8.313063313952811e-07
prepared,8.313063313952811e-07
ftcs,8.313063313952811e-07
hamlet,8.313063313952811e-07
wrk,8.313063313952811e-07
manhattan,8.313063313952811e-07
nonpubl,8.313063313952811e-07
generalpurpos,8.313063313952811e-07
welfareimprov,8.313063313952811e-07
tig,8.313063313952811e-07
logo,8.313063313952811e-07
bale,8.313063313952811e-07
inela,8.313063313952811e-07
wlf,8.313063313952811e-07
nonfood,8.313063313952811e-07
overshot,8.313063313952811e-07
demandsid,8.313063313952811e-07
coast,8.313063313952811e-07
deadlock,8.313063313952811e-07
forni,8.313063313952811e-07
singlemind,8.313063313952811e-07
jointstock,8.313063313952811e-07
lear,8.313063313952811e-07
discipl,8.313063313952811e-07
luw,8.313063313952811e-07
branko,8.313063313952811e-07
midnineteenth,8.313063313952811e-07
church,8.313063313952811e-07
parad,8.313063313952811e-07
xpiy,8.313063313952811e-07
ductibl,8.313063313952811e-07
unpreced,8.313063313952811e-07
aristocraci,8.313063313952811e-07
pensabl,8.313063313952811e-07
traceabl,8.313063313952811e-07
undirect,8.313063313952811e-07
txa,8.313063313952811e-07
fink,8.313063313952811e-07
guillaum,8.313063313952811e-07
giant,8.313063313952811e-07
supplysid,8.313063313952811e-07
tiguous,8.313063313952811e-07
antoni,8.313063313952811e-07
miracul,8.313063313952811e-07
tachung,8.313063313952811e-07
defacto,8.313063313952811e-07
zealous,8.313063313952811e-07
doubleday,8.313063313952811e-07
lincoln,8.313063313952811e-07
preoccupi,8.313063313952811e-07
tolley,8.313063313952811e-07
misconduct,8.313063313952811e-07
marxism,8.313063313952811e-07
imnport,8.313063313952811e-07
blight,8.313063313952811e-07
greif,8.313063313952811e-07
classicist,8.313063313952811e-07
partur,8.313063313952811e-07
shoup,8.313063313952811e-07
cull,8.313063313952811e-07
gautier,8.313063313952811e-07
cavanagh,8.313063313952811e-07
redwood,8.313063313952811e-07
tys,8.313063313952811e-07
scrupul,8.313063313952811e-07
interin,8.313063313952811e-07
uninterrupt,8.313063313952811e-07
georgi,8.313063313952811e-07
eyit,8.313063313952811e-07
notein,8.313063313952811e-07
iow,8.313063313952811e-07
secondround,8.313063313952811e-07
didact,8.313063313952811e-07
classificatori,8.313063313952811e-07
caption,8.313063313952811e-07
deregula,8.313063313952811e-07
misappli,8.313063313952811e-07
reaucraci,8.313063313952811e-07
revisionist,8.313063313952811e-07
muner,8.313063313952811e-07
insecticid,8.313063313952811e-07
tuck,8.313063313952811e-07
catalyst,8.313063313952811e-07
appal,8.313063313952811e-07
inexplic,8.313063313952811e-07
hopper,8.313063313952811e-07
fledg,8.313063313952811e-07
interrela,8.313063313952811e-07
caci,8.313063313952811e-07
negligi,8.313063313952811e-07
oblivi,8.313063313952811e-07
skil,8.313063313952811e-07
denomi,8.313063313952811e-07
feeder,8.313063313952811e-07
missal,8.313063313952811e-07
pirat,8.313063313952811e-07
cem,8.313063313952811e-07
stride,8.313063313952811e-07
craft,8.313063313952811e-07
dearth,8.313063313952811e-07
tyne,8.313063313952811e-07
sixyear,8.313063313952811e-07
chairmen,8.313063313952811e-07
tank,8.313063313952811e-07
cabinet,8.313063313952811e-07
airplan,8.313063313952811e-07
conversa,8.313063313952811e-07
dynan,8.313063313952811e-07
bayesiannash,8.313063313952811e-07
moneyth,8.313063313952811e-07
woefulli,8.313063313952811e-07
jona,8.313063313952811e-07
sounder,8.313063313952811e-07
adapta,8.313063313952811e-07
africa,8.313063313952811e-07
elab,8.313063313952811e-07
cantillon,8.313063313952811e-07
profitseek,8.313063313952811e-07
maureen,8.313063313952811e-07
dial,8.313063313952811e-07
sessment,8.313063313952811e-07
unalloc,8.313063313952811e-07
serfdom,8.313063313952811e-07
apprenticeship,8.313063313952811e-07
alec,8.313063313952811e-07
reformist,8.313063313952811e-07
jare,8.313063313952811e-07
anarch,8.313063313952811e-07
horsepow,8.313063313952811e-07
viner,8.313063313952811e-07
nzl,8.313063313952811e-07
nonstructur,8.313063313952811e-07
sixtyon,8.313063313952811e-07
ellen,8.313063313952811e-07
censorship,8.313063313952811e-07
tyre,8.313063313952811e-07
tnx,8.313063313952811e-07
aerial,8.313063313952811e-07
lowerord,8.313063313952811e-07
regent,8.313063313952811e-07
demanda,8.313063313952811e-07
utiv,8.313063313952811e-07
lant,8.313063313952811e-07
orous,8.313063313952811e-07
macarthur,8.313063313952811e-07
foundri,8.313063313952811e-07
cles,8.313063313952811e-07
childless,8.313063313952811e-07
conquest,8.313063313952811e-07
spice,8.313063313952811e-07
caq,8.313063313952811e-07
labo,8.313063313952811e-07
goldin,8.313063313952811e-07
changein,8.313063313952811e-07
incomeearn,8.313063313952811e-07
noncommunist,8.313063313952811e-07
portugues,8.313063313952811e-07
constantdollar,8.313063313952811e-07
simula,8.313063313952811e-07
nonint,8.313063313952811e-07
oligop,8.313063313952811e-07
nashcournot,8.313063313952811e-07
paralysi,8.313063313952811e-07
capitala,8.313063313952811e-07
itarian,8.313063313952811e-07
disband,8.313063313952811e-07
eyd,8.313063313952811e-07
ceptibl,8.313063313952811e-07
bone,8.313063313952811e-07
quip,8.313063313952811e-07
msa,8.313063313952811e-07
correc,8.313063313952811e-07
sidi,8.313063313952811e-07
impoverish,8.313063313952811e-07
exac,8.313063313952811e-07
gru,8.313063313952811e-07
sgr,8.313063313952811e-07
avar,8.313063313952811e-07
kearl,8.313063313952811e-07
terrif,8.313063313952811e-07
mfg,8.313063313952811e-07
furnac,8.313063313952811e-07
batteri,8.313063313952811e-07
unfilt,8.313063313952811e-07
criticis,8.313063313952811e-07
biannual,8.313063313952811e-07
dissolut,8.313063313952811e-07
sober,8.313063313952811e-07
decor,8.313063313952811e-07
antiqu,8.313063313952811e-07
otlher,8.313063313952811e-07
dispro,8.313063313952811e-07
nonreproduc,8.313063313952811e-07
terfer,8.313063313952811e-07
rrk,8.313063313952811e-07
lorn,8.313063313952811e-07
dno,8.313063313952811e-07
nonquantit,8.313063313952811e-07
reddaway,8.313063313952811e-07
ferri,8.313063313952811e-07
programa,8.313063313952811e-07
countriesand,8.313063313952811e-07
pher,8.313063313952811e-07
lombard,8.313063313952811e-07
greenhous,8.313063313952811e-07
dialect,8.313063313952811e-07
nef,8.313063313952811e-07
lara,8.313063313952811e-07
piness,8.313063313952811e-07
spray,8.313063313952811e-07
allinclus,8.313063313952811e-07
longdist,8.313063313952811e-07
bard,8.313063313952811e-07
antwerp,8.313063313952811e-07
prebisch,8.313063313952811e-07
steamelectr,8.313063313952811e-07
recommen,8.313063313952811e-07
dramati,8.313063313952811e-07
pricesand,8.313063313952811e-07
marilyn,8.313063313952811e-07
rhe,8.313063313952811e-07
willet,8.313063313952811e-07
wither,8.313063313952811e-07
alis,8.313063313952811e-07
dydi,8.313063313952811e-07
pdv,8.313063313952811e-07
rieti,8.313063313952811e-07
gollop,8.313063313952811e-07
visdvi,8.313063313952811e-07
vier,8.313063313952811e-07
bologna,8.313063313952811e-07
emption,8.313063313952811e-07
benefi,8.313063313952811e-07
patente,8.313063313952811e-07
quarterlv,8.313063313952811e-07
affluenc,8.313063313952811e-07
tourism,8.313063313952811e-07
mys,8.313063313952811e-07
valeri,8.313063313952811e-07
scotch,8.313063313952811e-07
gem,8.313063313952811e-07
ricerch,8.313063313952811e-07
unsubstanti,8.313063313952811e-07
cecil,8.313063313952811e-07
tradictori,8.313063313952811e-07
etit,8.313063313952811e-07
mune,8.313063313952811e-07
chn,8.313063313952811e-07
remun,8.313063313952811e-07
riag,8.313063313952811e-07
strangl,8.313063313952811e-07
flax,8.313063313952811e-07
colchest,8.313063313952811e-07
pediment,8.313063313952811e-07
contagi,8.313063313952811e-07
fourperson,8.313063313952811e-07
folli,8.313063313952811e-07
drick,8.313063313952811e-07
fierc,8.313063313952811e-07
shrug,8.313063313952811e-07
amus,8.313063313952811e-07
spark,8.313063313952811e-07
korean,8.313063313952811e-07
symphoni,8.313063313952811e-07
urgenc,8.313063313952811e-07
ganize,8.313063313952811e-07
orchestr,8.313063313952811e-07
wich,8.313063313952811e-07
fess,8.313063313952811e-07
bryce,8.313063313952811e-07
electrif,8.313063313952811e-07
industrialist,8.313063313952811e-07
conom,8.313063313952811e-07
rocki,8.313063313952811e-07
planter,8.313063313952811e-07
beaver,8.313063313952811e-07
monetarv,8.313063313952811e-07
ingo,8.313063313952811e-07
stymi,8.313063313952811e-07
noninsur,8.313063313952811e-07
prov,8.313063313952811e-07
semipubl,8.313063313952811e-07
brewer,8.313063313952811e-07
babi,8.313063313952811e-07
magn,8.313063313952811e-07
lain,8.313063313952811e-07
viser,8.313063313952811e-07
grammar,8.313063313952811e-07
oklahoma,8.313063313952811e-07
bldg,8.313063313952811e-07
indicat,8.313063313952811e-07
teen,8.313063313952811e-07
nab,8.313063313952811e-07
lati,8.313063313952811e-07
guay,8.313063313952811e-07
isic,8.313063313952811e-07
untransform,8.313063313952811e-07
speedup,8.313063313952811e-07
sponsiv,8.313063313952811e-07
midyear,8.313063313952811e-07
attitudin,8.313063313952811e-07
nplayer,8.313063313952811e-07
midland,8.313063313952811e-07
calcium,8.313063313952811e-07
cioeconom,8.313063313952811e-07
colon,8.313063313952811e-07
prodtuct,8.313063313952811e-07
truer,8.313063313952811e-07
sorb,8.313063313952811e-07
likert,8.313063313952811e-07
pechman,8.313063313952811e-07
longitud,8.313063313952811e-07
shar,8.313063313952811e-07
twentyseven,8.313063313952811e-07
electri,8.313063313952811e-07
laci,8.313063313952811e-07
lazarsfeld,8.313063313952811e-07
pretenc,8.313063313952811e-07
hammer,8.313063313952811e-07
fraudul,8.313063313952811e-07
extraor,8.313063313952811e-07
ratei,8.313063313952811e-07
backup,8.313063313952811e-07
gertrud,8.313063313952811e-07
pardon,8.313063313952811e-07
insect,8.313063313952811e-07
padova,8.313063313952811e-07
overwork,8.313063313952811e-07
petri,8.313063313952811e-07
barker,8.313063313952811e-07
protagonist,8.313063313952811e-07
reesti,8.313063313952811e-07
chologist,8.313063313952811e-07
wreak,8.313063313952811e-07
mythic,8.313063313952811e-07
timea,8.313063313952811e-07
tith,8.313063313952811e-07
lum,8.313063313952811e-07
incomei,8.313063313952811e-07
cochraneorcutt,8.313063313952811e-07
lnw,8.313063313952811e-07
portmanteau,8.313063313952811e-07
mediumrun,8.313063313952811e-07
haig,8.313063313952811e-07
sili,8.313063313952811e-07
modicum,8.313063313952811e-07
cavali,8.313063313952811e-07
centralbank,8.313063313952811e-07
smell,8.313063313952811e-07
presup,8.313063313952811e-07
lowprob,8.313063313952811e-07
overpopul,8.313063313952811e-07
dcf,8.313063313952811e-07
ooio,8.313063313952811e-07
rage,8.313063313952811e-07
montana,8.313063313952811e-07
overdraft,8.313063313952811e-07
secondarili,8.313063313952811e-07
imputa,8.313063313952811e-07
bawerk,8.313063313952811e-07
leith,8.313063313952811e-07
dogma,8.313063313952811e-07
menter,8.313063313952811e-07
photograph,8.313063313952811e-07
vacant,8.313063313952811e-07
materialist,8.313063313952811e-07
sympathet,8.313063313952811e-07
kindr,8.313063313952811e-07
cynthia,8.313063313952811e-07
transactioncost,8.313063313952811e-07
dispo,8.313063313952811e-07
fourteenth,8.313063313952811e-07
lass,8.313063313952811e-07
socioeco,8.313063313952811e-07
retract,8.313063313952811e-07
apparel,8.313063313952811e-07
bark,8.313063313952811e-07
deemphas,8.313063313952811e-07
jiy,8.313063313952811e-07
firstquart,8.313063313952811e-07
nonstatist,8.313063313952811e-07
tuft,8.313063313952811e-07
oneweek,8.313063313952811e-07
briefer,8.313063313952811e-07
backdrop,8.313063313952811e-07
fahrenheit,8.313063313952811e-07
lowskil,8.313063313952811e-07
ebb,8.313063313952811e-07
selfint,8.313063313952811e-07
apropo,8.313063313952811e-07
simist,8.313063313952811e-07
valv,8.313063313952811e-07
interject,8.313063313952811e-07
reuter,8.313063313952811e-07
marketori,8.313063313952811e-07
xfp,8.313063313952811e-07
passbook,8.313063313952811e-07
aill,8.313063313952811e-07
sozial,8.313063313952811e-07
summit,8.313063313952811e-07
cessat,8.313063313952811e-07
twn,8.313063313952811e-07
lampman,8.313063313952811e-07
tact,8.313063313952811e-07
lata,8.313063313952811e-07
timo,8.313063313952811e-07
taft,8.313063313952811e-07
rodrigu,8.313063313952811e-07
capaci,8.313063313952811e-07
subcontract,8.313063313952811e-07
destabilis,8.313063313952811e-07
weekday,8.313063313952811e-07
geous,8.313063313952811e-07
wah,8.313063313952811e-07
statesa,8.313063313952811e-07
marapr,8.313063313952811e-07
nro,8.313063313952811e-07
tellig,8.313063313952811e-07
rjo,8.313063313952811e-07
cisco,8.313063313952811e-07
nerat,8.313063313952811e-07
kalachek,8.313063313952811e-07
inim,8.313063313952811e-07
dinari,8.313063313952811e-07
eflect,8.313063313952811e-07
chess,8.313063313952811e-07
insolv,8.313063313952811e-07
unac,8.313063313952811e-07
oig,8.313063313952811e-07
bonanza,8.313063313952811e-07
vshape,8.313063313952811e-07
misconceiv,8.313063313952811e-07
profitr,8.313063313952811e-07
mund,8.313063313952811e-07
versat,8.313063313952811e-07
strik,8.313063313952811e-07
masquerad,8.313063313952811e-07
manganes,8.313063313952811e-07
junk,8.313063313952811e-07
tabula,8.313063313952811e-07
awak,8.313063313952811e-07
graff,8.313063313952811e-07
nmay,8.313063313952811e-07
crossclassifi,8.313063313952811e-07
merous,8.313063313952811e-07
ognit,8.313063313952811e-07
interestgroup,8.313063313952811e-07
unionnonunion,8.313063313952811e-07
headach,8.313063313952811e-07
itic,8.313063313952811e-07
bondag,8.313063313952811e-07
preserva,8.313063313952811e-07
cyd,8.313063313952811e-07
shower,8.313063313952811e-07
mcpherson,8.313063313952811e-07
categoris,8.313063313952811e-07
smithsonian,8.313063313952811e-07
brem,8.313063313952811e-07
bluf,8.313063313952811e-07
sevenyear,8.313063313952811e-07
amarket,8.313063313952811e-07
humblot,8.313063313952811e-07
wvhere,8.313063313952811e-07
presiden,8.313063313952811e-07
bodili,8.313063313952811e-07
mata,8.313063313952811e-07
roubl,8.313063313952811e-07
mischief,8.313063313952811e-07
metic,8.313063313952811e-07
midfifti,8.313063313952811e-07
inicom,8.313063313952811e-07
incl,8.313063313952811e-07
reign,8.313063313952811e-07
vali,8.313063313952811e-07
sport,8.313063313952811e-07
lynn,8.313063313952811e-07
lyle,8.313063313952811e-07
travi,8.313063313952811e-07
determnin,8.313063313952811e-07
rampant,8.313063313952811e-07
singleyear,8.313063313952811e-07
negotia,8.313063313952811e-07
vagari,8.313063313952811e-07
paperth,8.313063313952811e-07
liquida,8.313063313952811e-07
costli,8.313063313952811e-07
hud,8.313063313952811e-07
shay,8.313063313952811e-07
scure,8.313063313952811e-07
clone,8.313063313952811e-07
mankind,8.313063313952811e-07
bergmann,8.313063313952811e-07
deeproot,8.313063313952811e-07
butt,8.313063313952811e-07
festat,8.313063313952811e-07
paren,8.313063313952811e-07
twentiethcenturi,8.313063313952811e-07
finishedgood,8.313063313952811e-07
wilfr,8.313063313952811e-07
xiaohong,0.0
pinelopi,0.0
pseudotru,0.0
theorybas,0.0
picion,0.0
epic,0.0
raffaella,0.0
propagandist,0.0
waldtyp,0.0
cinema,0.0
dutiabl,0.0
bairoch,0.0
aleh,0.0
riedl,0.0
koujianou,0.0
staat,0.0
tsyvinski,0.0
barth,0.0
celsius,0.0
geschicht,0.0
weingast,0.0
eyebal,0.0
halfcenturi,0.0
serg,0.0
investmentspecif,0.0
golosov,0.0
democ,0.0
mach,0.0
gilat,0.0
cheaptalk,0.0
maghribi,0.0
arkolaki,0.0
itest,0.0
darwinian,0.0
timeofday,0.0
ninemonth,0.0
hercowitz,0.0
persecut,0.0
euroarea,0.0
erlbaum,0.0
plymouth,0.0
neonat,0.0
pendakur,0.0
cowan,0.0
fernndez,0.0
indign,0.0
cemmap,0.0
cusum,0.0
contempora,0.0
gile,0.0
mediterranean,0.0
prayer,0.0
farga,0.0
individuallevel,0.0
problemsolv,0.0
tesar,0.0
dsge,0.0
slovenia,0.0
enzler,0.0
brow,0.0
minb,0.0
domowitz,0.0
beard,0.0
gdps,0.0
globalis,0.0
fervor,0.0
misread,0.0
incurs,0.0
welsh,0.0
gorodnichenko,0.0
statesman,0.0
liar,0.0
brander,0.0
luj,0.0
cumbi,0.0
ozler,0.0
gabriella,0.0
scot,0.0
nlsi,0.0
rochell,0.0
sturdi,0.0
balti,0.0
glove,0.0
laborsurplus,0.0
ericsson,0.0
hension,0.0
flationari,0.0
cooter,0.0
hashimoto,0.0
raff,0.0
maitreesh,0.0
comb,0.0
certi,0.0
erosa,0.0
amiti,0.0
unmea,0.0
gianluca,0.0
seventeenthcenturi,0.0
imponder,0.0
readytoeat,0.0
bordeaux,0.0
cardiac,0.0
noneld,0.0
loweduc,0.0
kashyap,0.0
trenton,0.0
goodfriend,0.0
relationshipspecif,0.0
kroszner,0.0
seru,0.0
tawney,0.0
litan,0.0
pennacchi,0.0
wellbalanc,0.0
stayer,0.0
unrest,0.0
timeconst,0.0
jobber,0.0
interdepartment,0.0
tietz,0.0
garicano,0.0
biennial,0.0
silvana,0.0
undergon,0.0
ablebodi,0.0
hover,0.0
parri,0.0
nearestneighbor,0.0
zilibotti,0.0
iioi,0.0
cje,0.0
annika,0.0
labourmarket,0.0
dragon,0.0
addon,0.0
ghatak,0.0
dispassion,0.0
ottaviani,0.0
pentup,0.0
pischk,0.0
muhamet,0.0
restuccia,0.0
cambodia,0.0
einav,0.0
vogu,0.0
myatt,0.0
szent,0.0
jobtojob,0.0
lendleas,0.0
lindblom,0.0
authorship,0.0
remitt,0.0
wane,0.0
anglo,0.0
exalt,0.0
tremen,0.0
redid,0.0
misspeci,0.0
botswana,0.0
renelt,0.0
aschauer,0.0
marbl,0.0
jewish,0.0
nouriel,0.0
circumstanti,0.0
caprio,0.0
silan,0.0
ethnolinguist,0.0
roubini,0.0
nationwid,0.0
hanemann,0.0
warmer,0.0
hutchison,0.0
fasten,0.0
registri,0.0
testa,0.0
eldar,0.0
fervent,0.0
allround,0.0
inconclu,0.0
munnel,0.0
libecap,0.0
harsher,0.0
jongwha,0.0
baqir,0.0
preconcept,0.0
burundi,0.0
kenyan,0.0
deepak,0.0
syrquin,0.0
volk,0.0
syria,0.0
andhra,0.0
einzig,0.0
supercomput,0.0
sunset,0.0
flush,0.0
ogist,0.0
hemp,0.0
creed,0.0
hume,0.0
femalehead,0.0
unconfounded,0.0
assuag,0.0
glover,0.0
biomed,0.0
clari,0.0
transship,0.0
enclosur,0.0
cpiu,0.0
httpdxdoiorgaerp,0.0
abowd,0.0
myrdal,0.0
tietenberg,0.0
regressionbas,0.0
brill,0.0
swagel,0.0
isfact,0.0
colder,0.0
growthenhanc,0.0
villa,0.0
naughton,0.0
angrist,0.0
guyana,0.0
demn,0.0
inperson,0.0
marino,0.0
undersel,0.0
basecas,0.0
elbow,0.0
occupationspecif,0.0
nobuhiro,0.0
dismal,0.0
ligious,0.0
referendum,0.0
yogo,0.0
hmos,0.0
fident,0.0
wagelevel,0.0
zinman,0.0
kuerstein,0.0
hamish,0.0
eckaus,0.0
motohiro,0.0
rita,0.0
scribner,0.0
kclass,0.0
duflo,0.0
tafthartley,0.0
carlin,0.0
kleibergen,0.0
dropout,0.0
receivership,0.0
fundrais,0.0
jayachandran,0.0
dock,0.0
manip,0.0
jornsteffen,0.0
tionbas,0.0
warburton,0.0
propaganda,0.0
wwii,0.0
abrevaya,0.0
touchston,0.0
intenttotreat,0.0
soulel,0.0
kreinin,0.0
dualist,0.0
nourish,0.0
qualm,0.0
fairest,0.0
mcclure,0.0
abstractin,0.0
femalemal,0.0
glennerst,0.0
csf,0.0
rainf,0.0
armington,0.0
economid,0.0
topcod,0.0
locationspecif,0.0
schupp,0.0
joann,0.0
protectionist,0.0
mobarak,0.0
bandiera,0.0
siow,0.0
nurs,0.0
rupe,0.0
peanut,0.0
gresham,0.0
hegemoni,0.0
leviathan,0.0
withdrew,0.0
scanti,0.0
rohini,0.0
capozza,0.0
maledomin,0.0
jacquesfrancoi,0.0
melumad,0.0
microcredit,0.0
oriana,0.0
gradua,0.0
treatmentcontrol,0.0
selig,0.0
denounc,0.0
dearer,0.0
communitybas,0.0
fiftyf,0.0
wlhich,0.0
martial,0.0
kovenock,0.0
eliot,0.0
handel,0.0
selfselec,0.0
schnabel,0.0
bimetal,0.0
spokesman,0.0
devious,0.0
policyrelev,0.0
luft,0.0
baicker,0.0
myocardi,0.0
bankheld,0.0
rvb,0.0
knowledgebas,0.0
infarct,0.0
httpwwwmitpress,0.0
selfadjust,0.0
ztree,0.0
seventyfifth,0.0
aerp,0.0
bjrn,0.0
rodrik,0.0
nonmetropolitan,0.0
nephew,0.0
imran,0.0
italist,0.0
pradesh,0.0
rasul,0.0
culyer,0.0
wisest,0.0
journalsorgdoisuppl,0.0
microenterpris,0.0
pascalin,0.0
brick,0.0
monozygot,0.0
diffid,0.0
llerasmuney,0.0
pulp,0.0
viral,0.0
wageearn,0.0
permissionsoupcom,0.0
homestead,0.0
unicef,0.0
countrywid,0.0
hivaid,0.0
aldrich,0.0
amitabh,0.0
tanzania,0.0
positor,0.0
eroscedast,0.0
dredg,0.0
doiqjeqjt,0.0
fafchamp,0.0
ordinaryleastsquar,0.0
malawi,0.0
verhoogen,0.0
unanswer,0.0
nonborrow,0.0
incess,0.0
microfin,0.0
mushfiq,0.0
segr,0.0
pavoni,0.0
schweitzer,0.0
bangladeshi,0.0
adriana,0.0
frech,0.0
realtor,0.0
cling,0.0
fetter,0.0
randomis,0.0
prosecutor,0.0
blunder,0.0
dupa,0.0
gospel,0.0
bemank,0.0
matern,0.0
literaci,0.0
morduch,0.0
schiantarelli,0.0
differencesindiffer,0.0
redraw,0.0
suse,0.0
areawid,0.0
manyear,0.0
intercens,0.0
udri,0.0
employmentpopul,0.0
thorp,0.0
affilia,0.0
plaus,0.0
shirt,0.0
undernourish,0.0
burda,0.0
blanchflow,0.0
demobil,0.0
meltdown,0.0
slemrod,0.0
arcidiacono,0.0
raceethn,0.0
cahuc,0.0
rutstrom,0.0
gradstein,0.0
cxxi,0.0
landlabor,0.0
totalitarian,0.0
jena,0.0
craftsman,0.0
holtzeakin,0.0
gunn,0.0
akaik,0.0
liquidityconstrain,0.0
proci,0.0
embassi,0.0
benham,0.0
fuhito,0.0
tisi,0.0
quigley,0.0
semiparamet,0.0
redistrict,0.0
enemi,0.0
antidot,0.0
spade,0.0
nesheim,0.0
tayfun,0.0
vytlacil,0.0
pumpprim,0.0
antipathi,0.0
overhang,0.0
mushkin,0.0
jungl,0.0
talcott,0.0
baxter,0.0
joulfaian,0.0
tybout,0.0
topleft,0.0
workerfirm,0.0
susanto,0.0
lopezsalido,0.0
barlevi,0.0
kaestner,0.0
trite,0.0
settler,0.0
preju,0.0
unlearn,0.0
positivist,0.0
crank,0.0
hedonist,0.0
politicoeconom,0.0
metaphys,0.0
tragedi,0.0
caselli,0.0
procyc,0.0
anthropolog,0.0
philanthrop,0.0
twostandarddevi,0.0
technologydriven,0.0
esteem,0.0
hpfilter,0.0
leapfrog,0.0
preplay,0.0
ncj,0.0
ipum,0.0
sprawl,0.0
obstetr,0.0
rotem,0.0
insult,0.0
hobijn,0.0
gourincha,0.0
vulgar,0.0
rogat,0.0
aarhus,0.0
reec,0.0
bergstrand,0.0
tabu,0.0
insidi,0.0
anarchi,0.0
breyer,0.0
kocher,0.0
nearunivers,0.0
tavneet,0.0
earnest,0.0
tionalist,0.0
qjeoxfordjournalsorg,0.0
heteroskedasticconsist,0.0
schoollevel,0.0
tstati,0.0
jtpa,0.0
harstad,0.0
institutionalist,0.0
disarma,0.0
ilya,0.0
abdulkadiroglu,0.0
mouth,0.0
lectual,0.0
buera,0.0
gita,0.0
siegfri,0.0
papaioannou,0.0
bazerman,0.0
grogger,0.0
fascism,0.0
heteroskeda,0.0
swarm,0.0
pastur,0.0
coinag,0.0
wyplosz,0.0
urquiola,0.0
wholesom,0.0
dolan,0.0
fourfold,0.0
ajob,0.0
eagl,0.0
fallick,0.0
skillbias,0.0
geocod,0.0
schoolspecif,0.0
englishspeak,0.0
decker,0.0
ellwood,0.0
sixteenth,0.0
demor,0.0
strategyproof,0.0
norg,0.0
sabelhaus,0.0
cohortspecif,0.0
internship,0.0
mordechai,0.0
overexpans,0.0
luckingreiley,0.0
genesov,0.0
prasnikar,0.0
garfinkel,0.0
lethargi,0.0
rationalist,0.0
redound,0.0
juneseptemb,0.0
jaum,0.0
margo,0.0
palestin,0.0
nomad,0.0
posttreat,0.0
interjurisdict,0.0
clio,0.0
africanamerican,0.0
debted,0.0
cush,0.0
tertilt,0.0
curricula,0.0
ceaseless,0.0
galeshapley,0.0
conspiraci,0.0
googl,0.0
winkler,0.0
nonhealth,0.0
presi,0.0
yosha,0.0
householdlevel,0.0
extravag,0.0
snmez,0.0
macrodata,0.0
cipit,0.0
mestim,0.0
heaviest,0.0
madra,0.0
dull,0.0
purs,0.0
mighti,0.0
piger,0.0
natalia,0.0
yeapl,0.0
policyhold,0.0
hostcountri,0.0
calhoun,0.0
usborn,0.0
rious,0.0
counselor,0.0
acrossproduct,0.0
blonigen,0.0
unmarri,0.0
beil,0.0
tenreyro,0.0
greenston,0.0
tendigit,0.0
preach,0.0
furious,0.0
clinch,0.0
hmmel,0.0
underpay,0.0
friedlaend,0.0
kaldorian,0.0
sixdigit,0.0
heckscherohlinsamuelson,0.0
glori,0.0
pray,0.0
withinregion,0.0
comtrad,0.0
cawley,0.0
rajasthan,0.0
exhort,0.0
monika,0.0
restudrdu,0.0
demanddriven,0.0
omer,0.0
smallhold,0.0
maskus,0.0
searchbas,0.0
withinproduct,0.0
agedepend,0.0
atack,0.0
thirtynin,0.0
ananth,0.0
argen,0.0
colonel,0.0
productlevel,0.0
diplomat,0.0
metaanalysi,0.0
strobl,0.0
tramp,0.0
iioo,0.0
feenstra,0.0
noxious,0.0
hamberg,0.0
haddad,0.0
nafta,0.0
statesmanship,0.0
schankerman,0.0
magistr,0.0
khandelw,0.0
inalien,0.0
majesti,0.0
crossregion,0.0
trickledown,0.0
miseri,0.0
fiftyeight,0.0
wreck,0.0
klenow,0.0
effecta,0.0
hallak,0.0
cifar,0.0
signatori,0.0
birthrat,0.0
hollow,0.0
taiwanes,0.0
decenc,0.0
engerman,0.0
nechyba,0.0
flection,0.0
sjostrom,0.0
kortum,0.0
deteri,0.0
galasso,0.0
hightech,0.0
postdevalu,0.0
upheav,0.0
dishonest,0.0
devalua,0.0
burkina,0.0
sophomor,0.0
calibra,0.0
cmd,0.0
condom,0.0
dollarsterl,0.0
shill,0.0
tollison,0.0
pandem,0.0
lechen,0.0
jefferson,0.0
verdier,0.0
murder,0.0
walmart,0.0
leah,0.0
allembrac,0.0
mazzeo,0.0
dowri,0.0
deteriora,0.0
krizan,0.0
appren,0.0
emigr,0.0
unscientif,0.0
dexter,0.0
doer,0.0
contributori,0.0
kitchen,0.0
nental,0.0
localcurr,0.0
unprepar,0.0
soup,0.0
ciliberto,0.0
currentaccount,0.0
lanham,0.0
inatten,0.0
edict,0.0
zeal,0.0
civiliza,0.0
disgust,0.0
deaf,0.0
cramton,0.0
bourgeoisi,0.0
finch,0.0
completeinform,0.0
herzog,0.0
paxson,0.0
monarchi,0.0
telecommunica,0.0
plunder,0.0
putterman,0.0
geoff,0.0
lutkepohl,0.0
lancashir,0.0
supergametheoret,0.0
landown,0.0
spragu,0.0
exclaim,0.0
indon,0.0
nonriv,0.0
grass,0.0
manovskii,0.0
iourii,0.0
intracountri,0.0
frontload,0.0
nonexclud,0.0
cottag,0.0
hansard,0.0
franck,0.0
barley,0.0
insideroutsid,0.0
majorityown,0.0
woeful,0.0
mathewson,0.0
mikesel,0.0
discont,0.0
storm,0.0
compan,0.0
crowdingout,0.0
ioio,0.0
domenico,0.0
registrar,0.0
fluent,0.0
ziliak,0.0
gramlich,0.0
joreskog,0.0
rossihansberg,0.0
smile,0.0
okla,0.0
herrendorf,0.0
antipoverti,0.0
comanor,0.0
dinardo,0.0
ohanian,0.0
retrogress,0.0
bassetto,0.0
kaboski,0.0
ays,0.0
doan,0.0
afdc,0.0
basl,0.0
majoritarian,0.0
naic,0.0
pigiron,0.0
balogh,0.0
taxadjust,0.0
gromb,0.0
miscella,0.0
sonsteli,0.0
valletta,0.0
ordov,0.0
nonaltruist,0.0
psacharopoulo,0.0
caseload,0.0
dupor,0.0
matsusaka,0.0
kjetil,0.0
semimanufactur,0.0
doepk,0.0
jobmatch,0.0
miscarriag,0.0
industrializa,0.0
dirt,0.0
lumsdain,0.0
quitter,0.0
assar,0.0
wooder,0.0
urbanrur,0.0
laud,0.0
fiftyfour,0.0
mairess,0.0
mcgowan,0.0
troop,0.0
transnat,0.0
township,0.0
halfyear,0.0
bartik,0.0
countryindustri,0.0
canal,0.0
misconstru,0.0
almond,0.0
goetz,0.0
hobson,0.0
layout,0.0
nevill,0.0
imrohoroglu,0.0
thirtyf,0.0
bimonth,0.0
andolfatto,0.0
atila,0.0
robertj,0.0
flypap,0.0
fanat,0.0
girl,0.0
arec,0.0
watkin,0.0
propoor,0.0
raquel,0.0
dewhurst,0.0
peranson,0.0
cairncross,0.0
department,0.0
shangjin,0.0
cepii,0.0
revoc,0.0
caliendo,0.0
sharecropp,0.0
costinot,0.0
crosssubsidi,0.0
retrench,0.0
rodrguezclar,0.0
vere,0.0
igan,0.0
reproach,0.0
woolen,0.0
overman,0.0
schorfheid,0.0
vacil,0.0
cultiva,0.0
norfolk,0.0
thakor,0.0
laugh,0.0
welfareenhanc,0.0
februarymarch,0.0
needi,0.0
rodriguezclar,0.0
lopezdesilan,0.0
hoselitz,0.0
somanathan,0.0
makeshift,0.0
porarili,0.0
dread,0.0
assent,0.0
homegrown,0.0
corrup,0.0
bestrespond,0.0
lacea,0.0
redux,0.0
bourgeoi,0.0
proletarian,0.0
piazzesi,0.0
biomass,0.0
defraud,0.0
gopinath,0.0
intermediategood,0.0
beata,0.0
bentham,0.0
besanko,0.0
buoyant,0.0
corwin,0.0
graze,0.0
professori,0.0
lauren,0.0
prose,0.0
intrahous,0.0
kranton,0.0
hoddinott,0.0
intergovern,0.0
superannu,0.0
unionmanag,0.0
ogaki,0.0
argentin,0.0
ofjob,0.0
quasitransit,0.0
cassadi,0.0
meza,0.0
clyde,0.0
salai,0.0
deolalikar,0.0
mischiev,0.0
strove,0.0
zhao,0.0
harriss,0.0
digniti,0.0
wherewith,0.0
billboard,0.0
rubinfeld,0.0
bendavid,0.0
wholes,0.0
ldcs,0.0
warmglow,0.0
firstdifferenc,0.0
melvyn,0.0
genderspecif,0.0
smack,0.0
yearspecif,0.0
fjv,0.0
villard,0.0
predevalu,0.0
anceofpay,0.0
countrylevel,0.0
subop,0.0
kalina,0.0
manova,0.0
tomato,0.0
laborabund,0.0
skillintens,0.0
schennach,0.0
reactionari,0.0
kruse,0.0
underr,0.0
javorcik,0.0
lianc,0.0
downfal,0.0
caldwel,0.0
logtot,0.0
strait,0.0
intellect,0.0
romali,0.0
sipp,0.0
logearn,0.0
vineyard,0.0
nonperman,0.0
yearn,0.0
vaart,0.0
impu,0.0
thiev,0.0
tenor,0.0
garsington,0.0
globaliza,0.0
weal,0.0
sectorlevel,0.0
fright,0.0
threeperson,0.0
salesmanship,0.0
enlist,0.0
nobil,0.0
microevid,0.0
rightskew,0.0
fulton,0.0
mazumdar,0.0
brandon,0.0
misrepresent,0.0
repetto,0.0
obligatori,0.0
triennial,0.0
halfheart,0.0
outbreak,0.0
definedcontribut,0.0
surplusmaxim,0.0
yinger,0.0
antidepress,0.0
subconsci,0.0
abstracta,0.0
nonpens,0.0
atmo,0.0
prakash,0.0
majorityrul,0.0
lalond,0.0
gillian,0.0
reran,0.0
instructor,0.0
lesotho,0.0
arellano,0.0
polinski,0.0
andersonrubin,0.0
bluecollar,0.0
moreskil,0.0
todaro,0.0
dipak,0.0
postcolleg,0.0
huberwhit,0.0
confeder,0.0
nonretir,0.0
nairobi,0.0
imben,0.0
annamaria,0.0
hawk,0.0
estrella,0.0
italia,0.0
actuat,0.0
unesco,0.0
bipartisan,0.0
rearmament,0.0
animos,0.0
crestinse,0.0
jinyong,0.0
benni,0.0
refractori,0.0
hidehiko,0.0
showcas,0.0
wellnigh,0.0
modelimpli,0.0
ooooooo,0.0
ossa,0.0
stereotyp,0.0
postelvinay,0.0
pistaferri,0.0
munch,0.0
georgemario,0.0
incomebas,0.0
intercommun,0.0
ackerman,0.0
serena,0.0
jushan,0.0
salabl,0.0
ornament,0.0
egyptian,0.0
fujiwara,0.0
supplydriven,0.0
fivedigit,0.0
jaimovich,0.0
standstil,0.0
iooooo,0.0
ghironi,0.0
brave,0.0
solemn,0.0
modelgener,0.0
swell,0.0
jubile,0.0
impera,0.0
moldovanu,0.0
iiio,0.0
hyun,0.0
clergi,0.0
skilledunskil,0.0
aprajit,0.0
crmer,0.0
obc,0.0
villaverd,0.0
maritim,0.0
amput,0.0
lbd,0.0
shale,0.0
violant,0.0
beggar,0.0
californiasanta,0.0
insurrect,0.0
deavor,0.0
cemfi,0.0
awaken,0.0
asylum,0.0
offthejob,0.0
grabowski,0.0
telia,0.0
infest,0.0
brethren,0.0
fled,0.0
mouton,0.0
eeckhout,0.0
hawaiian,0.0
withinst,0.0
eigner,0.0
glorious,0.0
chiswick,0.0
trict,0.0
proclaim,0.0
maladjust,0.0
insu,0.0
upkeep,0.0
sociodemograph,0.0
jurisprud,0.0
marilda,0.0
hitoshi,0.0
specter,0.0
keisuk,0.0
peasantri,0.0
definedbenefit,0.0
expenditurebas,0.0
curriculum,0.0
baltagi,0.0
goodrich,0.0
showup,0.0
preperiod,0.0
ratif,0.0
jealousi,0.0
immov,0.0
yujiro,0.0
httpwwweconometricsocieti,0.0
sack,0.0
webpag,0.0
abhijit,0.0
privatis,0.0
calam,0.0
ldv,0.0
yeung,0.0
teckhua,0.0
milli,0.0
scandinavia,0.0
rediscount,0.0
armistic,0.0
kone,0.0
snap,0.0
sinden,0.0
suffrag,0.0
gid,0.0
captiv,0.0
secondpric,0.0
rebitz,0.0
preretir,0.0
hortasu,0.0
alessandra,0.0
syverson,0.0
moreeduc,0.0
employerprovid,0.0
minimumwag,0.0
panagariya,0.0
ary,0.0
ioooo,0.0
breusch,0.0
bred,0.0
butcher,0.0
festiv,0.0
emperor,0.0
pinks,0.0
jackman,0.0
ticabl,0.0
galeotti,0.0
foreignexchang,0.0
remarriag,0.0
antiinflationari,0.0
msj,0.0
marketspecif,0.0
ligon,0.0
seim,0.0
hiroyuki,0.0
crook,0.0
frenchmen,0.0
consul,0.0
jenk,0.0
exemp,0.0
munit,0.0
riculum,0.0
hinshaw,0.0
firstmov,0.0
modelpredict,0.0
seligman,0.0
shanghai,0.0
pulmonari,0.0
courtesi,0.0
meanstest,0.0
sanderson,0.0
ideo,0.0
vessel,0.0
monster,0.0
statistisk,0.0
crumbl,0.0
chernozhukov,0.0
programszip,0.0
morimun,0.0
stickypric,0.0
fenc,0.0
lesseduc,0.0
pretrend,0.0
teamwork,0.0
jamal,0.0
startz,0.0
domicil,0.0
earlylif,0.0
veldkamp,0.0
gosplan,0.0
wholeheart,0.0
munism,0.0
anachronist,0.0
viction,0.0
canadaunit,0.0
canadaus,0.0
freehand,0.0
wincoop,0.0
dube,0.0
idaho,0.0
canadianus,0.0
disorgan,0.0
lusardi,0.0
ottaviano,0.0
repuls,0.0
ofpay,0.0
villagelevel,0.0
tibshirani,0.0
prerog,0.0
protection,0.0
mattia,0.0
tamer,0.0
yuichi,0.0
pavan,0.0
mage,0.0
deport,0.0
stateown,0.0
squintani,0.0
reconvers,0.0
bahrain,0.0
martimort,0.0
vigdor,0.0
trefler,0.0
purchasingpow,0.0
oratori,0.0
turgot,0.0
zemski,0.0
affirmativeact,0.0
eeoc,0.0
higherrank,0.0
scotchmer,0.0
lexisnexi,0.0
malpractic,0.0
bernd,0.0
stateyear,0.0
schmukler,0.0
squir,0.0
specificfactor,0.0
reconstruc,0.0
gravita,0.0
desegreg,0.0
rawmateri,0.0
vista,0.0
erceg,0.0
workmanship,0.0
bhaskar,0.0
nguyen,0.0
employmentbas,0.0
wound,0.0
anthracit,0.0
ciccon,0.0
tastebas,0.0
korenman,0.0
overrepr,0.0
regionyear,0.0
kofi,0.0
jagadeesh,0.0
countyyear,0.0
courtord,0.0
amiss,0.0
guryan,0.0
leonal,0.0
collegi,0.0
hockey,0.0
ashgat,0.0
calmfor,0.0
kalemliozcan,0.0
freezer,0.0
robb,0.0
performancerel,0.0
navarro,0.0
bydo,0.0
twofirm,0.0
eicher,0.0
perpupil,0.0
mieszkowski,0.0
schoolbas,0.0
levchenko,0.0
transcontinent,0.0
mcguckin,0.0
usown,0.0
rdintens,0.0
lowtech,0.0
prepara,0.0
spectacl,0.0
shakotko,0.0
perand,0.0
agroclimat,0.0
lowess,0.0
alton,0.0
ifpri,0.0
underus,0.0
alaskan,0.0
metropolishast,0.0
pectanc,0.0
overcharg,0.0
aegi,0.0
lnwage,0.0
aten,0.0
revenga,0.0
spilimbergo,0.0
productivityenhanc,0.0
rubioramirez,0.0
gijbel,0.0
fiftythre,0.0
overeduc,0.0
cohortbas,0.0
overid,0.0
collegehigh,0.0
rivkin,0.0
grebler,0.0
outmod,0.0
chisel,0.0
sjaastad,0.0
microsimul,0.0
codif,0.0
retrofit,0.0
prefabr,0.0
klundert,0.0
virgiliu,0.0
ecent,0.0
bestcas,0.0
propensityscor,0.0
njs,0.0
persua,0.0
highachiev,0.0
winnick,0.0
onsit,0.0
machinist,0.0
espous,0.0
betting,0.0
backofth,0.0
alasdair,0.0
sowel,0.0
countrypair,0.0
procliv,0.0
webbas,0.0
noninteract,0.0
wvage,0.0
groshen,0.0
creditconstrain,0.0
farmlevel,0.0
counterfac,0.0
shafir,0.0
emnploy,0.0
semipara,0.0
qmle,0.0
blackwhit,0.0
nonschool,0.0
lowgrowth,0.0
vaccara,0.0
posthigh,0.0
oversampl,0.0
whos,0.0
gopolist,0.0
sebnem,0.0
milesiferretti,0.0
tarki,0.0
beresteanu,0.0
ortalomagn,0.0
hillsdal,0.0
reuven,0.0
moroney,0.0
twopar,0.0
gretchen,0.0
dryer,0.0
fischhoff,0.0
acton,0.0
httpwwwaeaweborgarticlesphpdoi,0.0
impulserespons,0.0
strmberg,0.0
bebchuk,0.0
egorov,0.0
briberi,0.0
konishi,0.0
chwe,0.0
wynn,0.0
armslength,0.0
yuliy,0.0
extramargin,0.0
turnout,0.0
multifamili,0.0
footag,0.0
islat,0.0
numeraci,0.0
dishwash,0.0
condition,0.0
benci,0.0
tunnel,0.0
tideman,0.0
weilb,0.0
oakland,0.0
sannikov,0.0
sbordon,0.0
indoor,0.0
doiqjeqj,0.0
arellanobond,0.0
downweight,0.0
multistep,0.0
segerstrom,0.0
nonurban,0.0
briefest,0.0
walland,0.0
ahluwalia,0.0
dinopoulo,0.0
hermalin,0.0
technion,0.0
tarun,0.0
khanna,0.0
ribar,0.0
energyeffici,0.0
landfil,0.0
yvl,0.0
renov,0.0
athlet,0.0
topa,0.0
skoufia,0.0
noldek,0.0
shu,0.0
lnh,0.0
narendranathan,0.0
michaelid,0.0
dakota,0.0
yoon,0.0
ponzetto,0.0
blip,0.0
holdup,0.0
rdbase,0.0
payoffmaxim,0.0
wageproduct,0.0
hafer,0.0
deputi,0.0
grubb,0.0
tiff,0.0
intercompani,0.0
mellow,0.0
outbid,0.0
loecker,0.0
collardwexl,0.0
doiqjeqju,0.0
enor,0.0
straction,0.0
nonbank,0.0
stim,0.0
tanf,0.0
inroad,0.0
nondis,0.0
logdevi,0.0
expectationsaug,0.0
indoctrin,0.0
deseason,0.0
cooler,0.0
complexion,0.0
neven,0.0
stove,0.0
redesign,0.0
plianc,0.0
statetost,0.0
usercost,0.0
lawn,0.0
withincohort,0.0
brookingswharton,0.0
lnyt,0.0
humanitarian,0.0
battistin,0.0
eyster,0.0
branstett,0.0
masanori,0.0
inderst,0.0
oberholzerge,0.0
arleen,0.0
rosenblat,0.0
crosssubsid,0.0
belov,0.0
malici,0.0
developedcountri,0.0
leeway,0.0
overus,0.0
abrahams,0.0
oncelag,0.0
tourna,0.0
venkatesh,0.0
noncooper,0.0
higherproduct,0.0
subsidiza,0.0
nonfulfil,0.0
workload,0.0
housebuild,0.0
bathroom,0.0
titfortat,0.0
jurisd,0.0
electrician,0.0
experienceearn,0.0
staf,0.0
addic,0.0
westinghous,0.0
cogan,0.0
peach,0.0
studv,0.0
yanke,0.0
interag,0.0
tower,0.0
nonmarkovian,0.0
permanenttransitori,0.0
istrat,0.0
crosscoun,0.0
fatih,0.0
behzad,0.0
straszheim,0.0
smallerscal,0.0
genoa,0.0
twoearner,0.0
goeken,0.0
logwag,0.0
lubotski,0.0
sobek,0.0
kaplanmei,0.0
sevendigit,0.0
kalbfleisch,0.0
etmt,0.0
sitespecif,0.0
crue,0.0
airfram,0.0
testtak,0.0
sheena,0.0
eleanor,0.0
ich,0.0
bride,0.0
generalist,0.0
immor,0.0
httpwwwaeaweborgarticlesphp,0.0
stacey,0.0
swidinski,0.0
feeforservic,0.0
uneth,0.0
perfunctori,0.0
fiorina,0.0
coughlin,0.0
knetsch,0.0
ashok,0.0
entrydet,0.0
lockhe,0.0
bestpractic,0.0
hjb,0.0
reichelstein,0.0
nonpurchas,0.0
schmookler,0.0
nixon,0.0
klett,0.0
retribut,0.0
emilio,0.0
moldova,0.0
tajikistan,0.0
djankov,0.0
pavcnik,0.0
knittel,0.0
scarpetta,0.0
jobrel,0.0
joaquin,0.0
sacramento,0.0
mroz,0.0
cliometr,0.0
citrus,0.0
grumbl,0.0
costcut,0.0
itskhoki,0.0
ginia,0.0
discover,0.0
ordeshook,0.0
macroprudenti,0.0
lifesav,0.0
constrainedeffici,0.0
decod,0.0
nontradit,0.0
healthier,0.0
picker,0.0
oligopsonist,0.0
diazalejandro,0.0
earningsrel,0.0
highereduc,0.0
sutter,0.0
zenou,0.0
piecer,0.0
tryspecif,0.0
peergroup,0.0
schwartzman,0.0
diermeier,0.0
wagebas,0.0
elitist,0.0
brows,0.0
nigerian,0.0
gopoli,0.0
arctic,0.0
mishra,0.0
dolado,0.0
wzb,0.0
frontal,0.0
nofault,0.0
ellingsen,0.0
neeman,0.0
developingcountri,0.0
stackel,0.0
nonfat,0.0
tocorrel,0.0
immediaci,0.0
httpwwweconometricsocietyorgectasupmatdata,0.0
custodi,0.0
buckl,0.0
orphanid,0.0
bership,0.0
likelihoodbas,0.0
bandpass,0.0
disengag,0.0
headon,0.0
hardship,0.0
vehement,0.0
topright,0.0
employmentweight,0.0
bottomleft,0.0
takeaway,0.0
exodus,0.0
sadoulet,0.0
spondent,0.0
maarten,0.0
inwork,0.0
elong,0.0
mainstay,0.0
capitul,0.0
iranian,0.0
kennickel,0.0
nye,0.0
subsaharan,0.0
crosscohort,0.0
cheryl,0.0
brooksgunn,0.0
capsul,0.0
racespecif,0.0
terleckyj,0.0
outofwedlock,0.0
riverabatiz,0.0
phasein,0.0
apg,0.0
tractlevel,0.0
volvement,0.0
markovswitch,0.0
carrasco,0.0
bootstrapbas,0.0
chib,0.0
portier,0.0
dedola,0.0
sanjeev,0.0
usjapan,0.0
ignit,0.0
twentyon,0.0
deconstruct,0.0
ondari,0.0
tanzi,0.0
kwon,0.0
attorney,0.0
bottomright,0.0
scheffman,0.0
kaminski,0.0
cch,0.0
whim,0.0
noncontract,0.0
regressionadjust,0.0
ssdi,0.0
siepr,0.0
twentyeight,0.0
alessi,0.0
kallal,0.0
coalitionproof,0.0
medoff,0.0
stavin,0.0
neher,0.0
brynjolfsson,0.0
softwood,0.0
wascher,0.0
capabili,0.0
resourcebas,0.0
fomc,0.0
quiri,0.0
ildot,0.0
bhandari,0.0
kernelbas,0.0
quaint,0.0
ravikumar,0.0
bayoumi,0.0
norsworthi,0.0
dickhaut,0.0
posttest,0.0
takeo,0.0
broner,0.0
broadband,0.0
nason,0.0
clos,0.0
contextspecif,0.0
gchter,0.0
nisbett,0.0
statementsvisit,0.0
nationallevel,0.0
eijt,0.0
regressiondiscontinu,0.0
glomm,0.0
sdn,0.0
huntergather,0.0
corridor,0.0
mihir,0.0
orszag,0.0
opposi,0.0
documentari,0.0
wileyblackwel,0.0
frber,0.0
haveman,0.0
josseybass,0.0
agric,0.0
bop,0.0
wittman,0.0
winnertakeal,0.0
plywood,0.0
restudrd,0.0
assetback,0.0
woessmann,0.0
sizeadjust,0.0
capron,0.0
eurostat,0.0
nonprofession,0.0
agel,0.0
perior,0.0
tlq,0.0
ageearn,0.0
typist,0.0
portal,0.0
rodrigo,0.0
ruption,0.0
metaanalyt,0.0
lowerthanaverag,0.0
variablesth,0.0
rupt,0.0
daedalus,0.0
pricea,0.0
arabia,0.0
productioni,0.0
repeatedgam,0.0
opoli,0.0
flank,0.0
puri,0.0
vech,0.0
perfirm,0.0
sizewag,0.0
taskspecif,0.0
phillipsperron,0.0
prestigi,0.0
onetwelfth,0.0
pricefix,0.0
melinda,0.0
hypertens,0.0
sadun,0.0
wageeffort,0.0
greenaway,0.0
technologyskil,0.0
areal,0.0
teas,0.0
gilroy,0.0
aizenman,0.0
chees,0.0
supervisori,0.0
roosevelt,0.0
cameron,0.0
autocrat,0.0
leeper,0.0
shelv,0.0
shogren,0.0
crossroad,0.0
hartog,0.0
tudin,0.0
longi,0.0
selfregul,0.0
coasian,0.0
foremen,0.0
guild,0.0
ligat,0.0
walstad,0.0
serfl,0.0
cryptic,0.0
largerscal,0.0
pudney,0.0
pankaj,0.0
taurant,0.0
dewald,0.0
ailsa,0.0
dine,0.0
usitc,0.0
factorsav,0.0
obsta,0.0
cpss,0.0
yearonyear,0.0
tradedgood,0.0
jacklin,0.0
rescind,0.0
winterebm,0.0
meticul,0.0
prefilt,0.0
logincom,0.0
oxid,0.0
guangdong,0.0
climax,0.0
mcmahon,0.0
bharadwaj,0.0
congo,0.0
prodigi,0.0
envir,0.0
palmquist,0.0
koert,0.0
farquharson,0.0
rket,0.0
oxygen,0.0
frastructur,0.0
guilherm,0.0
industryoccup,0.0
kaiser,0.0
vatize,0.0
nonindex,0.0
bergsman,0.0
powder,0.0
withinc,0.0
aggregatelevel,0.0
peabodi,0.0
pollakowski,0.0
burlington,0.0
haulag,0.0
seabright,0.0
unfett,0.0
coastal,0.0
nichd,0.0
antidiscrimin,0.0
mok,0.0
aggriev,0.0
bethlehem,0.0
hearth,0.0
tandon,0.0
laughlin,0.0
rentseek,0.0
nondemocraci,0.0
changea,0.0
euphem,0.0
betweenindustri,0.0
downsian,0.0
capandtrad,0.0
brass,0.0
disgruntl,0.0
currentdollar,0.0
basevi,0.0
herb,0.0
unmistak,0.0
selectivitycorrect,0.0
coloc,0.0
racesex,0.0
costshar,0.0
gypsum,0.0
qijt,0.0
indexlink,0.0
orgaer,0.0
wrenlewi,0.0
menac,0.0
httpdxdoi,0.0
arteri,0.0
malfeas,0.0
carmichael,0.0
probationari,0.0
lawsuit,0.0
nonrivalri,0.0
nonpartici,0.0
undocu,0.0
offens,0.0
testb,0.0
coven,0.0
postsecond,0.0
disa,0.0
balancedbudget,0.0
mathstrutbbb,0.0
glish,0.0
featherman,0.0
fnk,0.0
dobkin,0.0
commodityspecif,0.0
daycar,0.0
hydraul,0.0
provincelevel,0.0
krzyzaniak,0.0
intercohort,0.0
bullet,0.0
zambia,0.0
twentythre,0.0
wwww,0.0
postaccord,0.0
yotopoulo,0.0
burnin,0.0
ironi,0.0
multiway,0.0
workingpap,0.0
unfit,0.0
cement,0.0
intercountri,0.0
oneman,0.0
beckman,0.0
nonmatch,0.0
ratebas,0.0
quicken,0.0
patentsrd,0.0
agendaset,0.0
megan,0.0
schanzenbach,0.0
toledo,0.0
disarray,0.0
schivardi,0.0
zivot,0.0
ethiopian,0.0
tection,0.0
intentiontotreat,0.0
maesta,0.0
nonfil,0.0
courchen,0.0
wuhausman,0.0
neudc,0.0
monthyear,0.0
wagepush,0.0
icaid,0.0
tragic,0.0
wrongsign,0.0
nhh,0.0
exoner,0.0
specious,0.0
ashcraft,0.0
villain,0.0
degreesoffreedom,0.0
rmm,0.0
typej,0.0
linder,0.0
longhaul,0.0
stavro,0.0
nator,0.0
shorthaul,0.0
prasad,0.0
dew,0.0
gallaway,0.0
ethiopia,0.0
ancecovari,0.0
truthtel,0.0
firstround,0.0
authorsjourn,0.0
economca,0.0
theeconomicjourn,0.0
traf,0.0
unsubsid,0.0
ecca,0.0
ukand,0.0
dwarf,0.0
sdrs,0.0
minasian,0.0
deregu,0.0
fnma,0.0
smelt,0.0
trebl,0.0
portfoliobal,0.0
shortcircuit,0.0
grievous,0.0
iggo,0.0
amodel,0.0
ajoint,0.0
reexamina,0.0
waterway,0.0
annualis,0.0
impun,0.0
productspecif,0.0
leed,0.0
abovemarket,0.0
greedi,0.0
stromsdorf,0.0
soligo,0.0
lauma,0.0
gentri,0.0
seth,0.0
perinat,0.0
debttogdp,0.0
applaud,0.0
incomerel,0.0
asean,0.0
midtwentieth,0.0
malehead,0.0
inland,0.0
underin,0.0
laser,0.0
minimumdist,0.0
stifl,0.0
pfann,0.0
maimonid,0.0
computeraid,0.0
highunemploy,0.0
mohsin,0.0
metallurg,0.0
journalsorgdoisupplresta,0.0
rlh,0.0
ownwag,0.0
unobtain,0.0
steelmak,0.0
scfs,0.0
bitumin,0.0
insular,0.0
baht,0.0
handinhand,0.0
birthweight,0.0
unconstitut,0.0
nosal,0.0
proscript,0.0
minford,0.0
persian,0.0
micromacro,0.0
kline,0.0
exxon,0.0
marina,0.0
prennushi,0.0
misallo,0.0
sill,0.0
notefigur,0.0
rizon,0.0
warmth,0.0
highvari,0.0
solowswan,0.0
westminst,0.0
nozick,0.0
preemp,0.0
gibil,0.0
poultri,0.0
discontin,0.0
axelrod,0.0
httpwwwaeaweborgarticlesphpdoiaerl,0.0
probabi,0.0
highlow,0.0
ratesth,0.0
youngstown,0.0
ingot,0.0
lpezsalido,0.0
perloff,0.0
craig,0.0
subpopula,0.0
thoughtprovok,0.0
platteau,0.0
firstclass,0.0
apportion,0.0
optout,0.0
hortacsu,0.0
compart,0.0
procompetit,0.0
highdens,0.0
genadek,0.0
teamster,0.0
postwwii,0.0
ambrus,0.0
liebowitz,0.0
maital,0.0
infract,0.0
sheehan,0.0
paperwork,0.0
zerocoupon,0.0
endgam,0.0
inspec,0.0
sexspecif,0.0
nevermarri,0.0
compendium,0.0
unconting,0.0
strippeddown,0.0
residen,0.0
workmen,0.0
outputbas,0.0
lowdens,0.0
fdic,0.0
fluiditi,0.0
centiped,0.0
qml,0.0
varb,0.0
mbas,0.0
sicherman,0.0
outofthemoney,0.0
threeday,0.0
anthropogen,0.0
offerman,0.0
texasaustin,0.0
mercosur,0.0
slo,0.0
cleans,0.0
disintermedi,0.0
blss,0.0
coerc,0.0
uijt,0.0
overidenti,0.0
yearofbirth,0.0
jere,0.0
belowmarket,0.0
coevolut,0.0
fixedexchanger,0.0
maldiv,0.0
postbretton,0.0
floatingr,0.0
ngos,0.0
purist,0.0
tator,0.0
logodd,0.0
placebo,0.0
bjrklund,0.0
xineffici,0.0
perezquiro,0.0
undersampl,0.0
krishnaiah,0.0
saiz,0.0
withinindustri,0.0
marijuana,0.0
wlb,0.0
rudi,0.0
boombust,0.0
subcontractor,0.0
arlington,0.0
minivan,0.0
delink,0.0
journalspermissionsoupcom,0.0
firesal,0.0
mocan,0.0
restudrdt,0.0
growthori,0.0
missil,0.0
withincounti,0.0
unremark,0.0
slivinski,0.0
transactionlevel,0.0
msalevel,0.0
kormendi,0.0
meguir,0.0
lowachiev,0.0
yona,0.0
dominitz,0.0
noponzi,0.0
withinfirm,0.0
zupan,0.0
multidisciplinari,0.0
crossciti,0.0
statebyyear,0.0
demirguckunt,0.0
serven,0.0
phillipscurv,0.0
moggridg,0.0
childspecif,0.0
ssb,0.0
schmittberg,0.0
presentbias,0.0
shachat,0.0
bilson,0.0
armap,0.0
harpercollin,0.0
chotom,0.0
biesebroeck,0.0
balduzzi,0.0
choudhri,0.0
apartheid,0.0
torvik,0.0
bhps,0.0
jrnsteffen,0.0
gelbach,0.0
undercapit,0.0
holdingperiod,0.0
splitsampl,0.0
haircut,0.0
notenumb,0.0
emitt,0.0
exag,0.0
beforeaft,0.0
kogut,0.0
portiv,0.0
plimt,0.0
logutil,0.0
plaint,0.0
nchs,0.0
optimizationbas,0.0
expenditureswitch,0.0
coursey,0.0
higherskil,0.0
dilapid,0.0
sadek,0.0
scenar,0.0
stint,0.0
dasheddot,0.0
vault,0.0
taxicab,0.0
sdf,0.0
ros,0.0
twocandid,0.0
holdout,0.0
nonpay,0.0
nonmanageri,0.0
afraid,0.0
sascha,0.0
exclusionari,0.0
secreci,0.0
mackiemason,0.0
reimpos,0.0
bernhard,0.0
spann,0.0
supervi,0.0
souirc,0.0
viiib,0.0
fallout,0.0
wellmanag,0.0
kain,0.0
loungani,0.0
reorganiza,0.0
wohl,0.0
neuroeconom,0.0
undp,0.0
dirtier,0.0
nonmarri,0.0
bondfinanc,0.0
descen,0.0
vear,0.0
expm,0.0
highestcost,0.0
plumber,0.0
publicsector,0.0
postshock,0.0
micklewright,0.0
anand,0.0
hinkley,0.0
resourceus,0.0
topograph,0.0
samplea,0.0
eichen,0.0
mazumd,0.0
darren,0.0
highercost,0.0
genberg,0.0
doiqjeqjv,0.0
qjeoxfordjournalorg,0.0
ccf,0.0
averchjohnson,0.0
sohmen,0.0
nonmet,0.0
daytim,0.0
voltag,0.0
topay,0.0
reschedul,0.0
deining,0.0
ferral,0.0
ekonomiki,0.0
francesconi,0.0
paserman,0.0
cge,0.0
tsta,0.0
nighttim,0.0
alevel,0.0
piecework,0.0
papk,0.0
superfund,0.0
selfimag,0.0
bankspecif,0.0
selfpercept,0.0
frijter,0.0
nonacceler,0.0
datcher,0.0
barrogordon,0.0
pravda,0.0
karel,0.0
kiley,0.0
piano,0.0
enceindiffer,0.0
undersmooth,0.0
ridker,0.0
interestinelast,0.0
disciplinari,0.0
purveyor,0.0
nongovern,0.0
moss,0.0
omywid,0.0
loglevel,0.0
eighthour,0.0
matouschek,0.0
repric,0.0
falter,0.0
visa,0.0
carson,0.0
districtspecif,0.0
thij,0.0
gerat,0.0
fiftysix,0.0
housekeep,0.0
metallurgi,0.0
abovedescrib,0.0
finetun,0.0
constantqu,0.0
daylight,0.0
onehour,0.0
higheduc,0.0
odor,0.0
unmet,0.0
condemn,0.0
janvri,0.0
bandwagon,0.0
unimagin,0.0
khwaja,0.0
londregan,0.0
puga,0.0
imperil,0.0
highstak,0.0
normann,0.0
recit,0.0
manda,0.0
interventionist,0.0
waterson,0.0
broseta,0.0
initia,0.0
longlast,0.0
industrybyindustri,0.0
fens,0.0
environmentalist,0.0
heed,0.0
congressmen,0.0
bacchetta,0.0
eurozon,0.0
orgarticlesphpdoia,0.0
dotsey,0.0
alogoskoufi,0.0
chainweight,0.0
bordo,0.0
giannoni,0.0
subterfug,0.0
galenson,0.0
braith,0.0
wantchekon,0.0
thoenig,0.0
nonanonym,0.0
rotter,0.0
eissa,0.0
studentlevel,0.0
nbs,0.0
changtai,0.0
policyrel,0.0
angri,0.0
mncs,0.0
sierra,0.0
recalcitr,0.0
ntbs,0.0
phaseout,0.0
keimu,0.0
yuriy,0.0
justidentifi,0.0
kotwal,0.0
saudi,0.0
disillusion,0.0
allocat,0.0
clout,0.0
familyspecif,0.0
plishment,0.0
kaivan,0.0
baland,0.0
asim,0.0
baneije,0.0
ijaz,0.0
cindi,0.0
trebbi,0.0
buoy,0.0
inhous,0.0
egoism,0.0
koster,0.0
adjudg,0.0
omaha,0.0
pasinetti,0.0
conglom,0.0
deprec,0.0
eurocurr,0.0
falvey,0.0
murki,0.0
childrear,0.0
frivol,0.0
bidirect,0.0
attende,0.0
supermajor,0.0
knez,0.0
qualityquant,0.0
cirano,0.0
payoffequival,0.0
miscoordin,0.0
communitylevel,0.0
ortmann,0.0
uneduc,0.0
apologet,0.0
octan,0.0
bencivenga,0.0
lindert,0.0
wield,0.0
sinist,0.0
noncontroversi,0.0
domiz,0.0
setasid,0.0
stagegam,0.0
ineq,0.0
sandeep,0.0
behest,0.0
cityspecif,0.0
uninteract,0.0
kramarz,0.0
needham,0.0
soy,0.0
gsoep,0.0
ulman,0.0
sonmez,0.0
kooreman,0.0
austensmith,0.0
decon,0.0
herrero,0.0
quasimaximum,0.0
herrnstein,0.0
baliga,0.0
shultz,0.0
primiceri,0.0
gerzense,0.0
eggertsson,0.0
gauti,0.0
clarida,0.0
carlstrom,0.0
deleverag,0.0
rostagno,0.0
gourio,0.0
belabor,0.0
reelect,0.0
samesex,0.0
tunist,0.0
barankay,0.0
coursework,0.0
crq,0.0
scar,0.0
statelevel,0.0
abstractus,0.0
nonalcohol,0.0
ageadjust,0.0
prev,0.0
stripe,0.0
outofst,0.0
bartelsman,0.0
stiroh,0.0
drunk,0.0
ostri,0.0
interviewe,0.0
silvia,0.0
postcommunist,0.0
twicelag,0.0
boddi,0.0
padma,0.0
reiss,0.0
aero,0.0
residualbas,0.0
mexican,0.0
thurow,0.0
racism,0.0
foreman,0.0
perimet,0.0
fratern,0.0
headtohead,0.0
ornstein,0.0
decontrol,0.0
intak,0.0
desktop,0.0
brueckner,0.0
meghan,0.0
epidemiolog,0.0
bayesnash,0.0
privatiza,0.0
cavallo,0.0
eliana,0.0
drinker,0.0
toregress,0.0
boland,0.0
philippon,0.0
guilkey,0.0
shawn,0.0
gareth,0.0
defector,0.0
salemi,0.0
nonhispan,0.0
whiskey,0.0
selfidentifi,0.0
davanzo,0.0
borschsupan,0.0
jakubson,0.0
hutchen,0.0
steckel,0.0
aoyagi,0.0
doserespons,0.0
quasiexperiment,0.0
horioka,0.0
reich,0.0
rasmusen,0.0
perrign,0.0
alternatingoff,0.0
burkhaus,0.0
subt,0.0
privatevalu,0.0
mispredict,0.0
amean,0.0
obama,0.0
semiarid,0.0
underwritten,0.0
kalt,0.0
mcadam,0.0
acceptreject,0.0
unrestrain,0.0
nadir,0.0
lockedin,0.0
jiang,0.0
amihai,0.0
pretreat,0.0
reducedpric,0.0
ocrat,0.0
blough,0.0
coercion,0.0
rulebas,0.0
dynarski,0.0
ilyana,0.0
kuziemko,0.0
rockoff,0.0
vesterlund,0.0
noncognit,0.0
midcar,0.0
juhn,0.0
dissens,0.0
breuschpagan,0.0
docil,0.0
hindu,0.0
cosmopolitan,0.0
pointintim,0.0
gitudin,0.0
civic,0.0
preprogram,0.0
dehejia,0.0
postprogram,0.0
creamskim,0.0
klaauw,0.0
withinschool,0.0
consumptiona,0.0
gaag,0.0
sweder,0.0
agesquar,0.0
nlls,0.0
sturzenegg,0.0
torili,0.0
postentri,0.0
chinhui,0.0
fishback,0.0
sheffrin,0.0
tarshi,0.0
mancur,0.0
shulamit,0.0
onestandard,0.0
nagin,0.0
firstserv,0.0
wellstudi,0.0
edlund,0.0
proclam,0.0
waldfogel,0.0
lebanon,0.0
panci,0.0
rumania,0.0
salkev,0.0
guatemala,0.0
argentina,0.0
panama,0.0
slonim,0.0
employersponsor,0.0
iraq,0.0
brugiavini,0.0
venezuela,0.0
crosswalk,0.0
bolivia,0.0
veall,0.0
consolida,0.0
ecuador,0.0
ofsampl,0.0
uncompromis,0.0
crowdout,0.0
melissa,0.0
wilton,0.0
biotechnolog,0.0
atrisk,0.0
uspto,0.0
hatr,0.0
talism,0.0
preme,0.0
revenuemaxim,0.0
hartford,0.0
kroft,0.0
arabian,0.0
rollout,0.0
subprim,0.0
quasiexperi,0.0
nondiscrimina,0.0
higherrisk,0.0
psychiatr,0.0
prejudici,0.0
politan,0.0
personyear,0.0
buchinski,0.0
creditworthi,0.0
sexism,0.0
ratori,0.0
yorukoglu,0.0
storelevel,0.0
malaya,0.0
altug,0.0
bulgaria,0.0
polachek,0.0
privateinform,0.0
albanesi,0.0
ageeduc,0.0
algeria,0.0
verboven,0.0
salesweight,0.0
bertrandnash,0.0
herfindahlhirschman,0.0
katja,0.0
simultaneousmov,0.0
yelowitz,0.0
firstcom,0.0
incapac,0.0
grouplevel,0.0
randomeffect,0.0
colm,0.0
respiratori,0.0
fastfood,0.0
vicepresid,0.0
mccord,0.0
riezman,0.0
kraay,0.0
sandler,0.0
calvin,0.0
niskanen,0.0
devleeschauw,0.0
yilmaz,0.0
overdispers,0.0
katrina,0.0
ruggl,0.0
countryyear,0.0
kurlat,0.0
bylaw,0.0
bestow,0.0
homan,0.0
daugheti,0.0
swarthmor,0.0
facsimil,0.0
conscienti,0.0
mckee,0.0
wacziarg,0.0
methodofmo,0.0
paneldata,0.0
clusterrobust,0.0
nomine,0.0
ellsworth,0.0
underclass,0.0
goolsbe,0.0
austan,0.0
nonblack,0.0
unremit,0.0
accredit,0.0
granovett,0.0
mclanahan,0.0
mcnamara,0.0
quang,0.0
eulog,0.0
compatibil,0.0
outpati,0.0
steinsson,0.0
ichniowski,0.0
dustmann,0.0
barisaac,0.0
ulrik,0.0
kartik,0.0
lewin,0.0
guerrieri,0.0
oreopoulo,0.0
heski,0.0
nonoecd,0.0
credibil,0.0
sorrow,0.0
inflationtarget,0.0
areaspecif,0.0
selectioncorrect,0.0
renteroccupi,0.0
firstchoic,0.0
ciliti,0.0
midrigan,0.0
immers,0.0
overextend,0.0
restudrdv,0.0
eloqu,0.0
demolit,0.0
craci,0.0
combust,0.0
rvaluat,0.0
comparabil,0.0
contempt,0.0
microwav,0.0
satyanath,0.0
myanmar,0.0
bursement,0.0
panopli,0.0
paperback,0.0
databank,0.0
debunk,0.0
dawson,0.0
pernici,0.0
cloak,0.0
itoh,0.0
bieren,0.0
quibbl,0.0
newkeynesian,0.0
lubik,0.0
slipperi,0.0
altera,0.0
nys,0.0
olmstead,0.0
ruhm,0.0
pitchik,0.0
strife,0.0
promo,0.0
latecom,0.0
squander,0.0
chairmanship,0.0
shakespear,0.0
eichengreen,0.0
neftci,0.0
roseackerman,0.0
harristodaro,0.0
sulphur,0.0
ypix,0.0
sprung,0.0
excl,0.0
kessler,0.0
sren,0.0
jarquebera,0.0
blalock,0.0
disdain,0.0
enjoin,0.0
juselius,0.0
humil,0.0
rentshar,0.0
motorcar,0.0
recalibr,0.0
semielast,0.0
noninstitution,0.0
hoursweek,0.0
uncl,0.0
firsthand,0.0
reim,0.0
namibia,0.0
barrole,0.0
tradeweight,0.0
rwanda,0.0
unpric,0.0
corsetti,0.0
cens,0.0
belarus,0.0
zimbabw,0.0
jjo,0.0
ploeg,0.0
uzbekistan,0.0
downsiz,0.0
windmeij,0.0
azerbaijan,0.0
embargo,0.0
beliz,0.0
monacelli,0.0
guineabissau,0.0
knetter,0.0
garen,0.0
crossindustri,0.0
comoro,0.0
crucini,0.0
thadden,0.0
dichot,0.0
harbor,0.0
hufbauer,0.0
nonacadem,0.0
mihov,0.0
mauritania,0.0
shepsl,0.0
berkovec,0.0
fortysix,0.0
nitrogen,0.0
widget,0.0
mathrmln,0.0
sioner,0.0
pathi,0.0
racialethn,0.0
sampleselect,0.0
melani,0.0
heidi,0.0
doiqjeqjr,0.0
cvj,0.0
nonteach,0.0
afterthought,0.0
seidmann,0.0
lowrat,0.0
birnbaum,0.0
highrat,0.0
ghez,0.0
menchik,0.0
hstatist,0.0
agebas,0.0
tremblinghand,0.0
kaplow,0.0
matut,0.0
nonmed,0.0
titrust,0.0
twotyp,0.0
asker,0.0
xiang,0.0
giftexchang,0.0
boija,0.0
yagan,0.0
kopczuk,0.0
boserup,0.0
entrylevel,0.0
countyspecif,0.0
capitalskil,0.0
monocentr,0.0
capitalstock,0.0
wchter,0.0
betweenfirm,0.0
vengeanc,0.0
michalopoulo,0.0
welfaretheoret,0.0
offtheequilibrium,0.0
triplett,0.0
refresh,0.0
rebas,0.0
gustman,0.0
taxsim,0.0
steinmeier,0.0
debtgdp,0.0
guvenen,0.0
babyboom,0.0
doctrinair,0.0
rvc,0.0
bhutan,0.0
moav,0.0
cavallisforza,0.0
rmses,0.0
mikael,0.0
pricecut,0.0
differencein,0.0
nonoil,0.0
httpssrncomabstract,0.0
nonhousehold,0.0
stinebrickn,0.0
caregiv,0.0
withinfamili,0.0
schoeni,0.0
tercil,0.0
chor,0.0
underreject,0.0
utero,0.0
fetal,0.0
licen,0.0
brotherhood,0.0
gwartney,0.0
nonrespond,0.0
boeri,0.0
soskic,0.0
license,0.0
rosenbluth,0.0
uporout,0.0
trademark,0.0
winer,0.0
industryyear,0.0
aisl,0.0
colgat,0.0
jarmin,0.0
meehan,0.0
gianmarco,0.0
citylevel,0.0
horner,0.0
thejob,0.0
incentivebas,0.0
selfsupport,0.0
defray,0.0
lillard,0.0
geroski,0.0
informationprocess,0.0
uncongest,0.0
bovenberg,0.0
spokesmen,0.0
signedrank,0.0
fgls,0.0
przeworski,0.0
errorcompon,0.0
hightechnolog,0.0
bover,0.0
gelman,0.0
alistair,0.0
teul,0.0
petrongolo,0.0
maksimov,0.0
benmelech,0.0
searchtheoret,0.0
typespecif,0.0
mannwhitney,0.0
stamford,0.0
aspen,0.0
zscore,0.0
rankin,0.0
physio,0.0
intercontinent,0.0
stave,0.0
precrisi,0.0
dombusch,0.0
lehigh,0.0
empower,0.0
checklist,0.0
hausch,0.0
heartili,0.0
hosio,0.0
logpric,0.0
beforeandaft,0.0
equityeffici,0.0
manoli,0.0
payforperform,0.0
nonpoor,0.0
congressman,0.0
doubleblind,0.0
belowcost,0.0
rematch,0.0
hakkio,0.0
indemn,0.0
ehrlich,0.0
icrisat,0.0
bicycl,0.0
fourfirm,0.0
singlepar,0.0
faint,0.0
rdd,0.0
daniela,0.0
wrestl,0.0
imbalanc,0.0
withinsector,0.0
onechild,0.0
collegego,0.0
janitor,0.0
lakdawalla,0.0
ansolabeher,0.0
deschen,0.0
kniesner,0.0
prasanta,0.0
zettelmey,0.0
unbal,0.0
yahoo,0.0
spitzer,0.0
ferejohn,0.0
beckerian,0.0
facial,0.0
leftcensor,0.0
ritual,0.0
oosterbeek,0.0
krishnan,0.0
dohmen,0.0
debrief,0.0
mincerian,0.0
uptick,0.0
upcom,0.0
swim,0.0
multiunit,0.0
experimentalist,0.0
doraszelski,0.0
payoffirrelev,0.0
multiplay,0.0
ooooo,0.0
oooooo,0.0
shoddi,0.0
guinnan,0.0
wiser,0.0
welfarereduc,0.0
eject,0.0
shyam,0.0
diskett,0.0
spreadsheet,0.0
bailout,0.0
bourn,0.0
murnighan,0.0
subjectspecif,0.0
knee,0.0
winden,0.0
untreat,0.0
kwoka,0.0
sonneman,0.0
kunreuth,0.0
vigna,0.0
thirdworld,0.0
eriksson,0.0
disney,0.0
allpay,0.0
ritov,0.0
pixel,0.0
leaven,0.0
franchise,0.0
wendi,0.0
efficiencyenhanc,0.0
jonathon,0.0
fortabl,0.0
robinsonpatman,0.0
loannid,0.0
photocopi,0.0
gravel,0.0
chaney,0.0
multipleregress,0.0
caribbean,0.0
cymak,0.0
nashvill,0.0
airway,0.0
gorbachev,0.0
luggag,0.0
narrowest,0.0
memphi,0.0
denver,0.0
outpour,0.0
ghysel,0.0
wichita,0.0
varc,0.0
varj,0.0
ichino,0.0
zzj,0.0
perm,0.0
rebut,0.0
punit,0.0
publiclyown,0.0
slichter,0.0
offshoot,0.0
oreilli,0.0
surrey,0.0
rowli,0.0
genderbas,0.0
withinmarket,0.0
thirtyeight,0.0
nairu,0.0
countylevel,0.0
facetofac,0.0
perfectinform,0.0
emf,0.0
heterogeneousag,0.0
beneficia,0.0
evermarri,0.0
moglu,0.0
eleph,0.0
coresid,0.0
nonmarit,0.0
nonminor,0.0
roommat,0.0
ranksum,0.0
minw,0.0
nonenergi,0.0
rosenzweig,0.0
tortionari,0.0
upton,0.0
massproduc,0.0
revenueneutr,0.0
oasdi,0.0
coral,0.0
altig,0.0
taxbenefit,0.0
quack,0.0
investmentgdp,0.0
mendous,0.0
firmwork,0.0
gattwto,0.0
marketshar,0.0
relish,0.0
maschler,0.0
stefania,0.0
unbeliev,0.0
uppermiddl,0.0
studio,0.0
nonnash,0.0
vegaredondo,0.0
tisement,0.0
telecommuni,0.0
vittorio,0.0
byjohn,0.0
oneperiodahead,0.0
weisberg,0.0
corbo,0.0
ibragimov,0.0
jodi,0.0
yanni,0.0
wageoff,0.0
bresnahan,0.0
alonso,0.0
noncompeti,0.0
workday,0.0
urb,0.0
assetspecif,0.0
nemour,0.0
fraught,0.0
drum,0.0
readymad,0.0
solidar,0.0
ashown,0.0
thirdbest,0.0
microcomput,0.0
laliv,0.0
holmlund,0.0
welfaretowork,0.0
salvan,0.0
endus,0.0
exitvoic,0.0
bartel,0.0
jobspecif,0.0
bdm,0.0
governmentfinanc,0.0
unioniza,0.0
karla,0.0
sudan,0.0
steadfast,0.0
goett,0.0
richerson,0.0
disamen,0.0
schargrodski,0.0
workrel,0.0
lusiv,0.0
datadriven,0.0
tanya,0.0
dwayn,0.0
desira,0.0
thailand,0.0
tunisia,0.0
bandyopadhyay,0.0
qian,0.0
engelbrechtwiggan,0.0
workfar,0.0
televi,0.0
fredriksson,0.0
castig,0.0
oneonon,0.0
lung,0.0
eyeglass,0.0
datadepend,0.0
reor,0.0
increasingreturn,0.0
changepoint,0.0
medianvot,0.0
denzau,0.0
higherlevel,0.0
withincountri,0.0
zhong,0.0
hawthorn,0.0
betweencountri,0.0
betsey,0.0
rocheteau,0.0
nonoper,0.0
suburban,0.0
thirtysix,0.0
rampini,0.0
semiconductor,0.0
paratus,0.0
microprocessor,0.0
prdation,0.0
tlement,0.0
seriescross,0.0
premerg,0.0
brigitt,0.0
duranton,0.0
vroman,0.0
nezih,0.0
crossstat,0.0
restruc,0.0
gynecolog,0.0
neurolog,0.0
pregnanc,0.0
arthriti,0.0
dercon,0.0
renal,0.0
elisabet,0.0
rutstrm,0.0
ambulatori,0.0
skelet,0.0
damon,0.0
neuro,0.0
pneumonia,0.0
kierzkowski,0.0
multiprod,0.0
xray,0.0
nostic,0.0
coronari,0.0
electro,0.0
bleed,0.0
debilit,0.0
infec,0.0
gagnon,0.0
salvat,0.0
specialinterest,0.0
automak,0.0
pricingtomarket,0.0
selfrat,0.0
priva,0.0
trauma,0.0
higherincom,0.0
workingclass,0.0
chaloupka,0.0
outdoor,0.0
audretsch,0.0
misspec,0.0
gleww,0.0
calib,0.0
videotap,0.0
roodman,0.0
handsid,0.0
udel,0.0
overh,0.0
topographi,0.0
nconsist,0.0
synergi,0.0
clip,0.0
fabri,0.0
freddi,0.0
lowerskil,0.0
samaritan,0.0
abstrac,0.0
yeonkoo,0.0
guggenberg,0.0
ioannid,0.0
financialmarket,0.0
satori,0.0
longitudi,0.0
spletzer,0.0
chf,0.0
klerman,0.0
crossmarket,0.0
whomev,0.0
dranov,0.0
masahisa,0.0
flate,0.0
twotier,0.0
acharya,0.0
fetus,0.0
senderreceiv,0.0
toikka,0.0
savvi,0.0
ozon,0.0
toilet,0.0
shipyard,0.0
sympath,0.0
predisposit,0.0
banklevel,0.0
technocrat,0.0
detragiach,0.0
dust,0.0
cram,0.0
quasilikelihood,0.0
mundellflem,0.0
enrica,0.0
muster,0.0
fugit,0.0
oligopo,0.0
smelter,0.0
multitask,0.0
darg,0.0
deadlin,0.0
dominantstrategi,0.0
dollarfordollar,0.0
dioxid,0.0
sixfold,0.0
pensatori,0.0
grier,0.0
gort,0.0
spiller,0.0
trialanderror,0.0
bogu,0.0
phpdoiaer,0.0
eylx,0.0
mahwah,0.0
ntr,0.0
regimeswitch,0.0
romeo,0.0
strickland,0.0
clarkson,0.0
panelist,0.0
midsixti,0.0
entwicklung,0.0
machineread,0.0
pupilteach,0.0
codebook,0.0
districtlevel,0.0
topalova,0.0
petia,0.0
lakshmi,0.0
nadu,0.0
postindepend,0.0
cuni,0.0
downtown,0.0
yingyi,0.0
trosk,0.0
brandnam,0.0
lefgren,0.0
cholesterol,0.0
choicespecif,0.0
odolog,0.0
plugin,0.0
gollin,0.0
pppadjust,0.0
greenhut,0.0
wtht,0.0
rosrul,0.0
ravn,0.0
dize,0.0
mortensenpissarid,0.0
eslava,0.0
wissenschaftszentrum,0.0
multino,0.0
switcher,0.0
carriag,0.0
pointidentifi,0.0
susann,0.0
kyriazidou,0.0
eief,0.0
midatlant,0.0
flare,0.0
abey,0.0
bangladesh,0.0
agglom,0.0
trav,0.0
qualityadjust,0.0
hassl,0.0
inschool,0.0
studentteach,0.0
ronni,0.0
assigne,0.0
mcdermott,0.0
haldan,0.0
smok,0.0
shallian,0.0
allornon,0.0
deceit,0.0
blomquist,0.0
selfconfid,0.0
antisoci,0.0
dissid,0.0
patman,0.0
turk,0.0
psychometr,0.0
vouch,0.0
nior,0.0
promulg,0.0
doll,0.0
isabell,0.0
dive,0.0
candidaci,0.0
lenienc,0.0
paliti,0.0
lnv,0.0
crz,0.0
balanceoftrad,0.0
cardiovascular,0.0
nervous,0.0
climatolog,0.0
iest,0.0
cartter,0.0
tov,0.0
donment,0.0
noncollus,0.0
firearm,0.0
firma,0.0
schroeder,0.0
halfhour,0.0
befit,0.0
ductor,0.0
highprofit,0.0
oracl,0.0
snare,0.0
prohibi,0.0
hargreav,0.0
stateloc,0.0
opportunitycost,0.0
widelyus,0.0
empt,0.0
frain,0.0
dolton,0.0
usg,0.0
assassin,0.0
fieldwork,0.0
kindl,0.0
mccann,0.0
morass,0.0
intermarriag,0.0
ideol,0.0
greenstein,0.0
bessel,0.0
yearsa,0.0
demog,0.0
subclassif,0.0
fixedcapit,0.0
caustic,0.0
scend,0.0
erick,0.0
referr,0.0
claessen,0.0
patchwork,0.0
turnaround,0.0
displeas,0.0
partisanship,0.0
benin,0.0
overpow,0.0
togo,0.0
capitalexport,0.0
californian,0.0
crazi,0.0
incum,0.0
functionari,0.0
toolkit,0.0
neuron,0.0
chlorin,0.0
hydrogen,0.0
reforma,0.0
raneous,0.0
illsuit,0.0
csd,0.0
fragmen,0.0
plorat,0.0
gath,0.0
constantin,0.0
affil,0.0
sulli,0.0
theoryand,0.0
factfind,0.0
hormon,0.0
fortyon,0.0
woolley,0.0
tiger,0.0
igg,0.0
casion,0.0
juglar,0.0
commercialbank,0.0
nugent,0.0
fairi,0.0
stronghold,0.0
segrega,0.0
demanid,0.0
mathieson,0.0
baccalaur,0.0
visori,0.0
marrin,0.0
policeman,0.0
runway,0.0
nonfamili,0.0
cumbent,0.0
ike,0.0
ingrain,0.0
withinhousehold,0.0
flown,0.0
nutrient,0.0
untyp,0.0
viib,0.0
gild,0.0
jenck,0.0
defunct,0.0
drainag,0.0
testscor,0.0
giersch,0.0
lifelong,0.0
homework,0.0
paraphernalia,0.0
sigmund,0.0
ketabl,0.0
privatelyown,0.0
gim,0.0
nudg,0.0
lilien,0.0
ibn,0.0
kees,0.0
intrus,0.0
miriam,0.0
edin,0.0
scrutinis,0.0
paragon,0.0
smet,0.0
hillier,0.0
harlem,0.0
fabien,0.0
retrospec,0.0
governmentsponsor,0.0
ukrain,0.0
anthropometr,0.0
ancestr,0.0
scotia,0.0
martinus,0.0
rejoic,0.0
perpetr,0.0
tnm,0.0
grandpar,0.0
buick,0.0
cyril,0.0
elinor,0.0
prostitut,0.0
emigra,0.0
censur,0.0
hydrocarbon,0.0
throat,0.0
quiescent,0.0
inatori,0.0
liberaliza,0.0
reer,0.0
resuscit,0.0
pharma,0.0
ceutic,0.0
swit,0.0
notari,0.0
eileen,0.0
proofread,0.0
ruiz,0.0
landi,0.0
stalem,0.0
netter,0.0
hyster,0.0
starch,0.0
pepper,0.0
timeth,0.0
woodwork,0.0
opium,0.0
ivori,0.0
kid,0.0
amidst,0.0
levitt,0.0
tiona,0.0
vegh,0.0
grader,0.0
retalia,0.0
kalyan,0.0
gore,0.0
hob,0.0
stefani,0.0
gatti,0.0
lumbia,0.0
akron,0.0
crowder,0.0
dietz,0.0
coutt,0.0
burnham,0.0
growthi,0.0
hack,0.0
trump,0.0
nonnat,0.0
itay,0.0
earley,0.0
tinat,0.0
mester,0.0
longestablish,0.0
drawer,0.0
flator,0.0
nardi,0.0
demonstrat,0.0
figlio,0.0
geologist,0.0
tinplat,0.0
journeymen,0.0
nonmilitari,0.0
norwich,0.0
doortodoor,0.0
noncov,0.0
twochild,0.0
adulthood,0.0
matteo,0.0
fidenti,0.0
freiburg,0.0
darl,0.0
owneroccup,0.0
goos,0.0
tria,0.0
guttentag,0.0
finanzarchiv,0.0
romain,0.0
charcoal,0.0
lohmann,0.0
hispan,0.0
pion,0.0
clapp,0.0
volta,0.0
preentri,0.0
needl,0.0
filer,0.0
hairdress,0.0
tainer,0.0
interpo,0.0
joiner,0.0
spinner,0.0
brienn,0.0
monarch,0.0
lobbyist,0.0
cfr,0.0
sulfur,0.0
homicid,0.0
bran,0.0
silk,0.0
farflung,0.0
publicpolici,0.0
backload,0.0
productmarket,0.0
virus,0.0
amic,0.0
rocal,0.0
petenc,0.0
paig,0.0
carload,0.0
undercount,0.0
iratio,0.0
nrr,0.0
manmad,0.0
leach,0.0
moistur,0.0
grandmoth,0.0
counterattack,0.0
glick,0.0
tiativ,0.0
uncent,0.0
camel,0.0
placat,0.0
hodgman,0.0
citizenship,0.0
frantic,0.0
inmport,0.0
anthro,0.0
entist,0.0
sdc,0.0
congenit,0.0
drd,0.0
larceni,0.0
imiti,0.0
drafte,0.0
spu,0.0
wvhat,0.0
singleunit,0.0
moratorium,0.0
resin,0.0
nontechnolog,0.0
multipurpos,0.0
slug,0.0
lizer,0.0
pesquisa,0.0
lowerpaid,0.0
ecla,0.0
growtha,0.0
newfound,0.0
macedonia,0.0
industrya,0.0
mnc,0.0
licensur,0.0
laboroutput,0.0
doubleedg,0.0
goodby,0.0
singlepl,0.0
nonvot,0.0
lfs,0.0
selfreli,0.0
undergrad,0.0
xtest,0.0
rosemari,0.0
kantor,0.0
zuckerman,0.0
reilli,0.0
warnock,0.0
fossil,0.0
nunn,0.0
webber,0.0
clemson,0.0
vivian,0.0
lucian,0.0
nhs,0.0
rasmus,0.0
konrad,0.0
regina,0.0
owneroper,0.0
heathcot,0.0
bloomberg,0.0
friedberg,0.0
dier,0.0
tige,0.0
narodno,0.0
kidnap,0.0
reinhardt,0.0
jimmi,0.0
shearer,0.0
evelyn,0.0
corcoran,0.0
carrington,0.0
parol,0.0
gerri,0.0
peratur,0.0
diation,0.0
christo,0.0
revolution,0.0
moretti,0.0
genius,0.0
merlo,0.0
aflcio,0.0
hibb,0.0
origindestin,0.0
weisskopf,0.0
hagedorn,0.0
myle,0.0
truckload,0.0
elsi,0.0
cigarett,0.0
unsuc,0.0
rockvill,0.0
trailer,0.0
bowdoin,0.0
llewellyn,0.0
tappan,0.0
ashton,0.0
mclure,0.0
gilson,0.0
glaeser,0.0
woodlawn,0.0
unemp,0.0
jockey,0.0
naturalresourc,0.0
schizophrenia,0.0
shelbi,0.0
apologist,0.0
makework,0.0
honey,0.0
alderman,0.0
torian,0.0
maddison,0.0
morbid,0.0
quantitytheori,0.0
steen,0.0
goodsand,0.0
extraordi,0.0
zona,0.0
eritrea,0.0
learningbi,0.0
coffer,0.0
economis,0.0
lesse,0.0
sodium,0.0
traumat,0.0
phosphat,0.0
fission,0.0
therapeut,0.0
inpati,0.0
uranium,0.0
tamin,0.0
alaska,0.0
goldner,0.0
garbarino,0.0
strahan,0.0
tachment,0.0
kris,0.0
fromt,0.0
guiana,0.0
cooki,0.0
jigsaw,0.0
sclerosi,0.0
feloni,0.0
wallet,0.0
loud,0.0
secondlargest,0.0
comma,0.0
nihon,0.0
measl,0.0
curt,0.0
disenchant,0.0
lancet,0.0
prodig,0.0
sydnor,0.0
scru,0.0
rific,0.0
schor,0.0
istri,0.0
foresman,0.0
hank,0.0
levelth,0.0
budgetbalanc,0.0
timespan,0.0
outturn,0.0
osmosi,0.0
macdougal,0.0
irriga,0.0
minori,0.0
shove,0.0
dove,0.0
schotter,0.0
cialize,0.0
submargin,0.0
farber,0.0
ethi,0.0
abilitytopay,0.0
evacu,0.0
citizenri,0.0
oshima,0.0
sonnel,0.0
workman,0.0
timecost,0.0
gregorio,0.0
unfriend,0.0
prorata,0.0
dufour,0.0
anathema,0.0
gambia,0.0
onshor,0.0
cruis,0.0
intox,0.0
verd,0.0
responsibili,0.0
incapacit,0.0
gallen,0.0
rendig,0.0
civilis,0.0
synchronis,0.0
agreedon,0.0
yearlong,0.0
monk,0.0
mcintosh,0.0
tilater,0.0
socialsecur,0.0
virul,0.0
mirer,0.0
bolling,0.0
throop,0.0
accret,0.0
benz,0.0
antill,0.0
predestin,0.0
millennia,0.0
ciga,0.0
bruton,0.0
unregu,0.0
habakkuk,0.0
approb,0.0
northrup,0.0
iation,0.0
pandora,0.0
stepup,0.0
yacht,0.0
highemploy,0.0
workingag,0.0
lebergott,0.0
savingsincom,0.0
heav,0.0
confiden,0.0
termsof,0.0
procreat,0.0
uninfluenc,0.0
washer,0.0
pineappl,0.0
inadvis,0.0
appor,0.0
fullyear,0.0
flowoffund,0.0
whitecollar,0.0
sidebysid,0.0
outper,0.0
stakehold,0.0
bronfen,0.0
noneduc,0.0
hardcor,0.0
notefor,0.0
untrain,0.0
differencesin,0.0
sawhil,0.0
terim,0.0
jong,0.0
creamer,0.0
syke,0.0
reenforc,0.0
metalwork,0.0
havent,0.0
disaffect,0.0
visionari,0.0
millennium,0.0
arlen,0.0
eightieth,0.0
rottenberg,0.0
dirlam,0.0
ahmad,0.0
iob,0.0
flora,0.0
officehold,0.0
nasti,0.0
brunei,0.0
plitud,0.0
basqu,0.0
uneco,0.0
feyrer,0.0
hussein,0.0
sticker,0.0
fitter,0.0
reelec,0.0
subordi,0.0
extort,0.0
cheater,0.0
myrick,0.0
checkup,0.0
grist,0.0
uncontamin,0.0
regimen,0.0
econometnica,0.0
rahman,0.0
pricecontrol,0.0
visi,0.0
rebuk,0.0
trinidad,0.0
wilbert,0.0
sionari,0.0
recaptur,0.0
capitalin,0.0
brinley,0.0
pretrial,0.0
smallbusi,0.0
vigour,0.0
enfranchis,0.0
dissati,0.0
sanitari,0.0
converti,0.0
highpow,0.0
recidiv,0.0
pathet,0.0
horac,0.0
palliat,0.0
waterborn,0.0
gravat,0.0
librarian,0.0
tina,0.0
tara,0.0
gosl,0.0
horstmann,0.0
percentagewis,0.0
xvhile,0.0
jewelleri,0.0
reuiew,0.0
extramarket,0.0
capitalsav,0.0
oppress,0.0
immo,0.0
gunderson,0.0
inou,0.0
disint,0.0
bonni,0.0
chalk,0.0
grassroot,0.0
copula,0.0
gubernatori,0.0
deceler,0.0
mackay,0.0
bom,0.0
euthanasia,0.0
tinctiv,0.0
sunder,0.0
harshest,0.0
vorc,0.0
childbear,0.0
ricar,0.0
didt,0.0
jcl,0.0
costofcapit,0.0
abu,0.0
programmat,0.0
eem,0.0
centimet,0.0
humid,0.0
header,0.0
employeremploye,0.0
olivetti,0.0
welltrain,0.0
familyown,0.0
higherwag,0.0
lowerwag,0.0
rebuilt,0.0
bourg,0.0
lfor,0.0
tiousli,0.0
demogra,0.0
postcivil,0.0
gadget,0.0
biostatist,0.0
absorp,0.0
basement,0.0
everchang,0.0
sculli,0.0
perous,0.0
boomer,0.0
glow,0.0
sealedbid,0.0
landownership,0.0
unannounc,0.0
notch,0.0
irresist,0.0
truce,0.0
flame,0.0
loren,0.0
breaker,0.0
infecti,0.0
deepseat,0.0
sabotag,0.0
untari,0.0
crh,0.0
preven,0.0
relentless,0.0
anoma,0.0
icymak,0.0
glorifi,0.0
formalist,0.0
gradualist,0.0
topher,0.0
karachi,0.0
pesenti,0.0
obit,0.0
homemarket,0.0
tenac,0.0
benefactor,0.0
backslid,0.0
trant,0.0
oleari,0.0
probat,0.0
yeara,0.0
roneous,0.0
gibl,0.0
latterday,0.0
obso,0.0
technologist,0.0
ecar,0.0
paddi,0.0
intan,0.0
fecund,0.0
manship,0.0
burma,0.0
pakistan,0.0
fico,0.0
stipend,0.0
emeritus,0.0
norc,0.0
stratifica,0.0
wilfrid,0.0
hardin,0.0
regat,0.0
selfdisciplin,0.0
lutionari,0.0
revenueshar,0.0
driscol,0.0
gideon,0.0
houseman,0.0
brightest,0.0
nonpolici,0.0
hjs,0.0
mcfarland,0.0
multiestablish,0.0
cdm,0.0
harbing,0.0
bricklay,0.0
stopgap,0.0
jora,0.0
admonish,0.0
higheryield,0.0
kermit,0.0
proto,0.0
shuttl,0.0
stagnationist,0.0
riskshift,0.0
highpay,0.0
landlock,0.0
ninetieth,0.0
upperclass,0.0
sociocultur,0.0
aristocrat,0.0
enshrin,0.0
vaniti,0.0
nonreserv,0.0
eari,0.0
wagebargain,0.0
extol,0.0
conspir,0.0
chad,0.0
graw,0.0
workersa,0.0
equatori,0.0
ninetyf,0.0
implau,0.0
noncompli,0.0
unaccount,0.0
estinm,0.0
traordinari,0.0
pabil,0.0
servitud,0.0
waiter,0.0
larsen,0.0
surveil,0.0
onus,0.0
unwelcom,0.0
nordic,0.0
guidepost,0.0
rudiment,0.0
deconcentr,0.0
curtin,0.0
fractur,0.0
apposit,0.0
disposi,0.0
misal,0.0
subindustri,0.0
liberali,0.0
seshadri,0.0
feminin,0.0
destitut,0.0
cupi,0.0
disavow,0.0
uninterpret,0.0
disassoci,0.0
verifica,0.0
ieb,0.0
anita,0.0
ender,0.0
ruhl,0.0
nonrecurr,0.0
bettereduc,0.0
costreduct,0.0
consortia,0.0
swollen,0.0
lessskil,0.0
attun,0.0
yearround,0.0
headquar,0.0
seychell,0.0
bahama,0.0
nig,0.0
sipat,0.0
craftsmanship,0.0
squatter,0.0
hrt,0.0
gehrel,0.0
midtwenti,0.0
beatti,0.0
vore,0.0
undiscov,0.0
shunt,0.0
engulf,0.0
constrict,0.0
lindgren,0.0
freshmen,0.0
highschool,0.0
thirtieth,0.0
workerspecif,0.0
terrestri,0.0
cafe,0.0
pigeon,0.0
packard,0.0
multiyear,0.0
unido,0.0
gaynor,0.0
uncoop,0.0
dergradu,0.0
amnesti,0.0
monplac,0.0
ransom,0.0
sociol,0.0
ottoman,0.0
chainstor,0.0
olymp,0.0
scout,0.0
shan,0.0
moralist,0.0
ching,0.0
abol,0.0
ticism,0.0
phonograph,0.0
unscath,0.0
amid,0.0
artur,0.0
histo,0.0
jiirgen,0.0
unionfirm,0.0
karin,0.0
etienn,0.0
marchmay,0.0
laband,0.0
attila,0.0
gunther,0.0
casella,0.0
dunlop,0.0
losch,0.0
incarcer,0.0
nicb,0.0
planovo,0.0
incomereceiv,0.0
colom,0.0
khoziaistvo,0.0
suez,0.0
rothkopf,0.0
garvi,0.0
dougherti,0.0
unprov,0.0
siberia,0.0
overhaul,0.0
sidewalk,0.0
disen,0.0
hershey,0.0
ezra,0.0
fortieth,0.0
wolter,0.0
albania,0.0
bakk,0.0
yeager,0.0
questionbeg,0.0
boozer,0.0
courti,0.0
newsstand,0.0
cabdriv,0.0
eligi,0.0
hussain,0.0
bjorn,0.0
mace,0.0
bogota,0.0
unfashion,0.0
religios,0.0
groseclos,0.0
schism,0.0
upfront,0.0
jeffri,0.0
illequip,0.0
borda,0.0
networth,0.0
ernanc,0.0
ethel,0.0
bradburi,0.0
crossley,0.0
halftim,0.0
masten,0.0
furman,0.0
manday,0.0
jobless,0.0
datori,0.0
aforemen,0.0
casestudi,0.0
vale,0.0
likemind,0.0
universitt,0.0
tooth,0.0
valencia,0.0
aragon,0.0
rigobon,0.0
nascent,0.0
slender,0.0
egocentr,0.0
catalonia,0.0
cort,0.0
knudsen,0.0
nonagri,0.0
cruel,0.0
icit,0.0
jed,0.0
multicollin,0.0
puerto,0.0
tranquil,0.0
offfarm,0.0
highestincom,0.0
moweri,0.0
adrien,0.0
unexamin,0.0
revenuerais,0.0
campo,0.0
scrape,0.0
insol,0.0
whistl,0.0
malaysia,0.0
inca,0.0
thirtyseven,0.0
wallich,0.0
fiscalmonetari,0.0
duress,0.0
pricediscrimin,0.0
vancement,0.0
jenni,0.0
tulsa,0.0
roundtabl,0.0
welldesign,0.0
birthplac,0.0
baptist,0.0
worship,0.0
upbring,0.0
compatriot,0.0
callabl,0.0
topmost,0.0
thierri,0.0
nativeborn,0.0
overrepresent,0.0
ancestri,0.0
cxvii,0.0
galli,0.0
sevenpoint,0.0
neumey,0.0
revit,0.0
buffet,0.0
proscrib,0.0
docket,0.0
heywood,0.0
unregist,0.0
bled,0.0
reunif,0.0
cocco,0.0
instil,0.0
spicuous,0.0
politico,0.0
cato,0.0
cious,0.0
noisili,0.0
disinflationari,0.0
gaseous,0.0
cocacola,0.0
nostalgia,0.0
backyard,0.0
pharmaci,0.0
instat,0.0
lawler,0.0
ecclesiast,0.0
percol,0.0
stomach,0.0
fischbach,0.0
divoir,0.0
everyman,0.0
automaton,0.0
reinhart,0.0
primaryproduc,0.0
cafeteria,0.0
inadv,0.0
accommoda,0.0
selma,0.0
sung,0.0
kenni,0.0
mayhew,0.0
suasiv,0.0
ducement,0.0
angola,0.0
renegotia,0.0
dural,0.0
crim,0.0
underem,0.0
illumi,0.0
ordain,0.0
assem,0.0
ficer,0.0
anem,0.0
ibrat,0.0
multilat,0.0
postkorean,0.0
galiani,0.0
countriesa,0.0
doering,0.0
exorcis,0.0
misbehav,0.0
unassist,0.0
gallagh,0.0
dras,0.0
classen,0.0
repositori,0.0
batter,0.0
gallini,0.0
vist,0.0
isabel,0.0
emma,0.0
threetenth,0.0
respit,0.0
disobedi,0.0
sicker,0.0
heterodox,0.0
ostrac,0.0
hardwork,0.0
julyseptemb,0.0
nac,0.0
privateenterpris,0.0
doyl,0.0
democra,0.0
dled,0.0
midcenturi,0.0
trash,0.0
anot,0.0
video,0.0
percenta,0.0
kidney,0.0
covert,0.0
sampler,0.0
demandformoney,0.0
pedagogi,0.0
cxiv,0.0
winnow,0.0
galton,0.0
parag,0.0
garb,0.0
accra,0.0
politic,0.0
alexei,0.0
nonsupervisori,0.0
wellground,0.0
drasti,0.0
quizz,0.0
tonom,0.0
plinari,0.0
dermin,0.0
imagi,0.0
untarili,0.0
jamin,0.0
expatri,0.0
underdog,0.0
capitaldeepen,0.0
inid,0.0
fiveminut,0.0
neumark,0.0
kapur,0.0
uttar,0.0
watchdog,0.0
chaudhuri,0.0
ignatius,0.0
costincreas,0.0
mullin,0.0
rhodesia,0.0
jstatist,0.0
hane,0.0
malay,0.0
dalgaard,0.0
coastlin,0.0
kilometr,0.0
unat,0.0
yearto,0.0
goff,0.0
tralli,0.0
limitpr,0.0
highestpaid,0.0
rati,0.0
luctanc,0.0
longerliv,0.0
liditi,0.0
lifet,0.0
hein,0.0
poetri,0.0
allor,0.0
saharan,0.0
oligarch,0.0
onehundredth,0.0
selfassess,0.0
lition,0.0
mellor,0.0
filiat,0.0
etq,0.0
refram,0.0
subway,0.0
artifi,0.0
hersch,0.0
metz,0.0
vandal,0.0
tworegion,0.0
arturo,0.0
marquez,0.0
lowqual,0.0
zonal,0.0
betterqu,0.0
neiman,0.0
auer,0.0
antigua,0.0
implant,0.0
wrongdo,0.0
nonphys,0.0
outputlabor,0.0
gotiat,0.0
monetarypolici,0.0
cernibl,0.0
poetic,0.0
highprob,0.0
nele,0.0
voca,0.0
noncolleg,0.0
deacon,0.0
homi,0.0
timi,0.0
gloom,0.0
milligan,0.0
lessthanful,0.0
noneco,0.0
backfir,0.0
vasiv,0.0
roosa,0.0
writeoff,0.0
thunen,0.0
spearhead,0.0
moneyincom,0.0
workermanag,0.0
derstat,0.0
latino,0.0
interrup,0.0
stalinist,0.0
tanganyika,0.0
idat,0.0
lens,0.0
robor,0.0
lumin,0.0
tonmil,0.0
comeback,0.0
monkey,0.0
tougher,0.0
inspector,0.0
edison,0.0
oftencit,0.0
anec,0.0
pigouvian,0.0
surnam,0.0
pavlov,0.0
mosaic,0.0
crosshaul,0.0
sedentari,0.0
messner,0.0
earni,0.0
filipino,0.0
lorin,0.0
inso,0.0
reread,0.0
insubstanti,0.0
farewel,0.0
philipson,0.0
sexton,0.0
launder,0.0
ograph,0.0
asthma,0.0
diaz,0.0
counterinflationari,0.0
alok,0.0
twentynin,0.0
papandreou,0.0
chun,0.0
prepa,0.0
overgener,0.0
australasian,0.0
abor,0.0
inmat,0.0
welleduc,0.0
sleet,0.0
gallop,0.0
escort,0.0
malta,0.0
fueleffici,0.0
precolleg,0.0
lott,0.0
eighthgrad,0.0
lng,0.0
ulcer,0.0
precinct,0.0
abras,0.0
fischel,0.0
gong,0.0
disin,0.0
sjc,0.0
casey,0.0
interprovinci,0.0
peruvian,0.0
confederaci,0.0
cough,0.0
costoutput,0.0
diesel,0.0
childbirth,0.0
edelman,0.0
julia,0.0
nonidentif,0.0
priceindex,0.0
purer,0.0
orissa,0.0
bestsel,0.0
refit,0.0
installa,0.0
speedier,0.0
moderniza,0.0
associt,0.0
esquivel,0.0
prorat,0.0
thcenturi,0.0
madsen,0.0
recrea,0.0
unheard,0.0
nonmigr,0.0
lusion,0.0
industryth,0.0
tene,0.0
overoptim,0.0
skepti,0.0
militarili,0.0
preg,0.0
kristensen,0.0
natura,0.0
veneer,0.0
trimest,0.0
petuat,0.0
kuttner,0.0
motti,0.0
broda,0.0
selflimit,0.0
donohu,0.0
stantiat,0.0
gentina,0.0
beggarthyneighbor,0.0
outmigr,0.0
revew,0.0
wagefix,0.0
irretriev,0.0
ordeal,0.0
infertil,0.0
bestim,0.0
publicis,0.0
dissi,0.0
fuerst,0.0
wardlook,0.0
hightyp,0.0
diana,0.0
zandt,0.0
passengermil,0.0
hoffmann,0.0
unmar,0.0
gon,0.0
cxiii,0.0
rifl,0.0
houser,0.0
lowestqu,0.0
eigh,0.0
fulllength,0.0
capitalaccount,0.0
tiser,0.0
terat,0.0
fourmonth,0.0
bonferroni,0.0
remi,0.0
brett,0.0
brink,0.0
tanaka,0.0
ligenc,0.0
prism,0.0
witch,0.0
rappaport,0.0
centraal,0.0
unkind,0.0
xvhen,0.0
chest,0.0
markdown,0.0
salesperson,0.0
nevi,0.0
contractionari,0.0
prereform,0.0
weve,0.0
michl,0.0
parochi,0.0
consoli,0.0
foreigncurr,0.0
domesticcurr,0.0
relia,0.0
natali,0.0
flurri,0.0
skep,0.0
parlor,0.0
winch,0.0
giorgi,0.0
planta,0.0
menzi,0.0
prere,0.0
handout,0.0
mccrari,0.0
geneticist,0.0
siren,0.0
exemplar,0.0
assam,0.0
despot,0.0
intangi,0.0
pander,0.0
goldstandard,0.0
midthirti,0.0
historiographi,0.0
invidi,0.0
griev,0.0
erudit,0.0
nonresi,0.0
effectsa,0.0
interindus,0.0
trk,0.0
lossmak,0.0
elain,0.0
petra,0.0
livelihood,0.0
raphael,0.0
beit,0.0
ove,0.0
singa,0.0
hurrican,0.0
propper,0.0
hem,0.0
employmentr,0.0
emplov,0.0
differents,0.0
brasileiro,0.0
neoclassicist,0.0
crossclassif,0.0
narrat,0.0
restoftheworld,0.0
etri,0.0
trudi,0.0
welloff,0.0
inscrut,0.0
enclav,0.0
notebook,0.0
prox,0.0
timetrend,0.0
oneparti,0.0
mauritius,0.0
collegeeduc,0.0
millenni,0.0
pryor,0.0
rucker,0.0
preschool,0.0
elon,0.0
ying,0.0
crow,0.0
schofield,0.0
opf,0.0
offlin,0.0
rigidi,0.0
igb,0.0
nonsalari,0.0
overborrow,0.0
puti,0.0
disrup,0.0
bingley,0.0
fuster,0.0
carton,0.0
nineyear,0.0
carruth,0.0
sheepskin,0.0
dong,0.0
westphal,0.0
lorenzoni,0.0
discrepan,0.0
dora,0.0
hellein,0.0
berthold,0.0
bangkok,0.0
giovannini,0.0
nace,0.0
joon,0.0
blanco,0.0
wieland,0.0
defen,0.0
timeli,0.0
electromagnet,0.0
auten,0.0
nonland,0.0
erin,0.0
compliant,0.0
writedown,0.0
silicon,0.0
mongolia,0.0
kwan,0.0
dorsey,0.0
limeston,0.0
caleb,0.0
malayan,0.0
eckel,0.0
sudhir,0.0
uabl,0.0
ciari,0.0
ccm,0.0
automata,0.0
firefight,0.0
malalloc,0.0
britton,0.0
steffen,0.0
noncommon,0.0
bombard,0.0
boycott,0.0
shah,0.0
rocco,0.0
nonexport,0.0
nist,0.0
shrunken,0.0
helpwant,0.0
argentinian,0.0
governmentimpos,0.0
nutri,0.0
finitesim,0.0
sacerdot,0.0
underd,0.0
itari,0.0
lowestpaid,0.0
synergist,0.0
pansionari,0.0
flore,0.0
mpg,0.0
lowestincom,0.0
incongru,0.0
kenney,0.0
nonmateri,0.0
duggan,0.0
libya,0.0
malnutrit,0.0
humili,0.0
deemphasi,0.0
armor,0.0
warrel,0.0
watertight,0.0
husbandwif,0.0
federalist,0.0
ernesto,0.0
kling,0.0
preda,0.0
suscep,0.0
madagascar,0.0
outlast,0.0
ceram,0.0
mice,0.0
khrushchev,0.0
nonag,0.0
countriesth,0.0
highpaid,0.0
galf,0.0
mali,0.0
unhelp,0.0
slavia,0.0
nontariff,0.0
ceta,0.0
resultsa,0.0
laurier,0.0
compressor,0.0
daugh,0.0
economicsth,0.0
typo,0.0
municipali,0.0
bator,0.0
nylon,0.0
lorri,0.0
mast,0.0
schott,0.0
noriti,0.0
rote,0.0
fiftynin,0.0
tarist,0.0
inz,0.0
foil,0.0
redeploy,0.0
diabet,0.0
drugstor,0.0
budish,0.0
gish,0.0
pretenti,0.0
enmploy,0.0
sokoloff,0.0
rothstein,0.0
signfic,0.0
linoleum,0.0
oilse,0.0
mostpref,0.0
counterpropos,0.0
underpaid,0.0
cpr,0.0
miiller,0.0
hno,0.0
jobseek,0.0
honda,0.0
hornbeck,0.0
alexi,0.0
yugo,0.0
aloysius,0.0
unreali,0.0
mahajan,0.0
aaronson,0.0
oldstyl,0.0
islam,0.0
usuk,0.0
bernardino,0.0
lipset,0.0
gatt,0.0
racist,0.0
aspira,0.0
austra,0.0
hernando,0.0
matchmak,0.0
baird,0.0
rya,0.0
tectionist,0.0
venezuelan,0.0
moser,0.0
cadel,0.0
slovak,0.0
chica,0.0
roar,0.0
makin,0.0
armenia,0.0
monoxid,0.0
sician,0.0
homeless,0.0
zenith,0.0
glue,0.0
aggressor,0.0
imita,0.0
bermuda,0.0
tian,0.0
ndt,0.0
mustard,0.0
wiseman,0.0
matri,0.0
demandpul,0.0
hbs,0.0
cliqu,0.0
cellan,0.0
jibe,0.0
soli,0.0
dariti,0.0
mete,0.0
congreg,0.0
nonreligi,0.0
sufi,0.0
corporat,0.0
interestth,0.0
brecher,0.0
ofpocket,0.0
pluralist,0.0
nonrel,0.0
qnj,0.0
nira,0.0
springfield,0.0
trendless,0.0
antikeynesian,0.0
nock,0.0
jaszi,0.0
soto,0.0
maiz,0.0
debtmanag,0.0
fixedterm,0.0
lowpay,0.0
signer,0.0
beet,0.0
hassler,0.0
rachel,0.0
surinam,0.0
popkin,0.0
yorker,0.0
literatureth,0.0
dmitri,0.0
millet,0.0
tellectu,0.0
felip,0.0
documen,0.0
bosnia,0.0
saintpaul,0.0
cattaneo,0.0
alston,0.0
romania,0.0
phen,0.0
twine,0.0
antidump,0.0
samoa,0.0
repo,0.0
swaziland,0.0
biass,0.0
gervai,0.0
supplyanddemand,0.0
homeownership,0.0
kilian,0.0
fryer,0.0
deo,0.0
eum,0.0
micromot,0.0
sturm,0.0
erit,0.0
entrepot,0.0
aggra,0.0
wrs,0.0
underdevel,0.0
defec,0.0
improvis,0.0
petual,0.0
productpric,0.0
myint,0.0
landintens,0.0
secon,0.0
munshi,0.0
zucker,0.0
discountr,0.0
wrench,0.0
participatori,0.0
creditmarket,0.0
muchdiscuss,0.0
reimer,0.0
filli,0.0
simultaneousequ,0.0
capitalscarc,0.0
liamson,0.0
instrumen,0.0
obituari,0.0
gerous,0.0
homemak,0.0
mccleari,0.0
cityst,0.0
aloud,0.0
aunt,0.0
mammoth,0.0
nonstockhold,0.0
rightw,0.0
woven,0.0
earthenwar,0.0
jullien,0.0
mozambiqu,0.0
slur,0.0
cotermin,0.0
hossain,0.0
verac,0.0
gracious,0.0
pickup,0.0
misalloca,0.0
fortytwo,0.0
headship,0.0
moonlight,0.0
elisabeth,0.0
incomeand,0.0
tilize,0.0
tommaso,0.0
fata,0.0
vehi,0.0
gloomi,0.0
illiter,0.0
decreasingcost,0.0
outcri,0.0
profitmaximis,0.0
trespass,0.0
mattila,0.0
smallpox,0.0
interproduct,0.0
vincial,0.0
mosquito,0.0
moneylend,0.0
motto,0.0
tamil,0.0
enger,0.0
veterinari,0.0
vaccin,0.0
stiffer,0.0
prosecu,0.0
onceov,0.0
matricul,0.0
extrapo,0.0
forceabl,0.0
estonia,0.0
overcon,0.0
haworth,0.0
fairfax,0.0
palisad,0.0
balkan,0.0
cutleri,0.0
jefferi,0.0
maher,0.0
bever,0.0
hewlett,0.0
linn,0.0
acontinu,0.0
cruit,0.0
courtney,0.0
rubenstein,0.0
fireston,0.0
ramp,0.0
conley,0.0
allegheni,0.0
muriel,0.0
cogni,0.0
rugged,0.0
schlagenhauf,0.0
recenc,0.0
mud,0.0
suad,0.0
scrupl,0.0
groom,0.0
chide,0.0
ratemak,0.0
click,0.0
youv,0.0
nonveteran,0.0
wyckoff,0.0
bettor,0.0
pharmacist,0.0
ameni,0.0
noneuropean,0.0
simoni,0.0
investmentgood,0.0
ratea,0.0
rivet,0.0
admitt,0.0
publican,0.0
namur,0.0
yarn,0.0
traffick,0.0
preacher,0.0
spuri,0.0
gcn,0.0
dichoto,0.0
pqm,0.0
boss,0.0
bsc,0.0
openmind,0.0
trucker,0.0
disenfranchis,0.0
chemi,0.0
archic,0.0
blan,0.0
ludicr,0.0
linz,0.0
bihar,0.0
tibl,0.0
sleev,0.0
lightn,0.0
ignat,0.0
jozef,0.0
intermedia,0.0
interc,0.0
glasswar,0.0
interunivers,0.0
higherthanaverag,0.0
participat,0.0
deficitfinanc,0.0
heyd,0.0
henryk,0.0
seema,0.0
piraci,0.0
diploma,0.0
bloodi,0.0
chappel,0.0
rebel,0.0
carrel,0.0
utensil,0.0
intrac,0.0
subjug,0.0
aspirin,0.0
mainland,0.0
chard,0.0
oleg,0.0
logrol,0.0
asphalt,0.0
coconut,0.0
productivi,0.0
boardman,0.0
yamashita,0.0
mcaleer,0.0
imai,0.0
robber,0.0
idealis,0.0
indentur,0.0
hyderabad,0.0
murnan,0.0
gerlach,0.0
lafontain,0.0
nub,0.0
affir,0.0
marci,0.0
egat,0.0
argentinean,0.0
malnourish,0.0
productionwork,0.0
empirebuild,0.0
upjohn,0.0
selfservic,0.0
cuniari,0.0
gilchrist,0.0
awri,0.0
topdown,0.0
suck,0.0
nerabl,0.0
delia,0.0
confectioneri,0.0
concordia,0.0
preunion,0.0
oyer,0.0
importsubstitut,0.0
fertilis,0.0
roberta,0.0
patrol,0.0
andersson,0.0
overful,0.0
productmix,0.0
penetra,0.0
paperthat,0.0
restau,0.0
militia,0.0
adol,0.0
paradoxi,0.0
bessem,0.0
higherpay,0.0
afoul,0.0
hayward,0.0
malthuss,0.0
pritchett,0.0
merz,0.0
cun,0.0
unproven,0.0
lavi,0.0
idiosyncraci,0.0
profi,0.0
resta,0.0
danni,0.0
wageset,0.0
toplevel,0.0
petrin,0.0
schoolleav,0.0
tism,0.0
naturalist,0.0
mileston,0.0
commonvalu,0.0
nonem,0.0
fourpoint,0.0
nonexempt,0.0
traine,0.0
unders,0.0
remak,0.0
sorption,0.0
fender,0.0
eightyear,0.0
bgd,0.0
apti,0.0
pointer,0.0
dnd,0.0
nonproperti,0.0
ineluct,0.0
grilli,0.0
campa,0.0
trd,0.0
lowervalu,0.0
goodsproduc,0.0
crimi,0.0
slv,0.0
contami,0.0
cardboard,0.0
preelect,0.0
secondaryschool,0.0
selfrestraint,0.0
countrybycountri,0.0
sidize,0.0
nesia,0.0
xvith,0.0
drown,0.0
etho,0.0
teem,0.0
phds,0.0
policya,0.0
nod,0.0
investmn,0.0
menial,0.0
bolivian,0.0
andes,0.0
higherpaid,0.0
progeni,0.0
nonsoci,0.0
fastgrow,0.0
exagg,0.0
minimalist,0.0
scandina,0.0
analysisa,0.0
behr,0.0
gling,0.0
strug,0.0
ruralurban,0.0
culus,0.0
passport,0.0
worklif,0.0
efficiencywag,0.0
caucasian,0.0
tyran,0.0
indict,0.0
jani,0.0
olken,0.0
colombo,0.0
subcontin,0.0
spiraci,0.0
swansea,0.0
gertler,0.0
sabot,0.0
siphon,0.0
expro,0.0
primogenitur,0.0
kugler,0.0
ditalia,0.0
curricular,0.0
florin,0.0
pentagon,0.0
engelmann,0.0
louder,0.0
sproul,0.0
offth,0.0
heather,0.0
ventura,0.0
sharma,0.0
schizophren,0.0
treasuryfeder,0.0
overridden,0.0
plumb,0.0
litiga,0.0
evangel,0.0
kleven,0.0
rivera,0.0
gomez,0.0
expropria,0.0
greas,0.0
edibl,0.0
lowpaid,0.0
tyde,0.0
retool,0.0
unrequit,0.0
jaeger,0.0
foreclosur,0.0
sode,0.0
sterilis,0.0
trition,0.0
tuberculosi,0.0
foreignproduc,0.0
siena,0.0
looney,0.0
paperboard,0.0
barg,0.0
homeland,0.0
twelveyear,0.0
syrian,0.0
cion,0.0
suspi,0.0
trializ,0.0
icb,0.0
calor,0.0
mobi,0.0
bitious,0.0
pakistani,0.0
maizel,0.0
leung,0.0
fuhrer,0.0
alexandra,0.0
savingincom,0.0
busch,0.0
amortis,0.0
recuper,0.0
spector,0.0
wijnbergen,0.0
excav,0.0
alicia,0.0
unpromis,0.0
chill,0.0
klaassen,0.0
ministeri,0.0
purvi,0.0
robertsonian,0.0
analysisth,0.0
freeway,0.0
sanchez,0.0
hideo,0.0
youll,0.0
mayn,0.0
joao,0.0
intraunion,0.0
perez,0.0
neve,0.0
ignacio,0.0
banfield,0.0
sibert,0.0
masao,0.0
rivalr,0.0
klarman,0.0
fiscalpolici,0.0
riker,0.0
lago,0.0
benelux,0.0
afghanistan,0.0
fertig,0.0
wasnt,0.0
harrigan,0.0
sheriff,0.0
tepper,0.0
servicemen,0.0
burglar,0.0
gerardo,0.0
numnber,0.0
fogarti,0.0
conveyor,0.0
goodyear,0.0
fickl,0.0
sussman,0.0
hobbi,0.0
taneiti,0.0
pincus,0.0
charli,0.0
skate,0.0
brazer,0.0
betterinform,0.0
schaffer,0.0
correia,0.0
siegelman,0.0
gavin,0.0
wiscon,0.0
protector,0.0
tortur,0.0
beveridg,0.0
hered,0.0
fvalu,0.0
turningpoint,0.0
darker,0.0
swoboda,0.0
louisvill,0.0
juror,0.0
roos,0.0
subservi,0.0
laboreconom,0.0
rata,0.0
wanger,0.0
moffit,0.0
newspa,0.0
emnment,0.0
rienc,0.0
busto,0.0
silberston,0.0
florencio,0.0
welter,0.0
madhya,0.0
inexperi,0.0
necticut,0.0
unborrow,0.0
garag,0.0
middleincom,0.0
scissor,0.0
termsoftrad,0.0
iversen,0.0
jew,0.0
childcar,0.0
subjectmatt,0.0
whitenonwhit,0.0
noland,0.0
finegan,0.0
englishman,0.0
uscript,0.0
submarin,0.0
uneas,0.0
dominica,0.0
outofwork,0.0
solicitor,0.0
shaken,0.0
communal,0.0
hegel,0.0
herr,0.0
kingsley,0.0
juvenil,0.0
takeup,0.0
resourcerich,0.0
wealthincom,0.0
montalvo,0.0
comt,0.0
unmitig,0.0
rosenbaum,0.0
beran,0.0
reanalyz,0.0
auditor,0.0
publicus,0.0
helper,0.0
hillel,0.0
balanceof,0.0
oftrad,0.0
fiercer,0.0
counterfeit,0.0
threefirm,0.0
reentrant,0.0
engrav,0.0
nonsouthern,0.0
fortythre,0.0
deposi,0.0
interestsensit,0.0
seventyfour,0.0
sixtythre,0.0
laitin,0.0
groundwat,0.0
sixtieth,0.0
greenback,0.0
nontreat,0.0
dred,0.0
hitler,0.0
quartertoquart,0.0
foretold,0.0
alastair,0.0
goeth,0.0
luther,0.0
motorist,0.0
huizinga,0.0
abstent,0.0
prussian,0.0
bund,0.0
kant,0.0
chiara,0.0
stout,0.0
inlaw,0.0
upperright,0.0
fresno,0.0
teenthcenturi,0.0
infantindustri,0.0
varieg,0.0
outputa,0.0
commonstock,0.0
eld,0.0
wdi,0.0
renunci,0.0
overiden,0.0
recompens,0.0
abstin,0.0
voucher,0.0
roadway,0.0
stillman,0.0
dearden,0.0
bluff,0.0
fiftyyear,0.0
loco,0.0
steamship,0.0
mest,0.0
rector,0.0
sumit,0.0
defianc,0.0
ashraf,0.0
doubleentri,0.0
carp,0.0
grief,0.0
candor,0.0
funder,0.0
ambassador,0.0
grape,0.0
milner,0.0
reinvent,0.0
maze,0.0
obes,0.0
pluse,0.0
ingest,0.0
teenag,0.0
woytinski,0.0
encuesta,0.0
hort,0.0
influenza,0.0
hosieri,0.0
junz,0.0
jacket,0.0
archaeolog,0.0
theolog,0.0
overstress,0.0
lina,0.0
caro,0.0
outdat,0.0
cretion,0.0
noncapitalist,0.0
errorridden,0.0
pricerais,0.0
misappl,0.0
bumper,0.0
wrest,0.0
laborcost,0.0
unthink,0.0
serf,0.0
meg,0.0
twen,0.0
lifeexpect,0.0
migra,0.0
centrist,0.0
marget,0.0
expansionist,0.0
overemphasi,0.0
guesswork,0.0
industrv,0.0
twosampl,0.0
chil,0.0
inmigr,0.0
unimpor,0.0
dren,0.0
forag,0.0
guesstim,0.0
disinclin,0.0
multifari,0.0
downtrend,0.0
nonregul,0.0
pearl,0.0
niederl,0.0
srp,0.0
schoolag,0.0
blumstein,0.0
trepreneurship,0.0
radi,0.0
premodern,0.0
paley,0.0
nontransf,0.0
kindergarten,0.0
beatric,0.0
lilil,0.0
pinter,0.0
gha,0.0
toyota,0.0
kung,0.0
chrysler,0.0
encroach,0.0
yemen,0.0
readymix,0.0
latvia,0.0
phila,0.0
ciolog,0.0
achill,0.0
hilari,0.0
delphia,0.0
postindustri,0.0
peninsula,0.0
empathi,0.0
plato,0.0
motta,0.0
humbl,0.0
disgrac,0.0
surveyor,0.0
venti,0.0
ramat,0.0
reconvert,0.0
scath,0.0
fodder,0.0
hanan,0.0
acquit,0.0
bedroom,0.0
tomobil,0.0
chevrolet,0.0
natal,0.0
winkelmann,0.0
hacienda,0.0
kristen,0.0
elia,0.0
ivat,0.0
crackdown,0.0
colo,0.0
referenda,0.0
turin,0.0
kamerschen,0.0
structuralist,0.0
platform,0.0
nontrend,0.0
periti,0.0
multiplechoic,0.0
merced,0.0
nonstud,0.0
demandinduc,0.0
pervert,0.0
flatrat,0.0
bmw,0.0
djibouti,0.0
foodgrain,0.0
timerel,0.0
qid,0.0
volkswagen,0.0
burkart,0.0
roadblock,0.0
stereo,0.0
interlud,0.0
ibg,0.0
benthamit,0.0
bagehot,0.0
keogh,0.0
tanto,0.0
atheoret,0.0
dispatch,0.0
surreptiti,0.0
depl,0.0
twoparti,0.0
nextbest,0.0
invulner,0.0
workpeopl,0.0
ueda,0.0
denunci,0.0
ferret,0.0
bstract,0.0
sewag,0.0
pillar,0.0
exportori,0.0
wolman,0.0
nonfeder,0.0
asiat,0.0
colonist,0.0
liran,0.0
scf,0.0
fernand,0.0
hone,0.0
mechanis,0.0
topmanag,0.0
laborus,0.0
lentz,0.0
disabil,0.0
wagegood,0.0
nicip,0.0
labl,0.0
sistanc,0.0
searl,0.0
wce,0.0
hyslop,0.0
policyj,0.0
vator,0.0
salesmen,0.0
plantyear,0.0
ereign,0.0
terpol,0.0
biliz,0.0
guner,0.0
stag,0.0
dayton,0.0
capitalinten,0.0
onetwentieth,0.0
coalfir,0.0
counterweight,0.0
spender,0.0
viswanathan,0.0
overexpand,0.0
gele,0.0
insurg,0.0
coalmin,0.0
hygien,0.0
seltzer,0.0
unauthor,0.0
poster,0.0
oligarchi,0.0
interamerican,0.0
honolulu,0.0
dutyfre,0.0
bogey,0.0
tocquevill,0.0
censo,0.0
grudg,0.0
manitoba,0.0
utopia,0.0
hydro,0.0
scrappag,0.0
saskatchewan,0.0
goodsmarket,0.0
nonsocialist,0.0
parenthood,0.0
cxq,0.0
mahlon,0.0
easterbrook,0.0
clandestin,0.0
uscanadian,0.0
overthrown,0.0
backlash,0.0
staci,0.0
subcoalit,0.0
parentchild,0.0
postnat,0.0
henrich,0.0
governmentprovid,0.0
compul,0.0
mendoza,0.0
reequip,0.0
sewel,0.0
clapham,0.0
whyte,0.0
upperlevel,0.0
govt,0.0
effecr,0.0
stain,0.0
mcdowel,0.0
baton,0.0
quartercenturi,0.0
moll,0.0
waterman,0.0
tracta,0.0
appalachian,0.0
maki,0.0
spotlight,0.0
mcclellan,0.0
brari,0.0
ramirez,0.0
supplydetermin,0.0
wilmington,0.0
propaga,0.0
maggi,0.0
mainspr,0.0
highland,0.0
romney,0.0
palac,0.0
hessel,0.0
landgrant,0.0
uncensor,0.0
superintend,0.0
militar,0.0
parasit,0.0
landri,0.0
prietor,0.0
jakub,0.0
gujarat,0.0
mauricio,0.0
hassett,0.0
soltow,0.0
feigenbaum,0.0
hondura,0.0
haiti,0.0
nicaragua,0.0
dominican,0.0
rhoad,0.0
intelli,0.0
muchneed,0.0
joanna,0.0
carolyn,0.0
osterman,0.0
ontim,0.0
calo,0.0
greenhalgh,0.0
interdistrict,0.0
raviv,0.0
manila,0.0
selfserv,0.0
unschedul,0.0
irregu,0.0
estmat,0.0
chinn,0.0
giltedg,0.0
mayor,0.0
peggi,0.0
doxi,0.0
geografia,0.0
roast,0.0
wageunit,0.0
moneywag,0.0
ecoj,0.0
mostfavor,0.0
mostfavoredn,0.0
msas,0.0
reexport,0.0
turkish,0.0
wag,0.0
crd,0.0
statecontrol,0.0
feddersen,0.0
condominium,0.0
bazaar,0.0
tobago,0.0
ukrainian,0.0
cabbag,0.0
disemploy,0.0
albrecht,0.0
leder,0.0
wrigley,0.0
schmoller,0.0
socialeconom,0.0
fivepoint,0.0
labourforc,0.0
abdic,0.0
maharashtra,0.0
taxpric,0.0
kirbi,0.0
cvii,0.0
nonagricul,0.0
niesr,0.0
eder,0.0
widowhood,0.0
machinebuild,0.0
motherhood,0.0
tralia,0.0
laudabl,0.0
plimn,0.0
fame,0.0
whip,0.0
englishmen,0.0
nmp,0.0
unpro,0.0
fivesixth,0.0
dashdot,0.0
tieth,0.0
derdevelop,0.0
brookshir,0.0
parsley,0.0
receptor,0.0
propri,0.0
meo,0.0
utor,0.0
beller,0.0
namepl,0.0
pabl,0.0
oxen,0.0
bass,0.0
utiliz,0.0
beacon,0.0
nonadopt,0.0
conta,0.0
nondefens,0.0
haunt,0.0
clich,0.0
uninhibit,0.0
spection,0.0
ethnograph,0.0
ghent,0.0
bushnel,0.0
lowri,0.0
sarah,0.0
decenni,0.0
munici,0.0
dwe,0.0
wagehour,0.0
halfdozen,0.0
rett,0.0
unearth,0.0
sampson,0.0
postelect,0.0
funk,0.0
ingemar,0.0
fiftyon,0.0
twentyfifth,0.0
burial,0.0
wno,0.0
displeasur,0.0
folder,0.0
overtax,0.0
childhood,0.0
gatekeep,0.0
cleanup,0.0
governmentown,0.0
outrun,0.0
selfperpetu,0.0
vick,0.0
idealist,0.0
regiment,0.0
losophi,0.0
leftw,0.0
barebon,0.0
outliv,0.0
migratori,0.0
twofifth,0.0
summon,0.0
tongu,0.0
noncompet,0.0
despis,0.0
theater,0.0
reuber,0.0
kickback,0.0
flimsi,0.0
kinship,0.0
longtim,0.0
cisiv,0.0
czechoslovak,0.0
crusad,0.0
stalin,0.0
croatia,0.0
comrad,0.0
tradecr,0.0
seneg,0.0
intrabloc,0.0
soest,0.0
dudt,0.0
footloos,0.0
erstwhil,0.0
costum,0.0
belliger,0.0
teec,0.0
realbil,0.0
sfa,0.0
gadi,0.0
amix,0.0
rehears,0.0
secr,0.0
phipp,0.0
viss,0.0
equaliz,0.0
grantinaid,0.0
braga,0.0
cuf,0.0
werden,0.0
invertedu,0.0
hightax,0.0
weimar,0.0
ister,0.0
grantsinaid,0.0
pressiv,0.0
subunit,0.0
roback,0.0
sixtyfour,0.0
skyrocket,0.0
middles,0.0
wpb,0.0
fetish,0.0
pod,0.0
academician,0.0
benedict,0.0
lorrain,0.0
criminolog,0.0
oaxaca,0.0
joness,0.0
hoxbi,0.0
procter,0.0
susanna,0.0
unbroken,0.0
lavish,0.0
selfdetermin,0.0
juster,0.0
selfdecept,0.0
anglia,0.0
perotti,0.0
interfamili,0.0
unto,0.0
hudson,0.0
noam,0.0
poem,0.0
husbandri,0.0
abun,0.0
hist,0.0
wedlock,0.0
theyr,0.0
biographi,0.0
claudia,0.0
antl,0.0
monopolis,0.0
remodel,0.0
unoccupi,0.0
quintessenti,0.0
mili,0.0
baran,0.0
primaci,0.0
ticl,0.0
banner,0.0
blaug,0.0
netzer,0.0
politik,0.0
flanagan,0.0
ilian,0.0
pulsori,0.0
motorcycl,0.0
auspici,0.0
saar,0.0
tropic,0.0
predepress,0.0
finalgood,0.0
checkout,0.0
steadier,0.0
sewer,0.0
limitless,0.0
unrecord,0.0
conquer,0.0
modelin,0.0
nitiv,0.0
thirdcountri,0.0
saturday,0.0
uscanada,0.0
copay,0.0
nonliquid,0.0
impugn,0.0
henriqu,0.0
incometh,0.0
physiocrat,0.0
mun,0.0
loantovalu,0.0
behren,0.0
hoyt,0.0
oath,0.0
fishermen,0.0
hrm,0.0
ostrom,0.0
striker,0.0
satterthwait,0.0
picket,0.0
paign,0.0
eficiari,0.0
valri,0.0
dalia,0.0
unscrupul,0.0
overrul,0.0
latur,0.0
feather,0.0
nlrb,0.0
alltim,0.0
secess,0.0
postsampl,0.0
petition,0.0
acquiesc,0.0
dyad,0.0
julydecemb,0.0
landmark,0.0
slav,0.0
equationbyequ,0.0
forprofit,0.0
reza,0.0
pious,0.0
keynot,0.0
reme,0.0
capitali,0.0
cataclysm,0.0
postretir,0.0
interlinkag,0.0
sacrosanct,0.0
cashless,0.0
shaikh,0.0
giuliano,0.0
gabon,0.0
babcock,0.0
redevelop,0.0
petti,0.0
prognost,0.0
dous,0.0
spadi,0.0
harass,0.0
lowrent,0.0
dors,0.0
hagerti,0.0
myy,0.0
wykoff,0.0
mickey,0.0
onedollar,0.0
fisc,0.0
pvs,0.0
lockout,0.0
intimid,0.0
oru,0.0
caillaud,0.0
badi,0.0
bulgarian,0.0
keyboard,0.0
variablesa,0.0
reactor,0.0
bilingu,0.0
engi,0.0
roller,0.0
miscellani,0.0
bjorklund,0.0
trejo,0.0
armour,0.0
raven,0.0
growthth,0.0
leaf,0.0
evapor,0.0
keat,0.0
sweat,0.0
ographi,0.0
niemi,0.0
cristina,0.0
drf,0.0
prophet,0.0
lousi,0.0
prestig,0.0
tanci,0.0
mercantilist,0.0
ratchford,0.0
deutschen,0.0
buoyanc,0.0
progresa,0.0
outreach,0.0
unionist,0.0
rankandfil,0.0
drg,0.0
nonaffili,0.0
runoff,0.0
catchment,0.0
complier,0.0
cruditi,0.0
appointe,0.0
legi,0.0
featherbed,0.0
restitut,0.0
conscript,0.0
unlaw,0.0
ooooooooo,0.0
expuls,0.0
whitehead,0.0
kearney,0.0
roell,0.0
nonpartisan,0.0
pilat,0.0
worral,0.0
kornhaus,0.0
ashley,0.0
wilkin,0.0
neri,0.0
reaucrat,0.0
cecilia,0.0
tenaci,0.0
bros,0.0
cason,0.0
bleakley,0.0
heater,0.0
secondlowest,0.0
fascist,0.0
rashid,0.0
exportl,0.0
plausibil,0.0
quasipubl,0.0
highpressur,0.0
floyd,0.0
industriali,0.0
susten,0.0
authoritarian,0.0
baier,0.0
intercours,0.0
sixtyeight,0.0
sichel,0.0
stefano,0.0
upris,0.0
leaki,0.0
factorendow,0.0
rotten,0.0
tradeinduc,0.0
underprovid,0.0
unforecast,0.0
landier,0.0
retest,0.0
justiniano,0.0
fundacin,0.0
jobchang,0.0
sideeffect,0.0
allegi,0.0
cialism,0.0
antra,0.0
bullock,0.0
liberia,0.0
frickey,0.0
nongovernment,0.0
riordan,0.0
paraguay,0.0
oceania,0.0
minerva,0.0
bengal,0.0
malefemal,0.0
mcmc,0.0
mckenna,0.0
cottonse,0.0
weltwirtschaft,0.0
metabol,0.0
dvd,0.0
visser,0.0
coststh,0.0
relaps,0.0
shave,0.0
kauffman,0.0
buss,0.0
passen,0.0
ritori,0.0
tardi,0.0
wagon,0.0
jmt,0.0
sworn,0.0
urbanis,0.0
gonzalo,0.0
wiederholt,0.0
ardiz,0.0
beginn,0.0
tectiv,0.0
yendollar,0.0
shigeru,0.0
refuge,0.0
postreform,0.0
extracurricular,0.0
exportimport,0.0
havana,0.0
foreignown,0.0
wdl,0.0
riddl,0.0
hobb,0.0
towel,0.0
legro,0.0
hum,0.0
ginger,0.0
duck,0.0
niger,0.0
belli,0.0
carpet,0.0
syrup,0.0
cracker,0.0
overcorrect,0.0
hose,0.0
pickl,0.0
groupbas,0.0
marcia,0.0
thanksgiv,0.0
geon,0.0
normalci,0.0
amet,0.0
rateb,0.0
figment,0.0
tributari,0.0
eastward,0.0
upland,0.0
perat,0.0
taxrat,0.0
mccubbin,0.0
penchant,0.0
parcel,0.0
charisma,0.0
duca,0.0
workweek,0.0
disarm,0.0
creek,0.0
tribal,0.0
ough,0.0
dwm,0.0
uncheck,0.0
freetrad,0.0
diarrhea,0.0
handshak,0.0
jacksonvill,0.0
byrn,0.0
gilman,0.0
fowl,0.0
consin,0.0
beast,0.0
rife,0.0
lubric,0.0
wireless,0.0
urzua,0.0
bicentenni,0.0
thir,0.0
telecom,0.0
breeder,0.0
pore,0.0
lantic,0.0
schol,0.0
roster,0.0
simeon,0.0
centenni,0.0
crum,0.0
wilcoxon,0.0
alessandria,0.0
lechner,0.0
amil,0.0
spengler,0.0
bridget,0.0
rtest,0.0
retari,0.0
ofthat,0.0
lach,0.0
mccracken,0.0
fever,0.0
tradedivert,0.0
spire,0.0
brozen,0.0
clagu,0.0
ripley,0.0
voluntar,0.0
opul,0.0
reviezv,0.0
interurban,0.0
tradeunion,0.0
dietari,0.0
aloof,0.0
unwari,0.0
relo,0.0
sappington,0.0
nbt,0.0
onment,0.0
nonexperi,0.0
bald,0.0
xeffici,0.0
chise,0.0
intercorpor,0.0
taxfavor,0.0
godley,0.0
lowreturn,0.0
policemen,0.0
pretext,0.0
commonlaw,0.0
superpow,0.0
indors,0.0
hemispher,0.0
kuwait,0.0
entat,0.0
papua,0.0
migrant,0.0
alimoni,0.0
johannesson,0.0
allout,0.0
booklet,0.0
aircondit,0.0
adolf,0.0
laneous,0.0
josiah,0.0
veteran,0.0
rainer,0.0
trickl,0.0
douti,0.0
shipbuild,0.0
miscel,0.0
kerala,0.0
aubrey,0.0
ralf,0.0
schell,0.0
polanyi,0.0
barrett,0.0
entif,0.0
protestant,0.0
nitrat,0.0
serbia,0.0
morocco,0.0
calv,0.0
newsprint,0.0
meek,0.0
peru,0.0
kaysen,0.0
nonresid,0.0
australasia,0.0
implemen,0.0
tonga,0.0
brooklyn,0.0
absente,0.0
haber,0.0
thu,0.0
nok,0.0
dori,0.0
vkn,0.0
murdoch,0.0
stricken,0.0
tionnair,0.0
mckinney,0.0
oster,0.0
triciti,0.0
dential,0.0
punjab,0.0
soutrc,0.0
backstop,0.0
gerschenkron,0.0
nonmov,0.0
nassau,0.0
onfarm,0.0
deced,0.0
vermont,0.0
psychiatrist,0.0
frechett,0.0
kori,0.0
paish,0.0
sonin,0.0
nontest,0.0
pledgeabl,0.0
macgregor,0.0
rothbarth,0.0
palumbo,0.0
boundless,0.0
crawl,0.0
nonhous,0.0
weigelt,0.0
capitalrich,0.0
reabsorb,0.0
gome,0.0
vibrant,0.0
xwe,0.0
rulemak,0.0
posti,0.0
unsympathet,0.0
englishlanguag,0.0
mohammad,0.0
piedmont,0.0
monetaryfisc,0.0
kara,0.0
piggott,0.0
modelsth,0.0
burbidg,0.0
sergei,0.0
nonwar,0.0
hopedfor,0.0
firstborn,0.0
standabl,0.0
tariffinclus,0.0
interarea,0.0
ramaswami,0.0
tercentenari,0.0
incomedistribut,0.0
greenle,0.0
plum,0.0
capitalpoor,0.0
spier,0.0
senger,0.0
jasni,0.0
sensori,0.0
uptak,0.0
grenada,0.0
rosovski,0.0
comin,0.0
prosoci,0.0
hatton,0.0
goulder,0.0
deforest,0.0
bolshevik,0.0
ytd,0.0
naum,0.0
munist,0.0
latinamerican,0.0
spiegelman,0.0
sunstein,0.0
metropol,0.0
unsal,0.0
nondollar,0.0
dispari,0.0
indochina,0.0
selfem,0.0
colombian,0.0
tainment,0.0
itan,0.0
grail,0.0
welfareincreas,0.0
talintens,0.0
fortyseven,0.0
parn,0.0
advert,0.0
closedeconomi,0.0
oder,0.0
nationalincom,0.0
fearon,0.0
resurvey,0.0
rgr,0.0
roux,0.0
innerc,0.0
engelhardt,0.0
iyer,0.0
geog,0.0
diener,0.0
bicamer,0.0
scc,0.0
utabl,0.0
clementi,0.0
structor,0.0
uniformpric,0.0
gillingham,0.0
strobel,0.0
anneal,0.0
flyer,0.0
ghost,0.0
fagan,0.0
eccl,0.0
semiindustri,0.0
pappa,0.0
appeas,0.0
lochner,0.0
beckerman,0.0
surv,0.0
thirtythre,0.0
sahara,0.0
abler,0.0
hanm,0.0
footprint,0.0
underprivileg,0.0
marius,0.0
cropland,0.0
wpr,0.0
feng,0.0
intermin,0.0
tinent,0.0
ohkawa,0.0
slavic,0.0
lowland,0.0
seidman,0.0
codetermin,0.0
burman,0.0
petitor,0.0
schuman,0.0
silva,0.0
moa,0.0
apriljun,0.0
jewk,0.0
cxvi,0.0
multipleunit,0.0
vella,0.0
sawa,0.0
gartner,0.0
mooney,0.0
hirepurchas,0.0
meredith,0.0
cockburn,0.0
hatfield,0.0
suresh,0.0
broca,0.0
arun,0.0
fought,0.0
vald,0.0
nuno,0.0
undersecretari,0.0
realign,0.0
vege,0.0
bucket,0.0
leibowitz,0.0
packet,0.0
galvan,0.0
sippi,0.0
alwyn,0.0
quinquenni,0.0
deval,0.0
destruc,0.0
wooden,0.0
missi,0.0
grandfath,0.0
oulton,0.0
emerald,0.0
rma,0.0
ingroup,0.0
gallman,0.0
dertouzo,0.0
eligibil,0.0
dereg,0.0
flexiblepric,0.0
mislabel,0.0
lowtax,0.0
giveaway,0.0
knoxvill,0.0
proprietorship,0.0
variablea,0.0
coint,0.0
kreiner,0.0
torben,0.0
multina,0.0
ged,0.0
airborn,0.0
bellum,0.0
newport,0.0
overcam,0.0
nbc,0.0
fccs,0.0
erland,0.0
postcrisi,0.0
nold,0.0
affirma,0.0
breakup,0.0
cesar,0.0
matti,0.0
guilford,0.0
veronica,0.0
babbl,0.0
carrillo,0.0
econmica,0.0
clifton,0.0
flavio,0.0
naturalr,0.0
bulwark,0.0
talize,0.0
nonstop,0.0
utilityposs,0.0
northampton,0.0
willen,0.0
killer,0.0
murdock,0.0
somalia,0.0
jeremiah,0.0
koren,0.0
mullen,0.0
papel,0.0
timelin,0.0
olympia,0.0
tling,0.0
goldenweis,0.0
hellman,0.0
williamstown,0.0
flint,0.0
marston,0.0
windsor,0.0
staley,0.0
scholz,0.0
ballard,0.0
nonviol,0.0
concessionari,0.0
pharmaceuti,0.0
kern,0.0
hummel,0.0
hollywood,0.0
similars,0.0
rollment,0.0
unconcentr,0.0
schmid,0.0
toyear,0.0
omb,0.0
neurobiolog,0.0
lociti,0.0
ropolitan,0.0
brewster,0.0
burnsid,0.0
tiebout,0.0
bismarck,0.0
atherton,0.0
gomm,0.0
citypair,0.0
mcgregor,0.0
keeley,0.0
bethesda,0.0
middleburi,0.0
deer,0.0
tyler,0.0
hasbrouck,0.0
peke,0.0
stearn,0.0
renego,0.0
geogra,0.0
refurbish,0.0
allindia,0.0
laborincom,0.0
tampa,0.0
lanier,0.0
shibata,0.0
genicot,0.0
ducedform,0.0
rectiv,0.0
revo,0.0
horticultur,0.0
smallgroup,0.0
nonsmok,0.0
oust,0.0
casper,0.0
firstterm,0.0
muscl,0.0
apoli,0.0
kerwin,0.0
troleum,0.0
fend,0.0
postexperi,0.0
nepal,0.0
stadium,0.0
hoyn,0.0
barnow,0.0
perfum,0.0
boivin,0.0
blackmarket,0.0
testimoni,0.0
taxinclus,0.0
burs,0.0
curtain,0.0
propensi,0.0
deremploy,0.0
jcurv,0.0
liquidasset,0.0
rollov,0.0
izen,0.0
timeus,0.0
landless,0.0
trv,0.0
papanek,0.0
goer,0.0
schweizerisch,0.0
shotgun,0.0
ridden,0.0
ambival,0.0
wagechang,0.0
highearn,0.0
egori,0.0
devolv,0.0
wilcox,0.0
phlet,0.0
karsten,0.0
plaster,0.0
subarea,0.0
goat,0.0
manur,0.0
katharin,0.0
clung,0.0
roam,0.0
breastfeed,0.0
taller,0.0
wagedetermin,0.0
prag,0.0
kjell,0.0
cine,0.0
calf,0.0
hust,0.0
fullem,0.0
arnaud,0.0
overrun,0.0
ripen,0.0
omar,0.0
groundnut,0.0
lnz,0.0
monsoon,0.0
firewood,0.0
parel,0.0
expositor,0.0
sequitur,0.0
slowgrow,0.0
fisherman,0.0
causa,0.0
assail,0.0
ienc,0.0
anemia,0.0
lisher,0.0
mingl,0.0
remunera,0.0
musician,0.0
stimulat,0.0
schump,0.0
subdistrict,0.0
revok,0.0
rosta,0.0
gillett,0.0
reappoint,0.0
salespeopl,0.0
morelli,0.0
subsidis,0.0
ernor,0.0
lithuania,0.0
intraurban,0.0
unvari,0.0
psychosoci,0.0
alco,0.0
hinterland,0.0
judiciari,0.0
newtonian,0.0
millimet,0.0
farmland,0.0
molecular,0.0
kaitz,0.0
bevan,0.0
fiftieth,0.0
populist,0.0
kinder,0.0
ditch,0.0
warrior,0.0
gert,0.0
responsibil,0.0
midterm,0.0
presal,0.0
bester,0.0
deindustri,0.0
belgiumluxembourg,0.0
chowdhuri,0.0
funer,0.0
firstpric,0.0
aster,0.0
relic,0.0
camouflag,0.0
ploitat,0.0
padilla,0.0
fredrik,0.0
pathak,0.0
unstandard,0.0
subhead,0.0
hardpress,0.0
mocraci,0.0
householdspecif,0.0
overcrowd,0.0
overdrawn,0.0
imperialist,0.0
stunt,0.0
thad,0.0
staunch,0.0
derek,0.0
audrey,0.0
apathi,0.0
scandi,0.0
deng,0.0
siii,0.0
adverti,0.0
sour,0.0
cage,0.0
trm,0.0
trenchant,0.0
calen,0.0
mammen,0.0
tioner,0.0
unintellig,0.0
outgroup,0.0
statistiek,0.0
standardiza,0.0
sociopolit,0.0
concensus,0.0
agglomera,0.0
svend,0.0
intermingl,0.0
laursen,0.0
organisa,0.0
colunm,0.0
wellpublic,0.0
unti,0.0
mckinley,0.0
extraleg,0.0
drexel,0.0
foothold,0.0
selfdestruct,0.0
lage,0.0
adair,0.0
birdsal,0.0
interraci,0.0
suspen,0.0
unworthi,0.0
jae,0.0
autocraci,0.0
horribl,0.0
insan,0.0
macculloch,0.0
immi,0.0
restrictionist,0.0
nonbusi,0.0
nonimmigr,0.0
rootmeansquar,0.0
dominguez,0.0
nondemocrat,0.0
diplomaci,0.0
landslid,0.0
retort,0.0
kramer,0.0
abut,0.0
misrepr,0.0
cita,0.0
miscon,0.0
oilproduc,0.0
threefifth,0.0
mutu,0.0
jimenez,0.0
fortu,0.0
ceptanc,0.0
nonpar,0.0
whelm,0.0
boredom,0.0
getari,0.0
taliz,0.0
soak,0.0
monstrous,0.0
legion,0.0
openeconomi,0.0
ferment,0.0
aloi,0.0
rejuven,0.0
agriculturalist,0.0
monogam,0.0
lich,0.0
ciliat,0.0
naomi,0.0
hinrich,0.0
inefficien,0.0
intransig,0.0
inconsisten,0.0
cruzeiro,0.0
takeitor,0.0
inanim,0.0
naj,0.0
oncil,0.0
urbaniza,0.0
ceiver,0.0
trialize,0.0
guilder,0.0
synchro,0.0
amal,0.0
zloti,0.0
selfconsci,0.0
newsweek,0.0
loyalti,0.0
stanton,0.0
reber,0.0
alism,0.0
ibli,0.0
cunha,0.0
reveng,0.0
ssg,0.0
egregi,0.0
gerber,0.0
brigad,0.0
federa,0.0
seced,0.0
debtdefl,0.0
sank,0.0
unfinish,0.0
compliment,0.0
gokhal,0.0
outbound,0.0
statesmen,0.0
carolin,0.0
rhomberg,0.0
bours,0.0
matia,0.0
wellesley,0.0
dormitori,0.0
carneiro,0.0
meiji,0.0
shaffer,0.0
wellington,0.0
shelton,0.0
gottlieb,0.0
staffan,0.0
cmnd,0.0
lebow,0.0
immigra,0.0
conductor,0.0
nonseri,0.0
velasco,0.0
nongradu,0.0
etcand,0.0
droz,0.0
malfunct,0.0
jonah,0.0
engross,0.0
turf,0.0
recod,0.0
nonmortgag,0.0
consumptiongood,0.0
rauch,0.0
bomber,0.0
kish,0.0
mobiliza,0.0
blackmail,0.0
erro,0.0
blitz,0.0
gious,0.0
megawatt,0.0
hawley,0.0
paso,0.0
drucker,0.0
talbot,0.0
centil,0.0
deutscher,0.0
ntc,0.0
bottomup,0.0
stigmat,0.0
plicant,0.0
cordoba,0.0
kenkel,0.0
denigr,0.0
factorsuppli,0.0
sciencebas,0.0
mura,0.0
oooooooo,0.0
grocer,0.0
awesom,0.0
potteri,0.0
terrorist,0.0
chou,0.0
bystand,0.0
harriet,0.0
disillus,0.0
nonpolit,0.0
heyday,0.0
jtest,0.0
whig,0.0
yeoman,0.0
hyperinfla,0.0
rivlin,0.0
postbellum,0.0
accelerationist,0.0
belat,0.0
divin,0.0
selfrespect,0.0
generos,0.0
cabil,0.0
worswick,0.0
interestfre,0.0
dobrovolski,0.0
svar,0.0
hausmann,0.0
shrank,0.0
reflat,0.0
torat,0.0
knotti,0.0
parlia,0.0
delus,0.0
yeat,0.0
nongroup,0.0
acclaim,0.0
bacteri,0.0
wellintent,0.0
pois,0.0
hardwood,0.0
lumsden,0.0
luke,0.0
grind,0.0
admonit,0.0
kishor,0.0
rebirth,0.0
pereira,0.0
grout,0.0
scious,0.0
partyear,0.0
tutor,0.0
grim,0.0
antiunion,0.0
undeserv,0.0
infiltr,0.0
mccurdi,0.0
armchair,0.0
vigil,0.0
aldi,0.0
ageold,0.0
deflect,0.0
passel,0.0
orourk,0.0
persever,0.0
handmaiden,0.0
veriti,0.0
timmer,0.0
prep,0.0
gium,0.0
newark,0.0
tortuous,0.0
petrov,0.0
reclam,0.0
newal,0.0
basingpoint,0.0
embod,0.0
hoff,0.0
lynd,0.0
cameroon,0.0
seignorag,0.0
lowend,0.0
memberbank,0.0
parenc,0.0
viiia,0.0
stickier,0.0
oppenheim,0.0
propter,0.0
shister,0.0
formulat,0.0
stare,0.0
tailer,0.0
mock,0.0
leaver,0.0
aborigin,0.0
lowpow,0.0
poet,0.0
eisenhow,0.0
transistor,0.0
noncitizen,0.0
izont,0.0
kazakhstan,0.0
loh,0.0
outpay,0.0
gover,0.0
hellerstein,0.0
bulki,0.0
unfa,0.0
rine,0.0
pursuanc,0.0
ytb,0.0
reintroduct,0.0
gamut,0.0
overdon,0.0
superstit,0.0
dane,0.0
foreignborn,0.0
taxdeduct,0.0
lignit,0.0
laxiti,0.0
regionwid,0.0
enumera,0.0
rape,0.0
cleanli,0.0
bitler,0.0
disservic,0.0
jeopardis,0.0
glenview,0.0
huyck,0.0
prussia,0.0
housework,0.0
remiss,0.0
mwh,0.0
craw,0.0
quarri,0.0
cologn,0.0
voln,0.0
vicissitud,0.0
macpherson,0.0
dunbar,0.0
moro,0.0
obsol,0.0
narcot,0.0
cramp,0.0
ofh,0.0
anachron,0.0
stephani,0.0
armori,0.0
wellidentifi,0.0
highestrank,0.0
terra,0.0
sewerag,0.0
ofv,0.0
lena,0.0
offenc,0.0
bingo,0.0
underlay,0.0
atrophi,0.0
bettina,0.0
kilowatt,0.0
pregnant,0.0
prognosi,0.0
viia,0.0
derelict,0.0
noncor,0.0
disus,0.0
statu,0.0
mehmet,0.0
truistic,0.0
venturesom,0.0
salutari,0.0
theatr,0.0
canci,0.0
homebuy,0.0
acrimoni,0.0
lowerrank,0.0
baumeist,0.0
chargeabl,0.0
paya,0.0
rian,0.0
kala,0.0
mexi,0.0
indestruct,0.0
apiec,0.0
sozialpolitik,0.0
mytholog,0.0
joep,0.0
eraci,0.0
repatri,0.0
sbc,0.0
cristian,0.0
luckett,0.0
bode,0.0
salin,0.0
vidualist,0.0
scapegoat,0.0
archaic,0.0
terindustri,0.0
melvill,0.0
hartwick,0.0
sanctiti,0.0
ripoff,0.0
julien,0.0
creedi,0.0
gunnar,0.0
henrik,0.0
pieter,0.0
toprank,0.0
polo,0.0
calvert,0.0
unparallel,0.0
beaudri,0.0
alfonso,0.0
aart,0.0
landau,0.0
claudio,0.0
molinari,0.0
hobart,0.0
laundri,0.0
erich,0.0
guglielmo,0.0
sofia,0.0
kristian,0.0
arno,0.0
shorterliv,0.0
schumach,0.0
garfield,0.0
guttman,0.0
rumour,0.0
catego,0.0
ichiro,0.0
muslim,0.0
lame,0.0
banca,0.0
inman,0.0
genotyp,0.0
qatar,0.0
daley,0.0
turbin,0.0
scitovszki,0.0
kelso,0.0
kitamura,0.0
lbid,0.0
nich,0.0
undershoot,0.0
evolutionarili,0.0
unattach,0.0
cairo,0.0
bronx,0.0
marta,0.0
erikson,0.0
hidalgo,0.0
murat,0.0
ljubljana,0.0
nank,0.0
ferrara,0.0
mbs,0.0
johanna,0.0
riksbank,0.0
miquel,0.0
remnant,0.0
karoli,0.0
cannib,0.0
primafaci,0.0
sind,0.0
stabilisa,0.0
miscalcul,0.0
bitter,0.0
sefton,0.0
trussel,0.0
douglass,0.0
tucson,0.0
fiasco,0.0
rhythm,0.0
poach,0.0
waggon,0.0
coland,0.0
reno,0.0
insignif,0.0
gillespi,0.0
wooldridg,0.0
metropoli,0.0
hollist,0.0
mule,0.0
liberalis,0.0
charleston,0.0
lopsid,0.0
savannah,0.0
bacco,0.0
mart,0.0
cuthbertson,0.0
fourequ,0.0
cullen,0.0
mormon,0.0
aftalion,0.0
meadow,0.0
mutant,0.0
lowtyp,0.0
pharmacolog,0.0
spiethoff,0.0
ingrid,0.0
tsinghua,0.0
riccardo,0.0
clical,0.0
varo,0.0
lethal,0.0
skilledlabor,0.0
tradesmen,0.0
orphan,0.0
craftsmen,0.0
ragan,0.0
torren,0.0
worcest,0.0
mover,0.0
tumbl,0.0
nonwelfar,0.0
woodruff,0.0
kilowatthour,0.0
denton,0.0
blackburn,0.0
haider,0.0
kalamazoo,0.0
moderates,0.0
millard,0.0
cocain,0.0
fogel,0.0
mafia,0.0
groupwis,0.0
cortex,0.0
terview,0.0
exasper,0.0
gossip,0.0
remarri,0.0
reintegr,0.0
thayer,0.0
sermon,0.0
misapprehens,0.0
repub,0.0
outfit,0.0
lican,0.0
borough,0.0
draper,0.0
massproduct,0.0
companywid,0.0
unseen,0.0
harbison,0.0
subcultur,0.0
rehir,0.0
tergener,0.0
zoom,0.0
compartment,0.0
nondura,0.0
ecosystem,0.0
garment,0.0
workshar,0.0
borer,0.0
noncontinu,0.0
blacksmith,0.0
admixtur,0.0
browser,0.0
biddl,0.0
westward,0.0
economa,0.0
hasan,0.0
congratul,0.0
tralian,0.0
fixedinterest,0.0
frown,0.0
harden,0.0
monwealth,0.0
curren,0.0
northcentr,0.0
extremist,0.0
equaliza,0.0
pricest,0.0
pricequ,0.0
rdc,0.0
peek,0.0
coefficientsa,0.0
unassail,0.0
liquidityprefer,0.0
expiri,0.0
underprovis,0.0
federalst,0.0
weektoweek,0.0
igno,0.0
unprocess,0.0
catalyt,0.0
scat,0.0
condon,0.0
timmin,0.0
ibrahim,0.0
bleach,0.0
resettl,0.0
complac,0.0
simss,0.0
midnight,0.0
jelli,0.0
spon,0.0
runner,0.0
stultifi,0.0
tzz,0.0
banize,0.0
biol,0.0
lemieux,0.0
gurion,0.0
huff,0.0
wetland,0.0
microanalyt,0.0
baltic,0.0
dissatisfac,0.0
invas,0.0
malaysian,0.0
crippl,0.0
overbal,0.0
acerb,0.0
shred,0.0
molli,0.0
marvel,0.0
frail,0.0
eyix,0.0
fthe,0.0
iner,0.0
shirker,0.0
keynesiantyp,0.0
bara,0.0
smoker,0.0
nazional,0.0
nall,0.0
advertisingsal,0.0
propiti,0.0
hyperin,0.0
outag,0.0
typea,0.0
supran,0.0
unempl,0.0
historia,0.0
mathia,0.0
francin,0.0
circa,0.0
ishment,0.0
domino,0.0
usurp,0.0
bemoan,0.0
swede,0.0
ivalu,0.0
lowearn,0.0
jansen,0.0
pennsylva,0.0
debar,0.0
thusiasm,0.0
valuea,0.0
irrespons,0.0
subvert,0.0
nonmetal,0.0
