word,freq
yes,0.004441508628216455
princip,0.0037540435309555958
her,0.003720005255941894
post,0.0036252383759831116
row,0.0035002152515677056
uniform,0.003196464168826386
old,0.002853271910275539
access,0.0028459239651932164
length,0.002755371347855178
mix,0.002666331542739971
format,0.002594797136203239
physic,0.002591879569773493
upper,0.0025694035024628583
symmetr,0.0025647570077784484
she,0.002482200683618232
repeat,0.002456698991861935
imperfect,0.00240104911366493
switch,0.0023979154312033513
versus,0.0023841920631819543
connect,0.002380842264688542
professor,0.002377060234131464
discret,0.0023485329179295045
man,0.0023285421849849495
constrain,0.002293099155764333
attract,0.0022876962549685078
firstord,0.002278295207583771
ant,0.0022379895676469114
regular,0.0022008176101716305
notic,0.0021937938391370575
exclus,0.0021809349352429922
threshold,0.002149165878563537
book,0.002140305121258383
cross,0.002137495612844554
provis,0.0021288509715712326
sort,0.0021122100371200898
octob,0.0020749300216288923
exhibit,0.002056560158923085
classic,0.002045970473363267
pass,0.002029545654943957
strike,0.002019928491527387
februari,0.0020193882014478046
william,0.001957579016343559
constitut,0.001957579016343559
count,0.0019573629003117256
novemb,0.001955309798009312
invers,0.001923324625298024
exercis,0.0019217037550592763
bad,0.0019213795810115268
michael,0.001888205770125157
divis,0.0018806417090110011
remov,0.0018788047227404204
said,0.0018610832081301122
oxford,0.001852222450824958
via,0.001851357986697626
princeton,0.0018506015805862105
modifi,0.0018449825637585518
dimens,0.0018238031926389152
arrang,0.0018163471895406755
mine,0.001811592636840349
text,0.0017944114123096234
confirm,0.0017775543618266472
incomplet,0.0017764737816674822
acquir,0.0017705305907920739
preced,0.0017645873999166657
modern,0.0017508640318952685
prospect,0.0017498915097520198
break,0.0017380051280012033
sup,0.0017320619371257952
seek,0.001719635265295396
goal,0.0017182305110884813
proper,0.0017106664499743254
upward,0.001708505289655995
cumul,0.0017060199552899153
perspect,0.0017002928804463401
rich,0.0016938093994913494
exploit,0.0016934852254435998
drive,0.0016848405841702787
verifi,0.0016819230177405329
circumst,0.0016774926390879558
display,0.0016769523490083732
termin,0.0016761959428969577
read,0.0016570696740797347
port,0.0016542601656659053
primarili,0.001652099005347575
mass,0.001645939698440334
qualit,0.0016430221320105878
lowest,0.001640104565580842
tendenc,0.0016353500128805155
analyt,0.0016342694327213503
sumption,0.0016316760403393541
stronger,0.0016240039212092815
bear,0.0016069307546944724
straightforward,0.0015891011820682477
content,0.0015857513835748358
paul,0.001583266049208756
presum,0.0015803484827790102
shape,0.0015774309163492642
document,0.0015764583942060157
california,0.0015755939300786835
portion,0.0015755939300786835
imposs,0.0015693265651555257
downward,0.0015680298689645276
inconsist,0.001567057346821279
sometim,0.001564139780391533
led,0.00154749884594039
therebi,0.0015407992489535661
manner,0.0015396106107784845
fourth,0.00153820585657157
boundari,0.0015369091603805716
lose,0.0015358285802214064
ground,0.0015328029557757441
advers,0.0014987646807620423
today,0.0014811512241676508
asymmetr,0.0014808270501199012
prob,0.0014645102897165075
par,0.0014537044881248562
sec,0.0014492741094722793
retain,0.0014310123047823885
behav,0.0014298236666073069
thoma,0.001422475721524984
realize,0.0014188017489838224
simplic,0.0014123182680288316
peter,0.0014042139168350932
univ,0.0014016205244530967
confer,0.0013942725793707738
cal,0.0013931919992116086
sustain,0.0013930839411956922
enabl,0.0013912469549251115
virtual,0.0013902744327818628
engag,0.0013889777365908647
accur,0.0013849795900019537
driven,0.0013848715319860372
burden,0.0013809814434130427
coincid,0.0013768752388082152
regardless,0.0013739576723784694
encourag,0.001356668389831827
mit,0.0013563442157840777
evolut,0.0013531024753065822
scope,0.0013523460691951667
criteria,0.001351157431020085
reaction,0.0013445658920491776
eventu,0.0013409999775239327
sole,0.001339811339348851
prevail,0.001339379107285185
diminish,0.001338730759189686
insight,0.0013364615408554392
reader,0.0013333278583938602
pose,0.00133116669807553
chanc,0.001327600783550285
ate,0.0013256557392637878
func,0.0013255476812478713
georg,0.0013245751591046226
tradeoff,0.0013239268110091236
mutual,0.0013212253606112107
indi,0.0013198206064042961
belong,0.0013197125483883794
unpublish,0.0013089067467967283
doubl,0.0013070697605261474
cite,0.001306097238382899
ideal,0.0013051247162396502
judg,0.001300045989491574
vii,0.0012839453451200136
increment,0.0012838372871040971
rela,0.0012620095678889613
edit,0.0012613612197934622
abstract,0.0012581194793159667
canadian,0.0012577953052682173
perceiv,0.0012519601724087256
ordinari,0.001251635998360976
spent,0.0012510957082813934
adequ,0.0012437477631990705
minus,0.0012338064257347513
relax,0.0012326177875596697
convert,0.0012301324531935897
bottom,0.001226998770732011
superior,0.0012244053783500145
closer,0.001222352276047601
ultim,0.0012172735492995248
stay,0.0012159768531085267
realli,0.0012146801569175283
unfortun,0.0012132754027106138
extra,0.0012131673446946973
van,0.0012126270546151147
mimeo,0.0012079805599307047
forthcom,0.0012022534850871292
assert,0.0011999842667528827
summer,0.0011995520346892166
aim,0.0011937169018297249
suffer,0.0011853964346041532
hope,0.0011842077964290716
sent,0.0011719972406305055
graph,0.0011707005444395074
cutoff,0.0011661621077710138
stress,0.0011652976436436818
behind,0.0011624881352298524
conjectur,0.0011616236711025202
bracket,0.0011612994970547708
wors,0.0011579496985613588
prepar,0.0011528709718132827
deter,0.0011527629137973662
familiar,0.0011481164191129562
admit,0.0011424974022852974
oppos,0.0011413087641102158
contrari,0.001138607313712303
stop,0.0011376347915690542
label,0.0011296384983912322
isol,0.0011242355975954067
speak,0.0011228308433884919
page,0.001115482898306169
promis,0.0011142942601310873
tribut,0.0011124572738605066
tell,0.0011073785471124305
tool,0.0011013272982211056
whom,0.001096572745520779
charl,0.0010945196432183655
duce,0.0010931148890114507
priori,0.0010926826569477846
challeng,0.001090629554645371
twice,0.0010893328584543726
anc,0.001088576452342957
debat,0.0010831735515471315
charact,0.001080796275196968
devot,0.0010737725041623947
martin,0.0010676131972551534
strength,0.001063939224713992
tain,0.001062858644554827
narrow,0.0010623183544752443
diverg,0.0010609136002683298
possess,0.0010591846720136655
incur,0.0010574557437590013
readili,0.0010516206108995094
bodi,0.0010504319727244278
phenomenon,0.0010460015940718507
jump,0.0010451371299445187
translat,0.0010366005466871141
chapter,0.001036168314623448
edward,0.0010351957924801996
valuabl,0.0010326024000982031
deliv,0.001031737935970871
intend,0.0010294687176366241
est,0.0010283881374774592
lost,0.0010220127145383847
outlin,0.0010219046565224682
briefli,0.0010198515542200546
print,0.0010189870900927224
andor,0.0010175823358858078
equi,0.0010125036091377317
whatev,0.0010093699266761527
postul,0.001007749056437405
elsewher,0.0010059120701668243
your,0.001003534793816661
quick,0.000996402964766171
essay,0.0009945659784955903
emphasi,0.0009820312486492747
tran,0.0009772766959489482
mation,0.0009757638837261171
els,0.0009741430134873693
condi,0.0009740349554714527
facilit,0.0009739268974555363
ber,0.0009733866073759537
scenario,0.0009731704913441206
amsterdam,0.0009630130378479684
metric,0.0009624727477683859
mand,0.0009606357614978051
realist,0.0009584746011794749
tail,0.0009565295568929776
fore,0.0009543683965746473
lar,0.0009498299599061538
neglect,0.0009457237553013262
attach,0.0009417256087124152
pursu,0.0009409692026009996
equilib,0.0009388080422826694
suitabl,0.0009369710560120886
sider,0.0009345937796619254
apart,0.0009309198071207639
parallel,0.0009308117491048474
enjoy,0.0009286505887865171
wrong,0.0009274619506114355
stanford,0.0009274619506114355
trial,0.0009265974864841034
depict,0.0009247605002135227
footnot,0.0009202220635450291
tech,0.0009191414833858639
letter,0.0009168722650516172
enhanc,0.0009114693642557915
remaind,0.0009089840298897116
popular,0.0009066067535395484
daniel,0.0009057422894122163
awar,0.0009050939413167172
unabl,0.0009039053031416355
der,0.0009026086069506374
weaker,0.0009023924909188043
rium,0.0008972057061548117
pick,0.000895584835916064
split,0.0008943961977409823
assump,0.0008933156175818172
ness,0.0008924511534544851
automat,0.0008868321366268264
pli,0.0008806728297195851
aea,0.0008805647717036687
big,0.0008803486556718356
quot,0.0008794841915445035
highlight,0.0008782955533694219
guid,0.0008769988571784237
fect,0.0008725684785258467
fashion,0.000871595956382598
odd,0.0008667333456663549
ket,0.0008645721853480247
willing,0.0008633835471729429
ent,0.0008623029670137779
seminar,0.0008607901547909466
accompani,0.0008559275440747035
fine,0.0008537663837563733
brief,0.0008534422097086237
massachusett,0.0008529019196290412
span,0.0008526858035972081
counterpart,0.0008523616295494586
complement,0.000852253571533542
augment,0.0008517132814539595
stephen,0.0008502004692311283
anyth,0.0008484715409764641
neglig,0.0008470667867695494
rare,0.0008455539745467183
pictur,0.0008449056264512192
biliti,0.0008429605821647219
embodi,0.0008416638859737237
subsect,0.0008369093332733972
capabl,0.000836260985177898
kenneth,0.0008351804050187329
preliminari,0.0008289130400955751
joseph,0.0008255632416021633
mental,0.0008251310095384972
asymmetri,0.0008242665454111651
draft,0.0008231859652519999
boston,0.0008208086889018366
exert,0.0008197281087426715
clude,0.0008177830644561742
realiti,0.0008174588904084247
corr,0.0008150816140582614
titl,0.0008142171499309293
piec,0.0008134607438195137
distribu,0.000810975409453434
stori,0.0008104351193738514
overlap,0.0008087061911191872
alli,0.0008061127987371908
voluntari,0.000803411348339278
tight,0.000799845433814033
lation,0.0007991970857185339
setup,0.0007985487376230349
cap,0.0007983326215912018
pect,0.0007979003895275358
heavili,0.0007979003895275358
eral,0.0007977923315116192
met,0.0007957392292092055
cate,0.0007924974887317101
que,0.0007923894307157935
track,0.0007896879803178808
gen,0.0007892557482542147
informa,0.0007883912841268826
vice,0.0007881751680950496
assur,0.000787418761983634
dition,0.0007862301238085523
disappear,0.0007857978917448862
denomin,0.0007814755711082257
calli,0.0007783418886466468
inher,0.0007748840321373184
sur,0.0007691569572937432
conceptu,0.0007681844351504945
safe,0.0007668877389594964
variant,0.0007662393908639974
phd,0.0007628895923705854
self,0.0007608364900681717
nal,0.0007585672717339249
vidual,0.0007581350396702588
handl,0.0007570544595110936
repli,0.0007548932991927634
easier,0.0007546771831609304
econo,0.0007477614701422735
greatest,0.0007464647739512753
satisfactori,0.0007426827433941974
frame,0.0007410618731554496
crude,0.0007387926548212028
ation,0.0007353347983118744
columbia,0.0007344703341845423
push,0.0007344703341845423
join,0.0007341461601367928
wellknown,0.0007339300441049597
backward,0.0007325252898980451
undertak,0.0007289593753728002
harri,0.0007271223891022194
complementari,0.0007264740410067203
smallest,0.000723880648624724
hypothet,0.0007235564745769745
stem,0.0007228000684655589
departur,0.0007220436623541433
cur,0.0007136151371126552
reinforc,0.0007124264989375736
fill,0.000711237860762492
accuraci,0.0007109136867147424
habit,0.0007092928164759947
sume,0.0007091847584600782
subtract,0.0007090767004441617
percept,0.000708320294332746
strengthen,0.0007082122363168296
conceiv,0.0007064833080621653
spring,0.0007044302057597516
street,0.0007025932194891708
vide,0.0007022690454414213
transmiss,0.0007015126393300058
lefthand,0.000700324001154924
decompos,0.0006999998271071745
handbook,0.0006999998271071745
meaning,0.0006974064347251782
flat,0.0006953533324227645
evolv,0.0006940566362317662
spirit,0.0006938405201999333
simon,0.0006934082881362672
confin,0.0006928679980566846
usa,0.0006921115919452691
prime,0.000688329561388191
forth,0.0006881134453563581
lem,0.0006853039369425287
secondord,0.0006818460804332003
conform,0.0006817380224172837
steven,0.0006791446300352874
frank,0.0006778479338442893
infor,0.0006770915277328737
understood,0.0006739578452712948
anderson,0.0006722289170166306
dougla,0.000671688626937048
discrep,0.0006698516406664673
accommod,0.0006698516406664673
necess,0.0006690952345550517
box,0.0006687710605073022
eas,0.000667690480348137
interdepend,0.000667042132252638
topic,0.0006668260162208049
clark,0.0006662857261412223
chose,0.0006652051459820572
broader,0.000664124565822892
built,0.0006635842757433095
prohibit,0.0006622875795523113
viii,0.0006620714635204783
ward,0.000659478071138482
graphic,0.0006583974909793168
qualifi,0.0006576410848679013
lot,0.0006559121566132371
shorter,0.000655696040581404
likewis,0.0006533187642312407
omi,0.0006529945901834911
davi,0.00065148177796066
room,0.0006495367336741627
tial,0.0006465111092285004
solid,0.0006438096588305875
fulfil,0.0006435935427987544
yale,0.0006410001504167581
bar,0.0006403518023212591
trace,0.000640135686289426
san,0.000640135686289426
inspect,0.0006372181198596802
absent,0.0006371100618437637
bution,0.0006358133656527655
undertaken,0.0006345166694617674
gave,0.0006338683213662682
recov,0.0006324635671593535
accru,0.0006319232770797711
kept,0.0006293298846977747
controversi,0.000627492898427194
meant,0.0006261962022361958
uni,0.0006259800862043628
intent,0.0006253317381088637
pennsylvania,0.0006216577655677022
unexpect,0.0006203610693767041
phenomena,0.0006144178785012958
render,0.0006142017624694628
nonetheless,0.0006118244861192995
inc,0.000611716428103383
berkeley,0.0006106358479442179
owe,0.0006089069196895537
incorrect,0.0006069618754030564
preval,0.0006051248891324757
microeconom,0.0006049087731006427
indebt,0.0006048007150847261
harm,0.0006023153807186464
tal,0.0006012348005594812
confus,0.0006002622784162325
justif,0.0005975608280183197
proportion,0.0005965883058750711
ble,0.0005952916096840729
qualif,0.0005948593776204069
hit,0.0005944271455567408
fol,0.0005943190875408244
suit,0.0005920498692065776
warrant,0.0005911854050792455
editor,0.0005870792004744179
socal,0.0005862147363470858
thesi,0.0005861066783311693
tation,0.0005854583302356703
settl,0.000584161634044672
finish,0.0005840535760287556
fortun,0.0005840535760287556
suspect,0.0005821085317422583
overcom,0.0005814601836467593
impor,0.0005811360095990096
sug,0.0005811360095990096
pos,0.000579731255392095
accomplish,0.000579731255392095
macmillan,0.0005780023271374307
merit,0.000575516992771351
elabor,0.0005737880645166868
posi,0.0005721671942779391
siti,0.0005706543820551079
pri,0.0005703302080073583
entitl,0.0005696818599118592
aer,0.0005695738018959427
jour,0.0005695738018959427
cial,0.0005694657438800262
tiviti,0.0005687093377686106
ceteri,0.0005678448736412785
pur,0.0005670884675298629
afford,0.0005667642934821134
stitut,0.0005662240034025308
unusu,0.0005646031331637831
num,0.0005644950751478666
spite,0.000563954785068284
speci,0.0005630903209409519
unconstrain,0.0005596324644316235
fellow,0.0005594163483997904
allen,0.0005590921743520409
reproduc,0.0005582277102247088
paribus,0.0005579035361769593
mitig,0.0005543376216517143
react,0.0005539053895880483
inferior,0.0005516361712538015
fast,0.0005516361712538015
rational,0.000551311997206052
repr,0.0005507717071264694
ical,0.0005502314170468868
discourag,0.0005467735605375584
straint,0.0005466655025216418
vestment,0.0005459090964102263
plain,0.0005428834719645639
fer,0.0005422351238690648
fruit,0.0005421270658531483
dissert,0.0005372644551369051
ind,0.0005368322230732391
richer,0.0005351032948185749
elementari,0.0005331582505320777
mon,0.0005328340764843281
simpler,0.000532401844420662
winter,0.0005290520459272502
compos,0.0005286198138635841
jeffrey,0.0005281875817999181
mislead,0.0005281875817999181
erat,0.0005271070016407529
paragraph,0.0005269989436248363
rigor,0.0005246216672746731
circl,0.0005241894352110071
memori,0.000523973319179174
ual,0.0005213799267971777
mixtur,0.0005212718687812611
northholland,0.0005206235206857621
ize,0.0005195429405265969
addi,0.0005188945924310979
bit,0.0005183543023515153
cess,0.0005178140122719327
ann,0.0005163012000491016
inquiri,0.0005160850840172685
char,0.0005160850840172685
christoph,0.0005160850840172685
quantifi,0.0005160850840172685
tori,0.0005156528519536025
cancel,0.0005150045038581034
ous,0.0005106821832214428
packag,0.0005104660671896098
ought,0.0005100338351259438
illus,0.0005074404427439475
encount,0.0005070082106802814
tractabl,0.0005058195725051997
ampl,0.0005046309343301181
maxi,0.0005046309343301181
henri,0.0005030100640913704
analyst,0.0005026858900436208
configur,0.0004995522075820419
dismiss,0.0004994441495661255
ari,0.0004982555113910438
advic,0.0004979313373432943
tem,0.0004974991052796282
asid,0.0004971749312318787
bridg,0.0004947976548817154
benefici,0.0004942573648021328
distri,0.0004941493067862163
wise,0.00049155591440422
edg,0.00049155591440422
sive,0.0004888544640063072
confront,0.0004887464059903906
naiv,0.000487989999878975
versa,0.00048755776781530895
wider,0.0004863691296402273
shed,0.00048615301360839427
foster,0.00048615301360839427
sys,0.0004845321433696466
routin,0.0004843160273378136
promin,0.0004843160273378136
spond,0.00048355962122639796
wit,0.0004829112731308989
lewi,0.0004805339967807356
ran,0.0004767519662236576
suppress,0.0004742666318575778
predomin,0.00047156518145966496
expos,0.00046951207915725123
ferent,0.00046810732495033655
styliz,0.00046573004860017323
resembl,0.0004638930623295925
breakdown,0.00046292054018634386
wright,0.00046238025010676134
renew,0.0004619480180430953
gather,0.00046151578597942923
tant,0.0004612996699475962
proach,0.0004581659874860173
pol,0.00045805792947010076
pertain,0.00045773375542235124
dash,0.00045751763939051824
mediat,0.000456004827167687
orient,0.0004553564790721879
dot,0.00045492424700852187
insuffici,0.0004542758989130228
besid,0.0004536275508175237
jonathan,0.0004533033767697742
artifici,0.00045233085462652556
quir,0.00045211473859469256
bay,0.0004513583324832769
tempt,0.00045070998438777787
clarifi,0.00044908911414903014
consensus,0.00044746824391028245
individ,0.0004461715477192843
plete,0.00044422650343278703
freeli,0.0004413089370030412
eric,0.0004413089370030412
disutil,0.00044001224081204304
dom,0.00043828331255737883
portant,0.0004376349644618797
rememb,0.0004373107904141302
roger,0.0004367705003345476
costless,0.0004336368178729687
counter,0.00043320458580930267
virtu,0.0004329884697774696
unequ,0.0004327723537456366
deci,0.0004321240056501375
velop,0.00043169177358647146
loui,0.00043061119342730636
polar,0.0004295306132681412
concret,0.0004295306132681412
cons,0.00042801780104531005
mal,0.00042769362699756047
clean,0.00042650498882247883
ticular,0.0004244518865200651
chap,0.00042401965445639905
lay,0.0004229390742972339
pendent,0.00042283101628131736
occasion,0.000419805391835655
lesson,0.00041969733381973847
someon,0.0004182925796128238
pare,0.00041645559334224305
ronald,0.0004150508391353284
saw,0.00041472666508757884
versiti,0.00041375414294433026
envelop,0.00041191715667374953
tanc,0.0004114849246100835
cov,0.0004109446345305009
arthur,0.0004100801704031688
forego,0.00040824318413258806
aggress,0.00040759483603708895
testabl,0.0004074867780211725
ross,0.0004068384299256734
pub,0.00040446115357551006
multi,0.0004020838772253468
compel,0.00040197581920943027
schwartz,0.0004015435871457642
tialli,0.0004008952390502651
floor,0.00040078718103434864
compound,0.00040078718103434864
stanc,0.0004003549489706826
undesir,0.000400030774922933
fur,0.000400030774922933
lish,0.0003981937886523523
pend,0.0003979776726205193
defer,0.0003977615565886862
chase,0.0003975454405568532
ginal,0.00039624874436585506
scott,0.000396032628334022
swedish,0.00039451981611119086
broken,0.0003940875840475248
ben,0.0003932231199201927
omiss,0.00039300700388835965
sake,0.0003899813794426973
ceas,0.00038987332142678075
rect,0.00038836050920394954
irrespect,0.0003877121611084505
ject,0.00038555100079012023
opti,0.00038555100079012023
passiv,0.0003854429427742037
charac,0.00038447042063095507
critiqu,0.00038414624658320555
liter,0.000383822072535456
alterna,0.00038328178245587344
viewpoint,0.00038328178245587344
honor,0.0003819850862648753
firstperiod,0.00038068839007387713
nate,0.0003804722740420441
int,0.0003799319839624615
cept,0.0003797158679306285
approxi,0.00037777082364413123
inappropri,0.00037701441753271566
mild,0.0003767983015008826
spe,0.000376041895389467
ford,0.0003759338373735505
novel,0.00037560966332580097
ital,0.00037550160530988445
presumpt,0.00037463714118255234
havior,0.00037442102515071934
cox,0.0003742049091188863
mum,0.00037290821292788813
fie,0.00037215180681647255
fac,0.00037042287856180834
essenc,0.0003703148205458918
affirm,0.0003694503564185597
effi,0.00036901812435489366
devel,0.00036815366022756156
dealt,0.00036750531213206245
altogeth,0.0003673972541161459
pres,0.0003668569640365634
northwestern,0.00036523609379781566
closest,0.00036512803578189914
poisson,0.0003639393976068175
gener,0.00036264270141581935
ure,0.0003625346433999028
manifest,0.00036210241133623677
harder,0.0003613460052248212
deserv,0.0003606976571293221
command,0.0003605895991134056
suboptim,0.00035983319300199
vulner,0.0003584284387950753
transpar,0.00035799620673140925
encompass,0.0003575639746677432
roy,0.0003575639746677432
nece,0.0003564833945085781
inabl,0.00035637533649266156
textbook,0.000355835046413079
cern,0.000355618930381246
imposit,0.0003547544662539139
reluct,0.0003547544662539139
quenc,0.0003536738860947487
rep,0.00035291747998333315
resort,0.00035237718990375057
holland,0.00035151272577641846
delet,0.0003509724356968359
occurr,0.00035086437768091936
sensibl,0.0003507563196650029
truli,0.0003501079715695038
tionship,0.0003493515654580882
uncov,0.0003490273914103386
outweigh,0.0003484871013307561
russel,0.000347622637203424
strain,0.0003472984631556744
blackwel,0.00034719040513975794
shrink,0.00034632594101242583
indepen,0.00034578565093284325
auxiliari,0.00034567759291692673
legitim,0.00034567759291692673
bor,0.00034513730283734415
enorm,0.00034513730283734415
tical,0.00034492118680551115
cheaper,0.00034459701275776157
dont,0.00034459701275776157
heart,0.000343840606646346
sit,0.0003430842005349304
slack,0.0003424358524394313
substant,0.00034189556235984873
wherebi,0.0003410310982325166
den,0.00033886993791418636
visibl,0.00033865382188235336
cam,0.0003383296478346038
lesser,0.00033789741577093773
postpon,0.00033768129973910473
disregard,0.0003374651837072717
redund,0.0003372490676754387
transmit,0.00033714100965952215
arithmet,0.00033692489362768916
jean,0.00033692489362768916
deadweight,0.00033681683561177263
ici,0.0003366007195799396
lit,0.0003366007195799396
shade,0.0003366007195799396
philadelphia,0.0003361684875162735
highqual,0.000336060429500357
twoperiod,0.00033562819743669094
henceforth,0.00033541208140485795
copi,0.0003335750951342772
pin,0.0003315219928318635
indefinit,0.0003310897607681974
loos,0.0003310897607681974
stantial,0.0003309817027522809
ourselv,0.00033065752870453137
unrealist,0.0003304414126726983
wash,0.0003301172386249488
adjac,0.00032979306457719927
val,0.0003277399622747855
distant,0.00032568685997237174
ver,0.0003254707439405387
conjunct,0.00032514656989278916
laid,0.0003247143378291231
workshop,0.00032449822179729006
haven,0.0003243901637813736
intro,0.00032309346759037543
triangl,0.0003229854095744589
philip,0.0003228773515585424
mrs,0.00032276929354262585
particu,0.00032255317751079285
francisco,0.0003223370614789598
unifi,0.0003217967713993772
web,0.0003203920171924626
tripl,0.00032028395917654606
onto,0.00032017590116062953
meyer,0.00031995978512879653
terest,0.00031995978512879653
hoc,0.00031931143703329743
walter,0.0003192033790173809
ori,0.0003190953210014644
cen,0.0003177986248104662
prop,0.00031769056679454975
permiss,0.0003175825087786332
insofar,0.0003169341606831341
bigger,0.0003169341606831341
prompt,0.0003167180446513011
overview,0.00031650192861946806
minnesota,0.0003157455225080525
hybrid,0.00031531329044438643
caveat,0.0003109909698077259
thorough,0.0003100184476644773
mandatori,0.00030991038964856075
hidden,0.00030991038964856075
zation,0.0003094781575848947
logist,0.0003094781575848947
array,0.00030915398353714517
abli,0.0003089378675053121
centag,0.0003086136934575626
eli,0.00030850563544164607
ogi,0.00030828951940981307
ativ,0.00030807340337798
tentat,0.0003072089392506479
hood,0.0003069928232188149
eter,0.00030677670718698186
scribe,0.00030677670718698186
rea,0.00030645253313923233
colleagu,0.0003062364171073993
tural,0.0003058041850437332
esp,0.0003049397209164011
enlarg,0.0003048316629004846
sci,0.000304075256789069
restric,0.00030342690869356997
stringent,0.00030331885067765344
possi,0.00030245438655032133
rotat,0.00030213021250257176
deep,0.0003020221544866553
kevin,0.0003016979804389057
mini,0.00030104963234340665
decay,0.0003009415743274901
ascertain,0.0003008335163115736
pioneer,0.0003006174002797406
perpetu,0.0002992126460728259
implaus,0.00029899653004099286
shortcom,0.0002980240078977443
color,0.0002980240078977443
standpoint,0.00029791594988182776
devis,0.0002976998338499947
problemat,0.0002966192536908296
theo,0.0002962950796430801
bruce,0.00029618702162716355
unnecessari,0.00029564673154758097
worri,0.00029499838345208186
invalid,0.00029467420940433234
proba,0.00029445809337249934
australian,0.0002942419773406663
vate,0.0002940258613088333
salient,0.0002937016872610837
cuss,0.00029326945519741766
benjamin,0.0002917566429745865
ili,0.0002908921788472544
mize,0.0002908921788472544
hereaft,0.00029078412083133787
pear,0.00029067606281542134
ere,0.00028981159868808924
casual,0.0002897035406721727
ond,0.0002885149024970911
canon,0.000288298786465258
quentli,0.000287650438369759
dur,0.0002860295681310113
imprecis,0.0002857053940832617
timothi,0.0002853812200355122
ist,0.0002834361757490149
cie,0.0002834361757490149
front,0.00028300394368534887
weigh,0.00028246365360576635
disrupt,0.00028213947955801677
ceiv,0.0002815991894784342
consecut,0.00028041055130335256
cienci,0.00028008637725560303
mimeograph,0.000279654145191937
cer,0.00027954608717602045
resent,0.00027932997114418746
incen,0.0002791138551123544
hopkin,0.00027889773908052135
overwhelm,0.0002784655070168553
incident,0.0002783574490009388
unimport,0.0002783574490009388
ticip,0.0002782493909850223
para,0.0002766285207462746
insensit,0.0002759801726507755
prise,0.00027554794058710946
revisit,0.00027468347645977735
mem,0.0002744673604279443
genuin,0.0002742512443961113
wisdom,0.0002741431863801948
albeit,0.00027295454820511314
onesid,0.00027230620010961404
ongo,0.000271657852014115
star,0.0002710095039186159
patrick,0.00027090144590269935
ful,0.0002707933878867829
fuller,0.0002701450397912838
istic,0.0002699289237594508
sin,0.0002696047497117012
anal,0.0002688483436002856
dividu,0.00026830805352070304
unreason,0.00026809193748887004
contin,0.000267659705425204
disclos,0.00026755164740928746
pref,0.00026744358939337094
estab,0.00026690329931378836
increa,0.00026690329931378836
denni,0.0002662549512182893
izat,0.0002661468932023728
guidanc,0.0002654985451068737
graham,0.0002653904870909572
unclear,0.0002652824290750407
ulat,0.00026517437105912415
attenu,0.000263877674868126
dri,0.000263661558836293
deem,0.0002631212687567104
style,0.0002624729206612113
influenti,0.00026063593439063057
restat,0.00025977147026329847
academi,0.00025955535423146547
ther,0.00025944729621554894
alfr,0.00025890700613596636
ior,0.0002575022519290517
cohen,0.00025717807788130215
plicat,0.0002566377878017196
outset,0.00025631361375397005
quan,0.0002559894397062205
behalf,0.00025544914962663794
harold,0.0002551249755788884
repetit,0.0002550169175629719
obscur,0.0002527476992287251
foregon,0.00025231546716505905
spanish,0.00025166711906955994
ana,0.0002512348870058939
lin,0.0002502623648626453
align,0.0002501543068467288
tution,0.00025004624883081226
begun,0.00024983013279897926
erti,0.0002496140167671462
onward,0.00024907372668756363
larri,0.00024896566867164716
rhs,0.0002486414946238976
implica,0.0002482092625602315
paradigm,0.000247885088512482
pervers,0.00024766897248064895
ian,0.00024766897248064895
matic,0.0002470206243851499
joel,0.0002470206243851499
reexamin,0.00024691256636923337
eat,0.0002464803343055673
sition,0.0002461561602578178
predic,0.0002456158701782352
parison,0.0002447514060509031
inact,0.0002446433480349866
ning,0.0002444272320031536
arguabl,0.00024431917398723706
visual,0.00024431917398723706
pull,0.0002439949999394875
iia,0.00024345470985990495
han,0.0002431305358121554
fre,0.0002431305358121554
spectiv,0.00024248218771665632
wel,0.0002421580136689068
avenu,0.00024204995565299027
alexand,0.00024204995565299027
scatter,0.0002415096655734077
tire,0.0002414016075574912
throw,0.00024118549152565816
samuel,0.00023988879533466
boost,0.00023978073731874348
nanc,0.00023956462128691045
karl,0.0002390243312073279
mis,0.00023870015715957835
ternat,0.0002382679250959123
allevi,0.00023761957700041322
viabl,0.0002375115189844967
diego,0.0002374034609685802
glenn,0.00023729540295266367
ele,0.0002368631708889976
ceed,0.00023643093882533156
pecuniari,0.00023545841668208296
albert,0.0002351342426343334
ameri,0.00023481006858658385
embed,0.00023459395255475082
ousli,0.00023459395255475082
gray,0.00023448589453883433
differen,0.00023416172049108477
economywid,0.00023405366247516827
contributor,0.00023405366247516827
volv,0.00023362143041150222
tern,0.00023329725636375267
xii,0.0002325408502523371
undermin,0.0002320005601727545
barri,0.00023178444414092148
mimic,0.00023016357390217377
suffi,0.00023016357390217377
cord,0.00023005551588625728
clusion,0.00022929910977484167
alloca,0.00022929910977484167
poli,0.00022919105175892517
und,0.0002286507616793426
christian,0.00022832658763159304
soft,0.0002280024135838435
gene,0.0002280024135838435
lent,0.00022746212350426093
sari,0.00022702989144059488
nsf,0.00022670571739284536
substanc,0.00022616542731326278
compli,0.00022584125326551325
trate,0.00022562513723368023
tude,0.00022508484715409765
interrel,0.00022508484715409765
bunch,0.00022508484715409765
toronto,0.00022508484715409765
binomi,0.00022497678913818112
cautious,0.0002246526150904316
remot,0.00022400426699493252
anthoni,0.00022400426699493252
sep,0.00022400426699493252
marshallian,0.000223896208979016
sight,0.00022357203493126646
dean,0.00022335591889943344
phi,0.00022303174485168388
don,0.00022216728072435178
noteworthi,0.00022195116469251875
fli,0.0002215189326288527
stipul,0.0002207625265174371
cornel,0.0002207625265174371
mirror,0.000219898062390105
jack,0.000219898062390105
pseudo,0.0002192497142946059
nichola,0.00021881748223093986
ingredi,0.00021870942421502336
rel,0.00021870942421502336
knowl,0.00021860136619910684
unlimit,0.00021806107611952426
tage,0.00021784496008769123
depth,0.00021773690207177473
coexist,0.00021773690207177473
necessit,0.00021741272802402518
soc,0.00021741272802402518
ric,0.00021719661199219215
skeptic,0.00021600797381711052
infrequ,0.000215899915801194
stark,0.000215899915801194
pleas,0.00021546768373752794
discard,0.00021514350968977842
revert,0.0002150354516738619
comfort,0.00021481933564202886
drawback,0.00021417098754652979
bare,0.00021406292953061326
breviti,0.00021406292953061326
lic,0.0002135226394510307
ger,0.0002135226394510307
strand,0.0002135226394510307
semin,0.00021309040738736465
irregular,0.00021309040738736465
howard,0.00021298234937144813
ting,0.00021287429135553163
expend,0.0002126581753236986
partici,0.00021233400127594905
ope,0.00021222594326003255
hing,0.00021200982722819952
berg,0.0002117937111963665
poten,0.00021168565318044997
penal,0.00021125342111678392
strate,0.00021092924706903437
discern,0.00021092924706903437
drew,0.00021071313103720134
customari,0.00021060507302128484
pact,0.00021038895698945181
insti,0.00020974060889395274
carl,0.00020887614476662063
luck,0.0002087680867507041
vers,0.00020844391270295458
tute,0.00020833585468703805
ineffect,0.00020822779667112153
nism,0.00020811973865520503
cubic,0.00020779556460745547
struction,0.00020757944857562245
farther,0.00020649886841645732
refut,0.00020606663635279126
app,0.00020595857833687476
herbert,0.0002056344042891252
ensu,0.0002055263462732087
pervas,0.00020498605619362613
titi,0.0002048779981777096
impl,0.0002048779981777096
fresh,0.0002047699401617931
somewher,0.00020455382412996008
unsuccess,0.00020444576611404355
litera,0.00020433770809812705
tip,0.00020422965008221053
stockholm,0.000203905476034461
entertain,0.00020379741801854448
wolf,0.00020347324397079495
cole,0.00020325712793896192
cri,0.0002030410119071289
vention,0.00020282489587529587
ini,0.0002015281996842977
cussion,0.0002014201416683812
partic,0.00020120402563654816
oppor,0.00020109596762063164
pen,0.00020098790960471514
hide,0.0002007717935728821
vantag,0.00020012344547738303
effec,0.00019979927142963348
ted,0.00019936703936596743
qje,0.0001990428653182179
mie,0.00019850257523863532
strat,0.00019817840119088577
infeas,0.00019807034317496927
tension,0.00019807034317496927
adequaci,0.00019796228515905274
economet,0.00019698976301580414
pertin,0.0001968817049998876
eugen,0.0001968817049998876
alik,0.0001967736469839711
steep,0.00019623335690438853
contribu,0.00019580112484072248
immun,0.00019547695079297296
influ,0.00019526083476113993
nonmonoton,0.0001951527767452234
erron,0.00019493666071339038
reconsid,0.00019461248666564082
tinbergen,0.00019385608055422525
foot,0.00019374802253830872
neous,0.0001935319065064757
susan,0.00019331579047464267
demon,0.00019299161642689314
namic,0.00019277550039506011
gin,0.0001926674423791436
conclu,0.00019180297825181148
tuniti,0.00019180297825181148
suc,0.00019147880420406193
nant,0.0001912626881722289
solu,0.0001912626881722289
preexist,0.00019104657214039588
pie,0.00019093851412447938
inner,0.00019083045610856285
withhold,0.00019083045610856285
manchest,0.00019050628206081333
disentangl,0.0001894257019016482
sus,0.00018910152785389864
unsatisfactori,0.00018899346983798214
del,0.00018899346983798214
brian,0.00018888541182206562
elaps,0.00018834512174248307
formanc,0.00018834512174248307
nanci,0.00018823706372656654
illumin,0.00018791288967881699
stuart,0.00018758871563106746
hap,0.0001872645415833179
fluenc,0.00018661619348781883
amplifi,0.0001862920194400693
appro,0.00018596784539231975
tration,0.00018585978737640325
discus,0.00018575172936048672
priat,0.0001855356133286537
sloan,0.0001854275553127372
kennedi,0.00018531949729682067
love,0.0001847792072172381
penn,0.0001847792072172381
costbenefit,0.0001846711492013216
expertis,0.00018445503316948857
err,0.00018434697515357204
ular,0.00018402280110582251
exacerb,0.000183914743089906
appl,0.00018337445301032344
cision,0.00018294222094665738
thin,0.00018283416293074086
tom,0.00018250998888299133
thompson,0.0001822938728511583
ute,0.00018207775681932528
bull,0.00018196969880340875
equilibr,0.00018164552475565923
sir,0.0001815374667397427
prac,0.0001815374667397427
voluntarili,0.00018132135070790967
proc,0.00018088911864424362
ali,0.0001806730026124106
raymond,0.00018045688658057757
lock,0.00018034882856466104
bob,0.00017959242245324547
lloyd,0.00017959242245324547
sonal,0.00017948436443732894
ner,0.0001792682484054959
att,0.00017905213237366289
unwil,0.0001789440743577464
actor,0.0001789440743577464
narrowli,0.00017872795832591336
opment,0.00017851184229408033
deeper,0.0001775393201508317
tighter,0.0001775393201508317
indistinguish,0.00017710708808716565
cope,0.0001767829140394161
thumb,0.0001766748560234996
byproduct,0.00017645873999166657
visavi,0.00017645873999166657
sati,0.00017602650792800052
mann,0.000175918449912084
chris,0.00017559427586433447
prin,0.00017516204380066842
autumn,0.00017516204380066842
cialli,0.00017516204380066842
norman,0.0001749459277688354
fri,0.0001744056376892528
applica,0.00017375728959375373
propriat,0.00017375728959375373
situa,0.00017375728959375373
conven,0.0001736492315778372
robertson,0.0001735411735619207
diction,0.00017343311554600418
cir,0.00017332505753008768
metrica,0.0001727847674505051
allo,0.00017235253538683905
harper,0.0001718122453072565
circular,0.00017170418729133997
niti,0.00017170418729133997
carnegi,0.00017138001324359042
cli,0.00017138001324359042
prone,0.00017094778117992436
asterisk,0.00017062360713217484
vanc,0.0001702994330844253
duke,0.0001701913750685088
shorten,0.00016997525903667576
tim,0.00016986720102075923
dissimilar,0.00016975914300484273
ern,0.0001695430269730097
nec,0.00016932691094117668
culat,0.00016889467887751063
iib,0.00016857050482976108
fat,0.00016857050482976108
sage,0.00016846244681384458
shut,0.00016835438879792805
tice,0.00016824633078201155
isra,0.00016813827276609502
width,0.00016781409871834547
ltd,0.00016781409871834547
plicit,0.00016759798268651245
super,0.0001671657506228464
glanc,0.00016694963459101337
keith,0.00016684157657509687
loc,0.00016673351855918034
sequent,0.00016662546054326384
ifi,0.0001663012864955143
thick,0.00016608517046368126
sional,0.00016543682236818218
cise,0.00016543682236818218
ascrib,0.00016532876435226568
itiv,0.00016532876435226568
suscept,0.00016522070633634916
detriment,0.00016511264832043266
tenc,0.00016457235824085008
circum,0.0001640320681612675
monograph,0.0001640320681612675
caught,0.000163924010145351
spect,0.000163924010145351
wild,0.00016370789411351798
ite,0.00016338372006576842
suppl,0.0001631676040339354
bold,0.00016295148800210237
dead,0.00016295148800210237
inat,0.00016251925593843632
mer,0.00016241119792251982
sooner,0.0001621950818906868
strang,0.00016208702387477027
realism,0.00016187090784293724
arbor,0.00016122255974743816
sentat,0.00016111450173152163
advisor,0.00016111450173152163
southeast,0.00016100644371560513
mil,0.0001607903276837721
equiva,0.0001607903276837721
genc,0.00016068226966785558
synthesi,0.00016046615363602256
recurr,0.0001600339215723565
advan,0.00015895334141319137
stat,0.00015884528339727487
hetero,0.00015841305133360882
concurr,0.0001583049933176923
scandinavian,0.0001581969353017758
duct,0.00015798081926994277
gard,0.00015798081926994277
ken,0.0001574405291903602
ontario,0.00015733247117444366
mulat,0.00015711635514261064
liu,0.00015700829712669414
unawar,0.0001569002391107776
tan,0.00015635994903119506
judd,0.00015625189101527853
therein,0.00015581965895161248
compl,0.00015560354291977945
eti,0.00015549548490386295
bine,0.00015538742688794643
meanwhil,0.00015527936887202993
acter,0.0001550632528401969
norton,0.00015473907879244735
retic,0.00015463102077653085
fox,0.00015463102077653085
forgon,0.00015452296276061432
pate,0.00015452296276061432
har,0.0001543068467287813
trast,0.0001535504406173657
lester,0.00015333432458553267
akin,0.00015301015053778314
anywher,0.0001526859764900336
representa,0.00015246986045820056
cientli,0.00015225374442636753
reg,0.0001520376283945345
dress,0.000151929570378618
eri,0.00015182151236270148
rob,0.00015138928029903543
ard,0.00015128122228311893
statistician,0.00015128122228311893
direc,0.0001511731642672024
outer,0.00015095704823536938
rele,0.00015074093220353635
compari,0.00015020064212395377
imper,0.00015009258410803727
fin,0.00015009258410803727
anyway,0.00014987646807620425
das,0.0001495522940284547
focal,0.0001486878299011226
perienc,0.0001485797718852061
broaden,0.0001485797718852061
expost,0.00014836365585337306
spill,0.0001480394818056235
dilut,0.0001480394818056235
iva,0.0001472830756942079
quart,0.00014706695966237488
circumv,0.00014706695966237488
door,0.00014652666958279233
ucla,0.0001464186115668758
tual,0.0001463105535509593
steve,0.00014620249553504278
franklin,0.00014609443751912628
taneous,0.00014587832148729325
iiia,0.00014566220545546022
countervail,0.0001455541474395437
mat,0.00014512191537587764
egi,0.00014501385735996115
imped,0.00014479774132812812
gori,0.00014479774132812812
amongst,0.00014447356728037857
supplysid,0.00014425745124854554
chan,0.00014404133521671251
ternal,0.000143933277200796
vant,0.000143933277200796
finer,0.00014350104513712994
clariti,0.00014306881307346388
tra,0.00014306881307346388
anecdot,0.00014285269704163086
afterward,0.00014274463902571436
iiib,0.00014263658100979783
coars,0.0001424204649779648
impedi,0.00014209629093021528
curious,0.00014198823291429875
accu,0.00014166405886654923
troll,0.00014058347870738407
temper,0.00014058347870738407
equiv,0.00014047542069146757
fea,0.00014047542069146757
domi,0.00014025930465963454
ada,0.00014004318862780152
artifact,0.000139935130611885
defi,0.00013961095656413546
plug,0.00013939484053230244
dol,0.00013939484053230244
accom,0.0001392867825163859
clearcut,0.00013896260846863639
rat,0.00013885455045271986
onetim,0.00013874649243680336
centiv,0.00013863843442088683
atten,0.00013863843442088683
twoway,0.00013853037640497033
dislik,0.00013853037640497033
selec,0.0001383142603731373
ples,0.0001383142603731373
construc,0.00013809814434130428
ential,0.00013799008632538775
hisher,0.00013788202830947126
striction,0.00013777397029355473
stretch,0.00013777397029355473
nil,0.0001376659122776382
interpreta,0.0001376659122776382
rec,0.0001375578542617217
funda,0.00013744979624580518
lengthi,0.00013744979624580518
intact,0.00013734173822988868
shi,0.00013723368021397215
subs,0.00013723368021397215
quent,0.00013723368021397215
essen,0.00013690950616622262
herein,0.00013690950616622262
sibil,0.0001368014481503061
statedepend,0.00013626115807072355
pretat,0.00013626115807072355
portanc,0.00013615310005480702
unaccept,0.00013604504203889052
randal,0.000135936984022974
jim,0.0001358289260070575
erod,0.00013561280997522447
flaw,0.00013561280997522447
realworld,0.00013550475195930794
pression,0.0001350725198956419
tere,0.00013474834584789236
pan,0.00013474834584789236
tativ,0.00013453222981605934
fort,0.00013453222981605934
xiii,0.00013420805576830978
tradi,0.00013420805576830978
semi,0.00013377582370464373
wherev,0.00013334359164097768
lect,0.00013334359164097768
prete,0.00013312747560914465
suf,0.00013301941759322813
deed,0.0001328033015613951
considera,0.0001326952435454786
strip,0.0001326952435454786
editori,0.00013258718552956207
unproduct,0.00013258718552956207
marketplac,0.00013247912751364557
clearer,0.00013247912751364557
parabl,0.00013226301148181255
objec,0.00013204689544997952
ofth,0.0001318307794181465
interac,0.00013172272140222997
loop,0.00013139854735448044
ington,0.00013096631529081436
reap,0.00013020990917939879
submiss,0.00012988573513164923
sist,0.00012988573513164923
xiv,0.00012977767711573273
undergo,0.00012977767711573273
sarili,0.0001296696190998162
nize,0.0001296696190998162
newman,0.0001295615610838997
theodor,0.00012945350306798318
ess,0.00012902127100431713
enrich,0.00012891321298840063
ect,0.0001288051549724841
ralph,0.00012858903894065108
withdrawn,0.00012848098092473458
scrutini,0.00012815680687698502
inquir,0.0001278326328292355
lexington,0.0001278326328292355
cat,0.00012761651679740245
pct,0.00012750845878148595
provement,0.0001271842847337364
treme,0.00012696816870190337
frederick,0.00012696816870190337
cre,0.00012696816870190337
quirement,0.00012696816870190337
ivb,0.00012686011068598687
clarendon,0.00012675205267007034
dichotomi,0.00012675205267007034
arbi,0.00012664399465415384
doesnt,0.00012653593663823731
queen,0.00012642787862232081
inconclus,0.00012642787862232081
khan,0.00012642787862232081
contri,0.0001263198206064043
notwithstand,0.0001262117625904878
sistenc,0.00012599564655865476
portray,0.00012599564655865476
eleg,0.00012599564655865476
satur,0.00012588758854273824
angl,0.0001255634144949887
lon,0.00012534729846315568
wherein,0.00012523924044723916
investi,0.00012513118243132266
quest,0.00012513118243132266
needless,0.00012513118243132266
joan,0.00012502312441540613
combina,0.0001248070083835731
ish,0.00012459089235174008
tackl,0.00012459089235174008
sociat,0.00012448283433582358
ath,0.00012437477631990705
iri,0.00012437477631990705
plement,0.00012426671830399053
princ,0.0001240506022721575
sue,0.0001240506022721575
jose,0.0001240506022721575
gether,0.000123942544256241
portun,0.00012351031219257495
breakeven,0.00012340225417665842
worthi,0.00012340225417665842
zeroprofit,0.0001231861381448254
ciation,0.0001230780801289089
intim,0.00012297002211299237
efit,0.00012286196409707587
cia,0.00012275390608115934
schneider,0.00012242973203340982
iiii,0.00012210555798566026
holm,0.00012199749996974375
errat,0.00012199749996974375
warren,0.00012178138393791073
andr,0.0001215652679060777
conver,0.00012134915187424467
string,0.00012113303584241165
sun,0.00012102497782649513
associa,0.00012080886179466211
tral,0.00012080886179466211
dark,0.00012048468774691257
recur,0.00012037662973099606
vis,0.00011972828163549698
companion,0.00011962022361958046
inaccur,0.00011962022361958046
facet,0.00011929604957183091
vie,0.00011929604957183091
wear,0.00011907993353999788
impart,0.00011864770147633183
mous,0.0001184315854444988
oth,0.0001183235274285823
madison,0.00011778323734899973
evidenc,0.0001175671213171667
lui,0.0001175671213171667
jon,0.00011735100528533368
usabl,0.00011735100528533368
reiter,0.00011702683123758414
script,0.00011702683123758414
gree,0.00011681071520575111
unspecifi,0.00011637848314208506
jectiv,0.00011627042512616854
timal,0.00011616236711025203
stead,0.00011605430909433552
gerard,0.000115946251078419
twofold,0.00011573013504658597
ref,0.00011551401901475294
erik,0.00011551401901475294
pand,0.00011529790298291991
tualli,0.0001151898449670034
recog,0.00011508178695108689
hinder,0.00011454149687150432
unwin,0.00011443343885558781
exten,0.0001143253808396713
uncontrol,0.00011410926480783827
craig,0.00011400120679192176
expr,0.00011389314877600524
supposit,0.00011378509076008873
tential,0.00011367703274417222
jai,0.00011367703274417222
plier,0.0001135689747282557
dissemin,0.0001135689747282557
hint,0.00011346091671233919
compara,0.00011335285869642268
verg,0.00011324480068050617
gerald,0.00011259645258500709
mas,0.00011248839456909056
lhs,0.00011248839456909056
exploratori,0.00011238033655317405
pant,0.00011238033655317405
modem,0.00011227227853725753
bli,0.00011227227853725753
wagner,0.00011216422052134102
ion,0.00011205616250542451
aln,0.00011184004647359148
contradictori,0.00011173198845767497
ronment,0.00011173198845767497
monotoni,0.00011162393044175846
articul,0.00011151587242584194
memorandum,0.00011151587242584194
nowher,0.00011151587242584194
tailor,0.00011140781440992543
prototyp,0.00011140781440992543
upset,0.00011108364036217589
lone,0.00011097558234625938
whichev,0.00011097558234625938
elliott,0.00011075946631442635
coo,0.00011075946631442635
pal,0.00011065140829850984
ibl,0.00011065140829850984
halv,0.00011054335028259332
bent,0.00011043529226667681
infinitehorizon,0.00011043529226667681
cis,0.00011021917623484379
ict,0.00011000306020301076
sacrif,0.00010989500218709425
subsum,0.00010978694417117773
luigi,0.0001094627701234282
dem,0.00010935471210751168
nalli,0.00010903053805976213
song,0.00010903053805976213
malli,0.0001088144220279291
hirsch,0.0001088144220279291
epi,0.0001088144220279291
diver,0.00010870636401201259
propo,0.00010859830599609608
cumbersom,0.00010859830599609608
moni,0.00010838218996426305
entli,0.00010816607393243002
hole,0.00010805801591651351
underli,0.00010805801591651351
lse,0.00010784189988468048
delin,0.00010762578385284746
ppe,0.00010751772583693094
edmund,0.00010740966782101443
forgo,0.0001071935517891814
meaningless,0.0001071935517891814
foc,0.00010708549377326489
satisfactorili,0.00010708549377326489
antonio,0.00010686937774143187
lution,0.00010686937774143187
uri,0.00010686937774143187
margaret,0.00010654520369368233
intrigu,0.0001063290876618493
till,0.0001063290876618493
pierr,0.00010622102964593279
greg,0.00010622102964593279
silent,0.00010611297163001627
mak,0.00010578879758226672
clue,0.0001055726815504337
jacqu,0.0001055726815504337
pitfal,0.0001055726815504337
tot,0.00010546462353451718
xli,0.00010546462353451718
underscor,0.00010546462353451718
vent,0.00010535656551860067
crs,0.00010514044948676764
sharper,0.00010492433345493462
ping,0.0001048162754390181
approx,0.00010449210139126857
jess,0.00010416792734351903
accident,0.00010405986932760251
linda,0.00010373569527985297
anid,0.00010362763726393646
pearson,0.00010351957924801995
gould,0.00010341152123210343
morton,0.00010330346321618692
prerequisit,0.00010330346321618692
represen,0.00010319540520027041
vein,0.00010319540520027041
enu,0.0001030873471843539
liv,0.0001030873471843539
perish,0.00010276317313660436
thereof,0.00010265511512068784
viabil,0.00010265511512068784
ria,0.00010254705710477133
ral,0.00010211482504110526
teriz,0.00010200676702518875
princi,0.00010189870900927224
fold,0.00010189870900927224
uation,0.00010189870900927224
partment,0.00010179065099335572
tilt,0.00010146647694560619
batch,0.00010146647694560619
booth,0.00010135841892968967
collec,0.00010135841892968967
distin,0.00010125036091377316
phe,0.00010125036091377316
terpret,0.00010114230289785665
exemplifi,0.00010103424488194013
fred,0.00010092618686602362
distrib,0.00010081812885010711
uat,0.00010081812885010711
kin,0.0001007100708341906
typi,0.00010038589678644105
austin,0.00010027783877052454
elimi,0.00010027783877052454
fis,0.00010027783877052454
dedic,9.9953664722775e-05
theless,9.984560670685849e-05
edinburgh,9.952143265910895e-05
hat,9.941337464319244e-05
cum,9.930531662727592e-05
santo,9.908920059544288e-05
entrepr,9.908920059544288e-05
utilitymaxim,9.898114257952637e-05
neat,9.876502654769335e-05
iic,9.854891051586032e-05
pot,9.84408524999438e-05
michel,9.833279448402729e-05
easiest,9.833279448402729e-05
pocket,9.833279448402729e-05
incon,9.822473646811078e-05
binat,9.800862043627775e-05
bypass,9.800862043627775e-05
innocu,9.800862043627775e-05
await,9.790056242036124e-05
guish,9.790056242036124e-05
underpin,9.790056242036124e-05
def,9.779250440444473e-05
bate,9.779250440444473e-05
flatten,9.768444638852821e-05
tinguish,9.768444638852821e-05
asym,9.768444638852821e-05
goldstein,9.75763883726117e-05
pendenc,9.746833035669519e-05
gress,9.736027234077868e-05
hal,9.725221432486216e-05
warner,9.725221432486216e-05
lis,9.714415630894565e-05
spencer,9.703609829302914e-05
commenc,9.703609829302914e-05
toy,9.681998226119611e-05
prudent,9.681998226119611e-05
minat,9.681998226119611e-05
unpub,9.681998226119611e-05
opportu,9.649580821344657e-05
alia,9.649580821344657e-05
tee,9.617163416569703e-05
ming,9.617163416569703e-05
lan,9.617163416569703e-05
nue,9.606357614978052e-05
reve,9.5955518133864e-05
lii,9.584746011794749e-05
emb,9.552328607019794e-05
mysteri,9.552328607019794e-05
montreal,9.552328607019794e-05
werner,9.552328607019794e-05
pjt,9.530717003836491e-05
perperiod,9.51991120224484e-05
ficienc,9.498299599061537e-05
ene,9.476687995878235e-05
manuel,9.455076392694932e-05
chapman,9.455076392694932e-05
quanti,9.455076392694932e-05
intract,9.455076392694932e-05
ase,9.43346478951163e-05
mentari,9.43346478951163e-05
ccc,9.422658987919978e-05
basil,9.422658987919978e-05
interplay,9.411853186328327e-05
percapita,9.411853186328327e-05
imat,9.368629979961722e-05
tini,9.35782417837007e-05
dip,9.347018376778419e-05
nie,9.325406773595116e-05
empha,9.325406773595116e-05
maynard,9.314600972003465e-05
interrelationship,9.27137776563686e-05
counterintuit,9.260571964045209e-05
giffen,9.249766162453557e-05
bennett,9.249766162453557e-05
inframargin,9.238960360861905e-05
steepli,9.238960360861905e-05
ipr,9.174125551311997e-05
echo,9.163319749720345e-05
dimen,9.163319749720345e-05
ception,9.163319749720345e-05
presuppos,9.152513948128694e-05
shield,9.152513948128694e-05
cratic,9.152513948128694e-05
horn,9.12009654335374e-05
dia,9.109290741762089e-05
interpr,9.098484940170438e-05
nounc,9.098484940170438e-05
wil,9.087679138578786e-05
simulta,9.055261733803832e-05
mellon,9.055261733803832e-05
cede,9.044455932212181e-05
uncommon,9.044455932212181e-05
dep,9.044455932212181e-05
alongsid,9.044455932212181e-05
eratur,9.03365013062053e-05
geoffrey,9.03365013062053e-05
harcourt,9.022844329028878e-05
pendix,9.022844329028878e-05
frozen,9.012038527437227e-05
catherin,8.979621122662273e-05
notori,8.979621122662273e-05
guy,8.968815321070622e-05
alex,8.968815321070622e-05
mentat,8.968815321070622e-05
weakest,8.95800951947897e-05
consortium,8.95800951947897e-05
trari,8.95800951947897e-05
anomal,8.94720371788732e-05
aforement,8.914786313112365e-05
putat,8.914786313112365e-05
irr,8.903980511520713e-05
reconsider,8.903980511520713e-05
nonneglig,8.893174709929061e-05
thor,8.893174709929061e-05
sidney,8.871563106745759e-05
vestig,8.839145701970805e-05
dation,8.839145701970805e-05
arisen,8.828339900379154e-05
eman,8.817534098787502e-05
toulous,8.817534098787502e-05
smart,8.817534098787502e-05
heavier,8.7959224956042e-05
longstand,8.752699289237594e-05
antici,8.752699289237594e-05
improp,8.741893487645943e-05
ris,8.731087686054292e-05
sanford,8.709476082870989e-05
ain,8.698670281279338e-05
peripher,8.698670281279338e-05
blend,8.698670281279338e-05
thermor,8.687864479687687e-05
nia,8.687864479687687e-05
rid,8.655447074912733e-05
pet,8.655447074912733e-05
provision,8.655447074912733e-05
xvi,8.644641273321081e-05
openend,8.644641273321081e-05
vicin,8.623029670137779e-05
andi,8.612223868546127e-05
liev,8.612223868546127e-05
singleperiod,8.612223868546127e-05
nearer,8.612223868546127e-05
dogen,8.601418066954476e-05
barcelona,8.590612265362825e-05
overturn,8.579806463771174e-05
privatesector,8.579806463771174e-05
prentic,8.579806463771174e-05
jeff,8.569000662179521e-05
cember,8.525777455812916e-05
nonbind,8.514971654221264e-05
skip,8.514971654221264e-05
uncon,8.504165852629613e-05
prespecifi,8.504165852629613e-05
evanston,8.493360051037962e-05
ave,8.493360051037962e-05
hori,8.493360051037962e-05
warwick,8.493360051037962e-05
subdivid,8.48255424944631e-05
prima,8.471748447854659e-05
kelli,8.460942646263008e-05
oneway,8.450136844671356e-05
tate,8.439331043079705e-05
ame,8.428525241488054e-05
unintend,8.3961078367131e-05
mizat,8.3961078367131e-05
expla,8.3961078367131e-05
juan,8.385302035121449e-05
architectur,8.374496233529797e-05
safer,8.363690431938146e-05
cult,8.363690431938146e-05
ski,8.352884630346495e-05
bis,8.352884630346495e-05
hibit,8.352884630346495e-05
lyze,8.331273027163192e-05
subdivis,8.331273027163192e-05
lucki,8.331273027163192e-05
orr,8.320467225571541e-05
incap,8.320467225571541e-05
whatsoev,8.320467225571541e-05
ita,8.320467225571541e-05
brewer,8.320467225571541e-05
senc,8.30966142397989e-05
constru,8.288049820796587e-05
hurdl,8.255632416021633e-05
thrust,8.244826614429982e-05
logi,8.223215011246678e-05
forma,8.212409209655026e-05
lyon,8.212409209655026e-05
troublesom,8.201603408063375e-05
buffalo,8.201603408063375e-05
physi,8.179991804880072e-05
mise,8.179991804880072e-05
dissolv,8.179991804880072e-05
edi,8.169186003288421e-05
neu,8.169186003288421e-05
houghton,8.115156995330165e-05
fun,8.115156995330165e-05
classi,8.115156995330165e-05
barber,8.115156995330165e-05
peo,8.104351193738513e-05
qua,8.08273959055521e-05
veal,8.07193378896356e-05
excep,8.039516384188605e-05
decim,8.017904781005303e-05
explic,8.017904781005303e-05
prt,8.017904781005303e-05
ssp,8.007098979413652e-05
honour,7.985487376230349e-05
shortest,7.985487376230349e-05
interconnect,7.985487376230349e-05
rial,7.974681574638698e-05
pps,7.963875773047046e-05
cea,7.963875773047046e-05
boot,7.963875773047046e-05
prolifer,7.953069971455395e-05
faci,7.953069971455395e-05
rio,7.931458368272092e-05
nos,7.931458368272092e-05
yin,7.931458368272092e-05
formu,7.931458368272092e-05
descrip,7.920652566680441e-05
kelley,7.920652566680441e-05
ron,7.920652566680441e-05
sal,7.90984676508879e-05
criti,7.90984676508879e-05
cide,7.899040963497138e-05
unreal,7.877429360313834e-05
dartmouth,7.877429360313834e-05
iiic,7.877429360313834e-05
bradley,7.877429360313834e-05
alent,7.877429360313834e-05
unresolv,7.877429360313834e-05
underlin,7.866623558722183e-05
nition,7.834206153947229e-05
pts,7.812594550763927e-05
hike,7.801788749172275e-05
demandsid,7.801788749172275e-05
mute,7.801788749172275e-05
dix,7.790982947580624e-05
cater,7.790982947580624e-05
jen,7.790982947580624e-05
troduc,7.790982947580624e-05
lib,7.780177145988973e-05
ulti,7.780177145988973e-05
thornton,7.780177145988973e-05
appendic,7.780177145988973e-05
commensur,7.747759741214019e-05
dentli,7.747759741214019e-05
viousli,7.747759741214019e-05
integra,7.747759741214019e-05
marili,7.736953939622367e-05
nar,7.736953939622367e-05
fei,7.726148138030716e-05
alic,7.726148138030716e-05
lieu,7.704536534847414e-05
nichol,7.693730733255762e-05
twist,7.693730733255762e-05
swamp,7.682924931664111e-05
exclu,7.67211913007246e-05
tablish,7.67211913007246e-05
inconveni,7.67211913007246e-05
founda,7.661313328480808e-05
extran,7.661313328480808e-05
bibliographi,7.639701725297506e-05
ingeni,7.639701725297506e-05
dal,7.639701725297506e-05
tune,7.639701725297506e-05
fere,7.628895923705854e-05
vil,7.618090122114203e-05
vergenc,7.618090122114203e-05
bryan,7.618090122114203e-05
olog,7.5964785189309e-05
jerom,7.585672717339249e-05
orga,7.585672717339249e-05
ferguson,7.564061114155947e-05
clarif,7.564061114155947e-05
atur,7.553255312564294e-05
karen,7.542449510972643e-05
distor,7.542449510972643e-05
perspec,7.531643709380991e-05
higherqu,7.531643709380991e-05
proj,7.52083790778934e-05
hypo,7.510032106197689e-05
pia,7.510032106197689e-05
rein,7.510032106197689e-05
las,7.510032106197689e-05
envis,7.499226304606037e-05
cumstanc,7.499226304606037e-05
gan,7.499226304606037e-05
imiz,7.488420503014386e-05
sire,7.477614701422735e-05
lenc,7.477614701422735e-05
inaccuraci,7.477614701422735e-05
cipal,7.466808899831083e-05
ural,7.466808899831083e-05
recoup,7.456003098239432e-05
cheapli,7.445197296647781e-05
wet,7.43439149505613e-05
revolv,7.423585693464478e-05
ila,7.423585693464478e-05
expo,7.423585693464478e-05
precaut,7.412779891872827e-05
len,7.412779891872827e-05
por,7.401974090281176e-05
dictionari,7.401974090281176e-05
sharpen,7.401974090281176e-05
recomput,7.380362487097873e-05
ineffi,7.380362487097873e-05
mayb,7.369556685506222e-05
neousli,7.369556685506222e-05
incr,7.35875088391457e-05
sce,7.35875088391457e-05
activi,7.347945082322919e-05
roo,7.337139280731268e-05
macdonald,7.315527677547965e-05
commodi,7.304721875956314e-05
possibil,7.283110272773011e-05
gardner,7.283110272773011e-05
madrid,7.283110272773011e-05
activist,7.261498669589709e-05
fastest,7.250692867998057e-05
tio,7.250692867998057e-05
invalu,7.239887066406406e-05
provi,7.229081264814755e-05
synonym,7.229081264814755e-05
ridg,7.218275463223102e-05
imaginari,7.20746966163145e-05
lute,7.175052256856497e-05
neverth,7.164246455264845e-05
phasiz,7.153440653673194e-05
laura,7.153440653673194e-05
lax,7.153440653673194e-05
concis,7.142634852081543e-05
gent,7.142634852081543e-05
essex,7.131829050489892e-05
erabl,7.12102324889824e-05
vio,7.12102324889824e-05
tention,7.12102324889824e-05
decrea,7.110217447306589e-05
undo,7.099411645714938e-05
heath,7.099411645714938e-05
jay,7.099411645714938e-05
sate,7.077800042531635e-05
bhattacharya,7.077800042531635e-05
oppo,7.077800042531635e-05
modi,7.066994240939984e-05
wis,7.066994240939984e-05
cheng,7.056188439348332e-05
rai,7.056188439348332e-05
oslo,7.03457683616503e-05
sumabl,7.03457683616503e-05
hagen,7.023771034573378e-05
ancillari,7.023771034573378e-05
interm,7.002159431390076e-05
queri,6.991353629798425e-05
aliz,6.991353629798425e-05
imum,6.991353629798425e-05
lvi,6.969742026615122e-05
actu,6.948130423431819e-05
slide,6.948130423431819e-05
amelior,6.937324621840168e-05
averi,6.937324621840168e-05
scription,6.915713018656865e-05
mike,6.904907217065214e-05
origi,6.904907217065214e-05
borderlin,6.904907217065214e-05
xviii,6.904907217065214e-05
misinterpret,6.894101415473563e-05
investiga,6.88329561388191e-05
abso,6.88329561388191e-05
unequivoc,6.88329561388191e-05
append,6.88329561388191e-05
fectiv,6.861684010698607e-05
unnecessarili,6.861684010698607e-05
ise,6.861684010698607e-05
vine,6.850878209106956e-05
ive,6.850878209106956e-05
frankfurt,6.850878209106956e-05
imm,6.829266605923654e-05
leo,6.829266605923654e-05
gainer,6.829266605923654e-05
unforeseen,6.818460804332002e-05
tiat,6.818460804332002e-05
stricter,6.818460804332002e-05
steer,6.818460804332002e-05
devi,6.807655002740351e-05
carol,6.807655002740351e-05
ica,6.807655002740351e-05
copenhagen,6.7968492011487e-05
reagan,6.7968492011487e-05
indif,6.786043399557048e-05
shorthand,6.764431796373746e-05
probabili,6.764431796373746e-05
moti,6.753625994782094e-05
ram,6.742820193190443e-05
conn,6.710402788415489e-05
lund,6.699596986823838e-05
nari,6.688791185232187e-05
awkward,6.688791185232187e-05
vir,6.688791185232187e-05
ume,6.677985383640535e-05
retriev,6.667179582048884e-05
vic,6.667179582048884e-05
hav,6.667179582048884e-05
burgess,6.667179582048884e-05
elus,6.667179582048884e-05
obvi,6.656373780457233e-05
alert,6.656373780457233e-05
unin,6.656373780457233e-05
allud,6.656373780457233e-05
mose,6.656373780457233e-05
cra,6.645567978865581e-05
bird,6.63476217727393e-05
plex,6.63476217727393e-05
til,6.63476217727393e-05
jin,6.613150574090627e-05
bud,6.602344772498976e-05
essari,6.591538970907325e-05
greenberg,6.569927367724022e-05
truman,6.569927367724022e-05
collector,6.569927367724022e-05
jane,6.559121566132371e-05
elucid,6.526704161357416e-05
tak,6.515898359765764e-05
leap,6.515898359765764e-05
disclaim,6.505092558174113e-05
muller,6.505092558174113e-05
stuck,6.494286756582462e-05
nonoverlap,6.48348095499081e-05
pole,6.48348095499081e-05
xvii,6.48348095499081e-05
xaxi,6.472675153399159e-05
evalua,6.472675153399159e-05
peat,6.461869351807508e-05
spi,6.451063550215856e-05
highlevel,6.451063550215856e-05
superimpos,6.451063550215856e-05
contriv,6.451063550215856e-05
tale,6.440257748624205e-05
superflu,6.429451947032554e-05
gestion,6.418646145440903e-05
tenuous,6.418646145440903e-05
oti,6.418646145440903e-05
unwant,6.407840343849251e-05
wellestablish,6.364617137482646e-05
chatterje,6.364617137482646e-05
cai,6.353811335890995e-05
montgomeri,6.343005534299343e-05
reopen,6.343005534299343e-05
nis,6.343005534299343e-05
olin,6.343005534299343e-05
phenom,6.332199732707692e-05
iat,6.321393931116041e-05
opportuni,6.31058812952439e-05
ial,6.278170724749436e-05
tegrat,6.267364923157784e-05
rutger,6.256559121566133e-05
inci,6.256559121566133e-05
eff,6.256559121566133e-05
mathstrutc,6.245753319974482e-05
quantita,6.23494751838283e-05
thresh,6.23494751838283e-05
marcel,6.23494751838283e-05
lxx,6.224141716791179e-05
lat,6.224141716791179e-05
stefan,6.213335915199526e-05
unfold,6.213335915199526e-05
kellogg,6.213335915199526e-05
blur,6.213335915199526e-05
beneath,6.213335915199526e-05
hesh,6.202530113607875e-05
nite,6.202530113607875e-05
acc,6.191724312016224e-05
lbs,6.191724312016224e-05
crete,6.180918510424572e-05
loo,6.180918510424572e-05
catalogu,6.170112708832921e-05
combi,6.15930690724127e-05
adi,6.15930690724127e-05
xxix,6.148501105649618e-05
gal,6.148501105649618e-05
rangement,6.148501105649618e-05
arti,6.137695304057967e-05
tember,6.137695304057967e-05
viron,6.126889502466316e-05
condens,6.126889502466316e-05
purdu,6.116083700874665e-05
nizat,6.116083700874665e-05
situ,6.116083700874665e-05
johann,6.116083700874665e-05
liii,6.116083700874665e-05
palgrav,6.116083700874665e-05
spa,6.116083700874665e-05
gabriel,6.105277899283013e-05
limita,6.094472097691362e-05
marketbas,6.0836662960997106e-05
unconvent,6.0836662960997106e-05
pic,6.0836662960997106e-05
conv,6.051248891324757e-05
cil,6.0404430897331054e-05
abovement,6.0404430897331054e-05
obrien,6.029637288141454e-05
jun,6.029637288141454e-05
edn,6.029637288141454e-05
lynch,6.029637288141454e-05
straightfor,6.018831486549803e-05
ace,6.0080256849581515e-05
toral,5.9972198833665e-05
decom,5.986414081774849e-05
denci,5.986414081774849e-05
impo,5.986414081774849e-05
bos,5.986414081774849e-05
inexpens,5.986414081774849e-05
nomenon,5.986414081774849e-05
wong,5.9756082801831975e-05
sugg,5.9756082801831975e-05
bat,5.9648024785915455e-05
mic,5.953996676999894e-05
eth,5.9323850738165916e-05
disc,5.899967669041638e-05
utili,5.899967669041638e-05
vsl,5.899967669041638e-05
aoki,5.899967669041638e-05
ese,5.899967669041638e-05
natu,5.8891618674499864e-05
cic,5.8891618674499864e-05
trail,5.878356065858335e-05
org,5.878356065858335e-05
metri,5.867550264266684e-05
xlvii,5.8567444626750325e-05
lip,5.845938661083381e-05
xxv,5.83513285949173e-05
xxii,5.83513285949173e-05
intric,5.8243270579000786e-05
della,5.813521256308427e-05
tenabl,5.813521256308427e-05
xxxvi,5.802715454716776e-05
pascal,5.802715454716776e-05
impract,5.802715454716776e-05
rant,5.802715454716776e-05
lionel,5.7811038515334726e-05
talli,5.7811038515334726e-05
stephan,5.770298049941821e-05
joy,5.770298049941821e-05
birmingham,5.770298049941821e-05
tilburg,5.75949224835017e-05
tect,5.7378806451668674e-05
mcs,5.7378806451668674e-05
distinc,5.7378806451668674e-05
aliti,5.727074843575216e-05
mall,5.727074843575216e-05
fiction,5.716269041983565e-05
holden,5.716269041983565e-05
loosen,5.7054632403919135e-05
summa,5.694657438800262e-05
dice,5.683851637208611e-05
barrett,5.683851637208611e-05
thread,5.683851637208611e-05
fundamen,5.683851637208611e-05
kluwer,5.683851637208611e-05
quali,5.6730458356169596e-05
sla,5.662240034025308e-05
enrico,5.662240034025308e-05
complemen,5.662240034025308e-05
clusiv,5.6406284308420056e-05
chs,5.6406284308420056e-05
georgetown,5.629822629250354e-05
obviat,5.629822629250354e-05
sydney,5.629822629250354e-05
lia,5.629822629250354e-05
ayr,5.629822629250354e-05
deborah,5.629822629250354e-05
boulder,5.6190168276587023e-05
sential,5.6190168276587023e-05
xxxviii,5.6190168276587023e-05
multitud,5.6190168276587023e-05
ubiquit,5.6190168276587023e-05
cbs,5.608211026067051e-05
onstrat,5.608211026067051e-05
fungibl,5.608211026067051e-05
sweet,5.5974052244754e-05
berk,5.5974052244754e-05
coc,5.5974052244754e-05
yaxi,5.5974052244754e-05
choo,5.5974052244754e-05
mcgraw,5.5865994228837484e-05
writ,5.5865994228837484e-05
hen,5.5865994228837484e-05
pdp,5.575793621292097e-05
bio,5.575793621292097e-05
blow,5.564987819700446e-05
twostat,5.564987819700446e-05
eia,5.564987819700446e-05
tionat,5.5541820181087945e-05
xxiii,5.5541820181087945e-05
skim,5.5541820181087945e-05
tenci,5.543376216517143e-05
contrib,5.543376216517143e-05
vin,5.543376216517143e-05
rebound,5.532570414925492e-05
julian,5.5217646133338406e-05
ass,5.5217646133338406e-05
rene,5.5217646133338406e-05
lection,5.5217646133338406e-05
extant,5.510958811742189e-05
mula,5.510958811742189e-05
longlast,5.500153010150538e-05
alto,5.4893472085588867e-05
durham,5.4893472085588867e-05
qualita,5.4785414069672353e-05
confisc,5.4785414069672353e-05
xxxix,5.4785414069672353e-05
rra,5.4785414069672353e-05
server,5.467735605375584e-05
dana,5.456929803783932e-05
unten,5.456929803783932e-05
coe,5.446124002192281e-05
toni,5.446124002192281e-05
ragnar,5.4353182006006294e-05
progr,5.4353182006006294e-05
geq,5.4353182006006294e-05
slice,5.4353182006006294e-05
rize,5.424512399008978e-05
agnost,5.413706597417327e-05
inconsequenti,5.413706597417327e-05
plateau,5.413706597417327e-05
nection,5.413706597417327e-05
phil,5.413706597417327e-05
consti,5.413706597417327e-05
nect,5.413706597417327e-05
cee,5.413706597417327e-05
gramm,5.4029007958256755e-05
unsatisfi,5.4029007958256755e-05
tne,5.381289192642373e-05
focuss,5.3704833910507216e-05
realiza,5.3704833910507216e-05
ralli,5.35967758945907e-05
xxxii,5.348871787867419e-05
datum,5.338065986275768e-05
decem,5.316454383092465e-05
plore,5.316454383092465e-05
fluid,5.305648581500814e-05
teract,5.305648581500814e-05
iie,5.2948427799091624e-05
css,5.2948427799091624e-05
moon,5.2948427799091624e-05
tensiv,5.2948427799091624e-05
fuzzi,5.2948427799091624e-05
ficult,5.2948427799091624e-05
sharon,5.2840369783175105e-05
reapprais,5.2840369783175105e-05
xxiv,5.2840369783175105e-05
exc,5.2840369783175105e-05
taxonomi,5.273231176725859e-05
subsi,5.273231176725859e-05
suspici,5.273231176725859e-05
tougher,5.273231176725859e-05
rentli,5.262425375134208e-05
xlix,5.2516195735425565e-05
ious,5.2516195735425565e-05
mls,5.2516195735425565e-05
benign,5.240813771950905e-05
soo,5.240813771950905e-05
shortcut,5.240813771950905e-05
potter,5.230007970359254e-05
eci,5.230007970359254e-05
chal,5.208396367175951e-05
ven,5.208396367175951e-05
adl,5.1975905655843e-05
proviso,5.1975905655843e-05
fabra,5.1975905655843e-05
inapplic,5.186784763992649e-05
ley,5.1759789624009974e-05
tle,5.165173160809346e-05
jacobson,5.165173160809346e-05
copeland,5.154367359217695e-05
foun,5.154367359217695e-05
kumar,5.154367359217695e-05
tinction,5.1435615576260435e-05
unansw,5.1435615576260435e-05
grey,5.1435615576260435e-05
rod,5.1435615576260435e-05
hardi,5.132755756034392e-05
archibald,5.132755756034392e-05
nei,5.132755756034392e-05
oco,5.12194995444274e-05
clinton,5.12194995444274e-05
bute,5.12194995444274e-05
recip,5.12194995444274e-05
armen,5.111144152851089e-05
solo,5.111144152851089e-05
ren,5.111144152851089e-05
sss,5.111144152851089e-05
fade,5.1003383512594375e-05
xlv,5.1003383512594375e-05
uous,5.1003383512594375e-05
acknowl,5.089532549667786e-05
crowdingout,5.078726748076135e-05
maint,5.078726748076135e-05
lei,5.078726748076135e-05
tes,5.078726748076135e-05
ale,5.0679209464844836e-05
reassign,5.0679209464844836e-05
inn,5.057115144892832e-05
ferri,5.057115144892832e-05
vancouv,5.057115144892832e-05
lap,5.057115144892832e-05
ece,5.03550354170953e-05
tower,5.03550354170953e-05
foremost,5.03550354170953e-05
eea,5.0246977401178784e-05
jection,5.013891938526227e-05
firstround,5.013891938526227e-05
jul,5.013891938526227e-05
dirk,5.003086136934576e-05
yao,5.003086136934576e-05
xxxi,5.003086136934576e-05
ash,4.9922803353429245e-05
empiric,4.9922803353429245e-05
septem,4.981474533751273e-05
disconnect,4.981474533751273e-05
wouldb,4.981474533751273e-05
itat,4.981474533751273e-05
biguous,4.970668732159622e-05
centli,4.970668732159622e-05
imp,4.9598629305679705e-05
bsp,4.9598629305679705e-05
exer,4.9490571289763186e-05
chaotic,4.9490571289763186e-05
kyklo,4.9490571289763186e-05
kaufman,4.9490571289763186e-05
yond,4.9490571289763186e-05
ondari,4.9490571289763186e-05
pedro,4.938251327384667e-05
tipl,4.927445525793016e-05
soften,4.927445525793016e-05
icf,4.927445525793016e-05
knot,4.927445525793016e-05
unsuit,4.927445525793016e-05
ioral,4.9166397242013646e-05
cca,4.9166397242013646e-05
renc,4.9166397242013646e-05
dament,4.905833922609713e-05
tantamount,4.905833922609713e-05
woo,4.905833922609713e-05
knifeedg,4.905833922609713e-05
intergroup,4.905833922609713e-05
bristol,4.905833922609713e-05
gle,4.905833922609713e-05
connec,4.895028121018062e-05
pse,4.895028121018062e-05
pam,4.884222319426411e-05
nota,4.884222319426411e-05
didnt,4.884222319426411e-05
reappear,4.8734165178347594e-05
cont,4.8734165178347594e-05
thi,4.862610716243108e-05
sirabl,4.862610716243108e-05
derstand,4.851804914651457e-05
kathryn,4.851804914651457e-05
gratitud,4.851804914651457e-05
memo,4.8409991130598055e-05
pow,4.830193311468154e-05
cru,4.830193311468154e-05
tang,4.830193311468154e-05
separa,4.830193311468154e-05
vri,4.830193311468154e-05
ire,4.830193311468154e-05
plifi,4.819387509876503e-05
xxxiv,4.8085817082848516e-05
threefold,4.8085817082848516e-05
xxxv,4.8085817082848516e-05
zur,4.7977759066932e-05
burdensom,4.7977759066932e-05
lvii,4.7977759066932e-05
fran,4.7977759066932e-05
rudimentari,4.776164303509897e-05
synthes,4.776164303509897e-05
hrm,4.776164303509897e-05
lop,4.7545527003265943e-05
couch,4.7545527003265943e-05
twentyfour,4.7545527003265943e-05
helsinki,4.743746898734943e-05
ordi,4.743746898734943e-05
lxii,4.743746898734943e-05
osit,4.743746898734943e-05
mension,4.732941097143292e-05
rethink,4.732941097143292e-05
analo,4.732941097143292e-05
coordi,4.7221352955516404e-05
unsur,4.711329493959989e-05
oak,4.711329493959989e-05
limi,4.700523692368338e-05
boe,4.700523692368338e-05
xlviii,4.6897178907766865e-05
ina,4.678912089185035e-05
sie,4.678912089185035e-05
leak,4.678912089185035e-05
bas,4.678912089185035e-05
selfmanag,4.678912089185035e-05
maliz,4.678912089185035e-05
kay,4.668106287593384e-05
cts,4.6573004860017326e-05
lxxi,4.646494684410081e-05
adop,4.646494684410081e-05
ler,4.646494684410081e-05
leng,4.63568888281843e-05
mifflin,4.6248830812267787e-05
oscar,4.6248830812267787e-05
gil,4.614077279635127e-05
attrac,4.614077279635127e-05
pliciti,4.614077279635127e-05
rari,4.614077279635127e-05
fraser,4.614077279635127e-05
disap,4.6032714780434754e-05
xliii,4.6032714780434754e-05
lviii,4.592465676451824e-05
clair,4.592465676451824e-05
carson,4.5708540732685214e-05
bart,4.56004827167687e-05
sel,4.56004827167687e-05
mfp,4.56004827167687e-05
dilig,4.549242470085219e-05
evolu,4.549242470085219e-05
tinct,4.549242470085219e-05
lockwood,4.5384366684935675e-05
detract,4.5384366684935675e-05
guar,4.5384366684935675e-05
mentar,4.516825065310265e-05
upshot,4.516825065310265e-05
compu,4.516825065310265e-05
typei,4.5060192637186136e-05
nore,4.495213462126962e-05
fic,4.495213462126962e-05
pbs,4.495213462126962e-05
rior,4.495213462126962e-05
sshape,4.495213462126962e-05
pad,4.495213462126962e-05
welfaremaxim,4.47360185894366e-05
inconsi,4.47360185894366e-05
cism,4.47360185894366e-05
oret,4.47360185894366e-05
clearest,4.47360185894366e-05
customarili,4.47360185894366e-05
hla,4.47360185894366e-05
novem,4.4627960573520084e-05
dub,4.4519902557603564e-05
ruth,4.4519902557603564e-05
algo,4.4519902557603564e-05
wisconsinmadison,4.441184454168705e-05
aei,4.441184454168705e-05
feinstein,4.441184454168705e-05
conrad,4.441184454168705e-05
elgar,4.430378652577054e-05
xxviii,4.430378652577054e-05
usu,4.430378652577054e-05
stevenson,4.430378652577054e-05
vitiat,4.4195728509854025e-05
vib,4.4195728509854025e-05
fra,4.4195728509854025e-05
roi,4.4195728509854025e-05
lxvi,4.4195728509854025e-05
ark,4.408767049393751e-05
universitat,4.408767049393751e-05
claud,4.3979612478021e-05
casey,4.3871554462104485e-05
elim,4.376349644618797e-05
init,4.365543843027146e-05
tenet,4.365543843027146e-05
turvey,4.365543843027146e-05
ante,4.3547380414354946e-05
relinquish,4.3547380414354946e-05
ramif,4.3547380414354946e-05
goo,4.333126438252192e-05
barr,4.333126438252192e-05
reshuffl,4.333126438252192e-05
pdi,4.333126438252192e-05
wed,4.333126438252192e-05
nick,4.333126438252192e-05
flexi,4.322320636660541e-05
aeaweb,4.322320636660541e-05
quantif,4.3115148350688894e-05
gic,4.300709033477238e-05
satisfac,4.289903231885587e-05
uncomfort,4.289903231885587e-05
tortion,4.289903231885587e-05
victoria,4.289903231885587e-05
xlii,4.289903231885587e-05
anoni,4.279097430293935e-05
srs,4.279097430293935e-05
precursor,4.279097430293935e-05
heretofor,4.279097430293935e-05
indivi,4.279097430293935e-05
lariti,4.2682916287022835e-05
basel,4.2682916287022835e-05
outof,4.2682916287022835e-05
timet,4.2682916287022835e-05
mpi,4.257485827110632e-05
lize,4.257485827110632e-05
eva,4.257485827110632e-05
xxvii,4.246680025518981e-05
plish,4.246680025518981e-05
xlvi,4.246680025518981e-05
acl,4.2358742239273295e-05
gli,4.2358742239273295e-05
examina,4.225068422335678e-05
terior,4.225068422335678e-05
xxxiii,4.225068422335678e-05
istenc,4.214262620744027e-05
bowman,4.214262620744027e-05
prehens,4.214262620744027e-05
burk,4.214262620744027e-05
xliv,4.214262620744027e-05
dere,4.214262620744027e-05
unexplor,4.2034568191523756e-05
halfway,4.2034568191523756e-05
venient,4.192651017560724e-05
haa,4.192651017560724e-05
rectifi,4.192651017560724e-05
dalton,4.192651017560724e-05
stag,4.192651017560724e-05
eur,4.181845215969073e-05
interfac,4.181845215969073e-05
swer,4.181845215969073e-05
miti,4.181845215969073e-05
cvi,4.181845215969073e-05
mathematica,4.171039414377422e-05
mativ,4.1602336127857704e-05
enclos,4.1602336127857704e-05
motiva,4.1602336127857704e-05
lowlevel,4.149427811194119e-05
praeger,4.149427811194119e-05
nousli,4.149427811194119e-05
terribl,4.149427811194119e-05
edmond,4.149427811194119e-05
chu,4.138622009602468e-05
lime,4.138622009602468e-05
julyaugust,4.1278162080108165e-05
simplist,4.1278162080108165e-05
xci,4.1278162080108165e-05
isl,4.1278162080108165e-05
abbott,4.1278162080108165e-05
hagu,4.1278162080108165e-05
nuanc,4.1278162080108165e-05
oto,4.1278162080108165e-05
pes,4.117010406419165e-05
lxix,4.106204604827513e-05
idenc,4.106204604827513e-05
glean,4.095398803235862e-05
fishman,4.095398803235862e-05
sine,4.095398803235862e-05
bia,4.095398803235862e-05
dimin,4.0845930016442106e-05
disclo,4.0845930016442106e-05
unsolv,4.0845930016442106e-05
psp,4.0845930016442106e-05
lrs,4.073787200052559e-05
gerhard,4.073787200052559e-05
ape,4.073787200052559e-05
twentyon,4.062981398460908e-05
rot,4.062981398460908e-05
reac,4.062981398460908e-05
curti,4.0521755968692566e-05
curat,4.0521755968692566e-05
timeconsum,4.0521755968692566e-05
rms,4.0521755968692566e-05
disallow,4.041369795277605e-05
desk,4.041369795277605e-05
sidestep,4.041369795277605e-05
quicker,4.041369795277605e-05
ahm,4.041369795277605e-05
peacock,4.041369795277605e-05
dig,4.041369795277605e-05
aba,4.030563993685954e-05
harmless,4.019758192094303e-05
sian,4.019758192094303e-05
lxvii,4.019758192094303e-05
tradict,4.0089523905026514e-05
intu,4.0089523905026514e-05
gument,4.0089523905026514e-05
blake,4.0089523905026514e-05
ifl,4.0089523905026514e-05
fte,4.0089523905026514e-05
counterproduct,3.998146588911e-05
jus,3.998146588911e-05
ition,3.998146588911e-05
fatigu,3.987340787319349e-05
reintroduc,3.987340787319349e-05
cac,3.987340787319349e-05
ivan,3.987340787319349e-05
coincident,3.987340787319349e-05
sibli,3.987340787319349e-05
dant,3.987340787319349e-05
coco,3.9765349857276975e-05
bloomington,3.9765349857276975e-05
digress,3.9765349857276975e-05
fice,3.9765349857276975e-05
welldocu,3.9765349857276975e-05
versal,3.965729184136046e-05
michell,3.965729184136046e-05
orig,3.965729184136046e-05
choke,3.965729184136046e-05
threeperiod,3.965729184136046e-05
lll,3.954923382544395e-05
cog,3.954923382544395e-05
ajr,3.954923382544395e-05
bump,3.954923382544395e-05
lxv,3.954923382544395e-05
sas,3.944117580952743e-05
generaliz,3.944117580952743e-05
cnc,3.944117580952743e-05
haz,3.944117580952743e-05
oner,3.944117580952743e-05
unsystemat,3.944117580952743e-05
penguin,3.944117580952743e-05
dle,3.944117580952743e-05
bergen,3.9333117793610916e-05
disprov,3.9333117793610916e-05
pecial,3.92250597776944e-05
mos,3.92250597776944e-05
upheld,3.92250597776944e-05
cred,3.92250597776944e-05
haley,3.92250597776944e-05
smp,3.92250597776944e-05
cumula,3.92250597776944e-05
evo,3.92250597776944e-05
melbourn,3.911700176177789e-05
itor,3.911700176177789e-05
mad,3.9008943745861377e-05
ccr,3.9008943745861377e-05
typ,3.9008943745861377e-05
lna,3.9008943745861377e-05
ego,3.9008943745861377e-05
egori,3.8900885729944863e-05
mesh,3.8900885729944863e-05
volumin,3.8900885729944863e-05
quadrupl,3.8900885729944863e-05
josef,3.8900885729944863e-05
carr,3.8900885729944863e-05
merril,3.8900885729944863e-05
schemat,3.879282771402835e-05
inadvert,3.879282771402835e-05
gotten,3.879282771402835e-05
beth,3.879282771402835e-05
tack,3.879282771402835e-05
clemen,3.868476969811184e-05
ico,3.868476969811184e-05
evant,3.868476969811184e-05
cpe,3.8576711682195324e-05
gust,3.8576711682195324e-05
penros,3.8576711682195324e-05
rodger,3.846865366627881e-05
csi,3.846865366627881e-05
upsid,3.846865366627881e-05
volun,3.846865366627881e-05
counterbalanc,3.83605956503623e-05
pei,3.83605956503623e-05
flu,3.814447961852927e-05
fsa,3.803642160261276e-05
lor,3.803642160261276e-05
prece,3.803642160261276e-05
rts,3.803642160261276e-05
genci,3.803642160261276e-05
mia,3.803642160261276e-05
perlman,3.803642160261276e-05
lopez,3.7928363586696246e-05
gous,3.7928363586696246e-05
symmet,3.7928363586696246e-05
radi,3.7928363586696246e-05
hanc,3.7928363586696246e-05
supplydemand,3.782030557077973e-05
lac,3.782030557077973e-05
ofeconom,3.782030557077973e-05
related,3.782030557077973e-05
cessiv,3.782030557077973e-05
dar,3.782030557077973e-05
christin,3.782030557077973e-05
gao,3.782030557077973e-05
sps,3.771224755486321e-05
ibil,3.771224755486321e-05
welldevelop,3.771224755486321e-05
vet,3.76041895389467e-05
lxiv,3.76041895389467e-05
acquisi,3.76041895389467e-05
apex,3.76041895389467e-05
mahalanobi,3.76041895389467e-05
bert,3.76041895389467e-05
nfl,3.76041895389467e-05
fornia,3.749613152303019e-05
minn,3.749613152303019e-05
discon,3.749613152303019e-05
xxvi,3.749613152303019e-05
guis,3.749613152303019e-05
iiiv,3.7388073507113674e-05
bri,3.7388073507113674e-05
ttj,3.728001549119716e-05
sao,3.728001549119716e-05
economn,3.728001549119716e-05
liver,3.728001549119716e-05
crite,3.728001549119716e-05
shallow,3.717195747528065e-05
liti,3.717195747528065e-05
lustrat,3.7063899459364134e-05
cursori,3.7063899459364134e-05
gpo,3.7063899459364134e-05
lari,3.695584144344762e-05
void,3.695584144344762e-05
ras,3.695584144344762e-05
klevorick,3.695584144344762e-05
attrib,3.684778342753111e-05
ffl,3.684778342753111e-05
garner,3.684778342753111e-05
reo,3.6739725411614595e-05
mfi,3.6739725411614595e-05
sol,3.6739725411614595e-05
terval,3.6739725411614595e-05
civ,3.6739725411614595e-05
rodney,3.6739725411614595e-05
lps,3.663166739569808e-05
wellinform,3.663166739569808e-05
doug,3.663166739569808e-05
nonr,3.663166739569808e-05
cruz,3.652360937978157e-05
deg,3.652360937978157e-05
malcolm,3.652360937978157e-05
visvi,3.652360937978157e-05
cin,3.652360937978157e-05
scrambl,3.652360937978157e-05
barton,3.6415551363865056e-05
regroup,3.6415551363865056e-05
bow,3.6415551363865056e-05
saint,3.6415551363865056e-05
emr,3.630749334794854e-05
pmin,3.630749334794854e-05
soi,3.630749334794854e-05
iiid,3.619943533203203e-05
frs,3.619943533203203e-05
sia,3.619943533203203e-05
venienc,3.619943533203203e-05
termi,3.619943533203203e-05
isp,3.609137731611551e-05
pedagog,3.609137731611551e-05
hie,3.609137731611551e-05
attest,3.5983319300199e-05
icr,3.5875261284282484e-05
polytechn,3.5875261284282484e-05
dixon,3.5875261284282484e-05
sical,3.5875261284282484e-05
surmis,3.5875261284282484e-05
syn,3.5875261284282484e-05
purcha,3.5875261284282484e-05
exo,3.5875261284282484e-05
piti,3.576720326836597e-05
essarili,3.565914525244946e-05
paternalist,3.565914525244946e-05
alu,3.565914525244946e-05
mir,3.565914525244946e-05
delimit,3.565914525244946e-05
str,3.565914525244946e-05
intem,3.5551087236532945e-05
nottingham,3.5551087236532945e-05
plau,3.5551087236532945e-05
milan,3.5551087236532945e-05
cornerston,3.5551087236532945e-05
joriti,3.5551087236532945e-05
ceipt,3.5551087236532945e-05
junctur,3.544302922061643e-05
cod,3.544302922061643e-05
mkt,3.544302922061643e-05
entireti,3.544302922061643e-05
vise,3.533497120469992e-05
gardless,3.533497120469992e-05
paraphras,3.533497120469992e-05
nas,3.533497120469992e-05
cbi,3.5226913188783405e-05
cautionari,3.5226913188783405e-05
nss,3.5226913188783405e-05
traliz,3.5226913188783405e-05
laurent,3.5226913188783405e-05
mts,3.511885517286689e-05
psa,3.511885517286689e-05
plementari,3.511885517286689e-05
thie,3.511885517286689e-05
twentytwo,3.511885517286689e-05
unidimension,3.501079715695038e-05
dictabl,3.501079715695038e-05
ima,3.501079715695038e-05
tober,3.501079715695038e-05
jos,3.501079715695038e-05
congruent,3.501079715695038e-05
jam,3.501079715695038e-05
tsi,3.4902739141033866e-05
ida,3.4902739141033866e-05
tow,3.4902739141033866e-05
giorgio,3.4902739141033866e-05
vill,3.4902739141033866e-05
ttc,3.4902739141033866e-05
broadest,3.4902739141033866e-05
rightmost,3.479468112511735e-05
lxiii,3.479468112511735e-05
unattain,3.468662310920084e-05
cci,3.468662310920084e-05
bol,3.468662310920084e-05
ddd,3.468662310920084e-05
recogniz,3.468662310920084e-05
alain,3.468662310920084e-05
vember,3.457856509328433e-05
autarchi,3.4470507077367814e-05
looser,3.4470507077367814e-05
rever,3.4470507077367814e-05
matt,3.4470507077367814e-05
concep,3.4470507077367814e-05
oft,3.4362449061451294e-05
rosa,3.4362449061451294e-05
ruari,3.425439104553478e-05
lxxv,3.425439104553478e-05
sch,3.425439104553478e-05
lytic,3.425439104553478e-05
hyper,3.414633302961827e-05
nguyen,3.4038275013701755e-05
dsl,3.4038275013701755e-05
inse,3.4038275013701755e-05
cfl,3.4038275013701755e-05
cco,3.4038275013701755e-05
terion,3.4038275013701755e-05
conjec,3.4038275013701755e-05
ceptual,3.4038275013701755e-05
beha,3.393021699778524e-05
lowerqu,3.393021699778524e-05
modifica,3.382215898186873e-05
impr,3.382215898186873e-05
lec,3.382215898186873e-05
mutati,3.382215898186873e-05
crux,3.382215898186873e-05
tall,3.3714100965952215e-05
undetect,3.3714100965952215e-05
marketdetermin,3.3714100965952215e-05
unlucki,3.3714100965952215e-05
ficulti,3.3714100965952215e-05
sore,3.3714100965952215e-05
reorder,3.36060429500357e-05
jorg,3.36060429500357e-05
dou,3.349798493411919e-05
wen,3.349798493411919e-05
plausi,3.3389926918202676e-05
higgin,3.3389926918202676e-05
revenueshar,3.3389926918202676e-05
mcclelland,3.3389926918202676e-05
aac,3.328186890228616e-05
cao,3.317381088636965e-05
woodward,3.317381088636965e-05
microeco,3.317381088636965e-05
leonardo,3.317381088636965e-05
mediocr,3.317381088636965e-05
ste,3.2957694854536624e-05
unnatur,3.2957694854536624e-05
prc,3.2957694854536624e-05
golf,3.2957694854536624e-05
parenthet,3.2957694854536624e-05
coarser,3.2957694854536624e-05
dma,3.2957694854536624e-05
alphabet,3.284963683862011e-05
lxxvi,3.284963683862011e-05
lindsay,3.284963683862011e-05
uptod,3.284963683862011e-05
sophisti,3.284963683862011e-05
optimiza,3.274157882270359e-05
lxxiii,3.274157882270359e-05
succ,3.274157882270359e-05
operation,3.274157882270359e-05
sfe,3.263352080678708e-05
abe,3.263352080678708e-05
sah,3.263352080678708e-05
noncompet,3.263352080678708e-05
clo,3.263352080678708e-05
cup,3.263352080678708e-05
misplac,3.2525462790870565e-05
difficul,3.2525462790870565e-05
anon,3.2525462790870565e-05
flb,3.2525462790870565e-05
ccd,3.241740477495405e-05
sul,3.241740477495405e-05
rolf,3.241740477495405e-05
shar,3.241740477495405e-05
ccs,3.241740477495405e-05
selfcontain,3.230934675903754e-05
lxxii,3.230934675903754e-05
hec,3.230934675903754e-05
pcl,3.2201288743121026e-05
mosh,3.2201288743121026e-05
thle,3.2201288743121026e-05
logu,3.2201288743121026e-05
mutandi,3.2201288743121026e-05
reuter,3.209323072720451e-05
adc,3.209323072720451e-05
athen,3.209323072720451e-05
crit,3.1985172711288e-05
sky,3.1985172711288e-05
ator,3.1985172711288e-05
reaffirm,3.1985172711288e-05
linger,3.1985172711288e-05
fixedcost,3.1985172711288e-05
anton,3.1985172711288e-05
legend,3.1985172711288e-05
streamlin,3.1877114695371486e-05
cfc,3.1877114695371486e-05
disad,3.1877114695371486e-05
timeless,3.1877114695371486e-05
practi,3.1877114695371486e-05
benoit,3.176905667945497e-05
percep,3.176905667945497e-05
felix,3.166099866353846e-05
evapor,3.166099866353846e-05
mckean,3.166099866353846e-05
contenti,3.155294064762195e-05
referenc,3.155294064762195e-05
palo,3.155294064762195e-05
wari,3.155294064762195e-05
ker,3.1444882631705434e-05
sba,3.1444882631705434e-05
frm,3.1444882631705434e-05
tai,3.1444882631705434e-05
preview,3.1444882631705434e-05
mao,3.133682461578892e-05
tab,3.133682461578892e-05
oneunit,3.122876659987241e-05
giv,3.122876659987241e-05
rpe,3.122876659987241e-05
octo,3.122876659987241e-05
knut,3.122876659987241e-05
plementar,3.122876659987241e-05
forfeit,3.122876659987241e-05
timeperiod,3.1120708583955895e-05
abba,3.1120708583955895e-05
cializ,3.1120708583955895e-05
wic,3.1120708583955895e-05
hes,3.1120708583955895e-05
chester,3.1120708583955895e-05
hir,3.1120708583955895e-05
subindex,3.1012650568039375e-05
postu,3.1012650568039375e-05
justi,3.1012650568039375e-05
disk,3.1012650568039375e-05
oeo,3.090459255212286e-05
kan,3.090459255212286e-05
waiv,3.090459255212286e-05
lxviii,3.090459255212286e-05
sylvania,3.090459255212286e-05
supe,3.079653453620635e-05
californiaberkeley,3.079653453620635e-05
mel,3.079653453620635e-05
nij,3.079653453620635e-05
dox,3.079653453620635e-05
arn,3.079653453620635e-05
bee,3.079653453620635e-05
scratch,3.079653453620635e-05
ino,3.0688476520289836e-05
codifi,3.0688476520289836e-05
layout,3.058041850437332e-05
cce,3.058041850437332e-05
dodg,3.058041850437332e-05
dad,3.058041850437332e-05
spawn,3.058041850437332e-05
tibor,3.058041850437332e-05
minish,3.058041850437332e-05
irrel,3.058041850437332e-05
noncon,3.047236048845681e-05
srt,3.047236048845681e-05
onefactor,3.047236048845681e-05
imbed,3.047236048845681e-05
thicker,3.0364302472540297e-05
phys,3.0364302472540297e-05
bower,3.0364302472540297e-05
twopoint,3.0364302472540297e-05
labori,3.0364302472540297e-05
eir,3.0256244456623783e-05
ogniz,3.0256244456623783e-05
bds,3.0256244456623783e-05
ccp,3.014818644070727e-05
junction,3.014818644070727e-05
cnn,3.0040128424790757e-05
penultim,3.0040128424790757e-05
broadbas,3.0040128424790757e-05
bun,3.0040128424790757e-05
eso,3.0040128424790757e-05
nev,3.0040128424790757e-05
spear,3.0040128424790757e-05
nce,2.9932070408874244e-05
scs,2.9932070408874244e-05
wca,2.9932070408874244e-05
acd,2.9932070408874244e-05
mayo,2.9932070408874244e-05
gra,2.9932070408874244e-05
comprehen,2.9932070408874244e-05
dei,2.9932070408874244e-05
fpl,2.9824012392957728e-05
basqu,2.9824012392957728e-05
cei,2.9824012392957728e-05
burt,2.9824012392957728e-05
isr,2.9715954377041215e-05
recapitul,2.9715954377041215e-05
hbs,2.9715954377041215e-05
stc,2.9715954377041215e-05
fay,2.9715954377041215e-05
rfi,2.9715954377041215e-05
unnot,2.96078963611247e-05
carey,2.96078963611247e-05
stract,2.96078963611247e-05
nonclass,2.96078963611247e-05
sos,2.949983834520819e-05
unam,2.949983834520819e-05
begg,2.949983834520819e-05
eam,2.949983834520819e-05
mogen,2.949983834520819e-05
una,2.949983834520819e-05
cou,2.949983834520819e-05
transmi,2.9391780329291675e-05
ploit,2.9391780329291675e-05
julius,2.9391780329291675e-05
feasi,2.9391780329291675e-05
travers,2.9391780329291675e-05
distract,2.9391780329291675e-05
irc,2.9283722313375162e-05
rion,2.9283722313375162e-05
externali,2.9283722313375162e-05
reser,2.917566429745865e-05
westview,2.917566429745865e-05
rfs,2.9067606281542136e-05
instanta,2.9067606281542136e-05
priceelast,2.9067606281542136e-05
tol,2.9067606281542136e-05
iss,2.9067606281542136e-05
ier,2.9067606281542136e-05
vhs,2.9067606281542136e-05
ile,2.9067606281542136e-05
finest,2.9067606281542136e-05
upcom,2.9067606281542136e-05
trarili,2.895954826562562e-05
fab,2.895954826562562e-05
joachim,2.895954826562562e-05
contempo,2.895954826562562e-05
lxxxii,2.895954826562562e-05
statistik,2.8851490249709107e-05
punch,2.8851490249709107e-05
christi,2.8851490249709107e-05
moran,2.8851490249709107e-05
woodrow,2.8743432233792594e-05
arid,2.8743432233792594e-05
tractiv,2.8743432233792594e-05
lxxvii,2.8743432233792594e-05
acrosstheboard,2.8743432233792594e-05
unconnect,2.863537421787608e-05
jectur,2.863537421787608e-05
brate,2.863537421787608e-05
higherlevel,2.863537421787608e-05
lxxxiii,2.863537421787608e-05
implemen,2.863537421787608e-05
tivat,2.863537421787608e-05
reinstat,2.863537421787608e-05
tainabl,2.8527316201959567e-05
numeri,2.8527316201959567e-05
helm,2.8527316201959567e-05
rse,2.8527316201959567e-05
tum,2.8527316201959567e-05
wellfunct,2.8419258186043054e-05
bang,2.8419258186043054e-05
unsophist,2.8419258186043054e-05
erb,2.8419258186043054e-05
doublecount,2.831120017012654e-05
elliot,2.831120017012654e-05
bucket,2.831120017012654e-05
carolyn,2.831120017012654e-05
dave,2.831120017012654e-05
kete,2.831120017012654e-05
feld,2.831120017012654e-05
pew,2.831120017012654e-05
randi,2.8203142154210028e-05
possibili,2.8203142154210028e-05
lthe,2.8203142154210028e-05
indepth,2.8203142154210028e-05
lxxviii,2.8095084138293512e-05
upperbound,2.8095084138293512e-05
phl,2.8095084138293512e-05
entic,2.8095084138293512e-05
troduct,2.8095084138293512e-05
febru,2.7987026122377e-05
econonm,2.7987026122377e-05
prom,2.7987026122377e-05
heinemann,2.7987026122377e-05
gee,2.7987026122377e-05
fms,2.7987026122377e-05
meta,2.7987026122377e-05
econometri,2.7878968106460486e-05
necessar,2.7878968106460486e-05
mus,2.7878968106460486e-05
puc,2.7878968106460486e-05
razor,2.7770910090543973e-05
carleton,2.7770910090543973e-05
unidirect,2.7770910090543973e-05
martinez,2.7770910090543973e-05
erwis,2.766285207462746e-05
rick,2.766285207462746e-05
elia,2.766285207462746e-05
steepen,2.766285207462746e-05
mehta,2.766285207462746e-05
ssb,2.766285207462746e-05
conti,2.766285207462746e-05
sandwich,2.766285207462746e-05
msp,2.7554794058710946e-05
noninform,2.7554794058710946e-05
itb,2.7554794058710946e-05
wade,2.7446736042794433e-05
strictiv,2.7446736042794433e-05
burgeon,2.7446736042794433e-05
simmon,2.7446736042794433e-05
wve,2.7446736042794433e-05
lxxxi,2.733867802687792e-05
foreshadow,2.733867802687792e-05
lxxix,2.733867802687792e-05
mei,2.733867802687792e-05
cop,2.7230620010961404e-05
quential,2.7230620010961404e-05
contagi,2.7230620010961404e-05
capa,2.7230620010961404e-05
kegan,2.7230620010961404e-05
dre,2.712256199504489e-05
accep,2.712256199504489e-05
nervous,2.712256199504489e-05
conom,2.712256199504489e-05
preparatori,2.712256199504489e-05
overpay,2.712256199504489e-05
bern,2.712256199504489e-05
allornoth,2.7014503979128378e-05
newslett,2.7014503979128378e-05
janu,2.7014503979128378e-05
vid,2.7014503979128378e-05
tyler,2.7014503979128378e-05
ioc,2.6906445963211865e-05
ivo,2.6906445963211865e-05
ono,2.6906445963211865e-05
sio,2.6906445963211865e-05
hind,2.6906445963211865e-05
templat,2.6906445963211865e-05
alti,2.6906445963211865e-05
thinner,2.6906445963211865e-05
tlhe,2.6906445963211865e-05
bologna,2.6906445963211865e-05
orat,2.679838794729535e-05
shah,2.679838794729535e-05
cade,2.679838794729535e-05
lex,2.679838794729535e-05
accommo,2.679838794729535e-05
pointless,2.679838794729535e-05
lxxxvii,2.679838794729535e-05
readabl,2.669032993137884e-05
tdiscuss,2.669032993137884e-05
tine,2.669032993137884e-05
kai,2.669032993137884e-05
roma,2.669032993137884e-05
tha,2.669032993137884e-05
termedi,2.669032993137884e-05
betteroff,2.669032993137884e-05
hid,2.669032993137884e-05
zeroon,2.669032993137884e-05
intui,2.669032993137884e-05
ledg,2.6582271915462325e-05
rtw,2.6582271915462325e-05
wick,2.6582271915462325e-05
contro,2.6474213899545812e-05
sophi,2.6474213899545812e-05
periodi,2.6474213899545812e-05
clutter,2.6366155883629296e-05
pietro,2.6366155883629296e-05
imize,2.6366155883629296e-05
pdv,2.6366155883629296e-05
lel,2.6366155883629296e-05
vival,2.6258097867712783e-05
gete,2.6258097867712783e-05
fection,2.6258097867712783e-05
illustra,2.615003985179627e-05
decoupl,2.615003985179627e-05
cid,2.615003985179627e-05
lid,2.615003985179627e-05
ado,2.6041981835879757e-05
interdepen,2.6041981835879757e-05
jeanpierr,2.6041981835879757e-05
ingram,2.6041981835879757e-05
ifc,2.6041981835879757e-05
mjt,2.5933923819963243e-05
cpr,2.5933923819963243e-05
seoul,2.5933923819963243e-05
dame,2.5933923819963243e-05
ney,2.5933923819963243e-05
ane,2.5933923819963243e-05
wai,2.5933923819963243e-05
empiricist,2.582586580404673e-05
primer,2.582586580404673e-05
viola,2.582586580404673e-05
cro,2.582586580404673e-05
multan,2.582586580404673e-05
perus,2.582586580404673e-05
wwi,2.582586580404673e-05
twentyfirst,2.582586580404673e-05
sem,2.5717807788130217e-05
predomi,2.5717807788130217e-05
interd,2.5717807788130217e-05
hogan,2.5717807788130217e-05
imperfec,2.5717807788130217e-05
acad,2.5717807788130217e-05
publicpriv,2.56097497722137e-05
ommend,2.56097497722137e-05
xciv,2.56097497722137e-05
tabular,2.56097497722137e-05
meredith,2.56097497722137e-05
gay,2.56097497722137e-05
noneth,2.5501691756297188e-05
adap,2.5501691756297188e-05
moot,2.5501691756297188e-05
isa,2.5501691756297188e-05
backup,2.5501691756297188e-05
surmount,2.5501691756297188e-05
lxxxiv,2.5501691756297188e-05
auf,2.5501691756297188e-05
inr,2.5393633740380675e-05
anda,2.5393633740380675e-05
undon,2.5393633740380675e-05
maj,2.5393633740380675e-05
pricechang,2.5393633740380675e-05
sme,2.5393633740380675e-05
fas,2.5393633740380675e-05
lowerlevel,2.5393633740380675e-05
peal,2.528557572446416e-05
incompar,2.528557572446416e-05
anniversari,2.528557572446416e-05
crb,2.528557572446416e-05
strik,2.517751770854765e-05
mich,2.517751770854765e-05
tach,2.517751770854765e-05
benham,2.517751770854765e-05
hallmark,2.517751770854765e-05
liam,2.5069459692631135e-05
sct,2.5069459692631135e-05
boi,2.5069459692631135e-05
xcviii,2.5069459692631135e-05
typea,2.5069459692631135e-05
altem,2.5069459692631135e-05
ach,2.4961401676714622e-05
newest,2.4961401676714622e-05
cse,2.4961401676714622e-05
vania,2.4961401676714622e-05
symptomat,2.4961401676714622e-05
hwang,2.485334366079811e-05
schuster,2.485334366079811e-05
hoo,2.485334366079811e-05
bounc,2.485334366079811e-05
cte,2.485334366079811e-05
promi,2.485334366079811e-05
nonbas,2.485334366079811e-05
eda,2.485334366079811e-05
pca,2.485334366079811e-05
stoni,2.485334366079811e-05
cdd,2.485334366079811e-05
lxxxvi,2.4745285644881593e-05
albuquerqu,2.4745285644881593e-05
incomegener,2.4745285644881593e-05
nontarget,2.463722762896508e-05
reviewv,2.463722762896508e-05
sei,2.463722762896508e-05
vativ,2.463722762896508e-05
nolan,2.463722762896508e-05
tfr,2.463722762896508e-05
signi,2.463722762896508e-05
pred,2.463722762896508e-05
noon,2.463722762896508e-05
pel,2.463722762896508e-05
unaf,2.4529169613048567e-05
coh,2.4529169613048567e-05
esc,2.4529169613048567e-05
resnick,2.4529169613048567e-05
cmc,2.4529169613048567e-05
lxxxv,2.4529169613048567e-05
tandem,2.4529169613048567e-05
depar,2.4529169613048567e-05
hasti,2.4529169613048567e-05
nhi,2.4529169613048567e-05
tmax,2.4529169613048567e-05
equals,2.4529169613048567e-05
ertheless,2.4529169613048567e-05
ualli,2.4529169613048567e-05
movabl,2.4421111597132054e-05
crement,2.4421111597132054e-05
cad,2.4421111597132054e-05
vior,2.4421111597132054e-05
hardest,2.4421111597132054e-05
pragu,2.4421111597132054e-05
bcd,2.4421111597132054e-05
eatwel,2.4421111597132054e-05
hale,2.4421111597132054e-05
ceptabl,2.4421111597132054e-05
vor,2.4421111597132054e-05
eras,2.4421111597132054e-05
bling,2.431305358121554e-05
mss,2.431305358121554e-05
meric,2.431305358121554e-05
edf,2.4204995565299027e-05
counterbal,2.4204995565299027e-05
stepbystep,2.4204995565299027e-05
confirmatori,2.4204995565299027e-05
sidiz,2.4204995565299027e-05
misinform,2.4096937549382514e-05
littauer,2.4096937549382514e-05
qol,2.4096937549382514e-05
qualifica,2.4096937549382514e-05
budd,2.4096937549382514e-05
srp,2.4096937549382514e-05
repel,2.4096937549382514e-05
sro,2.4096937549382514e-05
rework,2.4096937549382514e-05
comer,2.3988879533466e-05
prede,2.3988879533466e-05
hereinaft,2.3988879533466e-05
prb,2.3988879533466e-05
brenner,2.3988879533466e-05
addendum,2.3988879533466e-05
ipant,2.3988879533466e-05
anticipa,2.3988879533466e-05
pennsyl,2.3988879533466e-05
bbb,2.3988879533466e-05
ota,2.3880821517549485e-05
bir,2.3880821517549485e-05
rps,2.3880821517549485e-05
kingston,2.3880821517549485e-05
italic,2.3880821517549485e-05
mda,2.3880821517549485e-05
toe,2.3772763501632972e-05
pathbreak,2.3772763501632972e-05
slowest,2.3772763501632972e-05
iar,2.3772763501632972e-05
unintent,2.3772763501632972e-05
elf,2.3772763501632972e-05
wpa,2.366470548571646e-05
nario,2.366470548571646e-05
itu,2.366470548571646e-05
analyti,2.366470548571646e-05
ofp,2.366470548571646e-05
enon,2.366470548571646e-05
birkbeck,2.366470548571646e-05
lili,2.3556647469799946e-05
ccl,2.3556647469799946e-05
superb,2.3556647469799946e-05
rinehart,2.3556647469799946e-05
mullin,2.3556647469799946e-05
naliz,2.3556647469799946e-05
aind,2.3556647469799946e-05
mistic,2.3556647469799946e-05
rrl,2.3448589453883433e-05
triniti,2.3448589453883433e-05
govem,2.3448589453883433e-05
hol,2.3448589453883433e-05
zoo,2.3448589453883433e-05
charlottesvill,2.334053143796692e-05
cfi,2.334053143796692e-05
garrett,2.334053143796692e-05
cdo,2.3232473422050406e-05
plicabl,2.3232473422050406e-05
shs,2.3232473422050406e-05
justifica,2.3232473422050406e-05
unmodel,2.3232473422050406e-05
jorgen,2.3232473422050406e-05
iod,2.3124415406133893e-05
fromn,2.3124415406133893e-05
cipient,2.3124415406133893e-05
allyn,2.3124415406133893e-05
conway,2.3124415406133893e-05
gue,2.3124415406133893e-05
sorb,2.3016357390217377e-05
awa,2.3016357390217377e-05
leftmost,2.3016357390217377e-05
covert,2.3016357390217377e-05
tervent,2.3016357390217377e-05
summit,2.3016357390217377e-05
henrik,2.2908299374300864e-05
forefront,2.2908299374300864e-05
brem,2.2908299374300864e-05
ttp,2.2908299374300864e-05
acta,2.2908299374300864e-05
susann,2.280024135838435e-05
rahman,2.280024135838435e-05
ewe,2.280024135838435e-05
peng,2.280024135838435e-05
dor,2.280024135838435e-05
reer,2.280024135838435e-05
nontechn,2.280024135838435e-05
pus,2.2692183342467838e-05
plethora,2.2692183342467838e-05
reliant,2.2692183342467838e-05
crc,2.2692183342467838e-05
neth,2.2692183342467838e-05
bjt,2.2584125326551325e-05
wander,2.2584125326551325e-05
groningen,2.2584125326551325e-05
decrement,2.2584125326551325e-05
hjb,2.2584125326551325e-05
arent,2.2584125326551325e-05
firstgener,2.2584125326551325e-05
outputbas,2.2584125326551325e-05
kee,2.247606731063481e-05
ald,2.247606731063481e-05
timer,2.247606731063481e-05
evennumb,2.247606731063481e-05
wellspecifi,2.247606731063481e-05
cular,2.247606731063481e-05
nextbest,2.23680092947183e-05
gandhi,2.23680092947183e-05
oss,2.23680092947183e-05
teria,2.23680092947183e-05
lls,2.23680092947183e-05
eag,2.2259951278801782e-05
bro,2.2259951278801782e-05
urnal,2.2259951278801782e-05
stateoftheart,2.2259951278801782e-05
marcelo,2.2259951278801782e-05
lux,2.2259951278801782e-05
consensu,2.2259951278801782e-05
plh,2.215189326288527e-05
quiri,2.215189326288527e-05
periodtwo,2.215189326288527e-05
orm,2.215189326288527e-05
ecl,2.2043835246968756e-05
redo,2.2043835246968756e-05
trr,2.2043835246968756e-05
acq,2.2043835246968756e-05
exami,2.2043835246968756e-05
sert,2.2043835246968756e-05
anymor,2.2043835246968756e-05
diversi,2.2043835246968756e-05
exterior,2.2043835246968756e-05
subsec,2.2043835246968756e-05
brett,2.2043835246968756e-05
asymm,2.2043835246968756e-05
rex,2.2043835246968756e-05
hut,2.1935777231052243e-05
sampson,2.1935777231052243e-05
ubc,2.1935777231052243e-05
fortyf,2.1935777231052243e-05
crest,2.1935777231052243e-05
demandsuppli,2.1935777231052243e-05
adb,2.1935777231052243e-05
ned,2.1935777231052243e-05
tious,2.1935777231052243e-05
wolfson,2.1935777231052243e-05
thirtytwo,2.1935777231052243e-05
reali,2.1935777231052243e-05
midsiz,2.182771921513573e-05
rad,2.182771921513573e-05
tian,2.182771921513573e-05
ticat,2.1719661199219217e-05
brandei,2.1719661199219217e-05
berkowitz,2.1719661199219217e-05
vig,2.1719661199219217e-05
helmut,2.1719661199219217e-05
locust,2.1719661199219217e-05
awe,2.1719661199219217e-05
secondround,2.1719661199219217e-05
rupt,2.1719661199219217e-05
vaughan,2.1719661199219217e-05
fidel,2.1611603183302703e-05
volker,2.1611603183302703e-05
benefi,2.1611603183302703e-05
plummet,2.1611603183302703e-05
cvd,2.150354516738619e-05
reson,2.150354516738619e-05
cha,2.150354516738619e-05
weiner,2.150354516738619e-05
cile,2.150354516738619e-05
multilevel,2.150354516738619e-05
encom,2.150354516738619e-05
buckley,2.150354516738619e-05
unnec,2.1395487151469674e-05
equidist,2.1395487151469674e-05
noi,2.1395487151469674e-05
prh,2.1395487151469674e-05
trum,2.128742913555316e-05
ging,2.128742913555316e-05
shrunk,2.128742913555316e-05
eem,2.128742913555316e-05
asymmet,2.128742913555316e-05
mathstrutbbb,2.128742913555316e-05
thirtysix,2.128742913555316e-05
blush,2.128742913555316e-05
gilman,2.1179371119636648e-05
luc,2.1179371119636648e-05
petersburg,2.1179371119636648e-05
nomenclatur,2.1179371119636648e-05
lentli,2.1179371119636648e-05
iwa,2.1179371119636648e-05
avc,2.1179371119636648e-05
teller,2.1179371119636648e-05
cheltenham,2.1179371119636648e-05
ime,2.1179371119636648e-05
portrait,2.1179371119636648e-05
nwt,2.1071313103720135e-05
ole,2.1071313103720135e-05
nient,2.1071313103720135e-05
predispos,2.1071313103720135e-05
versatil,2.1071313103720135e-05
ipc,2.1071313103720135e-05
brad,2.1071313103720135e-05
cel,2.1071313103720135e-05
csc,2.096325508780362e-05
epb,2.096325508780362e-05
impressionist,2.096325508780362e-05
pensiv,2.096325508780362e-05
winkler,2.096325508780362e-05
ead,2.096325508780362e-05
mnemon,2.096325508780362e-05
wie,2.096325508780362e-05
sung,2.096325508780362e-05
grt,2.096325508780362e-05
bruxell,2.096325508780362e-05
dissect,2.096325508780362e-05
gar,2.096325508780362e-05
rds,2.085519707188711e-05
alenc,2.085519707188711e-05
turnbul,2.085519707188711e-05
uid,2.085519707188711e-05
preci,2.085519707188711e-05
eus,2.085519707188711e-05
macarthur,2.085519707188711e-05
ffa,2.085519707188711e-05
mav,2.085519707188711e-05
rsr,2.085519707188711e-05
scarcer,2.0747139055970595e-05
millan,2.0747139055970595e-05
sing,2.0747139055970595e-05
hor,2.0747139055970595e-05
norma,2.0747139055970595e-05
harwood,2.0747139055970595e-05
hon,2.0747139055970595e-05
agg,2.0747139055970595e-05
hdi,2.0747139055970595e-05
welfareenhanc,2.0747139055970595e-05
yesno,2.0747139055970595e-05
exot,2.0747139055970595e-05
unapp,2.0639081040054082e-05
smax,2.0639081040054082e-05
conflat,2.0639081040054082e-05
exposi,2.0639081040054082e-05
psm,2.0639081040054082e-05
terl,2.0639081040054082e-05
castro,2.0531023024137566e-05
yair,2.0531023024137566e-05
undisturb,2.0531023024137566e-05
driv,2.0531023024137566e-05
wth,2.0531023024137566e-05
wim,2.0531023024137566e-05
turb,2.0422965008221053e-05
rousseau,2.0422965008221053e-05
bertil,2.0422965008221053e-05
pon,2.0422965008221053e-05
ick,2.0422965008221053e-05
oddnumb,2.031490699230454e-05
prune,2.031490699230454e-05
backdrop,2.031490699230454e-05
heinz,2.031490699230454e-05
impossi,2.031490699230454e-05
augustin,2.031490699230454e-05
outnumb,2.0206848976388027e-05
phh,2.0206848976388027e-05
selfreinforc,2.0206848976388027e-05
prescrip,2.0206848976388027e-05
bestknown,2.0206848976388027e-05
oln,2.0206848976388027e-05
prm,2.0206848976388027e-05
enquir,2.0206848976388027e-05
rui,2.0206848976388027e-05
arith,2.0206848976388027e-05
groundwork,2.0098790960471514e-05
ioa,2.0098790960471514e-05
noncom,2.0098790960471514e-05
sett,2.0098790960471514e-05
llc,2.0098790960471514e-05
soni,2.0098790960471514e-05
inop,2.0098790960471514e-05
lnm,2.0098790960471514e-05
lxxxix,1.9990732944555e-05
averagecost,1.9990732944555e-05
disqualifi,1.9990732944555e-05
hem,1.9990732944555e-05
wor,1.9990732944555e-05
dos,1.9990732944555e-05
kurt,1.9990732944555e-05
rfl,1.9990732944555e-05
sfb,1.9990732944555e-05
politica,1.9990732944555e-05
stron,1.9990732944555e-05
nale,1.9882674928638487e-05
sven,1.9882674928638487e-05
monash,1.9882674928638487e-05
centro,1.9882674928638487e-05
ola,1.9882674928638487e-05
fetch,1.9882674928638487e-05
sac,1.9882674928638487e-05
yer,1.9882674928638487e-05
rum,1.9882674928638487e-05
presenta,1.9882674928638487e-05
urbanachampaign,1.9774616912721974e-05
csp,1.9774616912721974e-05
cmm,1.9774616912721974e-05
bau,1.9774616912721974e-05
broadway,1.9774616912721974e-05
stration,1.9774616912721974e-05
strom,1.9774616912721974e-05
massa,1.9774616912721974e-05
desig,1.9666558896805458e-05
jung,1.9666558896805458e-05
sco,1.9666558896805458e-05
predisposit,1.9666558896805458e-05
flesh,1.9666558896805458e-05
mcr,1.9666558896805458e-05
iiiii,1.9558500880888945e-05
noy,1.9558500880888945e-05
oot,1.9558500880888945e-05
tam,1.9558500880888945e-05
nonindepend,1.9558500880888945e-05
rag,1.9558500880888945e-05
astray,1.9558500880888945e-05
pisa,1.9558500880888945e-05
pch,1.9558500880888945e-05
lxxxviii,1.9558500880888945e-05
cvs,1.9558500880888945e-05
econiom,1.9558500880888945e-05
rieti,1.9558500880888945e-05
nonex,1.9558500880888945e-05
busch,1.9450442864972432e-05
tutabl,1.9450442864972432e-05
nonoper,1.9450442864972432e-05
bma,1.9450442864972432e-05
tangl,1.9450442864972432e-05
glect,1.9450442864972432e-05
complica,1.9450442864972432e-05
eoc,1.9450442864972432e-05
uncommit,1.9450442864972432e-05
periodon,1.9450442864972432e-05
landau,1.9450442864972432e-05
gine,1.9450442864972432e-05
payback,1.9450442864972432e-05
finetun,1.9450442864972432e-05
famil,1.934238484905592e-05
cisco,1.934238484905592e-05
inant,1.934238484905592e-05
hung,1.934238484905592e-05
nell,1.934238484905592e-05
wft,1.934238484905592e-05
joann,1.9234326833139406e-05
trun,1.9234326833139406e-05
rch,1.9234326833139406e-05
conser,1.9234326833139406e-05
metic,1.9234326833139406e-05
milano,1.9234326833139406e-05
discour,1.9234326833139406e-05
inexact,1.9234326833139406e-05
rac,1.9234326833139406e-05
pinto,1.9234326833139406e-05
soa,1.9126268817222893e-05
fabl,1.9126268817222893e-05
quarterlyjourn,1.9126268817222893e-05
anld,1.9126268817222893e-05
boldfac,1.9126268817222893e-05
sensus,1.9126268817222893e-05
misstat,1.9126268817222893e-05
nonin,1.901821080130638e-05
blown,1.901821080130638e-05
selfexplanatori,1.901821080130638e-05
aig,1.901821080130638e-05
adm,1.901821080130638e-05
fork,1.901821080130638e-05
rib,1.901821080130638e-05
wid,1.901821080130638e-05
isc,1.901821080130638e-05
erich,1.901821080130638e-05
tiie,1.901821080130638e-05
naylor,1.8910152785389866e-05
costof,1.8910152785389866e-05
chc,1.8910152785389866e-05
psl,1.8910152785389866e-05
fulbright,1.8910152785389866e-05
eeo,1.8910152785389866e-05
kimber,1.8910152785389866e-05
undat,1.8910152785389866e-05
furthest,1.8910152785389866e-05
wand,1.8910152785389866e-05
antoin,1.880209476947335e-05
rupert,1.880209476947335e-05
macrolevel,1.880209476947335e-05
enor,1.880209476947335e-05
belmont,1.880209476947335e-05
ife,1.880209476947335e-05
bie,1.880209476947335e-05
bout,1.880209476947335e-05
emori,1.880209476947335e-05
vene,1.880209476947335e-05
burgh,1.880209476947335e-05
alyz,1.880209476947335e-05
elk,1.8694036753556837e-05
prelud,1.8694036753556837e-05
iiie,1.8694036753556837e-05
mcgill,1.8694036753556837e-05
pga,1.8694036753556837e-05
dio,1.8694036753556837e-05
lyn,1.8694036753556837e-05
nonpubl,1.8694036753556837e-05
afor,1.8694036753556837e-05
thenc,1.8585978737640324e-05
ercis,1.8585978737640324e-05
nienc,1.8585978737640324e-05
ciii,1.8585978737640324e-05
ura,1.8585978737640324e-05
hop,1.8585978737640324e-05
elud,1.8585978737640324e-05
gjt,1.8585978737640324e-05
tiger,1.8585978737640324e-05
oriti,1.8585978737640324e-05
ogous,1.847792072172381e-05
mol,1.847792072172381e-05
casebycas,1.847792072172381e-05
perior,1.847792072172381e-05
inspec,1.847792072172381e-05
franoi,1.847792072172381e-05
epw,1.847792072172381e-05
ssc,1.847792072172381e-05
configura,1.847792072172381e-05
cig,1.8369862705807298e-05
bcs,1.8369862705807298e-05
lysi,1.8369862705807298e-05
jule,1.8369862705807298e-05
nct,1.8369862705807298e-05
xve,1.8369862705807298e-05
kathi,1.8369862705807298e-05
sha,1.8369862705807298e-05
kirk,1.8369862705807298e-05
cfo,1.8261804689890784e-05
nts,1.8261804689890784e-05
fordham,1.8261804689890784e-05
nationalokonomi,1.8261804689890784e-05
cmr,1.8261804689890784e-05
untru,1.8261804689890784e-05
chin,1.8261804689890784e-05
alessandra,1.8261804689890784e-05
farfetch,1.815374667397427e-05
anat,1.815374667397427e-05
sfi,1.815374667397427e-05
unwieldi,1.815374667397427e-05
mckay,1.815374667397427e-05
hewitt,1.815374667397427e-05
pwl,1.815374667397427e-05
ich,1.815374667397427e-05
rbb,1.815374667397427e-05
parlanc,1.815374667397427e-05
twentyeight,1.8045688658057755e-05
cqc,1.8045688658057755e-05
keeper,1.8045688658057755e-05
apv,1.8045688658057755e-05
unmanag,1.8045688658057755e-05
bernardo,1.8045688658057755e-05
jenni,1.8045688658057755e-05
uce,1.8045688658057755e-05
dnb,1.7937630642141242e-05
wiseman,1.7937630642141242e-05
gloss,1.7937630642141242e-05
itera,1.7937630642141242e-05
priation,1.7937630642141242e-05
csd,1.7937630642141242e-05
jolla,1.782957262622473e-05
sussex,1.782957262622473e-05
monro,1.782957262622473e-05
owl,1.782957262622473e-05
pbc,1.782957262622473e-05
universita,1.782957262622473e-05
mam,1.782957262622473e-05
patch,1.782957262622473e-05
bms,1.782957262622473e-05
vul,1.782957262622473e-05
bere,1.782957262622473e-05
plc,1.782957262622473e-05
exemplari,1.782957262622473e-05
koh,1.7721514610308216e-05
cxii,1.7721514610308216e-05
cno,1.7721514610308216e-05
mcintosh,1.7721514610308216e-05
logan,1.7721514610308216e-05
oon,1.7721514610308216e-05
gaston,1.7613456594391703e-05
bloomfield,1.7613456594391703e-05
hei,1.7613456594391703e-05
rrp,1.7613456594391703e-05
pink,1.7613456594391703e-05
enr,1.7613456594391703e-05
sfs,1.7613456594391703e-05
giacomo,1.7613456594391703e-05
sthe,1.750539857847519e-05
infr,1.750539857847519e-05
legiti,1.750539857847519e-05
inaccess,1.750539857847519e-05
uncontroversi,1.750539857847519e-05
fash,1.750539857847519e-05
wmin,1.750539857847519e-05
californialo,1.750539857847519e-05
pho,1.750539857847519e-05
farthest,1.750539857847519e-05
costlier,1.750539857847519e-05
wesleyan,1.750539857847519e-05
alexandr,1.750539857847519e-05
trickl,1.7397340562558676e-05
archetyp,1.7397340562558676e-05
thc,1.7397340562558676e-05
oneoff,1.7397340562558676e-05
cda,1.7397340562558676e-05
spr,1.7397340562558676e-05
gos,1.7289282546642163e-05
explora,1.7289282546642163e-05
lian,1.7289282546642163e-05
undi,1.7289282546642163e-05
prospec,1.7289282546642163e-05
equilibri,1.7289282546642163e-05
xcvii,1.7289282546642163e-05
nap,1.7289282546642163e-05
sterdam,1.7289282546642163e-05
lhe,1.7289282546642163e-05
ros,1.7289282546642163e-05
tinuum,1.7289282546642163e-05
roug,1.7289282546642163e-05
encoun,1.7289282546642163e-05
sej,1.7181224530725647e-05
exe,1.7181224530725647e-05
delv,1.7181224530725647e-05
folklor,1.7181224530725647e-05
anneal,1.7181224530725647e-05
eck,1.7181224530725647e-05
fos,1.7181224530725647e-05
dfe,1.7181224530725647e-05
recombin,1.7073166514809134e-05
iig,1.7073166514809134e-05
madsen,1.7073166514809134e-05
cpc,1.7073166514809134e-05
undecid,1.7073166514809134e-05
explo,1.7073166514809134e-05
highlow,1.696510849889262e-05
lne,1.696510849889262e-05
svi,1.696510849889262e-05
massachu,1.696510849889262e-05
nonexempt,1.696510849889262e-05
dize,1.696510849889262e-05
backbon,1.696510849889262e-05
noe,1.696510849889262e-05
garey,1.6857050482976108e-05
luci,1.6857050482976108e-05
pers,1.6857050482976108e-05
hhh,1.6857050482976108e-05
alexi,1.6857050482976108e-05
steepest,1.6857050482976108e-05
jayn,1.6748992467059595e-05
mathew,1.6748992467059595e-05
afe,1.6748992467059595e-05
threestat,1.6748992467059595e-05
cham,1.6748992467059595e-05
illu,1.664093445114308e-05
cing,1.664093445114308e-05
reemphas,1.664093445114308e-05
ciplin,1.664093445114308e-05
optimi,1.664093445114308e-05
toc,1.664093445114308e-05
ippolito,1.664093445114308e-05
tuat,1.664093445114308e-05
clara,1.664093445114308e-05
phistic,1.664093445114308e-05
imc,1.664093445114308e-05
partur,1.664093445114308e-05
pseudor,1.664093445114308e-05
ascent,1.653287643522657e-05
rav,1.653287643522657e-05
yaw,1.653287643522657e-05
dinari,1.653287643522657e-05
whos,1.653287643522657e-05
jar,1.653287643522657e-05
elm,1.653287643522657e-05
liveri,1.653287643522657e-05
flexibil,1.653287643522657e-05
noel,1.653287643522657e-05
annot,1.6424818419310055e-05
eno,1.6424818419310055e-05
catchal,1.6424818419310055e-05
dpc,1.6424818419310055e-05
dial,1.6424818419310055e-05
unsati,1.6424818419310055e-05
chaser,1.6424818419310055e-05
schweitzer,1.6424818419310055e-05
vere,1.6424818419310055e-05
nutshel,1.631676040339354e-05
statebyst,1.631676040339354e-05
limb,1.631676040339354e-05
clone,1.631676040339354e-05
nea,1.631676040339354e-05
alist,1.631676040339354e-05
sbt,1.631676040339354e-05
hypotheti,1.631676040339354e-05
naci,1.631676040339354e-05
ecar,1.631676040339354e-05
automati,1.6208702387477026e-05
stf,1.6208702387477026e-05
mun,1.6208702387477026e-05
ilr,1.6208702387477026e-05
rediscov,1.6208702387477026e-05
presump,1.6208702387477026e-05
maci,1.6208702387477026e-05
efa,1.6100644371560513e-05
suni,1.6100644371560513e-05
asser,1.6100644371560513e-05
mileston,1.6100644371560513e-05
hoffmann,1.6100644371560513e-05
olo,1.6100644371560513e-05
ges,1.6100644371560513e-05
schmitt,1.6100644371560513e-05
mess,1.6100644371560513e-05
prelimi,1.6100644371560513e-05
exet,1.6100644371560513e-05
sft,1.6100644371560513e-05
johan,1.6100644371560513e-05
ihr,1.6100644371560513e-05
nus,1.6100644371560513e-05
vladimir,1.5992586355644e-05
emerson,1.5992586355644e-05
diw,1.5992586355644e-05
xic,1.5992586355644e-05
wealthmaxim,1.5992586355644e-05
widerang,1.5992586355644e-05
cem,1.5992586355644e-05
ceq,1.5992586355644e-05
wig,1.5992586355644e-05
tuitiv,1.5884528339727487e-05
morrow,1.5884528339727487e-05
fewest,1.5884528339727487e-05
colum,1.5884528339727487e-05
hom,1.5884528339727487e-05
prefix,1.5884528339727487e-05
perez,1.5884528339727487e-05
idiosyncrasi,1.5884528339727487e-05
jct,1.5884528339727487e-05
rbi,1.5884528339727487e-05
xcii,1.5884528339727487e-05
swere,1.5884528339727487e-05
torr,1.5884528339727487e-05
reus,1.5884528339727487e-05
vac,1.5884528339727487e-05
xciii,1.5884528339727487e-05
pbl,1.5884528339727487e-05
subt,1.5776470323810974e-05
iren,1.5776470323810974e-05
jas,1.5776470323810974e-05
vos,1.5776470323810974e-05
insuffi,1.5776470323810974e-05
xpr,1.5776470323810974e-05
luke,1.5776470323810974e-05
remem,1.5776470323810974e-05
humboldt,1.5776470323810974e-05
juxtaposit,1.5776470323810974e-05
bcl,1.5776470323810974e-05
chanic,1.5776470323810974e-05
slc,1.566841230789446e-05
fivepoint,1.566841230789446e-05
prev,1.566841230789446e-05
colinear,1.566841230789446e-05
sshrc,1.566841230789446e-05
obvers,1.566841230789446e-05
untari,1.566841230789446e-05
gere,1.566841230789446e-05
eiu,1.5560354291977947e-05
heter,1.5560354291977947e-05
adept,1.5560354291977947e-05
tlle,1.5560354291977947e-05
bark,1.5560354291977947e-05
denis,1.5560354291977947e-05
principia,1.5560354291977947e-05
disconcert,1.5560354291977947e-05
aldershot,1.5560354291977947e-05
ilan,1.5560354291977947e-05
doo,1.5560354291977947e-05
tce,1.5560354291977947e-05
nomica,1.5560354291977947e-05
cfr,1.545229627606143e-05
snob,1.545229627606143e-05
jansen,1.545229627606143e-05
jefferi,1.545229627606143e-05
sey,1.545229627606143e-05
eliminat,1.545229627606143e-05
logo,1.545229627606143e-05
structiv,1.545229627606143e-05
tcc,1.5344238260144918e-05
sommer,1.5344238260144918e-05
spl,1.5344238260144918e-05
ora,1.5344238260144918e-05
wvith,1.5344238260144918e-05
merous,1.5344238260144918e-05
sheffield,1.5344238260144918e-05
antithet,1.5344238260144918e-05
daunt,1.5344238260144918e-05
rhee,1.5344238260144918e-05
pbr,1.5344238260144918e-05
cml,1.5344238260144918e-05
unim,1.5236180244228405e-05
idr,1.5236180244228405e-05
drf,1.5236180244228405e-05
unfeas,1.5236180244228405e-05
nonequival,1.5236180244228405e-05
toto,1.5236180244228405e-05
workingpap,1.5128122228311892e-05
lace,1.5128122228311892e-05
theamerican,1.5128122228311892e-05
bestpractic,1.5128122228311892e-05
pint,1.5128122228311892e-05
gor,1.5128122228311892e-05
tulat,1.5128122228311892e-05
vickeri,1.5128122228311892e-05
siz,1.5128122228311892e-05
vorabl,1.5128122228311892e-05
wes,1.5128122228311892e-05
recap,1.5020064212395379e-05
mig,1.5020064212395379e-05
impa,1.5020064212395379e-05
separat,1.5020064212395379e-05
marina,1.5020064212395379e-05
taint,1.5020064212395379e-05
miliar,1.5020064212395379e-05
elo,1.5020064212395379e-05
downplay,1.5020064212395379e-05
uum,1.5020064212395379e-05
cdp,1.5020064212395379e-05
wellsuit,1.5020064212395379e-05
corri,1.5020064212395379e-05
supplemen,1.5020064212395379e-05
cident,1.4912006196478864e-05
onepoint,1.4912006196478864e-05
ttf,1.4912006196478864e-05
slim,1.4912006196478864e-05
lom,1.4912006196478864e-05
pone,1.4912006196478864e-05
heim,1.4912006196478864e-05
unveil,1.480394818056235e-05
ascer,1.480394818056235e-05
prelim,1.480394818056235e-05
phs,1.480394818056235e-05
vew,1.480394818056235e-05
leicest,1.480394818056235e-05
stor,1.480394818056235e-05
phia,1.480394818056235e-05
nac,1.480394818056235e-05
hai,1.480394818056235e-05
paral,1.480394818056235e-05
dong,1.480394818056235e-05
charli,1.480394818056235e-05
thirtyfour,1.4695890164645838e-05
telescop,1.4695890164645838e-05
itoh,1.4695890164645838e-05
kirbi,1.4695890164645838e-05
rrs,1.4695890164645838e-05
einaudi,1.4695890164645838e-05
tho,1.4695890164645838e-05
whl,1.4695890164645838e-05
multiplica,1.4695890164645838e-05
rsa,1.4695890164645838e-05
pere,1.4695890164645838e-05
lcs,1.4587832148729325e-05
rns,1.4587832148729325e-05
compro,1.4587832148729325e-05
hui,1.4587832148729325e-05
ocd,1.4587832148729325e-05
uousli,1.4587832148729325e-05
groot,1.4587832148729325e-05
dutton,1.4587832148729325e-05
clog,1.4587832148729325e-05
fronm,1.4587832148729325e-05
mwi,1.4587832148729325e-05
oppenheim,1.447977413281281e-05
rcc,1.447977413281281e-05
cql,1.447977413281281e-05
ftd,1.447977413281281e-05
rou,1.447977413281281e-05
insati,1.447977413281281e-05
mercer,1.447977413281281e-05
delphia,1.447977413281281e-05
blr,1.447977413281281e-05
philadel,1.447977413281281e-05
universitv,1.447977413281281e-05
pergamon,1.4371716116896297e-05
spotmarket,1.4371716116896297e-05
gur,1.4371716116896297e-05
westport,1.4371716116896297e-05
johansson,1.4371716116896297e-05
uch,1.4371716116896297e-05
zigzag,1.4371716116896297e-05
luxemburg,1.4371716116896297e-05
trig,1.4371716116896297e-05
csl,1.4371716116896297e-05
percol,1.4371716116896297e-05
econmica,1.4371716116896297e-05
eer,1.4371716116896297e-05
radii,1.4371716116896297e-05
ortho,1.4263658100979784e-05
ihl,1.4263658100979784e-05
prg,1.4263658100979784e-05
wageprofit,1.4263658100979784e-05
elb,1.4263658100979784e-05
reflec,1.4263658100979784e-05
ultra,1.415560008506327e-05
tulan,1.415560008506327e-05
mintz,1.415560008506327e-05
ctr,1.415560008506327e-05
efect,1.415560008506327e-05
hyde,1.415560008506327e-05
allinclus,1.415560008506327e-05
brack,1.415560008506327e-05
emanuel,1.415560008506327e-05
sandi,1.415560008506327e-05
policyori,1.415560008506327e-05
tinker,1.4047542069146756e-05
wasserman,1.4047542069146756e-05
degen,1.4047542069146756e-05
viia,1.4047542069146756e-05
onedollar,1.4047542069146756e-05
lope,1.4047542069146756e-05
bour,1.4047542069146756e-05
pearanc,1.4047542069146756e-05
tbe,1.4047542069146756e-05
cornwal,1.4047542069146756e-05
goi,1.4047542069146756e-05
oneweek,1.4047542069146756e-05
epd,1.3939484053230243e-05
ving,1.3939484053230243e-05
datta,1.3939484053230243e-05
lemat,1.3939484053230243e-05
kapur,1.3939484053230243e-05
michal,1.3939484053230243e-05
tidi,1.3939484053230243e-05
omo,1.3939484053230243e-05
bce,1.3939484053230243e-05
recommen,1.3939484053230243e-05
stanton,1.3939484053230243e-05
tthe,1.3939484053230243e-05
encapsul,1.3939484053230243e-05
abr,1.3939484053230243e-05
trac,1.3939484053230243e-05
sharma,1.3939484053230243e-05
opc,1.3939484053230243e-05
pollack,1.3939484053230243e-05
fortysix,1.383142603731373e-05
stim,1.383142603731373e-05
ervat,1.383142603731373e-05
ulf,1.383142603731373e-05
costli,1.383142603731373e-05
conjunc,1.383142603731373e-05
boulevard,1.383142603731373e-05
rsp,1.383142603731373e-05
crv,1.383142603731373e-05
ilia,1.383142603731373e-05
norri,1.383142603731373e-05
moe,1.3723368021397217e-05
sra,1.3723368021397217e-05
plaza,1.3723368021397217e-05
demonstra,1.3723368021397217e-05
firmat,1.3723368021397217e-05
histo,1.3723368021397217e-05
supplyanddemand,1.3723368021397217e-05
desideratum,1.3723368021397217e-05
unsign,1.3723368021397217e-05
gerzense,1.3723368021397217e-05
keel,1.3723368021397217e-05
lacuna,1.3723368021397217e-05
oso,1.3723368021397217e-05
underneath,1.3723368021397217e-05
usp,1.3723368021397217e-05
indetermi,1.3723368021397217e-05
versibl,1.3723368021397217e-05
ifb,1.3723368021397217e-05
accompa,1.3723368021397217e-05
gertrud,1.3723368021397217e-05
yilmaz,1.3723368021397217e-05
utilitybas,1.3723368021397217e-05
otm,1.3615310005480702e-05
ough,1.3615310005480702e-05
misestim,1.3615310005480702e-05
rath,1.3615310005480702e-05
cenc,1.3615310005480702e-05
ped,1.3615310005480702e-05
oid,1.3615310005480702e-05
recordkeep,1.3615310005480702e-05
valentin,1.3615310005480702e-05
hanov,1.3615310005480702e-05
vera,1.3615310005480702e-05
dominiqu,1.3507251989564189e-05
agn,1.3507251989564189e-05
lue,1.3507251989564189e-05
piet,1.3507251989564189e-05
ditiv,1.3507251989564189e-05
wss,1.3507251989564189e-05
mathrmln,1.3507251989564189e-05
nonspecif,1.3507251989564189e-05
gorithm,1.3507251989564189e-05
psh,1.3507251989564189e-05
chunk,1.3507251989564189e-05
informationgath,1.3399193973647676e-05
unrecogn,1.3399193973647676e-05
rvalu,1.3399193973647676e-05
solubl,1.3399193973647676e-05
wha,1.3399193973647676e-05
priv,1.3399193973647676e-05
koch,1.3399193973647676e-05
imposi,1.3399193973647676e-05
ofc,1.3399193973647676e-05
bfi,1.3399193973647676e-05
amor,1.3399193973647676e-05
minuscul,1.3399193973647676e-05
bibliograph,1.3399193973647676e-05
strin,1.3399193973647676e-05
pud,1.3399193973647676e-05
holist,1.3399193973647676e-05
radioact,1.3399193973647676e-05
acronym,1.3399193973647676e-05
empt,1.3399193973647676e-05
lof,1.3291135957731163e-05
stapleton,1.3291135957731163e-05
mns,1.3291135957731163e-05
xcv,1.3291135957731163e-05
opportunitycost,1.3291135957731163e-05
decor,1.3291135957731163e-05
mckinsey,1.3291135957731163e-05
rrf,1.3291135957731163e-05
unc,1.3291135957731163e-05
chun,1.3291135957731163e-05
iation,1.3291135957731163e-05
thurston,1.3291135957731163e-05
sms,1.3291135957731163e-05
maital,1.3291135957731163e-05
ake,1.3291135957731163e-05
basecas,1.3291135957731163e-05
xcix,1.3183077941814648e-05
coinci,1.3183077941814648e-05
heav,1.3183077941814648e-05
chusett,1.3183077941814648e-05
jill,1.3183077941814648e-05
wellunderstood,1.3183077941814648e-05
vanguard,1.3183077941814648e-05
nonsystemat,1.3183077941814648e-05
stantiv,1.3183077941814648e-05
sill,1.3075019925898135e-05
myle,1.3075019925898135e-05
croom,1.3075019925898135e-05
frf,1.3075019925898135e-05
beget,1.3075019925898135e-05
irrespec,1.3075019925898135e-05
odo,1.3075019925898135e-05
bss,1.3075019925898135e-05
tize,1.3075019925898135e-05
ius,1.3075019925898135e-05
ssl,1.3075019925898135e-05
inac,1.3075019925898135e-05
tos,1.3075019925898135e-05
rrc,1.3075019925898135e-05
exac,1.2966961909981622e-05
strictest,1.2966961909981622e-05
antd,1.2966961909981622e-05
juxtapos,1.2966961909981622e-05
diss,1.2966961909981622e-05
bui,1.2966961909981622e-05
haust,1.2966961909981622e-05
revealedprefer,1.2966961909981622e-05
slo,1.2966961909981622e-05
rical,1.2966961909981622e-05
tec,1.2966961909981622e-05
nco,1.2966961909981622e-05
wessel,1.2966961909981622e-05
boyc,1.2966961909981622e-05
missibl,1.2966961909981622e-05
nearzero,1.2858903894065109e-05
mcneil,1.2858903894065109e-05
bdi,1.2858903894065109e-05
rcs,1.2858903894065109e-05
spection,1.2858903894065109e-05
dime,1.2858903894065109e-05
vivian,1.2858903894065109e-05
calgari,1.2858903894065109e-05
pcd,1.2858903894065109e-05
deemphas,1.2858903894065109e-05
posur,1.2858903894065109e-05
spu,1.2858903894065109e-05
tuck,1.2858903894065109e-05
lnj,1.2858903894065109e-05
bfl,1.2750845878148594e-05
enti,1.2750845878148594e-05
bln,1.2750845878148594e-05
generali,1.2750845878148594e-05
wps,1.2750845878148594e-05
ston,1.2750845878148594e-05
primi,1.2750845878148594e-05
obliqu,1.2750845878148594e-05
req,1.2750845878148594e-05
preselect,1.2750845878148594e-05
ooa,1.2750845878148594e-05
afb,1.2750845878148594e-05
bled,1.2750845878148594e-05
liar,1.2750845878148594e-05
accor,1.2750845878148594e-05
nipul,1.2750845878148594e-05
finess,1.264278786223208e-05
derstood,1.264278786223208e-05
lou,1.264278786223208e-05
tve,1.264278786223208e-05
unannounc,1.264278786223208e-05
decentraliza,1.264278786223208e-05
subindic,1.264278786223208e-05
resem,1.264278786223208e-05
cordanc,1.264278786223208e-05
sticerd,1.264278786223208e-05
immort,1.264278786223208e-05
odi,1.264278786223208e-05
highvari,1.264278786223208e-05
pnce,1.264278786223208e-05
oor,1.264278786223208e-05
inth,1.264278786223208e-05
btn,1.264278786223208e-05
cessor,1.264278786223208e-05
npa,1.264278786223208e-05
dertak,1.2534729846315568e-05
makoto,1.2534729846315568e-05
roderick,1.2534729846315568e-05
lnz,1.2534729846315568e-05
jer,1.2534729846315568e-05
zim,1.2534729846315568e-05
anzd,1.2534729846315568e-05
microscop,1.2534729846315568e-05
garland,1.2534729846315568e-05
tue,1.2534729846315568e-05
daley,1.2534729846315568e-05
covet,1.2534729846315568e-05
cxv,1.2534729846315568e-05
bard,1.2534729846315568e-05
rita,1.2534729846315568e-05
iiiiv,1.2426671830399055e-05
lorenzo,1.2426671830399055e-05
dart,1.2426671830399055e-05
pau,1.2426671830399055e-05
pwe,1.2426671830399055e-05
wer,1.2426671830399055e-05
burr,1.2426671830399055e-05
moro,1.2426671830399055e-05
disfavor,1.2426671830399055e-05
inexplic,1.2426671830399055e-05
tarili,1.2426671830399055e-05
lys,1.231861381448254e-05
nay,1.231861381448254e-05
ferabl,1.231861381448254e-05
impercept,1.231861381448254e-05
cxiii,1.231861381448254e-05
elabo,1.231861381448254e-05
bom,1.231861381448254e-05
pme,1.231861381448254e-05
farr,1.231861381448254e-05
priorit,1.231861381448254e-05
russ,1.231861381448254e-05
fdr,1.231861381448254e-05
merat,1.2210555798566027e-05
qpl,1.2210555798566027e-05
wein,1.2210555798566027e-05
queensland,1.2210555798566027e-05
rul,1.2210555798566027e-05
paz,1.2210555798566027e-05
mcbride,1.2210555798566027e-05
statu,1.2210555798566027e-05
economni,1.2210555798566027e-05
bullet,1.2210555798566027e-05
tvc,1.2210555798566027e-05
duckworth,1.2210555798566027e-05
tiona,1.2210555798566027e-05
sma,1.2210555798566027e-05
hua,1.2102497782649514e-05
iari,1.2102497782649514e-05
participat,1.2102497782649514e-05
audio,1.2102497782649514e-05
viscos,1.2102497782649514e-05
unpr,1.2102497782649514e-05
sou,1.2102497782649514e-05
bitrari,1.2102497782649514e-05
scriptiv,1.2102497782649514e-05
mandel,1.2102497782649514e-05
skirt,1.2102497782649514e-05
retrac,1.2102497782649514e-05
wiscon,1.2102497782649514e-05
honey,1.2102497782649514e-05
dietrich,1.2102497782649514e-05
cviii,1.1994439766733e-05
lfc,1.1994439766733e-05
dew,1.1994439766733e-05
rhe,1.1994439766733e-05
termina,1.1994439766733e-05
brl,1.1994439766733e-05
viat,1.1994439766733e-05
inti,1.1994439766733e-05
holloway,1.1994439766733e-05
observatori,1.1994439766733e-05
pler,1.1994439766733e-05
fiabl,1.1994439766733e-05
hutton,1.1994439766733e-05
geous,1.1994439766733e-05
byrn,1.1994439766733e-05
witlh,1.1994439766733e-05
pld,1.1994439766733e-05
shouldnt,1.1994439766733e-05
specimen,1.1886381750816486e-05
atot,1.1886381750816486e-05
rff,1.1886381750816486e-05
tageous,1.1886381750816486e-05
cott,1.1886381750816486e-05
wyo,1.1886381750816486e-05
plorat,1.1886381750816486e-05
fcs,1.1886381750816486e-05
weve,1.1886381750816486e-05
bog,1.1886381750816486e-05
welldesign,1.1886381750816486e-05
fasc,1.1886381750816486e-05
trio,1.1886381750816486e-05
bye,1.1886381750816486e-05
lumbia,1.1886381750816486e-05
dfdx,1.1886381750816486e-05
sidelin,1.1778323734899973e-05
theresa,1.1778323734899973e-05
wendel,1.1778323734899973e-05
autarch,1.1778323734899973e-05
schaller,1.1778323734899973e-05
softer,1.1778323734899973e-05
marseill,1.1778323734899973e-05
blc,1.1778323734899973e-05
caf,1.1778323734899973e-05
deterio,1.1778323734899973e-05
vpr,1.1778323734899973e-05
sergei,1.1778323734899973e-05
lso,1.1778323734899973e-05
upf,1.1778323734899973e-05
urat,1.1778323734899973e-05
mould,1.167026571898346e-05
macmil,1.167026571898346e-05
emn,1.167026571898346e-05
hutchinson,1.167026571898346e-05
idc,1.167026571898346e-05
californiasan,1.167026571898346e-05
chop,1.167026571898346e-05
kls,1.167026571898346e-05
presen,1.167026571898346e-05
env,1.167026571898346e-05
belknap,1.167026571898346e-05
styl,1.167026571898346e-05
djj,1.167026571898346e-05
tightest,1.167026571898346e-05
derstat,1.167026571898346e-05
hundredth,1.167026571898346e-05
sox,1.167026571898346e-05
anita,1.1562207703066947e-05
msn,1.1562207703066947e-05
roch,1.1562207703066947e-05
fink,1.1562207703066947e-05
unspeci,1.1562207703066947e-05
multifacet,1.1562207703066947e-05
longerliv,1.1562207703066947e-05
loaf,1.1562207703066947e-05
brodi,1.1562207703066947e-05
rudi,1.1562207703066947e-05
dcc,1.1562207703066947e-05
ecf,1.1562207703066947e-05
journial,1.1562207703066947e-05
christen,1.1562207703066947e-05
ufe,1.1454149687150432e-05
winer,1.1454149687150432e-05
rga,1.1454149687150432e-05
tke,1.1454149687150432e-05
unstructur,1.1454149687150432e-05
gon,1.1454149687150432e-05
jurgen,1.1454149687150432e-05
anu,1.1454149687150432e-05
diti,1.1454149687150432e-05
champaign,1.1454149687150432e-05
vee,1.1346091671233919e-05
ligibl,1.1346091671233919e-05
satieti,1.1346091671233919e-05
artefact,1.1346091671233919e-05
mukherje,1.1346091671233919e-05
singleperson,1.1346091671233919e-05
xcvi,1.1346091671233919e-05
sid,1.1346091671233919e-05
meir,1.1346091671233919e-05
arv,1.1346091671233919e-05
subfamili,1.1346091671233919e-05
pessi,1.1346091671233919e-05
thirtynin,1.1346091671233919e-05
propri,1.1346091671233919e-05
ymous,1.1346091671233919e-05
reev,1.1346091671233919e-05
pag,1.1346091671233919e-05
hic,1.1238033655317406e-05
clos,1.1238033655317406e-05
joanna,1.1238033655317406e-05
redraw,1.1238033655317406e-05
cqs,1.1238033655317406e-05
casestudi,1.1238033655317406e-05
graphi,1.1238033655317406e-05
lowgrowth,1.1238033655317406e-05
subtler,1.1238033655317406e-05
bae,1.1238033655317406e-05
gayer,1.1238033655317406e-05
fortu,1.1238033655317406e-05
isabel,1.1238033655317406e-05
hartmann,1.1238033655317406e-05
brb,1.1238033655317406e-05
bpe,1.1129975639400891e-05
goeth,1.1129975639400891e-05
selfconsist,1.1129975639400891e-05
uel,1.1129975639400891e-05
illi,1.1129975639400891e-05
moval,1.1129975639400891e-05
negligi,1.1129975639400891e-05
lynd,1.1129975639400891e-05
unobtain,1.1129975639400891e-05
unscrambl,1.1129975639400891e-05
hci,1.1129975639400891e-05
yus,1.1129975639400891e-05
deciph,1.1129975639400891e-05
incomedistribut,1.1129975639400891e-05
ebr,1.1129975639400891e-05
ove,1.1129975639400891e-05
kruse,1.1129975639400891e-05
herhi,1.1021917623484378e-05
laval,1.1021917623484378e-05
economii,1.1021917623484378e-05
gong,1.1021917623484378e-05
ttb,1.1021917623484378e-05
inela,1.1021917623484378e-05
sexton,1.1021917623484378e-05
gainesvill,1.1021917623484378e-05
equali,1.1021917623484378e-05
dobson,1.1021917623484378e-05
dsc,1.1021917623484378e-05
backlash,1.1021917623484378e-05
fung,1.1021917623484378e-05
ienc,1.1021917623484378e-05
tna,1.1021917623484378e-05
manor,1.0913859607567865e-05
denom,1.0913859607567865e-05
utabl,1.0913859607567865e-05
teas,1.0913859607567865e-05
vian,1.0913859607567865e-05
bsb,1.0913859607567865e-05
foil,1.0913859607567865e-05
lnv,1.0913859607567865e-05
prejudg,1.0913859607567865e-05
nol,1.0913859607567865e-05
plest,1.0913859607567865e-05
crd,1.0913859607567865e-05
rosi,1.0913859607567865e-05
ancl,1.0805801591651352e-05
lockedin,1.0805801591651352e-05
curi,1.0805801591651352e-05
esm,1.0805801591651352e-05
nord,1.0805801591651352e-05
teoria,1.0805801591651352e-05
nye,1.0805801591651352e-05
unproduc,1.0805801591651352e-05
tbb,1.0805801591651352e-05
deconstruct,1.0805801591651352e-05
bts,1.0805801591651352e-05
unalter,1.0805801591651352e-05
coventri,1.0805801591651352e-05
fagan,1.0805801591651352e-05
halftim,1.0805801591651352e-05
cove,1.0697743575734837e-05
pwr,1.0697743575734837e-05
perl,1.0697743575734837e-05
reinter,1.0697743575734837e-05
proto,1.0697743575734837e-05
pier,1.0697743575734837e-05
brn,1.0697743575734837e-05
expro,1.0697743575734837e-05
thrice,1.0697743575734837e-05
hps,1.0697743575734837e-05
oer,1.0697743575734837e-05
pennsylva,1.0697743575734837e-05
redun,1.0697743575734837e-05
highestqu,1.0697743575734837e-05
molina,1.0697743575734837e-05
supplypric,1.0697743575734837e-05
propensi,1.0697743575734837e-05
absurdum,1.0697743575734837e-05
eld,1.0589685559818324e-05
cxiv,1.0589685559818324e-05
disr,1.0589685559818324e-05
ddc,1.0589685559818324e-05
jag,1.0589685559818324e-05
url,1.0589685559818324e-05
nee,1.0589685559818324e-05
orgarticl,1.0589685559818324e-05
gad,1.0589685559818324e-05
maier,1.0589685559818324e-05
kahan,1.0589685559818324e-05
jeanpaul,1.0589685559818324e-05
investigacion,1.0589685559818324e-05
hss,1.0589685559818324e-05
middlesex,1.0589685559818324e-05
gral,1.0589685559818324e-05
wea,1.0589685559818324e-05
hernandez,1.0589685559818324e-05
amr,1.0589685559818324e-05
cativ,1.0589685559818324e-05
ithi,1.0589685559818324e-05
peggi,1.0589685559818324e-05
dieter,1.048162754390181e-05
lous,1.048162754390181e-05
larsen,1.048162754390181e-05
ginia,1.048162754390181e-05
blem,1.048162754390181e-05
northampton,1.048162754390181e-05
ffe,1.048162754390181e-05
multidimen,1.048162754390181e-05
dertaken,1.048162754390181e-05
nys,1.048162754390181e-05
bak,1.048162754390181e-05
ote,1.048162754390181e-05
inforc,1.048162754390181e-05
sanjay,1.048162754390181e-05
tba,1.048162754390181e-05
pdd,1.048162754390181e-05
cxvi,1.048162754390181e-05
xig,1.048162754390181e-05
kap,1.048162754390181e-05
sawtooth,1.048162754390181e-05
consen,1.048162754390181e-05
resourcealloc,1.048162754390181e-05
bbs,1.0373569527985298e-05
vali,1.0373569527985298e-05
rket,1.0373569527985298e-05
chael,1.0373569527985298e-05
reanalyz,1.0373569527985298e-05
mizer,1.0373569527985298e-05
sfa,1.0373569527985298e-05
rudolph,1.0373569527985298e-05
smc,1.0373569527985298e-05
amput,1.0373569527985298e-05
ofliv,1.0373569527985298e-05
derestim,1.0373569527985298e-05
whiclh,1.0373569527985298e-05
exhaus,1.0373569527985298e-05
dsd,1.0373569527985298e-05
tsa,1.0265511512068783e-05
necessi,1.0265511512068783e-05
biw,1.0265511512068783e-05
pav,1.0265511512068783e-05
lete,1.0265511512068783e-05
ocn,1.0265511512068783e-05
dob,1.0265511512068783e-05
marsden,1.0265511512068783e-05
tienc,1.0265511512068783e-05
toon,1.0265511512068783e-05
rarer,1.0265511512068783e-05
pdr,1.0265511512068783e-05
costeffici,1.0265511512068783e-05
economv,1.0265511512068783e-05
vea,1.0265511512068783e-05
elab,1.015745349615227e-05
sorenson,1.015745349615227e-05
obj,1.015745349615227e-05
levela,1.015745349615227e-05
nonseri,1.015745349615227e-05
gbp,1.015745349615227e-05
naomi,1.015745349615227e-05
waterman,1.015745349615227e-05
mutu,1.015745349615227e-05
lawn,1.015745349615227e-05
faber,1.015745349615227e-05
rede,1.0049395480235757e-05
valent,1.0049395480235757e-05
rowman,1.0049395480235757e-05
cnr,1.0049395480235757e-05
canterburi,1.0049395480235757e-05
gator,1.0049395480235757e-05
eton,1.0049395480235757e-05
bottomup,1.0049395480235757e-05
trian,1.0049395480235757e-05
manda,1.0049395480235757e-05
pieter,1.0049395480235757e-05
fourperson,1.0049395480235757e-05
cccc,1.0049395480235757e-05
isf,1.0049395480235757e-05
ood,1.0049395480235757e-05
symm,9.941337464319244e-06
ivvi,9.941337464319244e-06
paulin,9.941337464319244e-06
sulli,9.941337464319244e-06
chestnut,9.941337464319244e-06
dcr,9.941337464319244e-06
mehmet,9.941337464319244e-06
erenti,9.941337464319244e-06
bisect,9.941337464319244e-06
odic,9.941337464319244e-06
sho,9.941337464319244e-06
kar,9.941337464319244e-06
ivar,9.941337464319244e-06
pothet,9.941337464319244e-06
inh,9.941337464319244e-06
fite,9.941337464319244e-06
flurri,9.941337464319244e-06
orchestr,9.941337464319244e-06
pede,9.941337464319244e-06
beatti,9.833279448402729e-06
oliveira,9.833279448402729e-06
nifi,9.833279448402729e-06
digm,9.833279448402729e-06
inent,9.833279448402729e-06
rili,9.833279448402729e-06
plific,9.833279448402729e-06
guelph,9.833279448402729e-06
cand,9.725221432486216e-06
dupli,9.725221432486216e-06
himher,9.725221432486216e-06
cilit,9.725221432486216e-06
osa,9.725221432486216e-06
stig,9.725221432486216e-06
inanc,9.725221432486216e-06
decod,9.725221432486216e-06
mvi,9.725221432486216e-06
nab,9.725221432486216e-06
adja,9.725221432486216e-06
gartner,9.725221432486216e-06
subopti,9.725221432486216e-06
suzuki,9.725221432486216e-06
ester,9.725221432486216e-06
usl,9.725221432486216e-06
tcn,9.725221432486216e-06
alnd,9.725221432486216e-06
gop,9.725221432486216e-06
ssj,9.617163416569703e-06
alicant,9.617163416569703e-06
roberta,9.617163416569703e-06
fident,9.617163416569703e-06
brendan,9.617163416569703e-06
marek,9.617163416569703e-06
athi,9.617163416569703e-06
tria,9.617163416569703e-06
pvv,9.617163416569703e-06
largerscal,9.617163416569703e-06
bsc,9.617163416569703e-06
lss,9.617163416569703e-06
sene,9.617163416569703e-06
illb,9.617163416569703e-06
gradi,9.617163416569703e-06
ovo,9.617163416569703e-06
niot,9.617163416569703e-06
straus,9.617163416569703e-06
concem,9.617163416569703e-06
lippincott,9.617163416569703e-06
konstanz,9.617163416569703e-06
periodtoperiod,9.50910540065319e-06
bem,9.50910540065319e-06
nora,9.50910540065319e-06
vend,9.50910540065319e-06
hou,9.50910540065319e-06
repackag,9.50910540065319e-06
dall,9.50910540065319e-06
elitist,9.50910540065319e-06
exhib,9.50910540065319e-06
pob,9.50910540065319e-06
wpr,9.50910540065319e-06
perimet,9.50910540065319e-06
sau,9.50910540065319e-06
incremen,9.50910540065319e-06
irw,9.50910540065319e-06
cfp,9.50910540065319e-06
timize,9.50910540065319e-06
zct,9.50910540065319e-06
aman,9.50910540065319e-06
fortyseven,9.50910540065319e-06
tlh,9.50910540065319e-06
lwe,9.401047384736675e-06
ciproc,9.401047384736675e-06
byrd,9.401047384736675e-06
minal,9.401047384736675e-06
pcj,9.401047384736675e-06
schramm,9.401047384736675e-06
vba,9.401047384736675e-06
incentivebas,9.401047384736675e-06
nta,9.401047384736675e-06
unison,9.401047384736675e-06
variablesth,9.401047384736675e-06
predefin,9.401047384736675e-06
rious,9.401047384736675e-06
qht,9.401047384736675e-06
pham,9.401047384736675e-06
tomat,9.401047384736675e-06
advanta,9.401047384736675e-06
paretopref,9.292989368820162e-06
cisionmak,9.292989368820162e-06
terminaci,9.292989368820162e-06
phr,9.292989368820162e-06
mnay,9.292989368820162e-06
einer,9.292989368820162e-06
sher,9.292989368820162e-06
slv,9.292989368820162e-06
osc,9.292989368820162e-06
tig,9.292989368820162e-06
chuck,9.292989368820162e-06
lnu,9.292989368820162e-06
misnom,9.292989368820162e-06
smirnov,9.292989368820162e-06
fen,9.292989368820162e-06
wrp,9.292989368820162e-06
stripe,9.292989368820162e-06
secondlowest,9.292989368820162e-06
deri,9.292989368820162e-06
schmid,9.292989368820162e-06
funk,9.292989368820162e-06
nds,9.292989368820162e-06
rrm,9.292989368820162e-06
controv,9.184931352903649e-06
eileen,9.184931352903649e-06
dium,9.184931352903649e-06
uphil,9.184931352903649e-06
jerzi,9.184931352903649e-06
lyst,9.184931352903649e-06
extem,9.184931352903649e-06
nian,9.184931352903649e-06
acti,9.184931352903649e-06
sall,9.184931352903649e-06
rrw,9.184931352903649e-06
nwe,9.184931352903649e-06
pog,9.184931352903649e-06
titiv,9.184931352903649e-06
versial,9.184931352903649e-06
schipper,9.184931352903649e-06
neuman,9.184931352903649e-06
icb,9.184931352903649e-06
icon,9.184931352903649e-06
gical,9.184931352903649e-06
syke,9.184931352903649e-06
inari,9.184931352903649e-06
domenico,9.184931352903649e-06
pgs,9.076873336987136e-06
enh,9.076873336987136e-06
iour,9.076873336987136e-06
ild,9.076873336987136e-06
csj,9.076873336987136e-06
rba,9.076873336987136e-06
aod,9.076873336987136e-06
qid,9.076873336987136e-06
torino,9.076873336987136e-06
prohib,9.076873336987136e-06
miniatur,9.076873336987136e-06
clh,9.076873336987136e-06
eau,9.076873336987136e-06
unpro,9.076873336987136e-06
idat,9.076873336987136e-06
gativ,9.076873336987136e-06
tid,9.076873336987136e-06
trump,9.076873336987136e-06
thev,9.076873336987136e-06
vbt,9.076873336987136e-06
sinha,9.076873336987136e-06
vom,9.076873336987136e-06
idiosyncraci,9.076873336987136e-06
ugo,8.968815321070621e-06
reso,8.968815321070621e-06
ignat,8.968815321070621e-06
consu,8.968815321070621e-06
krieger,8.968815321070621e-06
abili,8.968815321070621e-06
hamil,8.968815321070621e-06
narrowest,8.968815321070621e-06
symp,8.968815321070621e-06
aron,8.968815321070621e-06
californiadavi,8.968815321070621e-06
thirtyeight,8.968815321070621e-06
raaj,8.968815321070621e-06
dint,8.968815321070621e-06
miniscul,8.968815321070621e-06
alnl,8.860757305154108e-06
advi,8.860757305154108e-06
karin,8.860757305154108e-06
biass,8.860757305154108e-06
blackbox,8.860757305154108e-06
qsp,8.860757305154108e-06
bum,8.860757305154108e-06
whither,8.860757305154108e-06
rjc,8.860757305154108e-06
economt,8.860757305154108e-06
quarterl,8.860757305154108e-06
fist,8.860757305154108e-06
allocat,8.860757305154108e-06
asu,8.860757305154108e-06
prism,8.860757305154108e-06
iph,8.860757305154108e-06
cori,8.860757305154108e-06
venezia,8.860757305154108e-06
vicki,8.860757305154108e-06
shred,8.860757305154108e-06
vou,8.860757305154108e-06
ridden,8.860757305154108e-06
som,8.860757305154108e-06
disen,8.860757305154108e-06
tdtonnement,8.860757305154108e-06
kern,8.752699289237595e-06
useabl,8.752699289237595e-06
dore,8.752699289237595e-06
bcc,8.752699289237595e-06
comn,8.752699289237595e-06
lint,8.752699289237595e-06
gerri,8.752699289237595e-06
cellent,8.752699289237595e-06
synopsi,8.752699289237595e-06
duc,8.752699289237595e-06
chichest,8.752699289237595e-06
avr,8.752699289237595e-06
llll,8.752699289237595e-06
muddi,8.752699289237595e-06
lill,8.752699289237595e-06
goff,8.752699289237595e-06
csf,8.752699289237595e-06
hod,8.752699289237595e-06
illsuit,8.752699289237595e-06
gru,8.752699289237595e-06
taipei,8.752699289237595e-06
hector,8.752699289237595e-06
ement,8.752699289237595e-06
persua,8.752699289237595e-06
tcf,8.752699289237595e-06
rfe,8.752699289237595e-06
bothersom,8.752699289237595e-06
glu,8.752699289237595e-06
niel,8.752699289237595e-06
inkl,8.644641273321082e-06
menlo,8.644641273321082e-06
hardcor,8.644641273321082e-06
pfh,8.644641273321082e-06
finement,8.644641273321082e-06
overflow,8.644641273321082e-06
guthri,8.644641273321082e-06
bjd,8.644641273321082e-06
iog,8.644641273321082e-06
nonperman,8.644641273321082e-06
vtu,8.644641273321082e-06
jef,8.644641273321082e-06
marko,8.644641273321082e-06
narayanan,8.644641273321082e-06
lehigh,8.644641273321082e-06
lindgren,8.644641273321082e-06
neri,8.644641273321082e-06
kuo,8.644641273321082e-06
efficien,8.644641273321082e-06
perfectinform,8.644641273321082e-06
secut,8.644641273321082e-06
christo,8.644641273321082e-06
wah,8.644641273321082e-06
rej,8.644641273321082e-06
iew,8.644641273321082e-06
pws,8.644641273321082e-06
whe,8.536583257404567e-06
turin,8.536583257404567e-06
ildot,8.536583257404567e-06
pradeep,8.536583257404567e-06
dropoff,8.536583257404567e-06
toth,8.536583257404567e-06
glossari,8.536583257404567e-06
perm,8.536583257404567e-06
rrb,8.536583257404567e-06
bran,8.536583257404567e-06
mow,8.536583257404567e-06
waltham,8.536583257404567e-06
cesar,8.536583257404567e-06
stirl,8.536583257404567e-06
effectth,8.536583257404567e-06
reto,8.536583257404567e-06
ricar,8.536583257404567e-06
vergent,8.536583257404567e-06
otb,8.536583257404567e-06
salvator,8.536583257404567e-06
yong,8.536583257404567e-06
gcc,8.536583257404567e-06
nonmon,8.536583257404567e-06
haw,8.428525241488054e-06
pecu,8.428525241488054e-06
bef,8.428525241488054e-06
ccj,8.428525241488054e-06
ronni,8.428525241488054e-06
wellord,8.428525241488054e-06
lthis,8.428525241488054e-06
hack,8.428525241488054e-06
nini,8.428525241488054e-06
jee,8.428525241488054e-06
stun,8.428525241488054e-06
conversa,8.428525241488054e-06
fgr,8.428525241488054e-06
gillian,8.428525241488054e-06
efici,8.428525241488054e-06
fiom,8.428525241488054e-06
wrinkl,8.428525241488054e-06
aint,8.428525241488054e-06
iad,8.428525241488054e-06
fairfax,8.428525241488054e-06
lye,8.428525241488054e-06
mccann,8.32046722557154e-06
exagg,8.32046722557154e-06
repeti,8.32046722557154e-06
minw,8.32046722557154e-06
bosch,8.32046722557154e-06
pectiv,8.32046722557154e-06
dus,8.32046722557154e-06
verifica,8.32046722557154e-06
pmj,8.32046722557154e-06
jimmi,8.32046722557154e-06
rlh,8.32046722557154e-06
inefficien,8.32046722557154e-06
basingstok,8.32046722557154e-06
rlf,8.32046722557154e-06
onehour,8.32046722557154e-06
bellshap,8.32046722557154e-06
flynn,8.32046722557154e-06
lengthier,8.32046722557154e-06
perfirm,8.32046722557154e-06
verac,8.32046722557154e-06
zea,8.32046722557154e-06
bestcas,8.32046722557154e-06
henriqu,8.32046722557154e-06
wvhich,8.32046722557154e-06
makow,8.32046722557154e-06
sial,8.32046722557154e-06
niari,8.32046722557154e-06
gath,8.32046722557154e-06
influen,8.32046722557154e-06
ech,8.32046722557154e-06
littlefield,8.212409209655028e-06
hle,8.212409209655028e-06
uninfluenc,8.212409209655028e-06
costi,8.212409209655028e-06
wfa,8.212409209655028e-06
cleanest,8.212409209655028e-06
oic,8.212409209655028e-06
bele,8.212409209655028e-06
theres,8.212409209655028e-06
rbs,8.212409209655028e-06
lewiss,8.212409209655028e-06
pheno,8.212409209655028e-06
tjh,8.212409209655028e-06
windsor,8.212409209655028e-06
labl,8.212409209655028e-06
rota,8.212409209655028e-06
erv,8.212409209655028e-06
posium,8.212409209655028e-06
wso,8.212409209655028e-06
nonmar,8.212409209655028e-06
terdepend,8.212409209655028e-06
economich,8.212409209655028e-06
awb,8.212409209655028e-06
departamento,8.212409209655028e-06
anom,8.212409209655028e-06
detri,8.212409209655028e-06
tru,8.104351193738513e-06
grammat,8.104351193738513e-06
ditto,8.104351193738513e-06
whit,8.104351193738513e-06
trou,8.104351193738513e-06
caci,8.104351193738513e-06
oho,8.104351193738513e-06
nwi,8.104351193738513e-06
publicpolici,8.104351193738513e-06
steinar,8.104351193738513e-06
koc,8.104351193738513e-06
thani,8.104351193738513e-06
terminol,8.104351193738513e-06
previousperiod,8.104351193738513e-06
lara,8.104351193738513e-06
orb,8.104351193738513e-06
lastperiod,8.104351193738513e-06
zhong,7.996293177822e-06
higherthanaverag,7.996293177822e-06
rejoin,7.996293177822e-06
hirsh,7.996293177822e-06
orc,7.996293177822e-06
simist,7.996293177822e-06
rau,7.996293177822e-06
sabbat,7.996293177822e-06
tralian,7.996293177822e-06
ccb,7.996293177822e-06
hannah,7.996293177822e-06
harmondsworth,7.996293177822e-06
rowli,7.996293177822e-06
mislabel,7.996293177822e-06
costsa,7.996293177822e-06
bjo,7.996293177822e-06
etic,7.996293177822e-06
probi,7.996293177822e-06
adelaid,7.996293177822e-06
toolkit,7.996293177822e-06
intrin,7.996293177822e-06
gothenburg,7.996293177822e-06
blitz,7.996293177822e-06
dug,7.996293177822e-06
pqa,7.888235161905487e-06
gauthier,7.888235161905487e-06
yoav,7.888235161905487e-06
cute,7.888235161905487e-06
somn,7.888235161905487e-06
nonact,7.888235161905487e-06
wee,7.888235161905487e-06
webpag,7.888235161905487e-06
nda,7.888235161905487e-06
timn,7.888235161905487e-06
mcleod,7.888235161905487e-06
stantiat,7.888235161905487e-06
irrev,7.888235161905487e-06
sitat,7.888235161905487e-06
rationaliza,7.888235161905487e-06
highprofil,7.888235161905487e-06
trom,7.888235161905487e-06
noninteract,7.888235161905487e-06
mcintyr,7.888235161905487e-06
blanco,7.888235161905487e-06
cribe,7.888235161905487e-06
accomod,7.888235161905487e-06
ycs,7.888235161905487e-06
insuf,7.888235161905487e-06
tmr,7.780177145988974e-06
upperright,7.780177145988974e-06
yokohama,7.780177145988974e-06
cartwright,7.780177145988974e-06
ojo,7.780177145988974e-06
analisi,7.780177145988974e-06
bba,7.780177145988974e-06
stab,7.780177145988974e-06
ixb,7.780177145988974e-06
reddi,7.780177145988974e-06
gomez,7.780177145988974e-06
sonia,7.780177145988974e-06
manfr,7.780177145988974e-06
uptick,7.780177145988974e-06
cmo,7.780177145988974e-06
walt,7.780177145988974e-06
undiminish,7.780177145988974e-06
altera,7.780177145988974e-06
saliti,7.780177145988974e-06
ifornia,7.672119130072459e-06
universiteit,7.672119130072459e-06
theoryth,7.672119130072459e-06
hewlett,7.672119130072459e-06
tiplic,7.672119130072459e-06
oneto,7.672119130072459e-06
artific,7.672119130072459e-06
tled,7.672119130072459e-06
ose,7.672119130072459e-06
ackerman,7.672119130072459e-06
loy,7.672119130072459e-06
lfor,7.672119130072459e-06
macrotheori,7.672119130072459e-06
lva,7.672119130072459e-06
leven,7.672119130072459e-06
interrela,7.672119130072459e-06
artifi,7.672119130072459e-06
dete,7.672119130072459e-06
taliz,7.672119130072459e-06
viiia,7.672119130072459e-06
vro,7.672119130072459e-06
manoeuvr,7.564061114155946e-06
hig,7.564061114155946e-06
jani,7.564061114155946e-06
penner,7.564061114155946e-06
spes,7.564061114155946e-06
financialmarket,7.564061114155946e-06
californian,7.564061114155946e-06
rce,7.564061114155946e-06
nexttolast,7.564061114155946e-06
overarch,7.564061114155946e-06
idb,7.564061114155946e-06
coax,7.564061114155946e-06
thf,7.564061114155946e-06
logv,7.564061114155946e-06
michl,7.564061114155946e-06
econon,7.564061114155946e-06
meani,7.564061114155946e-06
thatin,7.564061114155946e-06
arili,7.564061114155946e-06
ajit,7.564061114155946e-06
arh,7.564061114155946e-06
undisclos,7.564061114155946e-06
hamid,7.564061114155946e-06
villa,7.564061114155946e-06
typo,7.456003098239432e-06
totowa,7.456003098239432e-06
fec,7.456003098239432e-06
timea,7.456003098239432e-06
otal,7.456003098239432e-06
custo,7.456003098239432e-06
pgl,7.456003098239432e-06
oreilli,7.456003098239432e-06
talbot,7.456003098239432e-06
econtom,7.456003098239432e-06
lew,7.456003098239432e-06
sylvest,7.456003098239432e-06
rcj,7.456003098239432e-06
abovenorm,7.456003098239432e-06
eder,7.456003098239432e-06
stuidi,7.456003098239432e-06
grantinaid,7.456003098239432e-06
pnces,7.456003098239432e-06
puf,7.456003098239432e-06
suh,7.456003098239432e-06
wcs,7.456003098239432e-06
unpack,7.456003098239432e-06
welldetermin,7.456003098239432e-06
demnand,7.456003098239432e-06
reconfirm,7.347945082322919e-06
eig,7.347945082322919e-06
crh,7.347945082322919e-06
bode,7.347945082322919e-06
curt,7.347945082322919e-06
capaci,7.347945082322919e-06
sidewalk,7.347945082322919e-06
sternberg,7.347945082322919e-06
extramarket,7.347945082322919e-06
hel,7.347945082322919e-06
patti,7.347945082322919e-06
microanalysi,7.347945082322919e-06
unshad,7.347945082322919e-06
timo,7.347945082322919e-06
ciencia,7.347945082322919e-06
tad,7.347945082322919e-06
anytim,7.347945082322919e-06
cion,7.347945082322919e-06
nonconstruct,7.347945082322919e-06
detec,7.347945082322919e-06
rocal,7.347945082322919e-06
misprint,7.347945082322919e-06
apiec,7.239887066406405e-06
econoni,7.239887066406405e-06
unsuspect,7.239887066406405e-06
doxic,7.239887066406405e-06
mackenzi,7.239887066406405e-06
kiy,7.239887066406405e-06
variableth,7.239887066406405e-06
plv,7.239887066406405e-06
knudsen,7.239887066406405e-06
hea,7.239887066406405e-06
stipu,7.239887066406405e-06
parsi,7.239887066406405e-06
ecn,7.239887066406405e-06
config,7.239887066406405e-06
pthe,7.239887066406405e-06
comeback,7.239887066406405e-06
pettit,7.239887066406405e-06
ivii,7.239887066406405e-06
aster,7.239887066406405e-06
wgi,7.239887066406405e-06
thte,7.239887066406405e-06
uam,7.239887066406405e-06
plateaus,7.239887066406405e-06
vibrat,7.239887066406405e-06
overridden,7.239887066406405e-06
sgr,7.239887066406405e-06
nicer,7.239887066406405e-06
nonconform,7.239887066406405e-06
rdj,7.131829050489892e-06
thij,7.131829050489892e-06
pricebas,7.131829050489892e-06
mnore,7.131829050489892e-06
hur,7.131829050489892e-06
cdl,7.131829050489892e-06
marino,7.131829050489892e-06
icat,7.131829050489892e-06
jrg,7.131829050489892e-06
unrea,7.131829050489892e-06
acceptreject,7.131829050489892e-06
agon,7.131829050489892e-06
gcn,7.131829050489892e-06
wher,7.131829050489892e-06
colchest,7.131829050489892e-06
bari,7.131829050489892e-06
intl,7.131829050489892e-06
unsta,7.131829050489892e-06
pppp,7.131829050489892e-06
rote,7.131829050489892e-06
emilio,7.131829050489892e-06
disband,7.131829050489892e-06
tioni,7.131829050489892e-06
rvb,7.131829050489892e-06
tepper,7.131829050489892e-06
illinform,7.023771034573378e-06
matti,7.023771034573378e-06
giovanna,7.023771034573378e-06
leibniz,7.023771034573378e-06
nonconsum,7.023771034573378e-06
incomei,7.023771034573378e-06
plum,7.023771034573378e-06
monterey,7.023771034573378e-06
thata,7.023771034573378e-06
topmost,7.023771034573378e-06
izont,7.023771034573378e-06
agnostic,7.023771034573378e-06
inar,7.023771034573378e-06
liditi,7.023771034573378e-06
analag,7.023771034573378e-06
invol,7.023771034573378e-06
braga,7.023771034573378e-06
aud,7.023771034573378e-06
inforn,7.023771034573378e-06
ssg,7.023771034573378e-06
vow,7.023771034573378e-06
ega,7.023771034573378e-06
glover,7.023771034573378e-06
nonadjac,7.023771034573378e-06
clar,7.023771034573378e-06
fiftyfour,7.023771034573378e-06
poh,7.023771034573378e-06
peti,7.023771034573378e-06
tys,7.023771034573378e-06
geoff,7.023771034573378e-06
shap,7.023771034573378e-06
elmer,7.023771034573378e-06
cetera,7.023771034573378e-06
cumber,7.023771034573378e-06
relia,6.915713018656865e-06
hillel,6.915713018656865e-06
credibil,6.915713018656865e-06
gunther,6.915713018656865e-06
nyi,6.915713018656865e-06
zerocost,6.915713018656865e-06
starker,6.915713018656865e-06
cxix,6.915713018656865e-06
implau,6.915713018656865e-06
cvc,6.915713018656865e-06
wich,6.915713018656865e-06
phj,6.915713018656865e-06
vle,6.915713018656865e-06
bug,6.915713018656865e-06
skep,6.915713018656865e-06
unint,6.915713018656865e-06
strippeddown,6.915713018656865e-06
econonmi,6.915713018656865e-06
shinichi,6.915713018656865e-06
bestsel,6.915713018656865e-06
iag,6.915713018656865e-06
aze,6.915713018656865e-06
bourhood,6.915713018656865e-06
hiroyuki,6.915713018656865e-06
iith,6.915713018656865e-06
braic,6.915713018656865e-06
njk,6.915713018656865e-06
benz,6.915713018656865e-06
expropria,6.807655002740351e-06
enum,6.807655002740351e-06
vbb,6.807655002740351e-06
californiasanta,6.807655002740351e-06
nenc,6.807655002740351e-06
indivisi,6.807655002740351e-06
romney,6.807655002740351e-06
abu,6.807655002740351e-06
wallet,6.807655002740351e-06
unsatisfac,6.807655002740351e-06
predom,6.807655002740351e-06
scalabl,6.807655002740351e-06
dauphin,6.807655002740351e-06
differents,6.807655002740351e-06
nonint,6.807655002740351e-06
brighton,6.807655002740351e-06
helena,6.807655002740351e-06
dled,6.807655002740351e-06
firstserv,6.807655002740351e-06
usr,6.807655002740351e-06
craven,6.807655002740351e-06
ambig,6.699596986823838e-06
svstem,6.699596986823838e-06
uma,6.699596986823838e-06
predi,6.699596986823838e-06
secondlargest,6.699596986823838e-06
billi,6.699596986823838e-06
shan,6.699596986823838e-06
diagno,6.699596986823838e-06
wellchosen,6.699596986823838e-06
jcm,6.699596986823838e-06
goric,6.699596986823838e-06
wsl,6.699596986823838e-06
kruger,6.699596986823838e-06
evanc,6.699596986823838e-06
timiz,6.699596986823838e-06
kara,6.699596986823838e-06
fundacin,6.699596986823838e-06
dnj,6.699596986823838e-06
ondord,6.699596986823838e-06
henceforward,6.699596986823838e-06
unac,6.699596986823838e-06
jot,6.699596986823838e-06
tinm,6.699596986823838e-06
cej,6.591538970907324e-06
eun,6.591538970907324e-06
yjc,6.591538970907324e-06
verv,6.591538970907324e-06
arun,6.591538970907324e-06
idg,6.591538970907324e-06
cuniari,6.591538970907324e-06
ntf,6.591538970907324e-06
resultthat,6.591538970907324e-06
amal,6.591538970907324e-06
dwd,6.591538970907324e-06
lyse,6.591538970907324e-06
marketpric,6.591538970907324e-06
nmay,6.591538970907324e-06
tiff,6.591538970907324e-06
meo,6.591538970907324e-06
vibrant,6.591538970907324e-06
aria,6.591538970907324e-06
scat,6.591538970907324e-06
bitrarili,6.591538970907324e-06
gruyter,6.591538970907324e-06
tye,6.591538970907324e-06
jcf,6.591538970907324e-06
coni,6.591538970907324e-06
playground,6.591538970907324e-06
electro,6.591538970907324e-06
pinter,6.591538970907324e-06
perva,6.591538970907324e-06
igat,6.591538970907324e-06
errant,6.483480954990811e-06
mcnamara,6.483480954990811e-06
misperceiv,6.483480954990811e-06
iiiiii,6.483480954990811e-06
threeparamet,6.483480954990811e-06
carn,6.483480954990811e-06
ppd,6.483480954990811e-06
metz,6.483480954990811e-06
laci,6.483480954990811e-06
magn,6.483480954990811e-06
naf,6.483480954990811e-06
weisberg,6.483480954990811e-06
incomeeffect,6.483480954990811e-06
lsee,6.483480954990811e-06
deli,6.483480954990811e-06
jss,6.483480954990811e-06
tifiabl,6.483480954990811e-06
recr,6.483480954990811e-06
maya,6.483480954990811e-06
hho,6.483480954990811e-06
chur,6.483480954990811e-06
gns,6.483480954990811e-06
dissi,6.483480954990811e-06
bfor,6.483480954990811e-06
joutrnal,6.483480954990811e-06
viktor,6.483480954990811e-06
tradictori,6.483480954990811e-06
isfact,6.375422939074297e-06
rivista,6.375422939074297e-06
econzom,6.375422939074297e-06
remi,6.375422939074297e-06
chic,6.375422939074297e-06
ooh,6.375422939074297e-06
cumvent,6.375422939074297e-06
menc,6.375422939074297e-06
alin,6.375422939074297e-06
xthe,6.375422939074297e-06
gus,6.375422939074297e-06
lexi,6.375422939074297e-06
computerbas,6.375422939074297e-06
igor,6.375422939074297e-06
staterun,6.375422939074297e-06
alni,6.267364923157784e-06
dermin,6.267364923157784e-06
mander,6.267364923157784e-06
blacksburg,6.267364923157784e-06
leach,6.267364923157784e-06
skepti,6.267364923157784e-06
oba,6.267364923157784e-06
unat,6.267364923157784e-06
hender,6.267364923157784e-06
avalu,6.267364923157784e-06
monetarili,6.267364923157784e-06
thefirm,6.267364923157784e-06
timei,6.267364923157784e-06
terim,6.267364923157784e-06
equilibriumth,6.267364923157784e-06
padova,6.267364923157784e-06
iur,6.267364923157784e-06
ctg,6.267364923157784e-06
reex,6.267364923157784e-06
foci,6.267364923157784e-06
iww,6.267364923157784e-06
grang,6.267364923157784e-06
anoma,6.267364923157784e-06
eryon,6.267364923157784e-06
haustiv,6.267364923157784e-06
pictori,6.267364923157784e-06
difer,6.267364923157784e-06
uncontamin,6.15930690724127e-06
lowestqu,6.15930690724127e-06
modelthat,6.15930690724127e-06
moreorless,6.15930690724127e-06
cuni,6.15930690724127e-06
herb,6.15930690724127e-06
wvill,6.15930690724127e-06
inin,6.15930690724127e-06
kov,6.15930690724127e-06
marcia,6.15930690724127e-06
utor,6.15930690724127e-06
robor,6.15930690724127e-06
configu,6.15930690724127e-06
investigat,6.15930690724127e-06
ramirez,6.15930690724127e-06
newal,6.15930690724127e-06
proactiv,6.15930690724127e-06
imbalanc,6.15930690724127e-06
sipat,6.15930690724127e-06
onment,6.15930690724127e-06
goa,6.15930690724127e-06
eib,6.15930690724127e-06
ike,6.15930690724127e-06
clari,6.15930690724127e-06
fthe,6.15930690724127e-06
natali,6.15930690724127e-06
mro,6.15930690724127e-06
riorat,6.15930690724127e-06
froin,6.051248891324757e-06
economya,6.051248891324757e-06
elong,6.051248891324757e-06
fej,6.051248891324757e-06
schweizerisch,6.051248891324757e-06
cdm,6.051248891324757e-06
tantal,6.051248891324757e-06
vasiv,6.051248891324757e-06
bldg,6.051248891324757e-06
pike,6.051248891324757e-06
cist,6.051248891324757e-06
ectiv,6.051248891324757e-06
sofar,6.051248891324757e-06
mica,6.051248891324757e-06
stain,6.051248891324757e-06
seventytwo,6.051248891324757e-06
scenar,6.051248891324757e-06
tnat,6.051248891324757e-06
phen,6.051248891324757e-06
minolog,6.051248891324757e-06
pita,6.051248891324757e-06
xwe,6.051248891324757e-06
derson,5.943190875408243e-06
lanham,5.943190875408243e-06
trabajo,5.943190875408243e-06
inabil,5.943190875408243e-06
mnarket,5.943190875408243e-06
minimalist,5.943190875408243e-06
damien,5.943190875408243e-06
ilg,5.943190875408243e-06
schleifer,5.943190875408243e-06
dfg,5.943190875408243e-06
iiit,5.943190875408243e-06
wert,5.943190875408243e-06
sophistica,5.943190875408243e-06
zling,5.943190875408243e-06
stratifica,5.943190875408243e-06
gunter,5.943190875408243e-06
gillett,5.943190875408243e-06
triennial,5.943190875408243e-06
vore,5.943190875408243e-06
ineleg,5.943190875408243e-06
thew,5.943190875408243e-06
tani,5.83513285949173e-06
probt,5.83513285949173e-06
norwel,5.83513285949173e-06
ciabl,5.83513285949173e-06
ccq,5.83513285949173e-06
fcq,5.83513285949173e-06
triv,5.83513285949173e-06
unfa,5.83513285949173e-06
journa,5.83513285949173e-06
oneth,5.83513285949173e-06
kam,5.83513285949173e-06
unreali,5.83513285949173e-06
cys,5.83513285949173e-06
gles,5.83513285949173e-06
terminus,5.83513285949173e-06
frc,5.83513285949173e-06
counterpoint,5.83513285949173e-06
tailormad,5.83513285949173e-06
barebon,5.83513285949173e-06
plac,5.83513285949173e-06
statistiek,5.83513285949173e-06
samn,5.83513285949173e-06
lowerord,5.83513285949173e-06
nerat,5.83513285949173e-06
probabilityweight,5.83513285949173e-06
smallgroup,5.83513285949173e-06
rvc,5.83513285949173e-06
fae,5.727074843575216e-06
redwood,5.727074843575216e-06
bian,5.727074843575216e-06
sonm,5.727074843575216e-06
nonexhaust,5.727074843575216e-06
yew,5.727074843575216e-06
rje,5.727074843575216e-06
yearlong,5.727074843575216e-06
transferr,5.727074843575216e-06
wvhen,5.727074843575216e-06
inso,5.727074843575216e-06
krannert,5.727074843575216e-06
timeinterv,5.727074843575216e-06
lcr,5.727074843575216e-06
nonunit,5.727074843575216e-06
ecca,5.727074843575216e-06
torcuato,5.727074843575216e-06
hann,5.727074843575216e-06
andra,5.727074843575216e-06
programa,5.727074843575216e-06
starkest,5.727074843575216e-06
rys,5.727074843575216e-06
betterqu,5.727074843575216e-06
csic,5.727074843575216e-06
ruc,5.727074843575216e-06
ognit,5.727074843575216e-06
jonathon,5.619016827658703e-06
qel,5.619016827658703e-06
oneonon,5.619016827658703e-06
eyebal,5.619016827658703e-06
conjoin,5.619016827658703e-06
srj,5.619016827658703e-06
econiomi,5.619016827658703e-06
dill,5.619016827658703e-06
straitjacket,5.619016827658703e-06
dissembl,5.619016827658703e-06
orous,5.619016827658703e-06
veg,5.619016827658703e-06
wellendow,5.619016827658703e-06
coral,5.619016827658703e-06
acerb,5.619016827658703e-06
siii,5.619016827658703e-06
foolproof,5.619016827658703e-06
lhave,5.619016827658703e-06
herr,5.619016827658703e-06
monious,5.619016827658703e-06
amet,5.619016827658703e-06
nicolson,5.619016827658703e-06
amnerican,5.619016827658703e-06
confirma,5.510958811742189e-06
discontin,5.510958811742189e-06
reuiew,5.510958811742189e-06
galli,5.510958811742189e-06
nrs,5.510958811742189e-06
isfactori,5.510958811742189e-06
pabil,5.510958811742189e-06
tireless,5.510958811742189e-06
fuir,5.510958811742189e-06
vier,5.510958811742189e-06
pricesand,5.510958811742189e-06
thee,5.510958811742189e-06
jlr,5.510958811742189e-06
shu,5.510958811742189e-06
jamin,5.510958811742189e-06
cifi,5.510958811742189e-06
economa,5.510958811742189e-06
erg,5.510958811742189e-06
thieori,5.510958811742189e-06
showcas,5.402900795825676e-06
ajoint,5.402900795825676e-06
betweeni,5.402900795825676e-06
ong,5.402900795825676e-06
jourmal,5.402900795825676e-06
prti,5.402900795825676e-06
uninterpret,5.402900795825676e-06
agger,5.402900795825676e-06
rwp,5.402900795825676e-06
misallo,5.402900795825676e-06
sili,5.402900795825676e-06
erro,5.402900795825676e-06
lok,5.402900795825676e-06
wlf,5.402900795825676e-06
satori,5.402900795825676e-06
sertion,5.402900795825676e-06
geon,5.402900795825676e-06
rubenstein,5.402900795825676e-06
contradistinct,5.402900795825676e-06
delink,5.402900795825676e-06
torili,5.402900795825676e-06
getari,5.402900795825676e-06
fitt,5.402900795825676e-06
aidi,5.294842779909162e-06
mick,5.294842779909162e-06
sdo,5.294842779909162e-06
kristian,5.294842779909162e-06
multidisciplinari,5.294842779909162e-06
awri,5.294842779909162e-06
luj,5.294842779909162e-06
crue,5.294842779909162e-06
frain,5.294842779909162e-06
dundant,5.294842779909162e-06
unexamin,5.294842779909162e-06
eew,5.294842779909162e-06
timeto,5.294842779909162e-06
timi,5.186784763992649e-06
muchdiscuss,5.186784763992649e-06
ches,5.186784763992649e-06
incompati,5.186784763992649e-06
supplydriven,5.186784763992649e-06
inciden,5.186784763992649e-06
nonrecurr,5.186784763992649e-06
pasteur,5.186784763992649e-06
sizea,5.186784763992649e-06
nikolai,5.186784763992649e-06
wlhere,5.186784763992649e-06
marquett,5.186784763992649e-06
subop,5.186784763992649e-06
iila,5.186784763992649e-06
miarket,5.186784763992649e-06
panion,5.186784763992649e-06
fom,5.186784763992649e-06
seep,5.186784763992649e-06
integrat,5.186784763992649e-06
houghtonmifflin,5.186784763992649e-06
stamford,5.186784763992649e-06
problemn,5.186784763992649e-06
broach,5.186784763992649e-06
ssee,5.186784763992649e-06
rhp,5.186784763992649e-06
underin,5.186784763992649e-06
erer,5.186784763992649e-06
economyand,5.186784763992649e-06
tropi,5.186784763992649e-06
offtheshelf,5.186784763992649e-06
cfm,5.186784763992649e-06
wellpublic,5.078726748076135e-06
flawless,5.078726748076135e-06
aerl,5.078726748076135e-06
tyde,5.078726748076135e-06
ivg,5.078726748076135e-06
oig,5.078726748076135e-06
lowerright,5.078726748076135e-06
iliari,5.078726748076135e-06
tms,5.078726748076135e-06
mura,5.078726748076135e-06
nalize,5.078726748076135e-06
debbi,5.078726748076135e-06
fru,5.078726748076135e-06
threepoint,5.078726748076135e-06
barrag,5.078726748076135e-06
statea,5.078726748076135e-06
systemn,5.078726748076135e-06
inaccu,5.078726748076135e-06
tme,5.078726748076135e-06
inet,5.078726748076135e-06
iow,5.078726748076135e-06
aforemen,5.078726748076135e-06
egor,4.970668732159622e-06
timesav,4.970668732159622e-06
cabil,4.970668732159622e-06
abut,4.970668732159622e-06
nistic,4.970668732159622e-06
genier,4.970668732159622e-06
abovedescrib,4.970668732159622e-06
insen,4.970668732159622e-06
sixtieth,4.970668732159622e-06
inor,4.970668732159622e-06
inicreas,4.970668732159622e-06
quintessenti,4.970668732159622e-06
fier,4.970668732159622e-06
jiirgen,4.970668732159622e-06
sang,4.970668732159622e-06
goran,4.970668732159622e-06
initio,4.970668732159622e-06
kun,4.970668732159622e-06
isg,4.970668732159622e-06
isit,4.970668732159622e-06
grail,4.970668732159622e-06
clhang,4.970668732159622e-06
functionth,4.970668732159622e-06
bino,4.862610716243108e-06
standardiza,4.862610716243108e-06
iill,4.862610716243108e-06
topher,4.862610716243108e-06
sami,4.862610716243108e-06
harpercollin,4.862610716243108e-06
vigo,4.862610716243108e-06
nonphys,4.862610716243108e-06
insu,4.862610716243108e-06
giroux,4.862610716243108e-06
sient,4.862610716243108e-06
inadv,4.862610716243108e-06
rean,4.862610716243108e-06
economl,4.862610716243108e-06
pion,4.862610716243108e-06
fastestgrow,4.862610716243108e-06
andb,4.862610716243108e-06
discriminat,4.862610716243108e-06
tobi,4.862610716243108e-06
unwar,4.862610716243108e-06
freak,4.862610716243108e-06
teori,4.862610716243108e-06
problenm,4.862610716243108e-06
frederik,4.754552700326595e-06
misal,4.754552700326595e-06
regulari,4.754552700326595e-06
paradigmat,4.754552700326595e-06
terregion,4.754552700326595e-06
pail,4.754552700326595e-06
abdul,4.754552700326595e-06
craw,4.754552700326595e-06
capabili,4.754552700326595e-06
cessiti,4.754552700326595e-06
moderates,4.754552700326595e-06
harvardedu,4.754552700326595e-06
repetiti,4.754552700326595e-06
foresman,4.754552700326595e-06
ageabl,4.754552700326595e-06
roneous,4.754552700326595e-06
denmand,4.754552700326595e-06
zoe,4.754552700326595e-06
gredient,4.754552700326595e-06
nonavail,4.754552700326595e-06
allor,4.754552700326595e-06
econoin,4.754552700326595e-06
studv,4.754552700326595e-06
lucien,4.754552700326595e-06
overinterpret,4.754552700326595e-06
jac,4.754552700326595e-06
aspen,4.754552700326595e-06
possibi,4.754552700326595e-06
lear,4.754552700326595e-06
onon,4.754552700326595e-06
pice,4.754552700326595e-06
vatur,4.646494684410081e-06
scandi,4.646494684410081e-06
ccf,4.646494684410081e-06
anec,4.646494684410081e-06
icontinu,4.646494684410081e-06
cuf,4.646494684410081e-06
informn,4.646494684410081e-06
uscript,4.646494684410081e-06
tov,4.646494684410081e-06
joural,4.646494684410081e-06
dorf,4.646494684410081e-06
iant,4.646494684410081e-06
undet,4.646494684410081e-06
analysisa,4.646494684410081e-06
ramat,4.646494684410081e-06
lasall,4.646494684410081e-06
economnica,4.646494684410081e-06
abovecit,4.646494684410081e-06
feasibil,4.646494684410081e-06
cxviii,4.646494684410081e-06
jic,4.646494684410081e-06
nior,4.646494684410081e-06
siepr,4.646494684410081e-06
phic,4.646494684410081e-06
higherproduct,4.646494684410081e-06
californiairvin,4.646494684410081e-06
scaledup,4.646494684410081e-06
governmentimpos,4.646494684410081e-06
ucsb,4.646494684410081e-06
gabriella,4.538436668493568e-06
mior,4.538436668493568e-06
modelin,4.538436668493568e-06
sidebysid,4.538436668493568e-06
thomp,4.538436668493568e-06
similari,4.538436668493568e-06
gareth,4.538436668493568e-06
aspi,4.538436668493568e-06
allpurpos,4.538436668493568e-06
productiona,4.538436668493568e-06
substituta,4.538436668493568e-06
witz,4.538436668493568e-06
exem,4.538436668493568e-06
simoni,4.538436668493568e-06
trickier,4.538436668493568e-06
analysisth,4.538436668493568e-06
laurier,4.538436668493568e-06
tionth,4.538436668493568e-06
shel,4.538436668493568e-06
vist,4.538436668493568e-06
itth,4.538436668493568e-06
suspi,4.538436668493568e-06
dichot,4.430378652577054e-06
supposi,4.430378652577054e-06
thal,4.430378652577054e-06
confiden,4.430378652577054e-06
withl,4.430378652577054e-06
restudrd,4.430378652577054e-06
noti,4.430378652577054e-06
cernibl,4.430378652577054e-06
ibli,4.430378652577054e-06
periph,4.430378652577054e-06
timein,4.430378652577054e-06
subsidiza,4.430378652577054e-06
tegi,4.430378652577054e-06
misint,4.430378652577054e-06
oftencit,4.430378652577054e-06
inconsisten,4.430378652577054e-06
qqqq,4.430378652577054e-06
crg,4.430378652577054e-06
comi,4.430378652577054e-06
lessthanperfect,4.430378652577054e-06
arcan,4.430378652577054e-06
lowerthanaverag,4.322320636660541e-06
iest,4.322320636660541e-06
tlheori,4.322320636660541e-06
sanm,4.322320636660541e-06
preex,4.322320636660541e-06
millman,4.322320636660541e-06
scandina,4.322320636660541e-06
loyola,4.322320636660541e-06
australasian,4.322320636660541e-06
valuesa,4.322320636660541e-06
indispen,4.322320636660541e-06
sche,4.322320636660541e-06
wellstudi,4.322320636660541e-06
distributioni,4.322320636660541e-06
wilfrid,4.322320636660541e-06
cere,4.322320636660541e-06
untarili,4.322320636660541e-06
restudrdu,4.322320636660541e-06
ficanc,4.322320636660541e-06
nonexi,4.322320636660541e-06
refram,4.322320636660541e-06
emphasiz,4.214262620744027e-06
desirabil,4.214262620744027e-06
earhart,4.214262620744027e-06
hthe,4.214262620744027e-06
anticipat,4.214262620744027e-06
vulnera,4.214262620744027e-06
jaw,4.214262620744027e-06
lini,4.214262620744027e-06
terdam,4.214262620744027e-06
andin,4.214262620744027e-06
tracta,4.214262620744027e-06
nunmber,4.214262620744027e-06
informationth,4.214262620744027e-06
numnber,4.214262620744027e-06
resultsth,4.214262620744027e-06
iliti,4.214262620744027e-06
americani,4.214262620744027e-06
gurion,4.214262620744027e-06
dili,4.214262620744027e-06
acknow,4.214262620744027e-06
wvhere,4.106204604827514e-06
wouild,4.106204604827514e-06
kre,4.106204604827514e-06
expli,4.106204604827514e-06
astic,4.106204604827514e-06
arec,4.106204604827514e-06
unremark,4.106204604827514e-06
witn,4.106204604827514e-06
presup,4.106204604827514e-06
uarter,4.106204604827514e-06
ancd,4.106204604827514e-06
maxd,4.106204604827514e-06
emnment,4.106204604827514e-06
dural,4.106204604827514e-06
trhe,4.106204604827514e-06
cxxi,4.106204604827514e-06
andm,4.106204604827514e-06
andif,4.106204604827514e-06
restudrdv,4.106204604827514e-06
reconcilia,4.106204604827514e-06
icism,4.106204604827514e-06
compan,4.106204604827514e-06
wlhen,4.106204604827514e-06
ooz,4.106204604827514e-06
giveni,3.998146588911e-06
atheneum,3.998146588911e-06
ofpolit,3.998146588911e-06
jthe,3.998146588911e-06
modelsth,3.998146588911e-06
wellarticul,3.998146588911e-06
groundless,3.998146588911e-06
messier,3.998146588911e-06
etcand,3.998146588911e-06
goodsth,3.998146588911e-06
chica,3.998146588911e-06
progressiv,3.998146588911e-06
synth,3.998146588911e-06
demanid,3.998146588911e-06
conditon,3.998146588911e-06
ifest,3.998146588911e-06
andw,3.998146588911e-06
ournal,3.998146588911e-06
fical,3.998146588911e-06
restudrdq,3.998146588911e-06
facilitat,3.998146588911e-06
infonn,3.998146588911e-06
valui,3.890088572994487e-06
ticehal,3.890088572994487e-06
paperthat,3.890088572994487e-06
thea,3.890088572994487e-06
neater,3.890088572994487e-06
illequip,3.890088572994487e-06
walland,3.890088572994487e-06
onom,3.890088572994487e-06
orgin,3.890088572994487e-06
anmerican,3.890088572994487e-06
thlat,3.890088572994487e-06
mnean,3.890088572994487e-06
isin,3.782030557077973e-06
realisti,3.782030557077973e-06
wellaccept,3.782030557077973e-06
betwen,3.782030557077973e-06
literatureth,3.782030557077973e-06
concentrat,3.782030557077973e-06
frorn,3.782030557077973e-06
invali,3.6739725411614594e-06
uabl,3.6739725411614594e-06
illuminat,3.565914525244946e-06
ujnivers,3.565914525244946e-06
